k,f,grad_norm,t_k,cpu_time,cpu_time_sum
0,0.0,32.048512665192554,1.0,0.015625,0.015625
1,-0.5798529366227371,31.56425030954025,1.0,0.140625,0.15625
2,-1.0182660742924,30.94840019783647,1.0,0.0,0.15625
3,-1.4940170936843131,30.60125458215985,1.0,0.015625,0.171875
4,-2.0214749003693653,29.949697595157087,1.0,0.015625,0.1875
5,-2.4243253452510927,29.60601786815535,1.0,0.09375,0.28125
6,-2.9459952063095494,28.949959693708916,1.0,0.015625,0.296875
7,-3.255242715338154,28.584519598849,1.0,0.015625,0.3125
8,-3.679271736885236,28.06093435421082,1.0,0.015625,0.328125
9,-4.021947127851504,27.543219463215532,1.0,0.0625,0.390625
10,-4.372605405432449,27.143894222784027,1.0,0.0,0.390625
11,-4.660704001208033,27.007492533079727,1.0,0.015625,0.40625
12,-4.959700124693678,26.645012844945757,1.0,0.015625,0.421875
13,-5.208765545603187,26.53000544215238,1.0,0.09375,0.515625
14,-5.550638916506394,26.060273092666193,1.0,0.0,0.515625
15,-5.98741153352617,25.37875561814927,1.0,0.015625,0.53125
16,-6.306256639713481,24.818630848840115,1.0,0.078125,0.609375
17,-6.633452881990509,24.42698260851771,1.0,0.03125,0.640625
18,-7.080388130177362,23.704872093945383,1.0,0.015625,0.65625
19,-7.326969123873717,23.43921398914868,1.0,0.015625,0.671875
20,-7.540458609628096,23.213695924892754,1.0,0.03125,0.703125
21,-7.793148043820066,22.79033224958289,1.0,0.03125,0.734375
22,-8.066801271027224,22.411662531206993,1.0,0.03125,0.765625
23,-8.406714458705476,21.8560686501081,1.0,0.015625,0.78125
24,-8.609552078466695,21.440584182369477,1.0,0.046875,0.828125
25,-8.850246392520546,21.18962535860593,1.0,0.015625,0.84375
26,-9.014062598449083,20.975158024725015,1.0,0.015625,0.859375
27,-9.254689927472771,20.67498844564624,1.0,0.015625,0.875
28,-9.50543798975592,20.357693322507007,1.0,0.015625,0.890625
29,-9.663717548140644,20.16597927907877,1.0,0.015625,0.90625
30,-9.876574108153987,20.07678050733967,1.0,0.078125,0.984375
31,-10.095997801224451,19.68761979822096,1.0,0.03125,1.015625
32,-10.290333757085621,19.375232142234427,1.0,0.015625,1.03125
33,-10.529168211495428,19.06083797340101,1.0,0.015625,1.046875
34,-10.651828366509033,18.8623977805988,1.0,0.140625,1.1875
35,-10.824404774744979,18.617900306382765,1.0,0.03125,1.21875
36,-10.951041778733222,18.364960920021808,1.0,0.015625,1.234375
37,-11.088934354625195,18.20303001519008,1.0,0.015625,1.25
38,-11.315903230903864,17.78301460891097,1.0,0.140625,1.390625
39,-11.514680098462827,17.252206227957668,1.0,0.015625,1.40625
40,-11.639332023278122,17.10100719687422,1.0,0.015625,1.421875
41,-11.780418167999752,16.849820426761667,1.0,0.015625,1.4375
42,-11.986208438523576,16.719561498043923,1.0,0.140625,1.578125
43,-12.178049710333356,16.411485216185525,1.0,0.015625,1.59375
44,-12.324208094017365,16.340894909461426,1.0,0.03125,1.625
45,-12.456257821222698,16.340556255873164,1.0,0.0625,1.6875
46,-12.608408363441075,16.209514437211137,1.0,0.0625,1.75
47,-12.731694835969163,16.08676894958847,1.0,0.015625,1.765625
48,-12.88428962424132,15.921298414160674,1.0,0.078125,1.84375
49,-13.069476465741275,15.740827301793905,1.0,0.109375,1.953125
50,-13.166196395535419,15.577974853797032,1.0,0.03125,1.984375
51,-13.265754980798036,15.421803962959496,1.0,0.03125,2.015625
52,-13.423883028762772,15.037840302180744,1.0,0.03125,2.046875
53,-13.546948571843156,14.853916051518587,1.0,0.03125,2.078125
54,-13.666036190646155,14.808467654076717,1.0,0.046875,2.125
55,-13.771793213126607,14.635396064688486,1.0,0.09375,2.21875
56,-13.839113031676018,14.602172695024986,1.0,0.015625,2.234375
57,-13.969180866954106,14.420939370632635,1.0,0.140625,2.375
58,-14.07812552812348,14.195525009751348,1.0,0.03125,2.40625
59,-14.20165832258023,14.13195253821989,1.0,0.015625,2.421875
60,-14.275931097301498,14.042629891758233,1.0,0.140625,2.5625
61,-14.36521978225359,13.902290487237718,1.0,0.0,2.5625
62,-14.488474494526066,13.826140365408783,1.0,0.09375,2.65625
63,-14.60198606815905,13.66386642257981,1.0,0.015625,2.671875
64,-14.718292486355564,13.455830533009753,1.0,0.140625,2.8125
65,-14.775525141664437,13.385577109665666,1.0,0.015625,2.828125
66,-14.856505776044369,13.306582103111436,1.0,0.125,2.953125
67,-14.932348761033575,13.073127833621891,1.0,0.03125,2.984375
68,-14.99197944795004,12.889934184789762,1.0,0.078125,3.0625
69,-15.09578687047941,12.764723236186567,1.0,0.015625,3.078125
70,-15.17674838438515,12.770598506292218,1.0,0.140625,3.21875
71,-15.280811460152666,12.521666038347778,1.0,0.015625,3.234375
72,-15.36435299629852,12.375046894676117,1.0,0.03125,3.265625
73,-15.422745111351931,12.352968933105085,1.0,0.015625,3.28125
74,-15.502648051603499,12.286230786571437,1.0,0.140625,3.421875
75,-15.59280574177207,12.173886080504264,1.0,0.015625,3.4375
76,-15.685183623276231,12.081370240049985,1.0,0.078125,3.515625
77,-15.764466568038516,12.033500581736577,1.0,0.0,3.515625
78,-15.844699164383275,11.88488299109662,1.0,0.015625,3.53125
79,-15.902041098129303,11.82469656737515,1.0,0.140625,3.671875
80,-15.984426115856678,11.660730731189435,1.0,0.0,3.671875
81,-16.072210715916484,11.57324165796749,1.0,0.015625,3.6875
82,-16.15130822777187,11.466532547561526,1.0,0.03125,3.71875
83,-16.20044957210132,11.356888067002608,1.0,0.015625,3.734375
84,-16.277952440341416,11.157538226916994,1.0,0.0625,3.796875
85,-16.342681799805774,11.112492927150356,1.0,0.0,3.796875
86,-16.401342454472143,11.07498829388246,1.0,0.015625,3.8125
87,-16.470852993134365,11.029554353270598,1.0,0.140625,3.953125
88,-16.563513567008194,10.842891562991639,1.0,0.0,3.953125
89,-16.62298591156924,10.712874926388382,1.0,0.015625,3.96875
90,-16.68221947465311,10.681176437095761,1.0,0.015625,3.984375
91,-16.751260986412916,10.477035759726782,1.0,0.046875,4.03125
92,-16.7966477698777,10.398623201884348,1.0,0.03125,4.0625
93,-16.841193112792446,10.259841835278527,1.0,0.015625,4.078125
94,-16.905648379277192,10.183938547923798,1.0,0.140625,4.21875
95,-16.961217306612568,10.079047162779046,1.0,0.0,4.21875
96,-17.001182794002034,10.035972807299162,1.0,0.015625,4.234375
97,-17.035012229607872,9.963542694382447,1.0,0.09375,4.328125
98,-17.07443530552707,9.967523026233737,1.0,0.015625,4.34375
99,-17.122323741078915,9.913693461064348,1.0,0.015625,4.359375
100,-17.164895236887766,9.843968816350475,1.0,0.03125,4.390625
101,-17.227220691395438,9.7619547595128,1.0,0.015625,4.40625
102,-17.27537521919072,9.708574024365946,1.0,0.03125,4.4375
103,-17.32852688988048,9.528215517440396,1.0,0.015625,4.453125
104,-17.375103729277015,9.4558927226672,1.0,0.078125,4.53125
105,-17.443081713192903,9.350373370594346,1.0,0.03125,4.5625
106,-17.470609258269413,9.278724070185678,1.0,0.015625,4.578125
107,-17.537164855111882,9.28467008361763,1.0,0.078125,4.65625
108,-17.592997578653943,9.274090038743894,1.0,0.015625,4.671875
109,-17.63463357465416,9.231601341850519,1.0,0.109375,4.78125
110,-17.670520840718353,9.136981364456807,1.0,0.015625,4.796875
111,-17.705302255937724,9.147351990500125,1.0,0.015625,4.8125
112,-17.741572129123462,9.080825061592089,1.0,0.03125,4.84375
113,-17.772329368475887,9.091187785745689,1.0,0.015625,4.859375
114,-17.814612546532576,9.014086677466638,1.0,0.015625,4.875
115,-17.846787823772665,8.977101163639189,1.0,0.0625,4.9375
116,-17.877457614808804,8.956524230978541,1.0,0.0,4.9375
117,-17.927164483523832,8.886187101877123,1.0,0.125,5.0625
118,-17.979607608650756,8.930321138158831,1.0,0.015625,5.078125
119,-18.013804891217205,8.814477460604321,1.0,0.140625,5.21875
120,-18.044906510349126,8.767003120657987,1.0,0.0,5.21875
121,-18.104112328113196,8.634570244658981,1.0,0.015625,5.234375
122,-18.14467807912149,8.675758335586785,1.0,0.015625,5.25
123,-18.185122681155555,8.630989089314749,1.0,0.140625,5.390625
124,-18.212357047356996,8.619191187671621,1.0,0.046875,5.4375
125,-18.264605016897242,8.581821569066348,1.0,0.015625,5.453125
126,-18.293906478542425,8.553069324672753,1.0,0.140625,5.59375
127,-18.328001365873483,8.509183618376886,1.0,0.015625,5.609375
128,-18.366012310548797,8.473340854231417,1.0,0.015625,5.625
129,-18.396687861500048,8.387855759737175,1.0,0.015625,5.640625
130,-18.425931065347577,8.404881237921215,1.0,0.0625,5.703125
131,-18.46310119281833,8.424667730160726,1.0,0.015625,5.71875
132,-18.489894511740772,8.319898207120604,1.0,0.078125,5.796875
133,-18.518199591206027,8.319949904543586,1.0,0.015625,5.8125
134,-18.549759570690036,8.321338805546842,1.0,0.140625,5.953125
135,-18.579811829986774,8.297384108543142,1.0,0.0,5.953125
136,-18.61669285214745,8.234626290364963,1.0,0.015625,5.96875
137,-18.64683049848996,8.176798826555789,1.0,0.015625,5.984375
138,-18.67240253657338,8.177842728735502,1.0,0.03125,6.015625
139,-18.71849313103568,8.084688118132952,1.0,0.0,6.015625
140,-18.76093199975827,8.088838311666322,1.0,0.015625,6.03125
141,-18.796887336438708,8.057146118699759,1.0,0.03125,6.0625
142,-18.842254694578585,7.990450278307997,1.0,0.015625,6.078125
143,-18.866752734610117,7.942247266913328,1.0,0.015625,6.09375
144,-18.8951079471123,7.896389468870666,1.0,0.140625,6.234375
145,-18.92355530212553,7.876666930503274,1.0,0.015625,6.25
146,-18.96442219484348,7.8124538434096396,1.0,0.015625,6.265625
147,-18.980452925031315,7.790605908722224,1.0,0.015625,6.28125
148,-19.001008934709372,7.712683233924734,1.0,0.140625,6.421875
149,-19.032453050883525,7.63286127811416,1.0,0.015625,6.4375
150,-19.05935922730812,7.573015980613545,1.0,0.015625,6.453125
151,-19.0908881700269,7.5330505301504385,1.0,0.015625,6.46875
152,-19.12306828073975,7.460081653528654,1.0,0.140625,6.609375
153,-19.151279813528575,7.37120958572605,1.0,0.015625,6.625
154,-19.173266861146715,7.308943877509509,1.0,0.015625,6.640625
155,-19.205589880364954,7.294780552080507,1.0,0.015625,6.65625
156,-19.228529846437283,7.275301733634894,1.0,0.140625,6.796875
157,-19.26135571354513,7.2416062875352365,1.0,0.015625,6.8125
158,-19.28776983784729,7.188605932961019,1.0,0.015625,6.828125
159,-19.307636681562713,7.1548912466254135,1.0,0.015625,6.84375
160,-19.330440532078804,7.10057030562683,1.0,0.03125,6.875
161,-19.35820809671835,7.0745543047998956,1.0,0.015625,6.890625
162,-19.38214881926794,7.107097897489062,1.0,0.015625,6.90625
163,-19.405780294127176,7.097617471520072,1.0,0.0625,6.96875
164,-19.443316509432854,7.029326781831215,1.0,0.015625,6.984375
165,-19.470383424270484,7.006253431949647,1.0,0.015625,7.0
166,-19.497387766563524,6.879360084062637,1.0,0.078125,7.078125
167,-19.518380511871378,6.850228118162917,1.0,0.015625,7.09375
168,-19.54377873293963,6.844655246502967,1.0,0.015625,7.109375
169,-19.57353704680451,6.799934103851117,1.0,0.015625,7.125
170,-19.59781285643853,6.701483882543709,1.0,0.125,7.25
171,-19.621041437303397,6.65356275237739,1.0,0.015625,7.265625
172,-19.645878236219367,6.6339881820377,1.0,0.015625,7.28125
173,-19.66304180537596,6.619271835564253,1.0,0.0625,7.34375
174,-19.679058655365633,6.629595029265757,1.0,0.0,7.34375
175,-19.707676261058914,6.6333245929089575,1.0,0.015625,7.359375
176,-19.734460351893944,6.523623863214157,1.0,0.015625,7.375
177,-19.764588998478434,6.508521640769837,1.0,0.046875,7.421875
178,-19.79367985683977,6.4757273996564955,1.0,0.015625,7.4375
179,-19.81299050886887,6.4916616634753606,1.0,0.015625,7.453125
180,-19.836748320979012,6.501431492479852,1.0,0.078125,7.53125
181,-19.858054504104288,6.552557059185363,1.0,0.0,7.53125
182,-19.878058154703133,6.517466202032844,1.0,0.015625,7.546875
183,-19.893515917332525,6.472031070804424,1.0,0.015625,7.5625
184,-19.914774002535367,6.433455437504627,1.0,0.03125,7.59375
185,-19.932065792091606,6.3555587682348005,1.0,0.015625,7.609375
186,-19.950663857820224,6.367009272221027,1.0,0.015625,7.625
187,-19.967436479302105,6.373575997416641,1.0,0.015625,7.640625
188,-19.986685014629884,6.400286379055367,1.0,0.015625,7.65625
189,-20.01185347121222,6.369930361962846,1.0,0.015625,7.671875
190,-20.031349665994636,6.329983402147355,1.0,0.015625,7.6875
191,-20.05867038928112,6.3077938929382675,1.0,0.125,7.8125
192,-20.077628473118004,6.266768589815783,1.0,0.0,7.8125
193,-20.10213286564833,6.2588907464691115,1.0,0.015625,7.828125
194,-20.128641249019083,6.265118284678503,1.0,0.015625,7.84375
195,-20.149646652572883,6.179309663567243,1.0,0.0625,7.90625
196,-20.165650227791502,6.139037729216414,1.0,0.015625,7.921875
197,-20.1878528014149,6.122406583220431,1.0,0.015625,7.9375
198,-20.206195503361062,6.143205030805296,1.0,0.03125,7.96875
199,-20.23056055352682,6.069928101767739,1.0,0.0,7.96875
200,-20.247007532018245,6.037164491021209,1.0,0.015625,7.984375
201,-20.26256952325926,5.937644749757051,1.0,0.125,8.109375
202,-20.279855687011967,5.919956662181234,1.0,0.03125,8.140625
203,-20.292674501469442,5.940180138487764,1.0,0.015625,8.15625
204,-20.31204547695836,5.8693551437019,1.0,0.140625,8.296875
205,-20.32783376903759,5.891118140804419,1.0,0.015625,8.3125
206,-20.346673474752453,5.8974026078823245,1.0,0.015625,8.328125
207,-20.362278695182344,5.880395915230792,1.0,0.015625,8.34375
208,-20.375458732285033,5.893780311768864,1.0,0.03125,8.375
209,-20.39339221126608,5.869099082911678,1.0,0.0,8.375
210,-20.406896667354523,5.836049391228907,1.0,0.015625,8.390625
211,-20.421159510806184,5.854984582119504,1.0,0.015625,8.40625
212,-20.4342551171724,5.824206768589863,1.0,0.0625,8.46875
213,-20.45016458297058,5.818394757733811,1.0,0.0,8.46875
214,-20.468403289819545,5.846943236452623,1.0,0.015625,8.484375
215,-20.485014060779676,5.805896627186672,1.0,0.125,8.609375
216,-20.50504619850892,5.751620319819244,1.0,0.015625,8.625
217,-20.524128659588712,5.691725407925939,1.0,0.015625,8.640625
218,-20.545456723536113,5.665561690317789,1.0,0.015625,8.65625
219,-20.56350664795434,5.669651640800847,1.0,0.03125,8.6875
220,-20.58181884448048,5.6205296478184765,1.0,0.015625,8.703125
221,-20.601576713657266,5.583600422726823,1.0,0.015625,8.71875
222,-20.61524265903619,5.574866807802193,1.0,0.046875,8.765625
223,-20.63696647534575,5.595892307695052,1.0,0.015625,8.78125
224,-20.654246320267784,5.619503174917428,1.0,0.015625,8.796875
225,-20.67392687892407,5.542600198108916,1.0,0.015625,8.8125
226,-20.684941278524903,5.53682949542867,1.0,0.015625,8.828125
227,-20.697639837433705,5.516001927219054,1.0,0.015625,8.84375
228,-20.71412636095665,5.5919200104216875,1.0,0.015625,8.859375
229,-20.728819646967825,5.569797425751893,1.0,0.03125,8.890625
230,-20.746335540259913,5.515350750084746,1.0,0.015625,8.90625
231,-20.765859457164503,5.497396965454577,1.0,0.015625,8.921875
232,-20.78309284104032,5.479776806255926,1.0,0.140625,9.0625
233,-20.796622234849686,5.506901027524301,1.0,0.0,9.0625
234,-20.811510520096896,5.518504631324449,1.0,0.015625,9.078125
235,-20.828416742912093,5.523084323961177,1.0,0.015625,9.09375
236,-20.839286513728148,5.530149921415152,1.0,0.015625,9.109375
237,-20.85378719919831,5.527723029235505,1.0,0.015625,9.125
238,-20.873882896668942,5.484126156715763,1.0,0.015625,9.140625
239,-20.89290556966869,5.498116777025456,1.0,0.046875,9.1875
240,-20.90808854087459,5.440133799249136,1.0,0.015625,9.203125
241,-20.921791102036916,5.433729149786052,1.0,0.015625,9.21875
242,-20.93909704187006,5.374212275961555,1.0,0.140625,9.359375
243,-20.95067898938897,5.387211252872787,1.0,0.03125,9.390625
244,-20.964178880054135,5.406376903281568,1.0,0.015625,9.40625
245,-20.97955194110582,5.383432837680438,1.0,0.125,9.53125
246,-20.996531312396296,5.367388130954994,1.0,0.015625,9.546875
247,-21.009913106029316,5.35078183882743,1.0,0.015625,9.5625
248,-21.02253701754597,5.376491930789196,1.0,0.125,9.6875
249,-21.034996465423795,5.40864173523543,1.0,0.015625,9.703125
250,-21.049292435018486,5.337061176965837,1.0,0.015625,9.71875
251,-21.061105430004602,5.301405218153874,1.0,0.03125,9.75
252,-21.07487006806176,5.2853375163751295,1.0,0.015625,9.765625
253,-21.087550097699687,5.302418067216518,1.0,0.015625,9.78125
254,-21.100556171761532,5.245486320928198,1.0,0.046875,9.828125
255,-21.108684461476848,5.247213245903115,1.0,0.015625,9.84375
256,-21.126751471307585,5.167383535451138,1.0,0.015625,9.859375
257,-21.139372289974702,5.128989804173738,1.0,0.03125,9.890625
258,-21.154243003020902,5.083189230421903,1.0,0.03125,9.921875
259,-21.1669834830691,5.052305372285177,1.0,0.015625,9.9375
260,-21.18092876761366,5.036397393065817,1.0,0.0,9.9375
261,-21.199682400834405,5.014983479043411,1.0,0.125,10.0625
262,-21.214341771024984,4.984118701867191,1.0,0.015625,10.078125
263,-21.228794674150766,4.964631202644337,1.0,0.015625,10.09375
264,-21.240628496414036,4.9315230173855875,1.0,0.03125,10.125
265,-21.253028390168204,4.9106148986101195,1.0,0.015625,10.140625
266,-21.26813380191853,4.872652097797691,1.0,0.015625,10.15625
267,-21.279190236284265,4.878136013715786,1.0,0.0625,10.21875
268,-21.292627649384336,4.87142678652979,1.0,0.015625,10.234375
269,-21.30412766394239,4.819582682943974,1.0,0.015625,10.25
270,-21.317258645716908,4.8602832671120195,1.0,0.078125,10.328125
271,-21.330275985187004,4.881674651795328,1.0,0.0,10.328125
272,-21.341452835677703,4.898112392262599,1.0,0.015625,10.34375
273,-21.351081237459425,4.8996672804174795,1.0,0.015625,10.359375
274,-21.359592643378978,4.874579701380962,1.0,0.03125,10.390625
275,-21.375306568304715,4.856869437089219,1.0,0.015625,10.40625
276,-21.3907449433916,4.85959001192438,1.0,0.015625,10.421875
277,-21.401530525561768,4.829836485007577,1.0,0.109375,10.53125
278,-21.414063428831096,4.804001887219054,1.0,0.0,10.53125
279,-21.424451327502258,4.7377609949781405,1.0,0.015625,10.546875
280,-21.43570869463804,4.761355266721814,1.0,0.140625,10.6875
281,-21.44295078876603,4.759806448507708,1.0,0.015625,10.703125
282,-21.454762476442543,4.728262681638289,1.0,0.015625,10.71875
283,-21.467080285340245,4.692419216944181,1.0,0.015625,10.734375
284,-21.480552137932467,4.692137641121829,1.0,0.140625,10.875
285,-21.49224504083733,4.65578418657925,1.0,0.0,10.875
286,-21.5009120850816,4.657641259896334,1.0,0.015625,10.890625
287,-21.50898685913024,4.625196911577736,1.0,0.046875,10.9375
288,-21.518285500833482,4.620833760090569,1.0,0.0,10.9375
289,-21.52799162357144,4.630019000723784,1.0,0.015625,10.953125
290,-21.53805179550442,4.570122034984269,1.0,0.015625,10.96875
291,-21.547440972380926,4.572169170198431,1.0,0.109375,11.078125
292,-21.55774999910225,4.542206012347951,1.0,0.015625,11.09375
293,-21.565358036877647,4.526062059097957,1.0,0.015625,11.109375
294,-21.57682856813496,4.553300938284357,1.0,0.046875,11.15625
295,-21.58352329217547,4.540204777447878,1.0,0.0,11.15625
296,-21.596454402816207,4.509838278436057,1.0,0.015625,11.171875
297,-21.60637145186328,4.525477038463683,1.0,0.046875,11.21875
298,-21.619975181976294,4.513869012387806,1.0,0.015625,11.234375
299,-21.630023603483995,4.524836952382949,1.0,0.03125,11.265625
300,-21.642984764816966,4.517326037141824,1.0,0.015625,11.28125
301,-21.650391887862142,4.529154096365808,1.0,0.015625,11.296875
302,-21.661358192434943,4.527217874406823,1.0,0.078125,11.375
303,-21.668891734905035,4.508946534726431,1.0,0.015625,11.390625
304,-21.67552385245371,4.481726517312215,1.0,0.015625,11.40625
305,-21.683913378504265,4.462070763072965,1.0,0.015625,11.421875
306,-21.696175075597914,4.449951139326456,1.0,0.140625,11.5625
307,-21.706023196881095,4.432276614799983,1.0,0.0,11.5625
308,-21.719203806713526,4.424354351101632,1.0,0.015625,11.578125
309,-21.72532899303521,4.424080127386738,1.0,0.046875,11.625
310,-21.735693249551062,4.396985736850126,1.0,0.03125,11.65625
311,-21.746183537705917,4.366455457318215,1.0,0.015625,11.671875
312,-21.757143753534216,4.400521215487308,1.0,0.0625,11.734375
313,-21.7648083349294,4.394153703242955,1.0,0.015625,11.75
314,-21.77290820983482,4.406802490166244,1.0,0.03125,11.78125
315,-21.784808492588823,4.338919250275576,1.0,0.015625,11.796875
316,-21.794068619021274,4.301940060470415,1.0,0.046875,11.84375
317,-21.804196165895092,4.304499776405321,1.0,0.015625,11.859375
318,-21.814059273648553,4.291739924834343,1.0,0.109375,11.96875
319,-21.822639047192272,4.289453188534448,1.0,0.015625,11.984375
320,-21.83048658258153,4.265203380636869,1.0,0.046875,12.03125
321,-21.841820200671652,4.2755862341096975,1.0,0.015625,12.046875
322,-21.85077305303033,4.307395171744887,1.0,0.046875,12.09375
323,-21.858730118327223,4.279785172666847,1.0,0.109375,12.203125
324,-21.868781729665926,4.2530679221088015,1.0,0.015625,12.21875
325,-21.87810362525132,4.259277177566355,1.0,0.0,12.21875
326,-21.886903948937427,4.25108492261713,1.0,0.015625,12.234375
327,-21.89619556163737,4.250573289027769,1.0,0.140625,12.375
328,-21.9031527939981,4.2134538926887135,1.0,0.03125,12.40625
329,-21.911125010165726,4.20696387793798,1.0,0.015625,12.421875
330,-21.918540439084584,4.193177477941305,1.0,0.015625,12.4375
331,-21.9262110466605,4.191027895374534,1.0,0.046875,12.484375
332,-21.936328153871006,4.165097128810269,1.0,0.015625,12.5
333,-21.943439636852993,4.191026665086167,1.0,0.015625,12.515625
334,-21.952550807426235,4.170675599918314,1.0,0.015625,12.53125
335,-21.961719458181364,4.1540833118582565,1.0,0.140625,12.671875
336,-21.973764307580876,4.1610363790762515,1.0,0.0,12.671875
337,-21.980111303944142,4.157328636414922,1.0,0.015625,12.6875
338,-21.987813027961394,4.128673529134949,1.0,0.015625,12.703125
339,-21.995713844104344,4.1184541589942985,1.0,0.0625,12.765625
340,-22.006339684438437,4.141557345461993,1.0,0.015625,12.78125
341,-22.014537085969582,4.159200297708888,1.0,0.015625,12.796875
342,-22.026782973093795,4.172999597682094,1.0,0.015625,12.8125
343,-22.035038314516072,4.167994351349726,1.0,0.03125,12.84375
344,-22.045564838000903,4.121194933030055,1.0,0.015625,12.859375
345,-22.05092948813656,4.110675533764584,1.0,0.015625,12.875
346,-22.057417763981686,4.08153395364952,1.0,0.140625,13.015625
347,-22.066825340750196,4.076699835788633,1.0,0.015625,13.03125
348,-22.07788243683877,4.0424087919622105,1.0,0.015625,13.046875
349,-22.086184619341847,4.044078708429876,1.0,0.09375,13.140625
350,-22.09638765884323,4.024973931181208,1.0,0.015625,13.15625
351,-22.104299221188274,3.98981116689429,1.0,0.03125,13.1875
352,-22.109385893226374,3.9923501324104618,1.0,0.015625,13.203125
353,-22.1138634357941,3.9826564061942458,1.0,0.015625,13.21875
354,-22.12071451399487,3.9303878113132336,1.0,0.125,13.34375
355,-22.127218357833033,3.904462078811971,1.0,0.015625,13.359375
356,-22.137189507830303,3.8930425306603214,1.0,0.015625,13.375
357,-22.146402839751737,3.9145094195712944,1.0,0.140625,13.515625
358,-22.155663555591158,3.9200157943749283,1.0,0.0,13.515625
359,-22.163715165151192,3.8899283652144816,1.0,0.015625,13.53125
360,-22.172638445671,3.904135908989216,1.0,0.015625,13.546875
361,-22.181348224622287,3.9027975105708737,1.0,0.0625,13.609375
362,-22.18782229971506,3.8982718086882695,1.0,0.015625,13.625
363,-22.194132676726674,3.8837474888822574,1.0,0.140625,13.765625
364,-22.20183108944563,3.9044674563653254,1.0,0.015625,13.78125
365,-22.211667885609508,3.9156067476540137,1.0,0.015625,13.796875
366,-22.21764107045113,3.9369443794133803,1.0,0.125,13.921875
367,-22.22450076473758,3.903792577514102,1.0,0.03125,13.953125
368,-22.2331678359581,3.8946705480797323,1.0,0.015625,13.96875
369,-22.24062315608092,3.8714138556740187,1.0,0.015625,13.984375
370,-22.249340839364628,3.8679808509796803,1.0,0.140625,14.125
371,-22.258806982842614,3.8095750652102556,1.0,0.015625,14.140625
372,-22.263738097340713,3.787918586225851,1.0,0.015625,14.15625
373,-22.269990203780644,3.7753810695527106,1.0,0.140625,14.296875
374,-22.27595969246729,3.754614004480068,1.0,0.015625,14.3125
375,-22.28409124276848,3.7485034181056127,1.0,0.015625,14.328125
376,-22.289733339278367,3.718030040311718,1.0,0.015625,14.34375
377,-22.299697392018835,3.708173949928223,1.0,0.0625,14.40625
378,-22.3051598632197,3.689002332493164,1.0,0.015625,14.421875
379,-22.312269867266888,3.6882925004510665,1.0,0.015625,14.4375
380,-22.318054239305262,3.679958937282747,1.0,0.109375,14.546875
381,-22.32949946363637,3.6975992824702866,1.0,0.015625,14.5625
382,-22.33590287431263,3.6977537221532426,1.0,0.015625,14.578125
383,-22.341703581562633,3.6827227849909483,1.0,0.140625,14.71875
384,-22.347135608386992,3.6667736471289545,1.0,0.03125,14.75
385,-22.35458537430187,3.691019149029515,1.0,0.015625,14.765625
386,-22.3652298245703,3.687042747285594,1.0,0.015625,14.78125
387,-22.373742978029103,3.6851502833885004,1.0,0.046875,14.828125
388,-22.380191706620476,3.690553620162641,1.0,0.015625,14.84375
389,-22.384599407982012,3.689933444805225,1.0,0.015625,14.859375
390,-22.39312710225161,3.6790821227309576,1.0,0.015625,14.875
391,-22.400199512683187,3.6404960595915226,1.0,0.015625,14.890625
392,-22.405441351622855,3.6456256827762408,1.0,0.015625,14.90625
393,-22.413098174721668,3.6249663886203503,1.0,0.046875,14.953125
394,-22.419912270692294,3.6193129387882257,1.0,0.015625,14.96875
395,-22.42715114588939,3.614403586192005,1.0,0.015625,14.984375
396,-22.432663321046444,3.6187218681608155,1.0,0.0625,15.046875
397,-22.439337147946475,3.617961966546463,1.0,0.0,15.046875
398,-22.44692999521697,3.591914256606896,1.0,0.015625,15.0625
399,-22.45471513605973,3.5825045401374696,1.0,0.140625,15.203125
400,-22.459696633835353,3.577366854911661,1.0,0.0,15.203125
401,-22.465938973513317,3.545820844002964,1.0,0.015625,15.21875
402,-22.471567851461742,3.5422751194742883,1.0,0.015625,15.234375
403,-22.478428384396338,3.5541335261389846,1.0,0.078125,15.3125
404,-22.485554105852582,3.4782781657467354,1.0,0.015625,15.328125
405,-22.492511473813728,3.4947713889753564,1.0,0.125,15.453125
406,-22.496406539303926,3.481398743885426,1.0,0.015625,15.46875
407,-22.502865952008527,3.4593680110297433,1.0,0.140625,15.609375
408,-22.510088045721155,3.4532807378144845,1.0,0.015625,15.625
409,-22.514566997538253,3.471266946044653,1.0,0.046875,15.671875
410,-22.5200260949256,3.439137394793618,1.0,0.015625,15.6875
411,-22.526416372079765,3.4345982729853315,1.0,0.140625,15.828125
412,-22.5317707758712,3.4283248760875544,1.0,0.015625,15.84375
413,-22.5377505295091,3.395701352877903,1.0,0.015625,15.859375
414,-22.54366686307456,3.3918196879835283,1.0,0.140625,16.0
415,-22.548226146336194,3.3695955598693486,1.0,0.015625,16.015625
416,-22.555470499435632,3.334523456864691,1.0,0.109375,16.125
417,-22.561940967815136,3.3543570343491838,1.0,0.015625,16.140625
418,-22.568312590432093,3.3428101680607547,1.0,0.125,16.265625
419,-22.57423424859617,3.329522084474845,1.0,0.015625,16.28125
420,-22.580261897523457,3.29736248353418,1.0,0.140625,16.421875
421,-22.584824220685316,3.314418721070331,1.0,0.015625,16.4375
422,-22.590487204278848,3.2968801223833006,1.0,0.140625,16.578125
423,-22.59610432711821,3.2950378712097104,1.0,0.015625,16.59375
424,-22.600785231825956,3.287658117937147,1.0,0.015625,16.609375
425,-22.605936115350936,3.288056943025078,1.0,0.046875,16.65625
426,-22.610419605075332,3.290468491996734,1.0,0.015625,16.671875
427,-22.616228147713162,3.2695400767136897,1.0,0.015625,16.6875
428,-22.622957298952976,3.248338359457716,1.0,0.0625,16.75
429,-22.626331564158463,3.2578739336522466,1.0,0.015625,16.765625
430,-22.63106197075264,3.2697756015746147,1.0,0.015625,16.78125
431,-22.635572680143298,3.2505315342894967,1.0,0.015625,16.796875
432,-22.639439016714082,3.23690374763625,1.0,0.078125,16.875
433,-22.64515725504542,3.2700440946081746,1.0,0.015625,16.890625
434,-22.65120710239224,3.228113987412496,1.0,0.015625,16.90625
435,-22.657267963957516,3.2056933237727354,1.0,0.140625,17.046875
436,-22.66217036501151,3.2099250684388116,1.0,0.015625,17.0625
437,-22.668950979985848,3.177961322560973,1.0,0.015625,17.078125
438,-22.672889329335103,3.186420725143526,1.0,0.015625,17.09375
439,-22.676283431298465,3.193234658596905,1.0,0.046875,17.140625
440,-22.68294820326736,3.2017569369680485,1.0,0.015625,17.15625
441,-22.68871434832905,3.1826360200157806,1.0,0.015625,17.171875
442,-22.692670521383157,3.1949396818956215,1.0,0.140625,17.3125
443,-22.699073583884555,3.2246872849277715,1.0,0.015625,17.328125
444,-22.705111561397263,3.2261110905468806,1.0,0.015625,17.34375
445,-22.708909515215066,3.203375659413076,1.0,0.03125,17.375
446,-22.712918866648984,3.2138378218288737,1.0,0.015625,17.390625
447,-22.717805919866105,3.2016531104154446,1.0,0.140625,17.53125
448,-22.723037681053185,3.1849104595223503,1.0,0.0,17.53125
449,-22.72882126913024,3.1736161312246014,1.0,0.015625,17.546875
450,-22.734329660200522,3.16971147074882,1.0,0.140625,17.6875
451,-22.74071190204405,3.155181987561924,1.0,0.015625,17.703125
452,-22.746359323040554,3.153501946607837,1.0,0.015625,17.71875
453,-22.753342831967657,3.146787577310209,1.0,0.015625,17.734375
454,-22.757922887339095,3.14820937516847,1.0,0.046875,17.78125
455,-22.762463533473717,3.13820403941102,1.0,0.0,17.78125
456,-22.766756672284693,3.1442611183177855,1.0,0.015625,17.796875
457,-22.771935616744866,3.1537395910631147,1.0,0.125,17.921875
458,-22.777268744255014,3.1566019982142777,1.0,0.015625,17.9375
459,-22.78256278058923,3.1631855728154656,1.0,0.015625,17.953125
460,-22.788757649352675,3.17103643588754,1.0,0.015625,17.96875
461,-22.794614780385487,3.165788322089261,1.0,0.0625,18.03125
462,-22.802031065343826,3.144285236029646,1.0,0.015625,18.046875
463,-22.8061349266074,3.135729001612881,1.0,0.015625,18.0625
464,-22.810576932726,3.119757486991735,1.0,0.03125,18.09375
465,-22.81463147961173,3.121134385733788,1.0,0.015625,18.109375
466,-22.819738863123817,3.126557612334672,1.0,0.015625,18.125
467,-22.824824123114908,3.112677572011951,1.0,0.015625,18.140625
468,-22.82944242206434,3.0903666275422523,1.0,0.140625,18.28125
469,-22.83626872378003,3.065807374808065,1.0,0.015625,18.296875
470,-22.842420852257412,3.066581742358841,1.0,0.015625,18.3125
471,-22.84667591892821,3.0771403163598974,1.0,0.046875,18.359375
472,-22.851748562184202,3.0874498221357323,1.0,0.015625,18.375
473,-22.856568993824396,3.0863779717264332,1.0,0.015625,18.390625
474,-22.860562654512936,3.0718357932656444,1.0,0.140625,18.53125
475,-22.86829771718704,3.061132525686084,1.0,0.03125,18.5625
476,-22.872105817359184,3.055293507339206,1.0,0.015625,18.578125
477,-22.875735741596102,3.040958425445101,1.0,0.015625,18.59375
478,-22.881221282474975,3.019343869966084,1.0,0.0625,18.65625
479,-22.885711866729068,3.0322747557187366,1.0,0.015625,18.671875
480,-22.891728584742136,3.034808005344091,1.0,0.03125,18.703125
481,-22.895600549467705,3.02184318869167,1.0,0.015625,18.71875
482,-22.897829737034648,2.992455994236245,1.0,0.015625,18.734375
483,-22.90200895319442,2.9784906404244254,1.0,0.140625,18.875
484,-22.907662246823914,2.949878637192762,1.0,0.015625,18.890625
485,-22.91326721317176,2.942286303998805,1.0,0.015625,18.90625
486,-22.91585386064051,2.9406631736657243,1.0,0.015625,18.921875
487,-22.919650901730133,2.9417442679186774,1.0,0.015625,18.9375
488,-22.92595993958827,2.927392614061541,1.0,0.015625,18.953125
489,-22.930788975677256,2.9214471209097304,1.0,0.015625,18.96875
490,-22.935370458827666,2.936739771190319,1.0,0.015625,18.984375
491,-22.940592350174185,2.935538546951908,1.0,0.125,19.109375
492,-22.944769347761955,2.9416928984312367,1.0,0.015625,19.125
493,-22.949556778138916,2.919315697658941,1.0,0.015625,19.140625
494,-22.955306251862485,2.91892750530332,1.0,0.140625,19.28125
495,-22.960873077722507,2.9341977094825014,1.0,0.03125,19.3125
496,-22.96499387631556,2.927846483474676,1.0,0.015625,19.328125
497,-22.96896960601594,2.9096422739348506,1.0,0.015625,19.34375
498,-22.97274951465078,2.8839128318789795,1.0,0.015625,19.359375
499,-22.976450122653734,2.896585412073559,1.0,0.140625,19.5
500,-22.979214234544774,2.8808727532259266,1.0,0.015625,19.515625
501,-22.984440231827065,2.880425076987417,1.0,0.015625,19.53125
502,-22.989559571992682,2.901854913423271,1.0,0.046875,19.578125
503,-22.99482371957092,2.914989121176706,1.0,0.015625,19.59375
504,-23.0004099852605,2.915746174279076,1.0,0.015625,19.609375
505,-23.004060004146172,2.899476734464886,1.0,0.140625,19.75
506,-23.008546555026992,2.8993912353065268,1.0,0.015625,19.765625
507,-23.013346726687818,2.8779874488624286,1.0,0.015625,19.78125
508,-23.018091335280474,2.881568190120183,1.0,0.078125,19.859375
509,-23.021760997896266,2.864123288496248,1.0,0.015625,19.875
510,-23.025147309851544,2.843498803187584,1.0,0.015625,19.890625
511,-23.028276117270646,2.8276276570677523,1.0,0.015625,19.90625
512,-23.032022917254167,2.8183170701462643,1.0,0.171875,20.078125
513,-23.0372661396368,2.8341396963361785,1.0,0.03125,20.109375
514,-23.041573898575173,2.8018823430956967,1.0,0.015625,20.125
515,-23.04548493839074,2.8150563463523484,1.0,0.015625,20.140625
516,-23.051012857508464,2.7922358093992323,1.0,0.0625,20.203125
517,-23.05333474934858,2.794488750405844,1.0,0.03125,20.234375
518,-23.057006770250347,2.7743147589265127,1.0,0.015625,20.25
519,-23.061908087899862,2.7894833105331194,1.0,0.078125,20.328125
520,-23.065761054355455,2.7900925329213875,1.0,0.015625,20.34375
521,-23.0709504778815,2.771002480130113,1.0,0.015625,20.359375
522,-23.07422148190678,2.7619474697170308,1.0,0.125,20.484375
523,-23.077055146994844,2.747853077507123,1.0,0.015625,20.5
524,-23.079537162163412,2.7425450122799853,1.0,0.109375,20.609375
525,-23.083182631043147,2.7397411720607474,1.0,0.015625,20.625
526,-23.087570782128008,2.730556890024011,1.0,0.09375,20.71875
527,-23.0914644174026,2.7124569085671206,1.0,0.015625,20.734375
528,-23.095429479219355,2.7020262425518586,1.0,0.015625,20.75
529,-23.099059559117382,2.6786076972272985,1.0,0.015625,20.765625
530,-23.102288580665274,2.674990863683936,1.0,0.140625,20.90625
531,-23.10544650969943,2.661660381177903,1.0,0.0,20.90625
532,-23.109069019637378,2.682860851032423,1.0,0.015625,20.921875
533,-23.113340356799537,2.6983573813724866,1.0,0.0625,20.984375
534,-23.117707267095675,2.7080109933191183,1.0,0.015625,21.0
535,-23.12234264114032,2.733256371528437,1.0,0.03125,21.03125
536,-23.126353408431928,2.7324689945931997,1.0,0.015625,21.046875
537,-23.13119747437802,2.7273453907709313,1.0,0.015625,21.0625
538,-23.135649677098836,2.6919032608351134,1.0,0.03125,21.09375
539,-23.139894223899223,2.6481724835178846,1.0,0.015625,21.109375
540,-23.143371263309717,2.635394352353236,1.0,0.015625,21.125
541,-23.147056319973906,2.651266377390957,1.0,0.03125,21.15625
542,-23.150269334972048,2.6450044361008502,1.0,0.015625,21.171875
543,-23.155211613003456,2.612855071535841,1.0,0.09375,21.265625
544,-23.158569367942036,2.6276166146986477,1.0,0.015625,21.28125
545,-23.16191993669381,2.61619750955399,1.0,0.015625,21.296875
546,-23.165552309687143,2.6000305492367786,1.0,0.046875,21.34375
547,-23.16971706518489,2.6066262252676773,1.0,0.015625,21.359375
548,-23.173880098023737,2.583761105903644,1.0,0.015625,21.375
549,-23.177530242470812,2.55157878484205,1.0,0.03125,21.40625
550,-23.18139157516725,2.556689449274013,1.0,0.015625,21.421875
551,-23.184666795767566,2.5690964723235656,1.0,0.015625,21.4375
552,-23.188657987615112,2.5955853076095154,1.0,0.078125,21.515625
553,-23.191338411530637,2.601404083658107,1.0,0.015625,21.53125
554,-23.193520466992105,2.6046842417527336,1.0,0.015625,21.546875
555,-23.196607288260108,2.5928764295502797,1.0,0.125,21.671875
556,-23.200384600966526,2.581484543037954,1.0,0.015625,21.6875
557,-23.203620715197996,2.593701375334333,1.0,0.078125,21.765625
558,-23.20766321979401,2.6126566653902845,1.0,0.015625,21.78125
559,-23.210673178085237,2.5951685173237506,1.0,0.015625,21.796875
560,-23.213720377558083,2.599681112822106,1.0,0.03125,21.828125
561,-23.21651740820943,2.610180675577481,1.0,0.015625,21.84375
562,-23.22022274715331,2.5821562117559695,1.0,0.125,21.96875
563,-23.22451412374558,2.5808413149669254,1.0,0.015625,21.984375
564,-23.22852542735463,2.5654222618513467,1.0,0.125,22.109375
565,-23.232710853640654,2.568946480405798,1.0,0.015625,22.125
566,-23.236964774222045,2.5856200095314814,1.0,0.015625,22.140625
567,-23.240852256203553,2.593968926692738,1.0,0.03125,22.171875
568,-23.245055702058572,2.5730637352616843,1.0,0.015625,22.1875
569,-23.247510838679887,2.556054303510194,1.0,0.09375,22.28125
570,-23.250783826725606,2.534605677048632,1.0,0.015625,22.296875
571,-23.254409858857958,2.5193685484208124,1.0,0.125,22.421875
572,-23.25721007841033,2.5275054531769525,1.0,0.015625,22.4375
573,-23.25970949857675,2.533567323346869,1.0,0.03125,22.46875
574,-23.263771191536453,2.529898096394682,1.0,0.015625,22.484375
575,-23.26730483989835,2.5278221959878104,1.0,0.015625,22.5
576,-23.270464181304156,2.5112462900291854,1.0,0.125,22.625
577,-23.274483495095367,2.4819982168709465,1.0,0.015625,22.640625
578,-23.277567007331015,2.4587003833070615,1.0,0.046875,22.6875
579,-23.280367016697703,2.45279319416178,1.0,0.015625,22.703125
580,-23.283384148412736,2.436811471819764,1.0,0.125,22.828125
581,-23.286767993877174,2.4538774280062174,1.0,0.015625,22.84375
582,-23.290528249730638,2.4500416751504757,1.0,0.03125,22.875
583,-23.293174545664716,2.436549955782102,1.0,0.015625,22.890625
584,-23.29648721813486,2.4347024304083846,1.0,0.03125,22.921875
585,-23.299942060461177,2.411200457176077,1.0,0.015625,22.9375
586,-23.303958791146503,2.4265491329380637,1.0,0.03125,22.96875
587,-23.30702161770319,2.4108946812285943,1.0,0.015625,22.984375
588,-23.309829155816853,2.4351959032681196,1.0,0.03125,23.015625
589,-23.312836533863305,2.428473788309479,1.0,0.015625,23.03125
590,-23.31737638664601,2.4077646792677374,1.0,0.0625,23.09375
591,-23.320420560001864,2.4059905880783936,1.0,0.015625,23.109375
592,-23.324648981951484,2.4078806511421673,1.0,0.109375,23.21875
593,-23.32729262603332,2.4088450773982237,1.0,0.03125,23.25
594,-23.330514299443365,2.4144598438314473,1.0,0.015625,23.265625
595,-23.33375837947711,2.4317312237574886,1.0,0.125,23.390625
596,-23.335366164789093,2.4230642611248427,1.0,0.0,23.390625
597,-23.338187557498312,2.4098936627406062,1.0,0.015625,23.40625
598,-23.340697140638728,2.4105151352722594,1.0,0.046875,23.453125
599,-23.343220044227,2.3865688974902146,1.0,0.03125,23.484375
600,-23.347363004725757,2.372045075850106,1.0,0.015625,23.5
601,-23.350806771531133,2.35420452211314,1.0,0.03125,23.53125
602,-23.35418975645446,2.3639459533883675,1.0,0.015625,23.546875
603,-23.35688239956374,2.3692298915605527,1.0,0.125,23.671875
604,-23.35966928652438,2.3591122696395495,1.0,0.03125,23.703125
605,-23.361964865182625,2.3652215250086077,1.0,0.015625,23.71875
606,-23.364859408932748,2.337725766693929,1.0,0.078125,23.796875
607,-23.367391597781044,2.320965480698763,1.0,0.0,23.796875
608,-23.37019266763929,2.3054807121815144,1.0,0.015625,23.8125
609,-23.37278871258995,2.29786070368807,1.0,0.125,23.9375
610,-23.375530512699967,2.2923650721591673,1.0,0.015625,23.953125
611,-23.377646981604883,2.2725700567844482,1.0,0.015625,23.96875
612,-23.38038275302173,2.262982052933001,1.0,0.125,24.09375
613,-23.38342901339468,2.2427643488170865,1.0,0.015625,24.109375
614,-23.38651363564583,2.2153583645707036,1.0,0.015625,24.125
615,-23.388561736665373,2.231207691762936,1.0,0.015625,24.140625
616,-23.3908833848903,2.2421798553195327,1.0,0.078125,24.21875
617,-23.39344762622992,2.2624988042418597,1.0,0.015625,24.234375
618,-23.395168076677717,2.253387383894832,1.0,0.125,24.359375
619,-23.39785248751629,2.251707184548946,1.0,0.0,24.359375
620,-23.400599172048572,2.2535240130679512,1.0,0.015625,24.375
621,-23.40329152423274,2.254752040874785,1.0,0.125,24.5
622,-23.405749644622286,2.2404046848608896,1.0,0.0,24.5
623,-23.40857617651135,2.2162429357576143,1.0,0.015625,24.515625
624,-23.41217199632326,2.2192501221581167,1.0,0.125,24.640625
625,-23.414912233415418,2.234104655595254,1.0,0.125,24.765625
626,-23.41792659862465,2.2281575618842853,1.0,0.015625,24.78125
627,-23.421045809965754,2.2180413359184272,1.0,0.046875,24.828125
628,-23.423221150457557,2.201452519570114,1.0,0.0,24.828125
629,-23.42557703707854,2.2140158279481983,1.0,0.015625,24.84375
630,-23.42805706752545,2.220586177173831,1.0,0.015625,24.859375
631,-23.43055910574117,2.2054155750575397,1.0,0.015625,24.875
632,-23.43250836046797,2.21952037030399,1.0,0.015625,24.890625
633,-23.435621032158117,2.2290183912817807,1.0,0.109375,25.0
634,-23.43831834564409,2.2228260512435307,1.0,0.015625,25.015625
635,-23.441090655789257,2.205069468647716,1.0,0.015625,25.03125
636,-23.443515328880757,2.209338835909946,1.0,0.109375,25.140625
637,-23.446742372951814,2.1981531861910053,1.0,0.015625,25.15625
638,-23.44904076366834,2.2017038156863737,1.0,0.015625,25.171875
639,-23.451051656606282,2.1904752143910007,1.0,0.046875,25.21875
640,-23.453927573262234,2.1870036744004735,1.0,0.015625,25.234375
641,-23.45707562468391,2.1626481979918424,1.0,0.015625,25.25
642,-23.458993713420657,2.1560274543228486,1.0,0.125,25.375
643,-23.461177902827846,2.14601348657316,1.0,0.015625,25.390625
644,-23.463267761292983,2.137429922365679,1.0,0.015625,25.40625
645,-23.465321481089518,2.1221031780874378,1.0,0.125,25.53125
646,-23.46748449985193,2.126117223210331,1.0,0.015625,25.546875
647,-23.470120046568045,2.1308552079451903,1.0,0.015625,25.5625
648,-23.47248387114903,2.1460044491480144,1.0,0.0625,25.625
649,-23.474153675386102,2.139654922456041,1.0,0.015625,25.640625
650,-23.477468021383565,2.120401449898792,1.0,0.09375,25.734375
651,-23.480106537955766,2.109193728640219,1.0,0.015625,25.75
652,-23.481803113570685,2.0962124735718572,1.0,0.046875,25.796875
653,-23.483979206547914,2.083446749366141,1.0,0.0625,25.859375
654,-23.486744476493584,2.0806843751805526,1.0,0.015625,25.875
655,-23.488767738816172,2.0889955942952927,1.0,0.03125,25.90625
656,-23.49160534633288,2.0962824012783945,1.0,0.015625,25.921875
657,-23.494284565908686,2.1024770535895563,1.0,0.03125,25.953125
658,-23.496294243827208,2.086932487745981,1.0,0.125,26.078125
659,-23.498825519586195,2.1122863462496753,1.0,0.015625,26.09375
660,-23.501561988348776,2.12117233791323,1.0,0.125,26.21875
661,-23.504278040364518,2.138972506241599,1.0,0.015625,26.234375
662,-23.507216627495286,2.127875062868138,1.0,0.015625,26.25
663,-23.509667282247474,2.1285568073304497,1.0,0.125,26.375
664,-23.512273270090397,2.1040352797018547,1.0,0.015625,26.390625
665,-23.514765834789763,2.0878057394074436,1.0,0.078125,26.46875
666,-23.51629114287195,2.0829271884690304,1.0,0.015625,26.484375
667,-23.51881173231346,2.0994323584601884,1.0,0.0625,26.546875
668,-23.52129000221118,2.0991773112554393,1.0,0.015625,26.5625
669,-23.52358866823049,2.08738627644397,1.0,0.046875,26.609375
670,-23.52559543480657,2.0687788837551526,1.0,0.015625,26.625
671,-23.527186829991386,2.0716226923771623,1.0,0.0625,26.6875
672,-23.5293021796282,2.074482707844572,1.0,0.015625,26.703125
673,-23.53171288678092,2.072776162077902,1.0,0.015625,26.71875
674,-23.53407729580721,2.0706422506587043,1.0,0.015625,26.734375
675,-23.5365550555289,2.069389543171655,1.0,0.140625,26.875
676,-23.538309771098724,2.0647171236763526,1.0,0.015625,26.890625
677,-23.541332433711045,2.0511500749896254,1.0,0.015625,26.90625
678,-23.54301008130219,2.0428029648320076,1.0,0.0,26.90625
679,-23.54451786505017,2.043253262883472,1.0,0.015625,26.921875
680,-23.54640625183896,2.0358237210201064,1.0,0.203125,27.125
681,-23.54830205221101,2.044652669489509,1.0,0.015625,27.140625
682,-23.551404694313735,2.053752958209091,1.0,0.03125,27.171875
683,-23.553730973997677,2.052035726226107,1.0,0.015625,27.1875
684,-23.55591107592579,2.0604776838349737,1.0,0.015625,27.203125
685,-23.557655263364666,2.071280665462088,1.0,0.0625,27.265625
686,-23.55962129178557,2.071857628047132,1.0,0.046875,27.3125
687,-23.562191497515222,2.061473401891236,1.0,0.015625,27.328125
688,-23.564732306120774,2.055400756428479,1.0,0.03125,27.359375
689,-23.56632877547228,2.060840822602218,1.0,0.015625,27.375
690,-23.568641055178436,2.0376403099354192,1.0,0.109375,27.484375
691,-23.57126138075454,2.028331773994439,1.0,0.015625,27.5
692,-23.57323279859726,2.0347526396862556,1.0,0.015625,27.515625
693,-23.57476749346195,2.0336232769937146,1.0,0.03125,27.546875
694,-23.576609900036235,2.023606534199463,1.0,0.015625,27.5625
695,-23.579078934862796,2.011444649176287,1.0,0.140625,27.703125
696,-23.580889567801403,2.004622260624206,1.0,0.015625,27.71875
697,-23.582719159262023,1.9994901037916573,1.0,0.015625,27.734375
698,-23.58478623916703,1.9730579927895147,1.0,0.015625,27.75
699,-23.586718981110756,1.9658695294858402,1.0,0.015625,27.765625
700,-23.58836505392613,1.9799452277248373,1.0,0.09375,27.859375
701,-23.590537187501912,1.9719162364422096,1.0,0.015625,27.875
702,-23.592802306731077,1.9544006499848423,1.0,0.015625,27.890625
703,-23.59422154593494,1.9514107409415276,1.0,0.015625,27.90625
704,-23.596334877295156,1.9479246233410108,1.0,0.03125,27.9375
705,-23.59868532974267,1.937267599283939,1.0,0.015625,27.953125
706,-23.600965829280252,1.9390076478839513,1.0,0.015625,27.96875
707,-23.60259047558388,1.9216318278170212,1.0,0.09375,28.0625
708,-23.604763587462557,1.9248748173573633,1.0,0.015625,28.078125
709,-23.606729294738518,1.9117435439803598,1.0,0.078125,28.15625
710,-23.60861204332544,1.91448270994731,1.0,0.015625,28.171875
711,-23.610383933496916,1.9159465064029102,1.0,0.03125,28.203125
712,-23.61218497476657,1.9137030580225565,1.0,0.03125,28.234375
713,-23.613991876606747,1.9210434381039012,1.0,0.0625,28.296875
714,-23.615820570648964,1.9198378542558372,1.0,0.015625,28.3125
715,-23.61754168536098,1.9133289345090925,1.0,0.046875,28.359375
716,-23.619260887395168,1.9057004994726705,1.0,0.015625,28.375
717,-23.62093092769185,1.884267679032257,1.0,0.09375,28.46875
718,-23.622406834823412,1.8913208967225166,1.0,0.015625,28.484375
719,-23.624468513105192,1.8899954450837932,1.0,0.015625,28.5
720,-23.626398134677697,1.863546369317929,1.0,0.109375,28.609375
721,-23.627968320717343,1.8580036438671736,1.0,0.015625,28.625
722,-23.629431149151703,1.8502241609194348,1.0,0.015625,28.640625
723,-23.63100785525873,1.8487842944833461,1.0,0.125,28.765625
724,-23.633605470424463,1.8372698590314318,1.0,0.015625,28.78125
725,-23.635757836570757,1.8412454340915667,1.0,0.015625,28.796875
726,-23.63768836903937,1.842978258431758,1.0,0.109375,28.90625
727,-23.639473508014117,1.8262577403952367,1.0,0.015625,28.921875
728,-23.640969313204184,1.8124640359543338,1.0,0.0625,28.984375
729,-23.64250902505696,1.8224741489135605,1.0,0.046875,29.03125
730,-23.644182179237376,1.8257236030110227,1.0,0.015625,29.046875
731,-23.64665633606933,1.8313751442754571,1.0,0.140625,29.1875
732,-23.648160680261164,1.8409858352005104,1.0,0.015625,29.203125
733,-23.649744485497173,1.8468175324734006,1.0,0.015625,29.21875
734,-23.651258490072404,1.8380126440697304,1.0,0.015625,29.234375
735,-23.65283556651747,1.8268391753396014,1.0,0.109375,29.34375
736,-23.655213598797307,1.8263534197003763,1.0,0.015625,29.359375
737,-23.656756373020134,1.8218904989789448,1.0,0.015625,29.375
738,-23.658751298744583,1.8293377819048888,1.0,0.109375,29.484375
739,-23.66054629580604,1.8007713720563365,1.0,0.015625,29.5
740,-23.661795760008772,1.798161879241537,1.0,0.09375,29.59375
741,-23.663730273839846,1.8060214121253515,1.0,0.0,29.59375
742,-23.665407650670353,1.8046421260925678,1.0,0.015625,29.609375
743,-23.66690347244799,1.778427673909698,1.0,0.015625,29.625
744,-23.66848823188698,1.781633615292847,1.0,0.015625,29.640625
745,-23.67048496352596,1.7741668284748717,1.0,0.140625,29.78125
746,-23.672963963715315,1.7765693792924782,1.0,0.015625,29.796875
747,-23.675070586337768,1.7760950249175869,1.0,0.015625,29.8125
748,-23.677243067232066,1.7695361405203889,1.0,0.015625,29.828125
749,-23.67870543191699,1.7661202520957064,1.0,0.140625,29.96875
750,-23.680321090365137,1.7575866354076486,1.0,0.046875,30.015625
751,-23.68171154330331,1.7327012487428308,1.0,0.015625,30.03125
752,-23.683040967121045,1.736395854470311,1.0,0.0625,30.09375
753,-23.68463244420128,1.7272706042470187,1.0,0.03125,30.125
754,-23.68597735479523,1.7410883134540271,1.0,0.015625,30.140625
755,-23.687783256916966,1.756692247324329,1.0,0.03125,30.171875
756,-23.688978076677564,1.7606015830884036,1.0,0.015625,30.1875
757,-23.691153864863665,1.759917957913067,1.0,0.015625,30.203125
758,-23.692564883268727,1.7536095400971052,1.0,0.09375,30.296875
759,-23.69374517760556,1.7405247922767926,1.0,0.03125,30.328125
760,-23.694927247776608,1.7478061111189809,1.0,0.015625,30.34375
761,-23.696675601569307,1.7448642939855854,1.0,0.015625,30.359375
762,-23.69808821957689,1.7380694428817909,1.0,0.109375,30.46875
763,-23.699690953492603,1.7437496481949177,1.0,0.015625,30.484375
764,-23.700857627851885,1.7377043094401678,1.0,0.015625,30.5
765,-23.70232417528326,1.731147912303142,1.0,0.015625,30.515625
766,-23.70446322513915,1.715852077478723,1.0,0.140625,30.65625
767,-23.70599506351953,1.6956514188678438,1.0,0.015625,30.671875
768,-23.707597909767742,1.7010623536307194,1.0,0.015625,30.6875
769,-23.709658846228027,1.7059621921140635,1.0,0.015625,30.703125
770,-23.71101641097706,1.70473490842028,1.0,0.140625,30.84375
771,-23.71236171425267,1.7023284957952842,1.0,0.015625,30.859375
772,-23.713511373061486,1.6985438048728703,1.0,0.015625,30.875
773,-23.714771949289833,1.7058792812061754,1.0,0.015625,30.890625
774,-23.716700509283783,1.7150326112980088,1.0,0.03125,30.921875
775,-23.717733672399678,1.7258812205103815,1.0,0.0,30.921875
776,-23.71952500163945,1.715059482112577,1.0,0.015625,30.9375
777,-23.721104708372817,1.7091605166429056,1.0,0.140625,31.078125
778,-23.72302047979237,1.6992156483632292,1.0,0.0,31.078125
779,-23.7246344369501,1.6822921443722996,1.0,0.015625,31.09375
780,-23.72634222345148,1.6897056448028087,1.0,0.09375,31.1875
781,-23.727675332630845,1.6971399624570989,1.0,0.015625,31.203125
782,-23.729440298973255,1.6874180692259633,1.0,0.015625,31.21875
783,-23.730830040147513,1.6807851011123311,1.0,0.015625,31.234375
784,-23.732265687015953,1.6851087202225046,1.0,0.140625,31.375
785,-23.73362566199575,1.6698242260191645,1.0,0.015625,31.390625
786,-23.73543790195972,1.6731436134149973,1.0,0.015625,31.40625
787,-23.736989465076935,1.6602202884476553,1.0,0.015625,31.421875
788,-23.738543313036775,1.6614650113977867,1.0,0.140625,31.5625
789,-23.739838370908792,1.6731009895399058,1.0,0.015625,31.578125
790,-23.74108110668981,1.6619206857899451,1.0,0.015625,31.59375
791,-23.74285566420156,1.668032218264472,1.0,0.078125,31.671875
792,-23.74413738182472,1.6507471619165741,1.0,0.0,31.671875
793,-23.7456255957682,1.6369994811185067,1.0,0.015625,31.6875
794,-23.746993647838483,1.637240609643076,1.0,0.015625,31.703125
795,-23.748392539104714,1.6327167426152966,1.0,0.140625,31.84375
796,-23.74972522577163,1.6405168449972443,1.0,0.015625,31.859375
797,-23.751319462044826,1.6258369555237733,1.0,0.015625,31.875
798,-23.752773960999903,1.6298779006725221,1.0,0.015625,31.890625
799,-23.753816463098637,1.61967878265976,1.0,0.15625,32.046875
800,-23.75518492079172,1.6253687318088366,1.0,0.015625,32.0625
801,-23.75640068360306,1.626615448871752,1.0,0.09375,32.15625
802,-23.75742260317971,1.6304232486922612,1.0,0.03125,32.1875
803,-23.758626850103003,1.6278538725468814,1.0,0.015625,32.203125
804,-23.760126105665915,1.6161683471832198,1.0,0.078125,32.28125
805,-23.761572114437577,1.6014593233275918,1.0,0.046875,32.328125
806,-23.763170982899418,1.603643012228471,1.0,0.015625,32.34375
807,-23.763964480709966,1.5935146718078523,1.0,0.015625,32.359375
808,-23.765154987594606,1.5896283043065162,1.0,0.046875,32.40625
809,-23.76636099800391,1.5766022872284429,1.0,0.0,32.40625
810,-23.7676076722909,1.5804150936774692,1.0,0.015625,32.421875
811,-23.768857266310604,1.5791362510522113,1.0,0.015625,32.4375
812,-23.770481528665115,1.5812307027821493,1.0,0.046875,32.484375
813,-23.771448990556603,1.5750203868619645,1.0,0.0,32.484375
814,-23.77257798004099,1.5852620123746632,1.0,0.015625,32.5
815,-23.773548844958057,1.586797204006749,1.0,0.140625,32.640625
816,-23.774926024774462,1.5802897304791192,1.0,0.015625,32.65625
817,-23.776285661297912,1.5783215195820324,1.0,0.015625,32.671875
818,-23.777493425215017,1.570335977041641,1.0,0.015625,32.6875
819,-23.778913418601007,1.5817011764256224,1.0,0.140625,32.828125
820,-23.780010025720586,1.5803709021587193,1.0,0.015625,32.84375
821,-23.781371694266216,1.5901295281428587,1.0,0.015625,32.859375
822,-23.78261695100081,1.583715501939095,1.0,0.015625,32.875
823,-23.784157694756917,1.575507092487312,1.0,0.125,33.0
824,-23.785325529924698,1.5697642068373907,1.0,0.015625,33.015625
825,-23.786558939138274,1.5674063173814838,1.0,0.015625,33.03125
826,-23.787881545186256,1.552081421427586,1.0,0.015625,33.046875
827,-23.789095977221518,1.5413843476041829,1.0,0.140625,33.1875
828,-23.790156717602354,1.5287255575190628,1.0,0.015625,33.203125
829,-23.791684828424344,1.5292491213304433,1.0,0.015625,33.21875
830,-23.792910669793567,1.5285545613739542,1.0,0.03125,33.25
831,-23.794221323352172,1.5009743974968726,1.0,0.015625,33.265625
832,-23.795542036337476,1.4969967650326397,1.0,0.015625,33.28125
833,-23.796501048536218,1.512292835434651,1.0,0.015625,33.296875
834,-23.79755190998357,1.5132137747673104,1.0,0.140625,33.4375
835,-23.799215240023347,1.5166156048363464,1.0,0.015625,33.453125
836,-23.8004523705875,1.5114006757351681,1.0,0.015625,33.46875
837,-23.80167014433096,1.508302325305325,1.0,0.015625,33.484375
838,-23.80258846329168,1.5113169020408952,1.0,0.03125,33.515625
839,-23.80351721564655,1.5288127512342053,1.0,0.015625,33.53125
840,-23.804851464401985,1.5139828136310967,1.0,0.015625,33.546875
841,-23.805957928961522,1.504516016892739,1.0,0.015625,33.5625
842,-23.806868643422398,1.5020904729031415,1.0,0.140625,33.703125
843,-23.80804735928207,1.4987876114066345,1.0,0.015625,33.71875
844,-23.809030225185158,1.5070853188277895,1.0,0.015625,33.734375
845,-23.810163192713382,1.4929366986758377,1.0,0.109375,33.84375
846,-23.811269826664173,1.48393669485323,1.0,0.015625,33.859375
847,-23.812979447448587,1.492624595578423,1.0,0.015625,33.875
848,-23.81403065334377,1.4961928597948941,1.0,0.015625,33.890625
849,-23.815033436471946,1.4775912598660081,1.0,0.046875,33.9375
850,-23.81643260818192,1.4738473293425938,1.0,0.015625,33.953125
851,-23.817427780319193,1.4712449139356094,1.0,0.015625,33.96875
852,-23.818840632207614,1.4735809666725848,1.0,0.140625,34.109375
853,-23.819655551025463,1.4775421828005917,1.0,0.015625,34.125
854,-23.820705077620357,1.4846606414105352,1.0,0.015625,34.140625
855,-23.82186526882333,1.4813894011216497,1.0,0.09375,34.234375
856,-23.823357660192155,1.4672130989948993,1.0,0.03125,34.265625
857,-23.82421423455236,1.4589735977053415,1.0,0.015625,34.28125
858,-23.82491477133527,1.4577134442853286,1.0,0.015625,34.296875
859,-23.825904146795693,1.4469842883977462,1.0,0.140625,34.4375
860,-23.826660623790623,1.4532394638385786,1.0,0.03125,34.46875
861,-23.8275770092729,1.4391575675519976,1.0,0.015625,34.484375
862,-23.82842797427046,1.4385784218013988,1.0,0.015625,34.5
863,-23.829485412260485,1.4352772704032926,1.0,0.015625,34.515625
864,-23.83042284025714,1.4341506037828289,1.0,0.125,34.640625
865,-23.83144448606979,1.4288033823191155,1.0,0.015625,34.65625
866,-23.83239742995777,1.4203259833002424,1.0,0.015625,34.671875
867,-23.833636745086103,1.4229640928200615,1.0,0.140625,34.8125
868,-23.83481323062622,1.4267058848611103,1.0,0.015625,34.828125
869,-23.835963892808756,1.4304859671920902,1.0,0.015625,34.84375
870,-23.836945979646945,1.4381813996692034,1.0,0.015625,34.859375
871,-23.838150516097176,1.4460629185491067,1.0,0.140625,35.0
872,-23.839342780379024,1.4429353670782246,1.0,0.03125,35.03125
873,-23.840812588226566,1.436392015480481,1.0,0.015625,35.046875
874,-23.84209607988093,1.4276002544112358,1.0,0.015625,35.0625
875,-23.843465352059173,1.4342184846470964,1.0,0.015625,35.078125
876,-23.844418875116244,1.429460234331011,1.0,0.140625,35.21875
877,-23.84558009643803,1.4192481811536697,1.0,0.0,35.21875
878,-23.84683636996577,1.4134231750958375,1.0,0.015625,35.234375
879,-23.84804368569211,1.427232231096261,1.0,0.078125,35.3125
880,-23.848884248824863,1.4233492638193377,1.0,0.0,35.3125
881,-23.849910896377295,1.4239942886402743,1.0,0.015625,35.328125
882,-23.851110743528803,1.4153063697187087,1.0,0.140625,35.46875
883,-23.852103434901718,1.4293962594492717,1.0,0.015625,35.484375
884,-23.853243673596705,1.427212617986585,1.0,0.015625,35.5
885,-23.854088471836047,1.424449362824031,1.0,0.140625,35.640625
886,-23.855146104138527,1.4203267142240315,1.0,0.015625,35.65625
887,-23.855815099306472,1.4296676336310077,1.0,0.015625,35.671875
888,-23.856772001162295,1.4196009134133243,1.0,0.015625,35.6875
889,-23.857780068279943,1.4122491241693487,1.0,0.03125,35.71875
890,-23.858740765183594,1.4055782026784596,1.0,0.015625,35.734375
891,-23.85986772085365,1.4026571513053732,1.0,0.015625,35.75
892,-23.86121257278839,1.3981838841314949,1.0,0.046875,35.796875
893,-23.861987661171515,1.401464672100602,1.0,0.0,35.796875
894,-23.863000143977857,1.3902010719527604,1.0,0.015625,35.8125
895,-23.864073793383053,1.377616801307682,1.0,0.140625,35.953125
896,-23.865164100283504,1.3662226610534727,1.0,0.0,35.953125
897,-23.86614681447038,1.3630682717097373,1.0,0.015625,35.96875
898,-23.867380172442697,1.3758056271243713,1.0,0.015625,35.984375
899,-23.867968335168786,1.3760022845316504,1.0,0.125,36.109375
900,-23.868906589061307,1.3795666635041148,1.0,0.03125,36.140625
901,-23.869962348163558,1.3711677892690468,1.0,0.015625,36.15625
902,-23.870914376265446,1.3646133100360787,1.0,0.015625,36.171875
903,-23.87182602251194,1.3731169545971735,1.0,0.0625,36.234375
904,-23.873339140365502,1.3689861490409525,1.0,0.03125,36.265625
905,-23.874548310793333,1.3699297391574454,1.0,0.015625,36.28125
906,-23.875542738933312,1.3601565923815582,1.0,0.015625,36.296875
907,-23.876289182517354,1.3626982795552087,1.0,0.140625,36.4375
908,-23.87707706936657,1.3521760174642734,1.0,0.015625,36.453125
909,-23.87804125336283,1.3474803699371816,1.0,0.015625,36.46875
910,-23.87901088306142,1.357246151027757,1.0,0.140625,36.609375
911,-23.87964755202355,1.3473468425245292,1.0,0.0,36.609375
912,-23.88044810872619,1.3468510515709586,1.0,0.015625,36.625
913,-23.881894455388263,1.3494460785486702,1.0,0.015625,36.640625
914,-23.88295406138294,1.3601712907624424,1.0,0.140625,36.78125
915,-23.884079987456534,1.3541548342408314,1.0,0.015625,36.796875
916,-23.884846092736872,1.343850321384674,1.0,0.015625,36.8125
917,-23.885569636403588,1.3382155776588498,1.0,0.015625,36.828125
918,-23.88650331757796,1.3410519527606757,1.0,0.140625,36.96875
919,-23.887518406926084,1.331978327816442,1.0,0.0,36.96875
920,-23.888515711438835,1.3335861290266726,1.0,0.015625,36.984375
921,-23.889627143620864,1.337082693872589,1.0,0.03125,37.015625
922,-23.89043405726991,1.3348002167684883,1.0,0.03125,37.046875
923,-23.89189848921461,1.340905844443483,1.0,0.015625,37.0625
924,-23.89284900130879,1.3365782217393096,1.0,0.015625,37.078125
925,-23.893939912870934,1.3246544377035465,1.0,0.140625,37.21875
926,-23.894463218619794,1.3234183858866697,1.0,0.03125,37.25
927,-23.895341914324334,1.3088497893717743,1.0,0.015625,37.265625
928,-23.896232760142794,1.3061699355252028,1.0,0.046875,37.3125
929,-23.897130790188836,1.3028843217996646,1.0,0.015625,37.328125
930,-23.897882412113752,1.2993701641828364,1.0,0.015625,37.34375
931,-23.898616396038477,1.3055107896432898,1.0,0.015625,37.359375
932,-23.899552613959848,1.316324007792496,1.0,0.0625,37.421875
933,-23.900420605079734,1.308115557898666,1.0,0.0,37.421875
934,-23.90119086344966,1.31951352389075,1.0,0.015625,37.4375
935,-23.901967408828952,1.3116861147390422,1.0,0.09375,37.53125
936,-23.903204799736848,1.3191430457814837,1.0,0.03125,37.5625
937,-23.904179784639943,1.3173454152093025,1.0,0.015625,37.578125
938,-23.905181186476447,1.315965257362582,1.0,0.015625,37.59375
939,-23.90599205295396,1.3147952183143032,1.0,0.109375,37.703125
940,-23.906390777703052,1.318671437762712,1.0,0.015625,37.71875
941,-23.9071196584415,1.3167794260167571,1.0,0.015625,37.734375
942,-23.90819836551704,1.311417423479959,1.0,0.03125,37.765625
943,-23.90930518386363,1.3041448219195457,1.0,0.0,37.765625
944,-23.910191179943826,1.2957871635938938,1.0,0.015625,37.78125
945,-23.910952909242674,1.2972439953973964,1.0,0.140625,37.921875
946,-23.911749340993627,1.2867130657893397,1.0,0.0,37.921875
947,-23.91229764849034,1.2958958894842874,1.0,0.015625,37.9375
948,-23.913022965372026,1.2936424893845873,1.0,0.125,38.0625
949,-23.913586674335594,1.2945110864043692,1.0,0.046875,38.109375
950,-23.91434117445499,1.3013865669341738,1.0,0.015625,38.125
951,-23.91576808135762,1.2973961236872646,1.0,0.140625,38.265625
952,-23.916498107331336,1.2849486168139874,1.0,0.03125,38.296875
953,-23.91706827818387,1.2757936010809625,1.0,0.015625,38.3125
954,-23.917941843777022,1.2705599693042444,1.0,0.09375,38.40625
955,-23.918684210601224,1.2762929418554598,1.0,0.046875,38.453125
956,-23.919629967208664,1.2660017017832461,1.0,0.015625,38.46875
957,-23.920457644529595,1.2853647764525118,1.0,0.015625,38.484375
958,-23.921179671639987,1.2687244817772845,1.0,0.0625,38.546875
959,-23.921985918444886,1.2704159691188335,1.0,0.0,38.546875
960,-23.922664338207838,1.2681858070261205,1.0,0.015625,38.5625
961,-23.923704486804322,1.2665235165287638,1.0,0.078125,38.640625
962,-23.92447832851421,1.2678493176940573,1.0,0.046875,38.6875
963,-23.924978889480435,1.2624659976146035,1.0,0.015625,38.703125
964,-23.925891744202662,1.2693402747414753,1.0,0.015625,38.71875
965,-23.926750641364958,1.2661545135504508,1.0,0.078125,38.796875
966,-23.92762531014916,1.2505337693460843,1.0,0.03125,38.828125
967,-23.92853756945233,1.2382029724676051,1.0,0.015625,38.84375
968,-23.92926450971771,1.2307534490918868,1.0,0.015625,38.859375
969,-23.930157592171547,1.2221949445871,1.0,0.03125,38.890625
970,-23.93092250421973,1.238367410783369,1.0,0.015625,38.90625
971,-23.93166937541817,1.2349646211241558,1.0,0.015625,38.921875
972,-23.93258204412154,1.2294639956297149,1.0,0.015625,38.9375
973,-23.933203961954007,1.230268293662116,1.0,0.140625,39.078125
974,-23.93403701946382,1.217051708911395,1.0,0.0,39.078125
975,-23.93471408381013,1.221596792866277,1.0,0.015625,39.09375
976,-23.93550590840348,1.2055339303598138,1.0,0.0625,39.15625
977,-23.936089520220385,1.2071142793015304,1.0,0.015625,39.171875
978,-23.93663708059322,1.2099911977260407,1.0,0.015625,39.1875
979,-23.937433759232345,1.2180806912701196,1.0,0.015625,39.203125
980,-23.93822194429423,1.213799973611238,1.0,0.03125,39.234375
981,-23.939016997205965,1.2067304306816033,1.0,0.0,39.234375
982,-23.93970595248674,1.2024019111863908,1.0,0.015625,39.25
983,-23.940574382006957,1.2025321321281863,1.0,0.015625,39.265625
984,-23.941112996971217,1.2001785158401743,1.0,0.140625,39.40625
985,-23.941899305197754,1.1949885616010947,1.0,0.015625,39.421875
986,-23.942636437587698,1.1943086520798167,1.0,0.015625,39.4375
987,-23.94340800776794,1.194689829066961,1.0,0.015625,39.453125
988,-23.944048419652603,1.1929102587948055,1.0,0.046875,39.5
989,-23.94482343414497,1.184811705888588,1.0,0.03125,39.53125
990,-23.94537195727302,1.1788642877374693,1.0,0.015625,39.546875
991,-23.94591471091792,1.1820246238586853,1.0,0.015625,39.5625
992,-23.946794739381602,1.1892333460838804,1.0,0.046875,39.609375
993,-23.94766457408445,1.1808849905319554,1.0,0.015625,39.625
994,-23.94850810323026,1.181300111832037,1.0,0.015625,39.640625
995,-23.94897416276175,1.1769565400645188,1.0,0.140625,39.78125
996,-23.94958290530407,1.171035451284721,1.0,0.015625,39.796875
997,-23.9501244799807,1.1771953192498938,1.0,0.015625,39.8125
998,-23.950734800020477,1.1704386653952277,1.0,0.015625,39.828125
999,-23.951434721152598,1.1670491733133064,1.0,0.03125,39.859375
1000,-23.95221658038623,1.1772454276825037,1.0,0.015625,39.875
1001,-23.953010275455348,1.1670039781594765,1.0,0.03125,39.90625
1002,-23.953588062768706,1.1533422969956204,1.0,0.015625,39.921875
1003,-23.95447826015563,1.1440657389349274,1.0,0.046875,39.96875
1004,-23.95515725165909,1.1425263832324524,1.0,0.015625,39.984375
1005,-23.95565661536134,1.1400498525605172,1.0,0.109375,40.09375
1006,-23.956418156879064,1.1401270065757168,1.0,0.015625,40.109375
1007,-23.957007023108662,1.1333835959815273,1.0,0.015625,40.125
1008,-23.957596907056406,1.132402142158551,1.0,0.03125,40.15625
1009,-23.958222063329497,1.1368157752390182,1.0,0.015625,40.171875
1010,-23.958818826300924,1.1447779436765517,1.0,0.015625,40.1875
1011,-23.959644894897153,1.1417906530102144,1.0,0.046875,40.234375
1012,-23.960269884323335,1.1334111056847975,1.0,0.015625,40.25
1013,-23.960855969380155,1.1334391564501982,1.0,0.015625,40.265625
1014,-23.96176494167363,1.1345961248554364,1.0,0.03125,40.296875
1015,-23.962469296130443,1.1253093046022675,1.0,0.015625,40.3125
1016,-23.96302685926836,1.1224668655788486,1.0,0.015625,40.328125
1017,-23.96382822864657,1.1188188950666442,1.0,0.140625,40.46875
1018,-23.964292318943546,1.1196120793230935,1.0,0.015625,40.484375
1019,-23.96510891492685,1.1258458891109788,1.0,0.015625,40.5
1020,-23.965593245579385,1.1181532496523316,1.0,0.03125,40.53125
1021,-23.9662652795834,1.1224391922262351,1.0,0.015625,40.546875
1022,-23.966592048864815,1.1198782662528877,1.0,0.09375,40.640625
1023,-23.96727000338218,1.1311752730686675,1.0,0.046875,40.6875
1024,-23.967817862664447,1.12085559701274,1.0,0.015625,40.703125
1025,-23.96820151605195,1.1147867559523863,1.0,0.03125,40.734375
1026,-23.968932419054973,1.113382912742609,1.0,0.015625,40.75
1027,-23.96950162802133,1.1073592434913333,1.0,0.0625,40.8125
1028,-23.970276766965792,1.094135618615364,1.0,0.0,40.8125
1029,-23.971170342226614,1.1019041245783503,1.0,0.015625,40.828125
1030,-23.971799783663077,1.0996204384695383,1.0,0.140625,40.96875
1031,-23.972330363051604,1.0973924102986694,1.0,0.0,40.96875
1032,-23.972820360726022,1.0952805938100325,1.0,0.015625,40.984375
1033,-23.973669049980867,1.090030238407668,1.0,0.109375,41.09375
1034,-23.974304738314206,1.0888571012866002,1.0,0.015625,41.109375
1035,-23.974775104209144,1.0832036191183791,1.0,0.125,41.234375
1036,-23.975245760704077,1.0820184207260357,1.0,0.0,41.234375
1037,-23.97588333291904,1.0832817598968638,1.0,0.015625,41.25
1038,-23.97647272854309,1.0833820879601743,1.0,0.125,41.375
1039,-23.97703417896946,1.0915247035194529,1.0,0.015625,41.390625
1040,-23.977913987143975,1.0945632082212637,1.0,0.015625,41.40625
1041,-23.97856435023791,1.0920547773335305,1.0,0.140625,41.546875
1042,-23.979307440038557,1.0999579782477504,1.0,0.015625,41.5625
1043,-23.979920025216494,1.0900768722809284,1.0,0.015625,41.578125
1044,-23.980508893253262,1.1012112407573194,1.0,0.140625,41.71875
1045,-23.981233064531693,1.0973281399133548,1.0,0.015625,41.734375
1046,-23.98186053553792,1.0854020558178679,1.0,0.140625,41.875
1047,-23.982599155074947,1.0722785740551901,1.0,0.0,41.875
1048,-23.983067900534355,1.0751586037259782,1.0,0.125,42.0
1049,-23.983738950059102,1.0761029084597615,1.0,0.03125,42.03125
1050,-23.98446575865326,1.0673689609801331,1.0,0.015625,42.046875
1051,-23.985106911424772,1.0614584862566274,1.0,0.140625,42.1875
1052,-23.985671064730205,1.0530975326778567,1.0,0.0,42.1875
1053,-23.986439938556703,1.0469838136890113,1.0,0.015625,42.203125
1054,-23.98707964958394,1.0514239545304493,1.0,0.140625,42.34375
1055,-23.987614602217747,1.0506690084562256,1.0,0.0,42.34375
1056,-23.988209330478316,1.0397392718503176,1.0,0.015625,42.359375
1057,-23.988935481156396,1.0351703354890696,1.0,0.125,42.484375
1058,-23.98931299975833,1.0363371497288225,1.0,0.03125,42.515625
1059,-23.989650720993573,1.0360314976981648,1.0,0.015625,42.53125
1060,-23.990160479252378,1.0367617817380979,1.0,0.140625,42.671875
1061,-23.99094771436512,1.0402315435928136,1.0,0.0,42.671875
1062,-23.99157133328966,1.0468275161889689,1.0,0.015625,42.6875
1063,-23.992043077115753,1.0423546721387469,1.0,0.03125,42.71875
1064,-23.99267623937421,1.0510827824508455,1.0,0.0,42.71875
1065,-23.99326705786476,1.049273558973347,1.0,0.015625,42.734375
1066,-23.993932171927955,1.040308172264403,1.0,0.140625,42.875
1067,-23.99442811774495,1.0434678003806162,1.0,0.03125,42.90625
1068,-23.99492418930422,1.038303073291479,1.0,0.015625,42.921875
1069,-23.995543260670342,1.0412060693068161,1.0,0.078125,43.0
1070,-23.996124897297836,1.0346131129888256,1.0,0.015625,43.015625
1071,-23.996646259359803,1.0339686219145627,1.0,0.015625,43.03125
1072,-23.997107015985566,1.0335209140754136,1.0,0.109375,43.140625
1073,-23.997749347644678,1.0251058591164597,1.0,0.0,43.140625
1074,-23.99817537590651,1.0255546875659125,1.0,0.015625,43.15625
1075,-23.998755474179003,1.0169507433467733,1.0,0.140625,43.296875
1076,-23.999246128836894,1.0215746888149353,1.0,0.015625,43.3125
1077,-23.99971241577367,1.0151894157574626,1.0,0.0625,43.375
1078,-24.00029850433578,1.014969476478283,1.0,0.0,43.375
1079,-24.000856009283048,1.0147047691872384,1.0,0.015625,43.390625
1080,-24.00135747052552,1.0098448763259085,1.0,0.015625,43.40625
1081,-24.00180635637886,1.0044213756095155,1.0,0.0625,43.46875
1082,-24.002224831283243,0.9997398925519314,1.0,0.015625,43.484375
1083,-24.002788583534745,0.9931997061001993,1.0,0.015625,43.5
1084,-24.003221969836023,0.991581439982205,1.0,0.078125,43.578125
1085,-24.003712306668525,0.9813603328547921,1.0,0.015625,43.59375
1086,-24.00435031668449,0.9803489912765441,1.0,0.015625,43.609375
1087,-24.004960414179187,0.981340161390335,1.0,0.0625,43.671875
1088,-24.005486183231874,0.9839243228050545,1.0,0.0,43.671875
1089,-24.005910069561438,0.9905473243087648,1.0,0.015625,43.6875
1090,-24.00647025052317,0.9894955229695217,1.0,0.140625,43.828125
1091,-24.007053407676157,0.9973933916667266,1.0,0.015625,43.84375
1092,-24.007602686929758,0.9951292218044389,1.0,0.015625,43.859375
1093,-24.00817282884251,0.9972715242015284,1.0,0.015625,43.875
1094,-24.008595684641456,1.0033089822008614,1.0,0.09375,43.96875
1095,-24.009364241168946,0.9899455232926788,1.0,0.015625,43.984375
1096,-24.009872218513046,0.9941851782175525,1.0,0.015625,44.0
1097,-24.010422179884795,0.9900588910959826,1.0,0.046875,44.046875
1098,-24.010782506187123,0.9909594904748954,1.0,0.015625,44.0625
1099,-24.011251826407584,0.9907604351094219,1.0,0.015625,44.078125
1100,-24.0118178793095,0.9902092675316316,1.0,0.140625,44.21875
1101,-24.012415288249855,0.9975056795098762,1.0,0.015625,44.234375
1102,-24.01288139494614,0.9889491073756244,1.0,0.015625,44.25
1103,-24.013490478109084,0.9800666616282881,1.0,0.015625,44.265625
1104,-24.013894205205673,0.9759274214942482,1.0,0.03125,44.296875
1105,-24.014344747516937,0.9737139201097504,1.0,0.0,44.296875
1106,-24.014839918790425,0.9768965993520299,1.0,0.015625,44.3125
1107,-24.015277099742693,0.9709069846864941,1.0,0.0625,44.375
1108,-24.015724628087824,0.9647195043477812,1.0,0.015625,44.390625
1109,-24.016016198628147,0.9603575548219416,1.0,0.03125,44.421875
1110,-24.016555089296112,0.9585088318842082,1.0,0.015625,44.4375
1111,-24.01710167310135,0.9540976900580982,1.0,0.015625,44.453125
1112,-24.017765482426864,0.9492989242272654,1.0,0.046875,44.5
1113,-24.018133375243615,0.9547289485812672,1.0,0.0,44.5
1114,-24.018524977686276,0.949840809593049,1.0,0.015625,44.515625
1115,-24.018969881468063,0.9431912084643154,1.0,0.140625,44.65625
1116,-24.019340919652915,0.9367110056381946,1.0,0.0,44.65625
1117,-24.019717195764255,0.9385702265390227,1.0,0.015625,44.671875
1118,-24.020311028193735,0.9343083917495225,1.0,0.03125,44.703125
1119,-24.020753313670863,0.9285347925452775,1.0,0.015625,44.71875
1120,-24.0212191107087,0.9312566773962647,1.0,0.015625,44.734375
1121,-24.021554365648182,0.9368987323264298,1.0,0.140625,44.875
1122,-24.022095142448883,0.9357653294313373,1.0,0.015625,44.890625
1123,-24.022602359366623,0.941028830541481,1.0,0.015625,44.90625
1124,-24.023007140647515,0.937383251038478,1.0,0.015625,44.921875
1125,-24.023395791040645,0.9377333386872504,1.0,0.0625,44.984375
1126,-24.023884166416224,0.934818767664884,1.0,0.015625,45.0
1127,-24.02440915021926,0.9369478343690156,1.0,0.015625,45.015625
1128,-24.024861188710442,0.9407020835042966,1.0,0.09375,45.109375
1129,-24.025446815500747,0.9465266332494019,1.0,0.015625,45.125
1130,-24.02592970892424,0.9436662650995257,1.0,0.015625,45.140625
1131,-24.02640306149441,0.9451764172857297,1.0,0.015625,45.15625
1132,-24.026983970083858,0.9376272868429149,1.0,0.03125,45.1875
1133,-24.02758416523115,0.9342047681460713,1.0,0.0,45.1875
1134,-24.027962967911193,0.9339799284861895,1.0,0.015625,45.203125
1135,-24.028371335837335,0.9346372444167784,1.0,0.03125,45.234375
1136,-24.02879870102618,0.9309817843343225,1.0,0.03125,45.265625
1137,-24.029273491710086,0.9317360486736886,1.0,0.015625,45.28125
1138,-24.02976004764011,0.9264918641443297,1.0,0.140625,45.421875
1139,-24.030192315210012,0.9243191676189378,1.0,0.015625,45.4375
1140,-24.030612578836074,0.9265971374674046,1.0,0.015625,45.453125
1141,-24.03122978800787,0.9330023455420374,1.0,0.015625,45.46875
1142,-24.031661756399018,0.9365948310676526,1.0,0.09375,45.5625
1143,-24.032082816738153,0.9368230813874683,1.0,0.0,45.5625
1144,-24.032477709996446,0.9334924753106909,1.0,0.015625,45.578125
1145,-24.032862711853227,0.9337265364033447,1.0,0.140625,45.71875
1146,-24.033374084691236,0.9319821540794564,1.0,0.015625,45.734375
1147,-24.033795216960215,0.9295867346355993,1.0,0.015625,45.75
1148,-24.034168701322997,0.9335704475659549,1.0,0.015625,45.765625
1149,-24.03477422262591,0.9309603397660694,1.0,0.140625,45.90625
1150,-24.035253165872547,0.9379739146566093,1.0,0.03125,45.9375
1151,-24.035825329283288,0.9421835532217149,1.0,0.015625,45.953125
1152,-24.036369162091564,0.9366976239599017,1.0,0.109375,46.0625
1153,-24.036679094912895,0.9319279490790999,1.0,0.015625,46.078125
1154,-24.03708758875906,0.9387978519266122,1.0,0.015625,46.09375
1155,-24.0375607958475,0.9407320983306336,1.0,0.015625,46.109375
1156,-24.03801317378435,0.9366163920318866,1.0,0.03125,46.140625
1157,-24.038684163548606,0.928657465910991,1.0,0.015625,46.15625
1158,-24.03920545174563,0.9170503335374741,1.0,0.015625,46.171875
1159,-24.039557528703394,0.9134803575509934,1.0,0.046875,46.21875
1160,-24.039959377793505,0.9092710865176734,1.0,0.0,46.21875
1161,-24.040323718402963,0.9073606071419433,1.0,0.015625,46.234375
1162,-24.04088837417913,0.9094181403163388,1.0,0.140625,46.375
1163,-24.041426459183878,0.9025755633000131,1.0,0.0,46.375
1164,-24.041860353643504,0.898190824039531,1.0,0.015625,46.390625
1165,-24.04219465171658,0.9037844899948052,1.0,0.140625,46.53125
1166,-24.042663116399016,0.9007951051296508,1.0,0.0,46.53125
1167,-24.043131526382133,0.8868677932999801,1.0,0.015625,46.546875
1168,-24.04351882932973,0.8928634053882671,1.0,0.015625,46.5625
1169,-24.044166166134676,0.889430306734651,1.0,0.078125,46.640625
1170,-24.044399285631993,0.8893651916685749,1.0,0.015625,46.65625
1171,-24.044738830793296,0.8821269201057224,1.0,0.015625,46.671875
1172,-24.04510475166801,0.8846698725472109,1.0,0.140625,46.8125
1173,-24.04546977266325,0.8885453349875438,1.0,0.0,46.8125
1174,-24.045705388098042,0.8827268960424789,1.0,0.015625,46.828125
1175,-24.04602305404647,0.8799832592718354,1.0,0.0625,46.890625
1176,-24.04645915411432,0.8766114225992333,1.0,0.03125,46.921875
1177,-24.046917729604854,0.8762217865921181,1.0,0.015625,46.9375
1178,-24.04738232059659,0.8841163548586235,1.0,0.015625,46.953125
1179,-24.04774625127324,0.8846056969000494,1.0,0.140625,47.09375
1180,-24.048228024287052,0.8824383271508717,1.0,0.046875,47.140625
1181,-24.04843871023896,0.8833128737335566,1.0,0.015625,47.15625
1182,-24.048751070634996,0.8908397892397877,1.0,0.140625,47.296875
1183,-24.049189538035296,0.8866597056061143,1.0,0.0,47.296875
1184,-24.049624681218628,0.8893095455815021,1.0,0.015625,47.3125
1185,-24.05003539674596,0.8785132661712673,1.0,0.015625,47.328125
1186,-24.050431378872194,0.8870882291964342,1.0,0.0625,47.390625
1187,-24.050965781379496,0.8785506884483641,1.0,0.0,47.390625
1188,-24.051486746500395,0.8736814340790157,1.0,0.015625,47.40625
1189,-24.051894393790683,0.8719146312856405,1.0,0.015625,47.421875
1190,-24.052301175744038,0.8672356922916103,1.0,0.078125,47.5
1191,-24.05258103148718,0.8675386546641638,1.0,0.0,47.5
1192,-24.052834270514392,0.8624620467309658,1.0,0.015625,47.515625
1193,-24.05327350975027,0.8572540382979676,1.0,0.140625,47.65625
1194,-24.053511753772284,0.8484746176161011,1.0,0.0,47.65625
1195,-24.053867871879536,0.8519941296716724,1.0,0.015625,47.671875
1196,-24.054273520483896,0.851925752088974,1.0,0.015625,47.6875
1197,-24.05453506295331,0.8415351202671462,1.0,0.0625,47.75
1198,-24.054838436056166,0.8390698504344423,1.0,0.015625,47.765625
1199,-24.05525487591615,0.8418206180586804,1.0,0.015625,47.78125
1200,-24.05571889676773,0.8461331033738998,1.0,0.140625,47.921875
1201,-24.056130513968267,0.8483669597272245,1.0,0.0,47.921875
1202,-24.056429868109287,0.8421886446619377,1.0,0.015625,47.9375
1203,-24.05681951530537,0.8330238150702086,1.0,0.015625,47.953125
1204,-24.056983133811958,0.83569231260544,1.0,0.03125,47.984375
1205,-24.05733062615976,0.8293659140550107,1.0,0.0,47.984375
1206,-24.057709158319934,0.826237296129035,1.0,0.015625,48.0
1207,-24.05798949356792,0.8233363335852183,1.0,0.015625,48.015625
1208,-24.05829695217231,0.8217199022528566,1.0,0.03125,48.046875
1209,-24.05863138776257,0.8130932243216626,1.0,0.015625,48.0625
1210,-24.058990507996526,0.813850543087086,1.0,0.015625,48.078125
1211,-24.059243361657664,0.8124115710905915,1.0,0.109375,48.1875
1212,-24.05970320219363,0.8197917286981203,1.0,0.015625,48.203125
1213,-24.060092271989042,0.8163073537897433,1.0,0.015625,48.21875
1214,-24.06044286967042,0.8140358920315063,1.0,0.015625,48.234375
1215,-24.060751675363605,0.8147732854060437,1.0,0.046875,48.28125
1216,-24.0610718891237,0.8152120785949342,1.0,0.015625,48.296875
1217,-24.061615850947852,0.8159279845675325,1.0,0.015625,48.3125
1218,-24.061909401131715,0.8178078505425072,1.0,0.09375,48.40625
1219,-24.062181170094338,0.8212694867464932,1.0,0.015625,48.421875
1220,-24.062575152939843,0.8272419566611776,1.0,0.015625,48.4375
1221,-24.062976654082977,0.8205230360338821,1.0,0.015625,48.453125
1222,-24.06336962553393,0.8138192547601881,1.0,0.078125,48.53125
1223,-24.0636811308387,0.8186312805691436,1.0,0.0,48.53125
1224,-24.064100832302696,0.8091874446617145,1.0,0.015625,48.546875
1225,-24.06443428836464,0.8113477170959832,1.0,0.015625,48.5625
1226,-24.064921114427086,0.8118064097469979,1.0,0.03125,48.59375
1227,-24.065358213322718,0.8113954719197182,1.0,0.015625,48.609375
1228,-24.065602773790026,0.8104241235642016,1.0,0.015625,48.625
1229,-24.065854801644264,0.8100194025345121,1.0,0.140625,48.765625
1230,-24.066167177335277,0.8087021182497067,1.0,0.0,48.765625
1231,-24.06640876310587,0.8059718717137684,1.0,0.015625,48.78125
1232,-24.06671641751589,0.8050285365704466,1.0,0.015625,48.796875
1233,-24.06705545985079,0.8022760023886586,1.0,0.078125,48.875
1234,-24.067382821045886,0.7991068722962574,1.0,0.0,48.875
1235,-24.06767004249979,0.7981405136521034,1.0,0.015625,48.890625
1236,-24.067878672765335,0.7982669602969,1.0,0.140625,49.03125
1237,-24.068109466687805,0.8030008073901215,1.0,0.015625,49.046875
1238,-24.068333557322227,0.8036093455284116,1.0,0.015625,49.0625
1239,-24.0686116271481,0.8034351289497473,1.0,0.015625,49.078125
1240,-24.068838191413622,0.8030077112361619,1.0,0.078125,49.15625
1241,-24.069088655092205,0.7975629770056094,1.0,0.0,49.15625
1242,-24.06939811281336,0.7925348633981366,1.0,0.015625,49.171875
1243,-24.06965997010935,0.7849054029699575,1.0,0.015625,49.1875
1244,-24.070054565909693,0.7894805039300883,1.0,0.078125,49.265625
1245,-24.070327887917895,0.7892911344268857,1.0,0.0,49.265625
1246,-24.07069236130426,0.7868816802718831,1.0,0.015625,49.28125
1247,-24.071011058774424,0.784365866387883,1.0,0.03125,49.3125
1248,-24.0713356911473,0.7809261875903296,1.0,0.015625,49.328125
1249,-24.071582074860046,0.7830803644824118,1.0,0.015625,49.34375
1250,-24.071914749065538,0.7875130860826847,1.0,0.03125,49.375
1251,-24.07213402468688,0.7867891183287933,1.0,0.015625,49.390625
1252,-24.07243492598703,0.7858200190783746,1.0,0.015625,49.40625
1253,-24.072642551407494,0.784993326891284,1.0,0.015625,49.421875
1254,-24.073021516738482,0.7790299723633574,1.0,0.03125,49.453125
1255,-24.073353171818567,0.7811859962261364,1.0,0.0,49.453125
1256,-24.073693896051072,0.7738090873051099,1.0,0.015625,49.46875
1257,-24.07417637759165,0.7766440823142412,1.0,0.015625,49.484375
1258,-24.074508868390648,0.7738071852117322,1.0,0.015625,49.5
1259,-24.074743653797608,0.7710877446540692,1.0,0.015625,49.515625
1260,-24.07501994316385,0.7697301759599863,1.0,0.109375,49.625
1261,-24.075285139357035,0.7709052679239249,1.0,0.015625,49.640625
1262,-24.07554820496628,0.7690118690104699,1.0,0.015625,49.65625
1263,-24.075892525030774,0.7718351656328901,1.0,0.015625,49.671875
1264,-24.07626574399985,0.7662997664783949,1.0,0.046875,49.71875
1265,-24.076651008620697,0.7627351209206166,1.0,0.015625,49.734375
1266,-24.076966179519506,0.767047093053394,1.0,0.015625,49.75
1267,-24.077295655140265,0.7626345139281225,1.0,0.140625,49.890625
1268,-24.077643038710416,0.7573421205042923,1.0,0.015625,49.90625
1269,-24.078036070894534,0.7551073705437976,1.0,0.015625,49.921875
1270,-24.078309485070903,0.7533464985762429,1.0,0.140625,50.0625
1271,-24.078690196741412,0.7548200563145354,1.0,0.015625,50.078125
1272,-24.07905266269691,0.7509671183089809,1.0,0.015625,50.09375
1273,-24.079348578375445,0.7446004972210839,1.0,0.015625,50.109375
1274,-24.079592853961813,0.7508920481432843,1.0,0.046875,50.15625
1275,-24.079895710760017,0.7434252628203324,1.0,0.0,50.15625
1276,-24.080132601427117,0.742428890106938,1.0,0.015625,50.171875
1277,-24.080377003888884,0.7420540938193059,1.0,0.015625,50.1875
1278,-24.08066732970804,0.7410050333454478,1.0,0.125,50.3125
1279,-24.08090059742982,0.7418797280988104,1.0,0.0,50.3125
1280,-24.08115823687323,0.7405156063105196,1.0,0.015625,50.328125
1281,-24.081357546634692,0.7372945018096213,1.0,0.03125,50.359375
1282,-24.08155695293839,0.7326170052026579,1.0,0.03125,50.390625
1283,-24.081808117546448,0.7415674879725503,1.0,0.015625,50.40625
1284,-24.082012619938556,0.7381626733834895,1.0,0.015625,50.421875
1285,-24.082385495087696,0.7332897416924116,1.0,0.140625,50.5625
1286,-24.082649580536426,0.728761777595484,1.0,0.0,50.5625
1287,-24.082913912445377,0.7334152083653457,1.0,0.015625,50.578125
1288,-24.083137608254557,0.7332781083414072,1.0,0.140625,50.71875
1289,-24.083366332196356,0.7394475609288098,1.0,0.015625,50.734375
1290,-24.08361054480415,0.7397262215919186,1.0,0.015625,50.75
1291,-24.083846881375518,0.7384972089760946,1.0,0.015625,50.765625
1292,-24.084092930436,0.7383559081558039,1.0,0.140625,50.90625
1293,-24.08434925633152,0.7343577301543069,1.0,0.015625,50.921875
1294,-24.084655523377467,0.73610186564425,1.0,0.015625,50.9375
1295,-24.08482379468996,0.7345994669761258,1.0,0.125,51.0625
1296,-24.085060327021665,0.7342189477596507,1.0,0.0,51.0625
1297,-24.085402959795427,0.7357449267549501,1.0,0.015625,51.078125
1298,-24.085742054721386,0.7313930015090405,1.0,0.125,51.203125
1299,-24.08604153489103,0.726557479217292,1.0,0.0,51.203125
1300,-24.08626560437475,0.714936811122756,1.0,0.09375,51.296875
1301,-24.086648073448767,0.7162956972469892,1.0,0.015625,51.3125
1302,-24.086958286095648,0.7155527586606226,1.0,0.03125,51.34375
1303,-24.08721770740874,0.7116028977628692,1.0,0.015625,51.359375
1304,-24.087441265815713,0.7107389662804333,1.0,0.125,51.484375
1305,-24.08767582890801,0.7152972048436878,1.0,0.03125,51.515625
1306,-24.087986274687715,0.7124627867566188,1.0,0.015625,51.53125
1307,-24.088311606297715,0.7044424883769094,1.0,0.015625,51.546875
1308,-24.088563321270126,0.7087600994170821,1.0,0.03125,51.578125
1309,-24.088793256480418,0.7059613844362387,1.0,0.015625,51.59375
1310,-24.08900141301969,0.7062970405097533,1.0,0.015625,51.609375
1311,-24.089256090531936,0.6969301732534269,1.0,0.140625,51.75
1312,-24.08953324160678,0.7045889276614181,1.0,0.015625,51.765625
1313,-24.08973009490615,0.7065971894059572,1.0,0.015625,51.78125
1314,-24.089978782006927,0.7076614722857825,1.0,0.125,51.90625
1315,-24.090217041053226,0.7047659607629705,1.0,0.015625,51.921875
1316,-24.090475896511073,0.7073023385132461,1.0,0.015625,51.9375
1317,-24.090771109371293,0.7043398299158908,1.0,0.015625,51.953125
1318,-24.091067984364123,0.7026820081410635,1.0,0.046875,52.0
1319,-24.09125402404001,0.7021302139786414,1.0,0.015625,52.015625
1320,-24.091438460630048,0.7021341214034028,1.0,0.109375,52.125
1321,-24.091630471374522,0.7050783110312108,1.0,0.015625,52.140625
1322,-24.09190285765429,0.7041364645847269,1.0,0.015625,52.15625
1323,-24.092193600947766,0.7039994697166575,1.0,0.109375,52.265625
1324,-24.092436363296624,0.698289874649218,1.0,0.046875,52.3125
1325,-24.0926203413322,0.6988268409666364,1.0,0.015625,52.328125
1326,-24.092907574178238,0.6959853093913192,1.0,0.015625,52.34375
1327,-24.093220686817293,0.6915687996395831,1.0,0.03125,52.375
1328,-24.093505506265693,0.6885955180942285,1.0,0.015625,52.390625
1329,-24.09374064233096,0.6928697326208728,1.0,0.078125,52.46875
1330,-24.094033261295326,0.6899213737857577,1.0,0.015625,52.484375
1331,-24.09433567171391,0.6931227255558036,1.0,0.015625,52.5
1332,-24.094544710957486,0.6893299133439728,1.0,0.078125,52.578125
1333,-24.094811856353164,0.6844906319515696,1.0,0.03125,52.609375
1334,-24.095045299038183,0.679374002621299,1.0,0.015625,52.625
1335,-24.095437862379026,0.6785606722804871,1.0,0.03125,52.65625
1336,-24.095678632240176,0.6770212351251769,1.0,0.015625,52.671875
1337,-24.09589770677755,0.6788547956159094,1.0,0.03125,52.703125
1338,-24.09619641706368,0.6861579545857383,1.0,0.015625,52.71875
1339,-24.096496747304062,0.6802018090336777,1.0,0.015625,52.734375
1340,-24.096750620976263,0.6736884347308604,1.0,0.015625,52.75
1341,-24.09700721037171,0.6732213488222835,1.0,0.015625,52.765625
1342,-24.097242574238994,0.6739733547386053,1.0,0.109375,52.875
1343,-24.097502701440288,0.6729112517720311,1.0,0.140625,53.015625
1344,-24.097694870896266,0.682495539743768,1.0,0.03125,53.046875
1345,-24.097953912826846,0.6798393205768724,1.0,0.015625,53.0625
1346,-24.098137177877543,0.6789264356362827,1.0,0.015625,53.078125
1347,-24.09839974218389,0.6746204351897099,1.0,0.03125,53.109375
1348,-24.098598727201015,0.67798646040793,1.0,0.015625,53.125
1349,-24.098809118145553,0.6719503661627382,1.0,0.015625,53.140625
1350,-24.099043252421517,0.6724396640556691,1.0,0.03125,53.171875
1351,-24.099262753388125,0.672136191514689,1.0,0.0,53.171875
1352,-24.099512151417578,0.6647962971516828,1.0,0.046875,53.21875
1353,-24.099696403794923,0.6640992217652497,1.0,0.015625,53.234375
1354,-24.099928248369853,0.6648826794881683,1.0,0.046875,53.28125
1355,-24.10017533829156,0.6564567576283945,1.0,0.015625,53.296875
1356,-24.100342164647937,0.6566925036981541,1.0,0.015625,53.3125
1357,-24.10051162688477,0.6579101134166312,1.0,0.09375,53.40625
1358,-24.100768906112183,0.6546329674230731,1.0,0.015625,53.421875
1359,-24.10104006416854,0.6553566062203401,1.0,0.015625,53.4375
1360,-24.101213254978244,0.6544840751968929,1.0,0.03125,53.46875
1361,-24.101486773885757,0.6507732878677825,1.0,0.015625,53.484375
1362,-24.101725204110988,0.6563270944846479,1.0,0.015625,53.5
1363,-24.10186963351403,0.6577685390368488,1.0,0.078125,53.578125
1364,-24.102049588181423,0.6559951799311101,1.0,0.015625,53.59375
1365,-24.10231296573982,0.6593237650714429,1.0,0.015625,53.609375
1366,-24.102536544437427,0.6592900738753451,1.0,0.046875,53.65625
1367,-24.10264715677053,0.657211879328017,1.0,0.015625,53.671875
1368,-24.102921307222772,0.6587014789078659,1.0,0.015625,53.6875
1369,-24.103167560295304,0.6577529141080123,1.0,0.03125,53.71875
1370,-24.103354244221126,0.6545432254840133,1.0,0.015625,53.734375
1371,-24.10358444465518,0.6517138905942775,1.0,0.015625,53.75
1372,-24.1038368834116,0.6555935403602793,1.0,0.046875,53.796875
1373,-24.10401361654079,0.6541162323965569,1.0,0.015625,53.8125
1374,-24.104195734478473,0.650777364843734,1.0,0.015625,53.828125
1375,-24.10439761241059,0.648018139873539,1.0,0.09375,53.921875
1376,-24.10461563163649,0.6367413677281483,1.0,0.015625,53.9375
1377,-24.104738648366343,0.6366127460221612,1.0,0.015625,53.953125
1378,-24.10484816721628,0.6372349785607567,1.0,0.015625,53.96875
1379,-24.10501201838885,0.6400247537393611,1.0,0.140625,54.109375
1380,-24.10518502100224,0.6406276533963083,1.0,0.03125,54.140625
1381,-24.105451673381697,0.6419612993438376,1.0,0.015625,54.15625
1382,-24.10569950663403,0.6423422823890992,1.0,0.140625,54.296875
1383,-24.10584576518727,0.6455306380413048,1.0,0.015625,54.3125
1384,-24.106027842602447,0.6433836815067131,1.0,0.0,54.3125
1385,-24.106213230913227,0.6390014397022575,1.0,0.015625,54.328125
1386,-24.106386851679396,0.6416049622404707,1.0,0.140625,54.46875
1387,-24.106582490343282,0.6390636143773268,1.0,0.0,54.46875
1388,-24.10681868411193,0.6371181185569074,1.0,0.015625,54.484375
1389,-24.10700007908696,0.6386176925228877,1.0,0.078125,54.5625
1390,-24.10729402950916,0.6404833394898322,1.0,0.015625,54.578125
1391,-24.107547006191897,0.6386947564281373,1.0,0.015625,54.59375
1392,-24.107792565785303,0.6332491241622908,1.0,0.015625,54.609375
1393,-24.107984524417592,0.6379828496479439,1.0,0.03125,54.640625
1394,-24.108244808659187,0.6381910580058331,1.0,0.015625,54.65625
1395,-24.108430035294955,0.6321997312193056,1.0,0.015625,54.671875
1396,-24.10859022703871,0.6328823992732729,1.0,0.109375,54.78125
1397,-24.10880492388934,0.6353709853748956,1.0,0.015625,54.796875
1398,-24.10903501533874,0.6333873341849658,1.0,0.015625,54.8125
1399,-24.109259983389823,0.6338263632396274,1.0,0.015625,54.828125
1400,-24.109469746688934,0.6357295050200709,1.0,0.046875,54.875
1401,-24.10965199227948,0.6336527551232958,1.0,0.015625,54.890625
1402,-24.10976306169617,0.6295553869394979,1.0,0.015625,54.90625
1403,-24.110035810862687,0.6254716952889993,1.0,0.03125,54.9375
1404,-24.110318870896645,0.6256957997174624,1.0,0.015625,54.953125
1405,-24.11048831515233,0.6257014176645355,1.0,0.015625,54.96875
1406,-24.110721761775185,0.6191881521268265,1.0,0.140625,55.109375
1407,-24.110908964810996,0.61481568014449,1.0,0.015625,55.125
1408,-24.111095439898314,0.6182746553177537,1.0,0.015625,55.140625
1409,-24.111271394137287,0.6193208433431594,1.0,0.015625,55.15625
1410,-24.111504114536,0.6162390210290061,1.0,0.078125,55.234375
1411,-24.111766395154934,0.6150025805413949,1.0,0.0,55.234375
1412,-24.111940931111164,0.61910949904665,1.0,0.015625,55.25
1413,-24.112072137505418,0.6196932367472434,1.0,0.015625,55.265625
1414,-24.112250162290913,0.6212361563811956,1.0,0.0625,55.328125
1415,-24.112453269173585,0.6182353805927188,1.0,0.015625,55.34375
1416,-24.112583596238537,0.618087644377013,1.0,0.015625,55.359375
1417,-24.112818314127928,0.6185763046532994,1.0,0.015625,55.375
1418,-24.112998434163845,0.6196570479891751,1.0,0.03125,55.40625
1419,-24.113165484397175,0.6177997063896421,1.0,0.0,55.40625
1420,-24.113418719893726,0.612123237280366,1.0,0.015625,55.421875
1421,-24.113626249226026,0.6085100956445558,1.0,0.03125,55.453125
1422,-24.11379932533566,0.6041887501895254,1.0,0.0,55.453125
1423,-24.114032577969535,0.6011651617133449,1.0,0.015625,55.46875
1424,-24.114210257718366,0.5970188706978455,1.0,0.109375,55.578125
1425,-24.11435640566907,0.5903028046984068,1.0,0.015625,55.59375
1426,-24.11448566003866,0.5903902851348724,1.0,0.015625,55.609375
1427,-24.114614327984853,0.5884217925165763,1.0,0.015625,55.625
1428,-24.114725607199208,0.5922473481822962,1.0,0.078125,55.703125
1429,-24.11487392725427,0.5927360305221796,1.0,0.0,55.703125
1430,-24.1150268225577,0.5911618113641872,1.0,0.015625,55.71875
1431,-24.115177246898938,0.5913509721869958,1.0,0.015625,55.734375
1432,-24.115300853716086,0.5900548331053767,1.0,0.140625,55.875
1433,-24.115473970324096,0.593271919315135,1.0,0.015625,55.890625
1434,-24.115652758825743,0.594103687153988,1.0,0.015625,55.90625
1435,-24.115807548102975,0.5888873584766764,1.0,0.140625,56.046875
1436,-24.116048335580196,0.590528757020665,1.0,0.015625,56.0625
1437,-24.116230491631985,0.5878623805231722,1.0,0.015625,56.078125
1438,-24.11638256965761,0.5846208033906029,1.0,0.015625,56.09375
1439,-24.116541739192453,0.584202908342957,1.0,0.03125,56.125
1440,-24.116775809441666,0.5827079910322922,1.0,0.015625,56.140625
1441,-24.117035057322266,0.5819121956490195,1.0,0.015625,56.15625
1442,-24.11726135503428,0.5795097673605316,1.0,0.015625,56.171875
1443,-24.117421627837413,0.5778013085175464,1.0,0.140625,56.3125
1444,-24.117548161294337,0.5772410440859939,1.0,0.015625,56.328125
1445,-24.117727525124394,0.576840043187929,1.0,0.015625,56.34375
1446,-24.117874334532303,0.5748265858367666,1.0,0.015625,56.359375
1447,-24.11800492237289,0.5775999988364775,1.0,0.140625,56.5
1448,-24.118185128999684,0.5807400028319841,1.0,0.0,56.5
1449,-24.118348059821248,0.5824390501678353,1.0,0.015625,56.515625
1450,-24.11856541755344,0.5851172866203633,1.0,0.140625,56.65625
1451,-24.11874682038802,0.5851673419652337,1.0,0.03125,56.6875
1452,-24.118936222947678,0.5875650700708354,1.0,0.015625,56.703125
1453,-24.11907083559022,0.5876669528721007,1.0,0.015625,56.71875
1454,-24.119246914094067,0.5871447653499868,1.0,0.03125,56.75
1455,-24.1194120524825,0.5931468360320277,1.0,0.015625,56.765625
1456,-24.119640175209245,0.5845140431574423,1.0,0.125,56.890625
1457,-24.11981633802125,0.5837776512915881,1.0,0.03125,56.921875
1458,-24.11998531838283,0.5838567913569048,1.0,0.015625,56.9375
1459,-24.120169343020354,0.585605490093542,1.0,0.015625,56.953125
1460,-24.120343868831338,0.5861977142047391,1.0,0.03125,56.984375
1461,-24.12053105190105,0.5848145375990204,1.0,0.0,56.984375
1462,-24.120670391023168,0.5817403345205747,1.0,0.015625,57.0
1463,-24.12081426390439,0.5766805564965013,1.0,0.125,57.125
1464,-24.120951363380314,0.5775673996393109,1.0,0.015625,57.140625
1465,-24.12116348783064,0.5783922954349642,1.0,0.015625,57.15625
1466,-24.121283570684923,0.5730505416239816,1.0,0.078125,57.234375
1467,-24.12143137830667,0.5694215147559636,1.0,0.015625,57.25
1468,-24.121579759410352,0.5688538145362895,1.0,0.015625,57.265625
1469,-24.12174838622191,0.574322564430886,1.0,0.015625,57.28125
1470,-24.121889495715564,0.5748321911071866,1.0,0.0625,57.34375
1471,-24.1220572412472,0.5716660110266678,1.0,0.015625,57.359375
1472,-24.12221176889526,0.5678585767839128,1.0,0.015625,57.375
1473,-24.12235103006567,0.568734758559411,1.0,0.015625,57.390625
1474,-24.122536752510214,0.5701258154299186,1.0,0.125,57.515625
1475,-24.12271148064623,0.5733857917035469,1.0,0.015625,57.53125
1476,-24.122935230946492,0.5703309674783025,1.0,0.015625,57.546875
1477,-24.12310056966576,0.5676620826710925,1.0,0.140625,57.6875
1478,-24.12323561054826,0.5654097399516521,1.0,0.015625,57.703125
1479,-24.123370077968296,0.5654237510212793,1.0,0.015625,57.71875
1480,-24.123521100470402,0.5629761187675617,1.0,0.015625,57.734375
1481,-24.123681915883857,0.5632450061912105,1.0,0.03125,57.765625
1482,-24.1238525675693,0.564146966285054,1.0,0.0,57.765625
1483,-24.124053720992656,0.5689025914684864,1.0,0.015625,57.78125
1484,-24.124160349653057,0.5670354935570573,1.0,0.140625,57.921875
1485,-24.124348470705037,0.5619752236458778,1.0,0.015625,57.9375
1486,-24.124478884717497,0.562564809167816,1.0,0.015625,57.953125
1487,-24.124621193581536,0.5568741560418985,1.0,0.015625,57.96875
1488,-24.12475934545769,0.5572991230378236,1.0,0.09375,58.0625
1489,-24.12495551754135,0.5591968546022299,1.0,0.015625,58.078125
1490,-24.125198479408887,0.55546492292132,1.0,0.015625,58.09375
1491,-24.125337875864183,0.5560861344764414,1.0,0.03125,58.125
1492,-24.12546662517405,0.5484560886562825,1.0,0.03125,58.15625
1493,-24.125588212696144,0.5474784503763465,1.0,0.015625,58.171875
1494,-24.12573268094288,0.5486659382014609,1.0,0.03125,58.203125
1495,-24.125892918361746,0.5455231771231109,1.0,0.0,58.203125
1496,-24.12601521505864,0.5450861018617056,1.0,0.015625,58.21875
1497,-24.1261690455511,0.5446978599644517,1.0,0.125,58.34375
1498,-24.126309010660123,0.5383539822640305,1.0,0.03125,58.375
1499,-24.126475587693733,0.5356408382681308,1.0,0.015625,58.390625
1500,-24.12657212300249,0.5365029032135854,1.0,0.03125,58.421875
1501,-24.126667139502857,0.5375198681992597,1.0,0.0,58.421875
1502,-24.126848497993404,0.5386872466869455,1.0,0.015625,58.4375
1503,-24.12699911003197,0.5374843119103798,1.0,0.109375,58.546875
1504,-24.127173564114205,0.5411232076233918,1.0,0.0,58.546875
1505,-24.127372815891263,0.5426077001092959,1.0,0.0625,58.609375
1506,-24.127556757721244,0.5386769123682101,1.0,0.0,58.609375
1507,-24.12772307125198,0.5324567374621357,1.0,0.015625,58.625
1508,-24.127867578409408,0.5286761892163243,1.0,0.09375,58.71875
1509,-24.127995170647115,0.5266569082941618,1.0,0.015625,58.734375
1510,-24.12813376847831,0.5259464854165116,1.0,0.015625,58.75
1511,-24.12830996019616,0.5254543915966937,1.0,0.046875,58.796875
1512,-24.128479674139665,0.5188292955368337,1.0,0.0,58.796875
1513,-24.128593700226535,0.5192636583373565,1.0,0.015625,58.8125
1514,-24.12873507136207,0.516622073787369,1.0,0.015625,58.828125
1515,-24.128924731928205,0.5217806963342427,1.0,0.125,58.953125
1516,-24.129076022158777,0.522773416063033,1.0,0.015625,58.96875
1517,-24.12917987412311,0.524675942950797,1.0,0.03125,59.0
1518,-24.129296264495316,0.5257725498606509,1.0,0.03125,59.03125
1519,-24.12942473926335,0.5283484788388473,1.0,0.015625,59.046875
1520,-24.129575440025874,0.5285826046596525,1.0,0.015625,59.0625
1521,-24.12969383091586,0.5290009610877235,1.0,0.046875,59.109375
1522,-24.12984894274339,0.5285690411119605,1.0,0.015625,59.125
1523,-24.129997925181605,0.5272791460274339,1.0,0.015625,59.140625
1524,-24.130126458464783,0.5241453900586796,1.0,0.125,59.265625
1525,-24.13026561159632,0.519167594870472,1.0,0.015625,59.28125
1526,-24.130418116508313,0.5173462119267115,1.0,0.015625,59.296875
1527,-24.13053038102281,0.5167321545292106,1.0,0.015625,59.3125
1528,-24.130667642312762,0.5161516203270075,1.0,0.046875,59.359375
1529,-24.130835323693603,0.515561289209763,1.0,0.0,59.359375
1530,-24.13093938897882,0.5154803254916916,1.0,0.015625,59.375
1531,-24.13109994700406,0.5147804165760581,1.0,0.125,59.5
1532,-24.131222225385777,0.5133832669099526,1.0,0.015625,59.515625
1533,-24.131331038029614,0.5120990881161424,1.0,0.015625,59.53125
1534,-24.131476727200425,0.507797099835917,1.0,0.125,59.65625
1535,-24.13160360114392,0.5065555475155146,1.0,0.015625,59.671875
1536,-24.131752286657484,0.510204167198802,1.0,0.015625,59.6875
1537,-24.13187106611156,0.5129740559711934,1.0,0.015625,59.703125
1538,-24.132003047422913,0.5080221529421121,1.0,0.125,59.828125
1539,-24.132140593873295,0.5121311220790267,1.0,0.015625,59.84375
1540,-24.132271104878576,0.5105146671621347,1.0,0.015625,59.859375
1541,-24.13240759745996,0.5124043232356005,1.0,0.015625,59.875
1542,-24.132593806947746,0.5103727778271953,1.0,0.125,60.0
1543,-24.132769129256474,0.5118905104407739,1.0,0.015625,60.015625
1544,-24.132911206207808,0.5110912754588278,1.0,0.03125,60.046875
1545,-24.133058521489655,0.5060978677889489,1.0,0.015625,60.0625
1546,-24.133163134779604,0.5033861730628572,1.0,0.015625,60.078125
1547,-24.133347504027356,0.5031783191293691,1.0,0.046875,60.125
1548,-24.13352611197407,0.5067956973442621,1.0,0.0,60.125
1549,-24.13368753315301,0.5041178294189208,1.0,0.015625,60.140625
1550,-24.13382010207334,0.5036766683398686,1.0,0.140625,60.28125
1551,-24.13392747100181,0.5034795756846895,1.0,0.03125,60.3125
1552,-24.134071172665305,0.5056237478879001,1.0,0.015625,60.328125
1553,-24.134165590988484,0.5078039119572487,1.0,0.015625,60.34375
1554,-24.13434386805152,0.5084802562637913,1.0,0.015625,60.359375
1555,-24.13446686439756,0.5069521578201012,1.0,0.140625,60.5
1556,-24.134548483955427,0.5054462784528978,1.0,0.015625,60.515625
1557,-24.13470050532633,0.5016454793349644,1.0,0.015625,60.53125
1558,-24.134828995271796,0.5039618056316559,1.0,0.078125,60.609375
1559,-24.134952166162563,0.5037921090810226,1.0,0.015625,60.625
1560,-24.135137801592222,0.49991902947914674,1.0,0.015625,60.640625
1561,-24.13524788957684,0.49849149616239524,1.0,0.140625,60.78125
1562,-24.135374043357885,0.49677220011462475,1.0,0.015625,60.796875
1563,-24.13548482646613,0.49953192826073295,1.0,0.015625,60.8125
1564,-24.13561612710087,0.49762664468178947,1.0,0.015625,60.828125
1565,-24.135720823244355,0.49599903885712704,1.0,0.140625,60.96875
1566,-24.13584919348019,0.4923350022169273,1.0,0.0,60.96875
1567,-24.135973532239777,0.4902012683033957,1.0,0.015625,60.984375
1568,-24.13611757931232,0.4917546382411567,1.0,0.015625,61.0
1569,-24.136227146110745,0.48911987038933696,1.0,0.03125,61.03125
1570,-24.136347867911812,0.48942392750266844,1.0,0.0,61.03125
1571,-24.13648851506319,0.4917072650165889,1.0,0.015625,61.046875
1572,-24.136586193089943,0.4886243621903125,1.0,0.015625,61.0625
1573,-24.13671490347589,0.4849432781648744,1.0,0.046875,61.109375
1574,-24.136814826058956,0.4844213680423094,1.0,0.0,61.109375
1575,-24.136971526640707,0.48407880141493925,1.0,0.015625,61.125
1576,-24.137062987577004,0.4815844044216973,1.0,0.125,61.25
1577,-24.137184106552304,0.4781790997651356,1.0,0.0,61.25
1578,-24.137276428575312,0.4779381043861357,1.0,0.015625,61.265625
1579,-24.137401664407633,0.47428415894658327,1.0,0.015625,61.28125
1580,-24.13746509302886,0.47325976295309363,1.0,0.140625,61.421875
1581,-24.137578606963448,0.4714034242969421,1.0,0.03125,61.453125
1582,-24.137659063813693,0.471647874077412,1.0,0.015625,61.46875
1583,-24.13776216186504,0.47267798774680564,1.0,0.09375,61.5625
1584,-24.13789643613338,0.47480715019736425,1.0,0.03125,61.59375
1585,-24.138007165191322,0.47566415612022966,1.0,0.0,61.59375
1586,-24.13812623051128,0.47832488699819475,1.0,0.015625,61.609375
1587,-24.138240411294895,0.4787340284331417,1.0,0.015625,61.625
1588,-24.138348726633737,0.4749514618586914,1.0,0.046875,61.671875
1589,-24.138495924114302,0.47563272558230285,1.0,0.015625,61.6875
1590,-24.138610276381044,0.473632934341452,1.0,0.015625,61.703125
1591,-24.138697119876863,0.47396509493612843,1.0,0.078125,61.78125
1592,-24.138804603600917,0.47023189460003606,1.0,0.015625,61.796875
1593,-24.138929641523614,0.4683895187588784,1.0,0.015625,61.8125
1594,-24.139074836996926,0.47420665781855537,1.0,0.015625,61.828125
1595,-24.13917790596234,0.47059529895370256,1.0,0.03125,61.859375
1596,-24.13930581494004,0.4671499460211352,1.0,0.015625,61.875
1597,-24.139431020678362,0.47016680826491286,1.0,0.015625,61.890625
1598,-24.139549537527405,0.46322485834516164,1.0,0.03125,61.921875
1599,-24.13968554887061,0.46252809877826495,1.0,0.015625,61.9375
1600,-24.139809930222338,0.4632287618029186,1.0,0.015625,61.953125
1601,-24.139923060240726,0.4636978161586874,1.0,0.03125,61.984375
1602,-24.140053110696606,0.4583883413705168,1.0,0.03125,62.015625
1603,-24.140145664830605,0.4587284804511259,1.0,0.015625,62.03125
1604,-24.140223830198902,0.4593774512764091,1.0,0.015625,62.046875
1605,-24.140375934836882,0.45707032335696113,1.0,0.0625,62.109375
1606,-24.140501466759893,0.45360596144504306,1.0,0.015625,62.125
1607,-24.14060041116404,0.4511130103475466,1.0,0.015625,62.140625
1608,-24.14070027461222,0.45138281829417176,1.0,0.0625,62.203125
1609,-24.140797905878234,0.45376082550321445,1.0,0.015625,62.21875
1610,-24.140900702070518,0.4542742307728562,1.0,0.015625,62.234375
1611,-24.141029012243365,0.45037682694632114,1.0,0.03125,62.265625
1612,-24.141120679383512,0.4472495594842129,1.0,0.015625,62.28125
1613,-24.141239508219343,0.44832288450971475,1.0,0.03125,62.3125
1614,-24.141335258556836,0.4476902734467294,1.0,0.015625,62.328125
1615,-24.141466062528625,0.44395003075095046,1.0,0.015625,62.34375
1616,-24.141551459202088,0.442563164462501,1.0,0.03125,62.375
1617,-24.141635461592273,0.4399485098948874,1.0,0.015625,62.390625
1618,-24.141744432903945,0.43645768293671083,1.0,0.078125,62.46875
1619,-24.141835664168553,0.43730225493617186,1.0,0.046875,62.515625
1620,-24.141924304981195,0.43972668037740426,1.0,0.015625,62.53125
1621,-24.1420033388385,0.44023487835901726,1.0,0.03125,62.5625
1622,-24.142156940392287,0.441795020638521,1.0,0.046875,62.609375
1623,-24.142242834726524,0.4420552006959938,1.0,0.03125,62.640625
1624,-24.14231966778247,0.4415208545888288,1.0,0.015625,62.65625
1625,-24.142411567979174,0.44212330333891847,1.0,0.03125,62.6875
1626,-24.14252701568564,0.4370749294285804,1.0,0.03125,62.71875
1627,-24.14263343443491,0.43811333654296963,1.0,0.015625,62.734375
1628,-24.142720999855563,0.44043932454832874,1.0,0.015625,62.75
1629,-24.142803498692953,0.4399477905196832,1.0,0.140625,62.890625
1630,-24.142900656454454,0.43543571156342703,1.0,0.015625,62.90625
1631,-24.143001547108703,0.43557885772763644,1.0,0.015625,62.921875
1632,-24.143081911611453,0.4357232340290922,1.0,0.140625,63.0625
1633,-24.143163596857406,0.4334526592450826,1.0,0.0,63.0625
1634,-24.143222203447923,0.43188706163204316,1.0,0.015625,63.078125
1635,-24.14331718683016,0.4285394685292727,1.0,0.015625,63.09375
1636,-24.14343368633437,0.42283937669496935,1.0,0.140625,63.234375
1637,-24.143519244420286,0.42090524285708797,1.0,0.015625,63.25
1638,-24.143582966041954,0.42077943929740314,1.0,0.015625,63.265625
1639,-24.14370221796552,0.4171311395839388,1.0,0.015625,63.28125
1640,-24.143804633985056,0.4206410166244148,1.0,0.140625,63.421875
1641,-24.143917806051782,0.41790445865212894,1.0,0.015625,63.4375
1642,-24.143981675385096,0.41618584827092797,1.0,0.140625,63.578125
1643,-24.14406568044073,0.41770731524343835,1.0,0.0,63.578125
1644,-24.144133682829683,0.41855665422961014,1.0,0.015625,63.59375
1645,-24.14422221708706,0.41752767724955897,1.0,0.125,63.71875
1646,-24.144315444650534,0.41718580269157185,1.0,0.015625,63.734375
1647,-24.144438500002817,0.41782977144317424,1.0,0.03125,63.765625
1648,-24.14453530588529,0.4183020311074078,1.0,0.015625,63.78125
1649,-24.14461084841677,0.41715617851417397,1.0,0.015625,63.796875
1650,-24.14473117813189,0.41711961359506466,1.0,0.125,63.921875
1651,-24.14481761166557,0.41590606257123314,1.0,0.015625,63.9375
1652,-24.144895604048163,0.42042067753364315,1.0,0.015625,63.953125
1653,-24.14500563081164,0.42038684070724447,1.0,0.078125,64.03125
1654,-24.145122706750627,0.41981183362546465,1.0,0.03125,64.0625
1655,-24.145210692472283,0.4205671115151019,1.0,0.015625,64.078125
1656,-24.14534359024528,0.420641428023121,1.0,0.015625,64.09375
1657,-24.14541797619398,0.418697826320102,1.0,0.03125,64.125
1658,-24.14551688400575,0.4173765770189534,1.0,0.0,64.125
1659,-24.145585924731147,0.4166043125259034,1.0,0.015625,64.140625
1660,-24.14568294562393,0.41197951959648904,1.0,0.078125,64.21875
1661,-24.14575934614622,0.4092936190655293,1.0,0.0,64.21875
1662,-24.145851468033385,0.4059730442252774,1.0,0.015625,64.234375
1663,-24.145939173512662,0.4098197685674411,1.0,0.015625,64.25
1664,-24.14602254573142,0.4109109245656735,1.0,0.046875,64.296875
1665,-24.14610468943948,0.4109224711760994,1.0,0.03125,64.328125
1666,-24.146186948746326,0.41173628988468464,1.0,0.015625,64.34375
1667,-24.146279793932212,0.4135579125116849,1.0,0.140625,64.484375
1668,-24.14636970129059,0.4055039867520372,1.0,0.015625,64.5
1669,-24.14643991918909,0.4077312027034939,1.0,0.015625,64.515625
1670,-24.14651463311856,0.40751400701224183,1.0,0.03125,64.546875
1671,-24.146582894683615,0.4093669087066551,1.0,0.015625,64.5625
1672,-24.146655531910962,0.40619035614675897,1.0,0.109375,64.671875
1673,-24.146730668812605,0.4061790710115897,1.0,0.03125,64.703125
1674,-24.146808434313826,0.4048651184035992,1.0,0.015625,64.71875
1675,-24.146909468560555,0.40734633937100456,1.0,0.015625,64.734375
1676,-24.146994057373927,0.4063902253527623,1.0,0.015625,64.75
1677,-24.147070280525128,0.4073202930779111,1.0,0.015625,64.765625
1678,-24.147125408428266,0.4051729841559329,1.0,0.015625,64.78125
1679,-24.14721689697189,0.41058677781587444,1.0,0.125,64.90625
1680,-24.1473352123371,0.4089824211479067,1.0,0.015625,64.921875
1681,-24.147413269179516,0.41001146372498126,1.0,0.015625,64.9375
1682,-24.147489378784407,0.40988265653587524,1.0,0.03125,64.96875
1683,-24.147556741937528,0.4046844368004443,1.0,0.015625,64.984375
1684,-24.14761139058659,0.4041184818357555,1.0,0.015625,65.0
1685,-24.147761160368074,0.4113248203588671,1.0,0.140625,65.140625
1686,-24.14782590987025,0.41169797409303277,1.0,0.0,65.140625
1687,-24.147910205133858,0.41343387205072646,1.0,0.015625,65.15625
1688,-24.147966981874713,0.411416939704615,1.0,0.015625,65.171875
1689,-24.148051860867668,0.4105098978194075,1.0,0.109375,65.28125
1690,-24.14814331953948,0.4062258413546937,1.0,0.015625,65.296875
1691,-24.14824813884805,0.40433272358803196,1.0,0.015625,65.3125
1692,-24.14831167598991,0.40401615368776217,1.0,0.140625,65.453125
1693,-24.148404046605798,0.4029536638959191,1.0,0.0,65.453125
1694,-24.148490897510097,0.40332628058578146,1.0,0.015625,65.46875
1695,-24.148538996970338,0.4055353252653278,1.0,0.0625,65.53125
1696,-24.148612993873584,0.4056685314043899,1.0,0.015625,65.546875
1697,-24.14868942336282,0.40586544786530426,1.0,0.015625,65.5625
1698,-24.14879327696126,0.4080132686550467,1.0,0.046875,65.609375
1699,-24.1488767891389,0.4073619450879925,1.0,0.015625,65.625
1700,-24.148955335638295,0.406243189929936,1.0,0.03125,65.65625
1701,-24.149054955019043,0.4020884317305334,1.0,0.015625,65.671875
1702,-24.14915598275534,0.400225745625868,1.0,0.015625,65.6875
1703,-24.14925272674851,0.3988568092262565,1.0,0.140625,65.828125
1704,-24.149331891290263,0.40168492652631443,1.0,0.015625,65.84375
1705,-24.149414645378346,0.39666454376661364,1.0,0.015625,65.859375
1706,-24.149492263622953,0.39501784131855905,1.0,0.109375,65.96875
1707,-24.14955868604436,0.40058960033603314,1.0,0.0,65.96875
1708,-24.149634657703906,0.39930427945081803,1.0,0.015625,65.984375
1709,-24.149725138613842,0.39870509675413907,1.0,0.125,66.109375
1710,-24.149810124657844,0.39717293939170145,1.0,0.015625,66.125
1711,-24.149900814189532,0.39891780661135495,1.0,0.015625,66.140625
1712,-24.1499866429516,0.39846129919433265,1.0,0.0625,66.203125
1713,-24.15003242217367,0.3980022500574972,1.0,0.015625,66.21875
1714,-24.150123707866904,0.3986783815971388,1.0,0.125,66.34375
1715,-24.15021224821182,0.40099173064956806,1.0,0.015625,66.359375
1716,-24.150309641924846,0.4037165557759952,1.0,0.015625,66.375
1717,-24.150416219101924,0.39953163959640653,1.0,0.078125,66.453125
1718,-24.150482587842767,0.39885218551523755,1.0,0.015625,66.46875
1719,-24.15054014515484,0.39517625398897355,1.0,0.015625,66.484375
1720,-24.150614264426604,0.3950209660412364,1.0,0.015625,66.5
1721,-24.150699214860545,0.3930861446873035,1.0,0.125,66.625
1722,-24.150784230957772,0.3932041216735494,1.0,0.015625,66.640625
1723,-24.150860520769594,0.39591440595357513,1.0,0.015625,66.65625
1724,-24.15093641705923,0.3919211910718775,1.0,0.109375,66.765625
1725,-24.150992956338452,0.3912906823975746,1.0,0.015625,66.78125
1726,-24.15107867008934,0.39279093547441374,1.0,0.015625,66.796875
1727,-24.151169554194567,0.38647729607331216,1.0,0.140625,66.9375
1728,-24.151262439200057,0.38380714994034354,1.0,0.015625,66.953125
1729,-24.151339511083716,0.38627660949927184,1.0,0.015625,66.96875
1730,-24.151415458915476,0.3850421283364967,1.0,0.125,67.09375
1731,-24.151480200581805,0.38425440943555556,1.0,0.015625,67.109375
1732,-24.151563718060924,0.3823642351811265,1.0,0.015625,67.125
1733,-24.151637354229315,0.38013353853852844,1.0,0.015625,67.140625
1734,-24.151711037353284,0.38230834103460437,1.0,0.015625,67.15625
1735,-24.151777677944242,0.38389968825016807,1.0,0.109375,67.265625
1736,-24.15185212617793,0.3815518881720749,1.0,0.015625,67.28125
1737,-24.151901233215217,0.3811765656195362,1.0,0.015625,67.296875
1738,-24.151992289019102,0.3844310188128237,1.0,0.125,67.421875
1739,-24.152059083297694,0.3832787118852939,1.0,0.015625,67.4375
1740,-24.152141068995377,0.37869116139746645,1.0,0.015625,67.453125
1741,-24.152249428461634,0.3797641101675022,1.0,0.015625,67.46875
1742,-24.15232204588417,0.37794000854792875,1.0,0.125,67.59375
1743,-24.15242190228019,0.37870055948990633,1.0,0.046875,67.640625
1744,-24.15249218976647,0.3759598410274404,1.0,0.015625,67.65625
1745,-24.152546061445733,0.3749425696566479,1.0,0.078125,67.734375
1746,-24.15262683926701,0.3731436876547333,1.0,0.03125,67.765625
1747,-24.152717606892253,0.3724750965863162,1.0,0.015625,67.78125
1748,-24.152793972028743,0.37133777352501945,1.0,0.03125,67.8125
1749,-24.152882869185994,0.36771022608494397,1.0,0.015625,67.828125
1750,-24.1529882263155,0.37068287580550535,1.0,0.0,67.828125
1751,-24.153047485024622,0.3723158721006362,1.0,0.015625,67.84375
1752,-24.153098540802958,0.37161483722160493,1.0,0.046875,67.890625
1753,-24.153183548421072,0.3704987702990427,1.0,0.0,67.890625
1754,-24.1532385972757,0.3701246518276948,1.0,0.015625,67.90625
1755,-24.153288539702505,0.37175923600836636,1.0,0.078125,67.984375
1756,-24.15336641712041,0.3726438953399243,1.0,0.015625,68.0
1757,-24.15343931737,0.3731676672152535,1.0,0.015625,68.015625
1758,-24.15351022127683,0.37005968542468015,1.0,0.03125,68.046875
1759,-24.15359352168674,0.3743155172456753,1.0,0.015625,68.0625
1760,-24.153645624880816,0.37295244895921925,1.0,0.015625,68.078125
1761,-24.15371587750547,0.37342684334746434,1.0,0.046875,68.125
1762,-24.15377583871995,0.3735873831428198,1.0,0.015625,68.140625
1763,-24.153851323881312,0.37411984609701165,1.0,0.015625,68.15625
1764,-24.153911853509467,0.37366525793018746,1.0,0.015625,68.171875
1765,-24.153976184651032,0.37396329821796026,1.0,0.03125,68.203125
1766,-24.154072673524578,0.37345568228894266,1.0,0.03125,68.234375
1767,-24.154154147827562,0.3732603959689094,1.0,0.015625,68.25
1768,-24.154210418891992,0.37067835615431427,1.0,0.015625,68.265625
1769,-24.154285634213526,0.36947986576761743,1.0,0.03125,68.296875
1770,-24.154369592355295,0.3695494472834689,1.0,0.015625,68.3125
1771,-24.154415217963543,0.3697333648344237,1.0,0.015625,68.328125
1772,-24.154486608180818,0.3670835856213316,1.0,0.078125,68.40625
1773,-24.154570034210035,0.36791831425722993,1.0,0.046875,68.453125
1774,-24.15463574658223,0.36604766799616184,1.0,0.015625,68.46875
1775,-24.15473031345982,0.36112915852569755,1.0,0.015625,68.484375
1776,-24.15479743378866,0.3596881875385739,1.0,0.046875,68.53125
1777,-24.15485575622586,0.35626512545409866,1.0,0.0,68.53125
1778,-24.154925705576396,0.3560191145355321,1.0,0.015625,68.546875
1779,-24.15498759083409,0.35611141564981297,1.0,0.046875,68.59375
1780,-24.155054825492048,0.35989389716243364,1.0,0.0,68.59375
1781,-24.155140549147763,0.36021307044878814,1.0,0.015625,68.609375
1782,-24.155208709072756,0.36178269095721277,1.0,0.03125,68.640625
1783,-24.155253333216894,0.3601891773596489,1.0,0.140625,68.78125
1784,-24.155298786955672,0.3608454981694553,1.0,0.015625,68.796875
1785,-24.15538524504044,0.35755272049038467,1.0,0.125,68.921875
1786,-24.155448423561822,0.35788621695374395,1.0,0.0,68.921875
1787,-24.155523276544038,0.3579730980390715,1.0,0.015625,68.9375
1788,-24.155583151950992,0.35290751505720774,1.0,0.078125,69.015625
1789,-24.155633829240585,0.3519678741970926,1.0,0.0,69.015625
1790,-24.155687160020303,0.35281680534564225,1.0,0.015625,69.03125
1791,-24.155754160043937,0.35025076782864345,1.0,0.125,69.15625
1792,-24.15582499969928,0.35106067134554025,1.0,0.015625,69.171875
1793,-24.155900071627283,0.3484853395155453,1.0,0.03125,69.203125
1794,-24.155958030341274,0.3462329895479022,1.0,0.015625,69.21875
1795,-24.155990332966084,0.34601995036055627,1.0,0.0,69.21875
1796,-24.1560446420918,0.34560071499151634,1.0,0.015625,69.234375
1797,-24.156105258314188,0.3447628336490062,1.0,0.0625,69.296875
1798,-24.1562025050433,0.3439413877258209,1.0,0.015625,69.3125
1799,-24.156266458296916,0.3431133648562119,1.0,0.140625,69.453125
1800,-24.156322793667567,0.3438806395643951,1.0,0.015625,69.46875
1801,-24.156380508789365,0.34408298706646046,1.0,0.015625,69.484375
1802,-24.156457708094347,0.3434413394181306,1.0,0.0625,69.546875
1803,-24.156512240046542,0.3393891185249867,1.0,0.015625,69.5625
1804,-24.15659560985471,0.3435094847422645,1.0,0.015625,69.578125
1805,-24.156656615834123,0.34078973236056037,1.0,0.109375,69.6875
1806,-24.156725592858745,0.33638393110312054,1.0,0.015625,69.703125
1807,-24.156773224709145,0.3379623819131252,1.0,0.015625,69.71875
1808,-24.156822896552722,0.3378348789754191,1.0,0.03125,69.75
1809,-24.156906967308153,0.34064520270548815,1.0,0.046875,69.796875
1810,-24.15695698703999,0.33963128071014836,1.0,0.015625,69.8125
1811,-24.15699550157716,0.3411043218226947,1.0,0.125,69.9375
1812,-24.157062239444837,0.3368776911009557,1.0,0.03125,69.96875
1813,-24.15712080788501,0.33734768949367305,1.0,0.015625,69.984375
1814,-24.15718478335845,0.33577027561941264,1.0,0.125,70.109375
1815,-24.15726118803693,0.33412816595520994,1.0,0.015625,70.125
1816,-24.15732183657055,0.3339319997583707,1.0,0.015625,70.140625
1817,-24.157382055157196,0.33398091347464043,1.0,0.046875,70.1875
1818,-24.157420944280478,0.33254886664545624,1.0,0.015625,70.203125
1819,-24.157469315017487,0.3318318481839136,1.0,0.015625,70.21875
1820,-24.157533938625853,0.3342717464901394,1.0,0.03125,70.25
1821,-24.157582547734048,0.33423170412125525,1.0,0.015625,70.265625
1822,-24.157646872659036,0.33481812796443333,1.0,0.015625,70.28125
1823,-24.15768751522852,0.3338675710551233,1.0,0.046875,70.328125
1824,-24.157734293792156,0.3346589627655941,1.0,0.015625,70.34375
1825,-24.15779125264944,0.33114370584651637,1.0,0.046875,70.390625
1826,-24.157843818212076,0.33209487721276393,1.0,0.015625,70.40625
1827,-24.157900451822524,0.3321411177623891,1.0,0.015625,70.421875
1828,-24.157978212901536,0.32990565718659776,1.0,0.03125,70.453125
1829,-24.15803565479634,0.329652715601506,1.0,0.015625,70.46875
1830,-24.158085050470266,0.3300881720359858,1.0,0.03125,70.5
1831,-24.15815360656353,0.3300680221247618,1.0,0.015625,70.515625
1832,-24.158221584971063,0.33037293343735225,1.0,0.015625,70.53125
1833,-24.15827095278539,0.3317466254614958,1.0,0.015625,70.546875
1834,-24.158319266235925,0.329219948493456,1.0,0.03125,70.578125
1835,-24.158365298994866,0.3307816870720869,1.0,0.0,70.578125
1836,-24.15842563801065,0.32885168811947396,1.0,0.015625,70.59375
1837,-24.158485350122266,0.3300473181313503,1.0,0.03125,70.625
1838,-24.158528742341026,0.33046558738704457,1.0,0.015625,70.640625
1839,-24.158567260208972,0.32907156680445754,1.0,0.015625,70.65625
1840,-24.158625049225684,0.32881883165204356,1.0,0.03125,70.6875
1841,-24.15868307490226,0.3288301302335423,1.0,0.015625,70.703125
1842,-24.158747599981336,0.32609327227817014,1.0,0.015625,70.71875
1843,-24.158789685023418,0.3258784842706267,1.0,0.109375,70.828125
1844,-24.15884863056301,0.3274787172322507,1.0,0.0,70.828125
1845,-24.158896971591783,0.32776162597993125,1.0,0.015625,70.84375
1846,-24.15898615238922,0.3286195548759549,1.0,0.03125,70.875
1847,-24.15904034082677,0.32980633566563206,1.0,0.015625,70.890625
1848,-24.159095209363922,0.3267106955801977,1.0,0.015625,70.90625
1849,-24.15914103238797,0.3268054385905565,1.0,0.015625,70.921875
1850,-24.159208929195465,0.3261039198475281,1.0,0.140625,71.0625
1851,-24.15925653595515,0.3279279438659891,1.0,0.015625,71.078125
1852,-24.159315032699446,0.326923127245311,1.0,0.015625,71.09375
1853,-24.15936532816052,0.32334725167209855,1.0,0.0625,71.15625
1854,-24.15940276500684,0.3245632320629086,1.0,0.015625,71.171875
1855,-24.15945160252701,0.3212478771810038,1.0,0.015625,71.1875
1856,-24.15950804592556,0.31947694967886603,1.0,0.015625,71.203125
1857,-24.159568374996425,0.3165402793172684,1.0,0.03125,71.234375
1858,-24.15960749336399,0.3176672043733972,1.0,0.015625,71.25
1859,-24.159668908387864,0.3160835591896595,1.0,0.015625,71.265625
1860,-24.15972314924873,0.3150174654186052,1.0,0.140625,71.40625
1861,-24.159766195546304,0.31721077137004355,1.0,0.015625,71.421875
1862,-24.1598151925156,0.3170414630669138,1.0,0.015625,71.4375
1863,-24.15986561091424,0.3140904124964071,1.0,0.015625,71.453125
1864,-24.159918209427094,0.31211549455581944,1.0,0.109375,71.5625
1865,-24.15997305109568,0.3118807551566757,1.0,0.015625,71.578125
1866,-24.16003413238233,0.31026739125974073,1.0,0.125,71.703125
1867,-24.16007572958617,0.3103734024962697,1.0,0.015625,71.71875
1868,-24.160131696413398,0.3129035070312704,1.0,0.125,71.84375
1869,-24.16018950907789,0.31564795801353684,1.0,0.015625,71.859375
1870,-24.160247493334722,0.31751635995133565,1.0,0.015625,71.875
1871,-24.160316380343,0.3164868376734828,1.0,0.015625,71.890625
1872,-24.16037843024151,0.31645933003970556,1.0,0.046875,71.9375
1873,-24.1604427406213,0.31467645845107295,1.0,0.015625,71.953125
1874,-24.16049551509876,0.31202011525745993,1.0,0.03125,71.984375
1875,-24.16055083691304,0.3067899775251561,1.0,0.015625,72.0
1876,-24.16059159634942,0.3066759668824757,1.0,0.015625,72.015625
1877,-24.16065328725942,0.3099328735590855,1.0,0.046875,72.0625
1878,-24.160699899014606,0.30880323363924655,1.0,0.015625,72.078125
1879,-24.160740076030955,0.3099720951641483,1.0,0.015625,72.09375
1880,-24.16077680778973,0.3078743357363618,1.0,0.03125,72.125
1881,-24.16081969560186,0.30686601576191064,1.0,0.015625,72.140625
1882,-24.16087930996713,0.3084778111149671,1.0,0.015625,72.15625
1883,-24.160940614633653,0.30748060232181956,1.0,0.140625,72.296875
1884,-24.16098496491604,0.30647132386025216,1.0,0.0,72.296875
1885,-24.16107225843306,0.30796542018705236,1.0,0.015625,72.3125
1886,-24.161121350092554,0.3070692840579093,1.0,0.03125,72.34375
1887,-24.161149109382933,0.305422259159893,1.0,0.046875,72.390625
1888,-24.161189107760237,0.30582757966880314,1.0,0.015625,72.40625
1889,-24.16121891589832,0.30755772975712675,1.0,0.0625,72.46875
1890,-24.16126531591449,0.30995187382821704,1.0,0.046875,72.515625
1891,-24.161302165088046,0.3079578836299928,1.0,0.015625,72.53125
1892,-24.16133439270152,0.30606030102775117,1.0,0.09375,72.625
1893,-24.161378403535963,0.30399464438939705,1.0,0.015625,72.640625
1894,-24.161426606398262,0.3047706922485814,1.0,0.015625,72.65625
1895,-24.161491217274207,0.3053692227711005,1.0,0.03125,72.6875
1896,-24.16153752562763,0.3074635742164454,1.0,0.015625,72.703125
1897,-24.16157520960827,0.3067581522378834,1.0,0.015625,72.71875
1898,-24.16162346111449,0.3063852927645798,1.0,0.015625,72.734375
1899,-24.161658038683203,0.30440336147030567,1.0,0.03125,72.765625
1900,-24.161701374461764,0.3017406071630157,1.0,0.015625,72.78125
1901,-24.161750174493843,0.29896195890696414,1.0,0.015625,72.796875
1902,-24.161787862783317,0.29999842836196455,1.0,0.046875,72.84375
1903,-24.161823760164122,0.3002533751455897,1.0,0.015625,72.859375
1904,-24.161870401614607,0.2998480149671729,1.0,0.015625,72.875
1905,-24.161907302953733,0.3003164515498575,1.0,0.015625,72.890625
1906,-24.161954295389844,0.2985503131592617,1.0,0.078125,72.96875
1907,-24.162002931996472,0.2976215468181101,1.0,0.0,72.96875
1908,-24.162066174507288,0.29918613577980496,1.0,0.015625,72.984375
1909,-24.16209914198542,0.29877968848808395,1.0,0.015625,73.0
1910,-24.16214407849044,0.29544737048224,1.0,0.140625,73.140625
1911,-24.162175596478065,0.2951656728516432,1.0,0.015625,73.15625
1912,-24.162227712071452,0.29167455341864906,1.0,0.015625,73.171875
1913,-24.162269747006466,0.29357962864756787,1.0,0.03125,73.203125
1914,-24.16229763291442,0.2949745611403914,1.0,0.046875,73.25
1915,-24.162360535705904,0.2971380083051393,1.0,0.015625,73.265625
1916,-24.16242833239168,0.2994282575155922,1.0,0.078125,73.34375
1917,-24.16247730115049,0.2980717740536054,1.0,0.015625,73.359375
1918,-24.162505398046772,0.29942009890823995,1.0,0.015625,73.375
1919,-24.16253986845434,0.30059749735668534,1.0,0.046875,73.421875
1920,-24.16258844294245,0.30071303717649134,1.0,0.015625,73.4375
1921,-24.162633407255967,0.29911491494533815,1.0,0.015625,73.453125
1922,-24.162679808195556,0.29639421985232717,1.0,0.046875,73.5
1923,-24.16271676963564,0.2968185463849918,1.0,0.015625,73.515625
1924,-24.16275183456388,0.2962162416683236,1.0,0.015625,73.53125
1925,-24.162801664167805,0.29576816968904845,1.0,0.078125,73.609375
1926,-24.162844744234068,0.29417074384418185,1.0,0.015625,73.625
1927,-24.162898390287854,0.29044433881524034,1.0,0.046875,73.671875
1928,-24.16294313362852,0.29138126221629307,1.0,0.015625,73.6875
1929,-24.16299070696257,0.28980657445603897,1.0,0.015625,73.703125
1930,-24.163026621635694,0.29086606461882997,1.0,0.03125,73.734375
1931,-24.163062246496203,0.290115927759827,1.0,0.046875,73.78125
1932,-24.163112867111444,0.28930464158474006,1.0,0.015625,73.796875
1933,-24.16316284854628,0.28536293341668884,1.0,0.015625,73.8125
1934,-24.163209567332043,0.28579001860955533,1.0,0.140625,73.953125
1935,-24.163244422092397,0.28553073489427266,1.0,0.015625,73.96875
1936,-24.16328717826087,0.2851321911750608,1.0,0.015625,73.984375
1937,-24.163323055010718,0.28572919672943375,1.0,0.03125,74.015625
1938,-24.163380020960624,0.28648877562530567,1.0,0.015625,74.03125
1939,-24.16342596219642,0.2861551914439977,1.0,0.109375,74.140625
1940,-24.163472823469696,0.28521340851410754,1.0,0.046875,74.1875
1941,-24.163512594855078,0.28506406123819056,1.0,0.015625,74.203125
1942,-24.163547376059057,0.2838416178728324,1.0,0.015625,74.21875
1943,-24.163586062774773,0.28396098646123624,1.0,0.140625,74.359375
1944,-24.16362108639247,0.28473163571218024,1.0,0.015625,74.375
1945,-24.16367025089304,0.28419111822815807,1.0,0.015625,74.390625
1946,-24.163703147934164,0.2853554086352893,1.0,0.015625,74.40625
1947,-24.163731587405998,0.28545956251524546,1.0,0.140625,74.546875
1948,-24.1637617040177,0.2841321767311753,1.0,0.03125,74.578125
1949,-24.163800698660374,0.28215648567834256,1.0,0.015625,74.59375
1950,-24.16386104280823,0.2826758875564475,1.0,0.125,74.71875
1951,-24.163908902190002,0.2823040513804205,1.0,0.03125,74.75
1952,-24.16395774022681,0.2825178381686127,1.0,0.015625,74.765625
1953,-24.163998847372092,0.2811554598216071,1.0,0.015625,74.78125
1954,-24.164036120552304,0.2814011100733468,1.0,0.140625,74.921875
1955,-24.164077337495424,0.2777509216853587,1.0,0.015625,74.9375
1956,-24.164116839636037,0.2783276201728928,1.0,0.03125,74.96875
1957,-24.1641680624849,0.280288485169056,1.0,0.015625,74.984375
1958,-24.16421037288922,0.28033515671467896,1.0,0.015625,75.0
1959,-24.164242126159607,0.27984894524969617,1.0,0.125,75.125
1960,-24.16427781883176,0.2802120530084578,1.0,0.015625,75.140625
1961,-24.164314745202987,0.281023229824146,1.0,0.015625,75.15625
1962,-24.164365115304903,0.2797569393175625,1.0,0.140625,75.296875
1963,-24.16440961921174,0.2804764401946014,1.0,0.0,75.296875
1964,-24.164453193030283,0.2775604884082475,1.0,0.015625,75.3125
1965,-24.16449111241411,0.27651136062099324,1.0,0.140625,75.453125
1966,-24.164532216235152,0.2751407417254717,1.0,0.015625,75.46875
1967,-24.16457588105488,0.27395851282641953,1.0,0.015625,75.484375
1968,-24.16462104200597,0.27441424770313705,1.0,0.015625,75.5
1969,-24.16466420377282,0.2745981639016235,1.0,0.078125,75.578125
1970,-24.164705386976546,0.27490379405057935,1.0,0.0,75.578125
1971,-24.16473359428362,0.27414730253820907,1.0,0.015625,75.59375
1972,-24.164768884696585,0.2726798712912072,1.0,0.140625,75.734375
1973,-24.1648143671647,0.27285755194891964,1.0,0.015625,75.75
1974,-24.164858334113,0.2721536025749238,1.0,0.0,75.75
1975,-24.164895183311312,0.27008684994877064,1.0,0.015625,75.765625
1976,-24.16493306767448,0.2702100888633272,1.0,0.03125,75.796875
1977,-24.16497187174933,0.26886086322838343,1.0,0.015625,75.8125
1978,-24.164996740211993,0.26768043380214496,1.0,0.03125,75.84375
1979,-24.165037793067178,0.26758171292752103,1.0,0.015625,75.859375
1980,-24.16506762019804,0.26911403648911136,1.0,0.015625,75.875
1981,-24.165097730388723,0.2701188641484942,1.0,0.03125,75.90625
1982,-24.165141596832537,0.26881560619842193,1.0,0.015625,75.921875
1983,-24.165185620234226,0.267649003709798,1.0,0.015625,75.9375
1984,-24.16523142204173,0.26601504114875874,1.0,0.0625,76.0
1985,-24.165278883561005,0.26615343865000174,1.0,0.0,76.0
1986,-24.16532767805757,0.26331965756964154,1.0,0.015625,76.015625
1987,-24.16536045629164,0.2636595817316651,1.0,0.140625,76.15625
1988,-24.165408833905317,0.2625162753510613,1.0,0.0,76.15625
1989,-24.165443289575645,0.26179552131206685,1.0,0.015625,76.171875
1990,-24.165476069537217,0.26255839734053715,1.0,0.140625,76.3125
1991,-24.165505003558593,0.2622035685809656,1.0,0.015625,76.328125
1992,-24.16555600314686,0.25930520005343277,1.0,0.015625,76.34375
1993,-24.165582820712185,0.2599690288951765,1.0,0.015625,76.359375
1994,-24.165606776455537,0.259582580274453,1.0,0.046875,76.40625
1995,-24.165645580820627,0.2598841805972119,1.0,0.015625,76.421875
1996,-24.16567506629037,0.2602721138669357,1.0,0.140625,76.5625
1997,-24.165713582584033,0.25849425759585265,1.0,0.015625,76.578125
1998,-24.165743037179148,0.2578738996173744,1.0,0.015625,76.59375
1999,-24.16577953462213,0.258224275566959,1.0,0.015625,76.609375
2000,-24.165826032012145,0.25848865979927027,1.0,0.046875,76.65625
2001,-24.165860228663636,0.26029863418716037,1.0,0.140625,76.796875
2002,-24.165891181365055,0.2585592215432069,1.0,0.03125,76.828125
2003,-24.16592270297285,0.2598197494059066,1.0,0.015625,76.84375
2004,-24.165953844728513,0.2586786513495318,1.0,0.109375,76.953125
2005,-24.165984400063277,0.25730666053293905,1.0,0.015625,76.96875
2006,-24.16601497491885,0.2583877846300719,1.0,0.03125,77.0
2007,-24.166049441451918,0.2592390749118133,1.0,0.015625,77.015625
2008,-24.166073555551932,0.25701393398554295,1.0,0.015625,77.03125
2009,-24.16611465083968,0.25753013738096264,1.0,0.03125,77.0625
2010,-24.166147713642495,0.25979094423946303,1.0,0.0,77.0625
2011,-24.166183839568415,0.25906500239001634,1.0,0.015625,77.078125
2012,-24.16620891813846,0.25802632899762773,1.0,0.140625,77.21875
2013,-24.166236439070754,0.25738647467328624,1.0,0.0,77.21875
2014,-24.16626768252011,0.25816576429789595,1.0,0.015625,77.234375
2015,-24.166293306788493,0.2575579541273698,1.0,0.015625,77.25
2016,-24.16633301933519,0.2557585921535272,1.0,0.203125,77.453125
2017,-24.166369234520804,0.2570121051346725,1.0,0.015625,77.46875
2018,-24.166393638067998,0.2556790270213925,1.0,0.015625,77.484375
2019,-24.166420363461153,0.2554305707751486,1.0,0.09375,77.578125
2020,-24.166458172403114,0.2525769449216629,1.0,0.03125,77.609375
2021,-24.166487342809326,0.25226984275496367,1.0,0.0,77.609375
2022,-24.166514426186215,0.25267568510603533,1.0,0.015625,77.625
2023,-24.166544620087606,0.2511690133739204,1.0,0.140625,77.765625
2024,-24.16657782315586,0.2501240095270747,1.0,0.0,77.765625
2025,-24.1666061427097,0.2497720543365182,1.0,0.03125,77.796875
2026,-24.16664534975687,0.2514927775779448,1.0,0.03125,77.828125
2027,-24.166674970766852,0.2515013688899778,1.0,0.03125,77.859375
2028,-24.16670699438603,0.25105612784596726,1.0,0.015625,77.875
2029,-24.16674882396004,0.2510590735165046,1.0,0.03125,77.90625
2030,-24.166780895420704,0.24903967222979975,1.0,0.015625,77.921875
2031,-24.166810694343713,0.24672191224928003,1.0,0.140625,78.0625
2032,-24.166848448591157,0.24716369177621847,1.0,0.015625,78.078125
2033,-24.166876090321722,0.24679200490537098,1.0,0.0625,78.140625
2034,-24.16690832907937,0.24596406696270395,1.0,0.0,78.140625
2035,-24.16694103423202,0.2454537283438861,1.0,0.03125,78.171875
2036,-24.166960958924232,0.24665662521506787,1.0,0.015625,78.1875
2037,-24.166991686633303,0.24626898450982732,1.0,0.03125,78.21875
2038,-24.167014712539086,0.2449348745407415,1.0,0.015625,78.234375
2039,-24.167054704099407,0.24519089781434933,1.0,0.015625,78.25
2040,-24.167088523611888,0.24777923583779127,1.0,0.140625,78.390625
2041,-24.167115062570595,0.24747552961401376,1.0,0.015625,78.40625
2042,-24.167155147890437,0.2466427448461213,1.0,0.015625,78.421875
2043,-24.167180460699868,0.24468396798946812,1.0,0.140625,78.5625
2044,-24.167208342648788,0.24287972246822245,1.0,0.0,78.5625
2045,-24.167233736262418,0.2444885868573054,1.0,0.015625,78.578125
2046,-24.167260532306088,0.24520947061841727,1.0,0.03125,78.609375
2047,-24.167288664438637,0.24546010176654487,1.0,0.015625,78.625
2048,-24.16733581690358,0.24662393266483942,1.0,0.109375,78.734375
2049,-24.16736902782121,0.24579443662983447,1.0,0.015625,78.75
2050,-24.167404899649924,0.2456886213726243,1.0,0.015625,78.765625
2051,-24.16743680554665,0.243990858259548,1.0,0.03125,78.796875
2052,-24.167464547163505,0.2440075763083076,1.0,0.015625,78.8125
2053,-24.167501132910235,0.24426779269857635,1.0,0.046875,78.859375
2054,-24.167522931075734,0.24402179459059786,1.0,0.015625,78.875
2055,-24.167549204718675,0.24400527514124398,1.0,0.140625,79.015625
2056,-24.167581064896616,0.24035240165293353,1.0,0.0,79.015625
2057,-24.16760128059799,0.24000727914700049,1.0,0.015625,79.03125
2058,-24.167632557105165,0.24128935641457902,1.0,0.03125,79.0625
2059,-24.167662438989016,0.23893991322280583,1.0,0.015625,79.078125
2060,-24.167693084621273,0.2403572608698886,1.0,0.015625,79.09375
2061,-24.167729477854277,0.23783064296457465,1.0,0.09375,79.1875
2062,-24.16775402883046,0.23739776356092007,1.0,0.0,79.1875
2063,-24.167793014543197,0.2368675810638585,1.0,0.015625,79.203125
2064,-24.167818136926083,0.2372783762961031,1.0,0.125,79.328125
2065,-24.16785184575471,0.23742795573829836,1.0,0.015625,79.34375
2066,-24.167881830855023,0.23698853636678766,1.0,0.015625,79.359375
2067,-24.167905147264843,0.23738644056272912,1.0,0.140625,79.5
2068,-24.16793780294883,0.23761690482948727,1.0,0.046875,79.546875
2069,-24.167970097310512,0.23828290485811016,1.0,0.015625,79.5625
2070,-24.167997646384116,0.23780612707067483,1.0,0.015625,79.578125
2071,-24.168031551441555,0.23992836920925356,1.0,0.140625,79.71875
2072,-24.168062533259654,0.24106593879841365,1.0,0.015625,79.734375
2073,-24.16808839155655,0.2419323352728959,1.0,0.015625,79.75
2074,-24.168115794841828,0.2413915703760737,1.0,0.015625,79.765625
2075,-24.168155042474257,0.24245863847917062,1.0,0.046875,79.8125
2076,-24.168189638784884,0.2414367459423181,1.0,0.015625,79.828125
2077,-24.16821925850124,0.24210965322140762,1.0,0.015625,79.84375
2078,-24.1682434253892,0.24076674753467464,1.0,0.125,79.96875
2079,-24.168277419349995,0.24212311894596766,1.0,0.015625,79.984375
2080,-24.16831065462081,0.24386240791380032,1.0,0.03125,80.015625
2081,-24.16834046198847,0.24279823579865423,1.0,0.0,80.015625
2082,-24.16838234564195,0.24017861400496096,1.0,0.015625,80.03125
2083,-24.168414110229982,0.241873889623102,1.0,0.046875,80.078125
2084,-24.168449039017954,0.24183251642195558,1.0,0.015625,80.09375
2085,-24.168474126348716,0.24077996766459944,1.0,0.125,80.21875
2086,-24.168500744686146,0.24009341441241772,1.0,0.015625,80.234375
2087,-24.16851759477885,0.2389990765408915,1.0,0.015625,80.25
2088,-24.168550769587256,0.2360562840018036,1.0,0.0625,80.3125
2089,-24.16858638285712,0.23843176842653596,1.0,0.015625,80.328125
2090,-24.16861456595975,0.23696281945905215,1.0,0.015625,80.34375
2091,-24.168650619929608,0.23627165323623775,1.0,0.015625,80.359375
2092,-24.16868324165319,0.2361244154855372,1.0,0.015625,80.375
2093,-24.168706844100885,0.2360989948886019,1.0,0.015625,80.390625
2094,-24.168741594360085,0.23567140243996676,1.0,0.109375,80.5
2095,-24.1687691218064,0.23383391022585523,1.0,0.03125,80.53125
2096,-24.16879909682902,0.23266680419417157,1.0,0.015625,80.546875
2097,-24.16883481079446,0.23367187857449737,1.0,0.140625,80.6875
2098,-24.168852676300528,0.23328240812898166,1.0,0.015625,80.703125
2099,-24.16887827147374,0.23429426974758819,1.0,0.015625,80.71875
2100,-24.16890870912173,0.23258386927120042,1.0,0.140625,80.859375
2101,-24.168927116775052,0.23362829901090923,1.0,0.03125,80.890625
2102,-24.168950613263537,0.23284032955402165,1.0,0.015625,80.90625
2103,-24.168980001802346,0.23279067906968148,1.0,0.140625,81.046875
2104,-24.169015059133496,0.23055659197907696,1.0,0.015625,81.0625
2105,-24.1690444581457,0.22876340047181987,1.0,0.015625,81.078125
2106,-24.169067882453113,0.22965567266878156,1.0,0.03125,81.109375
2107,-24.16909458370559,0.2290815890015197,1.0,0.015625,81.125
2108,-24.16912512191386,0.2294072962203957,1.0,0.015625,81.140625
2109,-24.169154440836824,0.22856240326084465,1.0,0.140625,81.28125
2110,-24.169187398587958,0.22838663715871507,1.0,0.015625,81.296875
2111,-24.16922703905879,0.2267646754188494,1.0,0.015625,81.3125
2112,-24.169270179865403,0.22644254582250922,1.0,0.125,81.4375
2113,-24.169304869412766,0.22467507222483704,1.0,0.03125,81.46875
2114,-24.169323956276678,0.22518722387618648,1.0,0.015625,81.484375
2115,-24.16934801087849,0.2250856417633118,1.0,0.015625,81.5
2116,-24.169369869705598,0.22467232558569836,1.0,0.03125,81.53125
2117,-24.169391795852498,0.22635155001289398,1.0,0.015625,81.546875
2118,-24.16940981076288,0.2262434523503042,1.0,0.03125,81.578125
2119,-24.169437466983183,0.2265807569569943,1.0,0.09375,81.671875
2120,-24.169473539203132,0.2247598673043389,1.0,0.015625,81.6875
2121,-24.169494660126304,0.22342608490327293,1.0,0.09375,81.78125
2122,-24.1695225206781,0.22241364192910917,1.0,0.015625,81.796875
2123,-24.169543215566026,0.22292270889098714,1.0,0.03125,81.828125
2124,-24.169565138996422,0.22310557248479057,1.0,0.125,81.953125
2125,-24.169598620553753,0.22316961519042738,1.0,0.03125,81.984375
2126,-24.16962400335519,0.22367180541863518,1.0,0.015625,82.0
2127,-24.16965435045483,0.22172560572878247,1.0,0.0625,82.0625
2128,-24.16967727941389,0.22285207960785294,1.0,0.015625,82.078125
2129,-24.16969704054165,0.2217190294726259,1.0,0.015625,82.09375
2130,-24.16973481518415,0.22075020894672395,1.0,0.015625,82.109375
2131,-24.1697572950748,0.22048101892280828,1.0,0.140625,82.25
2132,-24.16978326664539,0.22055238018683374,1.0,0.015625,82.265625
2133,-24.169803383614866,0.2196822357541563,1.0,0.109375,82.375
2134,-24.169822164691407,0.21974108458685315,1.0,0.015625,82.390625
2135,-24.169845725871582,0.21817860060623054,1.0,0.140625,82.53125
2136,-24.169866634122894,0.21728427511308265,1.0,0.0,82.53125
2137,-24.169892523639973,0.21600625558562195,1.0,0.015625,82.546875
2138,-24.169916992198036,0.21558015553181548,1.0,0.140625,82.6875
2139,-24.169939788051586,0.21520249138417336,1.0,0.015625,82.703125
2140,-24.169960617198473,0.21499221035589505,1.0,0.015625,82.71875
2141,-24.169984323397006,0.21660121054474737,1.0,0.03125,82.75
2142,-24.170004760196715,0.21690548585184233,1.0,0.015625,82.765625
2143,-24.17002816773485,0.21627523164744336,1.0,0.140625,82.90625
2144,-24.17005378989273,0.21873667176322717,1.0,0.015625,82.921875
2145,-24.17008373124886,0.2188577295489819,1.0,0.015625,82.9375
2146,-24.170106588097056,0.21670426324314798,1.0,0.140625,83.078125
2147,-24.170126096500095,0.21739132587758883,1.0,0.015625,83.09375
2148,-24.170148616638524,0.216255575699729,1.0,0.015625,83.109375
2149,-24.17016512197337,0.21567793829259127,1.0,0.09375,83.203125
2150,-24.170185452287477,0.21554310965122622,1.0,0.015625,83.21875
2151,-24.170206972303202,0.21537366404871558,1.0,0.0,83.21875
2152,-24.170228612155753,0.2150585050873429,1.0,0.015625,83.234375
2153,-24.170244048670728,0.21522697093932497,1.0,0.03125,83.265625
2154,-24.170269472887945,0.2167504039887367,1.0,0.015625,83.28125
2155,-24.1702914182713,0.21657170652507873,1.0,0.015625,83.296875
2156,-24.170322814155554,0.21603130214948937,1.0,0.109375,83.40625
2157,-24.170340362683323,0.21596626399997276,1.0,0.015625,83.421875
2158,-24.170366654550158,0.2148417503493188,1.0,0.125,83.546875
2159,-24.170386851933035,0.21322932381714946,1.0,0.03125,83.578125
2160,-24.170404381184692,0.21544377718109164,1.0,0.015625,83.59375
2161,-24.170425769530535,0.2164325254937509,1.0,0.046875,83.640625
2162,-24.17044818840838,0.21385570520279232,1.0,0.015625,83.65625
2163,-24.170471004302374,0.2133370327730429,1.0,0.09375,83.75
2164,-24.170488211327523,0.2135624785218277,1.0,0.015625,83.765625
2165,-24.170510859254208,0.21537379731976938,1.0,0.015625,83.78125
2166,-24.17053647310522,0.21361529446326752,1.0,0.125,83.90625
2167,-24.170558495418742,0.2137929127825252,1.0,0.015625,83.921875
2168,-24.170581858924525,0.21483804815894325,1.0,0.109375,84.03125
2169,-24.170601453214797,0.21294980883728865,1.0,0.015625,84.046875
2170,-24.170622297163238,0.21260262055895257,1.0,0.0625,84.109375
2171,-24.170639930564374,0.21286919672403518,1.0,0.015625,84.125
2172,-24.170659804871793,0.21162817647557328,1.0,0.046875,84.171875
2173,-24.17068445747687,0.21130622845848065,1.0,0.015625,84.1875
2174,-24.170704138571573,0.21079718805252606,1.0,0.015625,84.203125
2175,-24.17072739264099,0.20934071105560448,1.0,0.125,84.328125
2176,-24.170750964328054,0.2090147885481627,1.0,0.015625,84.34375
2177,-24.17077448383537,0.20699407001984185,1.0,0.015625,84.359375
2178,-24.17079910445747,0.20506934932047177,1.0,0.125,84.484375
2179,-24.170824787123212,0.20610882718827414,1.0,0.015625,84.5
2180,-24.170845572471,0.20578737147843587,1.0,0.03125,84.53125
2181,-24.17087390730646,0.2055778362785457,1.0,0.015625,84.546875
2182,-24.170901722332896,0.20470519878930443,1.0,0.046875,84.59375
2183,-24.170928083019152,0.20680603374817857,1.0,0.015625,84.609375
2184,-24.170949269148807,0.20614525807254191,1.0,0.015625,84.625
2185,-24.170964924329983,0.20648416340063802,1.0,0.125,84.75
2186,-24.170994460382083,0.2063356970555068,1.0,0.015625,84.765625
2187,-24.171019279834784,0.20489445901363829,1.0,0.015625,84.78125
2188,-24.171035740939722,0.20397652582488107,1.0,0.140625,84.921875
2189,-24.171059468445787,0.2045919491765581,1.0,0.015625,84.9375
2190,-24.1710853143455,0.2057895553829971,1.0,0.03125,84.96875
2191,-24.171106967044622,0.20676497601537805,1.0,0.015625,84.984375
2192,-24.17112741797805,0.2069229284346573,1.0,0.015625,85.0
2193,-24.171154474448798,0.20533487957298333,1.0,0.09375,85.09375
2194,-24.17117530104901,0.20585351610867933,1.0,0.015625,85.109375
2195,-24.171203129824953,0.20601302919589956,1.0,0.0625,85.171875
2196,-24.17123037496148,0.20373987624052373,1.0,0.015625,85.1875
2197,-24.171249767029487,0.20387811248880439,1.0,0.015625,85.203125
2198,-24.171264925929474,0.20302883303486433,1.0,0.125,85.328125
2199,-24.171286261103592,0.20254766423073972,1.0,0.015625,85.34375
2200,-24.171310280393435,0.2028091617960437,1.0,0.03125,85.375
2201,-24.171329691204342,0.20117040604519748,1.0,0.015625,85.390625
2202,-24.171348185717168,0.20176991348902643,1.0,0.109375,85.5
2203,-24.171374035448547,0.2020133433073425,1.0,0.03125,85.53125
2204,-24.171390912556426,0.20327615311593816,1.0,0.015625,85.546875
2205,-24.171406770544735,0.20248153117540083,1.0,0.03125,85.578125
2206,-24.171441093023137,0.20112949596586327,1.0,0.109375,85.6875
2207,-24.171454746140654,0.20007668151649036,1.0,0.015625,85.703125
2208,-24.17147099128385,0.20006337260338442,1.0,0.03125,85.734375
2209,-24.17149283145335,0.20125693687053642,1.0,0.015625,85.75
2210,-24.171509498121484,0.1998338044736853,1.0,0.015625,85.765625
2211,-24.17153418581345,0.19829703767672535,1.0,0.09375,85.859375
2212,-24.171553738533024,0.1976186818228473,1.0,0.015625,85.875
2213,-24.171572905729484,0.19651291250556638,1.0,0.125,86.0
2214,-24.171587634684716,0.19666921292580747,1.0,0.015625,86.015625
2215,-24.171603557980717,0.1968714772043177,1.0,0.125,86.140625
2216,-24.17162910425438,0.1969132617111276,1.0,0.015625,86.15625
2217,-24.171652467069833,0.1979335642773527,1.0,0.125,86.28125
2218,-24.171670542495843,0.19727205573292947,1.0,0.0625,86.34375
2219,-24.171688691905096,0.19893446769643455,1.0,0.015625,86.359375
2220,-24.171709054529586,0.19738046509984225,1.0,0.03125,86.390625
2221,-24.17172085746004,0.19789542917161532,1.0,0.015625,86.40625
2222,-24.171735213670974,0.19732963790862285,1.0,0.015625,86.421875
2223,-24.171762894951712,0.1978300894803764,1.0,0.125,86.546875
2224,-24.171783766802534,0.1975730891552607,1.0,0.015625,86.5625
2225,-24.171805195756995,0.1969556088591652,1.0,0.0625,86.625
2226,-24.171829719955664,0.19662525874669726,1.0,0.015625,86.640625
2227,-24.17184990677437,0.19406171558675248,1.0,0.015625,86.65625
2228,-24.171873948355472,0.19434321976630772,1.0,0.046875,86.703125
2229,-24.17188891238869,0.19545452110904937,1.0,0.015625,86.71875
2230,-24.17191098261934,0.1969384318326823,1.0,0.140625,86.859375
2231,-24.17192839433937,0.19741837867475023,1.0,0.03125,86.890625
2232,-24.171954586346754,0.19747565246477544,1.0,0.015625,86.90625
2233,-24.171978377376938,0.1959895923384504,1.0,0.140625,87.046875
2234,-24.172000423545693,0.19429623489309655,1.0,0.0,87.046875
2235,-24.17202762379462,0.1972435501561274,1.0,0.015625,87.0625
2236,-24.172053299350605,0.1961547783232413,1.0,0.015625,87.078125
2237,-24.172075300811372,0.19459769849471154,1.0,0.015625,87.09375
2238,-24.17209121383829,0.19465195159430662,1.0,0.015625,87.109375
2239,-24.172111703031085,0.19385401853421408,1.0,0.015625,87.125
2240,-24.172131804093542,0.19392589097179105,1.0,0.140625,87.265625
2241,-24.172154871203308,0.19157800880168957,1.0,0.015625,87.28125
2242,-24.172169507296317,0.19188851074436072,1.0,0.015625,87.296875
2243,-24.172191642813754,0.19193875929108864,1.0,0.09375,87.390625
2244,-24.172214291708986,0.19185326914037318,1.0,0.015625,87.40625
2245,-24.17223527077874,0.1896482410581172,1.0,0.015625,87.421875
2246,-24.172251934519924,0.1894303405789345,1.0,0.140625,87.5625
2247,-24.172266154174004,0.18891065797141424,1.0,0.015625,87.578125
2248,-24.172279333223415,0.18917660838930664,1.0,0.015625,87.59375
2249,-24.172293660620362,0.18926705667292512,1.0,0.015625,87.609375
2250,-24.1723126784751,0.18792731854893843,1.0,0.03125,87.640625
2251,-24.172328999270526,0.18698284032235635,1.0,0.0,87.640625
2252,-24.172347736187287,0.18633193046872212,1.0,0.015625,87.65625
2253,-24.172364591471602,0.18538739585662956,1.0,0.015625,87.671875
2254,-24.17238008852856,0.18508520844445656,1.0,0.109375,87.78125
2255,-24.172390175871378,0.1856202238085375,1.0,0.015625,87.796875
2256,-24.17240687493418,0.18567383825921277,1.0,0.015625,87.8125
2257,-24.172423067965607,0.18304954604907478,1.0,0.125,87.9375
2258,-24.172437267631413,0.18451238121365754,1.0,0.0625,88.0
2259,-24.172460046306412,0.1841454637702227,1.0,0.09375,88.09375
2260,-24.172481938168463,0.18405701511326852,1.0,0.015625,88.109375
2261,-24.172499093575137,0.18170276482336203,1.0,0.03125,88.140625
2262,-24.17251730516507,0.18143060616927278,1.0,0.015625,88.15625
2263,-24.17253575276065,0.18160378357385087,1.0,0.03125,88.1875
2264,-24.172550639362168,0.18142322833069746,1.0,0.03125,88.21875
2265,-24.17256795125815,0.18226610726789363,1.0,0.015625,88.234375
2266,-24.172585396658086,0.18170071360574508,1.0,0.125,88.359375
2267,-24.17260039604132,0.18114903704035154,1.0,0.015625,88.375
2268,-24.17261937506514,0.18215504183916081,1.0,0.09375,88.46875
2269,-24.172638619417302,0.18057803830770772,1.0,0.015625,88.484375
2270,-24.172654430044535,0.17960564376245944,1.0,0.03125,88.515625
2271,-24.172670429961414,0.17952684335101407,1.0,0.03125,88.546875
2272,-24.17268916252783,0.1802629157623729,1.0,0.015625,88.5625
2273,-24.17270246640342,0.18002544956861244,1.0,0.046875,88.609375
2274,-24.17272316995273,0.17959539894772727,1.0,0.03125,88.640625
2275,-24.1727392550879,0.18049732132072352,1.0,0.03125,88.671875
2276,-24.172753692721297,0.18017720350089536,1.0,0.015625,88.6875
2277,-24.172768891473282,0.18011597132805518,1.0,0.0625,88.75
2278,-24.17278716055071,0.18111160816918953,1.0,0.09375,88.84375
2279,-24.172801838928812,0.1796815981053455,1.0,0.015625,88.859375
2280,-24.17281653683782,0.18030874278294146,1.0,0.03125,88.890625
2281,-24.172833483981048,0.17922614999884537,1.0,0.015625,88.90625
2282,-24.172851740141493,0.17863394804103747,1.0,0.140625,89.046875
2283,-24.17286791695834,0.17574922777048663,1.0,0.03125,89.078125
2284,-24.172883735894764,0.17726144214089795,1.0,0.015625,89.09375
2285,-24.172900004946424,0.17612714886999284,1.0,0.03125,89.125
2286,-24.172923970363033,0.17429461641472802,1.0,0.09375,89.21875
2287,-24.172934638207682,0.17626975312414245,1.0,0.015625,89.234375
2288,-24.172954367607677,0.1775028738299378,1.0,0.125,89.359375
2289,-24.172977263577945,0.1778933225660657,1.0,0.0,89.359375
2290,-24.17299395631862,0.17690399551187072,1.0,0.015625,89.375
2291,-24.1730124590786,0.17704934532835034,1.0,0.03125,89.40625
2292,-24.17302557700289,0.17717598147801514,1.0,0.015625,89.421875
2293,-24.173043285047363,0.1766793165105431,1.0,0.015625,89.4375
2294,-24.17306134763145,0.17622857949320606,1.0,0.140625,89.578125
2295,-24.173075882045264,0.17607002552025713,1.0,0.015625,89.59375
2296,-24.17308780193325,0.17592870225134605,1.0,0.015625,89.609375
2297,-24.173106469338297,0.17571172413794206,1.0,0.140625,89.75
2298,-24.173124794855003,0.1759445548053729,1.0,0.0,89.75
2299,-24.173140011482467,0.17626047177054768,1.0,0.015625,89.765625
2300,-24.17315491817721,0.175475095167023,1.0,0.09375,89.859375
2301,-24.173168541621997,0.1749536994695342,1.0,0.015625,89.875
2302,-24.17317882923544,0.17403644754423206,1.0,0.015625,89.890625
2303,-24.173198361185058,0.1728411386343605,1.0,0.109375,90.0
2304,-24.173212193762318,0.1737385349669155,1.0,0.03125,90.03125
2305,-24.173230300872095,0.17392704624224473,1.0,0.015625,90.046875
2306,-24.17324795818002,0.17388306707315737,1.0,0.109375,90.15625
2307,-24.17326631853869,0.17298906529022276,1.0,0.015625,90.171875
2308,-24.173279029289763,0.1729056067219001,1.0,0.03125,90.203125
2309,-24.173292919230732,0.17255678620198356,1.0,0.0625,90.265625
2310,-24.173306246568803,0.17181249250337222,1.0,0.015625,90.28125
2311,-24.173319292528745,0.17224265224154622,1.0,0.109375,90.390625
2312,-24.173334787578725,0.17240300928377758,1.0,0.03125,90.421875
2313,-24.17334908555313,0.17258940016604873,1.0,0.015625,90.4375
2314,-24.173364221945075,0.17139289346480124,1.0,0.046875,90.484375
2315,-24.173380063920398,0.16947643563746428,1.0,0.03125,90.515625
2316,-24.17339090861562,0.1691469228674278,1.0,0.015625,90.53125
2317,-24.173404266576398,0.16670714531962105,1.0,0.015625,90.546875
2318,-24.17342216400929,0.16709321294704607,1.0,0.140625,90.6875
2319,-24.173432544097665,0.1670960917467716,1.0,0.015625,90.703125
2320,-24.173451059381645,0.16649345499416743,1.0,0.03125,90.734375
2321,-24.17346698870461,0.16621024846480048,1.0,0.03125,90.765625
2322,-24.173478509147966,0.16743898830122828,1.0,0.03125,90.796875
2323,-24.17349488249738,0.16748919753093638,1.0,0.015625,90.8125
2324,-24.17350629366201,0.16914642704042707,1.0,0.015625,90.828125
2325,-24.173522879625395,0.16802809880395783,1.0,0.0,90.828125
2326,-24.173539687063954,0.1685442858139394,1.0,0.015625,90.84375
2327,-24.173550132202106,0.16751602492088302,1.0,0.125,90.96875
2328,-24.173561422741557,0.16765883832053427,1.0,0.109375,91.078125
2329,-24.17357289728806,0.16667505684061706,1.0,0.015625,91.09375
2330,-24.173589599056697,0.1658811172071113,1.0,0.0625,91.15625
2331,-24.173608317229295,0.16685227557977567,1.0,0.0,91.15625
2332,-24.173621160814736,0.16746255408685157,1.0,0.015625,91.171875
2333,-24.17363521301751,0.16774341334496665,1.0,0.0625,91.234375
2334,-24.173652885306492,0.16749328640638508,1.0,0.015625,91.25
2335,-24.173662521287255,0.1653146710573686,1.0,0.0625,91.3125
2336,-24.173675160952833,0.16489448038290566,1.0,0.015625,91.328125
2337,-24.173688631193738,0.16415170758926353,1.0,0.015625,91.34375
2338,-24.17370047647945,0.16500807163421288,1.0,0.03125,91.375
2339,-24.17371330898126,0.16402965594703287,1.0,0.015625,91.390625
2340,-24.173732601368975,0.16402856971800805,1.0,0.015625,91.40625
2341,-24.173743456910053,0.16273825190460792,1.0,0.03125,91.4375
2342,-24.17375647262772,0.1640000227556784,1.0,0.015625,91.453125
2343,-24.173771325489778,0.16336154952578882,1.0,0.015625,91.46875
2344,-24.173784228304413,0.16442540110566406,1.0,0.03125,91.5
2345,-24.173796965738976,0.1640578100688823,1.0,0.0,91.5
2346,-24.17381173962804,0.16356488195337893,1.0,0.015625,91.515625
2347,-24.173824338387046,0.1642655234253998,1.0,0.0625,91.578125
2348,-24.17383800000954,0.16490616917517026,1.0,0.03125,91.609375
2349,-24.173853453889432,0.16388955412562525,1.0,0.015625,91.625
2350,-24.17386421865007,0.16453288445671832,1.0,0.09375,91.71875
2351,-24.173882656395694,0.16574304109503327,1.0,0.03125,91.75
2352,-24.173895218106484,0.16469743340087817,1.0,0.015625,91.765625
2353,-24.17391034407452,0.16496312376244762,1.0,0.015625,91.78125
2354,-24.173927682078947,0.1657149805821016,1.0,0.046875,91.828125
2355,-24.173940050539205,0.1650485210587494,1.0,0.015625,91.84375
2356,-24.173950433793,0.16429334288737887,1.0,0.03125,91.875
2357,-24.173965370385954,0.16414237092537137,1.0,0.03125,91.90625
2358,-24.173981492348556,0.1640195326653007,1.0,0.015625,91.921875
2359,-24.17399729984099,0.1620061212898569,1.0,0.09375,92.015625
2360,-24.17401154509651,0.16275124048196488,1.0,0.015625,92.03125
2361,-24.174024958321667,0.16319559321903698,1.0,0.015625,92.046875
2362,-24.174039099093655,0.1628144036755383,1.0,0.046875,92.09375
2363,-24.174051260617066,0.16174449987872003,1.0,0.015625,92.109375
2364,-24.174064888730562,0.16249791513416387,1.0,0.0625,92.171875
2365,-24.174078248480015,0.16218061571918263,1.0,0.0,92.171875
2366,-24.17409149030167,0.1622583934605294,1.0,0.015625,92.1875
2367,-24.17411335733457,0.16185584371655815,1.0,0.015625,92.203125
2368,-24.1741256333791,0.16240647786668505,1.0,0.03125,92.234375
2369,-24.174136257849195,0.16101512308158816,1.0,0.015625,92.25
2370,-24.174149519844555,0.16117824194980288,1.0,0.015625,92.265625
2371,-24.174169253818437,0.1607640587334087,1.0,0.140625,92.40625
2372,-24.17418177661884,0.16165087399519856,1.0,0.03125,92.4375
2373,-24.17419236676951,0.1611294187132323,1.0,0.015625,92.453125
2374,-24.17420695147128,0.160087067618727,1.0,0.015625,92.46875
2375,-24.174223136682105,0.15902791086180476,1.0,0.140625,92.609375
2376,-24.174234703004828,0.1583371120883493,1.0,0.015625,92.625
2377,-24.174249400028184,0.15815776836800696,1.0,0.015625,92.640625
2378,-24.174263529677496,0.15960875777597652,1.0,0.0625,92.703125
2379,-24.17427636001465,0.1589772322861239,1.0,0.046875,92.75
2380,-24.174288455199925,0.15958158387805035,1.0,0.015625,92.765625
2381,-24.174301980583255,0.15933211545557183,1.0,0.015625,92.78125
2382,-24.174311615872394,0.1587862218428814,1.0,0.03125,92.8125
2383,-24.174325979402155,0.15759651452275317,1.0,0.0,92.8125
2384,-24.174337536629967,0.15863456810881582,1.0,0.015625,92.828125
2385,-24.17434966917898,0.1575819438398322,1.0,0.125,92.953125
2386,-24.174364293478913,0.15723469354498323,1.0,0.046875,93.0
2387,-24.174378029159644,0.15743977939734616,1.0,0.015625,93.015625
2388,-24.174396825169776,0.15717453629782938,1.0,0.03125,93.046875
2389,-24.17440719640388,0.15717334559546142,1.0,0.015625,93.0625
2390,-24.174417859709084,0.15647878694665038,1.0,0.015625,93.078125
2391,-24.174431028427136,0.15477374108568623,1.0,0.0,93.078125
2392,-24.174445027826646,0.15503275191192342,1.0,0.109375,93.1875
2393,-24.17445677729812,0.15413660717043007,1.0,0.015625,93.203125
2394,-24.174468254344653,0.15471290590435674,1.0,0.015625,93.21875
2395,-24.17447712706092,0.15547686116252946,1.0,0.140625,93.359375
2396,-24.17448886906902,0.1547371680113461,1.0,0.015625,93.375
2397,-24.17450068506125,0.1543458059890259,1.0,0.015625,93.390625
2398,-24.174513597181864,0.15384692920968362,1.0,0.140625,93.53125
2399,-24.174529405566457,0.15349426331018187,1.0,0.015625,93.546875
2400,-24.174540913239003,0.15328152260773903,1.0,0.015625,93.5625
2401,-24.174553394397215,0.15308177060778527,1.0,0.015625,93.578125
2402,-24.174565361959846,0.154933475235367,1.0,0.046875,93.625
2403,-24.174575432466224,0.15614778369243257,1.0,0.03125,93.65625
2404,-24.174585937475793,0.1558699264561578,1.0,0.015625,93.671875
2405,-24.174601170648863,0.15336032663359137,1.0,0.015625,93.6875
2406,-24.17461252551827,0.1533550122630379,1.0,0.046875,93.734375
2407,-24.1746251598292,0.1524010228764842,1.0,0.0,93.734375
2408,-24.174637444276,0.15266185162272614,1.0,0.015625,93.75
2409,-24.17465047078506,0.15235520619474188,1.0,0.140625,93.890625
2410,-24.17466214589094,0.1519960441774822,1.0,0.015625,93.90625
2411,-24.17467050406152,0.15168661511625944,1.0,0.015625,93.921875
2412,-24.17468077097736,0.15100153048233622,1.0,0.140625,94.0625
2413,-24.17468936733022,0.1510733841678306,1.0,0.015625,94.078125
2414,-24.17470310540138,0.1494483105849777,1.0,0.015625,94.09375
2415,-24.174713910423566,0.14895273352941846,1.0,0.046875,94.140625
2416,-24.17472893409883,0.14856117609605649,1.0,0.0,94.140625
2417,-24.174738723782298,0.14842407595789392,1.0,0.015625,94.15625
2418,-24.17475238604202,0.14693804229310697,1.0,0.015625,94.171875
2419,-24.174762742114797,0.14678517050946832,1.0,0.125,94.296875
2420,-24.174777023776,0.14888083899768173,1.0,0.0,94.296875
2421,-24.174791727910364,0.14801517531341482,1.0,0.015625,94.3125
2422,-24.17480232748913,0.14751844034462522,1.0,0.015625,94.328125
2423,-24.17481157254758,0.14754424998504656,1.0,0.03125,94.359375
2424,-24.17482412262959,0.14691374503913038,1.0,0.015625,94.375
2425,-24.17483593714337,0.14651873883576413,1.0,0.015625,94.390625
2426,-24.174845072371426,0.14619863865636315,1.0,0.015625,94.40625
2427,-24.174857305800998,0.14641940159531272,1.0,0.109375,94.515625
2428,-24.17486613110184,0.14695479809679243,1.0,0.015625,94.53125
2429,-24.17487461998971,0.14783260319778338,1.0,0.015625,94.546875
2430,-24.17488748896385,0.14738614842916778,1.0,0.015625,94.5625
2431,-24.174897376181328,0.14644347905070854,1.0,0.125,94.6875
2432,-24.17491103650646,0.14631635578620442,1.0,0.015625,94.703125
2433,-24.174919230046022,0.14470705000444664,1.0,0.0625,94.765625
2434,-24.174931593958696,0.14455635426891,1.0,0.015625,94.78125
2435,-24.174937825600463,0.1450909241943028,1.0,0.109375,94.890625
2436,-24.17494700791882,0.1450330733719605,1.0,0.0,94.890625
2437,-24.17495740453429,0.1444899980185983,1.0,0.015625,94.90625
2438,-24.17497003941858,0.14463708759574184,1.0,0.140625,95.046875
2439,-24.174982963997024,0.1439153267107689,1.0,0.0,95.046875
2440,-24.1749921050697,0.14461943203758065,1.0,0.015625,95.0625
2441,-24.175002037187667,0.14444793334968772,1.0,0.125,95.1875
2442,-24.175012459036147,0.14287248507806413,1.0,0.015625,95.203125
2443,-24.17501994388466,0.14283623958206815,1.0,0.03125,95.234375
2444,-24.175032396626037,0.14210525855473213,1.0,0.109375,95.34375
2445,-24.17503933561342,0.14166655586232083,1.0,0.015625,95.359375
2446,-24.175053048623386,0.14129972122793996,1.0,0.03125,95.390625
2447,-24.175061062460166,0.14072140712069645,1.0,0.015625,95.40625
2448,-24.175077416768076,0.1414328662358908,1.0,0.015625,95.421875
2449,-24.17508573931873,0.14156633645252914,1.0,0.03125,95.453125
2450,-24.175094760073936,0.14151749842589367,1.0,0.015625,95.46875
2451,-24.175103988257096,0.1409450807662683,1.0,0.125,95.59375
2452,-24.17511304233736,0.14135376222993296,1.0,0.015625,95.609375
2453,-24.175124518825537,0.14098409489609903,1.0,0.078125,95.6875
2454,-24.17513450224732,0.14029729789893272,1.0,0.015625,95.703125
2455,-24.175143915913793,0.14123993396725437,1.0,0.015625,95.71875
2456,-24.175153464245476,0.14227389913844563,1.0,0.125,95.84375
2457,-24.175164306681314,0.1417252317207503,1.0,0.015625,95.859375
2458,-24.175173845242654,0.14092890198239488,1.0,0.03125,95.890625
2459,-24.175184762786163,0.1406595678577712,1.0,0.015625,95.90625
2460,-24.17519285118476,0.14051689116044416,1.0,0.015625,95.921875
2461,-24.175200933278834,0.14075958188024348,1.0,0.03125,95.953125
2462,-24.175208549695107,0.14146351682135108,1.0,0.015625,95.96875
2463,-24.175219377325803,0.14154561992639772,1.0,0.015625,95.984375
2464,-24.175232167140322,0.141677637633269,1.0,0.03125,96.015625
2465,-24.17524642863839,0.1401885210832591,1.0,0.015625,96.03125
2466,-24.175255808495084,0.13914519626888663,1.0,0.015625,96.046875
2467,-24.175266671315978,0.1410953382986337,1.0,0.046875,96.09375
2468,-24.17527518892127,0.14124616695746928,1.0,0.015625,96.109375
2469,-24.17528478580522,0.14206836752756757,1.0,0.015625,96.125
2470,-24.175296259184798,0.14262679696910854,1.0,0.140625,96.265625
2471,-24.175310392972126,0.14213660729465769,1.0,0.015625,96.28125
2472,-24.175318713047208,0.1412320858240311,1.0,0.015625,96.296875
2473,-24.175329508449227,0.14083813292303715,1.0,0.0625,96.359375
2474,-24.175337892061936,0.14048699145053348,1.0,0.0,96.359375
2475,-24.17534877455329,0.14040011810360567,1.0,0.015625,96.375
2476,-24.175359668994375,0.14042588993564792,1.0,0.0625,96.4375
2477,-24.175371196784482,0.1399090980973169,1.0,0.015625,96.453125
2478,-24.175383336316067,0.1385491183510291,1.0,0.015625,96.46875
2479,-24.175391402050593,0.1384568275177012,1.0,0.015625,96.484375
2480,-24.175404907146792,0.13916330663497162,1.0,0.046875,96.53125
2481,-24.175416717087426,0.14008615533313992,1.0,0.0,96.53125
2482,-24.17543108697644,0.13934817429450505,1.0,0.015625,96.546875
2483,-24.175439976162203,0.13934024185681818,1.0,0.03125,96.578125
2484,-24.175446651717728,0.13978311001805066,1.0,0.015625,96.59375
2485,-24.175457814721565,0.1406411277054048,1.0,0.015625,96.609375
2486,-24.175467393196097,0.14039545691177277,1.0,0.140625,96.75
2487,-24.17547776249468,0.13870413531746648,1.0,0.0,96.75
2488,-24.175488744405527,0.13800228491657043,1.0,0.015625,96.765625
2489,-24.175501121505626,0.13719447850453234,1.0,0.109375,96.875
2490,-24.175517024816486,0.13639590443688962,1.0,0.015625,96.890625
2491,-24.17552477442494,0.1374029997173662,1.0,0.015625,96.90625
2492,-24.175530573016825,0.13726307144908767,1.0,0.0,96.90625
2493,-24.175541519528274,0.13744100941313409,1.0,0.046875,96.953125
2494,-24.175550453473786,0.13641260591506915,1.0,0.015625,96.96875
2495,-24.17556135648056,0.13721893043719374,1.0,0.015625,96.984375
2496,-24.175569791525785,0.13724597505062497,1.0,0.078125,97.0625
2497,-24.175580887373197,0.136791408649659,1.0,0.0,97.0625
2498,-24.175589662396508,0.13691910241786087,1.0,0.015625,97.078125
2499,-24.175601221466117,0.13566861484133777,1.0,0.109375,97.1875
2500,-24.175611084897742,0.1346903430144592,1.0,0.0,97.1875
2501,-24.17561943823827,0.1337523189416247,1.0,0.015625,97.203125
2502,-24.17562641468873,0.13403336026873675,1.0,0.03125,97.234375
2503,-24.175636949877394,0.13424429946108885,1.0,0.015625,97.25
2504,-24.175642076703806,0.134595699361186,1.0,0.140625,97.390625
2505,-24.175649810689478,0.13491995958278227,1.0,0.015625,97.40625
2506,-24.175656302413575,0.13497950315559282,1.0,0.015625,97.421875
2507,-24.175664899739026,0.1343218158216786,1.0,0.015625,97.4375
2508,-24.175674268215648,0.1338943967157098,1.0,0.140625,97.578125
2509,-24.175684481994363,0.1325069236443186,1.0,0.015625,97.59375
2510,-24.175694405925245,0.13314855968204078,1.0,0.015625,97.609375
2511,-24.175702023044746,0.13173021125959458,1.0,0.015625,97.625
2512,-24.175709863064036,0.13275090229718048,1.0,0.03125,97.65625
2513,-24.17571631256556,0.13357942152329158,1.0,0.015625,97.671875
2514,-24.17572779101639,0.1327044809798671,1.0,0.015625,97.6875
2515,-24.175737898196044,0.1318771559436899,1.0,0.03125,97.71875
2516,-24.175745070585624,0.13170493783589424,1.0,0.0,97.71875
2517,-24.17575319459004,0.13181708411897602,1.0,0.015625,97.734375
2518,-24.175760744232342,0.13146041223812804,1.0,0.015625,97.75
2519,-24.175768997297915,0.13082208478270738,1.0,0.03125,97.78125
2520,-24.175778278323435,0.13032017308728971,1.0,0.015625,97.796875
2521,-24.17578875260495,0.13048876341453328,1.0,0.015625,97.8125
2522,-24.17579672746276,0.13002513680268452,1.0,0.0625,97.875
2523,-24.17580392163599,0.13000511691186506,1.0,0.0,97.875
2524,-24.175809046360506,0.12979915817569487,1.0,0.015625,97.890625
2525,-24.17582106483098,0.12929751923471489,1.0,0.015625,97.90625
2526,-24.17582989372195,0.12832676398437481,1.0,0.140625,98.046875
2527,-24.175835439944304,0.1285212032756595,1.0,0.0,98.046875
2528,-24.175845210750307,0.12923252503795385,1.0,0.015625,98.0625
2529,-24.175853381160724,0.12938969913583592,1.0,0.015625,98.078125
2530,-24.17586320450098,0.1295947466633279,1.0,0.046875,98.125
2531,-24.175872428574934,0.12902666311449046,1.0,0.0,98.125
2532,-24.17587819688503,0.12868355043924165,1.0,0.015625,98.140625
2533,-24.175883943839086,0.1282618330235922,1.0,0.015625,98.15625
2534,-24.1758931185006,0.12810355479855992,1.0,0.03125,98.1875
2535,-24.175898452020608,0.1286351597237507,1.0,0.015625,98.203125
2536,-24.175906990672935,0.12885303195051848,1.0,0.015625,98.21875
2537,-24.17591456769436,0.1292721787181906,1.0,0.078125,98.296875
2538,-24.17592383641637,0.12858683328949289,1.0,0.03125,98.328125
2539,-24.175934024986063,0.12812711830011225,1.0,0.015625,98.34375
2540,-24.175944851934673,0.1295749431091176,1.0,0.03125,98.375
2541,-24.17595230073294,0.12868254355211423,1.0,0.015625,98.390625
2542,-24.175960678963794,0.12788140899431083,1.0,0.03125,98.421875
2543,-24.175967714346786,0.12722452920301855,1.0,0.140625,98.5625
2544,-24.17597705996322,0.12730648006717257,1.0,0.0,98.5625
2545,-24.175985008971118,0.12649348186418952,1.0,0.015625,98.578125
2546,-24.175993842701967,0.12595108391861012,1.0,0.015625,98.59375
2547,-24.176002172615657,0.12681437598392709,1.0,0.015625,98.609375
2548,-24.1760136030477,0.1279574966240109,1.0,0.015625,98.625
2549,-24.17602170622846,0.1278734965310542,1.0,0.09375,98.71875
2550,-24.17603030528775,0.12799441311773593,1.0,0.015625,98.734375
2551,-24.176039274213323,0.1271005401476966,1.0,0.140625,98.875
2552,-24.176052903456387,0.1256373314994717,1.0,0.015625,98.890625
2553,-24.176059703528118,0.1254295441489053,1.0,0.0,98.890625
2554,-24.17606776454584,0.12462240026421466,1.0,0.03125,98.921875
2555,-24.17607664218532,0.12566893227875134,1.0,0.015625,98.9375
2556,-24.176084400780553,0.12612721810261954,1.0,0.046875,98.984375
2557,-24.17609376183261,0.12567784978755103,1.0,0.015625,99.0
2558,-24.176105181342297,0.1262445305221419,1.0,0.015625,99.015625
2559,-24.176112729423576,0.12580570174407094,1.0,0.09375,99.109375
2560,-24.176121621095902,0.1266493500580193,1.0,0.015625,99.125
2561,-24.176128245136162,0.12660365138308796,1.0,0.046875,99.171875
2562,-24.176132863914034,0.12587983625784788,1.0,0.015625,99.1875
2563,-24.17614257398337,0.12605153562328825,1.0,0.015625,99.203125
2564,-24.17614937843754,0.1256728757275574,1.0,0.109375,99.3125
2565,-24.176157080236433,0.12516921001129455,1.0,0.015625,99.328125
2566,-24.17616760055017,0.1247929685457566,1.0,0.046875,99.375
2567,-24.17617248075244,0.1252879405344113,1.0,0.015625,99.390625
2568,-24.17618270990782,0.12558275438878294,1.0,0.03125,99.421875
2569,-24.176189685293053,0.12454566542746079,1.0,0.078125,99.5
2570,-24.176194588940692,0.12346878625718713,1.0,0.03125,99.53125
2571,-24.176202823273677,0.1238277845481308,1.0,0.015625,99.546875
2572,-24.176211830353036,0.1231409355802593,1.0,0.015625,99.5625
2573,-24.176219910297725,0.12239692994586855,1.0,0.03125,99.59375
2574,-24.176225679744977,0.12219741052920835,1.0,0.015625,99.609375
2575,-24.176232430181226,0.1233796508422017,1.0,0.046875,99.65625
2576,-24.17623869127318,0.12395792978469033,1.0,0.015625,99.671875
2577,-24.176246247945414,0.12319494386093159,1.0,0.125,99.796875
2578,-24.176253404499064,0.12435139931367543,1.0,0.015625,99.8125
2579,-24.176260814262935,0.12428172114125333,1.0,0.015625,99.828125
2580,-24.176268869863907,0.12353298544053327,1.0,0.125,99.953125
2581,-24.17627586656341,0.12333212849190321,1.0,0.015625,99.96875
2582,-24.17628359138909,0.12275773225988361,1.0,0.125,100.09375
2583,-24.176290689378835,0.12358348898005961,1.0,0.015625,100.109375
2584,-24.176299093879184,0.12275835427600847,1.0,0.015625,100.125
2585,-24.176304668739252,0.12286197856441623,1.0,0.125,100.25
2586,-24.176312492237344,0.12246823187617056,1.0,0.015625,100.265625
2587,-24.176320580184864,0.12379441795889218,1.0,0.03125,100.296875
2588,-24.17632741062381,0.12343837286515125,1.0,0.015625,100.3125
2589,-24.176334705957398,0.12326189875251481,1.0,0.015625,100.328125
2590,-24.176342121918683,0.12341881529463168,1.0,0.125,100.453125
2591,-24.17635106452395,0.12415883988210785,1.0,0.015625,100.46875
2592,-24.17635818820335,0.12383003670204858,1.0,0.0625,100.53125
2593,-24.17636607477901,0.12293351987455133,1.0,0.015625,100.546875
2594,-24.176376245995684,0.12311845529500519,1.0,0.109375,100.65625
2595,-24.176382164262506,0.12332277517988514,1.0,0.015625,100.671875
2596,-24.17639131729719,0.1228702065175775,1.0,0.125,100.796875
2597,-24.176399720495095,0.12255315722691311,1.0,0.015625,100.8125
2598,-24.176406949256275,0.12166984607936365,1.0,0.015625,100.828125
2599,-24.176413766471047,0.12234072494874172,1.0,0.03125,100.859375
2600,-24.17642261544641,0.12151862614250458,1.0,0.015625,100.875
2601,-24.17643352058136,0.12136626129221495,1.0,0.03125,100.90625
2602,-24.176439945683093,0.12136460061628986,1.0,0.015625,100.921875
2603,-24.17644718755746,0.12165868115457891,1.0,0.015625,100.9375
2604,-24.17645354747596,0.12160152639580579,1.0,0.046875,100.984375
2605,-24.176459850234203,0.12106040256686787,1.0,0.015625,101.0
2606,-24.17647197173444,0.12170282722907189,1.0,0.140625,101.140625
2607,-24.176478294697123,0.1211387321500421,1.0,0.015625,101.15625
2608,-24.176488955111065,0.12046622551277944,1.0,0.015625,101.171875
2609,-24.1764959525502,0.12029605208422335,1.0,0.015625,101.1875
2610,-24.176505703060027,0.12045388436591448,1.0,0.015625,101.203125
2611,-24.176517266962424,0.12010900786422839,1.0,0.0625,101.265625
2612,-24.176523927968816,0.11880433876254336,1.0,0.015625,101.28125
2613,-24.176529547219545,0.11767722994189557,1.0,0.109375,101.390625
2614,-24.17653817715008,0.11784028375352264,1.0,0.015625,101.40625
2615,-24.176544844499453,0.11706657244944078,1.0,0.015625,101.421875
2616,-24.176551174638675,0.11698905084817957,1.0,0.03125,101.453125
2617,-24.176559023913367,0.11670879532882336,1.0,0.015625,101.46875
2618,-24.17656415540298,0.11651599081871203,1.0,0.125,101.59375
2619,-24.1765695086297,0.11625761745364883,1.0,0.0625,101.65625
2620,-24.176575209424335,0.11659419751963482,1.0,0.015625,101.671875
2621,-24.176580542456325,0.11617964891831013,1.0,0.125,101.796875
2622,-24.17658723230738,0.11582481640051352,1.0,0.015625,101.8125
2623,-24.176593884102733,0.11709451209385993,1.0,0.125,101.9375
2624,-24.176600677764405,0.11782430940686746,1.0,0.015625,101.953125
2625,-24.17660647568489,0.11713928541853848,1.0,0.0625,102.015625
2626,-24.17661186016619,0.11698934481843407,1.0,0.0,102.015625
2627,-24.176619750938748,0.11640104920584908,1.0,0.015625,102.03125
2628,-24.176625164714572,0.11648729627530918,1.0,0.03125,102.0625
2629,-24.17663325584383,0.1153940105445823,1.0,0.015625,102.078125
2630,-24.1766395287024,0.11575294557067828,1.0,0.125,102.203125
2631,-24.176648407205985,0.11674229030577299,1.0,0.0,102.203125
2632,-24.176655404429933,0.11655256179097973,1.0,0.015625,102.21875
2633,-24.176662177914935,0.11614763708479878,1.0,0.03125,102.25
2634,-24.176670021957783,0.1158423397030138,1.0,0.015625,102.265625
2635,-24.176676320134543,0.11606392086707115,1.0,0.109375,102.375
2636,-24.17668467325279,0.11662082556608669,1.0,0.015625,102.390625
2637,-24.176691545898738,0.11569174972233064,1.0,0.03125,102.421875
2638,-24.17669702657621,0.11572927192496753,1.0,0.015625,102.4375
2639,-24.176704695538174,0.11602529076495291,1.0,0.015625,102.453125
2640,-24.176712578007862,0.1149401668594836,1.0,0.125,102.578125
2641,-24.17671888543477,0.11521568109436206,1.0,0.0,102.578125
2642,-24.17672587320802,0.1136634739881844,1.0,0.015625,102.59375
2643,-24.176733095687247,0.113467795678151,1.0,0.046875,102.640625
2644,-24.17673965758747,0.11422811753469607,1.0,0.015625,102.65625
2645,-24.176744292877906,0.11387847658443981,1.0,0.03125,102.6875
2646,-24.176750949705543,0.11350477911547578,1.0,0.015625,102.703125
2647,-24.176758059288712,0.1131870091531495,1.0,0.0625,102.765625
2648,-24.176763531333844,0.11229119243777265,1.0,0.015625,102.78125
2649,-24.176770902973455,0.11190306578511279,1.0,0.015625,102.796875
2650,-24.1767787088627,0.1105932521604829,1.0,0.125,102.921875
2651,-24.176785518934793,0.11011405670311601,1.0,0.015625,102.9375
2652,-24.176790877411193,0.10925696393106492,1.0,0.03125,102.96875
2653,-24.176795441335983,0.10928770699546733,1.0,0.015625,102.984375
2654,-24.176803505888053,0.10879809613366605,1.0,0.09375,103.078125
2655,-24.176808758190564,0.10962828456513925,1.0,0.0,103.078125
2656,-24.17681359308665,0.10911312136672383,1.0,0.09375,103.171875
2657,-24.176819437676556,0.10865446531095345,1.0,0.015625,103.1875
2658,-24.176825184438602,0.1087950357995142,1.0,0.015625,103.203125
2659,-24.17683039272979,0.10978993499650914,1.0,0.03125,103.234375
2660,-24.17683652304746,0.10994419838417445,1.0,0.015625,103.25
2661,-24.176841563876977,0.10921804179547634,1.0,0.03125,103.28125
2662,-24.17684765103293,0.10846724902197194,1.0,0.015625,103.296875
2663,-24.176852862216908,0.10879400808767654,1.0,0.03125,103.328125
2664,-24.176861908631775,0.10813247488293892,1.0,0.015625,103.34375
2665,-24.17686615849577,0.10757082778407483,1.0,0.03125,103.375
2666,-24.17687263526055,0.10815473601807521,1.0,0.015625,103.390625
2667,-24.17687781710318,0.1081188045746472,1.0,0.015625,103.40625
2668,-24.176883479812947,0.10814071541804995,1.0,0.03125,103.4375
2669,-24.176889412219804,0.10878341637222072,1.0,0.015625,103.453125
2670,-24.176894962892707,0.10898609425045716,1.0,0.03125,103.484375
2671,-24.176901378168346,0.109941441718503,1.0,0.015625,103.5
2672,-24.176909304966212,0.10815041491279906,1.0,0.125,103.625
2673,-24.176916802100344,0.10819952745858981,1.0,0.0,103.625
2674,-24.176923034380337,0.1081613852296357,1.0,0.015625,103.640625
2675,-24.17692998510145,0.1075456469484421,1.0,0.015625,103.65625
2676,-24.176935560477204,0.10720130480965677,1.0,0.015625,103.671875
2677,-24.17694281044377,0.10699375256164667,1.0,0.109375,103.78125
2678,-24.17694676147981,0.10723326974298501,1.0,0.015625,103.796875
2679,-24.176952372114112,0.10736721651790189,1.0,0.015625,103.8125
2680,-24.17695742721684,0.10787952979112865,1.0,0.03125,103.84375
2681,-24.176963564109126,0.10844367813157672,1.0,0.015625,103.859375
2682,-24.17697193751913,0.10718276143443702,1.0,0.046875,103.90625
2683,-24.1769763881292,0.10655217054474077,1.0,0.0,103.90625
2684,-24.176982837933533,0.10621722960028893,1.0,0.015625,103.921875
2685,-24.17698768068015,0.10559737935300603,1.0,0.046875,103.96875
2686,-24.176995213447096,0.10518138301036174,1.0,0.015625,103.984375
2687,-24.17700328285388,0.10650978113133285,1.0,0.125,104.109375
2688,-24.17700909882292,0.106083976159059,1.0,0.015625,104.125
2689,-24.177015554843372,0.10523607401410319,1.0,0.125,104.25
2690,-24.177022010099307,0.10420153452043518,1.0,0.015625,104.265625
2691,-24.177025843896676,0.10460401908833925,1.0,0.109375,104.375
2692,-24.17702963930554,0.10519934653320134,1.0,0.03125,104.40625
2693,-24.177035900342826,0.10529416811671605,1.0,0.015625,104.421875
2694,-24.177042805671046,0.10488026489031524,1.0,0.03125,104.453125
2695,-24.17704734419843,0.10560828118628368,1.0,0.015625,104.46875
2696,-24.17705355159248,0.10468491979075996,1.0,0.109375,104.578125
2697,-24.17705953222221,0.10526328519572524,1.0,0.015625,104.59375
2698,-24.17706844878226,0.10455942395808582,1.0,0.125,104.71875
2699,-24.177073837060334,0.10403596239253503,1.0,0.015625,104.734375
2700,-24.17707923234373,0.10358933502259708,1.0,0.015625,104.75
2701,-24.177085055809872,0.10299360850150757,1.0,0.046875,104.796875
2702,-24.177090244836826,0.10334764864938936,1.0,0.015625,104.8125
2703,-24.177094802269572,0.1037375422934545,1.0,0.125,104.9375
2704,-24.177099574202913,0.10337720056666089,1.0,0.0,104.9375
2705,-24.177104356047753,0.10410054478773016,1.0,0.0625,105.0
2706,-24.177110781081613,0.1045013621070333,1.0,0.0,105.0
2707,-24.177117307213344,0.10322183930566797,1.0,0.015625,105.015625
2708,-24.177123089104327,0.10342377299286032,1.0,0.03125,105.046875
2709,-24.17713040322613,0.10380130897918767,1.0,0.015625,105.0625
2710,-24.177135317767018,0.10412233579299303,1.0,0.03125,105.09375
2711,-24.177139611961618,0.1037099998914258,1.0,0.015625,105.109375
2712,-24.177143518039916,0.1032541671604181,1.0,0.046875,105.15625
2713,-24.177148095374562,0.10250082370473385,1.0,0.015625,105.171875
2714,-24.177154335255732,0.10259863353007953,1.0,0.03125,105.203125
2715,-24.17715933278985,0.10340211196617734,1.0,0.015625,105.21875
2716,-24.177164324572608,0.10399984517095988,1.0,0.03125,105.25
2717,-24.177169249827436,0.10369389581155967,1.0,0.015625,105.265625
2718,-24.17717443596779,0.10379552469765398,1.0,0.109375,105.375
2719,-24.177178846225196,0.10250082280206364,1.0,0.0,105.375
2720,-24.177185149030148,0.10229634953350929,1.0,0.015625,105.390625
2721,-24.1771899890375,0.10191211585143893,1.0,0.03125,105.421875
2722,-24.17719439646761,0.10198769853017547,1.0,0.015625,105.4375
2723,-24.177198532661254,0.10223379673195758,1.0,0.03125,105.46875
2724,-24.177203915400153,0.10248690323716614,1.0,0.109375,105.578125
2725,-24.177210933809718,0.10081560827053533,1.0,0.015625,105.59375
2726,-24.177216718809902,0.10163855645118253,1.0,0.03125,105.625
2727,-24.17722402032613,0.10140084486745893,1.0,0.015625,105.640625
2728,-24.17722821306216,0.10171972651393586,1.0,0.140625,105.78125
2729,-24.177235464645676,0.10121974174258462,1.0,0.015625,105.796875
2730,-24.17724007255256,0.10122344723042373,1.0,0.125,105.921875
2731,-24.177245472333126,0.10030953489037733,1.0,0.015625,105.9375
2732,-24.1772497702071,0.10052630553221313,1.0,0.015625,105.953125
2733,-24.17725363799086,0.10012833446356668,1.0,0.046875,106.0
2734,-24.177257767380528,0.10044600986389146,1.0,0.015625,106.015625
2735,-24.177261708432667,0.1011208522779993,1.0,0.03125,106.046875
2736,-24.17726557258209,0.10123999051633084,1.0,0.015625,106.0625
2737,-24.177271860903787,0.10055502057807125,1.0,0.125,106.1875
2738,-24.177276719230687,0.1008550406654094,1.0,0.0,106.1875
2739,-24.177281901135416,0.100882741569875,1.0,0.125,106.3125
2740,-24.177286739319726,0.1001056293420451,1.0,0.015625,106.328125
2741,-24.177291957548615,0.1007769303357922,1.0,0.015625,106.34375
2742,-24.177298512937046,0.10012558789932342,1.0,0.046875,106.390625
2743,-24.177303174876744,0.10048284060116586,1.0,0.015625,106.40625
2744,-24.177306260508104,0.10034833391154614,1.0,0.046875,106.453125
2745,-24.17730979706072,0.10039873919144676,1.0,0.015625,106.46875
2746,-24.177314297765232,0.10000393814389347,1.0,0.03125,106.5
2747,-24.17731947693828,0.09956441198007378,1.0,0.015625,106.515625
2748,-24.177323673609433,0.09969089908881491,1.0,0.078125,106.59375
2749,-24.177329077180968,0.09979631874630313,1.0,0.015625,106.609375
2750,-24.177334662080707,0.0998688906841106,1.0,0.015625,106.625
2751,-24.177339356239187,0.0995693141100933,1.0,0.109375,106.734375
2752,-24.177343945554963,0.09849948722160407,1.0,0.09375,106.828125
2753,-24.17734930500184,0.09830110179111627,1.0,0.015625,106.84375
2754,-24.177354500429228,0.09839252559042277,1.0,0.0625,106.90625
2755,-24.177358927544333,0.09823332606241374,1.0,0.015625,106.921875
2756,-24.17736335451581,0.09770163902191077,1.0,0.09375,107.015625
2757,-24.177368276630148,0.09705071202014073,1.0,0.015625,107.03125
2758,-24.177373363062834,0.09657886763693872,1.0,0.125,107.15625
2759,-24.177378728100155,0.09741468558265115,1.0,0.046875,107.203125
2760,-24.177383588392203,0.09761594452803772,1.0,0.015625,107.21875
2761,-24.177388724975497,0.09692336981000803,1.0,0.046875,107.265625
2762,-24.177396082097157,0.0969454215194258,1.0,0.015625,107.28125
2763,-24.177401906341284,0.0978650119246378,1.0,0.03125,107.3125
2764,-24.177406360216256,0.09816993578907884,1.0,0.015625,107.328125
2765,-24.17741249215096,0.09779722850883434,1.0,0.03125,107.359375
2766,-24.177416798412583,0.09747978095688804,1.0,0.03125,107.390625
2767,-24.177422359346597,0.09759279671793705,1.0,0.015625,107.40625
2768,-24.1774274658755,0.09743800556679712,1.0,0.0625,107.46875
2769,-24.17743315789347,0.09768161405840256,1.0,0.0,107.46875
2770,-24.177438850431912,0.09693319743912492,1.0,0.015625,107.484375
2771,-24.17744283111885,0.09708767178103528,1.0,0.03125,107.515625
2772,-24.177449693335735,0.09748391708115389,1.0,0.015625,107.53125
2773,-24.17745510403842,0.0971741447253593,1.0,0.140625,107.671875
2774,-24.177459706508554,0.09659290418661017,1.0,0.0,107.671875
2775,-24.177463210099138,0.09618984440084709,1.0,0.015625,107.6875
2776,-24.17746693928392,0.09652766562528124,1.0,0.015625,107.703125
2777,-24.17747215950675,0.09639227751100343,1.0,0.015625,107.71875
2778,-24.17747825899979,0.09593776114705516,1.0,0.046875,107.765625
2779,-24.177482989311752,0.0965545877796818,1.0,0.015625,107.78125
2780,-24.177488976036294,0.09646089005021677,1.0,0.015625,107.796875
2781,-24.17749262627595,0.09693421820705088,1.0,0.015625,107.8125
2782,-24.177498592467707,0.0963611970554514,1.0,0.015625,107.828125
2783,-24.17750400353584,0.09665662492627344,1.0,0.109375,107.9375
2784,-24.177509763810185,0.09780680407259461,1.0,0.015625,107.953125
2785,-24.177515038181,0.09724085940279387,1.0,0.03125,107.984375
2786,-24.177519652928808,0.09667092894096428,1.0,0.015625,108.0
2787,-24.177523411760355,0.09652000048072064,1.0,0.109375,108.109375
2788,-24.177528453915638,0.09637372545654238,1.0,0.015625,108.125
2789,-24.177533467561467,0.09637254642396428,1.0,0.046875,108.171875
2790,-24.177537772398114,0.09587109801719612,1.0,0.015625,108.1875
2791,-24.177544554428685,0.09618076767537798,1.0,0.0,108.1875
2792,-24.17754982056605,0.09525902777653335,1.0,0.03125,108.21875
2793,-24.17755517479058,0.09525748167605981,1.0,0.015625,108.234375
2794,-24.17755847553888,0.09495038132424236,1.0,0.03125,108.265625
2795,-24.177563318816496,0.09515841286228693,1.0,0.015625,108.28125
2796,-24.177567942503888,0.09503334123643585,1.0,0.125,108.40625
2797,-24.17757230168943,0.09437882604728808,1.0,0.03125,108.4375
2798,-24.17757687152247,0.09407126457152336,1.0,0.015625,108.453125
2799,-24.177580754150902,0.09418194826569232,1.0,0.140625,108.59375
2800,-24.177586136173687,0.0931278474011439,1.0,0.015625,108.609375
2801,-24.17759136483696,0.09311452273224557,1.0,0.03125,108.640625
2802,-24.177596561978238,0.09340923990987086,1.0,0.015625,108.65625
2803,-24.177601890692312,0.09410918024694204,1.0,0.03125,108.6875
2804,-24.17760609744314,0.09336471926152483,1.0,0.015625,108.703125
2805,-24.17761010077109,0.09319125085368246,1.0,0.015625,108.71875
2806,-24.177612596247734,0.09359303340541922,1.0,0.125,108.84375
2807,-24.177618576904877,0.09375380291801554,1.0,0.015625,108.859375
2808,-24.177623015289747,0.09389496780612368,1.0,0.0,108.859375
2809,-24.17762735160349,0.0939890167537643,1.0,0.015625,108.875
2810,-24.17763004739084,0.09359031529277555,1.0,0.03125,108.90625
2811,-24.177636038122085,0.09376457653872416,1.0,0.015625,108.921875
2812,-24.177641646354857,0.09252825306221112,1.0,0.140625,109.0625
2813,-24.1776455243688,0.09236031376789282,1.0,0.015625,109.078125
2814,-24.177648581045382,0.09260964984562677,1.0,0.140625,109.21875
2815,-24.17765304172621,0.09302608959246855,1.0,0.0,109.21875
2816,-24.177655949700693,0.09305682019039871,1.0,0.015625,109.234375
2817,-24.177661561103452,0.09290603979424766,1.0,0.046875,109.28125
2818,-24.177665031149292,0.09300351479255275,1.0,0.0,109.28125
2819,-24.177669568524017,0.09309853920660575,1.0,0.109375,109.390625
2820,-24.177673185178726,0.09352310355399987,1.0,0.015625,109.40625
2821,-24.177678473152707,0.09282162732325495,1.0,0.03125,109.4375
2822,-24.177682300615388,0.09300603700491195,1.0,0.015625,109.453125
2823,-24.17768532967171,0.09286893386812052,1.0,0.140625,109.59375
2824,-24.17768838282598,0.09273545589442349,1.0,0.015625,109.609375
2825,-24.177692425503807,0.09278331615295472,1.0,0.015625,109.625
2826,-24.17769614821737,0.09256323231709057,1.0,0.03125,109.65625
2827,-24.1777007891953,0.09256221201550367,1.0,0.015625,109.671875
2828,-24.177707372540628,0.09210105585710879,1.0,0.015625,109.6875
2829,-24.177711040140732,0.0916584502227728,1.0,0.125,109.8125
2830,-24.177714979575843,0.09183151767986102,1.0,0.015625,109.828125
2831,-24.177719624700032,0.09163139022274519,1.0,0.015625,109.84375
2832,-24.177725289399646,0.0916649131084271,1.0,0.140625,109.984375
2833,-24.17772964489253,0.09189903860593403,1.0,0.015625,110.0
2834,-24.177733770031615,0.09175489234103289,1.0,0.03125,110.03125
2835,-24.177739043855873,0.09144974242118917,1.0,0.015625,110.046875
2836,-24.17774367113499,0.09115574343532304,1.0,0.015625,110.0625
2837,-24.17774799791262,0.09008537196688655,1.0,0.0625,110.125
2838,-24.177752364942215,0.09048142995365324,1.0,0.015625,110.140625
2839,-24.17775571141579,0.08984306988710154,1.0,0.03125,110.171875
2840,-24.177758498743103,0.0900959158712482,1.0,0.015625,110.1875
2841,-24.177762091393067,0.09029308559988783,1.0,0.015625,110.203125
2842,-24.177766098933375,0.09053364506554644,1.0,0.140625,110.34375
2843,-24.1777688064644,0.08992708562129818,1.0,0.03125,110.375
2844,-24.177773325859384,0.08961587387542151,1.0,0.015625,110.390625
2845,-24.17777944526196,0.08940627340066969,1.0,0.140625,110.53125
2846,-24.17778431435155,0.08969300668420915,1.0,0.015625,110.546875
2847,-24.177789499456825,0.08986713749122457,1.0,0.015625,110.5625
2848,-24.177793693494035,0.09007876806232502,1.0,0.140625,110.703125
2849,-24.177797276055877,0.09033675476078178,1.0,0.015625,110.71875
2850,-24.177802596038525,0.09083496312568848,1.0,0.015625,110.734375
2851,-24.177807426493185,0.08982401294899905,1.0,0.015625,110.75
2852,-24.17781148856452,0.08938734335803533,1.0,0.0625,110.8125
2853,-24.177815137869988,0.08938754622931465,1.0,0.015625,110.828125
2854,-24.17781840154931,0.08857336609951705,1.0,0.015625,110.84375
2855,-24.17782287933739,0.08844424206275646,1.0,0.015625,110.859375
2856,-24.177825778696217,0.08934922899487056,1.0,0.015625,110.875
2857,-24.177828442641182,0.08937662801793614,1.0,0.15625,111.03125
2858,-24.177832385978395,0.0893478027439907,1.0,0.015625,111.046875
2859,-24.177835767679337,0.08924404758191908,1.0,0.015625,111.0625
2860,-24.17783917959837,0.08821470686493006,1.0,0.03125,111.09375
2861,-24.177843428392546,0.08851646311757827,1.0,0.0,111.09375
2862,-24.177847175251088,0.0889374393051414,1.0,0.015625,111.109375
2863,-24.17785024804375,0.08840876600308814,1.0,0.0625,111.171875
2864,-24.177854165018495,0.08896226253556731,1.0,0.015625,111.1875
2865,-24.177858875348452,0.08884350357331734,1.0,0.015625,111.203125
2866,-24.17786236400796,0.08891487046930743,1.0,0.015625,111.21875
2867,-24.177866819498696,0.08816934066871411,1.0,0.015625,111.234375
2868,-24.177871308093867,0.08812076288233854,1.0,0.03125,111.265625
2869,-24.177875733376577,0.08820489808981705,1.0,0.015625,111.28125
2870,-24.177878690770736,0.08756634772408285,1.0,0.015625,111.296875
2871,-24.177882324843914,0.08777347397090311,1.0,0.140625,111.4375
2872,-24.177885738717993,0.08779060674121039,1.0,0.03125,111.46875
2873,-24.177890374064418,0.08801599604998821,1.0,0.0,111.46875
2874,-24.17789364786094,0.08826718264152453,1.0,0.015625,111.484375
2875,-24.17789709394826,0.08774282404402421,1.0,0.015625,111.5
2876,-24.177900047403615,0.0880933391298724,1.0,0.03125,111.53125
2877,-24.17790444106965,0.08770832897170312,1.0,0.0,111.53125
2878,-24.177908581060564,0.0874766219925927,1.0,0.015625,111.546875
2879,-24.177913607346408,0.0875357580535608,1.0,0.015625,111.5625
2880,-24.17791765472602,0.08731114737055995,1.0,0.015625,111.578125
2881,-24.17792233588631,0.08679015778763483,1.0,0.046875,111.625
2882,-24.17792634296203,0.08690510780800574,1.0,0.03125,111.65625
2883,-24.17793109322147,0.0865724265482733,1.0,0.015625,111.671875
2884,-24.177934882142257,0.08626587783816532,1.0,0.140625,111.8125
2885,-24.177939403182574,0.08537532257090465,1.0,0.015625,111.828125
2886,-24.177943758608478,0.08653056224250331,1.0,0.015625,111.84375
2887,-24.177946985094806,0.08648371750915514,1.0,0.015625,111.859375
2888,-24.177951054203284,0.0861844003836988,1.0,0.140625,112.0
2889,-24.177953879399126,0.08561510651530209,1.0,0.015625,112.015625
2890,-24.177957578557614,0.08529412876323982,1.0,0.015625,112.03125
2891,-24.17796044226136,0.08536162268978673,1.0,0.015625,112.046875
2892,-24.177963276284835,0.08505790954360003,1.0,0.140625,112.1875
2893,-24.1779660993334,0.08499847522867646,1.0,0.015625,112.203125
2894,-24.17797074073487,0.08500085755808671,1.0,0.015625,112.21875
2895,-24.177975666394385,0.0854834298125716,1.0,0.015625,112.234375
2896,-24.177978930399004,0.08570324889994148,1.0,0.125,112.359375
2897,-24.177983172540415,0.08509497816674244,1.0,0.015625,112.375
2898,-24.17798683296833,0.08516896485925954,1.0,0.015625,112.390625
2899,-24.177990958669128,0.08484759987760399,1.0,0.015625,112.40625
2900,-24.177994878909743,0.08436356763230331,1.0,0.140625,112.546875
2901,-24.17799830382539,0.08362806709951097,1.0,0.03125,112.578125
2902,-24.17800195047559,0.08421231259057081,1.0,0.015625,112.59375
2903,-24.178006736911595,0.08442825635432935,1.0,0.015625,112.609375
2904,-24.178009973055218,0.0842038077682136,1.0,0.03125,112.640625
2905,-24.178014807134694,0.08421290707001378,1.0,0.0,112.640625
2906,-24.178019399285613,0.08296065475480893,1.0,0.015625,112.65625
2907,-24.178022227000415,0.08236277883928077,1.0,0.015625,112.671875
2908,-24.178024321452604,0.08259566466878267,1.0,0.109375,112.78125
2909,-24.178026644000926,0.08207524813025806,1.0,0.015625,112.796875
2910,-24.17802962817035,0.08130585582077643,1.0,0.015625,112.8125
2911,-24.178033198352107,0.08246384872461486,1.0,0.078125,112.890625
2912,-24.17803589832316,0.08222038441590354,1.0,0.015625,112.90625
2913,-24.178040358382233,0.08200679289115105,1.0,0.015625,112.921875
2914,-24.178043848960748,0.08185812409758056,1.0,0.015625,112.9375
2915,-24.178047483386635,0.08201239262264437,1.0,0.140625,113.078125
2916,-24.17805244171751,0.08222867236755038,1.0,0.015625,113.09375
2917,-24.178055182946125,0.08213614001077167,1.0,0.015625,113.109375
2918,-24.17805842167465,0.08157005833136288,1.0,0.015625,113.125
2919,-24.178062379125652,0.08168949062405136,1.0,0.140625,113.265625
2920,-24.178066079168705,0.08262350188704255,1.0,0.0,113.265625
2921,-24.178069854033104,0.08214359567963463,1.0,0.015625,113.28125
2922,-24.17807398366206,0.08185943518025167,1.0,0.015625,113.296875
2923,-24.17807748370886,0.0816750824803573,1.0,0.0625,113.359375
2924,-24.178080722416695,0.08177535874274322,1.0,0.0,113.359375
2925,-24.178083756449325,0.08145072243016242,1.0,0.015625,113.375
2926,-24.178087387664025,0.08228303034194552,1.0,0.09375,113.46875
2927,-24.178090882085307,0.08142098462364981,1.0,0.015625,113.484375
2928,-24.178094357510385,0.08128175150308549,1.0,0.015625,113.5
2929,-24.17809777439129,0.08172936617505609,1.0,0.015625,113.515625
2930,-24.17810182263211,0.08147132573278157,1.0,0.078125,113.59375
2931,-24.17810505829813,0.08100103943885961,1.0,0.015625,113.609375
2932,-24.178108848462198,0.08070475828503873,1.0,0.015625,113.625
2933,-24.17811171270251,0.08060153754675102,1.0,0.015625,113.640625
2934,-24.178115493532015,0.08035812997012017,1.0,0.046875,113.6875
2935,-24.178118904445856,0.07962788205097679,1.0,0.015625,113.703125
2936,-24.17812117213712,0.07947875861489782,1.0,0.015625,113.71875
2937,-24.178124115703465,0.07873090295739804,1.0,0.140625,113.859375
2938,-24.178126553855517,0.07880938505661593,1.0,0.0,113.859375
2939,-24.17813066491419,0.07858294251101348,1.0,0.015625,113.875
2940,-24.17813359715654,0.07862124750083586,1.0,0.015625,113.890625
2941,-24.17813639909745,0.07873235395213769,1.0,0.09375,113.984375
2942,-24.178140514529957,0.07792748790526131,1.0,0.015625,114.0
2943,-24.178144144411544,0.07753754732769785,1.0,0.015625,114.015625
2944,-24.17814642264413,0.0773740364595279,1.0,0.015625,114.03125
2945,-24.17814943817806,0.0778697670212789,1.0,0.078125,114.109375
2946,-24.178152717453536,0.07733582066349327,1.0,0.015625,114.125
2947,-24.178155261730232,0.07682875346420437,1.0,0.015625,114.140625
2948,-24.178158517702492,0.07687507140178464,1.0,0.015625,114.15625
2949,-24.17816125222762,0.07683758317546821,1.0,0.09375,114.25
2950,-24.178163487712766,0.0768687284890213,1.0,0.03125,114.28125
2951,-24.178165969223702,0.0768703249675363,1.0,0.015625,114.296875
2952,-24.178169455254743,0.07675403750326168,1.0,0.015625,114.3125
2953,-24.178172850149693,0.07677844665627077,1.0,0.015625,114.328125
2954,-24.17817760228445,0.07674751426360837,1.0,0.140625,114.46875
2955,-24.17818075646798,0.07736447665213365,1.0,0.015625,114.484375
2956,-24.178183194920255,0.07745065642569375,1.0,0.015625,114.5
2957,-24.17818685892723,0.07720255529075878,1.0,0.125,114.625
2958,-24.178189469491812,0.07692955581620839,1.0,0.015625,114.640625
2959,-24.178192461162347,0.07661239407829384,1.0,0.015625,114.65625
2960,-24.17819576721322,0.07724121504924249,1.0,0.015625,114.671875
2961,-24.178198113687873,0.07694923004064268,1.0,0.140625,114.8125
2962,-24.17820177520751,0.07741199196652467,1.0,0.0,114.8125
2963,-24.178206211985547,0.07758657048158978,1.0,0.015625,114.828125
2964,-24.17820877826182,0.07741716868293497,1.0,0.015625,114.84375
2965,-24.178211420032785,0.07702003343331265,1.0,0.03125,114.875
2966,-24.17821531551964,0.07703260042412566,1.0,0.0,114.875
2967,-24.178217931413695,0.07680547259432192,1.0,0.015625,114.890625
2968,-24.17822019498686,0.07672836663288438,1.0,0.015625,114.90625
2969,-24.178223443701743,0.07649702157819066,1.0,0.0625,114.96875
2970,-24.17822635666904,0.07586681000671897,1.0,0.015625,114.984375
2971,-24.178228761051898,0.07596168074123423,1.0,0.015625,115.0
2972,-24.178232640905932,0.07588328538036546,1.0,0.03125,115.03125
2973,-24.178235589048747,0.0756959190454746,1.0,0.0,115.03125
2974,-24.178238078760028,0.0754399346508531,1.0,0.015625,115.046875
2975,-24.178240391936768,0.07533416992973499,1.0,0.015625,115.0625
2976,-24.178242546828994,0.07515212533741349,1.0,0.078125,115.140625
2977,-24.178245808852928,0.07481991235087716,1.0,0.015625,115.15625
2978,-24.178248995495935,0.07426136165440232,1.0,0.015625,115.171875
2979,-24.178251586730013,0.0746417640499871,1.0,0.015625,115.1875
2980,-24.178253712643468,0.07469158380928748,1.0,0.203125,115.390625
2981,-24.17825551602836,0.0748313311430753,1.0,0.0,115.390625
2982,-24.178258114062235,0.07498422881618197,1.0,0.015625,115.40625
2983,-24.1782599241003,0.0748252398178331,1.0,0.109375,115.515625
2984,-24.178263142808174,0.07490966941091094,1.0,0.03125,115.546875
2985,-24.178265302829438,0.07452862644387434,1.0,0.015625,115.5625
2986,-24.17826791171846,0.0743501644617507,1.0,0.140625,115.703125
2987,-24.178270631314952,0.07454044204591219,1.0,0.015625,115.71875
2988,-24.178273124782606,0.07439099726761507,1.0,0.015625,115.734375
2989,-24.178275580091704,0.07435601030144058,1.0,0.015625,115.75
2990,-24.17827786943674,0.07364591001134889,1.0,0.109375,115.859375
2991,-24.178280273524134,0.07412408445479483,1.0,0.015625,115.875
2992,-24.178283051944963,0.07401411885136218,1.0,0.015625,115.890625
2993,-24.17828712854354,0.07371097808712541,1.0,0.015625,115.90625
2994,-24.178289512052732,0.07333667677451271,1.0,0.140625,116.046875
2995,-24.17829306665696,0.07262239344972106,1.0,0.015625,116.0625
2996,-24.17829561115385,0.07228426064638871,1.0,0.015625,116.078125
2997,-24.17829779079471,0.07201115502239992,1.0,0.015625,116.09375
2998,-24.17830059338958,0.07267371882603392,1.0,0.03125,116.125
2999,-24.17830262784415,0.07225244467450899,1.0,0.015625,116.140625
3000,-24.178305647136334,0.07240630510171094,1.0,0.015625,116.15625
3001,-24.17830837306679,0.07219764392121109,1.0,0.03125,116.1875
3002,-24.178311792519374,0.07209328190728857,1.0,0.0,116.1875
3003,-24.178315117614368,0.07247290127972796,1.0,0.015625,116.203125
3004,-24.178318135657484,0.07260509984459466,1.0,0.03125,116.234375
3005,-24.17832102267437,0.07286068596893007,1.0,0.015625,116.25
3006,-24.1783240658026,0.07321927951206807,1.0,0.015625,116.265625
3007,-24.178326625901786,0.07265612162731157,1.0,0.03125,116.296875
3008,-24.178330324810645,0.07188916909201488,1.0,0.03125,116.328125
3009,-24.178333229573756,0.07169763365659754,1.0,0.015625,116.34375
3010,-24.178334840907798,0.07165625518861042,1.0,0.078125,116.421875
3011,-24.178337599213858,0.07187996874754267,1.0,0.015625,116.4375
3012,-24.178340434247623,0.07236302107918748,1.0,0.015625,116.453125
3013,-24.178343002518123,0.07194327483182433,1.0,0.015625,116.46875
3014,-24.1783461934853,0.07255209020670755,1.0,0.140625,116.609375
3015,-24.178348722777038,0.07301531961294555,1.0,0.015625,116.625
3016,-24.17835073103692,0.07223907203744005,1.0,0.015625,116.640625
3017,-24.178354031199447,0.07201744640599202,1.0,0.015625,116.65625
3018,-24.178356809053664,0.07194519478671542,1.0,0.03125,116.6875
3019,-24.178359294606288,0.0721130122681396,1.0,0.015625,116.703125
3020,-24.178362347486186,0.07152658662032435,1.0,0.015625,116.71875
3021,-24.178366509855298,0.07093734323149586,1.0,0.078125,116.796875
3022,-24.178369167838497,0.07064177794477451,1.0,0.03125,116.828125
3023,-24.178372688738975,0.07081207776370632,1.0,0.015625,116.84375
3024,-24.178375309085293,0.07096602030032557,1.0,0.140625,116.984375
3025,-24.178378215171445,0.070766783918045,1.0,0.015625,117.0
3026,-24.17838052822886,0.07075838505441347,1.0,0.015625,117.015625
3027,-24.17838338558642,0.07135894321082804,1.0,0.015625,117.03125
3028,-24.178385446624034,0.07113302672886404,1.0,0.015625,117.046875
3029,-24.17838722498796,0.0713655470121219,1.0,0.046875,117.09375
3030,-24.178389746684456,0.07093711732314907,1.0,0.0,117.09375
3031,-24.178391459774044,0.07068248939910017,1.0,0.015625,117.109375
3032,-24.178393937724984,0.07054308024447689,1.0,0.015625,117.125
3033,-24.17839635301751,0.07091390670206295,1.0,0.125,117.25
3034,-24.178399769248845,0.07137543931419545,1.0,0.0,117.25
3035,-24.178402583744283,0.07035828411155638,1.0,0.015625,117.265625
3036,-24.178405768233294,0.07026947233498781,1.0,0.015625,117.28125
3037,-24.17840824857601,0.07037419504218902,1.0,0.125,117.40625
3038,-24.178411283495663,0.07004310606079664,1.0,0.015625,117.421875
3039,-24.178413522797317,0.07033311356130457,1.0,0.015625,117.4375
3040,-24.178416780018395,0.06997525923050639,1.0,0.015625,117.453125
3041,-24.17842006049495,0.06945345489307247,1.0,0.03125,117.484375
3042,-24.17842231862454,0.06969320496383777,1.0,0.0,117.484375
3043,-24.178424236613612,0.06974902419088995,1.0,0.015625,117.5
3044,-24.178426215243466,0.06986757495055432,1.0,0.015625,117.515625
3045,-24.1784289227793,0.06939613402011502,1.0,0.140625,117.65625
3046,-24.178431190157657,0.06918549829223056,1.0,0.0,117.65625
3047,-24.178433162066895,0.06942113179400089,1.0,0.015625,117.671875
3048,-24.178435604995872,0.06876645948440062,1.0,0.015625,117.6875
3049,-24.17843828838289,0.06891088442981322,1.0,0.03125,117.71875
3050,-24.1784419267906,0.06862535042402872,1.0,0.0,117.71875
3051,-24.17844420291239,0.06845923466986903,1.0,0.015625,117.734375
3052,-24.17844650889694,0.06825536607928236,1.0,0.109375,117.84375
3053,-24.17844889252978,0.06788428218826573,1.0,0.03125,117.875
3054,-24.178451685805843,0.0679988432581128,1.0,0.015625,117.890625
3055,-24.17845407516647,0.06819176293290716,1.0,0.015625,117.90625
3056,-24.178456375257742,0.06843919490658752,1.0,0.109375,118.015625
3057,-24.17845854113542,0.06773592368547267,1.0,0.03125,118.046875
3058,-24.178461054480962,0.0675316290393303,1.0,0.0,118.046875
3059,-24.178464039662106,0.06760413327612862,1.0,0.015625,118.0625
3060,-24.178465604171937,0.06814783210303287,1.0,0.015625,118.078125
3061,-24.178468406555318,0.06773022450384793,1.0,0.140625,118.21875
3062,-24.178471651109017,0.06794064636063589,1.0,0.015625,118.234375
3063,-24.178474579068904,0.06802498443158593,1.0,0.015625,118.25
3064,-24.17847741275059,0.06765672580818143,1.0,0.078125,118.328125
3065,-24.17848060479208,0.06754077005496945,1.0,0.015625,118.34375
3066,-24.178483348280974,0.06795703420450337,1.0,0.015625,118.359375
3067,-24.178485254600634,0.06754371237012083,1.0,0.015625,118.375
3068,-24.178487149226196,0.06684721144922286,1.0,0.140625,118.515625
3069,-24.178489896595483,0.06698947953104202,1.0,0.015625,118.53125
3070,-24.178491490127442,0.06649045338067833,1.0,0.015625,118.546875
3071,-24.17849286717453,0.066766807788391,1.0,0.015625,118.5625
3072,-24.178495688305638,0.06705332300983362,1.0,0.140625,118.703125
3073,-24.178497717609762,0.06681513915806434,1.0,0.015625,118.71875
3074,-24.178499750391087,0.06655658794010356,1.0,0.015625,118.734375
3075,-24.17850190761421,0.06632874301736881,1.0,0.140625,118.875
3076,-24.178503344579855,0.06693442849226271,1.0,0.015625,118.890625
3077,-24.178505428432853,0.0667820966068896,1.0,0.015625,118.90625
3078,-24.178507738781423,0.06673832001358834,1.0,0.015625,118.921875
3079,-24.17851081511844,0.06669053403511094,1.0,0.09375,119.015625
3080,-24.178512934608435,0.06601955808097777,1.0,0.015625,119.03125
3081,-24.17851548447488,0.06554110347401229,1.0,0.015625,119.046875
3082,-24.1785173523713,0.06561538736484405,1.0,0.015625,119.0625
3083,-24.17851920600315,0.06573562968078085,1.0,0.140625,119.203125
3084,-24.178521734272422,0.06510076877401333,1.0,0.0,119.203125
3085,-24.178524050648562,0.06493603402808407,1.0,0.015625,119.21875
3086,-24.178526356124166,0.06482766592398248,1.0,0.140625,119.359375
3087,-24.178529255949186,0.06503345613865709,1.0,0.015625,119.375
3088,-24.17853174016432,0.06463946136422671,1.0,0.015625,119.390625
3089,-24.178534356113055,0.06494384893449008,1.0,0.03125,119.421875
3090,-24.178537487032326,0.06500114205051256,1.0,0.015625,119.4375
3091,-24.178539696537097,0.06517828207590193,1.0,0.015625,119.453125
3092,-24.178541330064768,0.06518694659324564,1.0,0.03125,119.484375
3093,-24.17854341225778,0.06516524587922166,1.0,0.015625,119.5
3094,-24.17854546241277,0.06507260747021155,1.0,0.0,119.5
3095,-24.178548249527864,0.0647974021787117,1.0,0.015625,119.515625
3096,-24.1785502604805,0.06470922631377599,1.0,0.015625,119.53125
3097,-24.17855259976121,0.06437620561757311,1.0,0.078125,119.609375
3098,-24.178555172362216,0.06381286808092307,1.0,0.0,119.609375
3099,-24.178556592858378,0.06298279084750259,1.0,0.015625,119.625
3100,-24.178558539903868,0.06314060860436933,1.0,0.140625,119.765625
3101,-24.17856058691978,0.06289137731474985,1.0,0.03125,119.796875
3102,-24.178562973855588,0.06245219553508429,1.0,0.015625,119.8125
3103,-24.178564906484848,0.06221798583602684,1.0,0.140625,119.953125
3104,-24.17856713537035,0.062206768029780146,1.0,0.015625,119.96875
3105,-24.17856921569172,0.06240806200704928,1.0,0.015625,119.984375
3106,-24.178571396103738,0.06286258867317392,1.0,0.015625,120.0
3107,-24.178573029626882,0.06323468301401933,1.0,0.140625,120.140625
3108,-24.17857462999113,0.06339815748016708,1.0,0.03125,120.171875
3109,-24.1785762389602,0.06294674214412674,1.0,0.015625,120.1875
3110,-24.178578555328084,0.06335383478251057,1.0,0.015625,120.203125
3111,-24.178579887635678,0.06313585706147495,1.0,0.015625,120.21875
3112,-24.178582078371115,0.06295656357681127,1.0,0.03125,120.25
3113,-24.17858404253668,0.06216762921246007,1.0,0.015625,120.265625
3114,-24.178585375566943,0.06238487177222829,1.0,0.015625,120.28125
3115,-24.178587366610675,0.062243229858723235,1.0,0.09375,120.375
3116,-24.1785891882221,0.061935606430224235,1.0,0.015625,120.390625
3117,-24.17859136694985,0.06247832786836492,1.0,0.015625,120.40625
3118,-24.178592662860108,0.06253411869547412,1.0,0.015625,120.421875
3119,-24.17859510238711,0.06226828830283589,1.0,0.140625,120.5625
3120,-24.178596860764777,0.06253452673260129,1.0,0.0,120.5625
3121,-24.17859841392701,0.06227483093979961,1.0,0.015625,120.578125
3122,-24.17859995766316,0.06201820204753092,1.0,0.015625,120.59375
3123,-24.17860164475923,0.06192717894471098,1.0,0.078125,120.671875
3124,-24.178603065944497,0.06180738929670906,1.0,0.0,120.671875
3125,-24.178604638508162,0.061542500592994015,1.0,0.015625,120.6875
3126,-24.178606878175028,0.061503374099761185,1.0,0.140625,120.828125
3127,-24.17860871185782,0.06123385570319339,1.0,0.015625,120.84375
3128,-24.178611113386243,0.06120458347974032,1.0,0.015625,120.859375
3129,-24.178613331728044,0.061938714193158495,1.0,0.015625,120.875
3130,-24.178616036191606,0.061963906211112654,1.0,0.078125,120.953125
3131,-24.178618516773813,0.06206667377492046,1.0,0.015625,120.96875
3132,-24.178619831587632,0.06173482579626331,1.0,0.015625,120.984375
3133,-24.17862106070017,0.061936692550419725,1.0,0.015625,121.0
3134,-24.178623065709107,0.06212617812256416,1.0,0.125,121.125
3135,-24.17862508720474,0.062161877868584084,1.0,0.046875,121.171875
3136,-24.17862739152359,0.06242248078761872,1.0,0.015625,121.1875
3137,-24.178629005764318,0.06268989600923382,1.0,0.015625,121.203125
3138,-24.178630337910214,0.06252556253900472,1.0,0.09375,121.296875
3139,-24.17863188171546,0.06243401970125471,1.0,0.015625,121.3125
3140,-24.178633909441242,0.06172522183839797,1.0,0.015625,121.328125
3141,-24.178635949697355,0.06154833324416826,1.0,0.125,121.453125
3142,-24.178638657850602,0.06182802153187628,1.0,0.046875,121.5
3143,-24.17864099009461,0.061265847042746846,1.0,0.015625,121.515625
3144,-24.17864257498148,0.06097605699081947,1.0,0.015625,121.53125
3145,-24.17864488255579,0.060769569887905134,1.0,0.140625,121.671875
3146,-24.178647379982397,0.059891748483406206,1.0,0.015625,121.6875
3147,-24.178649121073146,0.05939429636259285,1.0,0.015625,121.703125
3148,-24.178651731386164,0.06001644184198358,1.0,0.015625,121.71875
3149,-24.178653423446903,0.06064441176531656,1.0,0.015625,121.734375
3150,-24.178654820624,0.060701099656066265,1.0,0.0625,121.796875
3151,-24.178656847068268,0.06043432408502088,1.0,0.015625,121.8125
3152,-24.17865880578775,0.0603979219172866,1.0,0.015625,121.828125
3153,-24.178660727643763,0.06048021047411134,1.0,0.140625,121.96875
3154,-24.17866295411678,0.06031884448227529,1.0,0.015625,121.984375
3155,-24.17866497007443,0.06058014809399463,1.0,0.015625,122.0
3156,-24.178666763439292,0.06039178691517963,1.0,0.015625,122.015625
3157,-24.17866819062489,0.06071102348426309,1.0,0.03125,122.046875
3158,-24.17866986087954,0.06009515863561463,1.0,0.015625,122.0625
3159,-24.17867118518639,0.05984617896413544,1.0,0.015625,122.078125
3160,-24.1786726160151,0.06002883449151133,1.0,0.03125,122.109375
3161,-24.178674998870218,0.0599326842985439,1.0,0.015625,122.125
3162,-24.178676907928764,0.05995784232757573,1.0,0.015625,122.140625
3163,-24.1786784550749,0.05995806822856459,1.0,0.015625,122.15625
3164,-24.178680268039873,0.060105261133280956,1.0,0.03125,122.1875
3165,-24.178682372290737,0.059652411908174816,1.0,0.015625,122.203125
3166,-24.178684204267647,0.05940778831416163,1.0,0.015625,122.21875
3167,-24.178685509739154,0.059416420044565446,1.0,0.140625,122.359375
3168,-24.178688044017512,0.059287331814259416,1.0,0.03125,122.390625
3169,-24.178689442627096,0.05960291955526048,1.0,0.015625,122.40625
3170,-24.178692027132094,0.059395096665907136,1.0,0.0625,122.46875
3171,-24.178693920233663,0.05964179104792252,1.0,0.015625,122.484375
3172,-24.17869596286623,0.05962737873424627,1.0,0.015625,122.5
3173,-24.178698368189515,0.05965192195484119,1.0,0.015625,122.515625
3174,-24.178700219431047,0.05961119021150762,1.0,0.015625,122.53125
3175,-24.17870237755,0.05909311463864294,1.0,0.03125,122.5625
3176,-24.17870446362113,0.05964388925324651,1.0,0.0,122.5625
3177,-24.178706386260544,0.05948327387641913,1.0,0.015625,122.578125
3178,-24.178707759150257,0.0598230002087403,1.0,0.015625,122.59375
3179,-24.178709725687213,0.05970251940334021,1.0,0.046875,122.640625
3180,-24.17871206927582,0.059807480927666856,1.0,0.0,122.640625
3181,-24.178713816500423,0.05973785795926042,1.0,0.015625,122.65625
3182,-24.1787152883477,0.059131206258730674,1.0,0.015625,122.671875
3183,-24.1787174005693,0.05906218013363342,1.0,0.109375,122.78125
3184,-24.178719231498164,0.05914231918189544,1.0,0.015625,122.796875
3185,-24.178721348808583,0.05902802832181421,1.0,0.015625,122.8125
3186,-24.178723076121333,0.05824010542437157,1.0,0.046875,122.859375
3187,-24.17872484362011,0.05801061007741674,1.0,0.015625,122.875
3188,-24.17872667014652,0.05818883425340173,1.0,0.015625,122.890625
3189,-24.178728877641927,0.057997607248903085,1.0,0.140625,123.03125
3190,-24.17873113552576,0.058643955069465716,1.0,0.0,123.03125
3191,-24.178732726378822,0.0588437146834534,1.0,0.015625,123.046875
3192,-24.178734348799804,0.05876110168934852,1.0,0.140625,123.1875
3193,-24.17873643489929,0.05900448935143694,1.0,0.0,123.1875
3194,-24.178737994081455,0.059116803907063316,1.0,0.015625,123.203125
3195,-24.178739725998387,0.057912486023378965,1.0,0.015625,123.21875
3196,-24.178741176872624,0.05777502596598098,1.0,0.03125,123.25
3197,-24.17874266553497,0.05729741161044539,1.0,0.015625,123.265625
3198,-24.178745070687743,0.05723964877539555,1.0,0.015625,123.28125
3199,-24.178746706837988,0.05741153422794319,1.0,0.03125,123.3125
3200,-24.178748143622407,0.0572707841025516,1.0,0.0,123.3125
3201,-24.178749584413247,0.05677579673516116,1.0,0.015625,123.328125
3202,-24.178751567894462,0.05624102576799941,1.0,0.078125,123.40625
3203,-24.17875277834174,0.0560351120851509,1.0,0.015625,123.421875
3204,-24.1787543022699,0.056252305101324236,1.0,0.015625,123.4375
3205,-24.178755861918134,0.05530301059940593,1.0,0.015625,123.453125
3206,-24.178757542830443,0.055201495495061,1.0,0.109375,123.5625
3207,-24.178759068619353,0.05467584367507831,1.0,0.015625,123.578125
3208,-24.17876054567104,0.054871624211392744,1.0,0.015625,123.59375
3209,-24.178762495570336,0.05540953715576494,1.0,0.015625,123.609375
3210,-24.17876342362235,0.055159076534232354,1.0,0.140625,123.75
3211,-24.178764939151268,0.055144766283588734,1.0,0.0,123.75
3212,-24.17876680092913,0.05547985888770201,1.0,0.015625,123.765625
3213,-24.178768571253404,0.055420309978051564,1.0,0.015625,123.78125
3214,-24.17877005031177,0.05589283226163069,1.0,0.078125,123.859375
3215,-24.178771975605766,0.05607253546823669,1.0,0.015625,123.875
3216,-24.178773234364836,0.05648000500888903,1.0,0.015625,123.890625
3217,-24.178775354628343,0.05580027887571314,1.0,0.015625,123.90625
3218,-24.17877729156263,0.056494823105093406,1.0,0.046875,123.953125
3219,-24.17877962499485,0.056274675775612584,1.0,0.015625,123.96875
3220,-24.178781200706304,0.056362556258278435,1.0,0.015625,123.984375
3221,-24.17878320887309,0.056036204825083806,1.0,0.015625,124.0
3222,-24.178784304813853,0.056051328022501734,1.0,0.03125,124.03125
3223,-24.17878589361836,0.05623928452774635,1.0,0.0,124.03125
3224,-24.178787686582833,0.05579944179261331,1.0,0.015625,124.046875
3225,-24.178789017004213,0.05600441774633218,1.0,0.03125,124.078125
3226,-24.17879105853185,0.05584259164330577,1.0,0.03125,124.109375
3227,-24.178792732432633,0.055636687817403406,1.0,0.015625,124.125
3228,-24.178794640642895,0.055560443594629326,1.0,0.015625,124.140625
3229,-24.178796096911277,0.05541040552714883,1.0,0.109375,124.25
3230,-24.178797897801207,0.05482045454068692,1.0,0.015625,124.265625
3231,-24.17879924559288,0.05508642344816779,1.0,0.015625,124.28125
3232,-24.178800483522494,0.055035399396629096,1.0,0.03125,124.3125
3233,-24.1788018528037,0.05515583731732803,1.0,0.015625,124.328125
3234,-24.1788037354563,0.05491844022894557,1.0,0.125,124.453125
3235,-24.1788055431561,0.05539129588818263,1.0,0.015625,124.46875
3236,-24.178807431557058,0.055521853552621875,1.0,0.015625,124.484375
3237,-24.178809213390842,0.056001501624858396,1.0,0.0625,124.546875
3238,-24.17881074839205,0.05600378316816461,1.0,0.0,124.546875
3239,-24.178812072546307,0.05549218957034489,1.0,0.015625,124.5625
3240,-24.178813939539967,0.05557950544252241,1.0,0.140625,124.703125
3241,-24.17881520669557,0.05530250456788106,1.0,0.015625,124.71875
3242,-24.178816575794606,0.05563060178832933,1.0,0.015625,124.734375
3243,-24.178818099420983,0.05541045370505216,1.0,0.015625,124.75
3244,-24.178819342575114,0.055474790461574906,1.0,0.0625,124.8125
3245,-24.178820638976003,0.05495165828680478,1.0,0.03125,124.84375
3246,-24.178822132614826,0.055515727243943026,1.0,0.015625,124.859375
3247,-24.17882361962301,0.05534843741600998,1.0,0.015625,124.875
3248,-24.178824718066934,0.05529913405790694,1.0,0.0625,124.9375
3249,-24.1788261310277,0.05523257771828294,1.0,0.0,124.9375
3250,-24.17882747885686,0.05519946889389349,1.0,0.015625,124.953125
3251,-24.17882882389159,0.05505136764057723,1.0,0.109375,125.0625
3252,-24.178831219623603,0.054919640350720327,1.0,0.015625,125.078125
3253,-24.178832781992003,0.05461483119933863,1.0,0.015625,125.09375
3254,-24.178834773764017,0.05455724793894775,1.0,0.015625,125.109375
3255,-24.178836093089384,0.05509704002271672,1.0,0.03125,125.140625
3256,-24.17883743958342,0.054751042191258446,1.0,0.015625,125.15625
3257,-24.178838935653562,0.05442207015802464,1.0,0.015625,125.171875
3258,-24.178840096613047,0.05409755319052029,1.0,0.015625,125.1875
3259,-24.17884166447504,0.054570311203021644,1.0,0.046875,125.234375
3260,-24.1788431668302,0.0540671716696765,1.0,0.015625,125.25
3261,-24.178844925323325,0.05428109933896495,1.0,0.015625,125.265625
3262,-24.17884600607991,0.05429182615459814,1.0,0.015625,125.28125
3263,-24.17884730462162,0.05414492528823673,1.0,0.140625,125.421875
3264,-24.178848980402897,0.053843155569423776,1.0,0.015625,125.4375
3265,-24.178850370952798,0.05373496728430357,1.0,0.015625,125.453125
3266,-24.178852377238933,0.053190245585578236,1.0,0.015625,125.46875
3267,-24.17885382268315,0.05279715484991663,1.0,0.140625,125.609375
3268,-24.17885507288937,0.052721106121403113,1.0,0.015625,125.625
3269,-24.178856463450913,0.05265664124436425,1.0,0.015625,125.640625
3270,-24.178858389583116,0.053171901438470844,1.0,0.140625,125.78125
3271,-24.178859998975803,0.05323649494286067,1.0,0.046875,125.828125
3272,-24.178861414537472,0.05308824646328956,1.0,0.015625,125.84375
3273,-24.178862279662706,0.05321111950909797,1.0,0.015625,125.859375
3274,-24.178863551782687,0.05369180628899418,1.0,0.03125,125.890625
3275,-24.17886528253896,0.05372436572823226,1.0,0.015625,125.90625
3276,-24.178866569385995,0.053575295198186906,1.0,0.015625,125.921875
3277,-24.178867710304456,0.05342480255557009,1.0,0.0625,125.984375
3278,-24.17886887180208,0.05326018994781873,1.0,0.015625,126.0
3279,-24.178870230381815,0.05334597542838704,1.0,0.015625,126.015625
3280,-24.178871728483934,0.05279986568234704,1.0,0.015625,126.03125
3281,-24.17887288069892,0.052772797199370294,1.0,0.046875,126.078125
3282,-24.178874481503495,0.052502922986119874,1.0,0.015625,126.09375
3283,-24.178875851512277,0.05213865758033069,1.0,0.015625,126.109375
3284,-24.178877552675534,0.05201510097624786,1.0,0.140625,126.25
3285,-24.178878848025317,0.051496458011540375,1.0,0.0,126.25
3286,-24.178880145530528,0.05137380539475443,1.0,0.015625,126.265625
3287,-24.17888122416291,0.051468463767625254,1.0,0.015625,126.28125
3288,-24.178882452262446,0.05126439837783187,1.0,0.03125,126.3125
3289,-24.178883813415695,0.051075252210849534,1.0,0.015625,126.328125
3290,-24.178884852011326,0.05086590286507491,1.0,0.140625,126.46875
3291,-24.17888603904068,0.05055510887668777,1.0,0.03125,126.5
3292,-24.178887738526115,0.05058083702297817,1.0,0.015625,126.515625
3293,-24.17888847371617,0.05035173338417508,1.0,0.015625,126.53125
3294,-24.17888952900479,0.050371936026611955,1.0,0.03125,126.5625
3295,-24.178890633778842,0.05050790951396449,1.0,0.015625,126.578125
3296,-24.17889166615367,0.05055035304186061,1.0,0.015625,126.59375
3297,-24.178893021356107,0.05026434141742581,1.0,0.015625,126.609375
3298,-24.17889432650413,0.05001096367223369,1.0,0.140625,126.75
3299,-24.178895426255792,0.049814652178345034,1.0,0.015625,126.765625
3300,-24.178896470590566,0.04975777341710388,1.0,0.015625,126.78125
3301,-24.17889751517102,0.049840794173011196,1.0,0.015625,126.796875
3302,-24.178898371727588,0.04994145179574121,1.0,0.078125,126.875
3303,-24.178899637836086,0.049664302229947284,1.0,0.015625,126.890625
3304,-24.178901091947406,0.04937576747226326,1.0,0.015625,126.90625
3305,-24.17890227168308,0.04947006705205013,1.0,0.140625,127.046875
3306,-24.178903163478815,0.04939939887904317,1.0,0.0,127.046875
3307,-24.178904191260518,0.049445296982965875,1.0,0.015625,127.0625
3308,-24.178905324842056,0.04990231807129895,1.0,0.0625,127.125
3309,-24.178906420348575,0.04980210892706023,1.0,0.015625,127.140625
3310,-24.1789076467024,0.04984811905877249,1.0,0.015625,127.15625
3311,-24.178909071897063,0.04922211433779534,1.0,0.015625,127.171875
3312,-24.17890971979741,0.049334278305062325,1.0,0.125,127.296875
3313,-24.17891081288839,0.04892747915173253,1.0,0.0,127.296875
3314,-24.178912016911486,0.048609252747171344,1.0,0.015625,127.3125
3315,-24.178913397852924,0.04863701576892045,1.0,0.015625,127.328125
3316,-24.178914808121146,0.04923369054619814,1.0,0.015625,127.34375
3317,-24.178916429536027,0.04967531381451433,1.0,0.03125,127.375
3318,-24.178917608961125,0.0497962413329523,1.0,0.015625,127.390625
3319,-24.17891876914425,0.04947789715078758,1.0,0.015625,127.40625
3320,-24.178919880273753,0.04950665483000964,1.0,0.03125,127.4375
3321,-24.178921093031846,0.04924794416142317,1.0,0.015625,127.453125
3322,-24.178921845115223,0.04893985355761675,1.0,0.015625,127.46875
3323,-24.178922706153184,0.04862249056239978,1.0,0.140625,127.609375
3324,-24.178924100728345,0.04916638306057608,1.0,0.0,127.609375
3325,-24.178925532795176,0.04921439620774238,1.0,0.015625,127.625
3326,-24.17892643011725,0.0491731564619178,1.0,0.046875,127.671875
3327,-24.17892766349722,0.04926032472280106,1.0,0.015625,127.6875
3328,-24.178929147507546,0.04903212131415582,1.0,0.015625,127.703125
3329,-24.178930199133603,0.04875133620171954,1.0,0.015625,127.71875
3330,-24.178931203231578,0.048376755088804985,1.0,0.140625,127.859375
3331,-24.178932726561406,0.04859320196929797,1.0,0.0,127.859375
3332,-24.178933482178877,0.04845087860539669,1.0,0.015625,127.875
3333,-24.17893503285081,0.048420114216230596,1.0,0.140625,128.015625
3334,-24.178936182594683,0.048014581358490044,1.0,0.015625,128.03125
3335,-24.17893756619057,0.04837180919316457,1.0,0.015625,128.046875
3336,-24.178939086752187,0.04813831281194432,1.0,0.015625,128.0625
3337,-24.17894035890035,0.04855818398598249,1.0,0.03125,128.09375
3338,-24.178941464889686,0.04871496884579377,1.0,0.0,128.09375
3339,-24.17894298298326,0.04841615428324788,1.0,0.015625,128.109375
3340,-24.17894432069344,0.047647039597731866,1.0,0.015625,128.125
3341,-24.17894586697742,0.04708391691182553,1.0,0.140625,128.265625
3342,-24.178946992332584,0.047290576900541226,1.0,0.015625,128.28125
3343,-24.17894850400123,0.047830759918143964,1.0,0.015625,128.296875
3344,-24.17894957202071,0.047981195519485736,1.0,0.03125,128.328125
3345,-24.178950495080418,0.04785308483573032,1.0,0.046875,128.375
3346,-24.17895200610816,0.04799617667635368,1.0,0.015625,128.390625
3347,-24.17895303548332,0.048013807191452464,1.0,0.015625,128.40625
3348,-24.178954215863616,0.04803536268549944,1.0,0.03125,128.4375
3349,-24.178955495302922,0.048022160774317375,1.0,0.015625,128.453125
3350,-24.17895694053747,0.04780371609332063,1.0,0.015625,128.46875
3351,-24.178958019874436,0.047879562568191945,1.0,0.140625,128.609375
3352,-24.178959007084355,0.04788459929070753,1.0,0.0,128.609375
3353,-24.17896032800504,0.047608873392696,1.0,0.015625,128.625
3354,-24.17896099394646,0.047696565040183686,1.0,0.078125,128.703125
3355,-24.17896210324378,0.047715086110975545,1.0,0.015625,128.71875
3356,-24.178963402209554,0.047406416468140054,1.0,0.015625,128.734375
3357,-24.178964468402064,0.04721337752676369,1.0,0.015625,128.75
3358,-24.178965904260377,0.047490117104576436,1.0,0.03125,128.78125
3359,-24.178967264692776,0.04754313205487038,1.0,0.015625,128.796875
3360,-24.178968225961174,0.04730947014261674,1.0,0.015625,128.8125
3361,-24.178969105359283,0.04720163671860249,1.0,0.140625,128.953125
3362,-24.17897044063185,0.04681812096894407,1.0,0.0,128.953125
3363,-24.178971787783546,0.047038085248557016,1.0,0.015625,128.96875
3364,-24.17897306359228,0.046685935594134365,1.0,0.140625,129.109375
3365,-24.178973919699686,0.04629354117421358,1.0,0.015625,129.125
3366,-24.178974845747643,0.04614972923421418,1.0,0.015625,129.140625
3367,-24.178975938893817,0.04613282881186864,1.0,0.015625,129.15625
3368,-24.17897692533333,0.046475198655417695,1.0,0.015625,129.171875
3369,-24.178977640240912,0.046304196178769866,1.0,0.140625,129.3125
3370,-24.17897913760014,0.04651933927005525,1.0,0.015625,129.328125
3371,-24.178980541008848,0.04594773894164989,1.0,0.015625,129.34375
3372,-24.17898141299418,0.045935597146159975,1.0,0.015625,129.359375
3373,-24.178982587602782,0.04593681506471852,1.0,0.140625,129.5
3374,-24.17898368944943,0.045982865413044895,1.0,0.015625,129.515625
3375,-24.178984621881852,0.0458629859714749,1.0,0.015625,129.53125
3376,-24.178985720422386,0.04582882915147241,1.0,0.015625,129.546875
3377,-24.178987163038695,0.0455309664112332,1.0,0.015625,129.5625
3378,-24.17898849089821,0.04560637532617467,1.0,0.140625,129.703125
3379,-24.17898969310521,0.04592859876090912,1.0,0.015625,129.71875
3380,-24.17899037713191,0.0462248698625587,1.0,0.015625,129.734375
3381,-24.17899173985945,0.045951972079583916,1.0,0.015625,129.75
3382,-24.178992929471374,0.04604310163691171,1.0,0.03125,129.78125
3383,-24.17899389225807,0.04626007564806606,1.0,0.015625,129.796875
3384,-24.178995351189254,0.046172158265598576,1.0,0.015625,129.8125
3385,-24.178996415786273,0.04614644513613838,1.0,0.140625,129.953125
3386,-24.17899737813626,0.045664365077229416,1.0,0.015625,129.96875
3387,-24.178998699876075,0.045269770246671316,1.0,0.015625,129.984375
3388,-24.178999498955722,0.04541127282815268,1.0,0.015625,130.0
3389,-24.179000403467146,0.04481811247345452,1.0,0.03125,130.03125
3390,-24.17900169804916,0.044960838645763064,1.0,0.015625,130.046875
3391,-24.179003262201594,0.04488852876244626,1.0,0.078125,130.125
3392,-24.1790043186199,0.044803018656023416,1.0,0.015625,130.140625
3393,-24.179005198128422,0.04489043190332143,1.0,0.015625,130.15625
3394,-24.17900664230323,0.0450659500969757,1.0,0.015625,130.171875
3395,-24.179007640371726,0.04488181738844601,1.0,0.125,130.296875
3396,-24.179008713175914,0.04480193782457138,1.0,0.015625,130.3125
3397,-24.179010034100912,0.045141963576245274,1.0,0.015625,130.328125
3398,-24.179011252241967,0.04507498021701924,1.0,0.015625,130.34375
3399,-24.179012597149875,0.04513999375807299,1.0,0.140625,130.484375
3400,-24.17901353408888,0.04518437681910412,1.0,0.015625,130.5
3401,-24.17901459846622,0.0450451446022125,1.0,0.015625,130.515625
3402,-24.17901548179495,0.04485996101438293,1.0,0.015625,130.53125
3403,-24.179016709585152,0.044623565840702505,1.0,0.03125,130.5625
3404,-24.179017707043414,0.044807928137450895,1.0,0.015625,130.578125
3405,-24.17901886770151,0.04470752969482823,1.0,0.015625,130.59375
3406,-24.179019750683516,0.04465669685842728,1.0,0.015625,130.609375
3407,-24.179020728466334,0.04440756791245181,1.0,0.03125,130.640625
3408,-24.179021553170006,0.04448963919822501,1.0,0.015625,130.65625
3409,-24.17902273133045,0.0445380571131134,1.0,0.015625,130.671875
3410,-24.179023654987816,0.044291890562540064,1.0,0.140625,130.8125
3411,-24.17902466210226,0.04396047191044737,1.0,0.015625,130.828125
3412,-24.17902554706734,0.04440755301740431,1.0,0.015625,130.84375
3413,-24.179026421724,0.04453343261555929,1.0,0.015625,130.859375
3414,-24.179027129997486,0.044627892756184,1.0,0.140625,131.0
3415,-24.179028066493284,0.04441320539584461,1.0,0.0,131.0
3416,-24.179029022791976,0.04459950828880743,1.0,0.015625,131.015625
3417,-24.179029912000644,0.04457284035297245,1.0,0.140625,131.15625
3418,-24.179030654141453,0.04444784598177222,1.0,0.015625,131.171875
3419,-24.17903171836356,0.044508272011189086,1.0,0.015625,131.1875
3420,-24.179033237787518,0.04448093555451305,1.0,0.015625,131.203125
3421,-24.179034445216523,0.04403908428385532,1.0,0.140625,131.34375
3422,-24.179035548807608,0.043946727490789754,1.0,0.0,131.34375
3423,-24.17903645945291,0.04380934818698146,1.0,0.015625,131.359375
3424,-24.17903731252782,0.04388572138027979,1.0,0.0625,131.421875
3425,-24.17903832538514,0.04368781475442198,1.0,0.015625,131.4375
3426,-24.179039345152386,0.043545662152097465,1.0,0.015625,131.453125
3427,-24.17904031768394,0.04320694728187133,1.0,0.015625,131.46875
3428,-24.179041647844095,0.043321230948573965,1.0,0.125,131.59375
3429,-24.179042392751256,0.04331739599215414,1.0,0.015625,131.609375
3430,-24.17904323103791,0.04337940505042675,1.0,0.015625,131.625
3431,-24.179043931468208,0.04326669950407114,1.0,0.015625,131.640625
3432,-24.17904485742356,0.043551570887439404,1.0,0.015625,131.65625
3433,-24.179045726817844,0.043627047397626684,1.0,0.1875,131.84375
3434,-24.179046623629592,0.043112428843865847,1.0,0.015625,131.859375
3435,-24.179047324233057,0.043534557052765016,1.0,0.015625,131.875
3436,-24.179048270167257,0.043609146064557416,1.0,0.140625,132.015625
3437,-24.179049236942504,0.043710347319750556,1.0,0.03125,132.046875
3438,-24.1790503951248,0.04330574260832799,1.0,0.015625,132.0625
3439,-24.179051297842403,0.04321018621460846,1.0,0.015625,132.078125
3440,-24.179052616427658,0.043813516582676376,1.0,0.03125,132.109375
3441,-24.179053485278853,0.0434528478332325,1.0,0.015625,132.125
3442,-24.179054067980278,0.04343496184974679,1.0,0.015625,132.140625
3443,-24.179055413766008,0.043191743513247664,1.0,0.015625,132.15625
3444,-24.179056118302057,0.04321174850027845,1.0,0.125,132.28125
3445,-24.179057203334086,0.04298073108017526,1.0,0.015625,132.296875
3446,-24.179058467229204,0.04311051187943659,1.0,0.015625,132.3125
3447,-24.179059521687897,0.04331179659081312,1.0,0.140625,132.453125
3448,-24.17906037687933,0.04328288079965722,1.0,0.03125,132.484375
3449,-24.179061265338614,0.04277035308283507,1.0,0.015625,132.5
3450,-24.17906186945301,0.04274643949907248,1.0,0.015625,132.515625
3451,-24.179063011887308,0.0424225673981039,1.0,0.03125,132.546875
3452,-24.17906399261673,0.042222116230423434,1.0,0.015625,132.5625
3453,-24.17906484562665,0.04241331338504985,1.0,0.015625,132.578125
3454,-24.179065961967144,0.04228944514618262,1.0,0.140625,132.71875
3455,-24.179067023127537,0.042788263781381106,1.0,0.03125,132.75
3456,-24.179067994197535,0.04256640021323298,1.0,0.015625,132.765625
3457,-24.179068710948105,0.04217400793484154,1.0,0.015625,132.78125
3458,-24.179069724822657,0.041866763475025555,1.0,0.140625,132.921875
3459,-24.179070660795727,0.04202295332024153,1.0,0.015625,132.9375
3460,-24.179071487223016,0.04214840230492507,1.0,0.015625,132.953125
3461,-24.179072247599663,0.042126262736579344,1.0,0.140625,133.09375
3462,-24.179073149713755,0.04179586167066991,1.0,0.03125,133.125
3463,-24.179073982893975,0.04135351442461806,1.0,0.015625,133.140625
3464,-24.179074914362975,0.04131341506553146,1.0,0.03125,133.171875
3465,-24.17907574376366,0.0418236238847787,1.0,0.015625,133.1875
3466,-24.1790765765217,0.041927954254994244,1.0,0.015625,133.203125
3467,-24.179077533554953,0.04211138250262814,1.0,0.015625,133.21875
3468,-24.17907853418945,0.04208340429753959,1.0,0.015625,133.234375
3469,-24.179079359405197,0.04187764117171747,1.0,0.140625,133.375
3470,-24.17908080854165,0.041370408390998946,1.0,0.015625,133.390625
3471,-24.179081528098067,0.041483415288382425,1.0,0.015625,133.40625
3472,-24.179082226072442,0.04127108406518547,1.0,0.140625,133.546875
3473,-24.179083009512368,0.04130852325660088,1.0,0.015625,133.5625
3474,-24.179083917380638,0.040962507866215095,1.0,0.0,133.5625
3475,-24.179084543337776,0.040979852362816295,1.0,0.015625,133.578125
3476,-24.179085385159222,0.04103582428625138,1.0,0.140625,133.71875
3477,-24.179086246186603,0.04122986114522491,1.0,0.03125,133.75
3478,-24.179087281513606,0.041070806898710836,1.0,0.015625,133.765625
3479,-24.17908820950852,0.04117038547238099,1.0,0.015625,133.78125
3480,-24.179089156990184,0.041323011217985775,1.0,0.046875,133.828125
3481,-24.1790900292165,0.041562183829888306,1.0,0.0,133.828125
3482,-24.179091021273223,0.04162064339757969,1.0,0.015625,133.84375
3483,-24.179091776960412,0.04185387185180696,1.0,0.015625,133.859375
3484,-24.179092987995645,0.04127089498809272,1.0,0.03125,133.890625
3485,-24.17909384546734,0.041343516999839014,1.0,0.0,133.890625
3486,-24.179094676031305,0.04113165485298199,1.0,0.015625,133.90625
3487,-24.179095706768486,0.04120254689028625,1.0,0.078125,133.984375
3488,-24.17909645402356,0.0411652806500084,1.0,0.03125,134.015625
3489,-24.179097359268713,0.04130709623768323,1.0,0.015625,134.03125
3490,-24.17909850705869,0.040790193278113916,1.0,0.015625,134.046875
3491,-24.179099162578066,0.040657670809642166,1.0,0.125,134.171875
3492,-24.179099881612878,0.040733852759032324,1.0,0.015625,134.1875
3493,-24.179100534862194,0.04076564744478545,1.0,0.015625,134.203125
3494,-24.179101400432184,0.04064538357312136,1.0,0.140625,134.34375
3495,-24.179102232022824,0.040771284435678116,1.0,0.015625,134.359375
3496,-24.179103062142556,0.04111584220578851,1.0,0.015625,134.375
3497,-24.179103883764153,0.04106056846634668,1.0,0.015625,134.390625
3498,-24.179104671451917,0.041079895459234246,1.0,0.125,134.515625
3499,-24.179105589828758,0.04063075948298484,1.0,0.015625,134.53125
3500,-24.17910648642738,0.04058625552113422,1.0,0.015625,134.546875
3501,-24.17910745379399,0.04079855353484003,1.0,0.015625,134.5625
3502,-24.179108354710873,0.041023637592006085,1.0,0.03125,134.59375
3503,-24.17910886161243,0.040753872268585394,1.0,0.0,134.59375
3504,-24.179109810018662,0.04057473572775831,1.0,0.015625,134.609375
3505,-24.17911042235185,0.04047721913117023,1.0,0.109375,134.71875
3506,-24.17911095329582,0.04050314524279682,1.0,0.015625,134.734375
3507,-24.179111731015183,0.04062048916873845,1.0,0.0,134.734375
3508,-24.179112462045897,0.04074002748037621,1.0,0.015625,134.75
3509,-24.17911327745936,0.04060842506698248,1.0,0.140625,134.890625
3510,-24.179114498003074,0.04033199655139003,1.0,0.015625,134.90625
3511,-24.179115022006936,0.04027489203467834,1.0,0.015625,134.921875
3512,-24.179115871461672,0.040670181317203014,1.0,0.140625,135.0625
3513,-24.179116874088315,0.04030226286870665,1.0,0.015625,135.078125
3514,-24.17911763412701,0.040289893928009884,1.0,0.015625,135.09375
3515,-24.179118082632115,0.04026231036841845,1.0,0.03125,135.125
3516,-24.17911898310762,0.03995344722039193,1.0,0.015625,135.140625
3517,-24.179119531138433,0.0396919873805249,1.0,0.046875,135.1875
3518,-24.1791204871233,0.03941905794502592,1.0,0.03125,135.21875
3519,-24.179121405948536,0.03931317949577141,1.0,0.015625,135.234375
3520,-24.179122327850294,0.03948405602247431,1.0,0.140625,135.375
3521,-24.1791232177727,0.0393080620665678,1.0,0.015625,135.390625
3522,-24.17912390343384,0.03919541074202037,1.0,0.015625,135.40625
3523,-24.179124806785232,0.03937867677790596,1.0,0.109375,135.515625
3524,-24.179125315390266,0.039470978106345374,1.0,0.0,135.515625
3525,-24.17912592997987,0.03960657104193143,1.0,0.015625,135.53125
3526,-24.179126600322103,0.03976954045210388,1.0,0.140625,135.671875
3527,-24.17912730277468,0.03966772468502524,1.0,0.015625,135.6875
3528,-24.179128403808228,0.03971099766627596,1.0,0.015625,135.703125
3529,-24.179129356350707,0.039456386731173756,1.0,0.140625,135.84375
3530,-24.179130191043114,0.0396883550098229,1.0,0.0,135.84375
3531,-24.17913101130994,0.03994597938806966,1.0,0.015625,135.859375
3532,-24.179131902740256,0.039934676240724463,1.0,0.03125,135.890625
3533,-24.17913258461763,0.04005525694908903,1.0,0.015625,135.90625
3534,-24.17913328601662,0.040029154325036745,1.0,0.140625,136.046875
3535,-24.179134093973076,0.039961829061398384,1.0,0.0,136.046875
3536,-24.179135041669365,0.039981738713833266,1.0,0.015625,136.0625
3537,-24.179135795958693,0.0394005024817154,1.0,0.09375,136.15625
3538,-24.17913641516777,0.03939337417588103,1.0,0.015625,136.171875
3539,-24.179137104408653,0.03912344566046239,1.0,0.015625,136.1875
3540,-24.1791379504174,0.038591611091192905,1.0,0.046875,136.234375
3541,-24.179138564973023,0.03845655575267919,1.0,0.0,136.234375
3542,-24.179139337497407,0.03862188237807332,1.0,0.015625,136.25
3543,-24.179140076697045,0.038608609616981204,1.0,0.140625,136.390625
3544,-24.179140933792013,0.038419467777487094,1.0,0.015625,136.40625
3545,-24.179141657605726,0.03861463971676942,1.0,0.015625,136.421875
3546,-24.179142334990807,0.03842545670887728,1.0,0.09375,136.515625
3547,-24.179143106437706,0.038430044062270845,1.0,0.0,136.515625
3548,-24.179144176413807,0.03833582361446537,1.0,0.015625,136.53125
3549,-24.179145011683307,0.0380154423653244,1.0,0.015625,136.546875
3550,-24.179145821096423,0.037907551204184,1.0,0.03125,136.578125
3551,-24.17914669336962,0.037802849720005485,1.0,0.0625,136.640625
3552,-24.17914708532029,0.037670407391181715,1.0,0.015625,136.65625
3553,-24.17914788237076,0.037708995537067296,1.0,0.0625,136.71875
3554,-24.179148736486034,0.03743854366825204,1.0,0.03125,136.75
3555,-24.17914962557178,0.03751585336015534,1.0,0.015625,136.765625
3556,-24.17915033159285,0.03746296915139615,1.0,0.140625,136.90625
3557,-24.179151094155582,0.03720728163662223,1.0,0.0,136.90625
3558,-24.179151882825195,0.03742407656964748,1.0,0.015625,136.921875
3559,-24.179152458379903,0.037383584719000724,1.0,0.0625,136.984375
3560,-24.179153009720473,0.037257654001410345,1.0,0.015625,137.0
3561,-24.179153935360898,0.03740705436349832,1.0,0.015625,137.015625
3562,-24.179154569842684,0.037262305715432736,1.0,0.03125,137.046875
3563,-24.17915509989389,0.03737496103306128,1.0,0.015625,137.0625
3564,-24.17915568911595,0.03737121498095522,1.0,0.125,137.1875
3565,-24.179156775722884,0.037590726898870844,1.0,0.03125,137.21875
3566,-24.179157355555706,0.037378291617698935,1.0,0.015625,137.234375
3567,-24.17915801470456,0.037344264706863674,1.0,0.09375,137.328125
3568,-24.179158607217612,0.03716316099873519,1.0,0.015625,137.34375
3569,-24.179159314358007,0.03710191633408813,1.0,0.015625,137.359375
3570,-24.179160134135948,0.03690055821904247,1.0,0.015625,137.375
3571,-24.179160726875384,0.03649971376327027,1.0,0.0625,137.4375
3572,-24.179161280135126,0.03672135265960797,1.0,0.015625,137.453125
3573,-24.179162064311072,0.03645114773643601,1.0,0.015625,137.46875
3574,-24.17916266119461,0.036613663971582375,1.0,0.046875,137.515625
3575,-24.1791633128934,0.03698513331516356,1.0,0.015625,137.53125
3576,-24.179163972422607,0.037285779928161546,1.0,0.109375,137.640625
3577,-24.179164712594588,0.037278617583744095,1.0,0.015625,137.65625
3578,-24.17916551320494,0.03708463865633655,1.0,0.015625,137.671875
3579,-24.179166053095315,0.0370364741240857,1.0,0.015625,137.6875
3580,-24.179167051749477,0.03671647391297036,1.0,0.140625,137.828125
3581,-24.17916793706942,0.03648193315002405,1.0,0.015625,137.84375
3582,-24.17916868060271,0.036061820236905476,1.0,0.078125,137.921875
3583,-24.179169576445066,0.03609790517359003,1.0,0.0,137.921875
3584,-24.17917016994539,0.03602883464059276,1.0,0.109375,138.03125
3585,-24.179170716924826,0.03615136549236742,1.0,0.015625,138.046875
3586,-24.17917148385825,0.0360451385466654,1.0,0.03125,138.078125
3587,-24.179172385806517,0.03592138176501358,1.0,0.015625,138.09375
3588,-24.179172964475462,0.0360646131732159,1.0,0.09375,138.1875
3589,-24.179173561346808,0.036154487815707105,1.0,0.015625,138.203125
3590,-24.179174168258164,0.036129526442962384,1.0,0.015625,138.21875
3591,-24.17917458986504,0.036177795143929825,1.0,0.03125,138.25
3592,-24.179175206791264,0.035818967596999304,1.0,0.015625,138.265625
3593,-24.179175942341143,0.035573280420089066,1.0,0.015625,138.28125
3594,-24.17917663019791,0.03571552231919011,1.0,0.03125,138.3125
3595,-24.179177528902464,0.03558577495572287,1.0,0.015625,138.328125
3596,-24.179178223310636,0.03559271131616848,1.0,0.125,138.453125
3597,-24.179178701961767,0.035474380353075145,1.0,0.015625,138.46875
3598,-24.179179271734156,0.035215499254968745,1.0,0.015625,138.484375
3599,-24.179179858638776,0.0348968240422565,1.0,0.0,138.484375
3600,-24.17918019751494,0.0348367249554722,1.0,0.015625,138.5
3601,-24.179180980553575,0.035030193041158904,1.0,0.03125,138.53125
3602,-24.179181448977708,0.035152646140224376,1.0,0.015625,138.546875
3603,-24.179181943852832,0.035439643501562416,1.0,0.0625,138.609375
3604,-24.179182489676958,0.03536983334782243,1.0,0.015625,138.625
3605,-24.179183125144775,0.035488564919984755,1.0,0.015625,138.640625
3606,-24.17918390297028,0.03558509399602703,1.0,0.078125,138.71875
3607,-24.17918472468748,0.03509651811222081,1.0,0.015625,138.734375
3608,-24.179185325380917,0.03539157943257847,1.0,0.015625,138.75
3609,-24.179186052042734,0.03544557853908861,1.0,0.140625,138.890625
3610,-24.179186589686093,0.035662873842383216,1.0,0.015625,138.90625
3611,-24.17918720159255,0.03552851326217521,1.0,0.015625,138.921875
3612,-24.179187839278555,0.03549085027477469,1.0,0.140625,139.0625
3613,-24.179188458161395,0.035188150559368456,1.0,0.0,139.0625
3614,-24.179189224318712,0.035114152124018055,1.0,0.015625,139.078125
3615,-24.179189845860446,0.0353487907034154,1.0,0.046875,139.125
3616,-24.17919050984517,0.03558815060065148,1.0,0.015625,139.140625
3617,-24.179191057927223,0.035783230559828995,1.0,0.015625,139.15625
3618,-24.17919180182252,0.03571736491140392,1.0,0.09375,139.25
3619,-24.17919254094184,0.03543215536396922,1.0,0.015625,139.265625
3620,-24.179193292151332,0.034982190835375376,1.0,0.015625,139.28125
3621,-24.179194014559638,0.03508277559731438,1.0,0.078125,139.359375
3622,-24.179194727069,0.03506520284007217,1.0,0.03125,139.390625
3623,-24.17919545166005,0.03513653363426715,1.0,0.015625,139.40625
3624,-24.179195938009887,0.03517407202118478,1.0,0.015625,139.421875
3625,-24.17919657104211,0.03511555828129068,1.0,0.03125,139.453125
3626,-24.179196961103482,0.03505362107975716,1.0,0.140625,139.59375
3627,-24.17919748834585,0.035042570961411536,1.0,0.0,139.59375
3628,-24.179198107609395,0.034984501255586956,1.0,0.015625,139.609375
3629,-24.179198725468606,0.03455878350529827,1.0,0.140625,139.75
3630,-24.179199273257225,0.03464422074577352,1.0,0.0,139.75
3631,-24.179199937698495,0.03477407562848118,1.0,0.015625,139.765625
3632,-24.17920052833001,0.03470196700828556,1.0,0.140625,139.90625
3633,-24.17920108434537,0.03467791266478512,1.0,0.0,139.90625
3634,-24.179201600719104,0.03469356962714764,1.0,0.015625,139.921875
3635,-24.17920215465234,0.03436514975371838,1.0,0.09375,140.015625
3636,-24.179202757540043,0.033905561463787225,1.0,0.015625,140.03125
3637,-24.17920323544853,0.03390230886578244,1.0,0.015625,140.046875
3638,-24.17920395842304,0.03376813491951943,1.0,0.140625,140.1875
3639,-24.17920436752582,0.03389397871562234,1.0,0.0,140.1875
3640,-24.179205017104675,0.03378085496342482,1.0,0.015625,140.203125
3641,-24.179205756205963,0.033718869242164294,1.0,0.03125,140.234375
3642,-24.179206603812435,0.033459154981508796,1.0,0.015625,140.25
3643,-24.179207393535744,0.03329361244281529,1.0,0.015625,140.265625
3644,-24.17920794160597,0.03340606265778987,1.0,0.015625,140.28125
3645,-24.179208450836597,0.03349021724383595,1.0,0.046875,140.328125
3646,-24.179208908377465,0.03325372690676014,1.0,0.015625,140.34375
3647,-24.179209581978615,0.03344024849311596,1.0,0.015625,140.359375
3648,-24.179210060957818,0.03348763533865212,1.0,0.140625,140.5
3649,-24.179210468567412,0.03349459823371308,1.0,0.015625,140.515625
3650,-24.17921105181631,0.03350884469174399,1.0,0.015625,140.53125
3651,-24.179211561767495,0.03373708529215368,1.0,0.015625,140.546875
3652,-24.179211955077147,0.03394792838047484,1.0,0.046875,140.59375
3653,-24.17921230880987,0.03392708444663139,1.0,0.015625,140.609375
3654,-24.17921296043517,0.03351002918090617,1.0,0.015625,140.625
3655,-24.179213502306155,0.03374176732028628,1.0,0.015625,140.640625
3656,-24.179214019349896,0.03366496216075586,1.0,0.046875,140.6875
3657,-24.179214632149776,0.03356861511682777,1.0,0.0,140.6875
3658,-24.179215117434083,0.03335001717038272,1.0,0.015625,140.703125
3659,-24.179215593619414,0.0333409824429814,1.0,0.015625,140.71875
3660,-24.179216343812588,0.03314418639628334,1.0,0.125,140.84375
3661,-24.179216873366066,0.03325079379528518,1.0,0.015625,140.859375
3662,-24.179217631956988,0.033248358834216986,1.0,0.015625,140.875
3663,-24.17921814409586,0.03319992170160951,1.0,0.140625,141.015625
3664,-24.179218814030854,0.033378540566849954,1.0,0.015625,141.03125
3665,-24.179219385327446,0.03353414276944243,1.0,0.03125,141.0625
3666,-24.179219864878792,0.03344169598902221,1.0,0.015625,141.078125
3667,-24.179220431199344,0.03341564025927197,1.0,0.015625,141.09375
3668,-24.179221098057297,0.03347503714534875,1.0,0.140625,141.234375
3669,-24.17922153087109,0.03333887955365846,1.0,0.0,141.234375
3670,-24.17922209997627,0.03339082869036599,1.0,0.015625,141.25
3671,-24.179222669217726,0.033380941668095986,1.0,0.03125,141.28125
3672,-24.179223163276923,0.03336152449545224,1.0,0.015625,141.296875
3673,-24.179223620735534,0.0331444460162046,1.0,0.015625,141.3125
3674,-24.179224144544335,0.033067150424065744,1.0,0.03125,141.34375
3675,-24.17922471310345,0.03302669488245316,1.0,0.0,141.34375
3676,-24.17922524753819,0.033129856944422095,1.0,0.015625,141.359375
3677,-24.179225816199043,0.03304041638386282,1.0,0.140625,141.5
3678,-24.179226370699592,0.033023560777091225,1.0,0.0,141.5
3679,-24.179226876012848,0.03279114803487276,1.0,0.015625,141.515625
3680,-24.17922740621478,0.033004943488184994,1.0,0.140625,141.65625
3681,-24.179227997371797,0.032887266538706036,1.0,0.0,141.65625
3682,-24.179228537070287,0.03310195180087841,1.0,0.015625,141.671875
3683,-24.179229109894834,0.033012444951851676,1.0,0.015625,141.6875
3684,-24.17922988176424,0.03324756602793876,1.0,0.15625,141.84375
3685,-24.1792306533946,0.03315428576211878,1.0,0.015625,141.859375
3686,-24.179231268033334,0.03327113873758338,1.0,0.015625,141.875
3687,-24.179231815506544,0.03301106868873547,1.0,0.140625,142.015625
3688,-24.1792323817577,0.0328621387273784,1.0,0.03125,142.046875
3689,-24.179232948097578,0.03269520803992712,1.0,0.015625,142.0625
3690,-24.179233613918573,0.032669601332519324,1.0,0.078125,142.140625
3691,-24.17923402310411,0.03238906154570185,1.0,0.015625,142.15625
3692,-24.17923435806231,0.03221208089179269,1.0,0.015625,142.171875
3693,-24.179234801121414,0.03242106019306707,1.0,0.015625,142.1875
3694,-24.179235565006838,0.032380546331539896,1.0,0.125,142.3125
3695,-24.17923604027022,0.032344890806077095,1.0,0.015625,142.328125
3696,-24.179236501908466,0.03234695448213136,1.0,0.015625,142.34375
3697,-24.179237078247773,0.03193341177717298,1.0,0.09375,142.4375
3698,-24.179237744128194,0.03223288420553316,1.0,0.015625,142.453125
3699,-24.17923826958818,0.032043526189354854,1.0,0.015625,142.46875
3700,-24.179238723927035,0.03202722659746062,1.0,0.015625,142.484375
3701,-24.179239116881337,0.03189034271317186,1.0,0.140625,142.625
3702,-24.179239463983656,0.031955638449811384,1.0,0.0,142.625
3703,-24.179240005018897,0.03201012807023755,1.0,0.015625,142.640625
3704,-24.17924052642791,0.03203148793680735,1.0,0.015625,142.65625
3705,-24.17924122015775,0.032015958743987695,1.0,0.140625,142.796875
3706,-24.17924164381765,0.031880037394336556,1.0,0.015625,142.8125
3707,-24.179242266270784,0.03182815062296193,1.0,0.015625,142.828125
3708,-24.179242858498267,0.03199839075373881,1.0,0.015625,142.84375
3709,-24.17924338429873,0.031695924955733784,1.0,0.140625,142.984375
3710,-24.179243894187362,0.031723855501149575,1.0,0.015625,143.0
3711,-24.17924433534529,0.03166340469959452,1.0,0.015625,143.015625
3712,-24.179245015029597,0.03155178221058201,1.0,0.015625,143.03125
3713,-24.17924569695553,0.03142620123505744,1.0,0.09375,143.125
3714,-24.179246414384895,0.03143193177855551,1.0,0.015625,143.140625
3715,-24.179246910116365,0.0313711038725884,1.0,0.015625,143.15625
3716,-24.17924744995694,0.031417220768437816,1.0,0.015625,143.171875
3717,-24.179247788940913,0.03142590707956834,1.0,0.140625,143.3125
3718,-24.179248157566946,0.031355517417400246,1.0,0.015625,143.328125
3719,-24.17924855120563,0.03154089637432328,1.0,0.015625,143.34375
3720,-24.17924909526941,0.031241715421265005,1.0,0.015625,143.359375
3721,-24.179249606089677,0.031111579136810997,1.0,0.03125,143.390625
3722,-24.17925012009048,0.03100070598258515,1.0,0.015625,143.40625
3723,-24.179250423226264,0.031034168747329442,1.0,0.015625,143.421875
3724,-24.179250754552953,0.03093912051911448,1.0,0.03125,143.453125
3725,-24.17925139195654,0.03095313285381473,1.0,0.0,143.453125
3726,-24.179251882748893,0.03111534644601073,1.0,0.015625,143.46875
3727,-24.179252475136124,0.031131410088129117,1.0,0.078125,143.546875
3728,-24.1792530643142,0.03108058746541955,1.0,0.015625,143.5625
3729,-24.179253458306295,0.03102736269364509,1.0,0.03125,143.59375
3730,-24.179253884094937,0.031029829524999275,1.0,0.015625,143.609375
3731,-24.179254354759934,0.030948425001621933,1.0,0.03125,143.640625
3732,-24.179254792697943,0.03097179044286059,1.0,0.015625,143.65625
3733,-24.179255344077653,0.030569064945147727,1.0,0.015625,143.671875
3734,-24.17925570113641,0.030614755759939553,1.0,0.140625,143.8125
3735,-24.179256007905426,0.03038771782596743,1.0,0.015625,143.828125
3736,-24.1792564982596,0.030481908082416933,1.0,0.015625,143.84375
3737,-24.17925718836066,0.03024231922819352,1.0,0.140625,143.984375
3738,-24.179257658232512,0.030161550542784986,1.0,0.0,143.984375
3739,-24.179258125208705,0.030146447145530553,1.0,0.015625,144.0
3740,-24.179258586758245,0.03011937270042787,1.0,0.03125,144.03125
3741,-24.179259078380298,0.03007500170513245,1.0,0.0,144.03125
3742,-24.179259492665295,0.029836378124688097,1.0,0.015625,144.046875
3743,-24.17925981231454,0.029694756345697463,1.0,0.140625,144.1875
3744,-24.179260280313326,0.029512654062094707,1.0,0.0,144.1875
3745,-24.179260611866614,0.029539462336938223,1.0,0.015625,144.203125
3746,-24.17926120717061,0.02970988136272613,1.0,0.046875,144.25
3747,-24.179261584657606,0.02985170122978849,1.0,0.015625,144.265625
3748,-24.179262058893677,0.02975453637656355,1.0,0.015625,144.28125
3749,-24.17926258216246,0.029781442171851923,1.0,0.03125,144.3125
3750,-24.179263075787695,0.02969229305928918,1.0,0.015625,144.328125
3751,-24.179263508150825,0.03007296889707835,1.0,0.015625,144.34375
3752,-24.179263820376075,0.029961835656527935,1.0,0.03125,144.375
3753,-24.17926429135704,0.03003864827658159,1.0,0.015625,144.390625
3754,-24.1792648739676,0.02980027992516429,1.0,0.015625,144.40625
3755,-24.17926525109784,0.029761940121567115,1.0,0.03125,144.4375
3756,-24.17926581511769,0.02998108526425854,1.0,0.015625,144.453125
3757,-24.179266345621812,0.029810538121606615,1.0,0.015625,144.46875
3758,-24.17926669910166,0.029823688395407815,1.0,0.03125,144.5
3759,-24.17926733951872,0.030024172419542004,1.0,0.015625,144.515625
3760,-24.179267788082097,0.029825652665617944,1.0,0.015625,144.53125
3761,-24.179268199873917,0.029850631326311546,1.0,0.03125,144.5625
3762,-24.179268582128554,0.030183537377499296,1.0,0.015625,144.578125
3763,-24.17926902602138,0.030205731735589745,1.0,0.125,144.703125
3764,-24.179269566891428,0.030307087523573382,1.0,0.0,144.703125
3765,-24.17926995202126,0.03014171455702608,1.0,0.015625,144.71875
3766,-24.17927049140871,0.029984587891771008,1.0,0.09375,144.8125
3767,-24.179270917028287,0.029898774770682326,1.0,0.0,144.8125
3768,-24.17927128557166,0.029876783855532787,1.0,0.015625,144.828125
3769,-24.179271717064555,0.029825109825400205,1.0,0.015625,144.84375
3770,-24.179272172387172,0.029917274063356307,1.0,0.140625,144.984375
3771,-24.179272568912417,0.029690421461224463,1.0,0.015625,145.0
3772,-24.179272867892134,0.02967081054689941,1.0,0.015625,145.015625
3773,-24.179273262490927,0.029564386950317864,1.0,0.015625,145.03125
3774,-24.179273578887408,0.02964937094297705,1.0,0.140625,145.171875
3775,-24.1792740609111,0.029583800206079165,1.0,0.0,145.171875
3776,-24.17927447075091,0.029463183080032276,1.0,0.015625,145.1875
3777,-24.179274950549598,0.029202424017137837,1.0,0.015625,145.203125
3778,-24.179275455070574,0.02945637564418929,1.0,0.109375,145.3125
3779,-24.179275867928553,0.029290711237999426,1.0,0.015625,145.328125
3780,-24.179276229922714,0.029402898611151737,1.0,0.140625,145.46875
3781,-24.179276648030367,0.029697421344711747,1.0,0.015625,145.484375
3782,-24.179277076319515,0.029682039311815834,1.0,0.015625,145.5
3783,-24.179277653705867,0.029680845036313748,1.0,0.015625,145.515625
3784,-24.17927827088736,0.029339895803740787,1.0,0.03125,145.546875
3785,-24.179278737360203,0.02930283360820655,1.0,0.0,145.546875
3786,-24.179279157844878,0.029574521032704228,1.0,0.015625,145.5625
3787,-24.17927971164248,0.02956570035822508,1.0,0.09375,145.65625
3788,-24.179280068008545,0.029434517444533428,1.0,0.015625,145.671875
3789,-24.17928046616489,0.029196926728450503,1.0,0.015625,145.6875
3790,-24.17928094391448,0.029338569821759797,1.0,0.015625,145.703125
3791,-24.17928134843072,0.029127734800720458,1.0,0.140625,145.84375
3792,-24.17928170107357,0.02893510882042206,1.0,0.015625,145.859375
3793,-24.179282151688636,0.028766655570458856,1.0,0.015625,145.875
3794,-24.179282519583932,0.028768752783958785,1.0,0.015625,145.890625
3795,-24.17928286659975,0.028894311850761883,1.0,0.046875,145.9375
3796,-24.1792833667832,0.028714208357894747,1.0,0.015625,145.953125
3797,-24.17928385587169,0.02878213869642576,1.0,0.015625,145.96875
3798,-24.179284420396378,0.028865882121066774,1.0,0.015625,145.984375
3799,-24.179284712585016,0.02878111082300357,1.0,0.109375,146.09375
3800,-24.179285234134806,0.029053885690489976,1.0,0.015625,146.109375
3801,-24.179285646595083,0.02891776107912025,1.0,0.015625,146.125
3802,-24.17928612666846,0.028989994724064407,1.0,0.03125,146.15625
3803,-24.179286525094213,0.028951687384244168,1.0,0.03125,146.1875
3804,-24.17928692134361,0.02894153775044345,1.0,0.015625,146.203125
3805,-24.179287436468567,0.02883519769953877,1.0,0.0,146.203125
3806,-24.179287781566856,0.028771381472395267,1.0,0.140625,146.34375
3807,-24.17928831662457,0.02870421991943157,1.0,0.03125,146.375
3808,-24.179288822628212,0.02832156379492896,1.0,0.015625,146.390625
3809,-24.17928920656951,0.027979340816164308,1.0,0.015625,146.40625
3810,-24.179289612603448,0.02787745442839504,1.0,0.140625,146.546875
3811,-24.179290034460347,0.02822253372794116,1.0,0.015625,146.5625
3812,-24.179290498808555,0.028313291906737294,1.0,0.015625,146.578125
3813,-24.179290899635745,0.028329876324435652,1.0,0.03125,146.609375
3814,-24.179291386887233,0.028290831416623776,1.0,0.015625,146.625
3815,-24.17929179071135,0.028151395593062845,1.0,0.015625,146.640625
3816,-24.17929240824973,0.02806580792931184,1.0,0.0625,146.703125
3817,-24.179292836051737,0.02812957621363508,1.0,0.0,146.703125
3818,-24.179293298419946,0.027739406190350233,1.0,0.015625,146.71875
3819,-24.179293759453504,0.027585281930110575,1.0,0.078125,146.796875
3820,-24.179294050085304,0.027551772877862365,1.0,0.046875,146.84375
3821,-24.17929442123402,0.02724221815988396,1.0,0.015625,146.859375
3822,-24.17929479977215,0.027399111755187215,1.0,0.015625,146.875
3823,-24.179295126321133,0.027232396646660675,1.0,0.140625,147.015625
3824,-24.179295559331038,0.02703049941895515,1.0,0.0,147.015625
3825,-24.179295895206828,0.02717501726451549,1.0,0.015625,147.03125
3826,-24.179296278842756,0.027175677023055247,1.0,0.015625,147.046875
3827,-24.17929663835745,0.027234540448143524,1.0,0.03125,147.078125
3828,-24.179296990989343,0.02721622943508453,1.0,0.0,147.078125
3829,-24.17929723367272,0.02721640754075365,1.0,0.015625,147.09375
3830,-24.1792975209165,0.027187276078708394,1.0,0.140625,147.234375
3831,-24.17929809743386,0.027249364572208168,1.0,0.03125,147.265625
3832,-24.179298394169006,0.027197791566434332,1.0,0.015625,147.28125
3833,-24.179298788274366,0.02720802124347966,1.0,0.015625,147.296875
3834,-24.179299047793457,0.027129134588162712,1.0,0.03125,147.328125
3835,-24.179299715017606,0.027041374632457916,1.0,0.015625,147.34375
3836,-24.1793001071593,0.027002597569841066,1.0,0.015625,147.359375
3837,-24.179300501633673,0.026838779690895872,1.0,0.046875,147.40625
3838,-24.179301000545546,0.02674824594535931,1.0,0.015625,147.421875
3839,-24.17930120662217,0.026764842906752278,1.0,0.015625,147.4375
3840,-24.17930155569939,0.026708541873754807,1.0,0.109375,147.546875
3841,-24.179301980033532,0.026574840758015188,1.0,0.015625,147.5625
3842,-24.179302286402176,0.02650097750889958,1.0,0.015625,147.578125
3843,-24.17930261865887,0.026838822673734018,1.0,0.015625,147.59375
3844,-24.179303055950296,0.027133943841477617,1.0,0.140625,147.734375
3845,-24.17930330080204,0.027268128000752692,1.0,0.03125,147.765625
3846,-24.179303791180267,0.02719838163659186,1.0,0.015625,147.78125
3847,-24.179304125334,0.027352940766937724,1.0,0.140625,147.921875
3848,-24.179304417530055,0.02716540627372981,1.0,0.046875,147.96875
3849,-24.179304744140783,0.027012394949928624,1.0,0.015625,147.984375
3850,-24.17930510775128,0.027022625652252205,1.0,0.015625,148.0
3851,-24.179305597752062,0.02693506630584428,1.0,0.109375,148.109375
3852,-24.17930596716276,0.026877521978733696,1.0,0.015625,148.125
3853,-24.17930632799704,0.02679139171148707,1.0,0.015625,148.140625
3854,-24.179306696894756,0.026779137131072765,1.0,0.140625,148.28125
3855,-24.179307103203797,0.02690680150059396,1.0,0.03125,148.3125
3856,-24.179307510199923,0.026935913755176295,1.0,0.015625,148.328125
3857,-24.17930809751686,0.027196063239103934,1.0,0.09375,148.421875
3858,-24.179308398768562,0.027433941835892497,1.0,0.015625,148.4375
3859,-24.17930878909755,0.02738853601799594,1.0,0.0,148.4375
3860,-24.17930915607391,0.027265945024435686,1.0,0.03125,148.46875
3861,-24.179309681416157,0.027296235998448357,1.0,0.03125,148.5
3862,-24.179310190136526,0.027242680625670264,1.0,0.046875,148.546875
3863,-24.17931062882046,0.026844705783569154,1.0,0.015625,148.5625
3864,-24.179311000069283,0.026826982203706586,1.0,0.078125,148.640625
3865,-24.17931130329648,0.026888212602339832,1.0,0.0,148.640625
3866,-24.179311630917255,0.026849766611684655,1.0,0.015625,148.65625
3867,-24.179311971234746,0.02665025009479589,1.0,0.140625,148.796875
3868,-24.179312317569693,0.026592888539969727,1.0,0.015625,148.8125
3869,-24.179312570314483,0.02675126275436533,1.0,0.015625,148.828125
3870,-24.179313128700066,0.026798332908472288,1.0,0.03125,148.859375
3871,-24.179313538849566,0.026428815743987276,1.0,0.015625,148.875
3872,-24.17931407241416,0.02669062117365351,1.0,0.078125,148.953125
3873,-24.17931442772512,0.026464515557462053,1.0,0.0,148.953125
3874,-24.17931474541818,0.02626375057603872,1.0,0.015625,148.96875
3875,-24.179314902549944,0.026153169856780803,1.0,0.046875,149.015625
3876,-24.17931524093739,0.026258209974476306,1.0,0.015625,149.03125
3877,-24.179315554797554,0.02613002679825671,1.0,0.015625,149.046875
3878,-24.179315846287214,0.026144365448804455,1.0,0.03125,149.078125
3879,-24.179316216689383,0.026073946446871957,1.0,0.015625,149.09375
3880,-24.179316506767453,0.025880057209659774,1.0,0.09375,149.1875
3881,-24.17931706418688,0.026125326223686657,1.0,0.0,149.1875
3882,-24.179317439116225,0.02619292392322085,1.0,0.015625,149.203125
3883,-24.179317773716402,0.026220473684766564,1.0,0.015625,149.21875
3884,-24.17931817454695,0.02651783758347862,1.0,0.015625,149.234375
3885,-24.17931859577255,0.026334538028280546,1.0,0.09375,149.328125
3886,-24.17931899951005,0.02644742779964176,1.0,0.0,149.328125
3887,-24.17931930790206,0.02637221893875688,1.0,0.046875,149.375
3888,-24.179319727728267,0.026300671803154617,1.0,0.015625,149.390625
3889,-24.17932014207235,0.026191732400601644,1.0,0.046875,149.4375
3890,-24.17932044532375,0.026193060843840443,1.0,0.015625,149.453125
3891,-24.179320775719237,0.02587645835820859,1.0,0.140625,149.59375
3892,-24.179321220388147,0.02597115598189627,1.0,0.015625,149.609375
3893,-24.179321529782936,0.02595848310610186,1.0,0.015625,149.625
3894,-24.179321767504693,0.025706242659977938,1.0,0.03125,149.65625
3895,-24.179322127887794,0.025669356113386447,1.0,0.015625,149.671875
3896,-24.179322570311864,0.02580028764197506,1.0,0.015625,149.6875
3897,-24.1793230510414,0.02547127648158234,1.0,0.03125,149.71875
3898,-24.179323182215825,0.02542548623574631,1.0,0.015625,149.734375
3899,-24.179323551045186,0.025636475233153787,1.0,0.015625,149.75
3900,-24.179323823340894,0.025681162309504582,1.0,0.109375,149.859375
3901,-24.17932423462047,0.025500078776451225,1.0,0.015625,149.875
3902,-24.179324562729906,0.025280342072211144,1.0,0.140625,150.015625
3903,-24.179324864311475,0.025224974229865325,1.0,0.015625,150.03125
3904,-24.179325206976994,0.025034130166404055,1.0,0.015625,150.046875
3905,-24.179325427896817,0.025070230410237225,1.0,0.015625,150.0625
3906,-24.17932572510668,0.025024059010174616,1.0,0.015625,150.078125
3907,-24.179325975153375,0.025079490431588115,1.0,0.140625,150.21875
3908,-24.17932634371551,0.02513649130131815,1.0,0.0,150.21875
3909,-24.179326752063357,0.024888741244019477,1.0,0.015625,150.234375
3910,-24.179326939999452,0.024762590457678542,1.0,0.0625,150.296875
3911,-24.17932723117767,0.02485745418644764,1.0,0.015625,150.3125
3912,-24.17932759658914,0.025020293754259522,1.0,0.015625,150.328125
3913,-24.179327978070745,0.025213681154325682,1.0,0.140625,150.46875
3914,-24.179328266813236,0.02483054788603251,1.0,0.0,150.46875
3915,-24.179328525276155,0.02463334898306537,1.0,0.015625,150.484375
3916,-24.179328791550265,0.024418847033932416,1.0,0.140625,150.625
3917,-24.179329091892132,0.02433999266296886,1.0,0.0,150.625
3918,-24.179329351279318,0.024484010611391733,1.0,0.015625,150.640625
3919,-24.179329625491288,0.02459028297297095,1.0,0.125,150.765625
3920,-24.17932993164201,0.02464884764040014,1.0,0.015625,150.78125
3921,-24.179330222482495,0.024573486706263865,1.0,0.015625,150.796875
3922,-24.179330622398112,0.024305684198187582,1.0,0.140625,150.9375
3923,-24.179330971872663,0.024366400421173787,1.0,0.03125,150.96875
3924,-24.179331368139376,0.024578706178903068,1.0,0.015625,150.984375
3925,-24.17933170817298,0.024334079053375493,1.0,0.015625,151.0
3926,-24.179331994850713,0.024326904683270756,1.0,0.109375,151.109375
3927,-24.179332359361364,0.024463551386858653,1.0,0.0,151.109375
3928,-24.17933274033388,0.02424006337377201,1.0,0.015625,151.125
3929,-24.17933304917018,0.024225502274430315,1.0,0.140625,151.265625
3930,-24.179333400459157,0.024323773305211856,1.0,0.03125,151.296875
3931,-24.1793338023682,0.02429467524094289,1.0,0.015625,151.3125
3932,-24.179334183216305,0.02415698983500989,1.0,0.015625,151.328125
3933,-24.179334472584543,0.024049873824703104,1.0,0.03125,151.359375
3934,-24.179334679471353,0.024093782786082426,1.0,0.015625,151.375
3935,-24.17933496442656,0.023868600243434766,1.0,0.140625,151.515625
3936,-24.179335198395624,0.02382059879305034,1.0,0.0,151.515625
3937,-24.179335407874895,0.02370545683972603,1.0,0.015625,151.53125
3938,-24.179335773625773,0.02374497913306762,1.0,0.140625,151.671875
3939,-24.179336026028835,0.023542599896582302,1.0,0.03125,151.703125
3940,-24.17933625994023,0.023560721086068808,1.0,0.015625,151.71875
3941,-24.179336781609983,0.023486791066591305,1.0,0.015625,151.734375
3942,-24.179337088128847,0.02346198744770287,1.0,0.03125,151.765625
3943,-24.179337290187267,0.02343562387683592,1.0,0.015625,151.78125
3944,-24.179337527521195,0.023412550032879332,1.0,0.015625,151.796875
3945,-24.179337850091372,0.023606621576984566,1.0,0.03125,151.828125
3946,-24.17933812679937,0.023662203325816457,1.0,0.03125,151.859375
3947,-24.179338379689938,0.023525260917111688,1.0,0.015625,151.875
3948,-24.179338633895338,0.02375754053519549,1.0,0.140625,152.015625
3949,-24.17933892266404,0.023548031719441354,1.0,0.015625,152.03125
3950,-24.17933917013407,0.023586716627026712,1.0,0.015625,152.046875
3951,-24.179339413792714,0.023691257084819593,1.0,0.015625,152.0625
3952,-24.179339775134817,0.023537003879351318,1.0,0.03125,152.09375
3953,-24.179339998530914,0.023506099633743987,1.0,0.0,152.09375
3954,-24.17934017237436,0.023543557113972945,1.0,0.015625,152.109375
3955,-24.17934058427227,0.023601615007258665,1.0,0.03125,152.140625
3956,-24.179340820379096,0.023775857185371733,1.0,0.015625,152.15625
3957,-24.17934099932129,0.02374910115043108,1.0,0.015625,152.171875
3958,-24.17934127905971,0.023837456266929652,1.0,0.03125,152.203125
3959,-24.179341628810093,0.023621763140270192,1.0,0.015625,152.21875
3960,-24.17934194112126,0.023529466275247938,1.0,0.03125,152.25
3961,-24.179342281384933,0.02351185488623011,1.0,0.015625,152.265625
3962,-24.179342583861775,0.02339283089374727,1.0,0.03125,152.296875
3963,-24.179342958909803,0.023377977909239216,1.0,0.015625,152.3125
3964,-24.179343229980756,0.023236764545232002,1.0,0.015625,152.328125
3965,-24.179343405873837,0.023183382654742003,1.0,0.140625,152.46875
3966,-24.179343721236943,0.02322537289512283,1.0,0.015625,152.484375
3967,-24.179343998045663,0.023407075000015095,1.0,0.015625,152.5
3968,-24.179344199744943,0.02344844879804872,1.0,0.140625,152.640625
3969,-24.17934448149671,0.023641730116555827,1.0,0.015625,152.65625
3970,-24.179344816936137,0.023767200047237178,1.0,0.015625,152.671875
3971,-24.179345105742897,0.02386228619383981,1.0,0.09375,152.765625
3972,-24.179345332915116,0.023739664143019562,1.0,0.0,152.765625
3973,-24.179345616663465,0.023667358421755443,1.0,0.015625,152.78125
3974,-24.179345891051188,0.023540058375623545,1.0,0.015625,152.796875
3975,-24.17934620309765,0.023416177594977258,1.0,0.109375,152.90625
3976,-24.179346488299128,0.02350340042248708,1.0,0.03125,152.9375
3977,-24.17934675713495,0.023497282939366076,1.0,0.015625,152.953125
3978,-24.17934702945295,0.023284532651371773,1.0,0.140625,153.09375
3979,-24.179347226883237,0.023383612805639987,1.0,0.015625,153.109375
3980,-24.179347476254254,0.023327447206245296,1.0,0.015625,153.125
3981,-24.17934778895564,0.023158168312960893,1.0,0.015625,153.140625
3982,-24.1793480164443,0.023231016509362254,1.0,0.03125,153.171875
3983,-24.17934828942557,0.023142104667801738,1.0,0.015625,153.1875
3984,-24.179348608139254,0.023070408419983427,1.0,0.015625,153.203125
3985,-24.179348889719954,0.02300325312721092,1.0,0.03125,153.234375
3986,-24.17934910341879,0.02307329142042948,1.0,0.015625,153.25
3987,-24.179349343029966,0.02320954773446388,1.0,0.015625,153.265625
3988,-24.179349682477127,0.02302560769194746,1.0,0.0625,153.328125
3989,-24.179349996288583,0.022899847944563928,1.0,0.015625,153.34375
3990,-24.179350207090266,0.022648816801395088,1.0,0.015625,153.359375
3991,-24.17935039004054,0.02273920911105622,1.0,0.015625,153.375
3992,-24.179350684243694,0.022410926634932816,1.0,0.03125,153.40625
3993,-24.179350929902427,0.02221537224788059,1.0,0.015625,153.421875
3994,-24.17935111707616,0.022297499930877165,1.0,0.015625,153.4375
3995,-24.17935136485797,0.022364692744632417,1.0,0.140625,153.578125
3996,-24.179351590754973,0.022589594232000885,1.0,0.03125,153.609375
3997,-24.17935190566805,0.022813449845163536,1.0,0.015625,153.625
3998,-24.179352203423562,0.02259766757137051,1.0,0.015625,153.640625
3999,-24.17935247929157,0.02266268487450718,1.0,0.046875,153.6875
4000,-24.179352797941497,0.022542379822017025,1.0,0.015625,153.703125
4001,-24.17935291296961,0.022460831838247423,1.0,0.015625,153.71875
4002,-24.17935311063885,0.02254705327571029,1.0,0.015625,153.734375
4003,-24.17935335435676,0.022621699172633125,1.0,0.140625,153.875
4004,-24.179353656973657,0.022681203730103263,1.0,0.0,153.875
4005,-24.17935392311627,0.02264852839239792,1.0,0.015625,153.890625
4006,-24.17935420344885,0.02259984438249876,1.0,0.03125,153.921875
4007,-24.179354529750196,0.02269320210643822,1.0,0.0,153.921875
4008,-24.179354850899486,0.022651880258912085,1.0,0.015625,153.9375
4009,-24.17935521052759,0.0224120402268592,1.0,0.03125,153.96875
4010,-24.17935547126508,0.02228992954862301,1.0,0.015625,153.984375
4011,-24.179355790059983,0.021991906516344504,1.0,0.046875,154.03125
4012,-24.17935614255132,0.022020663981890475,1.0,0.015625,154.046875
4013,-24.17935634504,0.02199032128882119,1.0,0.109375,154.15625
4014,-24.179356614574033,0.02222242661311704,1.0,0.03125,154.1875
4015,-24.1793568710405,0.022247565846601182,1.0,0.015625,154.203125
4016,-24.179357145654926,0.022089604061910004,1.0,0.140625,154.34375
4017,-24.17935739507831,0.02206456521188423,1.0,0.015625,154.359375
4018,-24.179357545790097,0.022029076602147396,1.0,0.015625,154.375
4019,-24.179357829501328,0.021929823930422927,1.0,0.03125,154.40625
4020,-24.17935809060378,0.021812211098470622,1.0,0.0,154.40625
4021,-24.17935828762587,0.021828427366416835,1.0,0.015625,154.421875
4022,-24.179358480174933,0.021737816596694864,1.0,0.109375,154.53125
4023,-24.179358757855347,0.02161092270592106,1.0,0.015625,154.546875
4024,-24.17935905671017,0.02143162705380128,1.0,0.015625,154.5625
4025,-24.179359309043207,0.02135650571041069,1.0,0.140625,154.703125
4026,-24.179359673526573,0.021623453858035307,1.0,0.015625,154.71875
4027,-24.179359893338752,0.021740917288774645,1.0,0.03125,154.75
4028,-24.179360128470922,0.02158530729165784,1.0,0.015625,154.765625
4029,-24.17936032658283,0.02165080839726727,1.0,0.0625,154.828125
4030,-24.17936057628199,0.021791971824735308,1.0,0.03125,154.859375
4031,-24.179360800884215,0.021745210626193303,1.0,0.015625,154.875
4032,-24.17936111868564,0.02179909783213303,1.0,0.140625,155.015625
4033,-24.179361380933,0.02177703769750359,1.0,0.0,155.015625
4034,-24.179361616230725,0.021814410574562435,1.0,0.015625,155.03125
4035,-24.179361770545313,0.022002919200498343,1.0,0.03125,155.0625
4036,-24.17936206390435,0.02194128512155739,1.0,0.015625,155.078125
4037,-24.179362290551488,0.021841064545717947,1.0,0.03125,155.109375
4038,-24.179362504613945,0.021832595074472345,1.0,0.015625,155.125
4039,-24.179362743230943,0.0217563377196974,1.0,0.015625,155.140625
4040,-24.179362898895544,0.021548650197322234,1.0,0.0625,155.203125
4041,-24.179363156060816,0.02169837852738601,1.0,0.0,155.203125
4042,-24.179363341441892,0.02165019942121617,1.0,0.0,155.203125
4043,-24.179363603090128,0.02145602102123116,1.0,0.140625,155.34375
4044,-24.17936391557427,0.021488045268287567,1.0,0.015625,155.359375
4045,-24.179364202204823,0.02148905440226136,1.0,0.015625,155.375
4046,-24.179364411649917,0.02142034754842654,1.0,0.125,155.5
4047,-24.179364609347154,0.021353736299740245,1.0,0.015625,155.515625
4048,-24.179364771403822,0.02131337813727236,1.0,0.03125,155.546875
4049,-24.17936498144877,0.021352720048075435,1.0,0.015625,155.5625
4050,-24.17936518530927,0.021147040096827788,1.0,0.140625,155.703125
4051,-24.179365368807996,0.021326948956781323,1.0,0.0,155.703125
4052,-24.179365540285144,0.021235504062254225,1.0,0.015625,155.71875
4053,-24.179365783420135,0.021107714430861662,1.0,0.046875,155.765625
4054,-24.1793660199248,0.02119289889771075,1.0,0.015625,155.78125
4055,-24.17936633381143,0.021327198523847832,1.0,0.015625,155.796875
4056,-24.179366578372814,0.021125763652780512,1.0,0.03125,155.828125
4057,-24.179366767174866,0.021196742409734296,1.0,0.015625,155.84375
4058,-24.17936695193655,0.02142573751517209,1.0,0.140625,155.984375
4059,-24.179367169014387,0.021340879872519643,1.0,0.015625,156.0
4060,-24.179367367514896,0.021405953501538975,1.0,0.140625,156.140625
4061,-24.17936761107588,0.02145173420976708,1.0,0.03125,156.171875
4062,-24.17936782249942,0.021309714419254423,1.0,0.015625,156.1875
4063,-24.179367976663734,0.021278626793412473,1.0,0.140625,156.328125
4064,-24.179368181728886,0.02131159330724346,1.0,0.0,156.328125
4065,-24.17936841525167,0.021380493018380055,1.0,0.015625,156.34375
4066,-24.17936860680271,0.021260299497165912,1.0,0.078125,156.421875
4067,-24.179368774460634,0.021071365921739207,1.0,0.015625,156.4375
4068,-24.17936900162037,0.021094537432139036,1.0,0.140625,156.578125
4069,-24.17936923850467,0.02106782835492238,1.0,0.0,156.578125
4070,-24.179369479476097,0.021134045854979456,1.0,0.015625,156.59375
4071,-24.179369664092924,0.021149887401512718,1.0,0.109375,156.703125
4072,-24.17936988532299,0.02113627523768135,1.0,0.03125,156.734375
4073,-24.179370086022658,0.020967089210457583,1.0,0.015625,156.75
4074,-24.179370289180483,0.021019468843603978,1.0,0.03125,156.78125
4075,-24.179370486398597,0.021089334523804612,1.0,0.015625,156.796875
4076,-24.179370747426244,0.02096784523077001,1.0,0.03125,156.828125
4077,-24.179371021162176,0.020852158891213498,1.0,0.015625,156.84375
4078,-24.179371250738996,0.020742241600546267,1.0,0.03125,156.875
4079,-24.179371497625546,0.020762745155470705,1.0,0.015625,156.890625
4080,-24.179371702525188,0.020650895365688406,1.0,0.125,157.015625
4081,-24.17937193803081,0.02075805926992668,1.0,0.015625,157.03125
4082,-24.179372120667406,0.020408087088744184,1.0,0.046875,157.078125
4083,-24.179372335553442,0.020365799384533704,1.0,0.015625,157.09375
4084,-24.179372588958973,0.020466241848415678,1.0,0.015625,157.109375
4085,-24.17937271548698,0.020417739056449814,1.0,0.0625,157.171875
4086,-24.179372863245426,0.02042868853358693,1.0,0.015625,157.1875
4087,-24.17937309213382,0.02043596758260971,1.0,0.015625,157.203125
4088,-24.179373331311428,0.020508321717277376,1.0,0.171875,157.375
4089,-24.17937357375251,0.020466710836641467,1.0,0.015625,157.390625
4090,-24.179373807805877,0.020332479636985586,1.0,0.015625,157.40625
4091,-24.17937405589689,0.020070045130809445,1.0,0.046875,157.453125
4092,-24.179374309463938,0.020161358875674613,1.0,0.015625,157.46875
4093,-24.17937448983022,0.020136408329874855,1.0,0.015625,157.484375
4094,-24.17937472066055,0.020241778073770016,1.0,0.140625,157.625
4095,-24.179374876892574,0.02025043670478149,1.0,0.015625,157.640625
4096,-24.17937505596452,0.020262181845862325,1.0,0.015625,157.65625
4097,-24.179375305467154,0.020294132084793505,1.0,0.015625,157.671875
4098,-24.179375491379293,0.02038791194645719,1.0,0.03125,157.703125
4099,-24.17937566259184,0.020287602573710702,1.0,0.015625,157.71875
4100,-24.179375807079147,0.020251702591567312,1.0,0.015625,157.734375
4101,-24.179376028973817,0.02023418842176664,1.0,0.015625,157.75
4102,-24.179376190972327,0.020144125288620838,1.0,0.140625,157.890625
4103,-24.1793764576462,0.02017750179440353,1.0,0.03125,157.921875
4104,-24.17937663050022,0.02009017509757017,1.0,0.015625,157.9375
4105,-24.179376857305847,0.01986313500547001,1.0,0.0625,158.0
4106,-24.17937704684518,0.01972404449565766,1.0,0.015625,158.015625
4107,-24.17937722620257,0.019651977258194717,1.0,0.015625,158.03125
4108,-24.179377416127707,0.01972725134662879,1.0,0.140625,158.171875
4109,-24.179377607753448,0.019567160171839244,1.0,0.015625,158.1875
4110,-24.179377736534875,0.019589982330723222,1.0,0.015625,158.203125
4111,-24.179377952993605,0.01961482916775961,1.0,0.0625,158.265625
4112,-24.179378136680587,0.019767161466153194,1.0,0.015625,158.28125
4113,-24.179378323932532,0.019722592985687522,1.0,0.015625,158.296875
4114,-24.17937854529692,0.019765809256877237,1.0,0.015625,158.3125
4115,-24.179378795158282,0.01968857778248019,1.0,0.140625,158.453125
4116,-24.17937906335504,0.019662575296835086,1.0,0.0,158.453125
4117,-24.179379240634344,0.01954291342511485,1.0,0.015625,158.46875
4118,-24.179379397824444,0.019456556365191783,1.0,0.03125,158.5
4119,-24.17937958450868,0.019449375995546848,1.0,0.015625,158.515625
4120,-24.179379791964585,0.019640783029223955,1.0,0.015625,158.53125
4121,-24.179379995341552,0.019551191369207188,1.0,0.015625,158.546875
4122,-24.179380215696085,0.01955386025702089,1.0,0.0625,158.609375
4123,-24.179380395365037,0.019481523625380723,1.0,0.015625,158.625
4124,-24.179380594543787,0.019255076662787137,1.0,0.015625,158.640625
4125,-24.179380762788597,0.019252560103833423,1.0,0.140625,158.78125
4126,-24.179380933531565,0.019289879827647745,1.0,0.0,158.78125
4127,-24.17938113020369,0.01924043316726919,1.0,0.015625,158.796875
4128,-24.17938134909675,0.019363113206783036,1.0,0.140625,158.9375
4129,-24.179381548959807,0.019248477472651408,1.0,0.0,158.9375
4130,-24.179381757727825,0.019157056017318774,1.0,0.015625,158.953125
4131,-24.179381958642207,0.01913169253375828,1.0,0.140625,159.09375
4132,-24.179382078841456,0.019134888893194445,1.0,0.046875,159.140625
4133,-24.17938225659276,0.019469714287642163,1.0,0.015625,159.15625
4134,-24.179382389643695,0.01949906127676254,1.0,0.015625,159.171875
4135,-24.179382596380897,0.019299950027107632,1.0,0.03125,159.203125
4136,-24.179382813545878,0.01924614651027713,1.0,0.0,159.203125
4137,-24.179383038435894,0.019012064515603423,1.0,0.015625,159.21875
4138,-24.179383240114092,0.01900358224505635,1.0,0.046875,159.265625
4139,-24.17938340919944,0.019199598339401058,1.0,0.015625,159.28125
4140,-24.179383561588594,0.019243973244919395,1.0,0.015625,159.296875
4141,-24.179383789892768,0.019177826002304388,1.0,0.015625,159.3125
4142,-24.179383977468223,0.019093995759962904,1.0,0.140625,159.453125
4143,-24.179384153052577,0.01921537322232352,1.0,0.0,159.453125
4144,-24.179384315793413,0.019280357375280034,1.0,0.015625,159.46875
4145,-24.179384518748247,0.019379390379294984,1.0,0.015625,159.484375
4146,-24.179384744204242,0.019259246093290158,1.0,0.046875,159.53125
4147,-24.17938495064397,0.018926437741180135,1.0,0.015625,159.546875
4148,-24.179385104865364,0.018699566734512434,1.0,0.015625,159.5625
4149,-24.179385284462022,0.018851305288336714,1.0,0.109375,159.671875
4150,-24.17938545124494,0.018866697150937518,1.0,0.03125,159.703125
4151,-24.179385639492324,0.018731600239800902,1.0,0.015625,159.71875
4152,-24.179385835149503,0.018680594116609415,1.0,0.015625,159.734375
4153,-24.17938599608632,0.01872380952219908,1.0,0.046875,159.78125
4154,-24.179386151797505,0.018771722959660973,1.0,0.015625,159.796875
4155,-24.179386385531156,0.01849964281289704,1.0,0.015625,159.8125
4156,-24.179386575307596,0.018522397733294147,1.0,0.03125,159.84375
4157,-24.179386705678283,0.018688653331190883,1.0,0.015625,159.859375
4158,-24.179386880245218,0.018727945287244207,1.0,0.015625,159.875
4159,-24.17938704307845,0.01858339003563753,1.0,0.140625,160.015625
4160,-24.17938719313925,0.01861752584310304,1.0,0.015625,160.03125
4161,-24.17938740499071,0.018702344860828318,1.0,0.015625,160.046875
4162,-24.179387619383384,0.018706280868903944,1.0,0.015625,160.0625
4163,-24.179387795439915,0.01866234176600796,1.0,0.140625,160.203125
4164,-24.1793880149262,0.018561584638666365,1.0,0.015625,160.21875
4165,-24.179388221542194,0.018467098635852764,1.0,0.015625,160.234375
4166,-24.17938837316906,0.018390727761289857,1.0,0.015625,160.25
4167,-24.179388557843357,0.018341163515759734,1.0,0.046875,160.296875
4168,-24.17938873363481,0.01840070428245235,1.0,0.0,160.296875
4169,-24.17938887655937,0.018509694652213603,1.0,0.015625,160.3125
4170,-24.179389131134336,0.018609829217429156,1.0,0.015625,160.328125
4171,-24.17938932255522,0.01848333224852357,1.0,0.03125,160.359375
4172,-24.179389549887308,0.01866937272715313,1.0,0.015625,160.375
4173,-24.179389718675914,0.018715601578551257,1.0,0.015625,160.390625
4174,-24.17938990070102,0.018860496606956437,1.0,0.09375,160.484375
4175,-24.17939018923239,0.018872665208027876,1.0,0.03125,160.515625
4176,-24.179390343041693,0.018816692385373087,1.0,0.015625,160.53125
4177,-24.179390535926963,0.01876043697215709,1.0,0.015625,160.546875
4178,-24.17939064379881,0.018712190254484926,1.0,0.125,160.671875
4179,-24.179390767931316,0.018627633101789245,1.0,0.015625,160.6875
4180,-24.179390931338755,0.018648070881611835,1.0,0.015625,160.703125
4181,-24.179391135458882,0.01858135065156938,1.0,0.09375,160.796875
4182,-24.179391290420007,0.01852316996667598,1.0,0.015625,160.8125
4183,-24.17939144968537,0.018418455796248765,1.0,0.015625,160.828125
4184,-24.179391649402678,0.01816366075984421,1.0,0.109375,160.9375
4185,-24.17939180493261,0.01822744831207837,1.0,0.03125,160.96875
4186,-24.179391988539862,0.018110503426812464,1.0,0.015625,160.984375
4187,-24.17939217110293,0.01818668781090314,1.0,0.015625,161.0
4188,-24.179392273551002,0.018277388473609962,1.0,0.140625,161.140625
4189,-24.179392381354702,0.018374561183596514,1.0,0.046875,161.1875
4190,-24.179392515193367,0.018570803879320065,1.0,0.015625,161.203125
4191,-24.179392683386826,0.018517351055282658,1.0,0.140625,161.34375
4192,-24.17939286574465,0.018518881531714233,1.0,0.015625,161.359375
4193,-24.179393079578368,0.018195619421004117,1.0,0.015625,161.375
4194,-24.17939327404596,0.0182246673358113,1.0,0.015625,161.390625
4195,-24.17939346044866,0.01796443081351679,1.0,0.140625,161.53125
4196,-24.179393613767193,0.01792045619849326,1.0,0.03125,161.5625
4197,-24.17939374671622,0.018027565625494447,1.0,0.015625,161.578125
4198,-24.179393918779514,0.018088531470706326,1.0,0.015625,161.59375
4199,-24.1793940404056,0.018110235390129053,1.0,0.03125,161.625
4200,-24.179394193550497,0.01791877042543859,1.0,0.015625,161.640625
4201,-24.17939435813032,0.017749800885803812,1.0,0.015625,161.65625
4202,-24.17939453053528,0.017959578491576308,1.0,0.140625,161.796875
4203,-24.17939470041307,0.01801283344781137,1.0,0.015625,161.8125
4204,-24.179394884556043,0.01804062472517291,1.0,0.015625,161.828125
4205,-24.17939505633752,0.017918907310534162,1.0,0.140625,161.96875
4206,-24.179395220749242,0.018102831198194592,1.0,0.015625,161.984375
4207,-24.179395497455218,0.01797622565648964,1.0,0.015625,162.0
4208,-24.179395668979108,0.0178722434204101,1.0,0.015625,162.015625
4209,-24.179395831009337,0.017979004063556833,1.0,0.03125,162.046875
4210,-24.179395988609702,0.018058200406303734,1.0,0.015625,162.0625
4211,-24.179396171913524,0.018064056591467,1.0,0.015625,162.078125
4212,-24.179396290858353,0.017987884889897953,1.0,0.03125,162.109375
4213,-24.1793964217207,0.017863854130605226,1.0,0.015625,162.125
4214,-24.179396604544767,0.017809180306474555,1.0,0.015625,162.140625
4215,-24.179396781609928,0.017719329515586732,1.0,0.015625,162.15625
4216,-24.179396965310207,0.017666804661118307,1.0,0.140625,162.296875
4217,-24.179397136143546,0.01766169669861904,1.0,0.015625,162.3125
4218,-24.17939724923702,0.017635756924400274,1.0,0.015625,162.328125
4219,-24.179397352254256,0.017619306800130116,1.0,0.015625,162.34375
4220,-24.179397488551732,0.0176412457714539,1.0,0.140625,162.484375
4221,-24.179397640992548,0.017572008991188923,1.0,0.0,162.484375
4222,-24.179397808785122,0.017572673590226552,1.0,0.015625,162.5
4223,-24.179397998573954,0.017313682397033788,1.0,0.015625,162.515625
4224,-24.179398150363276,0.017141485386417903,1.0,0.140625,162.65625
4225,-24.179398307215195,0.017125496174781867,1.0,0.015625,162.671875
4226,-24.17939847740512,0.017060035899996797,1.0,0.015625,162.6875
4227,-24.179398594387365,0.017012041150301745,1.0,0.015625,162.703125
4228,-24.179398714220312,0.016972784664518552,1.0,0.03125,162.734375
4229,-24.179398824095276,0.016952731429664185,1.0,0.0,162.734375
4230,-24.179399060557508,0.016914701119580353,1.0,0.015625,162.75
4231,-24.179399186680275,0.016985990873341673,1.0,0.140625,162.890625
4232,-24.179399365034087,0.017065835180450666,1.0,0.03125,162.921875
4233,-24.179399498095112,0.016997845910759632,1.0,0.015625,162.9375
4234,-24.179399665751017,0.01701066595034552,1.0,0.015625,162.953125
4235,-24.179399819304148,0.01705571287495565,1.0,0.140625,163.09375
4236,-24.179399970107305,0.016841490731947774,1.0,0.0,163.09375
4237,-24.179400109184385,0.016821900234484294,1.0,0.015625,163.109375
4238,-24.17940024007967,0.016793480199661363,1.0,0.015625,163.125
4239,-24.179400386835407,0.017020173735385332,1.0,0.125,163.25
4240,-24.179400532866115,0.017093390317517314,1.0,0.0,163.25
4241,-24.17940069318142,0.017057812943013863,1.0,0.015625,163.265625
4242,-24.17940080121728,0.01702786187961801,1.0,0.015625,163.28125
4243,-24.179400955320112,0.01712918239223724,1.0,0.03125,163.3125
4244,-24.179401091691574,0.01710497343759353,1.0,0.0,163.3125
4245,-24.17940127730348,0.01707792970445017,1.0,0.015625,163.328125
4246,-24.17940148172467,0.01694260417463903,1.0,0.015625,163.34375
4247,-24.179401626051078,0.016894150843555035,1.0,0.03125,163.375
4248,-24.17940174362357,0.01687439428049301,1.0,0.015625,163.390625
4249,-24.1794018491003,0.016840759594255534,1.0,0.015625,163.40625
4250,-24.179402047984944,0.01700889749210055,1.0,0.03125,163.4375
4251,-24.179402211313878,0.017067800977383685,1.0,0.046875,163.484375
4252,-24.179402313927007,0.016963921504154184,1.0,0.0,163.484375
4253,-24.17940243589605,0.016868075343792168,1.0,0.015625,163.5
4254,-24.179402590494767,0.016883325049176966,1.0,0.140625,163.640625
4255,-24.179402782280828,0.01682344351930024,1.0,0.046875,163.6875
4256,-24.179402923704266,0.01686924765323629,1.0,0.015625,163.703125
4257,-24.17940312203722,0.017034120323035837,1.0,0.015625,163.71875
4258,-24.17940325682913,0.016900980075865844,1.0,0.03125,163.75
4259,-24.179403387036867,0.016918675806400232,1.0,0.015625,163.765625
4260,-24.179403521199784,0.01701076670156047,1.0,0.015625,163.78125
4261,-24.179403691314693,0.017082137536260956,1.0,0.125,163.90625
4262,-24.179403821919436,0.017061255170047706,1.0,0.03125,163.9375
4263,-24.17940396225085,0.01690428126797218,1.0,0.015625,163.953125
4264,-24.17940410162525,0.01684827385877691,1.0,0.015625,163.96875
4265,-24.179404240647,0.01673509798943678,1.0,0.03125,164.0
4266,-24.179404358862534,0.016626184111548502,1.0,0.03125,164.03125
4267,-24.179404482729304,0.01676370543288254,1.0,0.015625,164.046875
4268,-24.179404577397786,0.016745778745602277,1.0,0.046875,164.09375
4269,-24.179404713121723,0.016616083986051126,1.0,0.015625,164.109375
4270,-24.179404849736066,0.016563668861307432,1.0,0.015625,164.125
4271,-24.179404977724207,0.016552699244092108,1.0,0.015625,164.140625
4272,-24.179405098934446,0.016709691126669052,1.0,0.015625,164.15625
4273,-24.179405242459268,0.016493633079578355,1.0,0.015625,164.171875
4274,-24.179405408283056,0.016465795935690485,1.0,0.015625,164.1875
4275,-24.17940553009235,0.016527788415734698,1.0,0.015625,164.203125
4276,-24.17940569454463,0.0165225729612062,1.0,0.046875,164.25
4277,-24.179405834922044,0.01648483181380857,1.0,0.0,164.25
4278,-24.17940598113222,0.016444084873057693,1.0,0.015625,164.265625
4279,-24.179406141432807,0.016430444338638096,1.0,0.140625,164.40625
4280,-24.179406284082308,0.016535392699551982,1.0,0.0,164.40625
4281,-24.17940638878467,0.01647882328885875,1.0,0.015625,164.421875
4282,-24.179406566419985,0.01649475825927607,1.0,0.03125,164.453125
4283,-24.179406712453375,0.016352601734595677,1.0,0.015625,164.46875
4284,-24.179406898530313,0.016186396744326023,1.0,0.03125,164.5
4285,-24.179407058065117,0.016065351254986048,1.0,0.015625,164.515625
4286,-24.17940722505853,0.016134589070633497,1.0,0.015625,164.53125
4287,-24.17940735915571,0.016112814048913144,1.0,0.0625,164.59375
4288,-24.179407498710656,0.01623426483557378,1.0,0.0,164.59375
4289,-24.17940764029961,0.016116804220851374,1.0,0.015625,164.609375
4290,-24.179407769535523,0.016053582175568536,1.0,0.140625,164.75
4291,-24.1794078884072,0.016066394889247947,1.0,0.015625,164.765625
4292,-24.179407998590428,0.016118952095475828,1.0,0.015625,164.78125
4293,-24.17940811107881,0.01611592701464021,1.0,0.125,164.90625
4294,-24.179408222950435,0.01619203793094645,1.0,0.046875,164.953125
4295,-24.179408346756457,0.016066685645065026,1.0,0.015625,164.96875
4296,-24.179408454860138,0.016090371990992332,1.0,0.015625,164.984375
4297,-24.179408591531743,0.016059817084218636,1.0,0.03125,165.015625
4298,-24.17940868859083,0.016097468374612782,1.0,0.015625,165.03125
4299,-24.179408821380413,0.016004268482336225,1.0,0.015625,165.046875
4300,-24.179408910336786,0.015883092350379765,1.0,0.140625,165.1875
4301,-24.179409060615765,0.015943140561529002,1.0,0.015625,165.203125
4302,-24.179409225523067,0.01610634201199388,1.0,0.015625,165.21875
4303,-24.179409375644102,0.01611248537925199,1.0,0.015625,165.234375
4304,-24.179409474822712,0.015925917783816797,1.0,0.140625,165.375
4305,-24.179409594506275,0.015857116344023772,1.0,0.0,165.375
4306,-24.179409784512277,0.01588474327556288,1.0,0.015625,165.390625
4307,-24.179409905223494,0.01584011639816984,1.0,0.015625,165.40625
4308,-24.179410023611794,0.015909703216039413,1.0,0.046875,165.453125
4309,-24.17941012368517,0.015955360194781235,1.0,0.015625,165.46875
4310,-24.179410278270442,0.015857786701632216,1.0,0.109375,165.578125
4311,-24.179410419581213,0.015719950306873152,1.0,0.03125,165.609375
4312,-24.17941057613508,0.01584431475743698,1.0,0.015625,165.625
4313,-24.179410676662147,0.015805819711419828,1.0,0.015625,165.640625
4314,-24.17941080691279,0.01574043170422435,1.0,0.078125,165.71875
4315,-24.179410929781245,0.015732167289619396,1.0,0.015625,165.734375
4316,-24.179411084263336,0.015755958118423716,1.0,0.015625,165.75
4317,-24.17941120269092,0.015583687893918768,1.0,0.015625,165.765625
4318,-24.179411295891406,0.015536656202472241,1.0,0.03125,165.796875
4319,-24.179411394615222,0.015404714136261195,1.0,0.015625,165.8125
4320,-24.179411521517345,0.015416189338683847,1.0,0.015625,165.828125
4321,-24.179411654174412,0.015464232744165213,1.0,0.03125,165.859375
4322,-24.17941177985974,0.015460756081832923,1.0,0.015625,165.875
4323,-24.179411935349492,0.01536974828336398,1.0,0.015625,165.890625
4324,-24.179412013531216,0.01532912306266109,1.0,0.140625,166.03125
4325,-24.17941212239087,0.015315704768867316,1.0,0.03125,166.0625
4326,-24.17941225947267,0.015336487241004422,1.0,0.015625,166.078125
4327,-24.179412372808454,0.015277819150399136,1.0,0.015625,166.09375
4328,-24.179412460817268,0.015376789602952854,1.0,0.140625,166.234375
4329,-24.179412565987953,0.015530336088568375,1.0,0.015625,166.25
4330,-24.179412714750466,0.01542139569157949,1.0,0.015625,166.265625
4331,-24.17941285086021,0.015402824910600207,1.0,0.015625,166.28125
4332,-24.179412968746227,0.015294883777626266,1.0,0.078125,166.359375
4333,-24.179413101991894,0.015132824954797282,1.0,0.015625,166.375
4334,-24.179413228014198,0.015276455974628534,1.0,0.015625,166.390625
4335,-24.179413360645743,0.015277267007109688,1.0,0.015625,166.40625
4336,-24.179413459881033,0.015227606285074653,1.0,0.140625,166.546875
4337,-24.17941360993872,0.015252533948271422,1.0,0.015625,166.5625
4338,-24.17941373255399,0.015326307558668383,1.0,0.015625,166.578125
4339,-24.179413862281702,0.015129490891005386,1.0,0.015625,166.59375
4340,-24.179413966370923,0.015225860590840605,1.0,0.09375,166.6875
4341,-24.179414094363995,0.015270069914471116,1.0,0.015625,166.703125
4342,-24.179414214579538,0.015340050180470067,1.0,0.03125,166.734375
4343,-24.179414330257575,0.01532143620138064,1.0,0.015625,166.75
4344,-24.179414442950467,0.015451838828412468,1.0,0.046875,166.796875
4345,-24.179414552753524,0.015430912047394057,1.0,0.046875,166.84375
4346,-24.179414695169285,0.015343229584839309,1.0,0.015625,166.859375
4347,-24.179414786177034,0.015219524748501504,1.0,0.015625,166.875
4348,-24.179414880968395,0.015141010259669482,1.0,0.03125,166.90625
4349,-24.179414997651186,0.015217436992336787,1.0,0.015625,166.921875
4350,-24.17941514353856,0.015080250206914595,1.0,0.125,167.046875
4351,-24.17941527966124,0.015046763857128437,1.0,0.015625,167.0625
4352,-24.17941543761258,0.014951794284370585,1.0,0.015625,167.078125
4353,-24.17941556177784,0.014952505426964946,1.0,0.015625,167.09375
4354,-24.179415658058257,0.01483264158892143,1.0,0.0625,167.15625
4355,-24.179415789717318,0.014879101000999916,1.0,0.015625,167.171875
4356,-24.179415882022194,0.014861730379921285,1.0,0.015625,167.1875
4357,-24.17941599639592,0.014853927524204181,1.0,0.078125,167.265625
4358,-24.179416079970434,0.014828825299722213,1.0,0.015625,167.28125
4359,-24.179416193236005,0.014793332030919875,1.0,0.015625,167.296875
4360,-24.179416296864193,0.014743551012326455,1.0,0.03125,167.328125
4361,-24.179416394742603,0.014710079815809438,1.0,0.0,167.328125
4362,-24.17941649532754,0.014680653388997187,1.0,0.015625,167.34375
4363,-24.17941662481441,0.014638677778214622,1.0,0.140625,167.484375
4364,-24.17941672018921,0.014656429734782454,1.0,0.015625,167.5
4365,-24.179416875037738,0.014699038160279298,1.0,0.015625,167.515625
4366,-24.17941697238364,0.014843745763655028,1.0,0.09375,167.609375
4367,-24.179417128049234,0.014693997659189236,1.0,0.015625,167.625
4368,-24.17941727318111,0.01475374544072679,1.0,0.015625,167.640625
4369,-24.17941735832434,0.014757394661461455,1.0,0.0625,167.703125
4370,-24.179417460180293,0.01464357521512438,1.0,0.015625,167.71875
4371,-24.17941756019455,0.014532609244291379,1.0,0.015625,167.734375
4372,-24.17941768966391,0.014646237558022288,1.0,0.015625,167.75
4373,-24.179417795968465,0.01453477330287302,1.0,0.03125,167.78125
4374,-24.179417930891464,0.014524312975564523,1.0,0.015625,167.796875
4375,-24.179418001671177,0.014454253243730047,1.0,0.015625,167.8125
4376,-24.17941809345599,0.014279577625345617,1.0,0.046875,167.859375
4377,-24.179418229151104,0.014326173905769053,1.0,0.015625,167.875
4378,-24.179418367074096,0.014145853041637154,1.0,0.015625,167.890625
4379,-24.179418453974368,0.014280283138186921,1.0,0.140625,168.03125
4380,-24.179418549163817,0.014310266642088903,1.0,0.015625,168.046875
4381,-24.179418664558682,0.014279830254235666,1.0,0.015625,168.0625
4382,-24.179418749647322,0.01423017928339916,1.0,0.015625,168.078125
4383,-24.179418900553728,0.014202338441191995,1.0,0.125,168.203125
4384,-24.179418981011256,0.014200469021625927,1.0,0.015625,168.21875
4385,-24.179419071467517,0.014246304740730015,1.0,0.015625,168.234375
4386,-24.179419165487786,0.014272891761619175,1.0,0.015625,168.25
4387,-24.179419323665,0.01425201425276865,1.0,0.03125,168.28125
4388,-24.179419418448397,0.014170358934546127,1.0,0.0,168.28125
4389,-24.179419579246524,0.014225475752091645,1.0,0.015625,168.296875
4390,-24.179419672371104,0.014308133121626114,1.0,0.140625,168.4375
4391,-24.17941977535089,0.014280954854736481,1.0,0.0,168.4375
4392,-24.17941989443092,0.014331160641901835,1.0,0.015625,168.453125
4393,-24.1794200053005,0.014221099394370992,1.0,0.015625,168.46875
4394,-24.179420102829884,0.014268246764422819,1.0,0.03125,168.5
4395,-24.17942020160562,0.014311451098985167,1.0,0.015625,168.515625
4396,-24.179420333538886,0.01431438490852621,1.0,0.0,168.515625
4397,-24.179420430888275,0.014110345830976773,1.0,0.140625,168.65625
4398,-24.17942055261892,0.014175270776863754,1.0,0.03125,168.6875
4399,-24.179420657892656,0.014237004286633815,1.0,0.015625,168.703125
4400,-24.179420738324605,0.014273351281696744,1.0,0.015625,168.71875
4401,-24.17942084666931,0.014220868613136827,1.0,0.140625,168.859375
4402,-24.179420974743927,0.01431174390237461,1.0,0.015625,168.875
4403,-24.17942110179869,0.014187151482788983,1.0,0.015625,168.890625
4404,-24.17942120013279,0.014243927131532046,1.0,0.015625,168.90625
4405,-24.179421361780893,0.014288624768068874,1.0,0.140625,169.046875
4406,-24.179421467092677,0.014242863181421705,1.0,0.0,169.046875
4407,-24.179421530649567,0.014209588484895182,1.0,0.015625,169.0625
4408,-24.179421648758485,0.014095101257828231,1.0,0.125,169.1875
4409,-24.179421765096684,0.014075413870345985,1.0,0.015625,169.203125
4410,-24.179421886494133,0.014047306426853529,1.0,0.015625,169.21875
4411,-24.179422008759918,0.01413574073819375,1.0,0.015625,169.234375
4412,-24.17942212813393,0.014095896536737262,1.0,0.03125,169.265625
4413,-24.179422207156744,0.014039447570689844,1.0,0.015625,169.28125
4414,-24.179422280411643,0.01397402174498067,1.0,0.015625,169.296875
4415,-24.17942238418204,0.013920315030896883,1.0,0.015625,169.3125
4416,-24.17942251776594,0.013834459746890217,1.0,0.125,169.4375
4417,-24.17942258509227,0.013733231926473528,1.0,0.0,169.4375
4418,-24.17942265769673,0.01373868149944879,1.0,0.015625,169.453125
4419,-24.179422728992183,0.01372328613480342,1.0,0.015625,169.46875
4420,-24.17942283895555,0.013789612528214135,1.0,0.140625,169.609375
4421,-24.179422928477553,0.013892435992893732,1.0,0.0,169.609375
4422,-24.17942301507042,0.013709699134390196,1.0,0.015625,169.625
4423,-24.179423109532724,0.01388740388701874,1.0,0.015625,169.640625
4424,-24.179423218730207,0.013893689300083218,1.0,0.140625,169.78125
4425,-24.179423302746486,0.013852200463919344,1.0,0.0,169.78125
4426,-24.17942339492311,0.013670023509039154,1.0,0.015625,169.796875
4427,-24.179423466228876,0.013634522734106152,1.0,0.015625,169.8125
4428,-24.179423575321028,0.013654728653514622,1.0,0.140625,169.953125
4429,-24.17942365954776,0.013715815499556989,1.0,0.015625,169.96875
4430,-24.179423759735176,0.013673508017922144,1.0,0.015625,169.984375
4431,-24.179423845466808,0.01363876147910991,1.0,0.015625,170.0
4432,-24.179423942967063,0.013583412387038555,1.0,0.140625,170.140625
4433,-24.179424028721098,0.013687410553662313,1.0,0.0,170.140625
4434,-24.179424118430042,0.013649910521279925,1.0,0.015625,170.15625
4435,-24.17942426387481,0.013745576141413576,1.0,0.015625,170.171875
4436,-24.179424351955348,0.013674238335103608,1.0,0.140625,170.3125
4437,-24.179424440720517,0.013629501685166032,1.0,0.015625,170.328125
4438,-24.179424548547015,0.013578570252796277,1.0,0.015625,170.34375
4439,-24.179424604413306,0.0135087309413691,1.0,0.015625,170.359375
4440,-24.179424685403667,0.013489009366659116,1.0,0.0625,170.421875
4441,-24.17942476200617,0.013467495347264984,1.0,0.0,170.421875
4442,-24.179424864749667,0.013509536734463253,1.0,0.015625,170.4375
4443,-24.179424988479028,0.013437875927412584,1.0,0.015625,170.453125
4444,-24.179425069624582,0.013378846562980997,1.0,0.015625,170.46875
4445,-24.17942516798355,0.01334631734539825,1.0,0.015625,170.484375
4446,-24.17942527441856,0.013391986653134739,1.0,0.015625,170.5
4447,-24.179425393692764,0.013432317141593465,1.0,0.140625,170.640625
4448,-24.179425481533258,0.013577219558516193,1.0,0.03125,170.671875
4449,-24.179425553524908,0.013539703827485554,1.0,0.015625,170.6875
4450,-24.179425662663686,0.01347772117883124,1.0,0.015625,170.703125
4451,-24.179425738940502,0.013510876398481746,1.0,0.03125,170.734375
4452,-24.17942580009343,0.013544816833968187,1.0,0.015625,170.75
4453,-24.179425941560538,0.013526888113895961,1.0,0.015625,170.765625
4454,-24.17942604106497,0.013418075504049881,1.0,0.140625,170.90625
4455,-24.179426163906182,0.013395340346188297,1.0,0.015625,170.921875
4456,-24.179426248502896,0.013425888592846524,1.0,0.015625,170.9375
4457,-24.17942632881406,0.0135382488336154,1.0,0.015625,170.953125
4458,-24.179426449656393,0.0133569514273195,1.0,0.140625,171.09375
4459,-24.179426513078425,0.013237136617014356,1.0,0.015625,171.109375
4460,-24.179426637168888,0.013190651641217122,1.0,0.015625,171.125
4461,-24.179426705385154,0.013149418072843335,1.0,0.015625,171.140625
4462,-24.179426801570386,0.013176606479054854,1.0,0.15625,171.296875
4463,-24.179426869596618,0.01318692674988629,1.0,0.015625,171.3125
4464,-24.17942697397478,0.013224745209768895,1.0,0.015625,171.328125
4465,-24.17942708156404,0.01312985560710498,1.0,0.015625,171.34375
4466,-24.179427150990445,0.013078605102906237,1.0,0.03125,171.375
4467,-24.179427248114255,0.013114612753234181,1.0,0.015625,171.390625
4468,-24.17942733263944,0.013125508808999882,1.0,0.015625,171.40625
4469,-24.1794273813821,0.01322545781352245,1.0,0.015625,171.421875
4470,-24.1794274392868,0.013313897757069667,1.0,0.109375,171.53125
4471,-24.17942751753797,0.013281746540356496,1.0,0.015625,171.546875
4472,-24.179427618568422,0.013248962205053822,1.0,0.015625,171.5625
4473,-24.17942770910203,0.01324829008886032,1.0,0.140625,171.703125
4474,-24.17942779592502,0.01310161133064936,1.0,0.03125,171.734375
4475,-24.17942788580375,0.013179850800114442,1.0,0.015625,171.75
4476,-24.17942799390288,0.013203470966761385,1.0,0.015625,171.765625
4477,-24.1794280704767,0.013224313501326596,1.0,0.140625,171.90625
4478,-24.179428156385303,0.013167134338601314,1.0,0.015625,171.921875
4479,-24.179428225274116,0.013169250726335884,1.0,0.015625,171.9375
4480,-24.17942830174041,0.013176550968342575,1.0,0.015625,171.953125
4481,-24.179428411209145,0.013128086445982776,1.0,0.109375,172.0625
4482,-24.1794284641719,0.013056121185872531,1.0,0.0,172.0625
4483,-24.179428567527903,0.012959598497355286,1.0,0.015625,172.078125
4484,-24.179428658527776,0.012891390540128283,1.0,0.09375,172.171875
4485,-24.179428749040817,0.012882207915485494,1.0,0.03125,172.203125
4486,-24.179428859147624,0.012806365725061783,1.0,0.015625,172.21875
4487,-24.179428969060435,0.012841418451051592,1.0,0.015625,172.234375
4488,-24.179429066922562,0.012908615960295723,1.0,0.140625,172.375
4489,-24.179429169126823,0.012975222820997848,1.0,0.0,172.375
4490,-24.179429239978948,0.013021925269397662,1.0,0.015625,172.390625
4491,-24.179429326287917,0.012931272669127938,1.0,0.140625,172.53125
4492,-24.179429420485413,0.012945244798444394,1.0,0.015625,172.546875
4493,-24.179429544456337,0.012864666977012497,1.0,0.015625,172.5625
4494,-24.17942961591121,0.012826469185580992,1.0,0.015625,172.578125
4495,-24.17942973367217,0.012760985820439143,1.0,0.046875,172.625
4496,-24.179429815226452,0.012709722455242706,1.0,0.015625,172.640625
4497,-24.179429907789387,0.012722641945419187,1.0,0.015625,172.65625
4498,-24.179429973493516,0.012755447508188768,1.0,0.140625,172.796875
4499,-24.179430045557154,0.012820882121299355,1.0,0.03125,172.828125
4500,-24.17943012032363,0.012889764053909143,1.0,0.015625,172.84375
4501,-24.17943020809228,0.012757350009498528,1.0,0.015625,172.859375
4502,-24.179430288235267,0.012704897118040239,1.0,0.140625,173.0
4503,-24.179430395295917,0.012786783048362829,1.0,0.015625,173.015625
4504,-24.179430474818993,0.01271810265578146,1.0,0.015625,173.03125
4505,-24.179430566841372,0.012748221725002028,1.0,0.015625,173.046875
4506,-24.17943068535085,0.012590978563723265,1.0,0.140625,173.1875
4507,-24.179430788961703,0.012617018608538975,1.0,0.015625,173.203125
4508,-24.179430881306452,0.012632489321602448,1.0,0.015625,173.21875
4509,-24.179430950491128,0.012586848915668681,1.0,0.015625,173.234375
4510,-24.17943102481773,0.012572742823321707,1.0,0.140625,173.375
4511,-24.179431104090025,0.012629793703936994,1.0,0.015625,173.390625
4512,-24.179431169456812,0.012661244038724363,1.0,0.015625,173.40625
4513,-24.179431266969377,0.012545524714376872,1.0,0.015625,173.421875
4514,-24.179431356895176,0.012400850112895856,1.0,0.015625,173.4375
4515,-24.179431399561114,0.012367695916509318,1.0,0.09375,173.53125
4516,-24.17943147210711,0.012338587346539974,1.0,0.015625,173.546875
4517,-24.179431559737427,0.012324149692920639,1.0,0.015625,173.5625
4518,-24.17943163102163,0.01234852517122067,1.0,0.015625,173.578125
4519,-24.179431724296137,0.012297447421380081,1.0,0.109375,173.6875
4520,-24.17943181458071,0.01231770215502201,1.0,0.03125,173.71875
4521,-24.17943187876853,0.012310312128050975,1.0,0.015625,173.734375
4522,-24.179431948585673,0.012366387468981154,1.0,0.015625,173.75
4523,-24.17943202875709,0.012474814894873879,1.0,0.0625,173.8125
4524,-24.179432123776085,0.012486963932753456,1.0,0.015625,173.828125
4525,-24.179432211779268,0.012485424147987239,1.0,0.015625,173.84375
4526,-24.1794322784975,0.01252704155476943,1.0,0.03125,173.875
4527,-24.179432365557865,0.012471895202710335,1.0,0.0,173.875
4528,-24.179432439928664,0.012499725409521921,1.0,0.015625,173.890625
4529,-24.179432530712806,0.012418131626304245,1.0,0.140625,174.03125
4530,-24.179432618358643,0.01238835299475921,1.0,0.03125,174.0625
4531,-24.179432686985383,0.012366044818502802,1.0,0.015625,174.078125
4532,-24.179432774226264,0.012328448042097423,1.0,0.015625,174.09375
4533,-24.179432838569483,0.012253688394099481,1.0,0.0625,174.15625
4534,-24.179432900989834,0.012193552547918563,1.0,0.015625,174.171875
4535,-24.179432983756143,0.012244994192918262,1.0,0.015625,174.1875
4536,-24.179433052369568,0.012150867377608336,1.0,0.140625,174.328125
4537,-24.179433133543608,0.012248286434794638,1.0,0.03125,174.359375
4538,-24.179433192162012,0.01230385393227284,1.0,0.015625,174.375
4539,-24.179433273096077,0.01225892317959033,1.0,0.015625,174.390625
4540,-24.179433359828664,0.012244651789420906,1.0,0.109375,174.5
4541,-24.179433415607825,0.012190496759129931,1.0,0.015625,174.515625
4542,-24.179433506748214,0.01214648178718822,1.0,0.015625,174.53125
4543,-24.179433589477412,0.012063556720012138,1.0,0.140625,174.671875
4544,-24.17943365518965,0.012057747778291376,1.0,0.015625,174.6875
4545,-24.179433708447007,0.012042864255706562,1.0,0.015625,174.703125
4546,-24.179433766391554,0.011957625783397019,1.0,0.140625,174.84375
4547,-24.179433840883554,0.011981680465431101,1.0,0.015625,174.859375
4548,-24.17943391740198,0.011869882480043626,1.0,0.015625,174.875
4549,-24.179434020483242,0.011876305294565135,1.0,0.015625,174.890625
4550,-24.179434082352824,0.011888054582118045,1.0,0.015625,174.90625
4551,-24.17943414837486,0.01184568095907671,1.0,0.15625,175.0625
4552,-24.1794342278004,0.011862275229021278,1.0,0.015625,175.078125
4553,-24.179434282611595,0.01176066880586713,1.0,0.015625,175.09375
4554,-24.17943434675455,0.011778895785982325,1.0,0.140625,175.234375
4555,-24.179434427608836,0.011754667860627696,1.0,0.0,175.234375
4556,-24.179434505223576,0.01172698520211496,1.0,0.015625,175.25
4557,-24.179434583121218,0.01181428385761569,1.0,0.140625,175.390625
4558,-24.1794346383214,0.011778621427643477,1.0,0.03125,175.421875
4559,-24.17943471740735,0.011821906816049504,1.0,0.015625,175.4375
4560,-24.17943478061898,0.011767203148303314,1.0,0.015625,175.453125
4561,-24.179434833521192,0.011774488123591555,1.0,0.03125,175.484375
4562,-24.179434908504348,0.011783110437340085,1.0,0.015625,175.5
4563,-24.17943498030998,0.011819658945781231,1.0,0.015625,175.515625
4564,-24.17943504694072,0.011868775212095475,1.0,0.078125,175.59375
4565,-24.179435132201473,0.01197062423352228,1.0,0.078125,175.671875
4566,-24.17943520146113,0.011900774327512563,1.0,0.015625,175.6875
4567,-24.179435265377776,0.0119005482556909,1.0,0.015625,175.703125
4568,-24.17943532097754,0.011881427725026011,1.0,0.015625,175.71875
4569,-24.17943537586748,0.011796738363240925,1.0,0.03125,175.75
4570,-24.17943543027346,0.01180957430084753,1.0,0.0,175.75
4571,-24.179435501357915,0.01173249597836407,1.0,0.015625,175.765625
4572,-24.179435569982772,0.011676842778953419,1.0,0.09375,175.859375
4573,-24.179435653651367,0.011670004790715335,1.0,0.015625,175.875
4574,-24.179435754275158,0.01183288731446158,1.0,0.015625,175.890625
4575,-24.179435822763825,0.011673553225613397,1.0,0.015625,175.90625
4576,-24.17943589477961,0.011696838059910186,1.0,0.125,176.03125
4577,-24.17943598676822,0.011625976309143103,1.0,0.015625,176.046875
4578,-24.179436044437164,0.011624285411720243,1.0,0.015625,176.0625
4579,-24.17943610964531,0.011538104549595979,1.0,0.03125,176.09375
4580,-24.179436185294115,0.011527232457384363,1.0,0.0,176.09375
4581,-24.17943626382543,0.011523971069742537,1.0,0.015625,176.109375
4582,-24.17943634475501,0.011542942261445421,1.0,0.140625,176.25
4583,-24.179436416975236,0.011551156032660319,1.0,0.0,176.25
4584,-24.179436493090762,0.011514047823658412,1.0,0.015625,176.265625
4585,-24.179436580062376,0.011423389034123623,1.0,0.140625,176.40625
4586,-24.17943667326425,0.01151256835854433,1.0,0.015625,176.421875
4587,-24.179436747208502,0.011362433135528387,1.0,0.015625,176.4375
4588,-24.179436814232954,0.011447055075140605,1.0,0.125,176.5625
4589,-24.17943686873185,0.011486696023019428,1.0,0.015625,176.578125
4590,-24.179436928869652,0.011505463711956454,1.0,0.015625,176.59375
4591,-24.17943699926649,0.011443689154316846,1.0,0.0625,176.65625
4592,-24.179437048183406,0.01141166825815084,1.0,0.015625,176.671875
4593,-24.17943711669396,0.011451301941341968,1.0,0.015625,176.6875
4594,-24.179437174550326,0.011418422005553553,1.0,0.015625,176.703125
4595,-24.1794372323555,0.011417885025712442,1.0,0.03125,176.734375
4596,-24.1794373016008,0.011361924253660486,1.0,0.015625,176.75
4597,-24.179437354149613,0.011355485400574563,1.0,0.015625,176.765625
4598,-24.17943741643747,0.011404908238764009,1.0,0.03125,176.796875
4599,-24.179437484325025,0.011432516668849965,1.0,0.03125,176.828125
4600,-24.17943757378898,0.011434594231864159,1.0,0.015625,176.84375
4601,-24.179437657305414,0.011346772974946392,1.0,0.03125,176.875
4602,-24.17943773062499,0.011309261438678327,1.0,0.03125,176.90625
4603,-24.17943779660491,0.011277176689582414,1.0,0.015625,176.921875
4604,-24.179437852819913,0.011294594056853886,1.0,0.015625,176.9375
4605,-24.179437905877275,0.011242233392342248,1.0,0.046875,176.984375
4606,-24.179437964635888,0.011324647461398553,1.0,0.03125,177.015625
4607,-24.179438051628065,0.01131694162302308,1.0,0.015625,177.03125
4608,-24.17943812973065,0.011353342301985765,1.0,0.015625,177.046875
4609,-24.179438228459233,0.011265645908452502,1.0,0.140625,177.1875
4610,-24.17943829286969,0.011257306381936337,1.0,0.015625,177.203125
4611,-24.17943833755104,0.011096755806575247,1.0,0.015625,177.21875
4612,-24.1794384233659,0.0111773904630016,1.0,0.140625,177.359375
4613,-24.17943849296729,0.01107756332320014,1.0,0.015625,177.375
4614,-24.17943856125248,0.011019598684301489,1.0,0.015625,177.390625
4615,-24.179438611722155,0.010990659011459273,1.0,0.015625,177.40625
4616,-24.179438666718138,0.010903524936270349,1.0,0.015625,177.421875
4617,-24.17943872614019,0.01097507594716193,1.0,0.140625,177.5625
4618,-24.1794387703005,0.010970914427315815,1.0,0.015625,177.578125
4619,-24.179438842143618,0.010975594512010705,1.0,0.0,177.578125
4620,-24.179438883317765,0.010974977351819924,1.0,0.015625,177.59375
4621,-24.179438954310406,0.011065247349562891,1.0,0.015625,177.609375
4622,-24.17943903423754,0.01103401733468194,1.0,0.03125,177.640625
4623,-24.1794391101515,0.011033505642508653,1.0,0.015625,177.65625
4624,-24.179439169680073,0.011022131279602197,1.0,0.015625,177.671875
4625,-24.1794392391747,0.010936675057012235,1.0,0.03125,177.703125
4626,-24.17943929624265,0.0109498194892041,1.0,0.0,177.703125
4627,-24.179439360723208,0.011064570844733893,1.0,0.015625,177.71875
4628,-24.17943944473174,0.011099418321060754,1.0,0.03125,177.75
4629,-24.179439502117337,0.011034541585549581,1.0,0.015625,177.765625
4630,-24.179439550444837,0.011076615051343533,1.0,0.015625,177.78125
4631,-24.17943961062328,0.011014000690182444,1.0,0.015625,177.796875
4632,-24.17943968162543,0.010985059519889645,1.0,0.015625,177.8125
4633,-24.17943974816536,0.010949150923558417,1.0,0.0625,177.875
4634,-24.179439796784578,0.010922050787130112,1.0,0.03125,177.90625
4635,-24.179439860601715,0.010937853096333501,1.0,0.015625,177.921875
4636,-24.179439914976975,0.010868759090812374,1.0,0.015625,177.9375
4637,-24.179439988823752,0.010981447658426461,1.0,0.140625,178.078125
4638,-24.17944002997217,0.010915076280525985,1.0,0.046875,178.125
4639,-24.179440115927633,0.010834221933977452,1.0,0.015625,178.140625
4640,-24.17944017948703,0.010900411229056287,1.0,0.015625,178.15625
4641,-24.17944024131684,0.010814170529305155,1.0,0.109375,178.265625
4642,-24.179440331310776,0.01084674740160484,1.0,0.015625,178.28125
4643,-24.17944038942339,0.010742553651778895,1.0,0.0,178.28125
4644,-24.179440488937605,0.010729133678646134,1.0,0.015625,178.296875
4645,-24.179440542238442,0.010762642757142312,1.0,0.015625,178.3125
4646,-24.179440591202344,0.01071955340159939,1.0,0.140625,178.453125
4647,-24.179440640729656,0.010724297976102424,1.0,0.015625,178.46875
4648,-24.179440698363575,0.010649543065777563,1.0,0.015625,178.484375
4649,-24.179440755399348,0.010636768068798399,1.0,0.078125,178.5625
4650,-24.179440825513563,0.010659689735309768,1.0,0.015625,178.578125
4651,-24.179440869452996,0.010554235575361191,1.0,0.015625,178.59375
4652,-24.17944091742134,0.010588597224781997,1.0,0.015625,178.609375
4653,-24.179440989031903,0.010421542439789835,1.0,0.140625,178.75
4654,-24.179441061012337,0.01056416222937447,1.0,0.015625,178.765625
4655,-24.179441126926676,0.01056920983383921,1.0,0.015625,178.78125
4656,-24.17944117940856,0.01057048504932108,1.0,0.015625,178.796875
4657,-24.179441220236857,0.01056670856694521,1.0,0.03125,178.828125
4658,-24.179441266452702,0.010528668581903372,1.0,0.0,178.828125
4659,-24.1794413276571,0.010609630090899942,1.0,0.015625,178.84375
4660,-24.179441364711924,0.010618220861873038,1.0,0.140625,178.984375
4661,-24.179441439770738,0.010537823642649071,1.0,0.0,178.984375
4662,-24.179441522066746,0.010514357466580483,1.0,0.015625,179.0
4663,-24.17944160124593,0.01069591033042993,1.0,0.140625,179.140625
4664,-24.179441642565912,0.01072227268342973,1.0,0.046875,179.1875
4665,-24.179441699145702,0.010618284114322321,1.0,0.03125,179.21875
4666,-24.179441761325766,0.010600087839807757,1.0,0.015625,179.234375
4667,-24.179441833392392,0.010639666666430543,1.0,0.140625,179.375
4668,-24.179441891052583,0.010672966912791028,1.0,0.0,179.375
4669,-24.17944194681782,0.010643686927264535,1.0,0.015625,179.390625
4670,-24.17944202755901,0.010660870620438813,1.0,0.015625,179.40625
4671,-24.179442078354402,0.010641797811827445,1.0,0.015625,179.421875
4672,-24.179442137919406,0.010571590221201407,1.0,0.140625,179.5625
4673,-24.179442188312493,0.010571165798475985,1.0,0.015625,179.578125
4674,-24.17944224541439,0.010390922146806425,1.0,0.015625,179.59375
4675,-24.17944231412137,0.010305226501084827,1.0,0.078125,179.671875
4676,-24.17944236711145,0.010299547019837322,1.0,0.03125,179.703125
4677,-24.17944241493192,0.010325061267400485,1.0,0.015625,179.71875
4678,-24.17944247576872,0.010345759449747851,1.0,0.015625,179.734375
4679,-24.179442534106677,0.01025574051876608,1.0,0.140625,179.875
4680,-24.179442591714817,0.010227119847422014,1.0,0.015625,179.890625
4681,-24.179442636455533,0.010231934810082539,1.0,0.015625,179.90625
4682,-24.17944269140407,0.010185013433266991,1.0,0.015625,179.921875
4683,-24.179442723629958,0.010227790831366233,1.0,0.078125,180.0
4684,-24.179442781485125,0.010233028242308003,1.0,0.015625,180.015625
4685,-24.17944282204262,0.010228722555296771,1.0,0.015625,180.03125
4686,-24.179442864617204,0.010241204903647204,1.0,0.140625,180.171875
4687,-24.17944291581101,0.010291248388045,1.0,0.015625,180.1875
4688,-24.179442965399854,0.010174613353133488,1.0,0.015625,180.203125
4689,-24.179443021480186,0.010113590191198058,1.0,0.015625,180.21875
4690,-24.179443069039515,0.010235674741481956,1.0,0.015625,180.234375
4691,-24.179443110764566,0.01020281439196758,1.0,0.078125,180.3125
4692,-24.17944314162439,0.01019283602440708,1.0,0.015625,180.328125
4693,-24.17944319721545,0.010090537700810207,1.0,0.015625,180.34375
4694,-24.179443246042506,0.010095943263633517,1.0,0.015625,180.359375
4695,-24.179443282381104,0.01002527601678802,1.0,0.140625,180.5
4696,-24.179443322370428,0.01000515628034134,1.0,0.015625,180.515625
4697,-24.17944337852362,0.010073132899438805,1.0,0.015625,180.53125
4698,-24.17944341470991,0.009984124849608462,1.0,0.015625,180.546875
4699,-24.179443456947666,0.010007062927206633,1.0,0.140625,180.6875
4700,-24.179443493027044,0.010092897283544277,1.0,0.015625,180.703125
4701,-24.179443557893613,0.00996357437817992,1.0,0.015625,180.71875
4702,-24.17944361491183,0.009936846569312768,1.0,0.140625,180.859375
4703,-24.179443667811494,0.009907842152119574,1.0,0.046875,180.90625
4704,-24.1794437236071,0.009945903465957208,1.0,0.015625,180.921875
4705,-24.179443788407013,0.009882718919342531,1.0,0.015625,180.9375
4706,-24.17944383315491,0.009908578705183326,1.0,0.015625,180.953125
4707,-24.179443880240168,0.00987968464759351,1.0,0.125,181.078125
4708,-24.179443923077596,0.009866761671176501,1.0,0.0,181.078125
4709,-24.179443987447574,0.0097585101837081,1.0,0.015625,181.09375
4710,-24.17944403114094,0.009687001230783832,1.0,0.015625,181.109375
4711,-24.179444103914182,0.009719454862130147,1.0,0.140625,181.25
4712,-24.179444157621777,0.009581841616397314,1.0,0.015625,181.265625
4713,-24.17944419798385,0.009596054090548195,1.0,0.015625,181.28125
4714,-24.179444249103355,0.009528635141813228,1.0,0.140625,181.421875
4715,-24.179444302040846,0.009668672059217417,1.0,0.03125,181.453125
4716,-24.17944433516269,0.009584918152171332,1.0,0.015625,181.46875
4717,-24.17944437494387,0.009619257133293702,1.0,0.015625,181.484375
4718,-24.17944441697196,0.009630229659214748,1.0,0.015625,181.5
4719,-24.17944446027911,0.009567776474014484,1.0,0.0625,181.5625
4720,-24.179444503651204,0.009553046661194192,1.0,0.0,181.5625
4721,-24.17944455818528,0.009504110501150203,1.0,0.015625,181.578125
4722,-24.179444614194484,0.009620246643231288,1.0,0.015625,181.59375
4723,-24.179444666357075,0.00964326084314599,1.0,0.140625,181.734375
4724,-24.17944471431417,0.009641760426427202,1.0,0.03125,181.765625
4725,-24.17944477072903,0.009621636354811784,1.0,0.015625,181.78125
4726,-24.179444806740186,0.009677360335629348,1.0,0.015625,181.796875
4727,-24.17944484832742,0.009738728272389007,1.0,0.046875,181.84375
4728,-24.17944489887297,0.009674402957485648,1.0,0.0,181.84375
4729,-24.179444947650964,0.009634092786174407,1.0,0.015625,181.859375
4730,-24.179444994709353,0.00963015523067076,1.0,0.046875,181.90625
4731,-24.1794450483404,0.00955311680200973,1.0,0.0,181.90625
4732,-24.17944510018085,0.00955917247250082,1.0,0.015625,181.921875
4733,-24.179445142824633,0.009572765669727893,1.0,0.015625,181.9375
4734,-24.179445188540118,0.00952785969904175,1.0,0.03125,181.96875
4735,-24.17944522921078,0.009515843615981104,1.0,0.015625,181.984375
4736,-24.17944528733015,0.009507570162040235,1.0,0.015625,182.0
4737,-24.179445341965867,0.009406316159677026,1.0,0.140625,182.140625
4738,-24.179445408679783,0.009440303775992318,1.0,0.015625,182.15625
4739,-24.179445459244935,0.009404004835581745,1.0,0.015625,182.171875
4740,-24.17944549195514,0.009513108602309242,1.0,0.015625,182.1875
4741,-24.17944553626084,0.009417654591377025,1.0,0.109375,182.296875
4742,-24.17944558242632,0.009381481673209046,1.0,0.015625,182.3125
4743,-24.17944562165868,0.009395793331324233,1.0,0.03125,182.34375
4744,-24.17944565746922,0.009308771325707864,1.0,0.015625,182.359375
4745,-24.1794457119501,0.009347706466896439,1.0,0.015625,182.375
4746,-24.179445754976587,0.009327643736249554,1.0,0.140625,182.515625
4747,-24.179445794686288,0.009286255111103705,1.0,0.015625,182.53125
4748,-24.17944584171925,0.009250599347012736,1.0,0.015625,182.546875
4749,-24.179445893946088,0.009265840883406392,1.0,0.015625,182.5625
4750,-24.179445931982116,0.009257173488023157,1.0,0.140625,182.703125
4751,-24.179445961365335,0.009194721292551031,1.0,0.015625,182.71875
4752,-24.179446005163886,0.009226213107305349,1.0,0.015625,182.734375
4753,-24.179446041404464,0.00925295558266499,1.0,0.140625,182.875
4754,-24.179446096473047,0.009269475077994341,1.0,0.03125,182.90625
4755,-24.17944615233382,0.00926722209959045,1.0,0.015625,182.921875
4756,-24.17944618898967,0.009347961704482856,1.0,0.140625,183.0625
4757,-24.17944623048588,0.009360559187109254,1.0,0.03125,183.09375
4758,-24.179446255763835,0.00939507274774365,1.0,0.015625,183.109375
4759,-24.179446293715106,0.009312660475631687,1.0,0.015625,183.125
4760,-24.179446341158982,0.009383527780244252,1.0,0.03125,183.15625
4761,-24.17944637540274,0.009383550096362306,1.0,0.015625,183.171875
4762,-24.17944641259944,0.009319336614692326,1.0,0.015625,183.1875
4763,-24.179446460967537,0.009288675811426401,1.0,0.109375,183.296875
4764,-24.179446500519255,0.009339093629504788,1.0,0.015625,183.3125
4765,-24.179446543741516,0.009259168625379779,1.0,0.015625,183.328125
4766,-24.179446593256948,0.009313956340023981,1.0,0.046875,183.375
4767,-24.17944662735089,0.009269629022070404,1.0,0.015625,183.390625
4768,-24.179446667556572,0.009283713708816276,1.0,0.015625,183.40625
4769,-24.179446712983342,0.009179289910740355,1.0,0.125,183.53125
4770,-24.179446757678434,0.009169145215442603,1.0,0.03125,183.5625
4771,-24.179446797511687,0.009180515849274337,1.0,0.015625,183.578125
4772,-24.179446857446507,0.009154376387513742,1.0,0.015625,183.59375
4773,-24.179446896010496,0.009225122756822664,1.0,0.125,183.71875
4774,-24.17944694347312,0.009290127372275733,1.0,0.015625,183.734375
4775,-24.179446982078947,0.009288596131973902,1.0,0.015625,183.75
4776,-24.179447027186306,0.009221233806168362,1.0,0.140625,183.890625
4777,-24.179447067417545,0.009246883124432658,1.0,0.015625,183.90625
4778,-24.17944711088743,0.009245940899332944,1.0,0.015625,183.921875
4779,-24.17944716540992,0.009225995408938283,1.0,0.015625,183.9375
4780,-24.1794472098887,0.009227945764464295,1.0,0.140625,184.078125
4781,-24.179447243958634,0.009226634060358212,1.0,0.015625,184.09375
4782,-24.179447279687505,0.009185467936830812,1.0,0.015625,184.109375
4783,-24.179447323297204,0.009088558658656562,1.0,0.0625,184.171875
4784,-24.179447352877656,0.00905677999277096,1.0,0.015625,184.1875
4785,-24.17944739078532,0.009063220507064925,1.0,0.015625,184.203125
4786,-24.179447427839765,0.009027343255882746,1.0,0.078125,184.28125
4787,-24.179447469629654,0.008978916347971263,1.0,0.0,184.28125
4788,-24.179447502278645,0.008953348811201916,1.0,0.015625,184.296875
4789,-24.17944754146214,0.00897722093431028,1.0,0.015625,184.3125
4790,-24.17944756649342,0.009033031322075587,1.0,0.0625,184.375
4791,-24.1794475987302,0.009021411393860073,1.0,0.0,184.375
4792,-24.179447649204292,0.009064426480208394,1.0,0.015625,184.390625
4793,-24.17944768593071,0.009033067666972174,1.0,0.140625,184.53125
4794,-24.17944772146191,0.009001029423894701,1.0,0.015625,184.546875
4795,-24.1794477548088,0.009029339112071398,1.0,0.015625,184.5625
4796,-24.17944779525162,0.008991203993938946,1.0,0.140625,184.703125
4797,-24.179447838277984,0.00899176026475452,1.0,0.015625,184.71875
4798,-24.179447868857103,0.00894483511908395,1.0,0.015625,184.734375
4799,-24.179447921445437,0.008888597734353555,1.0,0.015625,184.75
4800,-24.17944796213745,0.008845404699499512,1.0,0.03125,184.78125
4801,-24.179448008883515,0.00879091508217775,1.0,0.015625,184.796875
4802,-24.179448047617367,0.008787428513984391,1.0,0.015625,184.8125
4803,-24.179448089970045,0.008724685069609552,1.0,0.140625,184.953125
4804,-24.179448128148966,0.008766301902790258,1.0,0.0,184.953125
4805,-24.179448170528843,0.008741877676196885,1.0,0.015625,184.96875
4806,-24.1794481944003,0.008691216131235585,1.0,0.015625,184.984375
4807,-24.179448230504203,0.00867817856328059,1.0,0.046875,185.03125
4808,-24.179448276176714,0.00875100124456959,1.0,0.015625,185.046875
4809,-24.179448323309447,0.008746652876256675,1.0,0.015625,185.0625
4810,-24.17944837085849,0.008746269950574793,1.0,0.140625,185.203125
4811,-24.17944840758715,0.008635888477013551,1.0,0.015625,185.21875
4812,-24.17944844016479,0.008633207493898194,1.0,0.015625,185.234375
4813,-24.179448473778795,0.00858782569085121,1.0,0.046875,185.28125
4814,-24.17944851918036,0.008598732831276514,1.0,0.015625,185.296875
4815,-24.17944855846595,0.008653318667167547,1.0,0.015625,185.3125
4816,-24.179448600546774,0.008657538100562558,1.0,0.015625,185.328125
4817,-24.17944864589971,0.00869808623850772,1.0,0.140625,185.46875
4818,-24.179448684139057,0.00872840128196495,1.0,0.0,185.46875
4819,-24.179448728841862,0.008852562685534329,1.0,0.015625,185.484375
4820,-24.179448766308038,0.00882993389852335,1.0,0.015625,185.5
4821,-24.17944880989508,0.008837970144193722,1.0,0.03125,185.53125
4822,-24.17944885042428,0.008860294098532158,1.0,0.03125,185.5625
4823,-24.179448886801044,0.008882704345278594,1.0,0.015625,185.578125
4824,-24.17944892447798,0.00887717494839067,1.0,0.140625,185.71875
4825,-24.1794489746965,0.008791552683729087,1.0,0.015625,185.734375
4826,-24.17944901076833,0.008772055168060131,1.0,0.015625,185.75
4827,-24.179449046290053,0.008686599861312497,1.0,0.140625,185.890625
4828,-24.179449092763925,0.008713132709501933,1.0,0.015625,185.90625
4829,-24.179449136930792,0.008721150595471372,1.0,0.015625,185.921875
4830,-24.179449167512242,0.008764717375197194,1.0,0.015625,185.9375
4831,-24.17944920393782,0.00874811374116221,1.0,0.140625,186.078125
4832,-24.179449246135697,0.008765775210322128,1.0,0.015625,186.09375
4833,-24.179449282366154,0.00874118571015485,1.0,0.015625,186.109375
4834,-24.17944933020345,0.008747542481884939,1.0,0.140625,186.25
4835,-24.179449367463626,0.008686563387445275,1.0,0.03125,186.28125
4836,-24.179449410643826,0.008686544907348997,1.0,0.015625,186.296875
4837,-24.179449462105232,0.008676133449810743,1.0,0.03125,186.328125
4838,-24.17944951959586,0.00862820465958474,1.0,0.015625,186.34375
4839,-24.179449577459874,0.008698545990200278,1.0,0.015625,186.359375
4840,-24.179449627953694,0.008727072545964212,1.0,0.015625,186.375
4841,-24.179449663675985,0.008682638932068724,1.0,0.015625,186.390625
4842,-24.179449693972394,0.008649227372238567,1.0,0.140625,186.53125
4843,-24.17944973776719,0.008594289425887238,1.0,0.015625,186.546875
4844,-24.179449784520568,0.008605073993496812,1.0,0.015625,186.5625
4845,-24.179449817125715,0.008602989447530865,1.0,0.046875,186.609375
4846,-24.17944985084076,0.008604595238590324,1.0,0.015625,186.625
4847,-24.179449887311982,0.008551973124848147,1.0,0.015625,186.640625
4848,-24.179449945107844,0.008512060927371293,1.0,0.078125,186.71875
4849,-24.179449976721443,0.008415147348060509,1.0,0.015625,186.734375
4850,-24.17945001182843,0.008411075469138702,1.0,0.015625,186.75
4851,-24.179450046911445,0.008393375817022302,1.0,0.140625,186.890625
4852,-24.17945009391028,0.00830257478826348,1.0,0.015625,186.90625
4853,-24.17945012722817,0.008303093814940479,1.0,0.015625,186.921875
4854,-24.17945016104379,0.008341798296250369,1.0,0.015625,186.9375
4855,-24.179450193513283,0.008331141825430186,1.0,0.15625,187.09375
4856,-24.17945022187391,0.008299065325882328,1.0,0.015625,187.109375
4857,-24.17945025011898,0.008312711408601908,1.0,0.015625,187.125
4858,-24.17945028992939,0.00829306842540986,1.0,0.03125,187.15625
4859,-24.179450333962603,0.008286679548307438,1.0,0.015625,187.171875
4860,-24.17945036769591,0.008358708348085333,1.0,0.015625,187.1875
4861,-24.17945040364348,0.00829877104046851,1.0,0.046875,187.234375
4862,-24.17945043801915,0.008360558447242062,1.0,0.0,187.234375
4863,-24.179450466781777,0.008335259285527478,1.0,0.015625,187.25
4864,-24.179450495345893,0.008275433089333874,1.0,0.09375,187.34375
4865,-24.179450532866664,0.008293339578465054,1.0,0.015625,187.359375
4866,-24.17945057251762,0.008355917437550427,1.0,0.015625,187.375
4867,-24.179450608878632,0.008342130921397743,1.0,0.015625,187.390625
4868,-24.179450644809766,0.008315855500675444,1.0,0.03125,187.421875
4869,-24.179450677377,0.008235165947113576,1.0,0.015625,187.4375
4870,-24.17945070175817,0.008250423735486545,1.0,0.015625,187.453125
4871,-24.179450729206224,0.00829194454965741,1.0,0.09375,187.546875
4872,-24.179450768092806,0.008342214625993936,1.0,0.015625,187.5625
4873,-24.17945080480366,0.008309130902206056,1.0,0.015625,187.578125
4874,-24.17945084032052,0.00827152219816049,1.0,0.015625,187.59375
4875,-24.179450871955986,0.008280066160697019,1.0,0.09375,187.6875
4876,-24.179450908290722,0.008302862392871736,1.0,0.015625,187.703125
4877,-24.179450941343976,0.008369610278324642,1.0,0.015625,187.71875
4878,-24.179450984408305,0.008355318181512313,1.0,0.140625,187.859375
4879,-24.179451013159124,0.008269964911816523,1.0,0.015625,187.875
4880,-24.1794510497739,0.008268428053848649,1.0,0.015625,187.890625
4881,-24.17945108369389,0.008254470887357273,1.0,0.078125,187.96875
4882,-24.179451119575997,0.008243556344514659,1.0,0.015625,187.984375
4883,-24.179451149836115,0.008246585527013803,1.0,0.0,187.984375
4884,-24.179451174339633,0.008171236111554837,1.0,0.015625,188.0
4885,-24.17945120824128,0.008141373493843187,1.0,0.015625,188.015625
4886,-24.179451236021396,0.008130939198893116,1.0,0.0625,188.078125
4887,-24.17945126483353,0.00807922536367383,1.0,0.015625,188.09375
4888,-24.179451298091504,0.008088375771157383,1.0,0.015625,188.109375
4889,-24.179451340032184,0.008038159323925312,1.0,0.015625,188.125
4890,-24.17945137394556,0.007956327524625202,1.0,0.109375,188.234375
4891,-24.179451411643345,0.00795989870416939,1.0,0.015625,188.25
4892,-24.179451448868615,0.007949524475065412,1.0,0.015625,188.265625
4893,-24.179451479772453,0.008014624075501882,1.0,0.015625,188.28125
4894,-24.17945151219227,0.008011228515416025,1.0,0.03125,188.3125
4895,-24.17945154264482,0.008043736294457938,1.0,0.015625,188.328125
4896,-24.179451573477582,0.008082393299351863,1.0,0.015625,188.34375
4897,-24.179451616964254,0.008003647209800385,1.0,0.03125,188.375
4898,-24.179451643892996,0.008044860699294245,1.0,0.015625,188.390625
4899,-24.179451674201456,0.008026215679392806,1.0,0.015625,188.40625
4900,-24.179451705159412,0.00802296326078303,1.0,0.078125,188.484375
4901,-24.179451747374063,0.008008430195901401,1.0,0.046875,188.53125
4902,-24.179451779078295,0.007975521945947903,1.0,0.015625,188.546875
4903,-24.179451804549075,0.00794833334582684,1.0,0.015625,188.5625
4904,-24.17945183595138,0.00797398214729216,1.0,0.140625,188.703125
4905,-24.179451869444314,0.007968292662039076,1.0,0.0,188.703125
4906,-24.179451914518665,0.007953440373603985,1.0,0.015625,188.71875
4907,-24.179451942126075,0.0079305110401734,1.0,0.140625,188.859375
4908,-24.179451986958714,0.007942008527217615,1.0,0.015625,188.875
4909,-24.179452016173332,0.007905253260095193,1.0,0.015625,188.890625
4910,-24.1794520421081,0.00787206774681648,1.0,0.015625,188.90625
4911,-24.17945205941977,0.007880611473347909,1.0,0.03125,188.9375
4912,-24.17945209318269,0.007919553719848184,1.0,0.015625,188.953125
4913,-24.17945213009076,0.007860893004319533,1.0,0.015625,188.96875
4914,-24.179452157464176,0.007900244537919853,1.0,0.046875,189.015625
4915,-24.17945218847615,0.00790497641956545,1.0,0.015625,189.03125
4916,-24.17945222841934,0.007899744235215313,1.0,0.015625,189.046875
4917,-24.17945227340888,0.007849880974327698,1.0,0.015625,189.0625
4918,-24.17945229474659,0.007778176041333549,1.0,0.03125,189.09375
4919,-24.179452340122115,0.0077310899127248445,1.0,0.015625,189.109375
4920,-24.17945238378952,0.007736240415007941,1.0,0.015625,189.125
4921,-24.17945241623287,0.007697622868737565,1.0,0.015625,189.140625
4922,-24.179452444233885,0.0077178064720158255,1.0,0.140625,189.28125
4923,-24.179452474444545,0.007711793197799762,1.0,0.046875,189.328125
4924,-24.17945250767707,0.007774251282050419,1.0,0.015625,189.34375
4925,-24.17945252686427,0.007759423973705628,1.0,0.09375,189.4375
4926,-24.179452560953397,0.007657108266260735,1.0,0.015625,189.453125
4927,-24.179452590833897,0.00765242160981241,1.0,0.015625,189.46875
4928,-24.179452618852352,0.007661357631712779,1.0,0.015625,189.484375
4929,-24.17945265420465,0.007596074833056735,1.0,0.03125,189.515625
4930,-24.179452682604456,0.007619569590200513,1.0,0.015625,189.53125
4931,-24.179452716253373,0.00755724848007089,1.0,0.140625,189.671875
4932,-24.17945274291662,0.0076216608955958845,1.0,0.0,189.671875
4933,-24.179452775264874,0.007554921302804011,1.0,0.015625,189.6875
4934,-24.179452797671726,0.007583699513746398,1.0,0.015625,189.703125
4935,-24.179452820229848,0.007551166699140481,1.0,0.03125,189.734375
4936,-24.179452851223452,0.007445092377800519,1.0,0.015625,189.75
4937,-24.17945288580259,0.007442973836728624,1.0,0.015625,189.765625
4938,-24.17945292141762,0.007485131686064071,1.0,0.015625,189.78125
4939,-24.17945294283403,0.007451009036021935,1.0,0.03125,189.8125
4940,-24.17945296509069,0.00742410328709255,1.0,0.015625,189.828125
4941,-24.17945299630193,0.007363169559049191,1.0,0.125,189.953125
4942,-24.179453018484654,0.007311352208577569,1.0,0.015625,189.96875
4943,-24.179453037403142,0.007331572350113447,1.0,0.015625,189.984375
4944,-24.1794530602759,0.007348758524255113,1.0,0.046875,190.03125
4945,-24.17945309635523,0.007347918539831936,1.0,0.015625,190.046875
4946,-24.17945312310483,0.00740901131956248,1.0,0.09375,190.140625
4947,-24.179453143312596,0.00734086848477299,1.0,0.015625,190.15625
4948,-24.179453173271856,0.0073836093441971475,1.0,0.015625,190.171875
4949,-24.179453194475883,0.007367346370836496,1.0,0.03125,190.203125
4950,-24.179453213563942,0.007345460103397515,1.0,0.015625,190.21875
4951,-24.17945324453047,0.0073536810824020235,1.0,0.03125,190.25
4952,-24.179453266276177,0.00737619392114094,1.0,0.03125,190.28125
4953,-24.179453294426224,0.007374420102124242,1.0,0.015625,190.296875
4954,-24.179453319531394,0.0074302380859847805,1.0,0.0625,190.359375
4955,-24.179453350981237,0.007486509710436625,1.0,0.015625,190.375
4956,-24.17945337423565,0.007458738532308144,1.0,0.046875,190.421875
4957,-24.17945340330582,0.007471678727153242,1.0,0.03125,190.453125
4958,-24.17945342063321,0.0074638443658093636,1.0,0.015625,190.46875
4959,-24.179453447586443,0.007445082060279719,1.0,0.140625,190.609375
4960,-24.17945347646825,0.0074239705135253275,1.0,0.015625,190.625
4961,-24.179453499262895,0.007370073625894551,1.0,0.078125,190.703125
4962,-24.179453521665355,0.0074203506731877426,1.0,0.03125,190.734375
4963,-24.17945354948009,0.007417121134220187,1.0,0.015625,190.75
4964,-24.17945357529278,0.0074420899697173375,1.0,0.015625,190.765625
4965,-24.17945360581496,0.007463538202631958,1.0,0.09375,190.859375
4966,-24.179453627336358,0.007408901338652943,1.0,0.03125,190.890625
4967,-24.17945366111704,0.007494000122506829,1.0,0.015625,190.90625
4968,-24.17945368931029,0.0073591087405409285,1.0,0.125,191.03125
4969,-24.17945371450877,0.007337575970330435,1.0,0.015625,191.046875
4970,-24.179453750089746,0.00732293558808925,1.0,0.015625,191.0625
4971,-24.17945377818485,0.00736430510155005,1.0,0.015625,191.078125
4972,-24.17945380991848,0.007366218377381365,1.0,0.046875,191.125
4973,-24.179453835924672,0.00735446115347205,1.0,0.015625,191.140625
4974,-24.179453851895936,0.007345252305314629,1.0,0.015625,191.15625
4975,-24.179453872726334,0.0073448431698118575,1.0,0.109375,191.265625
4976,-24.179453906384712,0.007343060361614623,1.0,0.03125,191.296875
4977,-24.179453936529494,0.007320386801002732,1.0,0.015625,191.3125
4978,-24.17945396157997,0.007301901143475837,1.0,0.03125,191.34375
4979,-24.179453985440563,0.0073349079314339065,1.0,0.015625,191.359375
4980,-24.17945399989174,0.0073445429111908,1.0,0.109375,191.46875
4981,-24.179454028464974,0.007315872601716798,1.0,0.015625,191.484375
4982,-24.17945406289102,0.0073581592232240195,1.0,0.015625,191.5
4983,-24.17945409531258,0.0073455984068892385,1.0,0.0625,191.5625
4984,-24.179454119933702,0.007391554420268393,1.0,0.015625,191.578125
4985,-24.17945414130657,0.007312398374573517,1.0,0.109375,191.6875
4986,-24.17945417179992,0.00728644630875481,1.0,0.015625,191.703125
4987,-24.17945420042684,0.007343699753997118,1.0,0.015625,191.71875
4988,-24.179454228582422,0.007351198878015739,1.0,0.140625,191.859375
4989,-24.179454258363968,0.007392837980719025,1.0,0.015625,191.875
4990,-24.17945429065529,0.007389230529894821,1.0,0.015625,191.890625
4991,-24.17945431976363,0.007342961767986113,1.0,0.125,192.015625
4992,-24.179454347226436,0.00736004433438468,1.0,0.03125,192.046875
4993,-24.179454364157163,0.007335926950675721,1.0,0.09375,192.140625
4994,-24.17945439908567,0.007384691097303643,1.0,0.015625,192.15625
4995,-24.17945442432239,0.007337489813177407,1.0,0.015625,192.171875
4996,-24.179454446074836,0.007366499071501784,1.0,0.046875,192.21875
4997,-24.17945447923348,0.007288488532840354,1.0,0.0625,192.28125
4998,-24.179454516031658,0.007314395317357106,1.0,0.03125,192.3125
4999,-24.17945455470105,0.0073147666917687745,1.0,0.015625,192.328125
5000,-24.179454584239103,0.007215284095176841,1.0,0.046875,192.375
5001,-24.179454611374677,0.007159278221373839,1.0,0.03125,192.40625
5002,-24.17945464556811,0.007145146719017325,1.0,0.0625,192.46875
5003,-24.179454668246645,0.007149415219422833,1.0,0.078125,192.546875
5004,-24.17945469352663,0.007104157187845826,1.0,0.03125,192.578125
5005,-24.179454715975343,0.007135254777088643,1.0,0.046875,192.625
5006,-24.1794547313505,0.007067825514768671,1.0,0.015625,192.640625
5007,-24.179454764543532,0.007142132475073849,1.0,0.015625,192.65625
5008,-24.179454797058302,0.0071408462545126785,1.0,0.140625,192.796875
5009,-24.179454828439823,0.007094039942085315,1.0,0.015625,192.8125
5010,-24.179454853099713,0.007036634326054595,1.0,0.015625,192.828125
5011,-24.179454872430718,0.007108314102734006,1.0,0.03125,192.859375
5012,-24.17945489564265,0.00710388726902978,1.0,0.015625,192.875
5013,-24.179454919532905,0.007107643460199527,1.0,0.0625,192.9375
5014,-24.17945494198715,0.007083111555562995,1.0,0.015625,192.953125
5015,-24.179454970390683,0.007065669572328507,1.0,0.015625,192.96875
5016,-24.179455003186103,0.007089041573623769,1.0,0.109375,193.078125
5017,-24.179455037372794,0.007131584405670144,1.0,0.015625,193.09375
5018,-24.179455063772064,0.007160883236055148,1.0,0.03125,193.125
5019,-24.179455091194995,0.0071569534522354945,1.0,0.0,193.125
5020,-24.179455113300463,0.007152033797091952,1.0,0.015625,193.140625
5021,-24.17945514061115,0.007172112069568057,1.0,0.015625,193.15625
5022,-24.179455161575444,0.0071823499343058655,1.0,0.015625,193.171875
5023,-24.179455185993955,0.007168253358149194,1.0,0.03125,193.203125
5024,-24.179455200191487,0.007139530803468386,1.0,0.015625,193.21875
5025,-24.17945523050991,0.00705990917084111,1.0,0.109375,193.328125
5026,-24.179455252071083,0.00711463136902805,1.0,0.015625,193.34375
5027,-24.179455292008022,0.007040555906786014,1.0,0.015625,193.359375
5028,-24.179455318738345,0.0070477754699121075,1.0,0.03125,193.390625
5029,-24.17945534484658,0.007053228570232244,1.0,0.015625,193.40625
5030,-24.179455365468485,0.007073441780502675,1.0,0.015625,193.421875
5031,-24.179455391077724,0.0070255954046961186,1.0,0.09375,193.515625
5032,-24.17945541114796,0.007056114855881976,1.0,0.015625,193.53125
5033,-24.179455438309336,0.0070112735817186335,1.0,0.03125,193.5625
5034,-24.179455460871466,0.007004474162696005,1.0,0.03125,193.59375
5035,-24.179455482519582,0.007011194361272432,1.0,0.03125,193.625
5036,-24.179455506864617,0.006982395355948124,1.0,0.109375,193.734375
5037,-24.179455526453292,0.0069530117698294825,1.0,0.03125,193.765625
5038,-24.179455558066124,0.0069382487000379505,1.0,0.03125,193.796875
5039,-24.179455588325045,0.00688854197044103,1.0,0.03125,193.828125
5040,-24.17945561195735,0.006878583595886309,1.0,0.03125,193.859375
5041,-24.179455632650896,0.006835653326913413,1.0,0.03125,193.890625
5042,-24.179455649601,0.006808695722279919,1.0,0.03125,193.921875
5043,-24.179455670670027,0.0068512734254957625,1.0,0.046875,193.96875
5044,-24.179455692783694,0.00680661272339859,1.0,0.0625,194.03125
5045,-24.17945571997848,0.006816053113800046,1.0,0.03125,194.0625
5046,-24.179455741062377,0.0068045162130566895,1.0,0.046875,194.109375
5047,-24.179455760482778,0.0068523628158583885,1.0,0.015625,194.125
5048,-24.17945578212678,0.006782111509294026,1.0,0.03125,194.15625
5049,-24.179455798919864,0.006787741848112531,1.0,0.09375,194.25
5050,-24.1794558205203,0.0068143011855818746,1.0,0.015625,194.265625
5051,-24.179455850216144,0.006756583724004392,1.0,0.046875,194.3125
5052,-24.179455871862086,0.006822210351601191,1.0,0.03125,194.34375
5053,-24.17945590003213,0.006804039613748124,1.0,0.09375,194.4375
5054,-24.179455915014938,0.006805090042134657,1.0,0.015625,194.453125
5055,-24.179455940546976,0.00680157344856023,1.0,0.109375,194.5625
5056,-24.17945596802424,0.006842855646486476,1.0,0.015625,194.578125
5057,-24.179455984071,0.006776621289609786,1.0,0.125,194.703125
5058,-24.179456002334234,0.006750964370314309,1.0,0.015625,194.71875
5059,-24.17945602485673,0.006785384196064258,1.0,0.125,194.84375
5060,-24.179456048423173,0.006813155008674275,1.0,0.015625,194.859375
5061,-24.179456068307058,0.006808527754045205,1.0,0.078125,194.9375
5062,-24.17945608357353,0.006797554515443731,1.0,0.015625,194.953125
5063,-24.1794561091581,0.006791764611524305,1.0,0.109375,195.0625
5064,-24.179456138834574,0.006843970939651516,1.0,0.015625,195.078125
5065,-24.17945617009259,0.00683348878085021,1.0,0.140625,195.21875
5066,-24.179456194535334,0.006804186559777345,1.0,0.0,195.21875
5067,-24.179456218225205,0.006741348193138073,1.0,0.078125,195.296875
5068,-24.17945623867344,0.006772796562385532,1.0,0.015625,195.3125
5069,-24.17945626117092,0.006779047656913049,1.0,0.125,195.4375
5070,-24.17945628019091,0.006723921089601909,1.0,0.03125,195.46875
5071,-24.179456296703407,0.006747506090506905,1.0,0.015625,195.484375
5072,-24.179456322486143,0.00667551672332531,1.0,0.03125,195.515625
5073,-24.179456352422537,0.0066259719653502264,1.0,0.015625,195.53125
5074,-24.179456371245063,0.006651758188482321,1.0,0.015625,195.546875
5075,-24.179456393773762,0.006611732666603663,1.0,0.03125,195.578125
5076,-24.17945641507319,0.006580146108589946,1.0,0.015625,195.59375
5077,-24.17945643044693,0.0065906598915316,1.0,0.015625,195.609375
5078,-24.179456446709825,0.006608367810226059,1.0,0.03125,195.640625
5079,-24.179456471688194,0.006617198482143599,1.0,0.03125,195.671875
5080,-24.1794564954976,0.006610664226953083,1.0,0.015625,195.6875
5081,-24.17945652264835,0.006595863116228922,1.0,0.140625,195.828125
5082,-24.17945654918683,0.006582520327564374,1.0,0.0,195.828125
5083,-24.17945656915998,0.00663680831768108,1.0,0.015625,195.84375
5084,-24.179456590560285,0.006596852701176734,1.0,0.015625,195.859375
5085,-24.17945661297852,0.00654416780473097,1.0,0.140625,196.0
5086,-24.179456643430388,0.006570263440745833,1.0,0.015625,196.015625
5087,-24.17945666260734,0.006582435952951532,1.0,0.015625,196.03125
5088,-24.179456680669343,0.006561567148725316,1.0,0.140625,196.171875
5089,-24.17945670255368,0.0065685302178375765,1.0,0.0,196.171875
5090,-24.179456723840904,0.006574853184496019,1.0,0.015625,196.1875
5091,-24.17945674856633,0.0065896417476797205,1.0,0.015625,196.203125
5092,-24.179456769113774,0.006566567805992194,1.0,0.03125,196.234375
5093,-24.179456791077634,0.006529237533471315,1.0,0.0,196.234375
5094,-24.179456816076467,0.0064976352178648085,1.0,0.015625,196.25
5095,-24.179456836693976,0.006530898378089748,1.0,0.015625,196.265625
5096,-24.179456859569303,0.00657191679626497,1.0,0.078125,196.34375
5097,-24.179456884517833,0.006541996794299152,1.0,0.015625,196.359375
5098,-24.179456908653,0.0065587487527666135,1.0,0.015625,196.375
5099,-24.17945692776357,0.006532569717209131,1.0,0.03125,196.40625
5100,-24.179456948365424,0.006493299197193743,1.0,0.015625,196.421875
5101,-24.179456972848026,0.0064651042992680124,1.0,0.015625,196.4375
5102,-24.179456996974416,0.006475098107685371,1.0,0.015625,196.453125
5103,-24.17945702530196,0.006437384513448566,1.0,0.140625,196.59375
5104,-24.179457054810822,0.006482757699069932,1.0,0.0,196.59375
5105,-24.179457072620668,0.006415707515486079,1.0,0.015625,196.609375
5106,-24.179457092398923,0.006410468884566228,1.0,0.140625,196.75
5107,-24.179457113620895,0.006402300755994973,1.0,0.015625,196.765625
5108,-24.179457138282842,0.006357772478179127,1.0,0.015625,196.78125
5109,-24.179457155529214,0.006344579146054283,1.0,0.015625,196.796875
5110,-24.179457174695646,0.0063142520575955475,1.0,0.140625,196.9375
5111,-24.179457192465307,0.006274811257701765,1.0,0.015625,196.953125
5112,-24.17945721195638,0.006272534159639084,1.0,0.015625,196.96875
5113,-24.179457232364545,0.006258064226480856,1.0,0.015625,196.984375
5114,-24.179457246827187,0.00624671570626675,1.0,0.140625,197.125
5115,-24.179457269195442,0.006209483128501349,1.0,0.03125,197.15625
5116,-24.179457288276645,0.006165239458799936,1.0,0.015625,197.171875
5117,-24.17945730485056,0.0061266817302451666,1.0,0.015625,197.1875
5118,-24.179457327790228,0.006173312960021564,1.0,0.109375,197.296875
5119,-24.179457348744794,0.00618201561423717,1.0,0.03125,197.328125
5120,-24.179457368349368,0.006199198700642724,1.0,0.015625,197.34375
5121,-24.179457384112062,0.006170197550896558,1.0,0.015625,197.359375
5122,-24.17945740457447,0.006197504672525169,1.0,0.140625,197.5
5123,-24.179457426026303,0.006151061039033661,1.0,0.046875,197.546875
5124,-24.17945744051791,0.006175455592558483,1.0,0.015625,197.5625
5125,-24.17945745554052,0.006160703021633918,1.0,0.015625,197.578125
5126,-24.17945746957532,0.006146803460788177,1.0,0.140625,197.71875
5127,-24.179457487173032,0.0062033636497552435,1.0,0.015625,197.734375
5128,-24.179457504943915,0.0062069949814632505,1.0,0.015625,197.75
5129,-24.179457524126878,0.006238778169954245,1.0,0.015625,197.765625
5130,-24.179457544906214,0.006226896189191549,1.0,0.03125,197.796875
5131,-24.179457561521584,0.006271983829073177,1.0,0.0,197.796875
5132,-24.179457577645376,0.006307281451182123,1.0,0.015625,197.8125
5133,-24.179457592413815,0.006313066787306453,1.0,0.015625,197.828125
5134,-24.179457616077364,0.006297721010285356,1.0,0.140625,197.96875
5135,-24.17945763158192,0.006267610885973212,1.0,0.015625,197.984375
5136,-24.179457647003098,0.0062465518914722575,1.0,0.015625,198.0
5137,-24.179457662677265,0.006255979619275663,1.0,0.015625,198.015625
5138,-24.179457688698516,0.006292446273880092,1.0,0.078125,198.09375
5139,-24.179457701652687,0.006313615651965009,1.0,0.015625,198.109375
5140,-24.179457723529236,0.006335943244945088,1.0,0.015625,198.125
5141,-24.179457741215263,0.006311987396139007,1.0,0.015625,198.140625
5142,-24.17945776012986,0.006227323848819136,1.0,0.015625,198.15625
5143,-24.17945778061737,0.0062082338096459576,1.0,0.125,198.28125
5144,-24.179457797139122,0.006212928992845225,1.0,0.015625,198.296875
5145,-24.179457820445275,0.006203472904903331,1.0,0.015625,198.3125
5146,-24.179457845316527,0.006180909040000769,1.0,0.015625,198.328125
5147,-24.179457863430677,0.0061729123433403865,1.0,0.03125,198.359375
5148,-24.179457880602783,0.006094106572048149,1.0,0.015625,198.375
5149,-24.179457897446678,0.006085610762507062,1.0,0.015625,198.390625
5150,-24.179457915258716,0.0061401096703511794,1.0,0.015625,198.40625
5151,-24.179457929182444,0.006120030582341273,1.0,0.09375,198.5
5152,-24.179457947030176,0.006072166605101019,1.0,0.015625,198.515625
5153,-24.179457960012922,0.006061681255136461,1.0,0.015625,198.53125
5154,-24.179457975280762,0.00601963717068487,1.0,0.015625,198.546875
5155,-24.179457991934015,0.006026950697231779,1.0,0.03125,198.578125
5156,-24.179458016423464,0.006052117863928225,1.0,0.0,198.578125
5157,-24.179458034883094,0.006078265987785022,1.0,0.015625,198.59375
5158,-24.17945805818281,0.0060959556216767545,1.0,0.015625,198.609375
5159,-24.179458077802373,0.006097950953976551,1.0,0.140625,198.75
5160,-24.17945810434175,0.0060304137480442195,1.0,0.015625,198.765625
5161,-24.179458120658254,0.006049294501655655,1.0,0.015625,198.78125
5162,-24.17945813617862,0.0060364001474112776,1.0,0.09375,198.875
5163,-24.179458153354773,0.006052045435888536,1.0,0.03125,198.90625
5164,-24.179458168529955,0.005992009035695338,1.0,0.015625,198.921875
5165,-24.1794581822989,0.0060037855244906525,1.0,0.015625,198.9375
5166,-24.179458198617848,0.0059682535105548195,1.0,0.03125,198.96875
5167,-24.17945821459137,0.005963552631405037,1.0,0.0,198.96875
5168,-24.17945823317545,0.005939038576332597,1.0,0.015625,198.984375
5169,-24.179458251174328,0.005956502030936059,1.0,0.109375,199.09375
5170,-24.179458266121312,0.005922317085128481,1.0,0.015625,199.109375
5171,-24.179458284191846,0.00596011919358686,1.0,0.015625,199.125
5172,-24.179458307775185,0.005907596244488342,1.0,0.015625,199.140625
5173,-24.179458329003992,0.0059126533182565525,1.0,0.015625,199.15625
5174,-24.179458342359645,0.005909236369467066,1.0,0.015625,199.171875
5175,-24.17945836524001,0.005908079905858072,1.0,0.015625,199.1875
5176,-24.1794583841062,0.0058849721865089945,1.0,0.015625,199.203125
5177,-24.179458401922886,0.005812185218962275,1.0,0.015625,199.21875
5178,-24.17945842403328,0.0058164144411416725,1.0,0.15625,199.375
5179,-24.179458440005508,0.005820998443749829,1.0,0.015625,199.390625
5180,-24.179458463571088,0.005806161491085484,1.0,0.015625,199.40625
5181,-24.179458477444477,0.005795821114701228,1.0,0.03125,199.4375
5182,-24.179458490437202,0.005863617146063747,1.0,0.0,199.4375
5183,-24.17945850183113,0.005898157446458599,1.0,0.015625,199.453125
5184,-24.17945851920659,0.005875300480100632,1.0,0.015625,199.46875
5185,-24.17945853392763,0.0058369251307037965,1.0,0.078125,199.546875
5186,-24.17945854959671,0.005846380308301653,1.0,0.015625,199.5625
5187,-24.179458569857093,0.005818719047377331,1.0,0.015625,199.578125
5188,-24.17945858274746,0.005834157628593063,1.0,0.03125,199.609375
5189,-24.179458594212615,0.005833206107139711,1.0,0.0,199.609375
5190,-24.17945860754075,0.0058350747684891135,1.0,0.015625,199.625
5191,-24.179458626192513,0.00582680173982299,1.0,0.140625,199.765625
5192,-24.179458646728833,0.005795668131023105,1.0,0.03125,199.796875
5193,-24.17945866304921,0.005758115500402327,1.0,0.015625,199.8125
5194,-24.179458680330935,0.005782820951294665,1.0,0.015625,199.828125
5195,-24.179458697256354,0.005796593248391257,1.0,0.078125,199.90625
5196,-24.179458721904563,0.005813767112840474,1.0,0.015625,199.921875
5197,-24.17945874292867,0.00581116329518811,1.0,0.0,199.921875
5198,-24.179458754067394,0.005825136637479569,1.0,0.015625,199.9375
5199,-24.17945877417353,0.005750204459814543,1.0,0.09375,200.03125
5200,-24.179458792859275,0.005718323718349457,1.0,0.015625,200.046875
5201,-24.179458809116873,0.0057389136574453,1.0,0.015625,200.0625
5202,-24.179458824510657,0.00568395835895796,1.0,0.015625,200.078125
5203,-24.179458844829917,0.00571349290477832,1.0,0.140625,200.21875
5204,-24.179458869900582,0.005699957675309327,1.0,0.015625,200.234375
5205,-24.179458890876024,0.005711753221232001,1.0,0.015625,200.25
5206,-24.179458911674377,0.005732013805421469,1.0,0.015625,200.265625
5207,-24.17945892942801,0.005721745377549671,1.0,0.046875,200.3125
5208,-24.179458945493927,0.005717190312809034,1.0,0.015625,200.328125
5209,-24.179458967759327,0.005698775249482328,1.0,0.015625,200.34375
5210,-24.17945898595214,0.005687305619916794,1.0,0.078125,200.421875
5211,-24.179459000691573,0.005673169766900687,1.0,0.015625,200.4375
5212,-24.179459017876983,0.005673453308626825,1.0,0.015625,200.453125
5213,-24.179459029959474,0.005649134762590811,1.0,0.015625,200.46875
5214,-24.17945904467127,0.005648135187181693,1.0,0.140625,200.609375
5215,-24.179459061714372,0.005628529253480513,1.0,0.015625,200.625
5216,-24.179459077771888,0.005635635758873885,1.0,0.015625,200.640625
5217,-24.179459093520695,0.005625362096294998,1.0,0.015625,200.65625
5218,-24.179459110681922,0.005612016873730908,1.0,0.140625,200.796875
5219,-24.179459126085575,0.005573856619257,1.0,0.015625,200.8125
5220,-24.179459149821845,0.005553125625482816,1.0,0.015625,200.828125
5221,-24.179459167195784,0.005564549311053414,1.0,0.140625,200.96875
5222,-24.17945918234695,0.00557402321953942,1.0,0.03125,201.0
5223,-24.17945919714848,0.005583660683358758,1.0,0.015625,201.015625
5224,-24.179459213927725,0.005559736622323761,1.0,0.015625,201.03125
5225,-24.179459224711547,0.005561829710953538,1.0,0.140625,201.171875
5226,-24.179459239935095,0.005575577308265138,1.0,0.0,201.171875
5227,-24.179459254606762,0.005573323458229106,1.0,0.015625,201.1875
5228,-24.179459268652664,0.005582132548856307,1.0,0.015625,201.203125
5229,-24.17945928743867,0.005532238788279555,1.0,0.140625,201.34375
5230,-24.17945929889225,0.005509379342841637,1.0,0.0,201.34375
5231,-24.179459309451993,0.005519774942806036,1.0,0.015625,201.359375
5232,-24.179459328024503,0.005526375208681563,1.0,0.140625,201.5
5233,-24.179459342916513,0.005521084294735421,1.0,0.0,201.5
5234,-24.179459360537074,0.005507419897078358,1.0,0.015625,201.515625
5235,-24.179459376529024,0.005545258913719356,1.0,0.015625,201.53125
5236,-24.179459394074655,0.0055329938663023,1.0,0.03125,201.5625
5237,-24.17945940835899,0.0055633961804497055,1.0,0.015625,201.578125
5238,-24.179459422573586,0.005548463422586555,1.0,0.015625,201.59375
5239,-24.179459438828953,0.005544904380974136,1.0,0.140625,201.734375
5240,-24.179459455601073,0.005517001101974552,1.0,0.015625,201.75
5241,-24.179459474888034,0.005468358662924442,1.0,0.015625,201.765625
5242,-24.17945949084437,0.005442915468537004,1.0,0.015625,201.78125
5243,-24.17945950614708,0.005439027735644297,1.0,0.015625,201.796875
5244,-24.179459524043153,0.005471206065754276,1.0,0.125,201.921875
5245,-24.179459544415277,0.005452169307082531,1.0,0.015625,201.9375
5246,-24.179459561991663,0.0054209424658412594,1.0,0.015625,201.953125
5247,-24.179459573986637,0.005456877160866092,1.0,0.0625,202.015625
5248,-24.179459585707622,0.005460256279725867,1.0,0.0,202.015625
5249,-24.179459598500372,0.0054463580074695945,1.0,0.015625,202.03125
5250,-24.179459610854472,0.005446101703848924,1.0,0.140625,202.171875
5251,-24.17945962902886,0.005440782560928587,1.0,0.0,202.171875
5252,-24.17945964443778,0.005472321199187585,1.0,0.015625,202.1875
5253,-24.17945965754947,0.005472227086296544,1.0,0.015625,202.203125
5254,-24.179459672832966,0.005446981691825304,1.0,0.03125,202.234375
5255,-24.179459685078506,0.005457303795105435,1.0,0.0,202.234375
5256,-24.17945969986971,0.005478081963871923,1.0,0.015625,202.25
5257,-24.179459712670308,0.005468463112403497,1.0,0.109375,202.359375
5258,-24.179459727742934,0.0054603356416036515,1.0,0.015625,202.375
5259,-24.17945975022587,0.005478975337516118,1.0,0.015625,202.390625
5260,-24.17945976542137,0.005515772329849801,1.0,0.015625,202.40625
5261,-24.179459781363327,0.005527240855994566,1.0,0.140625,202.546875
5262,-24.179459800482892,0.005487593714103801,1.0,0.0,202.546875
5263,-24.179459819734912,0.005476723528847036,1.0,0.015625,202.5625
5264,-24.179459831302555,0.005476619800843019,1.0,0.015625,202.578125
5265,-24.179459846515677,0.005445088868343795,1.0,0.03125,202.609375
5266,-24.179459862688006,0.005386814110546165,1.0,0.015625,202.625
5267,-24.179459875786034,0.005352671769822045,1.0,0.015625,202.640625
5268,-24.179459892804676,0.005278169840776567,1.0,0.015625,202.65625
5269,-24.179459904704355,0.0052514292721597185,1.0,0.125,202.78125
5270,-24.179459923279616,0.005199296176538118,1.0,0.015625,202.796875
5271,-24.179459945351812,0.005165011191447542,1.0,0.015625,202.8125
5272,-24.179459956460157,0.005187650031689289,1.0,0.015625,202.828125
5273,-24.179459974169724,0.005256218047518806,1.0,0.078125,202.90625
5274,-24.17945998746603,0.0052227893684661875,1.0,0.0,202.90625
5275,-24.179460001087353,0.005211831793538474,1.0,0.015625,202.921875
5276,-24.179460013059437,0.00521355608831217,1.0,0.046875,202.96875
5277,-24.179460023757077,0.00519287833825733,1.0,0.015625,202.984375
5278,-24.179460038658927,0.0051494784539584315,1.0,0.015625,203.0
5279,-24.17946005111477,0.0051825940450834955,1.0,0.140625,203.140625
5280,-24.17946006331579,0.0051560323409550616,1.0,0.0,203.140625
5281,-24.1794600725891,0.005138221105287777,1.0,0.015625,203.15625
5282,-24.17946008799511,0.005156014786391305,1.0,0.03125,203.1875
5283,-24.179460098915968,0.005122353168493924,1.0,0.0,203.1875
5284,-24.17946011422469,0.00513328484271264,1.0,0.015625,203.203125
5285,-24.179460128219766,0.005161749025946439,1.0,0.09375,203.296875
5286,-24.179460143283176,0.00514108722443202,1.0,0.015625,203.3125
5287,-24.17946015731841,0.005148893136458117,1.0,0.015625,203.328125
5288,-24.179460173874876,0.005159930611082622,1.0,0.015625,203.34375
5289,-24.179460186824315,0.005100858445167785,1.0,0.140625,203.484375
5290,-24.179460201633898,0.005084760354638836,1.0,0.0,203.484375
5291,-24.179460216263834,0.005080460573980581,1.0,0.015625,203.5
5292,-24.179460225685364,0.005072766646695254,1.0,0.140625,203.640625
5293,-24.179460237351435,0.005079664992552843,1.0,0.015625,203.65625
5294,-24.179460255616764,0.005078704882175038,1.0,0.015625,203.671875
5295,-24.179460273211,0.005076184271465386,1.0,0.015625,203.6875
5296,-24.179460288145663,0.00509558749436642,1.0,0.015625,203.703125
5297,-24.179460302597125,0.005098009560211902,1.0,0.125,203.828125
5298,-24.179460313895373,0.0050550277603524365,1.0,0.015625,203.84375
5299,-24.179460323841948,0.005043502752798583,1.0,0.015625,203.859375
5300,-24.179460338401956,0.005070858026807837,1.0,0.140625,204.0
5301,-24.17946034794194,0.0050924988211380464,1.0,0.03125,204.03125
5302,-24.17946036767958,0.005068518308865687,1.0,0.015625,204.046875
5303,-24.179460377424384,0.005029779526900925,1.0,0.015625,204.0625
5304,-24.17946038952457,0.00500914625527178,1.0,0.0625,204.125
5305,-24.17946040569576,0.005042899331148315,1.0,0.0,204.125
5306,-24.179460422809907,0.005028719724830014,1.0,0.015625,204.140625
5307,-24.17946043094531,0.005004672108890106,1.0,0.09375,204.234375
5308,-24.17946044166227,0.004960663060792505,1.0,0.015625,204.25
5309,-24.179460453653167,0.004973912733544185,1.0,0.0,204.25
5310,-24.179460465823283,0.004955555091591896,1.0,0.015625,204.265625
5311,-24.17946047552383,0.004991183769876721,1.0,0.015625,204.28125
5312,-24.179460487668738,0.004974946850210976,1.0,0.03125,204.3125
5313,-24.179460498945687,0.004978050541383434,1.0,0.03125,204.34375
5314,-24.179460509523707,0.004963085614120821,1.0,0.015625,204.359375
5315,-24.17946051654305,0.004974959630035736,1.0,0.015625,204.375
5316,-24.17946052780569,0.004922690113647805,1.0,0.078125,204.453125
5317,-24.179460540298432,0.0049447352440754435,1.0,0.03125,204.484375
5318,-24.179460553362244,0.005004485411971729,1.0,0.015625,204.5
5319,-24.17946056820887,0.00500899239089603,1.0,0.015625,204.515625
5320,-24.17946058313361,0.005011710864284872,1.0,0.125,204.640625
5321,-24.179460595178327,0.005020002965071005,1.0,0.015625,204.65625
5322,-24.179460608037495,0.005017892521957867,1.0,0.015625,204.671875
5323,-24.179460617630642,0.005022597706706148,1.0,0.03125,204.703125
5324,-24.179460631958786,0.004990763901481665,1.0,0.015625,204.71875
5325,-24.17946064642902,0.004954449802844856,1.0,0.015625,204.734375
5326,-24.17946066201976,0.004943764127640592,1.0,0.03125,204.765625
5327,-24.179460671781516,0.004960701364510628,1.0,0.015625,204.78125
5328,-24.179460687652938,0.004978792586091456,1.0,0.015625,204.796875
5329,-24.179460702738705,0.005014004431054623,1.0,0.140625,204.9375
5330,-24.17946071638782,0.005031024830917963,1.0,0.015625,204.953125
5331,-24.17946072904221,0.0049957310982430185,1.0,0.03125,204.984375
5332,-24.17946073646186,0.005002386791357978,1.0,0.015625,205.0
5333,-24.17946074597725,0.004994941596002164,1.0,0.046875,205.046875
5334,-24.179460759639746,0.004939471655130247,1.0,0.015625,205.0625
5335,-24.17946077123592,0.0049152950700324955,1.0,0.125,205.1875
5336,-24.179460781974583,0.004906193794218095,1.0,0.015625,205.203125
5337,-24.17946079595003,0.00491274193733808,1.0,0.046875,205.25
5338,-24.17946081066718,0.004927271593923241,1.0,0.03125,205.28125
5339,-24.17946081864933,0.004917601905192383,1.0,0.015625,205.296875
5340,-24.1794608301647,0.004922729515120465,1.0,0.109375,205.40625
5341,-24.17946084236728,0.004901612912698112,1.0,0.015625,205.421875
5342,-24.17946085597335,0.004874758670056364,1.0,0.140625,205.5625
5343,-24.17946086564275,0.004887367142088337,1.0,0.015625,205.578125
5344,-24.179460874851408,0.004893938349338058,1.0,0.015625,205.59375
5345,-24.17946088706618,0.004858090302387826,1.0,0.078125,205.671875
5346,-24.179460897936856,0.004830029188279157,1.0,0.015625,205.6875
5347,-24.17946090865679,0.004807094524762239,1.0,0.015625,205.703125
5348,-24.179460919391538,0.004774254154177418,1.0,0.125,205.828125
5349,-24.17946092927836,0.004751456029181175,1.0,0.015625,205.84375
5350,-24.17946093825351,0.004791419497574504,1.0,0.015625,205.859375
5351,-24.179460952421255,0.004784040638867136,1.0,0.015625,205.875
5352,-24.179460966050176,0.004826467590176255,1.0,0.03125,205.90625
5353,-24.179460976231326,0.004845024054271559,1.0,0.015625,205.921875
5354,-24.17946098774654,0.004812324082856891,1.0,0.015625,205.9375
5355,-24.179460997636824,0.004832774216895261,1.0,0.125,206.0625
5356,-24.17946101012166,0.004857746739584697,1.0,0.015625,206.078125
5357,-24.179461019386572,0.004835180809474163,1.0,0.0625,206.140625
5358,-24.17946103022786,0.004814035516360938,1.0,0.015625,206.15625
5359,-24.179461042625782,0.004810880018740847,1.0,0.015625,206.171875
5360,-24.17946105856412,0.0048725376781396604,1.0,0.015625,206.1875
5361,-24.179461069850817,0.004847925318033079,1.0,0.046875,206.234375
5362,-24.179461081245098,0.004837797046982332,1.0,0.015625,206.25
5363,-24.17946109161202,0.004844478234586027,1.0,0.015625,206.265625
5364,-24.179461107175296,0.004850474263880892,1.0,0.140625,206.40625
5365,-24.17946111914538,0.004853085092432778,1.0,0.0,206.40625
5366,-24.17946113373485,0.00482893792143149,1.0,0.015625,206.421875
5367,-24.179461142646446,0.004823051774156823,1.0,0.015625,206.4375
5368,-24.179461152908917,0.004835240157355809,1.0,0.03125,206.46875
5369,-24.17946116787405,0.004824766235355359,1.0,0.015625,206.484375
5370,-24.179461181029517,0.004810059984710004,1.0,0.015625,206.5
5371,-24.17946119440215,0.004835159626570058,1.0,0.015625,206.515625
5372,-24.179461205966085,0.004823098445406082,1.0,0.03125,206.546875
5373,-24.179461217784787,0.004797519700649654,1.0,0.015625,206.5625
5374,-24.17946122792177,0.0047972454264290695,1.0,0.015625,206.578125
5375,-24.17946123791997,0.0048155301361771765,1.0,0.03125,206.609375
5376,-24.17946124653554,0.004794113543923454,1.0,0.015625,206.625
5377,-24.179461254269082,0.00480522892554113,1.0,0.015625,206.640625
5378,-24.179461267424152,0.00478607770636123,1.0,0.015625,206.65625
5379,-24.179461274516978,0.004778769507673451,1.0,0.140625,206.796875
5380,-24.17946128570558,0.004796939515316355,1.0,0.015625,206.8125
5381,-24.17946129776961,0.004773001066885351,1.0,0.015625,206.828125
5382,-24.1794613132349,0.004770453104857853,1.0,0.015625,206.84375
5383,-24.179461323596243,0.004784538850080319,1.0,0.03125,206.875
5384,-24.179461335864012,0.004753099882573376,1.0,0.015625,206.890625
5385,-24.179461345347065,0.004746288849750429,1.0,0.015625,206.90625
5386,-24.179461355617647,0.004735361546111167,1.0,0.015625,206.921875
5387,-24.179461368208848,0.004724932270414155,1.0,0.046875,206.96875
5388,-24.179461378380942,0.004763170813045879,1.0,0.015625,206.984375
5389,-24.17946139396388,0.0047042478859984265,1.0,0.015625,207.0
5390,-24.17946140604093,0.004666517572032049,1.0,0.015625,207.015625
5391,-24.17946141618298,0.004680907566085763,1.0,0.015625,207.03125
5392,-24.179461430382354,0.00475421463433924,1.0,0.03125,207.0625
5393,-24.17946144267012,0.00473531154245863,1.0,0.015625,207.078125
5394,-24.17946145216968,0.004723448720735533,1.0,0.015625,207.09375
5395,-24.179461462549487,0.004756945120684245,1.0,0.015625,207.109375
5396,-24.17946146932868,0.00474132084495233,1.0,0.015625,207.125
5397,-24.179461480945537,0.004712918907376803,1.0,0.140625,207.265625
5398,-24.179461491161682,0.004705844393804983,1.0,0.0,207.265625
5399,-24.179461501453297,0.004666379421160984,1.0,0.015625,207.28125
5400,-24.17946151399671,0.0046288401262053165,1.0,0.015625,207.296875
5401,-24.17946152708281,0.004622171175219296,1.0,0.078125,207.375
5402,-24.179461537027674,0.0045781425753624325,1.0,0.015625,207.390625
5403,-24.179461545188563,0.004603243791223511,1.0,0.015625,207.40625
5404,-24.179461553161392,0.004611610816594184,1.0,0.109375,207.515625
5405,-24.17946156290373,0.004569813072666994,1.0,0.015625,207.53125
5406,-24.179461573204804,0.004580405893549506,1.0,0.015625,207.546875
5407,-24.179461583630896,0.0045667621381542374,1.0,0.015625,207.5625
5408,-24.17946159052497,0.004592864376342032,1.0,0.0625,207.625
5409,-24.17946160418233,0.0045857468258746325,1.0,0.015625,207.640625
5410,-24.179461614468313,0.004584248289276721,1.0,0.015625,207.65625
5411,-24.179461627944836,0.004597509790546302,1.0,0.015625,207.671875
5412,-24.1794616375142,0.004606381255515041,1.0,0.09375,207.765625
5413,-24.179461648191722,0.004620241270773333,1.0,0.015625,207.78125
5414,-24.1794616555897,0.004627992289985329,1.0,0.015625,207.796875
5415,-24.179461665641732,0.004635406579682013,1.0,0.015625,207.8125
5416,-24.1794616737524,0.004613492974462559,1.0,0.015625,207.828125
5417,-24.17946168480169,0.004600275281213454,1.0,0.078125,207.90625
5418,-24.179461694038437,0.004570719243194239,1.0,0.015625,207.921875
5419,-24.1794617060152,0.00460051523591707,1.0,0.015625,207.9375
5420,-24.17946171738724,0.004541529326130094,1.0,0.03125,207.96875
5421,-24.179461724863273,0.004529393274392559,1.0,0.015625,207.984375
5422,-24.179461736422013,0.004508559696105089,1.0,0.015625,208.0
5423,-24.179461750571285,0.004447588777276422,1.0,0.015625,208.015625
5424,-24.179461760077174,0.004427232741706074,1.0,0.03125,208.046875
5425,-24.179461771113196,0.004438399359056861,1.0,0.015625,208.0625
5426,-24.179461781022752,0.004407081257304806,1.0,0.015625,208.078125
5427,-24.179461794389738,0.0043880775695472295,1.0,0.140625,208.21875
5428,-24.179461804749145,0.004348001700144205,1.0,0.03125,208.25
5429,-24.179461812422655,0.00434792913953177,1.0,0.015625,208.265625
5430,-24.179461821334105,0.0043650192662195095,1.0,0.015625,208.28125
5431,-24.179461832869357,0.004373032562921878,1.0,0.03125,208.3125
5432,-24.179461841834293,0.004389223838790975,1.0,0.015625,208.328125
5433,-24.17946185491052,0.004372857789422854,1.0,0.015625,208.34375
5434,-24.17946186184955,0.004386226917421336,1.0,0.03125,208.375
5435,-24.179461872124193,0.0043581441279829675,1.0,0.015625,208.390625
5436,-24.17946188157954,0.004379509441590822,1.0,0.015625,208.40625
5437,-24.179461890499205,0.004394775939842305,1.0,0.03125,208.4375
5438,-24.179461902615746,0.004374851204422645,1.0,0.0,208.4375
5439,-24.179461910696592,0.00437292309739613,1.0,0.015625,208.453125
5440,-24.179461919006087,0.004349700439763624,1.0,0.015625,208.46875
5441,-24.17946192790955,0.004373759497506838,1.0,0.140625,208.609375
5442,-24.179461937660783,0.004371401766870662,1.0,0.015625,208.625
5443,-24.179461946440334,0.004384614908682194,1.0,0.015625,208.640625
5444,-24.179461956805202,0.004355548540496035,1.0,0.015625,208.65625
5445,-24.179461967809146,0.004310056460791562,1.0,0.03125,208.6875
5446,-24.179461979750457,0.004257346791922235,1.0,0.015625,208.703125
5447,-24.179461984433786,0.0042440638668194645,1.0,0.015625,208.71875
5448,-24.179461994257117,0.0042647988071175405,1.0,0.015625,208.734375
5449,-24.17946200420031,0.004244480806959356,1.0,0.03125,208.765625
5450,-24.179462013034296,0.004277240259623826,1.0,0.0,208.765625
5451,-24.179462021663266,0.004285372647641954,1.0,0.015625,208.78125
5452,-24.17946202967588,0.004317042611143813,1.0,0.0625,208.84375
5453,-24.179462036242754,0.004329303762950051,1.0,0.015625,208.859375
5454,-24.179462047011384,0.004320644319236556,1.0,0.015625,208.875
5455,-24.17946205880334,0.004312359942894553,1.0,0.015625,208.890625
5456,-24.179462067542424,0.004293746447405493,1.0,0.03125,208.921875
5457,-24.179462078264613,0.004280037779994695,1.0,0.0,208.921875
5458,-24.179462087873393,0.004243056766594618,1.0,0.015625,208.9375
5459,-24.17946209480378,0.004208101237226204,1.0,0.140625,209.078125
5460,-24.179462104578413,0.004250357568426629,1.0,0.015625,209.09375
5461,-24.17946211269163,0.0042595699332230825,1.0,0.015625,209.109375
5462,-24.17946211881397,0.004257586539939863,1.0,0.015625,209.125
5463,-24.179462130682804,0.004265457266047785,1.0,0.109375,209.234375
5464,-24.1794621380655,0.004258400417942072,1.0,0.015625,209.25
5465,-24.179462151877413,0.004277936207555777,1.0,0.015625,209.265625
5466,-24.1794621592022,0.004273505324294753,1.0,0.03125,209.296875
5467,-24.179462167738443,0.00427067576465458,1.0,0.015625,209.3125
5468,-24.179462176080584,0.004274218527711113,1.0,0.015625,209.328125
5469,-24.17946218420295,0.004265077271520337,1.0,0.09375,209.421875
5470,-24.17946219332087,0.004264099039002755,1.0,0.0,209.421875
5471,-24.17946220189956,0.004263190451368028,1.0,0.015625,209.4375
5472,-24.1794622091491,0.004254189414260853,1.0,0.015625,209.453125
5473,-24.17946221850925,0.004226777767334024,1.0,0.125,209.578125
5474,-24.179462228037792,0.004226934657156484,1.0,0.015625,209.59375
5475,-24.179462237491183,0.004206455995525568,1.0,0.015625,209.609375
5476,-24.1794622447779,0.0042105404029710875,1.0,0.015625,209.625
5477,-24.179462254214556,0.004175190688437292,1.0,0.09375,209.71875
5478,-24.179462262151404,0.004148023503102714,1.0,0.015625,209.734375
5479,-24.179462271400908,0.004115201929838293,1.0,0.015625,209.75
5480,-24.17946228097558,0.004126245983397611,1.0,0.015625,209.765625
5481,-24.179462287780144,0.0040964687528119974,1.0,0.015625,209.78125
5482,-24.179462297441834,0.004072111779052528,1.0,0.03125,209.8125
5483,-24.17946230545288,0.004096197662726444,1.0,0.015625,209.828125
5484,-24.179462314319228,0.004090320255388759,1.0,0.015625,209.84375
5485,-24.179462322675572,0.004094983311936101,1.0,0.015625,209.859375
5486,-24.179462329904148,0.004111176596893044,1.0,0.140625,210.0
5487,-24.17946233895743,0.004131985645888325,1.0,0.015625,210.015625
5488,-24.179462351209164,0.004119656422099129,1.0,0.015625,210.03125
5489,-24.179462361293528,0.004130399444021954,1.0,0.109375,210.140625
5490,-24.179462369693056,0.0041227092847184255,1.0,0.015625,210.15625
5491,-24.179462378925138,0.004139294373475946,1.0,0.015625,210.171875
5492,-24.179462387212872,0.00412819919973554,1.0,0.015625,210.1875
5493,-24.179462398491548,0.004135035760190946,1.0,0.125,210.3125
5494,-24.179462407623017,0.004101014134453516,1.0,0.046875,210.359375
5495,-24.179462415944908,0.00407816876363509,1.0,0.015625,210.375
5496,-24.179462422856634,0.004047782305580926,1.0,0.015625,210.390625
5497,-24.179462429968442,0.004078374873921112,1.0,0.015625,210.40625
5498,-24.17946243452092,0.004064757903928328,1.0,0.03125,210.4375
5499,-24.179462442865532,0.004073590498773518,1.0,0.015625,210.453125
5500,-24.179462451608483,0.004110680246311542,1.0,0.015625,210.46875
5501,-24.179462459866617,0.004117911704572972,1.0,0.03125,210.5
5502,-24.179462468112675,0.00409797052304566,1.0,0.015625,210.515625
5503,-24.17946247530456,0.004100522096863074,1.0,0.015625,210.53125
5504,-24.179462483915945,0.004126820306131654,1.0,0.125,210.65625
5505,-24.17946249136627,0.00413453650674315,1.0,0.015625,210.671875
5506,-24.17946249858669,0.004082689039927766,1.0,0.015625,210.6875
5507,-24.179462505536943,0.004070576781028394,1.0,0.046875,210.734375
5508,-24.179462511490886,0.004087353304874043,1.0,0.015625,210.75
5509,-24.179462515942998,0.004082230606101737,1.0,0.015625,210.765625
5510,-24.17946252466209,0.0040785617841490275,1.0,0.015625,210.78125
5511,-24.179462532168664,0.004037743559884925,1.0,0.0625,210.84375
5512,-24.179462542214786,0.004027717847214174,1.0,0.015625,210.859375
5513,-24.17946254892744,0.004006887554122596,1.0,0.015625,210.875
5514,-24.17946255727506,0.004035036996558263,1.0,0.015625,210.890625
5515,-24.179462562759944,0.004037064090836793,1.0,0.015625,210.90625
5516,-24.17946256881314,0.004029173834887422,1.0,0.0,210.90625
5517,-24.179462574919302,0.004030283750379141,1.0,0.015625,210.921875
5518,-24.179462579718933,0.0040215735571851804,1.0,0.140625,211.0625
5519,-24.17946259156893,0.004058169445187011,1.0,0.0,211.0625
5520,-24.179462602372844,0.004029719641223324,1.0,0.015625,211.078125
5521,-24.179462609869677,0.0040483429476530245,1.0,0.015625,211.09375
5522,-24.179462618693144,0.004058431279040559,1.0,0.03125,211.125
5523,-24.17946262591739,0.004054385933440834,1.0,0.015625,211.140625
5524,-24.179462633715165,0.0040451659717856865,1.0,0.015625,211.15625
5525,-24.17946264069411,0.004036183511867009,1.0,0.03125,211.1875
5526,-24.17946264842573,0.004043396887176716,1.0,0.015625,211.203125
5527,-24.179462655332795,0.004034999406443471,1.0,0.015625,211.21875
5528,-24.17946266101018,0.004029783889134095,1.0,0.140625,211.359375
5529,-24.179462669239573,0.004013641917490105,1.0,0.03125,211.390625
5530,-24.179462678633094,0.00399141622523521,1.0,0.015625,211.40625
5531,-24.179462689189464,0.003972855198214296,1.0,0.0,211.40625
5532,-24.179462697325725,0.0039940758915357226,1.0,0.140625,211.546875
5533,-24.179462705817684,0.003994035997108516,1.0,0.015625,211.5625
5534,-24.179462712984037,0.003983311219457765,1.0,0.015625,211.578125
5535,-24.179462721578854,0.003976006841057689,1.0,0.140625,211.71875
5536,-24.179462731137896,0.004039814583601611,1.0,0.03125,211.75
5537,-24.17946273832679,0.004050450111224471,1.0,0.015625,211.765625
5538,-24.179462748473295,0.004019786492253198,1.0,0.015625,211.78125
5539,-24.179462759458996,0.004004024897052843,1.0,0.125,211.90625
5540,-24.179462764859657,0.004011658492383877,1.0,0.015625,211.921875
5541,-24.179462771065612,0.003981223299901287,1.0,0.015625,211.9375
5542,-24.17946278211868,0.003991846539503238,1.0,0.015625,211.953125
5543,-24.179462789524237,0.003994074745041512,1.0,0.03125,211.984375
5544,-24.179462797337553,0.003974125689923068,1.0,0.015625,212.0
5545,-24.17946280452815,0.003988583113896052,1.0,0.015625,212.015625
5546,-24.179462810280842,0.003979033321281225,1.0,0.015625,212.03125
5547,-24.179462818555876,0.003984127840426225,1.0,0.015625,212.046875
5548,-24.179462824359902,0.003995662588583565,1.0,0.125,212.171875
5549,-24.17946283576129,0.003932908271458458,1.0,0.015625,212.1875
5550,-24.17946284152982,0.003938934614114665,1.0,0.0,212.1875
5551,-24.179462850283514,0.003949538005529519,1.0,0.015625,212.203125
5552,-24.179462856352803,0.0039488909013994005,1.0,0.015625,212.21875
5553,-24.179462861723078,0.003939331252588074,1.0,0.140625,212.359375
5554,-24.179462868545595,0.00394590325145264,1.0,0.015625,212.375
5555,-24.179462878110126,0.003960409099919713,1.0,0.015625,212.390625
5556,-24.179462882520344,0.003957611392628916,1.0,0.015625,212.40625
5557,-24.179462894237705,0.003927568577138854,1.0,0.140625,212.546875
5558,-24.179462899786493,0.0038906432054126006,1.0,0.015625,212.5625
5559,-24.17946290765713,0.003887304859093086,1.0,0.015625,212.578125
5560,-24.1794629131683,0.0038893207719158935,1.0,0.015625,212.59375
5561,-24.17946291980612,0.003913273804521148,1.0,0.140625,212.734375
5562,-24.179462931044682,0.003871063804783191,1.0,0.0,212.734375
5563,-24.179462938195293,0.0038977402646455045,1.0,0.015625,212.75
5564,-24.179462945922822,0.0038867880616347216,1.0,0.015625,212.765625
5565,-24.179462952415125,0.0038848247901115225,1.0,0.03125,212.796875
5566,-24.179462959308594,0.003886555206561083,1.0,0.0,212.796875
5567,-24.179462968783966,0.0039017566536355074,1.0,0.015625,212.8125
5568,-24.179462974484878,0.0038872488656841904,1.0,0.015625,212.828125
5569,-24.179462982933146,0.0038810297194754057,1.0,0.140625,212.96875
5570,-24.17946299126287,0.003882771251898064,1.0,0.015625,212.984375
5571,-24.179462998703134,0.003861722466737861,1.0,0.015625,213.0
5572,-24.179463009298804,0.0038425616589226803,1.0,0.015625,213.015625
5573,-24.179463017539064,0.0038611264825097564,1.0,0.03125,213.046875
5574,-24.17946302791215,0.0038351597604732125,1.0,0.015625,213.0625
5575,-24.179463036263705,0.0038410466507575545,1.0,0.015625,213.078125
5576,-24.17946304421068,0.0038246667958382876,1.0,0.140625,213.21875
5577,-24.17946304949919,0.003807299289697816,1.0,0.015625,213.234375
5578,-24.17946305391871,0.0038181470637151647,1.0,0.015625,213.25
5579,-24.17946306101982,0.0038038109723776783,1.0,0.015625,213.265625
5580,-24.17946306707402,0.0037986132175068096,1.0,0.140625,213.40625
5581,-24.17946307456125,0.0038068612070597343,1.0,0.0,213.40625
5582,-24.179463079522524,0.003803035261945266,1.0,0.015625,213.421875
5583,-24.17946308554433,0.003815801394316517,1.0,0.015625,213.4375
5584,-24.17946309240453,0.0037867974197498574,1.0,0.015625,213.453125
5585,-24.17946309889766,0.0037479282941846833,1.0,0.015625,213.46875
5586,-24.179463105377067,0.0037246251856954435,1.0,0.015625,213.484375
5587,-24.179463113138958,0.0037101844872533462,1.0,0.109375,213.59375
5588,-24.179463119102092,0.0037131536539070655,1.0,0.015625,213.609375
5589,-24.17946312666783,0.0036993528160110703,1.0,0.015625,213.625
5590,-24.179463132350556,0.0036967778277950695,1.0,0.140625,213.765625
5591,-24.179463141266407,0.003693898331666286,1.0,0.0,213.765625
5592,-24.17946314981208,0.0036767959693084816,1.0,0.015625,213.78125
5593,-24.179463157272664,0.0037032718383099056,1.0,0.140625,213.921875
5594,-24.17946316308348,0.0036906913904139493,1.0,0.015625,213.9375
5595,-24.17946316955267,0.0036788737764204818,1.0,0.0,213.9375
5596,-24.179463175305422,0.0036857173867675696,1.0,0.015625,213.953125
5597,-24.179463179977958,0.00369526692153857,1.0,0.09375,214.046875
5598,-24.179463187225036,0.003702012999351417,1.0,0.015625,214.0625
5599,-24.179463193694033,0.0036996202196488462,1.0,0.015625,214.078125
5600,-24.179463200532485,0.003717900056734314,1.0,0.015625,214.09375
5601,-24.179463205299722,0.0037205485043823793,1.0,0.09375,214.1875
5602,-24.17946321280063,0.003704776194159289,1.0,0.0,214.1875
5603,-24.179463219044067,0.0036870131485261717,1.0,0.015625,214.203125
5604,-24.17946322496938,0.003669905577134316,1.0,0.140625,214.34375
5605,-24.17946323593097,0.00365107299568272,1.0,0.0,214.34375
5606,-24.179463242327117,0.0036542927025528353,1.0,0.015625,214.359375
5607,-24.179463249758452,0.0036322569282580416,1.0,0.015625,214.375
5608,-24.179463254721217,0.003623034984188155,1.0,0.0625,214.4375
5609,-24.17946326165308,0.0036216252544921945,1.0,0.0,214.4375
5610,-24.179463267913675,0.003634737497667882,1.0,0.015625,214.453125
5611,-24.17946327332824,0.003628698256912736,1.0,0.03125,214.484375
5612,-24.179463279401546,0.0036233228942086854,1.0,0.015625,214.5
5613,-24.17946328579389,0.003634078399660299,1.0,0.015625,214.515625
5614,-24.179463290996566,0.00363188955864653,1.0,0.140625,214.65625
5615,-24.17946329624726,0.0036311058547973656,1.0,0.0,214.65625
5616,-24.179463302150733,0.003594688822187702,1.0,0.015625,214.671875
5617,-24.17946331142314,0.003593925995046888,1.0,0.015625,214.6875
5618,-24.179463318213077,0.003584790735919919,1.0,0.03125,214.71875
5619,-24.17946332375798,0.0035941384875889533,1.0,0.0,214.71875
5620,-24.179463330786014,0.0036013869584561723,1.0,0.015625,214.734375
5621,-24.179463337875408,0.003593880976127191,1.0,0.0625,214.796875
5622,-24.179463344754435,0.003554507340157466,1.0,0.046875,214.84375
5623,-24.179463349660885,0.0035299487049437685,1.0,0.015625,214.859375
5624,-24.179463355938232,0.0035418456195315923,1.0,0.015625,214.875
5625,-24.17946336099879,0.003530993428517865,1.0,0.03125,214.90625
5626,-24.179463369464454,0.003518455015908316,1.0,0.0,214.90625
5627,-24.179463377508128,0.003521340255730244,1.0,0.015625,214.921875
5628,-24.179463383014312,0.0035230138657502846,1.0,0.125,215.046875
5629,-24.179463391045203,0.0035046999317086126,1.0,0.046875,215.09375
5630,-24.179463396723452,0.0035109380226774354,1.0,0.015625,215.109375
5631,-24.179463402437207,0.0035017024916661876,1.0,0.015625,215.125
5632,-24.179463408867957,0.0035366437889635884,1.0,0.015625,215.140625
5633,-24.17946341466982,0.0035516440369973866,1.0,0.03125,215.171875
5634,-24.179463421697754,0.0035115735862311214,1.0,0.015625,215.1875
5635,-24.179463427244933,0.0035326845730978677,1.0,0.015625,215.203125
5636,-24.17946343240769,0.0035549594620983174,1.0,0.078125,215.28125
5637,-24.179463439014523,0.0035745230158805174,1.0,0.015625,215.296875
5638,-24.17946344617751,0.00357438189536882,1.0,0.015625,215.3125
5639,-24.1794634505779,0.0035887485717702996,1.0,0.015625,215.328125
5640,-24.179463456703054,0.0035977016251440177,1.0,0.015625,215.34375
5641,-24.17946346221014,0.0036257466224270227,1.0,0.03125,215.375
5642,-24.17946346840112,0.003618188961680537,1.0,0.015625,215.390625
5643,-24.17946347495595,0.0035912490419270035,1.0,0.015625,215.40625
5644,-24.179463481897248,0.003578043931007576,1.0,0.140625,215.546875
5645,-24.17946348791778,0.003587898684787142,1.0,0.03125,215.578125
5646,-24.179463493493035,0.0035776263700657155,1.0,0.015625,215.59375
5647,-24.17946349831729,0.0035529697922636197,1.0,0.015625,215.609375
5648,-24.17946350291442,0.0035594377299094254,1.0,0.078125,215.6875
5649,-24.17946351141266,0.003599010224654165,1.0,0.015625,215.703125
5650,-24.17946351724873,0.003566180557253458,1.0,0.015625,215.71875
5651,-24.17946352248057,0.0035872189002945187,1.0,0.015625,215.734375
5652,-24.17946352810037,0.0036148360307191145,1.0,0.015625,215.75
5653,-24.179463534317286,0.003583850666213477,1.0,0.03125,215.78125
5654,-24.17946354150968,0.003557940527659186,1.0,0.015625,215.796875
5655,-24.179463546934425,0.0035600662891396052,1.0,0.0,215.796875
5656,-24.179463553944977,0.0035744328882593057,1.0,0.015625,215.8125
5657,-24.179463559586193,0.0035775075701555857,1.0,0.015625,215.828125
5658,-24.17946356719525,0.0035887433415202927,1.0,0.109375,215.9375
5659,-24.17946357467405,0.0035625400893010526,1.0,0.015625,215.953125
5660,-24.179463581185065,0.003550536631110845,1.0,0.015625,215.96875
5661,-24.17946358723565,0.003544691750661627,1.0,0.015625,215.984375
5662,-24.179463593315386,0.003531325717526593,1.0,0.015625,216.0
5663,-24.179463599443352,0.0035205361123402234,1.0,0.03125,216.03125
5664,-24.179463607753707,0.0035057207225496156,1.0,0.015625,216.046875
5665,-24.179463612657738,0.003528058611702366,1.0,0.015625,216.0625
5666,-24.179463616671203,0.0035135056612523004,1.0,0.015625,216.078125
5667,-24.179463624809483,0.003517570850662813,1.0,0.140625,216.21875
5668,-24.179463631553606,0.0035016116730829444,1.0,0.03125,216.25
5669,-24.179463638537122,0.003510638339849899,1.0,0.015625,216.265625
5670,-24.17946364316008,0.003491887550939379,1.0,0.015625,216.28125
5671,-24.179463654551007,0.0034898331123134636,1.0,0.140625,216.421875
5672,-24.179463660613962,0.003449128014905813,1.0,0.03125,216.453125
5673,-24.17946366834842,0.003448707210236979,1.0,0.015625,216.46875
5674,-24.17946367413732,0.003453511709514709,1.0,0.015625,216.484375
5675,-24.179463680268917,0.0034601737603995168,1.0,0.046875,216.53125
5676,-24.179463685102135,0.0034658169747962698,1.0,0.03125,216.5625
5677,-24.17946369004074,0.0034661512621930084,1.0,0.015625,216.578125
5678,-24.179463696163403,0.003450283340671925,1.0,0.015625,216.59375
5679,-24.179463702938417,0.0034675012902059487,1.0,0.140625,216.734375
5680,-24.17946370986452,0.003430571397974442,1.0,0.0,216.734375
5681,-24.179463715880505,0.0034142085157179776,1.0,0.015625,216.75
5682,-24.179463723928038,0.0034244243124652005,1.0,0.015625,216.765625
5683,-24.17946372757391,0.003419844312640963,1.0,0.109375,216.875
5684,-24.179463733306815,0.0034264800538553915,1.0,0.0,216.875
5685,-24.179463740800287,0.003393960293672698,1.0,0.015625,216.890625
5686,-24.179463746237122,0.0033812503736827485,1.0,0.015625,216.90625
5687,-24.17946375188161,0.003386914566728322,1.0,0.125,217.03125
5688,-24.17946375909319,0.003390041233786705,1.0,0.015625,217.046875
5689,-24.179463763035493,0.003367810350111002,1.0,0.0,217.046875
5690,-24.179463769313543,0.0033481517708805622,1.0,0.015625,217.0625
5691,-24.179463774768813,0.0033458275922834185,1.0,0.046875,217.109375
5692,-24.17946377942716,0.0033473954910714565,1.0,0.015625,217.125
5693,-24.179463787287872,0.0033451932659037302,1.0,0.015625,217.140625
5694,-24.179463791663895,0.003352018904367519,1.0,0.015625,217.15625
5695,-24.1794637961047,0.003353817189714666,1.0,0.09375,217.25
5696,-24.179463802239002,0.003352283657738443,1.0,0.015625,217.265625
5697,-24.17946380705246,0.0033346806984266755,1.0,0.015625,217.28125
5698,-24.179463810701666,0.003311964704593361,1.0,0.125,217.40625
5699,-24.17946381512971,0.0032892895784888193,1.0,0.0,217.40625
5700,-24.17946382166958,0.0033168775639235088,1.0,0.015625,217.421875
5701,-24.17946382813714,0.0033073980826589912,1.0,0.015625,217.4375
5702,-24.179463834068915,0.0032835306636320653,1.0,0.140625,217.578125
5703,-24.179463839263818,0.003255938706728353,1.0,0.03125,217.609375
5704,-24.179463844828433,0.0032364507579378614,1.0,0.015625,217.625
5705,-24.179463852266696,0.003216986210902641,1.0,0.015625,217.640625
5706,-24.179463858080062,0.0032497524944142347,1.0,0.0625,217.703125
5707,-24.179463862442542,0.003261394282882375,1.0,0.015625,217.71875
5708,-24.179463868954798,0.0032536755542174225,1.0,0.015625,217.734375
5709,-24.179463873072706,0.0032462233674953986,1.0,0.0625,217.796875
5710,-24.17946387848149,0.003261301520079559,1.0,0.015625,217.8125
5711,-24.1794638853137,0.003272565408021094,1.0,0.015625,217.828125
5712,-24.17946388923307,0.0032796166727731713,1.0,0.015625,217.84375
5713,-24.179463895337033,0.0032730537985638805,1.0,0.140625,217.984375
5714,-24.179463899630612,0.0032808143245838953,1.0,0.0,217.984375
5715,-24.179463903937307,0.003254473326402909,1.0,0.015625,218.0
5716,-24.179463909066286,0.0032809951103934944,1.0,0.015625,218.015625
5717,-24.179463916525037,0.0032868017644185486,1.0,0.046875,218.0625
5718,-24.179463922093607,0.0032853621039041964,1.0,0.0,218.0625
5719,-24.179463926219423,0.0032975108639711473,1.0,0.015625,218.078125
5720,-24.17946393246742,0.0033187647336236094,1.0,0.015625,218.09375
5721,-24.179463936608926,0.003312054784058118,1.0,0.03125,218.125
5722,-24.179463942059034,0.0033092980150402932,1.0,0.015625,218.140625
5723,-24.179463946721633,0.0033332755304517356,1.0,0.015625,218.15625
5724,-24.179463951178626,0.0033170855664975216,1.0,0.03125,218.1875
5725,-24.179463957259127,0.0032860850915114458,1.0,0.015625,218.203125
5726,-24.179463964473147,0.0032982804136416333,1.0,0.015625,218.21875
5727,-24.1794639714183,0.0032945930353126887,1.0,0.015625,218.234375
5728,-24.179463977253693,0.003295939537895291,1.0,0.109375,218.34375
5729,-24.179463981866128,0.003279500252806473,1.0,0.015625,218.359375
5730,-24.179463987739275,0.0032880746602276484,1.0,0.015625,218.375
5731,-24.179463994636613,0.003268281931894142,1.0,0.03125,218.40625
5732,-24.179464001722394,0.0032884203408414968,1.0,0.03125,218.4375
5733,-24.179464006678945,0.00326719106269353,1.0,0.015625,218.453125
5734,-24.179464010893017,0.003243086846126323,1.0,0.015625,218.46875
5735,-24.179464014882942,0.003221875760090293,1.0,0.03125,218.5
5736,-24.179464020708814,0.0032196032622107493,1.0,0.015625,218.515625
5737,-24.179464025516463,0.0032070859008571564,1.0,0.078125,218.59375
5738,-24.179464029695392,0.0032078626059594017,1.0,0.0,218.59375
5739,-24.179464033993984,0.0031873736644415247,1.0,0.015625,218.609375
5740,-24.17946403759488,0.0032099095447532147,1.0,0.140625,218.75
5741,-24.179464042348954,0.0031925882971011793,1.0,0.015625,218.765625
5742,-24.1794640458406,0.003201870414276246,1.0,0.015625,218.78125
5743,-24.179464051270955,0.0031968516929373548,1.0,0.015625,218.796875
5744,-24.179464055568108,0.0032030050292290615,1.0,0.03125,218.828125
5745,-24.17946406072836,0.003204742178694801,1.0,0.015625,218.84375
5746,-24.179464064556704,0.003206765674542808,1.0,0.015625,218.859375
5747,-24.179464070236488,0.0031918855037654974,1.0,0.125,218.984375
5748,-24.17946407365366,0.0031645369836926854,1.0,0.015625,219.0
5749,-24.179464078816764,0.003150363231115483,1.0,0.015625,219.015625
5750,-24.17946408567928,0.003143432202570438,1.0,0.015625,219.03125
5751,-24.179464091261696,0.003117046321974872,1.0,0.078125,219.109375
5752,-24.179464094689862,0.00308394621433016,1.0,0.0,219.109375
5753,-24.179464100517432,0.0030894379840571353,1.0,0.015625,219.125
5754,-24.17946410647538,0.0030991254805918505,1.0,0.015625,219.140625
5755,-24.179464110377374,0.0031001490478251366,1.0,0.140625,219.28125
5756,-24.179464114780593,0.0030966042915585366,1.0,0.015625,219.296875
5757,-24.1794641206587,0.0030973154055490455,1.0,0.015625,219.3125
5758,-24.179464125091634,0.0030956456667699966,1.0,0.015625,219.328125
5759,-24.17946412965395,0.0031045675135931345,1.0,0.140625,219.46875
5760,-24.179464134984485,0.0031003875186030134,1.0,0.046875,219.515625
5761,-24.179464140458194,0.003078109496166872,1.0,0.015625,219.53125
5762,-24.179464145115038,0.0030941581350560554,1.0,0.015625,219.546875
5763,-24.179464149070277,0.003073897349055946,1.0,0.0625,219.609375
5764,-24.179464153673084,0.003070368065999312,1.0,0.015625,219.625
5765,-24.179464157894948,0.0030605276216732202,1.0,0.015625,219.640625
5766,-24.17946416343221,0.003060586710310801,1.0,0.140625,219.78125
5767,-24.17946416738639,0.0030608850963214284,1.0,0.015625,219.796875
5768,-24.179464172079246,0.0030688981659557266,1.0,0.015625,219.8125
5769,-24.179464176164963,0.0030723410275394904,1.0,0.015625,219.828125
5770,-24.179464181757314,0.003083896239803118,1.0,0.078125,219.90625
5771,-24.179464187040875,0.00308821398840444,1.0,0.03125,219.9375
5772,-24.179464191892393,0.0030899526812738385,1.0,0.015625,219.953125
5773,-24.179464198273575,0.003113502387760651,1.0,0.015625,219.96875
5774,-24.179464202723516,0.0031044766555499113,1.0,0.140625,220.109375
5775,-24.179464206908992,0.0031088451488210157,1.0,0.015625,220.125
5776,-24.179464211153938,0.003111080336972653,1.0,0.015625,220.140625
5777,-24.17946421802087,0.0031144523641830693,1.0,0.015625,220.15625
5778,-24.1794642230791,0.0030990329778283017,1.0,0.125,220.28125
5779,-24.179464227026838,0.003076499163348161,1.0,0.015625,220.296875
5780,-24.179464231453768,0.003088975115452678,1.0,0.015625,220.3125
5781,-24.17946423572771,0.003082878562474337,1.0,0.015625,220.328125
5782,-24.17946424000997,0.003082811731992023,1.0,0.140625,220.46875
5783,-24.179464244189788,0.0030796224099970547,1.0,0.015625,220.484375
5784,-24.179464247968827,0.003087329619579409,1.0,0.015625,220.5
5785,-24.1794642536991,0.003073471502866341,1.0,0.03125,220.53125
5786,-24.179464259350155,0.003074424528343347,1.0,0.015625,220.546875
5787,-24.17946426487818,0.0030905839099359942,1.0,0.015625,220.5625
5788,-24.179464270461924,0.003092581198662543,1.0,0.015625,220.578125
5789,-24.17946427504747,0.0030748461685991503,1.0,0.078125,220.65625
5790,-24.179464279351468,0.0030685412595843915,1.0,0.015625,220.671875
5791,-24.179464282929477,0.003083339639980808,1.0,0.0,220.671875
5792,-24.17946428719093,0.0030562542274410183,1.0,0.015625,220.6875
5793,-24.179464291562415,0.003052041550902761,1.0,0.015625,220.703125
5794,-24.179464294929407,0.0030544465262169447,1.0,0.140625,220.84375
5795,-24.17946429925334,0.0030511092794295084,1.0,0.015625,220.859375
5796,-24.179464304006736,0.003043124851985523,1.0,0.015625,220.875
5797,-24.179464308473392,0.003029174160464106,1.0,0.0625,220.9375
5798,-24.1794643132282,0.003023032459171638,1.0,0.015625,220.953125
5799,-24.179464316164466,0.0030259340383645664,1.0,0.015625,220.96875
5800,-24.17946432088133,0.0030572551128063225,1.0,0.015625,220.984375
5801,-24.179464325455776,0.003068388158320565,1.0,0.09375,221.078125
5802,-24.179464330360023,0.0030397444340755247,1.0,0.0,221.078125
5803,-24.17946433441344,0.003034218658751618,1.0,0.015625,221.09375
5804,-24.17946433986289,0.003015212825131727,1.0,0.015625,221.109375
5805,-24.179464347253727,0.002970988259383306,1.0,0.03125,221.140625
5806,-24.179464352571276,0.0029657516638441927,1.0,0.015625,221.15625
5807,-24.179464356483116,0.00293756724533958,1.0,0.015625,221.171875
5808,-24.179464360272277,0.0029329632771273205,1.0,0.015625,221.1875
5809,-24.179464363874807,0.002912751641622396,1.0,0.0625,221.25
5810,-24.17946436786269,0.002919694088471634,1.0,0.015625,221.265625
5811,-24.179464371697694,0.002949811842406431,1.0,0.015625,221.28125
5812,-24.17946437685136,0.002930240322309049,1.0,0.109375,221.390625
5813,-24.179464381822388,0.0029419015384809745,1.0,0.03125,221.421875
5814,-24.17946438627609,0.0029310726406408492,1.0,0.015625,221.4375
5815,-24.179464389835193,0.0029302210195262064,1.0,0.015625,221.453125
5816,-24.179464395095355,0.0029183875516069734,1.0,0.140625,221.59375
5817,-24.1794643988277,0.00293918957987301,1.0,0.015625,221.609375
5818,-24.17946440379306,0.0029352404865179297,1.0,0.015625,221.625
5819,-24.179464406816525,0.0029115699360706313,1.0,0.015625,221.640625
5820,-24.179464412266327,0.0029192256720818816,1.0,0.03125,221.671875
5821,-24.179464415705088,0.002904924449613689,1.0,0.0,221.671875
5822,-24.17946441973599,0.002922357732936317,1.0,0.015625,221.6875
5823,-24.179464423130376,0.002926451545821356,1.0,0.015625,221.703125
5824,-24.179464427752432,0.0029378676763974713,1.0,0.140625,221.84375
5825,-24.179464430485215,0.002936696531985934,1.0,0.0,221.84375
5826,-24.179464434090306,0.002921970864171531,1.0,0.015625,221.859375
5827,-24.179464439024716,0.0029243092522661857,1.0,0.015625,221.875
5828,-24.17946444302419,0.002926645183848156,1.0,0.078125,221.953125
5829,-24.179464447541047,0.002899630927038458,1.0,0.03125,221.984375
5830,-24.179464452874182,0.0028708765217001515,1.0,0.0,221.984375
5831,-24.17946445804519,0.0028731540753779965,1.0,0.015625,222.0
5832,-24.17946446362427,0.0028629680146073605,1.0,0.015625,222.015625
5833,-24.179464466615467,0.0028772539096247485,1.0,0.03125,222.046875
5834,-24.179464471081445,0.002901713048279151,1.0,0.015625,222.0625
5835,-24.179464475959527,0.002859000306406405,1.0,0.015625,222.078125
5836,-24.179464479084828,0.002868774747944091,1.0,0.078125,222.15625
5837,-24.179464482380467,0.002847904209172157,1.0,0.046875,222.203125
5838,-24.17946448609389,0.0028473438380617424,1.0,0.015625,222.21875
5839,-24.179464490404897,0.00285074859239443,1.0,0.015625,222.234375
5840,-24.179464495958527,0.002867115392406173,1.0,0.046875,222.28125
5841,-24.17946449905688,0.0028628675136309124,1.0,0.015625,222.296875
5842,-24.17946450276766,0.00287084204429463,1.0,0.015625,222.3125
5843,-24.17946450718394,0.002877571277930123,1.0,0.015625,222.328125
5844,-24.17946451160684,0.002881513797127592,1.0,0.03125,222.359375
5845,-24.179464514703717,0.0028757028781697938,1.0,0.03125,222.390625
5846,-24.179464518767897,0.0028421761713343834,1.0,0.015625,222.40625
5847,-24.179464522042633,0.0028176382861597763,1.0,0.015625,222.421875
5848,-24.17946452622588,0.0028038885816838153,1.0,0.015625,222.4375
5849,-24.17946452910556,0.0027777995920222416,1.0,0.125,222.5625
5850,-24.17946453372135,0.0027970629247072985,1.0,0.015625,222.578125
5851,-24.179464537441124,0.0027932897903761448,1.0,0.015625,222.59375
5852,-24.17946454244132,0.0027841707351213513,1.0,0.09375,222.6875
5853,-24.179464547307,0.0027697710390214314,1.0,0.015625,222.703125
5854,-24.179464550828122,0.002755296993276575,1.0,0.0,222.703125
5855,-24.179464553283147,0.002762520111191106,1.0,0.015625,222.71875
5856,-24.179464557568753,0.002775965301845506,1.0,0.015625,222.734375
5857,-24.17946456224941,0.0028015058419097387,1.0,0.140625,222.875
5858,-24.179464567203492,0.0027859485001359963,1.0,0.015625,222.890625
5859,-24.179464572079553,0.002803401379786178,1.0,0.015625,222.90625
5860,-24.1794645763777,0.002784148607487223,1.0,0.015625,222.921875
5861,-24.179464580898753,0.0028029550761115387,1.0,0.03125,222.953125
5862,-24.17946458540004,0.0027885351947778895,1.0,0.015625,222.96875
5863,-24.179464589943212,0.0028022831906116315,1.0,0.015625,222.984375
5864,-24.17946459339984,0.002787945618543361,1.0,0.03125,223.015625
5865,-24.17946459865702,0.0028088244610437836,1.0,0.0,223.015625
5866,-24.17946460506122,0.002801718714593727,1.0,0.015625,223.03125
5867,-24.179464607554305,0.0027855643628759592,1.0,0.015625,223.046875
5868,-24.179464610427495,0.0027788994613831834,1.0,0.125,223.171875
5869,-24.17946461564667,0.0027803591776030035,1.0,0.0,223.171875
5870,-24.179464619944216,0.0027745953373265794,1.0,0.015625,223.1875
5871,-24.179464624212645,0.002782014967111669,1.0,0.015625,223.203125
5872,-24.17946462736628,0.002795360008670158,1.0,0.03125,223.234375
5873,-24.17946463098059,0.002807233393336421,1.0,0.015625,223.25
5874,-24.179464635712165,0.002788220002677362,1.0,0.015625,223.265625
5875,-24.179464639889638,0.002759538293560862,1.0,0.140625,223.40625
5876,-24.179464643731517,0.002784482174489413,1.0,0.03125,223.4375
5877,-24.179464647389917,0.0027986498311911153,1.0,0.015625,223.453125
5878,-24.17946464985085,0.0027858917221211155,1.0,0.015625,223.46875
5879,-24.17946465388597,0.0027634210229866667,1.0,0.140625,223.609375
5880,-24.179464657063818,0.0027509014970132552,1.0,0.015625,223.625
5881,-24.179464660781424,0.002749290451306492,1.0,0.015625,223.640625
5882,-24.179464664615683,0.0027455559949206695,1.0,0.015625,223.65625
5883,-24.17946466933058,0.002777024113438941,1.0,0.140625,223.796875
5884,-24.179464673478925,0.002763157366875659,1.0,0.015625,223.8125
5885,-24.179464677505766,0.002763800385484748,1.0,0.015625,223.828125
5886,-24.17946468158251,0.0027580168910877603,1.0,0.015625,223.84375
5887,-24.179464685227266,0.002742316061787778,1.0,0.109375,223.953125
5888,-24.17946468841961,0.0027375196181710034,1.0,0.015625,223.96875
5889,-24.179464691466173,0.0027222597816206483,1.0,0.015625,223.984375
5890,-24.179464696225093,0.002725834577822511,1.0,0.015625,224.0
5891,-24.1794647010346,0.002718629145421244,1.0,0.03125,224.03125
5892,-24.179464704171824,0.0026849820487762936,1.0,0.015625,224.046875
5893,-24.179464707376304,0.0026979158861354566,1.0,0.015625,224.0625
5894,-24.1794647118112,0.002722488627582036,1.0,0.09375,224.15625
5895,-24.179464714713724,0.002722923280527727,1.0,0.015625,224.171875
5896,-24.179464717595497,0.0027055438520775543,1.0,0.0,224.171875
5897,-24.179464720882315,0.0026945140622519187,1.0,0.015625,224.1875
5898,-24.179464724114187,0.0026873360614095504,1.0,0.015625,224.203125
5899,-24.17946472795591,0.002670300181626755,1.0,0.078125,224.28125
5900,-24.179464731679353,0.0026652995333343453,1.0,0.015625,224.296875
5901,-24.179464735096616,0.002662965564885573,1.0,0.015625,224.3125
5902,-24.179464739471925,0.002648793492765998,1.0,0.015625,224.328125
5903,-24.179464742031122,0.0026323224867998143,1.0,0.03125,224.359375
5904,-24.179464744996736,0.0026286321682794087,1.0,0.0,224.359375
5905,-24.17946474841387,0.002640666758415163,1.0,0.015625,224.375
5906,-24.179464752040886,0.002651434063022246,1.0,0.015625,224.390625
5907,-24.179464756352417,0.002667744328585042,1.0,0.140625,224.53125
5908,-24.179464761060835,0.002646272382644247,1.0,0.03125,224.5625
5909,-24.179464764899954,0.0026775578148336915,1.0,0.015625,224.578125
5910,-24.17946476793517,0.0026716134551269285,1.0,0.015625,224.59375
5911,-24.179464770914777,0.002670859034504005,1.0,0.21875,224.8125
5912,-24.179464774468176,0.0026926758710353973,1.0,0.015625,224.828125
5913,-24.179464779438494,0.0027013264764365517,1.0,0.015625,224.84375
5914,-24.179464782945367,0.002688051364411637,1.0,0.078125,224.921875
5915,-24.179464786557784,0.002689119429960943,1.0,0.0,224.921875
5916,-24.179464791039912,0.0026903156820008924,1.0,0.015625,224.9375
5917,-24.179464793416972,0.0026677000174036396,1.0,0.09375,225.03125
5918,-24.179464796304046,0.0026527861106517264,1.0,0.015625,225.046875
5919,-24.1794647998978,0.0026337802947911802,1.0,0.015625,225.0625
5920,-24.17946480284014,0.00264626417530438,1.0,0.015625,225.078125
5921,-24.179464805349202,0.002638939282765778,1.0,0.109375,225.1875
5922,-24.17946480908318,0.002632287561012304,1.0,0.0,225.1875
5923,-24.17946481239151,0.002618411604649704,1.0,0.015625,225.203125
5924,-24.1794648155726,0.002584655764599285,1.0,0.015625,225.21875
5925,-24.179464818905434,0.0026137298503027123,1.0,0.09375,225.3125
5926,-24.179464822659135,0.0026397528423927315,1.0,0.015625,225.328125
5927,-24.179464826086612,0.0026109066334298165,1.0,0.015625,225.34375
5928,-24.179464829696535,0.002600295196259092,1.0,0.03125,225.375
5929,-24.179464833516196,0.0026003538572407173,1.0,0.0,225.375
5930,-24.179464838197358,0.0025783353940296233,1.0,0.015625,225.390625
5931,-24.179464842139375,0.002569960566936637,1.0,0.078125,225.46875
5932,-24.17946484530762,0.0025630597159002197,1.0,0.015625,225.484375
5933,-24.179464848947745,0.002563031755976722,1.0,0.015625,225.5
5934,-24.179464853052497,0.002560969717182084,1.0,0.140625,225.640625
5935,-24.179464856945764,0.0025816090552160218,1.0,0.015625,225.65625
5936,-24.1794648600072,0.0025750328788760584,1.0,0.015625,225.671875
5937,-24.179464864609848,0.0025845814314342137,1.0,0.09375,225.765625
5938,-24.17946486800305,0.002595871714525103,1.0,0.015625,225.78125
5939,-24.179464871454236,0.0025840711604174097,1.0,0.015625,225.796875
5940,-24.179464874152323,0.0025698192695472063,1.0,0.015625,225.8125
5941,-24.17946487692964,0.002550843726834913,1.0,0.125,225.9375
5942,-24.179464880480136,0.002551691228411921,1.0,0.015625,225.953125
5943,-24.17946488273589,0.0025577000349518526,1.0,0.015625,225.96875
5944,-24.179464886463577,0.002542567310264284,1.0,0.015625,225.984375
5945,-24.1794648910023,0.0025258830253356316,1.0,0.140625,226.125
5946,-24.179464893531893,0.0025144178765128316,1.0,0.03125,226.15625
5947,-24.179464896917292,0.0025037584381428844,1.0,0.015625,226.171875
5948,-24.179464900245677,0.0025137924473592494,1.0,0.015625,226.1875
5949,-24.17946490384871,0.00252853628009475,1.0,0.03125,226.21875
5950,-24.179464908365773,0.0025341483020306452,1.0,0.0,226.21875
5951,-24.179464912040324,0.0025477867031304994,1.0,0.015625,226.234375
5952,-24.17946491537255,0.0025711264933165473,1.0,0.125,226.359375
5953,-24.179464918563212,0.0025784654928107413,1.0,0.015625,226.375
5954,-24.17946492201976,0.002576760121946052,1.0,0.0,226.375
5955,-24.17946492546935,0.0025497044644122234,1.0,0.015625,226.390625
5956,-24.179464928212656,0.002540679151939143,1.0,0.03125,226.421875
5957,-24.179464931550445,0.0025273332701973086,1.0,0.03125,226.453125
5958,-24.179464935006145,0.0025363595274499507,1.0,0.0,226.453125
5959,-24.17946493756715,0.002519817065355734,1.0,0.015625,226.46875
5960,-24.179464941335706,0.002499744851831432,1.0,0.015625,226.484375
5961,-24.179464944016363,0.0024912343307483035,1.0,0.03125,226.515625
5962,-24.179464947434585,0.002479623346617634,1.0,0.015625,226.53125
5963,-24.17946494998242,0.0024591408885159733,1.0,0.015625,226.546875
5964,-24.179464954033445,0.0024286967361814974,1.0,0.03125,226.578125
5965,-24.17946495752095,0.0024119971764360445,1.0,0.015625,226.59375
5966,-24.179464960098695,0.0024147558110445538,1.0,0.140625,226.734375
5967,-24.179464962225257,0.002400082139327488,1.0,0.015625,226.75
5968,-24.179464964895587,0.002407624478792335,1.0,0.015625,226.765625
5969,-24.179464968280733,0.002417316434822137,1.0,0.125,226.890625
5970,-24.17946497103122,0.002409915197428698,1.0,0.015625,226.90625
5971,-24.179464974552506,0.0024313744921887173,1.0,0.0,226.90625
5972,-24.179464977271625,0.0024271660888074593,1.0,0.015625,226.921875
5973,-24.179464981325218,0.0024208583795844525,1.0,0.078125,227.0
5974,-24.179464985096786,0.0024112475377345336,1.0,0.015625,227.015625
5975,-24.179464989102804,0.002415653187563481,1.0,0.015625,227.03125
5976,-24.179464991688242,0.002417395602214324,1.0,0.015625,227.046875
5977,-24.179464994316877,0.002439123984442388,1.0,0.03125,227.078125
5978,-24.179464997658975,0.0024505263041756805,1.0,0.015625,227.09375
5979,-24.179464999434984,0.002450494092054501,1.0,0.015625,227.109375
5980,-24.17946500391387,0.0024279352548456762,1.0,0.015625,227.125
5981,-24.17946500739847,0.002440824636973294,1.0,0.03125,227.15625
5982,-24.179465012303694,0.0024752570106017888,1.0,0.015625,227.171875
5983,-24.17946501620496,0.0024437014328151626,1.0,0.015625,227.1875
5984,-24.179465019032577,0.002436891609814987,1.0,0.03125,227.21875
5985,-24.17946502236917,0.0024323089158166666,1.0,0.015625,227.234375
5986,-24.179465025276574,0.0024235444576799743,1.0,0.015625,227.25
5987,-24.179465029059745,0.002416142761183602,1.0,0.140625,227.390625
5988,-24.179465031474958,0.002419138365092464,1.0,0.046875,227.4375
5989,-24.179465033410903,0.0024127663904093158,1.0,0.015625,227.453125
5990,-24.179465036930637,0.0024005649345202923,1.0,0.015625,227.46875
5991,-24.179465039543715,0.002393984730274902,1.0,0.140625,227.609375
5992,-24.179465041967838,0.002389689122519018,1.0,0.0,227.609375
5993,-24.17946504617241,0.0023685340916564926,1.0,0.015625,227.625
5994,-24.179465048727725,0.0023692960913736165,1.0,0.015625,227.640625
5995,-24.17946505218618,0.002365613731888419,1.0,0.140625,227.78125
5996,-24.179465054457232,0.0023539358159734573,1.0,0.015625,227.796875
5997,-24.179465056343304,0.002364128514114743,1.0,0.015625,227.8125
5998,-24.17946505916579,0.0023688108008543046,1.0,0.015625,227.828125
5999,-24.17946506471811,0.002345821922655072,1.0,0.015625,227.84375
6000,-24.179465067674933,0.002338146290302915,1.0,0.109375,227.953125
6001,-24.179465069706932,0.002324197730878931,1.0,0.015625,227.96875
6002,-24.179465071752958,0.002331511906863598,1.0,0.03125,228.0
6003,-24.17946507543141,0.0023313210330453485,1.0,0.015625,228.015625
6004,-24.179465078070567,0.002321941500637781,1.0,0.078125,228.09375
6005,-24.179465081222585,0.002331071970163578,1.0,0.015625,228.109375
6006,-24.179465083962747,0.002321730200547028,1.0,0.015625,228.125
6007,-24.17946508595821,0.0023211936223124243,1.0,0.046875,228.171875
6008,-24.179465089868952,0.00233381287726165,1.0,0.015625,228.1875
6009,-24.17946509329859,0.002339848988131196,1.0,0.015625,228.203125
6010,-24.179465096601174,0.0023557866835492427,1.0,0.015625,228.21875
6011,-24.179465098959096,0.00236316023543408,1.0,0.140625,228.359375
6012,-24.1794651014113,0.0023809434240910188,1.0,0.015625,228.375
6013,-24.179465105126173,0.002372247761872235,1.0,0.015625,228.390625
6014,-24.179465108523853,0.002357932944886549,1.0,0.015625,228.40625
6015,-24.179465111306612,0.002348482516296177,1.0,0.140625,228.546875
6016,-24.17946511434322,0.002357349863232625,1.0,0.015625,228.5625
6017,-24.1794651172104,0.0023491343111387833,1.0,0.015625,228.578125
6018,-24.17946511971989,0.002332626948828382,1.0,0.015625,228.59375
6019,-24.179465122986954,0.0023594227960847393,1.0,0.140625,228.734375
6020,-24.17946512566152,0.0023501428646766384,1.0,0.03125,228.765625
6021,-24.179465128614805,0.0023458387537802256,1.0,0.015625,228.78125
6022,-24.179465130835418,0.0023401755804302294,1.0,0.015625,228.796875
6023,-24.179465133411234,0.0023510900397238806,1.0,0.03125,228.828125
6024,-24.179465136384394,0.0023461224664413707,1.0,0.0,228.828125
6025,-24.17946513958003,0.0023436331213070936,1.0,0.015625,228.84375
6026,-24.17946514282982,0.0023566044258948047,1.0,0.03125,228.875
6027,-24.17946514651482,0.002362307315251667,1.0,0.015625,228.890625
6028,-24.17946514892342,0.00236073509283675,1.0,0.140625,229.03125
6029,-24.17946515209722,0.002359883769568547,1.0,0.0,229.03125
6030,-24.179465154231245,0.002341544897054556,1.0,0.015625,229.046875
6031,-24.17946515703565,0.002346355359869715,1.0,0.015625,229.0625
6032,-24.179465159800813,0.002352154715862598,1.0,0.046875,229.109375
6033,-24.17946516344189,0.002343712869868701,1.0,0.015625,229.125
6034,-24.17946516581621,0.002334130341652303,1.0,0.015625,229.140625
6035,-24.179465168072543,0.0023400920440770816,1.0,0.140625,229.28125
6036,-24.17946517094711,0.0023106829181063484,1.0,0.015625,229.296875
6037,-24.17946517382578,0.0023101950309317707,1.0,0.015625,229.3125
6038,-24.17946517623964,0.002306568913376248,1.0,0.09375,229.40625
6039,-24.179465179294965,0.0022954278092617046,1.0,0.015625,229.421875
6040,-24.179465183456752,0.0022966797308466586,1.0,0.140625,229.5625
6041,-24.17946518515485,0.0022704892953866684,1.0,0.0,229.5625
6042,-24.179465187360083,0.0022765704601665974,1.0,0.015625,229.578125
6043,-24.17946518908417,0.0022753100065810643,1.0,0.09375,229.671875
6044,-24.179465191918652,0.002256360883751619,1.0,0.015625,229.6875
6045,-24.179465194728298,0.002269565247607035,1.0,0.015625,229.703125
6046,-24.179465197432947,0.002275176926847886,1.0,0.125,229.828125
6047,-24.179465201167854,0.002278475145974079,1.0,0.0,229.828125
6048,-24.179465203512514,0.002274825596480253,1.0,0.015625,229.84375
6049,-24.179465206185164,0.002260857355432238,1.0,0.046875,229.890625
6050,-24.17946520817322,0.00227686415505232,1.0,0.015625,229.90625
6051,-24.179465211264695,0.0022598463361336485,1.0,0.140625,230.046875
6052,-24.179465213892957,0.002256162536565223,1.0,0.015625,230.0625
6053,-24.17946521754068,0.0022570828738104603,1.0,0.015625,230.078125
6054,-24.179465219612684,0.0022584476358889173,1.0,0.015625,230.09375
6055,-24.179465222257345,0.002263572536216421,1.0,0.109375,230.203125
6056,-24.17946522410065,0.002272154165851012,1.0,0.015625,230.21875
6057,-24.17946522706457,0.002252270690773171,1.0,0.015625,230.234375
6058,-24.179465229903123,0.0022523290635648036,1.0,0.09375,230.328125
6059,-24.17946523225223,0.0022412053125722025,1.0,0.015625,230.34375
6060,-24.17946523477178,0.002231315912961881,1.0,0.125,230.46875
6061,-24.17946523634317,0.002239588792226577,1.0,0.015625,230.484375
6062,-24.17946523947283,0.002260116733995981,1.0,0.015625,230.5
6063,-24.179465241361186,0.002259093702081582,1.0,0.140625,230.640625
6064,-24.179465243329467,0.002267377852126102,1.0,0.015625,230.65625
6065,-24.179465246451954,0.002250886099422298,1.0,0.0625,230.71875
6066,-24.179465249126388,0.0022477466201121414,1.0,0.015625,230.734375
6067,-24.17946525259318,0.0022525519871756765,1.0,0.015625,230.75
6068,-24.179465254733685,0.0022443052898493123,1.0,0.015625,230.765625
6069,-24.179465257049973,0.0022386086702182906,1.0,0.09375,230.859375
6070,-24.179465259012822,0.002235322896439776,1.0,0.015625,230.875
6071,-24.179465261332066,0.002233231979137945,1.0,0.015625,230.890625
6072,-24.179465264253242,0.002211237872587015,1.0,0.140625,231.03125
6073,-24.1794652677119,0.0022288469317677364,1.0,0.03125,231.0625
6074,-24.179465270088816,0.0022174104697222476,1.0,0.015625,231.078125
6075,-24.179465272359533,0.0022130611707279735,1.0,0.015625,231.09375
6076,-24.179465274883984,0.002223614495165187,1.0,0.140625,231.234375
6077,-24.179465277429717,0.0022177167153066323,1.0,0.046875,231.28125
6078,-24.179465280251573,0.0022200069796936405,1.0,0.015625,231.296875
6079,-24.17946528176921,0.0022077639639463994,1.0,0.015625,231.3125
6080,-24.179465284801505,0.00221016600614411,1.0,0.03125,231.34375
6081,-24.179465287861493,0.0022156102414750134,1.0,0.015625,231.359375
6082,-24.179465289881023,0.002217948681559899,1.0,0.015625,231.375
6083,-24.17946529187392,0.0022111241436349022,1.0,0.015625,231.390625
6084,-24.179465294012907,0.002213376148958139,1.0,0.140625,231.53125
6085,-24.179465295575046,0.00219097778533301,1.0,0.015625,231.546875
6086,-24.179465297323144,0.002184842582558154,1.0,0.015625,231.5625
6087,-24.179465300401176,0.0021647456834033435,1.0,0.078125,231.640625
6088,-24.179465303343083,0.0021883522283763107,1.0,0.015625,231.65625
6089,-24.179465306205106,0.0021803969624571407,1.0,0.015625,231.671875
6090,-24.17946530869974,0.0021899865079341454,1.0,0.015625,231.6875
6091,-24.179465310942245,0.002173507526797264,1.0,0.015625,231.703125
6092,-24.179465315227173,0.0021470611801594815,1.0,0.046875,231.75
6093,-24.17946531737056,0.0021595514440417947,1.0,0.015625,231.765625
6094,-24.179465319893477,0.0021624126323277057,1.0,0.015625,231.78125
6095,-24.179465322267998,0.002139531011344109,1.0,0.015625,231.796875
6096,-24.179465324574434,0.002131894997365412,1.0,0.140625,231.9375
6097,-24.17946532690631,0.0021242791162860305,1.0,0.015625,231.953125
6098,-24.179465329521268,0.002107597164134471,1.0,0.015625,231.96875
6099,-24.179465331929066,0.002097556177823528,1.0,0.015625,231.984375
6100,-24.17946533466905,0.0021089442384242055,1.0,0.03125,232.015625
6101,-24.179465336935415,0.0020914760805647134,1.0,0.015625,232.03125
6102,-24.179465339739036,0.002100148896701854,1.0,0.015625,232.046875
6103,-24.179465341998725,0.0020955918767759465,1.0,0.109375,232.15625
6104,-24.179465344595346,0.0020905329028810932,1.0,0.015625,232.171875
6105,-24.179465346658223,0.002094973524472155,1.0,0.015625,232.1875
6106,-24.179465349523134,0.0020989297362345935,1.0,0.015625,232.203125
6107,-24.179465351165614,0.0021041741242309874,1.0,0.140625,232.34375
6108,-24.179465353924197,0.0021102035150959717,1.0,0.03125,232.375
6109,-24.17946535586348,0.0020774623963715935,1.0,0.015625,232.390625
6110,-24.1794653576618,0.0020869586215028213,1.0,0.015625,232.40625
6111,-24.179465359852735,0.0021117870795095525,1.0,0.140625,232.546875
6112,-24.17946536273381,0.0021166921715035777,1.0,0.015625,232.5625
6113,-24.1794653650604,0.002141619960040404,1.0,0.0,232.5625
6114,-24.179465366826943,0.0021270720047010263,1.0,0.015625,232.578125
6115,-24.17946536953888,0.002102527376627125,1.0,0.015625,232.59375
6116,-24.179465371457553,0.002101301837626558,1.0,0.046875,232.640625
6117,-24.179465374122277,0.0021031265295745586,1.0,0.015625,232.65625
6118,-24.179465376830937,0.002096569893748514,1.0,0.015625,232.671875
6119,-24.17946537909655,0.0020724049506138475,1.0,0.125,232.796875
6120,-24.179465381127276,0.002061218094415297,1.0,0.015625,232.8125
6121,-24.17946538384147,0.0020560663559354474,1.0,0.015625,232.828125
6122,-24.17946538578004,0.002056100807615567,1.0,0.015625,232.84375
6123,-24.179465387894446,0.0020544184224549266,1.0,0.015625,232.859375
6124,-24.17946538955693,0.002063991594280779,1.0,0.09375,232.953125
6125,-24.179465391951194,0.0020655900370918703,1.0,0.015625,232.96875
6126,-24.179465394093015,0.0020705814194422445,1.0,0.015625,232.984375
6127,-24.179465396765664,0.002064385564370683,1.0,0.015625,233.0
6128,-24.179465399125597,0.0020586435549862594,1.0,0.015625,233.015625
6129,-24.179465401850585,0.00205969951259433,1.0,0.09375,233.109375
6130,-24.179465404615314,0.002056835056105352,1.0,0.015625,233.125
6131,-24.179465406518197,0.002052356872201775,1.0,0.015625,233.140625
6132,-24.179465407818522,0.002062146680314345,1.0,0.015625,233.15625
6133,-24.179465410414462,0.00208818856000134,1.0,0.09375,233.25
6134,-24.17946541276329,0.0020778991537456935,1.0,0.03125,233.28125
6135,-24.179465416090643,0.0020681898257839393,1.0,0.015625,233.296875
6136,-24.179465417722493,0.0020598308647412516,1.0,0.015625,233.3125
6137,-24.179465419684426,0.002065087902382178,1.0,0.046875,233.359375
6138,-24.179465421740403,0.0020708608036693584,1.0,0.015625,233.375
6139,-24.179465423953157,0.0020666462587333244,1.0,0.015625,233.390625
6140,-24.179465425682576,0.0020567278231814756,1.0,0.03125,233.421875
6141,-24.179465428568676,0.0020665176508098564,1.0,0.03125,233.453125
6142,-24.179465430909563,0.002057934656171721,1.0,0.015625,233.46875
6143,-24.17946543303221,0.0020455933568054533,1.0,0.140625,233.609375
6144,-24.179465434800814,0.0020347532159753537,1.0,0.0,233.609375
6145,-24.179465437552157,0.0020102821225252707,1.0,0.0,233.609375
6146,-24.179465439632743,0.0020199564881099768,1.0,0.015625,233.625
6147,-24.179465441743336,0.002011670569446615,1.0,0.09375,233.71875
6148,-24.17946544370381,0.0020187177411363417,1.0,0.03125,233.75
6149,-24.17946544585735,0.002009302688638193,1.0,0.015625,233.765625
6150,-24.179465448758457,0.002006894365159459,1.0,0.015625,233.78125
6151,-24.17946545027262,0.0019980358058254775,1.0,0.03125,233.8125
6152,-24.179465452284912,0.001989040933667444,1.0,0.015625,233.828125
6153,-24.17946545457679,0.002003314558989898,1.0,0.015625,233.84375
6154,-24.179465456179138,0.0019906617134426434,1.0,0.09375,233.9375
6155,-24.179465458071473,0.0019894154910011955,1.0,0.015625,233.953125
6156,-24.179465459828513,0.001980164504353523,1.0,0.015625,233.96875
6157,-24.179465461969862,0.0019816161115220636,1.0,0.015625,233.984375
6158,-24.179465464249258,0.0019887324308612967,1.0,0.140625,234.125
6159,-24.179465466028063,0.001972887266397635,1.0,0.015625,234.140625
6160,-24.179465467345732,0.0019722279888940253,1.0,0.015625,234.15625
6161,-24.17946546894874,0.0019832577785675706,1.0,0.015625,234.171875
6162,-24.179465471000935,0.0019835553917129088,1.0,0.078125,234.25
6163,-24.179465473466795,0.0019733465226204937,1.0,0.03125,234.28125
6164,-24.179465475776116,0.0019835250166559933,1.0,0.015625,234.296875
6165,-24.17946547787567,0.001984636475047522,1.0,0.015625,234.3125
6166,-24.179465479727345,0.0019938560675425393,1.0,0.140625,234.453125
6167,-24.17946548177276,0.001982753022200435,1.0,0.0,234.453125
6168,-24.17946548351783,0.001985127342060775,1.0,0.015625,234.46875
6169,-24.17946548605821,0.0019753694552938073,1.0,0.015625,234.484375
6170,-24.17946548779037,0.001972734428793818,1.0,0.03125,234.515625
6171,-24.179465490057698,0.001981119355719397,1.0,0.015625,234.53125
6172,-24.179465492507997,0.0019611932435473975,1.0,0.015625,234.546875
6173,-24.179465494830065,0.001975717505756115,1.0,0.09375,234.640625
6174,-24.179465496221475,0.0019603947512099895,1.0,0.015625,234.65625
6175,-24.179465497936935,0.001961510611650845,1.0,0.015625,234.671875
6176,-24.179465499494007,0.0019502650620956197,1.0,0.015625,234.6875
6177,-24.179465501640408,0.0019518014773817285,1.0,0.03125,234.71875
6178,-24.179465503813084,0.0019559513189589483,1.0,0.0,234.71875
6179,-24.17946550609319,0.0019602254951713053,1.0,0.015625,234.734375
6180,-24.179465507997033,0.001951193991651184,1.0,0.140625,234.875
6181,-24.179465510476508,0.001938683524648346,1.0,0.046875,234.921875
6182,-24.17946551205304,0.001938108562472939,1.0,0.015625,234.9375
6183,-24.179465513747928,0.0019359147760648267,1.0,0.140625,235.078125
6184,-24.17946551636522,0.0019608999514657112,1.0,0.03125,235.109375
6185,-24.179465517724907,0.00195123629718365,1.0,0.015625,235.125
6186,-24.179465519803173,0.0019642893256852545,1.0,0.015625,235.140625
6187,-24.179465520915358,0.001966167602981982,1.0,0.015625,235.15625
6188,-24.17946552239452,0.0019669557455006385,1.0,0.046875,235.203125
6189,-24.17946552449628,0.001957409090264268,1.0,0.015625,235.21875
6190,-24.179465526502714,0.0019569623404386213,1.0,0.015625,235.234375
6191,-24.179465528513347,0.0019452757546159856,1.0,0.015625,235.25
6192,-24.17946553027315,0.001947435527952825,1.0,0.140625,235.390625
6193,-24.179465532111745,0.0019358573737769422,1.0,0.0,235.390625
6194,-24.17946553431445,0.0019360715206490936,1.0,0.015625,235.40625
6195,-24.179465536420437,0.0019400608729442162,1.0,0.109375,235.515625
6196,-24.179465537988015,0.0019264246968630444,1.0,0.046875,235.5625
6197,-24.17946554008138,0.0019221610643930468,1.0,0.0,235.5625
6198,-24.17946554259669,0.001919371839869789,1.0,0.015625,235.578125
6199,-24.179465544499163,0.0019332295198531471,1.0,0.015625,235.59375
6200,-24.17946554647526,0.0019431581147955161,1.0,0.078125,235.671875
6201,-24.179465547728327,0.001953392608467672,1.0,0.015625,235.6875
6202,-24.179465549538687,0.001944828114224582,1.0,0.015625,235.703125
6203,-24.17946555132736,0.0019325303286023027,1.0,0.015625,235.71875
6204,-24.17946555365682,0.001954743113146799,1.0,0.0,235.71875
6205,-24.17946555519445,0.0019286507528751416,1.0,0.015625,235.734375
6206,-24.179465557031065,0.0019278297174139555,1.0,0.015625,235.75
6207,-24.179465558865893,0.001913556763104391,1.0,0.140625,235.890625
6208,-24.17946556041832,0.0019195157251407123,1.0,0.0,235.890625
6209,-24.179465562544507,0.0019119323837079474,1.0,0.015625,235.90625
6210,-24.17946556385769,0.0019054643184587714,1.0,0.015625,235.921875
6211,-24.17946556596261,0.0018804671682920986,1.0,0.140625,236.0625
6212,-24.179465567751745,0.0018872013299160307,1.0,0.015625,236.078125
6213,-24.17946557041925,0.0018737826669954294,1.0,0.015625,236.09375
6214,-24.179465572013545,0.0018698468558392724,1.0,0.015625,236.109375
6215,-24.179465573582643,0.0018648222600807349,1.0,0.140625,236.25
6216,-24.179465574981357,0.0018697684158164596,1.0,0.03125,236.28125
6217,-24.179465577167377,0.001870060737930349,1.0,0.015625,236.296875
6218,-24.179465578862594,0.0018639540170623217,1.0,0.015625,236.3125
6219,-24.179465580301994,0.0018643306178611273,1.0,0.015625,236.328125
6220,-24.179465582484635,0.001866358486878589,1.0,0.046875,236.375
6221,-24.17946558418981,0.0018574987871241276,1.0,0.0,236.375
6222,-24.179465585516912,0.0018687957821441003,1.0,0.015625,236.390625
6223,-24.179465587162202,0.0018686266962483454,1.0,0.140625,236.53125
6224,-24.179465588803716,0.0018656373764863307,1.0,0.015625,236.546875
6225,-24.17946559076187,0.0018649396033087987,1.0,0.015625,236.5625
6226,-24.179465592322572,0.0018595443935969247,1.0,0.015625,236.578125
6227,-24.17946559392864,0.0018696287843557719,1.0,0.046875,236.625
6228,-24.179465596749097,0.001861788963145678,1.0,0.015625,236.640625
6229,-24.179465598402444,0.0018556838458016307,1.0,0.015625,236.65625
6230,-24.17946560008416,0.0018194466243308346,1.0,0.03125,236.6875
6231,-24.179465601709957,0.0018277014476406545,1.0,0.0,236.6875
6232,-24.17946560294228,0.0018307533778248856,1.0,0.015625,236.703125
6233,-24.179465604577878,0.0018418660935528585,1.0,0.015625,236.71875
6234,-24.17946560637932,0.001840850761811489,1.0,0.140625,236.859375
6235,-24.17946560864962,0.001839579684718359,1.0,0.015625,236.875
6236,-24.179465610714168,0.0018363598753292644,1.0,0.015625,236.890625
6237,-24.179465613221083,0.0018271399936606535,1.0,0.046875,236.9375
6238,-24.179465615083263,0.0018338688555523664,1.0,0.015625,236.953125
6239,-24.17946561719449,0.0018226800628209931,1.0,0.015625,236.96875
6240,-24.17946561890308,0.0018210575660950095,1.0,0.140625,237.109375
6241,-24.179465619784242,0.0018218769230421298,1.0,0.015625,237.125
6242,-24.1794656209889,0.0018182905798711049,1.0,0.015625,237.140625
6243,-24.179465622795334,0.0018252962171350952,1.0,0.015625,237.15625
6244,-24.17946562435065,0.0018118219752136786,1.0,0.140625,237.296875
6245,-24.179465626089957,0.0018253215962333541,1.0,0.0,237.296875
6246,-24.17946562870723,0.001831476617959641,1.0,0.015625,237.3125
6247,-24.179465631059994,0.001816915919351042,1.0,0.140625,237.453125
6248,-24.1794656328847,0.0018191638278336,1.0,0.015625,237.46875
6249,-24.179465634677417,0.0018186611054704317,1.0,0.015625,237.484375
6250,-24.179465636292285,0.0018098713668211878,1.0,0.015625,237.5
6251,-24.17946563812947,0.0018011667477993163,1.0,0.140625,237.640625
6252,-24.17946563989105,0.0017897496847159575,1.0,0.015625,237.65625
6253,-24.179465641079226,0.0017929959022781666,1.0,0.015625,237.671875
6254,-24.179465642847738,0.0017845702998036327,1.0,0.015625,237.6875
6255,-24.179465644192916,0.0017762230257932442,1.0,0.03125,237.71875
6256,-24.179465646853053,0.0017669407307143365,1.0,0.015625,237.734375
6257,-24.179465648677027,0.0017841698202397446,1.0,0.015625,237.75
6258,-24.179465650424373,0.0017937477664257846,1.0,0.046875,237.796875
6259,-24.179465652203024,0.0018030227675848152,1.0,0.0,237.796875
6260,-24.179465653999735,0.001790390490984688,1.0,0.015625,237.8125
6261,-24.17946565525858,0.0017997745422895976,1.0,0.015625,237.828125
6262,-24.179465657092038,0.0017880972656405798,1.0,0.046875,237.875
6263,-24.179465658644418,0.00178250569217691,1.0,0.015625,237.890625
6264,-24.179465659646525,0.0017832126564985582,1.0,0.015625,237.90625
6265,-24.17946566159694,0.0017815809498545618,1.0,0.015625,237.921875
6266,-24.179465663413744,0.0017840091601340452,1.0,0.140625,238.0625
6267,-24.179465664818284,0.0017807610288772023,1.0,0.0,238.0625
6268,-24.179465666193252,0.0017790278914067506,1.0,0.015625,238.078125
6269,-24.179465668116933,0.0017827084444428083,1.0,0.015625,238.09375
6270,-24.179465669319363,0.0017820268738010072,1.0,0.03125,238.125
6271,-24.179465670506502,0.0017652920908682145,1.0,0.0,238.125
6272,-24.179465671660104,0.001768070597517864,1.0,0.015625,238.140625
6273,-24.17946567315832,0.0017709516521798815,1.0,0.140625,238.28125
6274,-24.179465675494693,0.001759579209531322,1.0,0.0,238.28125
6275,-24.17946567677915,0.0017628030464573324,1.0,0.015625,238.296875
6276,-24.179465679032578,0.0017515621892407623,1.0,0.140625,238.4375
6277,-24.179465680077772,0.0017422850336718547,1.0,0.0,238.4375
6278,-24.179465681159197,0.0017379751763798052,1.0,0.015625,238.453125
6279,-24.179465682562014,0.001747448839335712,1.0,0.015625,238.46875
6280,-24.179465684777362,0.0017496029050515494,1.0,0.140625,238.609375
6281,-24.17946568637013,0.0017267124308063635,1.0,0.015625,238.625
6282,-24.179465687784923,0.0017364580548368462,1.0,0.015625,238.640625
6283,-24.179465689133977,0.0017205792920633217,1.0,0.015625,238.65625
6284,-24.17946569069095,0.0017219428263636296,1.0,0.015625,238.671875
6285,-24.179465691886094,0.0017203915908019065,1.0,0.140625,238.8125
6286,-24.17946569335171,0.0017215613361898131,1.0,0.015625,238.828125
6287,-24.179465694986277,0.0017258296582694458,1.0,0.015625,238.84375
6288,-24.179465696381385,0.0017336549783565924,1.0,0.015625,238.859375
6289,-24.179465697827233,0.0017312256222830706,1.0,0.140625,239.0
6290,-24.179465699019655,0.0017289601052514713,1.0,0.015625,239.015625
6291,-24.1794657004018,0.0017377142105553128,1.0,0.015625,239.03125
6292,-24.179465702124208,0.0017352986379143604,1.0,0.015625,239.046875
6293,-24.179465704170394,0.00172393875570343,1.0,0.015625,239.0625
6294,-24.179465705872147,0.0017104765286399075,1.0,0.21875,239.28125
6295,-24.17946570818106,0.0017222046753259377,1.0,0.015625,239.296875
6296,-24.179465709448078,0.0017237423124953708,1.0,0.015625,239.3125
6297,-24.179465711142385,0.001716128782048094,1.0,0.015625,239.328125
6298,-24.179465712538526,0.0017081394606923198,1.0,0.03125,239.359375
6299,-24.17946571377036,0.0017092377601526849,1.0,0.0,239.359375
6300,-24.179465715181806,0.0017090285732272547,1.0,0.015625,239.375
6301,-24.179465716549647,0.0017215313402142603,1.0,0.015625,239.390625
6302,-24.17946571764392,0.0017140096522751354,1.0,0.140625,239.53125
6303,-24.1794657192134,0.001704290745603354,1.0,0.015625,239.546875
6304,-24.179465720508304,0.0017011521486966778,1.0,0.015625,239.5625
6305,-24.17946572233787,0.0016964660519307726,1.0,0.109375,239.671875
6306,-24.17946572367568,0.0016858932388095506,1.0,0.015625,239.6875
6307,-24.179465724758526,0.0016806524764771656,1.0,0.015625,239.703125
6308,-24.179465726448715,0.0016703130253177662,1.0,0.015625,239.71875
6309,-24.17946572811992,0.0016687795891252397,1.0,0.140625,239.859375
6310,-24.179465729438334,0.001673203180816343,1.0,0.03125,239.890625
6311,-24.17946573061631,0.0016653895139349649,1.0,0.015625,239.90625
6312,-24.179465732198306,0.0016619696634650235,1.0,0.015625,239.921875
6313,-24.1794657334672,0.0016634944144927818,1.0,0.015625,239.9375
6314,-24.17946573499348,0.0016626033043407693,1.0,0.125,240.0625
6315,-24.17946573654133,0.001673144766893187,1.0,0.015625,240.078125
6316,-24.179465737973914,0.0016869184348554428,1.0,0.015625,240.09375
6317,-24.1794657390984,0.0016859477078377911,1.0,0.140625,240.234375
6318,-24.179465740830405,0.0016948662673183543,1.0,0.03125,240.265625
6319,-24.179465742682133,0.001693747350582046,1.0,0.015625,240.28125
6320,-24.17946574475812,0.001683973806364652,1.0,0.015625,240.296875
6321,-24.179465745605153,0.001670133323255138,1.0,0.046875,240.34375
6322,-24.17946574667281,0.0016663476221581656,1.0,0.0,240.34375
6323,-24.179465748119124,0.0016661196955941493,1.0,0.015625,240.359375
6324,-24.17946574942835,0.0016694818250196266,1.0,0.078125,240.4375
6325,-24.179465750930355,0.0016581517460422463,1.0,0.015625,240.453125
6326,-24.179465752023898,0.001662470632087917,1.0,0.015625,240.46875
6327,-24.179465753647516,0.0016584112120023224,1.0,0.015625,240.484375
6328,-24.179465754873384,0.0016648460399099735,1.0,0.03125,240.515625
6329,-24.17946575629454,0.0016638143559950776,1.0,0.0,240.515625
6330,-24.17946575761513,0.001655517422017346,1.0,0.015625,240.53125
6331,-24.179465759195832,0.0016639267595237033,1.0,0.125,240.65625
6332,-24.17946576057476,0.0016456188930980922,1.0,0.03125,240.6875
6333,-24.179465762049436,0.0016303111680653517,1.0,0.015625,240.703125
6334,-24.179465763565556,0.0016398714663953314,1.0,0.015625,240.71875
6335,-24.179465765071402,0.0016332831181929638,1.0,0.015625,240.734375
6336,-24.179465766255014,0.0016246500368364426,1.0,0.140625,240.875
6337,-24.179465767433467,0.0016213486766038844,1.0,0.046875,240.921875
6338,-24.179465768921766,0.0016452175920723892,1.0,0.015625,240.9375
6339,-24.1794657704073,0.0016379289760751897,1.0,0.015625,240.953125
6340,-24.179465771305736,0.0016319990925316185,1.0,0.078125,241.03125
6341,-24.179465772793307,0.001637340287345618,1.0,0.015625,241.046875
6342,-24.179465774206168,0.0016413410427660693,1.0,0.09375,241.140625
6343,-24.17946577542464,0.0016329781245826875,1.0,0.015625,241.15625
6344,-24.179465776944298,0.0016402389669400938,1.0,0.015625,241.171875
6345,-24.1794657777491,0.001634109270213054,1.0,0.015625,241.1875
6346,-24.179465778664124,0.0016257483045337459,1.0,0.046875,241.234375
6347,-24.17946577995052,0.0016265704335280387,1.0,0.015625,241.25
6348,-24.17946578114133,0.0016167623883321183,1.0,0.015625,241.265625
6349,-24.179465782108874,0.0016122121166301418,1.0,0.140625,241.40625
6350,-24.17946578296031,0.001617679880692031,1.0,0.0,241.40625
6351,-24.17946578417015,0.0016262458243833276,1.0,0.015625,241.421875
6352,-24.179465785348246,0.0016416791614249626,1.0,0.140625,241.5625
6353,-24.179465786856714,0.001653259298086551,1.0,0.03125,241.59375
6354,-24.179465788348406,0.0016564748911822643,1.0,0.015625,241.609375
6355,-24.179465789591625,0.00164351979893181,1.0,0.140625,241.75
6356,-24.179465790879274,0.001635833562694942,1.0,0.015625,241.765625
6357,-24.17946579248171,0.0016343368722542564,1.0,0.015625,241.78125
6358,-24.17946579414783,0.0016260043605663397,1.0,0.015625,241.796875
6359,-24.179465795364845,0.0016235917206316906,1.0,0.125,241.921875
6360,-24.179465796820853,0.001615916406315089,1.0,0.0,241.921875
6361,-24.179465798329975,0.0016099477453507041,1.0,0.015625,241.9375
6362,-24.17946579964252,0.0016064575972334803,1.0,0.125,242.0625
6363,-24.17946580098625,0.0016158952843466886,1.0,0.015625,242.078125
6364,-24.179465802456534,0.0016221274926522535,1.0,0.015625,242.09375
6365,-24.179465803853798,0.0016230174963124066,1.0,0.015625,242.109375
6366,-24.179465805389682,0.0016171913824900388,1.0,0.03125,242.140625
6367,-24.179465807112148,0.0016167444971147684,1.0,0.015625,242.15625
6368,-24.179465808209706,0.001614839617250345,1.0,0.015625,242.171875
6369,-24.17946580996383,0.001596295450336806,1.0,0.015625,242.1875
6370,-24.17946581124637,0.001596546602141345,1.0,0.03125,242.21875
6371,-24.179465812354408,0.0016005460983168254,1.0,0.015625,242.234375
6372,-24.179465813232273,0.0015965170088117259,1.0,0.015625,242.25
6373,-24.179465815032092,0.0015845405007042074,1.0,0.140625,242.390625
6374,-24.179465816542898,0.0015731562841126297,1.0,0.015625,242.40625
6375,-24.17946581766528,0.0015658803375714037,1.0,0.015625,242.421875
6376,-24.17946581870665,0.0015571435307589665,1.0,0.015625,242.4375
6377,-24.179465819755432,0.0015700894590130008,1.0,0.03125,242.46875
6378,-24.17946582085926,0.0015768744315219996,1.0,0.015625,242.484375
6379,-24.17946582242233,0.0015838398410341235,1.0,0.015625,242.5
6380,-24.179465823601433,0.0015858525006608567,1.0,0.140625,242.640625
6381,-24.17946582457373,0.0015791858506963726,1.0,0.015625,242.65625
6382,-24.179465825747485,0.0015719529258149795,1.0,0.0,242.65625
6383,-24.179465827348874,0.0015707223841259234,1.0,0.015625,242.671875
6384,-24.17946582833113,0.0015757528601555574,1.0,0.015625,242.6875
6385,-24.179465829484048,0.0015779984404842389,1.0,0.125,242.8125
6386,-24.179465830984206,0.0015674129106308438,1.0,0.015625,242.828125
6387,-24.179465832756048,0.001576596048417987,1.0,0.015625,242.84375
6388,-24.179465833909862,0.0015757973648015946,1.0,0.03125,242.875
6389,-24.179465835278847,0.0015693431591855557,1.0,0.015625,242.890625
6390,-24.179465836198958,0.0015682663249626662,1.0,0.015625,242.90625
6391,-24.179465837685033,0.0015761745531193685,1.0,0.015625,242.921875
6392,-24.17946583897074,0.0015823378415285546,1.0,0.140625,243.0625
6393,-24.17946583990986,0.001573961746756077,1.0,0.015625,243.078125
6394,-24.17946584137396,0.0015691998234348256,1.0,0.015625,243.09375
6395,-24.179465842814484,0.0015566991598645837,1.0,0.015625,243.109375
6396,-24.17946584399953,0.001561011691201814,1.0,0.140625,243.25
6397,-24.17946584532217,0.001552869263197671,1.0,0.0,243.25
6398,-24.17946584678906,0.0015419192969067029,1.0,0.015625,243.265625
6399,-24.179465848202803,0.0015440841449519509,1.0,0.015625,243.28125
6400,-24.17946584956842,0.0015443310744101474,1.0,0.140625,243.421875
6401,-24.179465851189995,0.001566311676734749,1.0,0.015625,243.4375
6402,-24.17946585273818,0.0015601972907251789,1.0,0.015625,243.453125
6403,-24.17946585430301,0.0015663257392474527,1.0,0.015625,243.46875
6404,-24.179465855302755,0.0015730413205662954,1.0,0.046875,243.515625
6405,-24.179465856722256,0.0015540491010056733,1.0,0.015625,243.53125
6406,-24.179465857957126,0.0015513225959532086,1.0,0.015625,243.546875
6407,-24.179465858750575,0.0015554334776784096,1.0,0.03125,243.578125
6408,-24.179465859704496,0.0015392617170101011,1.0,0.015625,243.59375
6409,-24.179465860921592,0.001534128506916722,1.0,0.015625,243.609375
6410,-24.179465862004964,0.0015289263504402082,1.0,0.140625,243.75
6411,-24.179465863667588,0.0015103307953192636,1.0,0.0,243.75
6412,-24.17946586501858,0.0015049546084561654,1.0,0.015625,243.765625
6413,-24.179465866649164,0.0015104412153693371,1.0,0.015625,243.78125
6414,-24.17946586780428,0.001523458806622678,1.0,0.125,243.90625
6415,-24.179465869151628,0.0015262157995825005,1.0,0.015625,243.921875
6416,-24.179465870328446,0.0015421798574915334,1.0,0.015625,243.9375
6417,-24.17946587160874,0.001534509052906451,1.0,0.015625,243.953125
6418,-24.179465872799117,0.001532461472431571,1.0,0.140625,244.09375
6419,-24.17946587407683,0.0015289799168506162,1.0,0.015625,244.109375
6420,-24.179465875265024,0.001521274034279023,1.0,0.015625,244.125
6421,-24.179465876297957,0.0015201498250530401,1.0,0.015625,244.140625
6422,-24.179465877683043,0.00150537912316924,1.0,0.015625,244.15625
6423,-24.17946587864942,0.0015076702896097386,1.0,0.125,244.28125
6424,-24.179465879546882,0.0015084678665918715,1.0,0.015625,244.296875
6425,-24.179465880466108,0.001507267670756113,1.0,0.015625,244.3125
6426,-24.17946588173015,0.0015026649235854068,1.0,0.015625,244.328125
6427,-24.179465882817592,0.0015066367460469967,1.0,0.03125,244.359375
6428,-24.179465883733396,0.0014950785387013526,1.0,0.0,244.359375
6429,-24.179465884993846,0.0015042274014211863,1.0,0.015625,244.375
6430,-24.179465886374444,0.0015139078548775326,1.0,0.015625,244.390625
6431,-24.17946588760064,0.0014990225555588381,1.0,0.0625,244.453125
6432,-24.17946588873829,0.0015044702358822802,1.0,0.0,244.453125
6433,-24.17946589006585,0.0014913320048734592,1.0,0.015625,244.46875
6434,-24.179465891433935,0.0015056783012204458,1.0,0.09375,244.5625
6435,-24.179465892546148,0.0015078525349159334,1.0,0.015625,244.578125
6436,-24.179465893722462,0.0015079070143751384,1.0,0.015625,244.59375
6437,-24.179465895043357,0.001508575918854587,1.0,0.015625,244.609375
6438,-24.17946589615705,0.0015013482790013687,1.0,0.140625,244.75
6439,-24.179465897196838,0.001498070135066298,1.0,0.046875,244.796875
6440,-24.17946589817992,0.0014840849062296756,1.0,0.015625,244.8125
6441,-24.17946589923505,0.001472166412215438,1.0,0.015625,244.828125
6442,-24.179465900597794,0.0014776366182472718,1.0,0.03125,244.859375
6443,-24.179465902075947,0.0014824745378860752,1.0,0.015625,244.875
6444,-24.179465903411106,0.0014851574278854972,1.0,0.015625,244.890625
6445,-24.179465904404022,0.0014665310250380436,1.0,0.015625,244.90625
6446,-24.179465905633894,0.0014585471312601479,1.0,0.109375,245.015625
6447,-24.179465906491952,0.0014653634664227341,1.0,0.0,245.015625
6448,-24.179465907586682,0.0014685630312715515,1.0,0.015625,245.03125
6449,-24.179465908282005,0.0014633498102207254,1.0,0.015625,245.046875
6450,-24.179465909335615,0.0014552154431201289,1.0,0.125,245.171875
6451,-24.17946591063539,0.0014522695237651584,1.0,0.015625,245.1875
6452,-24.17946591145315,0.0014480673590834192,1.0,0.015625,245.203125
6453,-24.17946591235036,0.0014617404425573885,1.0,0.015625,245.21875
6454,-24.179465913556854,0.001449950964308268,1.0,0.140625,245.359375
6455,-24.179465914746476,0.0014376958152826158,1.0,0.015625,245.375
6456,-24.17946591607346,0.0014272022431007975,1.0,0.015625,245.390625
6457,-24.179465916900813,0.0014200730571949586,1.0,0.015625,245.40625
6458,-24.17946591774049,0.0014262723679506137,1.0,0.09375,245.5
6459,-24.179465919371605,0.0014082282706779803,1.0,0.015625,245.515625
6460,-24.179465920366315,0.0014004695845269838,1.0,0.015625,245.53125
6461,-24.179465921959316,0.0014146417882973928,1.0,0.015625,245.546875
6462,-24.179465922957778,0.0014152222483813563,1.0,0.015625,245.5625
6463,-24.179465923941493,0.0014128157657423356,1.0,0.140625,245.703125
6464,-24.179465924955647,0.0014218470953815264,1.0,0.03125,245.734375
6465,-24.179465925997672,0.0014233678567123064,1.0,0.015625,245.75
6466,-24.179465926640738,0.0014245798189288193,1.0,0.015625,245.765625
6467,-24.179465927666204,0.0014167303903810863,1.0,0.015625,245.78125
6468,-24.17946592884532,0.0014152757419076296,1.0,0.125,245.90625
6469,-24.17946593002454,0.0014124941072242117,1.0,0.015625,245.921875
6470,-24.17946593097035,0.0014140605777976296,1.0,0.015625,245.9375
6471,-24.1794659322783,0.0014158020921111814,1.0,0.015625,245.953125
6472,-24.179465933271924,0.0014255351846011468,1.0,0.140625,246.09375
6473,-24.179465934290842,0.0014325227616615024,1.0,0.015625,246.109375
6474,-24.179465935406945,0.0014327225742999901,1.0,0.015625,246.125
6475,-24.17946593641223,0.0014132540487245286,1.0,0.015625,246.140625
6476,-24.179465937342727,0.0014213439466570956,1.0,0.03125,246.171875
6477,-24.179465938582663,0.0014133209992004884,1.0,0.015625,246.1875
6478,-24.179465939323624,0.0014182159447448054,1.0,0.015625,246.203125
6479,-24.179465940628862,0.0014183348993737973,1.0,0.109375,246.3125
6480,-24.179465941880952,0.001405692897168827,1.0,0.0,246.3125
6481,-24.179465942761336,0.0014060256338656908,1.0,0.015625,246.328125
6482,-24.179465943705317,0.0014022404400472425,1.0,0.015625,246.34375
6483,-24.179465944827488,0.0014118338700433728,1.0,0.015625,246.359375
6484,-24.179465945932307,0.0014137741032188285,1.0,0.0625,246.421875
6485,-24.179465947363134,0.0014169361119118786,1.0,0.015625,246.4375
6486,-24.179465948375935,0.0014141587742596182,1.0,0.015625,246.453125
6487,-24.17946594927255,0.0014089426391171362,1.0,0.015625,246.46875
6488,-24.17946595007474,0.0014062178524360607,1.0,0.046875,246.515625
6489,-24.179465951207888,0.001399823036912943,1.0,0.0,246.515625
6490,-24.179465952183282,0.0013955651804353308,1.0,0.015625,246.53125
6491,-24.179465952917887,0.001396977488583352,1.0,0.015625,246.546875
6492,-24.179465954038804,0.0013991051264148886,1.0,0.140625,246.6875
6493,-24.179465954645714,0.0013918240741899234,1.0,0.0,246.6875
6494,-24.1794659554747,0.001388536530784852,1.0,0.015625,246.703125
6495,-24.17946595646823,0.0013844616424709406,1.0,0.015625,246.71875
6496,-24.179465957480772,0.0013683901346219318,1.0,0.125,246.84375
6497,-24.179465958664984,0.0013555140397154247,1.0,0.0,246.84375
6498,-24.17946595958402,0.0013484609881226671,1.0,0.015625,246.859375
6499,-24.179465960657396,0.0013401562886677953,1.0,0.140625,247.0
6500,-24.17946596145849,0.0013360144027917365,1.0,0.0,247.0
6501,-24.17946596257397,0.0013429796691453002,1.0,0.015625,247.015625
6502,-24.179465963322567,0.0013422161154526943,1.0,0.015625,247.03125
6503,-24.17946596428067,0.0013260055159365976,1.0,0.03125,247.0625
6504,-24.179465965450014,0.0013273958018364428,1.0,0.015625,247.078125
6505,-24.179465966327502,0.0013148956427073576,1.0,0.015625,247.09375
6506,-24.179465967221773,0.0013229665680652705,1.0,0.015625,247.109375
6507,-24.17946596802038,0.0013207598228060107,1.0,0.03125,247.140625
6508,-24.17946596919953,0.0013292163893753347,1.0,0.03125,247.171875
6509,-24.179465970329936,0.0013345254029146613,1.0,0.015625,247.1875
6510,-24.17946597117953,0.001336683387036392,1.0,0.140625,247.328125
6511,-24.179465971868844,0.0013383893161200912,1.0,0.015625,247.34375
6512,-24.179465972777862,0.0013398363705546417,1.0,0.015625,247.359375
6513,-24.17946597396596,0.0013433122001373506,1.0,0.015625,247.375
6514,-24.179465974857187,0.001345433226339487,1.0,0.140625,247.515625
6515,-24.17946597616205,0.0013371811841413703,1.0,0.015625,247.53125
6516,-24.17946597706855,0.001335814351538281,1.0,0.015625,247.546875
6517,-24.179465977684565,0.001341257108269679,1.0,0.015625,247.5625
6518,-24.179465978609997,0.001337196096533977,1.0,0.015625,247.578125
6519,-24.179465979426464,0.0013354667654362352,1.0,0.140625,247.71875
6520,-24.17946598051904,0.0013366506847178735,1.0,0.015625,247.734375
6521,-24.17946598131468,0.0013356084281703048,1.0,0.015625,247.75
6522,-24.179465982372687,0.001343362662471662,1.0,0.015625,247.765625
6523,-24.179465983540776,0.0013434593143536958,1.0,0.03125,247.796875
6524,-24.179465984272987,0.0013318896338804023,1.0,0.015625,247.8125
6525,-24.179465985284548,0.0013420778557342989,1.0,0.015625,247.828125
6526,-24.179465986091504,0.0013426237963554651,1.0,0.015625,247.84375
6527,-24.179465987251856,0.0013388455507647343,1.0,0.140625,247.984375
6528,-24.179465988651845,0.0013308933362781346,1.0,0.03125,248.015625
6529,-24.17946598945593,0.001341099412952734,1.0,0.015625,248.03125
6530,-24.179465990071066,0.0013387371903198116,1.0,0.015625,248.046875
6531,-24.17946599114632,0.0013336614383191562,1.0,0.015625,248.0625
6532,-24.179465991893252,0.0013480153459509302,1.0,0.125,248.1875
6533,-24.179465992919393,0.0013494104231035404,1.0,0.015625,248.203125
6534,-24.179465994042317,0.0013562721089116602,1.0,0.015625,248.21875
6535,-24.179465995011057,0.0013433737748940228,1.0,0.03125,248.25
6536,-24.179465995771604,0.001333139322595779,1.0,0.015625,248.265625
6537,-24.179465996757116,0.0013350676869717337,1.0,0.015625,248.28125
6538,-24.17946599760683,0.0013158671168590878,1.0,0.015625,248.296875
6539,-24.179465998658465,0.0013159906257756118,1.0,0.015625,248.3125
6540,-24.17946599929163,0.0013177231290788993,1.0,0.125,248.4375
6541,-24.179465999894944,0.0013149061421802916,1.0,0.015625,248.453125
6542,-24.179466000724943,0.001301636422192129,1.0,0.015625,248.46875
6543,-24.179466001509105,0.0013245726004546658,1.0,0.015625,248.484375
6544,-24.179466002400616,0.0013218740761127372,1.0,0.09375,248.578125
6545,-24.179466003645015,0.0013202755073700816,1.0,0.046875,248.625
6546,-24.17946600486234,0.0013243049804627484,1.0,0.015625,248.640625
6547,-24.179466005544032,0.0013278468613174613,1.0,0.015625,248.65625
6548,-24.179466006736384,0.001324372428726958,1.0,0.109375,248.765625
6549,-24.179466007848532,0.0013249330360164343,1.0,0.015625,248.78125
6550,-24.179466008730074,0.0013163474152973105,1.0,0.015625,248.796875
6551,-24.17946600967359,0.0013223160460376173,1.0,0.015625,248.8125
6552,-24.179466010928493,0.0013166285348154183,1.0,0.015625,248.828125
6553,-24.17946601179891,0.0013251895764409152,1.0,0.03125,248.859375
6554,-24.17946601275516,0.0013195749434126414,1.0,0.015625,248.875
6555,-24.17946601361656,0.0013158836309922787,1.0,0.015625,248.890625
6556,-24.179466014440973,0.0012964493742393267,1.0,0.015625,248.90625
6557,-24.17946601516731,0.0012969945940267816,1.0,0.015625,248.921875
6558,-24.179466015768938,0.0012944371459129816,1.0,0.125,249.046875
6559,-24.179466016765982,0.0012954426835015903,1.0,0.015625,249.0625
6560,-24.179466017592112,0.001305417440824928,1.0,0.015625,249.078125
6561,-24.179466018469295,0.0012953110227421538,1.0,0.015625,249.09375
6562,-24.179466019046824,0.001296730048471616,1.0,0.046875,249.140625
6563,-24.179466019754578,0.001293562544793201,1.0,0.015625,249.15625
6564,-24.1794660207343,0.0012921953382824599,1.0,0.015625,249.171875
6565,-24.179466021279524,0.0012892873832293132,1.0,0.015625,249.1875
6566,-24.1794660224945,0.0012923350291833722,1.0,0.03125,249.21875
6567,-24.1794660234064,0.0012958047790209723,1.0,0.046875,249.265625
6568,-24.179466024185892,0.0012933306255347363,1.0,0.015625,249.28125
6569,-24.179466025003844,0.0012901953606126572,1.0,0.015625,249.296875
6570,-24.179466025890655,0.0012879637173811179,1.0,0.09375,249.390625
6571,-24.17946602672142,0.0012883895318669793,1.0,0.015625,249.40625
6572,-24.179466027495703,0.001293201423089508,1.0,0.015625,249.421875
6573,-24.179466028433758,0.0012928780096341827,1.0,0.015625,249.4375
6574,-24.17946602942873,0.0012882747383694644,1.0,0.140625,249.578125
6575,-24.179466030176798,0.0012910529036193454,1.0,0.03125,249.609375
6576,-24.179466031029765,0.0012788691766454816,1.0,0.015625,249.625
6577,-24.179466031701526,0.0012767575279072814,1.0,0.015625,249.640625
6578,-24.179466032437062,0.0012764836876724929,1.0,0.125,249.765625
6579,-24.179466033519805,0.0012703584569281072,1.0,0.015625,249.78125
6580,-24.17946603456617,0.0012650797351314612,1.0,0.015625,249.796875
6581,-24.17946603572399,0.0012636756362908134,1.0,0.03125,249.828125
6582,-24.179466036783342,0.0012544638935973367,1.0,0.015625,249.84375
6583,-24.17946603755616,0.001250424685991625,1.0,0.015625,249.859375
6584,-24.179466038105677,0.00125591430169246,1.0,0.015625,249.875
6585,-24.179466038899434,0.0012539803006702574,1.0,0.140625,250.015625
6586,-24.179466039470135,0.0012588512046516167,1.0,0.015625,250.03125
6587,-24.179466040198765,0.0012519434547580552,1.0,0.015625,250.046875
6588,-24.179466041184817,0.00124961215217059,1.0,0.015625,250.0625
6589,-24.179466041821154,0.001249300208312429,1.0,0.109375,250.171875
6590,-24.179466042598573,0.0012424329136869064,1.0,0.015625,250.1875
6591,-24.17946604351774,0.0012473147784816472,1.0,0.015625,250.203125
6592,-24.179466044341677,0.0012471081690740402,1.0,0.015625,250.21875
6593,-24.17946604505509,0.0012456731752079888,1.0,0.03125,250.25
6594,-24.179466045616987,0.0012426918095182777,1.0,0.015625,250.265625
6595,-24.179466046649697,0.0012546839065972933,1.0,0.015625,250.28125
6596,-24.179466047191905,0.0012404893116387883,1.0,0.03125,250.3125
6597,-24.179466047762684,0.0012472895809914545,1.0,0.015625,250.328125
6598,-24.179466048828328,0.0012403940474603888,1.0,0.015625,250.34375
6599,-24.179466049377385,0.001240289661433597,1.0,0.140625,250.484375
6600,-24.179466050000034,0.0012331803372168577,1.0,0.015625,250.5
6601,-24.179466050877597,0.001231869689734956,1.0,0.015625,250.515625
6602,-24.179466051596286,0.001217491061345105,1.0,0.015625,250.53125
6603,-24.179466052348175,0.0012188451645600985,1.0,0.140625,250.671875
6604,-24.179466052874382,0.001217981733285949,1.0,0.015625,250.6875
6605,-24.17946605367002,0.0012143515484174746,1.0,0.015625,250.703125
6606,-24.179466054458267,0.0012061729417544356,1.0,0.015625,250.71875
6607,-24.179466055142594,0.001187356446738897,1.0,0.09375,250.8125
6608,-24.179466056001065,0.0011887285194473723,1.0,0.015625,250.828125
6609,-24.179466056690263,0.0011988506814159068,1.0,0.015625,250.84375
6610,-24.179466057620008,0.001197720166443953,1.0,0.015625,250.859375
6611,-24.179466058292213,0.001198309772124117,1.0,0.09375,250.953125
6612,-24.179466059156958,0.0011965903058534994,1.0,0.03125,250.984375
6613,-24.179466060010608,0.001189740773439812,1.0,0.015625,251.0
6614,-24.179466061061575,0.001190918936728931,1.0,0.015625,251.015625
6615,-24.179466061717513,0.0011948763961287814,1.0,0.078125,251.09375
6616,-24.17946606230485,0.0011934504493992866,1.0,0.015625,251.109375
6617,-24.179466063178108,0.0011886869641032252,1.0,0.015625,251.125
6618,-24.17946606381865,0.001191765076963685,1.0,0.015625,251.140625
6619,-24.179466064434088,0.0011976053311544698,1.0,0.09375,251.234375
6620,-24.17946606508619,0.001196824660723644,1.0,0.015625,251.25
6621,-24.179466065837634,0.0011985568600406263,1.0,0.015625,251.265625
6622,-24.179466066515758,0.0011970052283386094,1.0,0.015625,251.28125
6623,-24.17946606714274,0.0012054761384312294,1.0,0.0625,251.34375
6624,-24.17946606800379,0.0012022385901166103,1.0,0.015625,251.359375
6625,-24.179466068955172,0.0012059835075339904,1.0,0.015625,251.375
6626,-24.179466069636945,0.001203631612812385,1.0,0.015625,251.390625
6627,-24.179466070076238,0.001204287710578561,1.0,0.0625,251.453125
6628,-24.179466070901114,0.0012120992816057963,1.0,0.0,251.453125
6629,-24.179466071475712,0.0012118716881130706,1.0,0.015625,251.46875
6630,-24.179466072188195,0.0011960984414334584,1.0,0.140625,251.609375
6631,-24.17946607275252,0.0011933765860340274,1.0,0.015625,251.625
6632,-24.179466073314043,0.0011932409705627707,1.0,0.015625,251.640625
6633,-24.179466074152067,0.0012070132729866307,1.0,0.015625,251.65625
6634,-24.179466074583875,0.001199724059924667,1.0,0.03125,251.6875
6635,-24.17946607529459,0.0012013001138895746,1.0,0.0,251.6875
6636,-24.179466076116565,0.001193965086728507,1.0,0.015625,251.703125
6637,-24.179466076955027,0.0012061719302516214,1.0,0.015625,251.71875
6638,-24.179466077554984,0.0012079915124584364,1.0,0.09375,251.8125
6639,-24.17946607821124,0.0012099591431078633,1.0,0.015625,251.828125
6640,-24.179466078904916,0.001199935309070421,1.0,0.015625,251.84375
6641,-24.179466079543825,0.0011916225444345869,1.0,0.140625,251.984375
6642,-24.17946608004566,0.0012010173977964088,1.0,0.015625,252.0
6643,-24.179466080757035,0.0011961776214011034,1.0,0.015625,252.015625
6644,-24.179466081592093,0.0011981573394862779,1.0,0.015625,252.03125
6645,-24.17946608212023,0.0011965147412538793,1.0,0.0625,252.09375
6646,-24.179466083173264,0.0011968194670963436,1.0,0.0,252.09375
6647,-24.179466084107297,0.0011871528781165147,1.0,0.015625,252.109375
6648,-24.17946608487599,0.0011798416592160917,1.0,0.015625,252.125
6649,-24.179466085759465,0.0011761698293093269,1.0,0.140625,252.265625
6650,-24.17946608630161,0.0011759876279159582,1.0,0.015625,252.28125
6651,-24.1794660869185,0.0011789221699687498,1.0,0.015625,252.296875
6652,-24.179466087796573,0.0011859159638770301,1.0,0.140625,252.4375
6653,-24.179466088528923,0.0011814116016989227,1.0,0.015625,252.453125
6654,-24.17946608920838,0.001163928156535349,1.0,0.015625,252.46875
6655,-24.17946608992123,0.0011615070196373206,1.0,0.015625,252.484375
6656,-24.179466090628072,0.0011609117109139524,1.0,0.015625,252.5
6657,-24.179466091439167,0.001156633031367816,1.0,0.0625,252.5625
6658,-24.179466092038204,0.001159363168428951,1.0,0.0,252.5625
6659,-24.179466092728013,0.0011481382309606336,1.0,0.015625,252.578125
6660,-24.179466093298394,0.0011530411725626582,1.0,0.015625,252.59375
6661,-24.179466093917558,0.0011548988274585328,1.0,0.0625,252.65625
6662,-24.179466094369275,0.0011478028126967299,1.0,0.015625,252.671875
6663,-24.17946609504087,0.0011608721580960621,1.0,0.015625,252.6875
6664,-24.179466095705727,0.0011628179368810485,1.0,0.140625,252.828125
6665,-24.179466096393885,0.001147198767105,1.0,0.015625,252.84375
6666,-24.179466097012895,0.0011520701158867464,1.0,0.015625,252.859375
6667,-24.179466097723555,0.0011431831765508526,1.0,0.015625,252.875
6668,-24.179466098317505,0.0011346458508972317,1.0,0.140625,253.015625
6669,-24.179466099052643,0.0011411114681318078,1.0,0.0,253.015625
6670,-24.179466099814853,0.0011472780542699371,1.0,0.015625,253.03125
6671,-24.17946610048372,0.0011413191835705208,1.0,0.015625,253.046875
6672,-24.179466100827,0.0011394871766053285,1.0,0.140625,253.1875
6673,-24.179466101398635,0.00113696657923038,1.0,0.015625,253.203125
6674,-24.179466101937606,0.001143906768935152,1.0,0.015625,253.21875
6675,-24.179466102625394,0.0011485980248533735,1.0,0.015625,253.234375
6676,-24.17946610350085,0.001144062556628985,1.0,0.109375,253.34375
6677,-24.179466104166284,0.001145911017297919,1.0,0.015625,253.359375
6678,-24.179466104983874,0.0011406964856345994,1.0,0.015625,253.375
6679,-24.17946610557095,0.0011304149513493768,1.0,0.015625,253.390625
6680,-24.179466106137856,0.0011439010134690548,1.0,0.09375,253.484375
6681,-24.179466106609784,0.0011417385710558098,1.0,0.0,253.484375
6682,-24.179466107173717,0.0011402073557092354,1.0,0.015625,253.5
6683,-24.17946610779078,0.0011394902136104934,1.0,0.125,253.625
6684,-24.17946610851974,0.0011447148137334131,1.0,0.0,253.625
6685,-24.179466109150336,0.001149363248357988,1.0,0.015625,253.640625
6686,-24.179466109829054,0.0011493815344431897,1.0,0.015625,253.65625
6687,-24.179466110684825,0.0011489587166278999,1.0,0.03125,253.6875
6688,-24.179466111330683,0.0011412361951006335,1.0,0.015625,253.703125
6689,-24.179466112142876,0.0011424612194034752,1.0,0.015625,253.71875
6690,-24.17946611285388,0.0011426456134808261,1.0,0.078125,253.796875
6691,-24.179466113741565,0.001137263478604156,1.0,0.015625,253.8125
6692,-24.17946611473232,0.0011239834922955776,1.0,0.015625,253.828125
6693,-24.179466115237837,0.0011242054482323192,1.0,0.015625,253.84375
6694,-24.17946611586338,0.001123984821892746,1.0,0.03125,253.875
6695,-24.179466116709538,0.0011208778874686337,1.0,0.0,253.875
6696,-24.179466117458905,0.001105342714151287,1.0,0.015625,253.890625
6697,-24.179466117933817,0.0011047936186433269,1.0,0.046875,253.9375
6698,-24.179466118414464,0.0011079936953907255,1.0,0.015625,253.953125
6699,-24.179466118873233,0.0011134787037620079,1.0,0.015625,253.96875
6700,-24.179466119400416,0.0011130461131310893,1.0,0.015625,253.984375
6701,-24.179466119960562,0.0011065184972049878,1.0,0.09375,254.078125
6702,-24.179466120769074,0.0011097471244921869,1.0,0.015625,254.09375
6703,-24.179466121481028,0.0011044506692146432,1.0,0.015625,254.109375
6704,-24.179466121946476,0.0011081053439400267,1.0,0.015625,254.125
6705,-24.179466122364076,0.0011121372507253656,1.0,0.03125,254.15625
6706,-24.17946612305309,0.0011026336883686453,1.0,0.015625,254.171875
6707,-24.179466123792682,0.0011013880992576015,1.0,0.015625,254.1875
6708,-24.179466124536106,0.0010986383381551385,1.0,0.015625,254.203125
6709,-24.17946612504741,0.001095517401379018,1.0,0.125,254.328125
6710,-24.17946612549268,0.001100530046900699,1.0,0.0,254.328125
6711,-24.1794661261093,0.0010980857220527782,1.0,0.015625,254.34375
6712,-24.179466126774255,0.0010972362384299458,1.0,0.03125,254.375
6713,-24.17946612754374,0.0010967395085340293,1.0,0.015625,254.390625
6714,-24.179466128314704,0.0010896695642163092,1.0,0.015625,254.40625
6715,-24.17946612882616,0.00108569713672284,1.0,0.140625,254.546875
6716,-24.17946612935957,0.0010945537386558477,1.0,0.015625,254.5625
6717,-24.17946612987036,0.001087513302928967,1.0,0.015625,254.578125
6718,-24.179466130666825,0.0010786082423144261,1.0,0.015625,254.59375
6719,-24.179466131391507,0.0010914576380169011,1.0,0.140625,254.734375
6720,-24.179466131833802,0.0010889820524162084,1.0,0.0,254.734375
6721,-24.179466132309866,0.0010776280163732942,1.0,0.015625,254.75
6722,-24.179466132638137,0.0010726274824503273,1.0,0.109375,254.859375
6723,-24.17946613331525,0.0010916684413774759,1.0,0.015625,254.875
6724,-24.179466133862817,0.0010787946140960957,1.0,0.140625,255.015625
6725,-24.17946613449297,0.0010677913236377635,1.0,0.015625,255.03125
6726,-24.17946613506101,0.0010670576726812212,1.0,0.015625,255.046875
6727,-24.179466135642603,0.0010681421411709545,1.0,0.03125,255.078125
6728,-24.179466136264338,0.0010671282544041495,1.0,0.0,255.078125
6729,-24.179466136964507,0.0010745344018972995,1.0,0.015625,255.09375
6730,-24.179466137401956,0.0010713782829757591,1.0,0.015625,255.109375
6731,-24.179466138040706,0.0010659806555049416,1.0,0.046875,255.15625
6732,-24.179466138661116,0.0010701819299081866,1.0,0.015625,255.171875
6733,-24.17946613941611,0.0010565285523955058,1.0,0.015625,255.1875
6734,-24.179466139852092,0.001050663214160913,1.0,0.125,255.3125
6735,-24.179466140598898,0.0010508021645537961,1.0,0.015625,255.328125
6736,-24.17946614117853,0.0010535498190037634,1.0,0.015625,255.34375
6737,-24.179466141653254,0.0010527499467120976,1.0,0.015625,255.359375
6738,-24.179466142443093,0.0010542609000437151,1.0,0.140625,255.5
6739,-24.179466142989792,0.0010593799496141122,1.0,0.0,255.5
6740,-24.179466143510464,0.0010541641909405579,1.0,0.015625,255.515625
6741,-24.17946614402095,0.0010512594786198685,1.0,0.015625,255.53125
6742,-24.179466144407233,0.001050680338795806,1.0,0.140625,255.671875
6743,-24.17946614495863,0.001046201016379224,1.0,0.015625,255.6875
6744,-24.17946614548394,0.0010489668815119838,1.0,0.015625,255.703125
6745,-24.1794661459754,0.0010431260985299968,1.0,0.015625,255.71875
6746,-24.179466146437665,0.0010416802625499758,1.0,0.109375,255.828125
6747,-24.179466146933038,0.0010371389135169023,1.0,0.015625,255.84375
6748,-24.179466147542076,0.0010309114646851257,1.0,0.015625,255.859375
6749,-24.179466148283343,0.0010491095154555063,1.0,0.015625,255.875
6750,-24.179466148781238,0.0010507835570562614,1.0,0.140625,256.015625
6751,-24.17946614931459,0.0010542794717744554,1.0,0.03125,256.046875
6752,-24.179466149988535,0.0010501137297908546,1.0,0.015625,256.0625
6753,-24.17946615063221,0.0010445510633737291,1.0,0.015625,256.078125
6754,-24.179466151218957,0.0010429984321389146,1.0,0.046875,256.125
6755,-24.179466151712656,0.0010409527269976118,1.0,0.015625,256.140625
6756,-24.17946615214251,0.0010431948695506722,1.0,0.015625,256.15625
6757,-24.17946615272011,0.0010463777158594956,1.0,0.015625,256.171875
6758,-24.17946615317213,0.0010477977145853413,1.0,0.046875,256.21875
6759,-24.179466153879325,0.001052182336806642,1.0,0.015625,256.234375
6760,-24.17946615441742,0.0010558360698475417,1.0,0.015625,256.25
6761,-24.17946615479786,0.0010513143064863526,1.0,0.140625,256.390625
6762,-24.179466155378577,0.0010518332698267784,1.0,0.0,256.390625
6763,-24.179466156177323,0.001035798923022039,1.0,0.015625,256.40625
6764,-24.17946615651794,0.0010349794031926428,1.0,0.015625,256.421875
6765,-24.179466157138044,0.001041560126437837,1.0,0.046875,256.46875
6766,-24.179466157751943,0.0010334784199116124,1.0,0.0,256.46875
6767,-24.179466158395286,0.0010251370068142783,1.0,0.015625,256.484375
6768,-24.179466158989953,0.0010144566734739534,1.0,0.015625,256.5
6769,-24.179466159633233,0.0010131335682679848,1.0,0.03125,256.53125
6770,-24.17946616005076,0.0010115321177695726,1.0,0.0,256.53125
6771,-24.17946616048627,0.0010091207719953984,1.0,0.015625,256.546875
6772,-24.17946616093512,0.0010078709872279228,1.0,0.109375,256.65625
6773,-24.179466161355414,0.0010086495149279897,1.0,0.015625,256.671875
6774,-24.17946616180935,0.0010044916208033587,1.0,0.015625,256.6875
6775,-24.179466162330765,0.0009932343782062033,1.0,0.015625,256.703125
6776,-24.179466163036253,0.0009955981037094,1.0,0.078125,256.78125
6777,-24.179466163362644,0.0009979577119965087,1.0,0.015625,256.796875
6778,-24.179466163956533,0.0009887218957265922,1.0,0.03125,256.828125
6779,-24.17946616434031,0.0009798176788699319,1.0,0.015625,256.84375
6780,-24.179466164877123,0.0009825700936864426,1.0,0.015625,256.859375
6781,-24.17946616553818,0.0009865108770840503,1.0,0.03125,256.890625
6782,-24.179466165994054,0.0009881860846894022,1.0,0.015625,256.90625
6783,-24.179466166416425,0.0009923351348143001,1.0,0.015625,256.921875
6784,-24.179466166724016,0.0009876890083308598,1.0,0.109375,257.03125
6785,-24.179466167044204,0.000994134876984753,1.0,0.015625,257.046875
6786,-24.179466167489988,0.0009906013949302567,1.0,0.015625,257.0625
6787,-24.179466167834164,0.0009899226890238816,1.0,0.015625,257.078125
6788,-24.17946616825525,0.0009887053641319569,1.0,0.0625,257.140625
6789,-24.17946616859743,0.0009912189534556513,1.0,0.0,257.140625
6790,-24.1794661690662,0.0009937409241505364,1.0,0.015625,257.15625
6791,-24.17946616961661,0.0010022707059088101,1.0,0.015625,257.171875
6792,-24.179466170106853,0.0009969261529931544,1.0,0.0625,257.234375
6793,-24.179466170734663,0.0010038995889819018,1.0,0.015625,257.25
6794,-24.17946617117655,0.000988586350358794,1.0,0.015625,257.265625
6795,-24.17946617166425,0.0009867852358855015,1.0,0.015625,257.28125
6796,-24.179466172072225,0.0009838267597808788,1.0,0.03125,257.3125
6797,-24.179466172622877,0.0009824623440412292,1.0,0.015625,257.328125
6798,-24.17946617318895,0.0009690438495702931,1.0,0.015625,257.34375
6799,-24.17946617369483,0.000975202016787345,1.0,0.03125,257.375
6800,-24.17946617407391,0.0009769388197620901,1.0,0.03125,257.40625
6801,-24.179466174400133,0.0009743259428992127,1.0,0.015625,257.421875
6802,-24.179466174793156,0.0009770679417082924,1.0,0.078125,257.5
6803,-24.179466175189653,0.0009764552632185334,1.0,0.0,257.5
6804,-24.17946617592589,0.0009772283495790804,1.0,0.015625,257.515625
6805,-24.17946617633453,0.0009797501524607282,1.0,0.125,257.640625
6806,-24.17946617686892,0.0009865748175177027,1.0,0.0,257.640625
6807,-24.179466177338206,0.0009873699148941638,1.0,0.015625,257.65625
6808,-24.179466177934653,0.000986354112956307,1.0,0.015625,257.671875
6809,-24.179466178352648,0.000986622953373627,1.0,0.046875,257.71875
6810,-24.17946617890168,0.0009861546114821398,1.0,0.015625,257.734375
6811,-24.17946617925301,0.0009869074875069749,1.0,0.015625,257.75
6812,-24.17946617979337,0.0009814258176460199,1.0,0.0625,257.8125
6813,-24.179466180268147,0.0009837614037941805,1.0,0.0,257.8125
6814,-24.179466180783574,0.0009793424562975649,1.0,0.015625,257.828125
6815,-24.17946618130145,0.0009859296924242538,1.0,0.015625,257.84375
6816,-24.17946618168654,0.0009854201336899333,1.0,0.140625,257.984375
6817,-24.179466182233472,0.000973863990317533,1.0,0.015625,258.0
6818,-24.179466182750602,0.000978767268251072,1.0,0.015625,258.015625
6819,-24.179466183186392,0.0009797306449302293,1.0,0.015625,258.03125
6820,-24.179466183775407,0.0009740044072740454,1.0,0.140625,258.171875
6821,-24.179466184378178,0.0009770087610318017,1.0,0.015625,258.1875
6822,-24.179466184808646,0.0009747170731095385,1.0,0.015625,258.203125
6823,-24.179466185234613,0.0009782296428942525,1.0,0.015625,258.21875
6824,-24.1794661858098,0.0009757140404044451,1.0,0.09375,258.3125
6825,-24.17946618636429,0.0009759516504095956,1.0,0.015625,258.328125
6826,-24.179466186709366,0.0009793773698422278,1.0,0.015625,258.34375
6827,-24.179466187141465,0.000982806401851649,1.0,0.015625,258.359375
6828,-24.179466187768913,0.0009820021191568593,1.0,0.03125,258.390625
6829,-24.179466188243715,0.0009803183888134044,1.0,0.015625,258.40625
6830,-24.179466188638997,0.000976948488857646,1.0,0.015625,258.421875
6831,-24.179466189183742,0.0009770830009202744,1.0,0.015625,258.4375
6832,-24.17946618968689,0.0009776322303358224,1.0,0.109375,258.546875
6833,-24.179466190048526,0.0009696004646018464,1.0,0.015625,258.5625
6834,-24.17946619032296,0.0009625723906349195,1.0,0.015625,258.578125
6835,-24.179466190959637,0.0009603192008449285,1.0,0.015625,258.59375
6836,-24.179466191395893,0.0009601142924594576,1.0,0.09375,258.6875
6837,-24.179466191768704,0.0009592474620178754,1.0,0.0,258.6875
6838,-24.179466192277683,0.000952134610503246,1.0,0.015625,258.703125
6839,-24.17946619279348,0.0009460908249634312,1.0,0.015625,258.71875
6840,-24.17946619312241,0.0009382826966775306,1.0,0.09375,258.8125
6841,-24.17946619359477,0.0009338262494941409,1.0,0.015625,258.828125
6842,-24.179466194107796,0.0009328150258409793,1.0,0.015625,258.84375
6843,-24.17946619440975,0.0009298989743095691,1.0,0.015625,258.859375
6844,-24.179466194954287,0.0009318578741521965,1.0,0.015625,258.875
6845,-24.179466195390678,0.000935119529679984,1.0,0.140625,259.015625
6846,-24.179466195783256,0.0009386054634383183,1.0,0.015625,259.03125
6847,-24.179466196296513,0.0009454674340571409,1.0,0.015625,259.046875
6848,-24.179466196775433,0.000940028801653563,1.0,0.015625,259.0625
6849,-24.17946619737863,0.0009338550837356545,1.0,0.140625,259.203125
6850,-24.179466197841748,0.0009342741795839511,1.0,0.046875,259.25
6851,-24.179466198317453,0.0009350001326714573,1.0,0.015625,259.265625
6852,-24.17946619888334,0.0009399197872078241,1.0,0.015625,259.28125
6853,-24.179466199255906,0.0009431012555799924,1.0,0.140625,259.421875
6854,-24.179466199646708,0.0009483462548396045,1.0,0.015625,259.4375
6855,-24.17946620036179,0.0009364923816184867,1.0,0.015625,259.453125
6856,-24.179466200763166,0.0009344242882043568,1.0,0.015625,259.46875
6857,-24.179466201196412,0.0009383367246667116,1.0,0.140625,259.609375
6858,-24.179466201535455,0.0009414033239788562,1.0,0.0,259.609375
6859,-24.17946620197571,0.0009433430290403889,1.0,0.015625,259.625
6860,-24.17946620249356,0.0009362220402420228,1.0,0.015625,259.640625
6861,-24.17946620286761,0.0009325160142890667,1.0,0.140625,259.78125
6862,-24.179466203159212,0.0009284956062958729,1.0,0.015625,259.796875
6863,-24.17946620360967,0.0009284764340525279,1.0,0.015625,259.8125
6864,-24.179466204074032,0.0009362551193751906,1.0,0.015625,259.828125
6865,-24.179466204413547,0.0009292818442745658,1.0,0.1875,260.015625
6866,-24.17946620490875,0.0009119487460449257,1.0,0.0,260.015625
6867,-24.17946620522359,0.0009153254422112259,1.0,0.015625,260.03125
6868,-24.179466205463342,0.0009066644557249178,1.0,0.109375,260.140625
6869,-24.179466205855995,0.0009111504380155138,1.0,0.015625,260.15625
6870,-24.179466206397827,0.0009042829614208246,1.0,0.0,260.15625
6871,-24.179466206784063,0.0009078290132102918,1.0,0.015625,260.171875
6872,-24.179466207111034,0.0009098835587228569,1.0,0.015625,260.1875
6873,-24.17946620768109,0.0009057634297894179,1.0,0.046875,260.234375
6874,-24.17946620804513,0.000905439303670419,1.0,0.0,260.234375
6875,-24.17946620850819,0.0009061988012776546,1.0,0.015625,260.25
6876,-24.179466208953624,0.0009073795445426567,1.0,0.140625,260.390625
6877,-24.17946620947402,0.0009067658193746612,1.0,0.046875,260.4375
6878,-24.179466209974375,0.0009005297605980064,1.0,0.015625,260.453125
6879,-24.17946621030402,0.0009013226433322264,1.0,0.015625,260.46875
6880,-24.1794662107239,0.0009080083466218941,1.0,0.140625,260.609375
6881,-24.17946621117419,0.0009008639975899499,1.0,0.015625,260.625
6882,-24.179466211531807,0.0009021300428228919,1.0,0.015625,260.640625
6883,-24.17946621199898,0.0009032106645770383,1.0,0.015625,260.65625
6884,-24.179466212470693,0.0009044658970407314,1.0,0.125,260.78125
6885,-24.179466212865766,0.00090104845971472,1.0,0.03125,260.8125
6886,-24.179466213254408,0.0008889622053797417,1.0,0.03125,260.84375
6887,-24.179466213716154,0.0008838371700660312,1.0,0.015625,260.859375
6888,-24.179466214084613,0.0008777832819840949,1.0,0.015625,260.875
6889,-24.17946621432644,0.0008767076758863557,1.0,0.140625,261.015625
6890,-24.179466214685704,0.000881938662348103,1.0,0.015625,261.03125
6891,-24.17946621501632,0.0008870098100741665,1.0,0.015625,261.046875
6892,-24.17946621547571,0.0008920929312050034,1.0,0.015625,261.0625
6893,-24.17946621592014,0.0008949558746711968,1.0,0.015625,261.078125
6894,-24.179466216447356,0.0008884471515669078,1.0,0.09375,261.171875
6895,-24.179466216772642,0.0008838951104758779,1.0,0.046875,261.21875
6896,-24.17946621713446,0.000877044070995831,1.0,0.015625,261.234375
6897,-24.17946621745767,0.0008755620599805798,1.0,0.015625,261.25
6898,-24.179466217857073,0.0008667008647845851,1.0,0.140625,261.390625
6899,-24.17946621824507,0.0008709395162873264,1.0,0.03125,261.421875
6900,-24.179466218600684,0.0008727634082266253,1.0,0.015625,261.4375
6901,-24.17946621903099,0.0008813606777420345,1.0,0.015625,261.453125
6902,-24.179466219328255,0.0008844438932950773,1.0,0.015625,261.46875
6903,-24.17946621968942,0.0008830579978110918,1.0,0.078125,261.546875
6904,-24.179466220197668,0.0008754248896243866,1.0,0.0,261.546875
6905,-24.179466220534188,0.0008738132032903999,1.0,0.015625,261.5625
6906,-24.17946622084848,0.0008739083785860454,1.0,0.125,261.6875
6907,-24.179466221089275,0.000870762077001807,1.0,0.03125,261.71875
6908,-24.179466221560993,0.0008706843504175052,1.0,0.0,261.71875
6909,-24.179466221907848,0.000870086026255109,1.0,0.015625,261.734375
6910,-24.179466222230772,0.0008650592072962432,1.0,0.109375,261.84375
6911,-24.179466222694405,0.0008720420682302252,1.0,0.015625,261.859375
6912,-24.179466223122404,0.0008706236887357326,1.0,0.015625,261.875
6913,-24.17946622351471,0.0008729393107863387,1.0,0.015625,261.890625
6914,-24.179466223981823,0.0008748166032767898,1.0,0.078125,261.96875
6915,-24.179466224424125,0.0008770430074345905,1.0,0.03125,262.0
6916,-24.1794662249317,0.000890123125638696,1.0,0.015625,262.015625
6917,-24.179466225374185,0.0008926374328377946,1.0,0.015625,262.03125
6918,-24.179466225763182,0.0008947926711015741,1.0,0.0625,262.09375
6919,-24.179466226071064,0.0008932259234146203,1.0,0.015625,262.109375
6920,-24.17946622655377,0.0008920302535162949,1.0,0.015625,262.125
6921,-24.179466226971336,0.0009012144732450588,1.0,0.015625,262.140625
6922,-24.17946622721216,0.0009004941864002116,1.0,0.015625,262.15625
6923,-24.17946622761999,0.0008965410978026985,1.0,0.0625,262.21875
6924,-24.179466227981923,0.0008891134490852228,1.0,0.015625,262.234375
6925,-24.17946622848929,0.0008788532815894624,1.0,0.015625,262.25
6926,-24.17946622899222,0.0008689829271880732,1.0,0.140625,262.390625
6927,-24.179466229477097,0.0008743810097778341,1.0,0.015625,262.40625
6928,-24.1794662299154,0.0008731069910154246,1.0,0.0,262.40625
6929,-24.179466230204614,0.0008704716655452928,1.0,0.015625,262.421875
6930,-24.17946623052014,0.0008628782774606249,1.0,0.015625,262.4375
6931,-24.179466230912272,0.0008643209407528903,1.0,0.046875,262.484375
6932,-24.17946623132133,0.0008600396830448932,1.0,0.0,262.484375
6933,-24.179466231697088,0.0008580110443627923,1.0,0.015625,262.5
6934,-24.179466232092118,0.0008588816078384553,1.0,0.140625,262.640625
6935,-24.179466232325638,0.0008579540291748544,1.0,0.015625,262.65625
6936,-24.179466232717004,0.0008615457146920637,1.0,0.015625,262.671875
6937,-24.179466233200277,0.0008520911745084617,1.0,0.015625,262.6875
6938,-24.179466233511906,0.0008479657634779966,1.0,0.015625,262.703125
6939,-24.179466233988535,0.0008507726687541847,1.0,0.015625,262.71875
6940,-24.179466234483222,0.0008552031283439559,1.0,0.015625,262.734375
6941,-24.179466234780975,0.0008552811213670494,1.0,0.078125,262.8125
6942,-24.179466235069174,0.0008495812541550154,1.0,0.015625,262.828125
6943,-24.17946623540562,0.0008500439468355085,1.0,0.015625,262.84375
6944,-24.179466235774015,0.000844506776783442,1.0,0.015625,262.859375
6945,-24.179466236226755,0.0008487294019721373,1.0,0.015625,262.875
6946,-24.179466236624638,0.0008472921047839735,1.0,0.140625,263.015625
6947,-24.179466236909565,0.0008428534241779283,1.0,0.015625,263.03125
6948,-24.179466237228812,0.0008415748403506935,1.0,0.015625,263.046875
6949,-24.179466237500307,0.0008447340985422105,1.0,0.140625,263.1875
6950,-24.179466237801265,0.0008429371374863839,1.0,0.0,263.1875
6951,-24.179466238149224,0.0008531322899375461,1.0,0.015625,263.203125
6952,-24.179466238483865,0.0008535817009589281,1.0,0.015625,263.21875
6953,-24.17946623886701,0.000849979652912019,1.0,0.140625,263.359375
6954,-24.17946623923359,0.000851461283283963,1.0,0.03125,263.390625
6955,-24.179466239613163,0.0008457981696585027,1.0,0.015625,263.40625
6956,-24.179466239945953,0.0008418827317862081,1.0,0.015625,263.421875
6957,-24.179466240267434,0.0008398459075326831,1.0,0.140625,263.5625
6958,-24.179466240706386,0.0008329651253597695,1.0,0.015625,263.578125
6959,-24.179466241135582,0.0008308363232472061,1.0,0.015625,263.59375
6960,-24.179466241467033,0.0008303889152727117,1.0,0.015625,263.609375
6961,-24.179466241785473,0.0008266455341018908,1.0,0.078125,263.6875
6962,-24.179466242099075,0.0008199266083619134,1.0,0.015625,263.703125
6963,-24.17946624246523,0.0008114005249858165,1.0,0.015625,263.71875
6964,-24.17946624282768,0.0008178359983753607,1.0,0.015625,263.734375
6965,-24.17946624314975,0.0008241956270264957,1.0,0.140625,263.875
6966,-24.17946624352077,0.0008373187297025989,1.0,0.0,263.875
6967,-24.179466243870962,0.0008288473267687702,1.0,0.015625,263.890625
6968,-24.17946624423223,0.0008220547291063649,1.0,0.015625,263.90625
6969,-24.17946624459476,0.000820161108132847,1.0,0.078125,263.984375
6970,-24.179466244943466,0.0008082751074769987,1.0,0.015625,264.0
6971,-24.179466245339896,0.0008067126019013639,1.0,0.015625,264.015625
6972,-24.179466245708472,0.000803606490259268,1.0,0.015625,264.03125
6973,-24.179466246043095,0.0008050806705746055,1.0,0.125,264.15625
6974,-24.179466246462507,0.0008101119630676941,1.0,0.015625,264.171875
6975,-24.179466246950394,0.0008146432903340589,1.0,0.015625,264.1875
6976,-24.17946624730919,0.0008024409049739225,1.0,0.015625,264.203125
6977,-24.179466247585367,0.0007992770794930607,1.0,0.046875,264.25
6978,-24.179466247889586,0.0007962730038950806,1.0,0.0,264.25
6979,-24.17946624819897,0.0008008234092243108,1.0,0.015625,264.265625
6980,-24.179466248545108,0.0008062524741703549,1.0,0.015625,264.28125
6981,-24.179466248812503,0.0008096597516680157,1.0,0.125,264.40625
6982,-24.17946624921951,0.0008112008873977145,1.0,0.015625,264.421875
6983,-24.179466249496045,0.0008093550406196516,1.0,0.015625,264.4375
6984,-24.17946624981362,0.0008141562221303184,1.0,0.015625,264.453125
6985,-24.179466250214443,0.0008004606735308829,1.0,0.015625,264.46875
6986,-24.17946625058273,0.0008011488436570498,1.0,0.015625,264.484375
6987,-24.179466251012055,0.000796610625483806,1.0,0.125,264.609375
6988,-24.179466251432224,0.0007995553004086169,1.0,0.0,264.609375
6989,-24.179466251898592,0.0008009452509817613,1.0,0.015625,264.625
6990,-24.179466252254922,0.0008005639496678825,1.0,0.015625,264.640625
6991,-24.17946625259282,0.0007984502975607425,1.0,0.140625,264.78125
6992,-24.179466252871304,0.0007991309505343349,1.0,0.0,264.78125
6993,-24.179466253223815,0.0008006091535343282,1.0,0.015625,264.796875
6994,-24.17946625355466,0.0007912508492333875,1.0,0.015625,264.8125
6995,-24.17946625380752,0.0007970762466473864,1.0,0.03125,264.84375
6996,-24.179466254049675,0.0007946450521747073,1.0,0.0,264.84375
6997,-24.179466254415882,0.000793024115372417,1.0,0.015625,264.859375
6998,-24.17946625473908,0.0007925649636109383,1.0,0.015625,264.875
6999,-24.179466255044126,0.0007973473826432686,1.0,0.03125,264.90625
7000,-24.17946625556926,0.0007970484190679422,1.0,0.015625,264.921875
7001,-24.179466255941946,0.0007952338675385926,1.0,0.015625,264.9375
7002,-24.179466256200637,0.0007967676840395488,1.0,0.015625,264.953125
7003,-24.179466256558246,0.0008018935553459892,1.0,0.015625,264.96875
7004,-24.179466256902685,0.0008017176380661497,1.0,0.125,265.09375
7005,-24.179466257140458,0.0007977891424445596,1.0,0.015625,265.109375
7006,-24.179466257481096,0.0007891911849480038,1.0,0.015625,265.125
7007,-24.179466257841362,0.0007964584351334014,1.0,0.046875,265.171875
7008,-24.179466258169544,0.000789528855934528,1.0,0.03125,265.203125
7009,-24.179466258320655,0.0007917210954951353,1.0,0.015625,265.21875
7010,-24.179466258576706,0.000787341543560692,1.0,0.125,265.34375
7011,-24.179466258893992,0.0007852554427652029,1.0,0.03125,265.375
7012,-24.17946625925806,0.0007783886155548233,1.0,0.015625,265.390625
7013,-24.17946625959758,0.0007764058159127977,1.0,0.015625,265.40625
7014,-24.179466259934546,0.0007773070110650018,1.0,0.078125,265.484375
7015,-24.179466260245718,0.0007790856369690765,1.0,0.015625,265.5
7016,-24.17946626051857,0.0007802020183867665,1.0,0.015625,265.515625
7017,-24.179466260707304,0.0007776202489733806,1.0,0.015625,265.53125
7018,-24.179466260932507,0.0007818385028183954,1.0,0.03125,265.5625
7019,-24.179466261218614,0.000776003500109496,1.0,0.0,265.5625
7020,-24.179466261455307,0.0007758296727384627,1.0,0.015625,265.578125
7021,-24.17946626168304,0.0007722976927524071,1.0,0.015625,265.59375
7022,-24.17946626198778,0.0007720828834512674,1.0,0.046875,265.640625
7023,-24.179466262211857,0.0007757823342339794,1.0,0.0,265.640625
7024,-24.179466262509244,0.0007712179123211111,1.0,0.015625,265.65625
7025,-24.179466262879433,0.0007648897097651649,1.0,0.015625,265.671875
7026,-24.179466263101773,0.0007688970412791462,1.0,0.15625,265.828125
7027,-24.179466263464686,0.0007658982826413529,1.0,0.015625,265.84375
7028,-24.179466263869728,0.0007648799090943119,1.0,0.109375,265.953125
7029,-24.17946626411635,0.0007581295217198782,1.0,0.0,265.953125
7030,-24.17946626453257,0.0007582182676782475,1.0,0.015625,265.96875
7031,-24.17946626481096,0.00075605017842322,1.0,0.03125,266.0
7032,-24.179466265093854,0.0007496464253352297,1.0,0.015625,266.015625
7033,-24.17946626534096,0.0007472544044440829,1.0,0.015625,266.03125
7034,-24.179466265589312,0.0007538623916029289,1.0,0.046875,266.078125
7035,-24.179466265884557,0.0007554570581707465,1.0,0.015625,266.09375
7036,-24.179466266185482,0.0007535658498727946,1.0,0.015625,266.109375
7037,-24.17946626650431,0.0007590800106837847,1.0,0.140625,266.25
7038,-24.179466266931097,0.0007556782699115278,1.0,0.0,266.25
7039,-24.179466267157338,0.0007586880188939455,1.0,0.015625,266.265625
7040,-24.17946626738085,0.0007622361467089282,1.0,0.09375,266.359375
7041,-24.179466267697677,0.0007548493422052904,1.0,0.015625,266.375
7042,-24.179466267985745,0.0007526259252984417,1.0,0.015625,266.390625
7043,-24.179466268244234,0.0007519504992800624,1.0,0.0625,266.453125
7044,-24.179466268494586,0.0007477480525102614,1.0,0.0,266.453125
7045,-24.179466268782633,0.0007481624608611982,1.0,0.015625,266.46875
7046,-24.17946626905074,0.0007440049589033007,1.0,0.078125,266.546875
7047,-24.179466269348115,0.0007476075846362682,1.0,0.03125,266.578125
7048,-24.179466269712318,0.0007420266862883504,1.0,0.015625,266.59375
7049,-24.179466269919402,0.0007477141044828841,1.0,0.125,266.71875
7050,-24.17946627026541,0.0007432269405589795,1.0,0.015625,266.734375
7051,-24.179466270562486,0.0007466001397361728,1.0,0.015625,266.75
7052,-24.179466270913615,0.0007432514146163345,1.0,0.109375,266.859375
7053,-24.179466271177358,0.0007395428284225698,1.0,0.046875,266.90625
7054,-24.179466271520692,0.0007383934869396434,1.0,0.015625,266.921875
7055,-24.179466271822218,0.0007363567339081211,1.0,0.140625,267.0625
7056,-24.179466272208145,0.000734401931748636,1.0,0.015625,267.078125
7057,-24.17946627256481,0.0007404943907714702,1.0,0.015625,267.09375
7058,-24.179466272777553,0.0007384666387500709,1.0,0.03125,267.125
7059,-24.179466273017045,0.0007345288033813759,1.0,0.0,267.125
7060,-24.179466273299482,0.0007273791919769179,1.0,0.015625,267.140625
7061,-24.179466273613286,0.0007292932826233517,1.0,0.03125,267.171875
7062,-24.179466273940058,0.0007344400728972826,1.0,0.0,267.171875
7063,-24.179466274217706,0.0007477364465076694,1.0,0.015625,267.1875
7064,-24.179466274626066,0.0007523429185811505,1.0,0.078125,267.265625
7065,-24.179466274825348,0.000754718096463293,1.0,0.015625,267.28125
7066,-24.179466275144215,0.0007448164731571163,1.0,0.015625,267.296875
7067,-24.179466275525467,0.0007412857444905336,1.0,0.140625,267.4375
7068,-24.17946627581652,0.0007455045945702079,1.0,0.015625,267.453125
7069,-24.17946627604351,0.000736865666460545,1.0,0.015625,267.46875
7070,-24.179466276242664,0.0007355467748951286,1.0,0.015625,267.484375
7071,-24.179466276630833,0.0007384635146848824,1.0,0.140625,267.625
7072,-24.179466276862225,0.0007343842553654223,1.0,0.015625,267.640625
7073,-24.17946627717195,0.0007321575866518405,1.0,0.0,267.640625
7074,-24.17946627747788,0.0007304469187923755,1.0,0.015625,267.65625
7075,-24.179466277714095,0.000730278772078344,1.0,0.015625,267.671875
7076,-24.179466277997165,0.0007265904060812206,1.0,0.09375,267.765625
7077,-24.179466278179266,0.0007265948854905659,1.0,0.015625,267.78125
7078,-24.179466278407965,0.0007290038161816759,1.0,0.015625,267.796875
7079,-24.17946627862298,0.0007266901245546515,1.0,0.015625,267.8125
7080,-24.179466278904616,0.0007302074405284406,1.0,0.0625,267.875
7081,-24.179466279183778,0.0007321991468979273,1.0,0.015625,267.890625
7082,-24.17946627944097,0.0007281069295620225,1.0,0.0,267.890625
7083,-24.179466279652885,0.0007241563586754256,1.0,0.015625,267.90625
7084,-24.17946627991941,0.000723846523307797,1.0,0.015625,267.921875
7085,-24.179466280195893,0.0007210013337826384,1.0,0.03125,267.953125
7086,-24.17946628039199,0.0007205920447930939,1.0,0.015625,267.96875
7087,-24.17946628065468,0.0007225490264533037,1.0,0.015625,267.984375
7088,-24.179466280917303,0.0007302996848715869,1.0,0.09375,268.078125
7089,-24.179466281154344,0.0007316868927994541,1.0,0.015625,268.09375
7090,-24.17946628140521,0.0007299190238152244,1.0,0.015625,268.109375
7091,-24.179466281662673,0.000725618715992024,1.0,0.015625,268.125
7092,-24.179466281907313,0.0007231278938134324,1.0,0.03125,268.15625
7093,-24.179466282188564,0.0007163986568975122,1.0,0.015625,268.171875
7094,-24.179466282479723,0.0007207537677995775,1.0,0.015625,268.1875
7095,-24.179466282806857,0.0007152040417189765,1.0,0.125,268.3125
7096,-24.17946628305677,0.0007158898571760938,1.0,0.015625,268.328125
7097,-24.179466283277847,0.0007167135894143836,1.0,0.015625,268.34375
7098,-24.179466283501295,0.0007107177545399864,1.0,0.015625,268.359375
7099,-24.179466283657796,0.0007076031086528233,1.0,0.015625,268.375
7100,-24.179466283961148,0.0007046971962976391,1.0,0.015625,268.390625
7101,-24.179466284210353,0.0007058729612059653,1.0,0.015625,268.40625
7102,-24.17946628452941,0.0007115452119517188,1.0,0.015625,268.421875
7103,-24.179466284731575,0.0007080411846429453,1.0,0.125,268.546875
7104,-24.179466284948926,0.0007153909226245981,1.0,0.015625,268.5625
7105,-24.179466285212985,0.0007174448572698025,1.0,0.015625,268.578125
7106,-24.17946628545428,0.0007223051787595916,1.0,0.015625,268.59375
7107,-24.17946628569002,0.0007189882319488773,1.0,0.015625,268.609375
7108,-24.17946628596808,0.0007128978883678436,1.0,0.015625,268.625
7109,-24.179466286250708,0.0007033814425784303,1.0,0.015625,268.640625
7110,-24.179466286536456,0.0007000644167014045,1.0,0.015625,268.65625
7111,-24.17946628686327,0.0006990110763281992,1.0,0.140625,268.796875
7112,-24.179466287133774,0.0007001080528739105,1.0,0.046875,268.84375
7113,-24.179466287329728,0.0007026077775763328,1.0,0.015625,268.859375
7114,-24.179466287508266,0.0007018472950064373,1.0,0.015625,268.875
7115,-24.179466287748955,0.0006980527802250664,1.0,0.03125,268.90625
7116,-24.179466288053398,0.0006950249917607014,1.0,0.015625,268.921875
7117,-24.179466288345562,0.0006931994052824757,1.0,0.015625,268.9375
7118,-24.179466288544283,0.000696686320813354,1.0,0.140625,269.078125
7119,-24.179466288784138,0.0006932873052832043,1.0,0.046875,269.125
7120,-24.17946628899005,0.0006918114052411128,1.0,0.015625,269.140625
7121,-24.179466289226063,0.0006930091203107391,1.0,0.015625,269.15625
7122,-24.179466289407426,0.0006976871893352663,1.0,0.109375,269.265625
7123,-24.17946628967076,0.0007023052758822106,1.0,0.03125,269.296875
7124,-24.17946628985634,0.0007017193660790839,1.0,0.03125,269.328125
7125,-24.179466290182027,0.0007026530948632575,1.0,0.015625,269.34375
7126,-24.179466290512483,0.0007053231136305304,1.0,0.015625,269.359375
7127,-24.179466290717688,0.0006999412350345479,1.0,0.140625,269.5
7128,-24.179466290956174,0.0006976883243005929,1.0,0.015625,269.515625
7129,-24.179466291239613,0.0006949591854304138,1.0,0.015625,269.53125
7130,-24.179466291541576,0.000691360038490191,1.0,0.015625,269.546875
7131,-24.179466291710657,0.0006878120072767896,1.0,0.046875,269.59375
7132,-24.179466291924253,0.0006823428566392065,1.0,0.0,269.59375
7133,-24.179466292148284,0.0006789518861135801,1.0,0.015625,269.609375
7134,-24.179466292358942,0.0006797571873535243,1.0,0.015625,269.625
7135,-24.179466292554725,0.0006815996656989723,1.0,0.046875,269.671875
7136,-24.17946629281554,0.0006836617638549516,1.0,0.015625,269.6875
7137,-24.17946629300005,0.0006824061892547146,1.0,0.015625,269.703125
7138,-24.179466293170243,0.0006811593241494416,1.0,0.015625,269.71875
7139,-24.179466293461864,0.0006791663273387489,1.0,0.0625,269.78125
7140,-24.179466293648314,0.0006775683197233977,1.0,0.015625,269.796875
7141,-24.179466293873663,0.000678827443795349,1.0,0.015625,269.8125
7142,-24.179466294125472,0.0006748694761911506,1.0,0.015625,269.828125
7143,-24.179466294339164,0.0006748407868352253,1.0,0.140625,269.96875
7144,-24.179466294538784,0.0006732099691923793,1.0,0.046875,270.015625
7145,-24.17946629481553,0.0006750376196860993,1.0,0.015625,270.03125
7146,-24.179466295003955,0.0006772828375338914,1.0,0.015625,270.046875
7147,-24.179466295218834,0.000680132674663756,1.0,0.078125,270.125
7148,-24.17946629541118,0.0006782296627594264,1.0,0.015625,270.140625
7149,-24.179466295603927,0.0006760819429720455,1.0,0.0,270.140625
7150,-24.179466295863516,0.0006720059305251193,1.0,0.015625,270.15625
7151,-24.17946629609761,0.0006670466342537039,1.0,0.015625,270.171875
7152,-24.17946629637965,0.0006701006307887181,1.0,0.015625,270.1875
7153,-24.179466296618745,0.0006700831638522647,1.0,0.015625,270.203125
7154,-24.179466296905446,0.0006680314835458387,1.0,0.015625,270.21875
7155,-24.17946629711892,0.0006735261331541248,1.0,0.109375,270.328125
7156,-24.179466297426227,0.0006666656995712321,1.0,0.015625,270.34375
7157,-24.179466297658657,0.000671186542225295,1.0,0.015625,270.359375
7158,-24.179466297868302,0.0006691798234018737,1.0,0.015625,270.375
7159,-24.179466298109755,0.0006652414232150253,1.0,0.140625,270.515625
7160,-24.179466298355873,0.0006621851085887583,1.0,0.015625,270.53125
7161,-24.179466298488677,0.0006589425151238574,1.0,0.015625,270.546875
7162,-24.17946629875243,0.000654077250792325,1.0,0.015625,270.5625
7163,-24.179466299065197,0.0006535966989994473,1.0,0.03125,270.59375
7164,-24.17946629924585,0.0006526379858197833,1.0,0.015625,270.609375
7165,-24.17946629946852,0.0006477477277546469,1.0,0.015625,270.625
7166,-24.179466299629635,0.0006432795850951327,1.0,0.078125,270.703125
7167,-24.17946629982171,0.0006488701080226803,1.0,0.046875,270.75
7168,-24.179466300055413,0.0006474198805584812,1.0,0.015625,270.765625
7169,-24.179466300326194,0.0006427060733203084,1.0,0.15625,270.921875
7170,-24.179466300513578,0.0006454843915726943,1.0,0.0,270.921875
7171,-24.179466300697374,0.0006486952046530076,1.0,0.015625,270.9375
7172,-24.179466300906594,0.0006449363628728661,1.0,0.03125,270.96875
7173,-24.17946630118779,0.0006422397375323199,1.0,0.0,270.96875
7174,-24.17946630134292,0.000645303990800482,1.0,0.015625,270.984375
7175,-24.17946630161485,0.0006482799260217739,1.0,0.015625,271.0
7176,-24.179466301877344,0.0006440901485982185,1.0,0.046875,271.046875
7177,-24.179466302038207,0.0006452821907306513,1.0,0.015625,271.0625
7178,-24.17946630224306,0.0006420273651869756,1.0,0.015625,271.078125
7179,-24.179466302454564,0.0006384931567635203,1.0,0.0625,271.140625
7180,-24.17946630263761,0.000640422824677473,1.0,0.015625,271.15625
7181,-24.179466302800165,0.0006402890744072523,1.0,0.015625,271.171875
7182,-24.17946630304131,0.0006346812226291082,1.0,0.015625,271.1875
7183,-24.17946630327105,0.0006301737421837739,1.0,0.140625,271.328125
7184,-24.179466303501734,0.0006331773860363172,1.0,0.0,271.328125
7185,-24.17946630368147,0.0006288019664096382,1.0,0.015625,271.34375
7186,-24.179466303889782,0.0006327607173214911,1.0,0.015625,271.359375
7187,-24.179466304139392,0.00062883815937482,1.0,0.046875,271.40625
7188,-24.17946630428033,0.0006264719348591963,1.0,0.015625,271.421875
7189,-24.179466304530038,0.0006304199553920667,1.0,0.015625,271.4375
7190,-24.179466304682325,0.000629588156406004,1.0,0.0625,271.5
7191,-24.17946630487,0.0006346711971065142,1.0,0.015625,271.515625
7192,-24.179466305065464,0.0006346396198838643,1.0,0.015625,271.53125
7193,-24.179466305217307,0.0006315834844772087,1.0,0.015625,271.546875
7194,-24.17946630543121,0.0006314679722339852,1.0,0.140625,271.6875
7195,-24.179466305669713,0.0006382955495247483,1.0,0.03125,271.71875
7196,-24.179466305902444,0.0006417395324950619,1.0,0.015625,271.734375
7197,-24.17946630613229,0.0006382224948254744,1.0,0.015625,271.75
7198,-24.179466306308605,0.0006343976481186591,1.0,0.171875,271.921875
7199,-24.179466306486596,0.0006239709528875152,1.0,0.0,271.921875
7200,-24.1794663066706,0.0006229262413935801,1.0,0.015625,271.9375
7201,-24.179466306834946,0.0006190070475581924,1.0,0.015625,271.953125
7202,-24.179466307026882,0.0006261747136338742,1.0,0.109375,272.0625
7203,-24.179466307207296,0.0006286418820849129,1.0,0.015625,272.078125
7204,-24.17946630740215,0.0006189466677402005,1.0,0.015625,272.09375
7205,-24.17946630759475,0.0006192159839613007,1.0,0.015625,272.109375
7206,-24.179466307877203,0.0006151155417367912,1.0,0.046875,272.15625
7207,-24.179466308019496,0.0006140616039874998,1.0,0.015625,272.171875
7208,-24.179466308327175,0.0006087498684493806,1.0,0.015625,272.1875
7209,-24.179466308520052,0.0006104648459669062,1.0,0.140625,272.328125
7210,-24.17946630867154,0.0006095853367796662,1.0,0.015625,272.34375
7211,-24.17946630889499,0.0006079986238706548,1.0,0.015625,272.359375
7212,-24.179466309031586,0.0006053117790416742,1.0,0.015625,272.375
7213,-24.179466309251325,0.0006055871188891079,1.0,0.03125,272.40625
7214,-24.179466309390886,0.0006078888533947505,1.0,0.0,272.40625
7215,-24.17946630958312,0.000604157607883424,1.0,0.015625,272.421875
7216,-24.17946630981095,0.0006061548506078841,1.0,0.015625,272.4375
7217,-24.179466309987447,0.0006040964487967986,1.0,0.03125,272.46875
7218,-24.17946631017154,0.0006038070992442664,1.0,0.015625,272.484375
7219,-24.17946631032601,0.0005978025311469095,1.0,0.015625,272.5
7220,-24.179466310556567,0.0005965315437539464,1.0,0.125,272.625
7221,-24.179466310734394,0.000599358702123041,1.0,0.015625,272.640625
7222,-24.179466310876908,0.0006039475563583666,1.0,0.015625,272.65625
7223,-24.179466311065937,0.0006063949410189928,1.0,0.0625,272.71875
7224,-24.17946631126187,0.0006054993334347992,1.0,0.03125,272.75
7225,-24.17946631142833,0.0006079852164426708,1.0,0.015625,272.765625
7226,-24.17946631162388,0.0006037483621826713,1.0,0.015625,272.78125
7227,-24.179466311836055,0.0006057876206013436,1.0,0.09375,272.875
7228,-24.179466312000915,0.000605436824203157,1.0,0.015625,272.890625
7229,-24.179466312163864,0.0006082697549459263,1.0,0.03125,272.921875
7230,-24.17946631233049,0.0006103400673770138,1.0,0.015625,272.9375
7231,-24.17946631249951,0.0006067349280755523,1.0,0.109375,273.046875
7232,-24.1794663127066,0.0006120328734908012,1.0,0.015625,273.0625
7233,-24.179466312919498,0.0006173420579884817,1.0,0.0,273.0625
7234,-24.179466313117427,0.0006150085142177632,1.0,0.015625,273.078125
7235,-24.17946631341677,0.0006132553190223577,1.0,0.09375,273.171875
7236,-24.179466313661706,0.0006141747192503032,1.0,0.015625,273.1875
7237,-24.179466313925932,0.0006143185772206946,1.0,0.015625,273.203125
7238,-24.179466314167733,0.0006134505269538671,1.0,0.015625,273.21875
7239,-24.179466314297198,0.0006110208217773022,1.0,0.078125,273.296875
7240,-24.17946631447931,0.0006103259308923239,1.0,0.0,273.296875
7241,-24.17946631464504,0.0006132139509875416,1.0,0.015625,273.3125
7242,-24.179466314780235,0.0006155513332105782,1.0,0.015625,273.328125
7243,-24.179466314956212,0.0006147747244746476,1.0,0.078125,273.40625
7244,-24.179466315155885,0.0006193532695664221,1.0,0.0,273.40625
7245,-24.179466315369528,0.000615894777155959,1.0,0.015625,273.421875
7246,-24.179466315556915,0.0006128746699992887,1.0,0.015625,273.4375
7247,-24.17946631572331,0.0006134079593380594,1.0,0.140625,273.578125
7248,-24.179466315920372,0.0006127203817306709,1.0,0.015625,273.59375
7249,-24.179466316159758,0.000609610797874523,1.0,0.015625,273.609375
7250,-24.179466316333233,0.0006088516288288734,1.0,0.015625,273.625
7251,-24.179466316512546,0.0006070586676640721,1.0,0.0625,273.6875
7252,-24.179466316731677,0.0006120717093829778,1.0,0.015625,273.703125
7253,-24.179466316891546,0.0006119832511627865,1.0,0.015625,273.71875
7254,-24.17946631714301,0.0006031747852172089,1.0,0.015625,273.734375
7255,-24.1794663172388,0.0006057160685501134,1.0,0.03125,273.765625
7256,-24.17946631737364,0.0006064777054552973,1.0,0.015625,273.78125
7257,-24.179466317552674,0.0006068946121827747,1.0,0.015625,273.796875
7258,-24.17946631772793,0.0006055604660782486,1.0,0.015625,273.8125
7259,-24.17946631788849,0.0006010414230302039,1.0,0.140625,273.953125
7260,-24.179466318061877,0.000598036392096182,1.0,0.015625,273.96875
7261,-24.179466318243957,0.0005949534723091416,1.0,0.015625,273.984375
7262,-24.179466318434052,0.0005977743264048086,1.0,0.015625,274.0
7263,-24.17946631864494,0.0005972501321649007,1.0,0.140625,274.140625
7264,-24.179466318929723,0.000594750488363782,1.0,0.046875,274.1875
7265,-24.17946631913017,0.0005905370946589451,1.0,0.015625,274.203125
7266,-24.17946631928546,0.0005897466713322621,1.0,0.0625,274.265625
7267,-24.17946631942782,0.0005908096287336522,1.0,0.015625,274.28125
7268,-24.17946631962196,0.0005923189691271078,1.0,0.015625,274.296875
7269,-24.17946631982825,0.000593481856109002,1.0,0.09375,274.390625
7270,-24.17946632003775,0.0005985739265467182,1.0,0.03125,274.421875
7271,-24.17946632020259,0.0005901007602692188,1.0,0.015625,274.4375
7272,-24.179466320407464,0.0005944778847422433,1.0,0.0625,274.5
7273,-24.17946632061598,0.0005938421625042519,1.0,0.03125,274.53125
7274,-24.1794663209172,0.0005921552230937205,1.0,0.015625,274.546875
7275,-24.179466321073406,0.0005921158551399135,1.0,0.015625,274.5625
7276,-24.179466321297117,0.000591967741982523,1.0,0.140625,274.703125
7277,-24.179466321412317,0.0005889693195157563,1.0,0.015625,274.71875
7278,-24.179466321606103,0.0005883231133651415,1.0,0.015625,274.734375
7279,-24.179466321783643,0.0005850501794807498,1.0,0.015625,274.75
7280,-24.17946632193775,0.0005830216935824766,1.0,0.125,274.875
7281,-24.179466322074777,0.000582291371453971,1.0,0.015625,274.890625
7282,-24.179466322319247,0.0005864532298323616,1.0,0.015625,274.90625
7283,-24.179466322539103,0.0005849162976776176,1.0,0.125,275.03125
7284,-24.179466322726253,0.0005840699755310698,1.0,0.015625,275.046875
7285,-24.179466322813607,0.0005815166148186035,1.0,0.015625,275.0625
7286,-24.179466322933937,0.0005797857966064439,1.0,0.015625,275.078125
7287,-24.179466323090047,0.000579933513148733,1.0,0.015625,275.09375
7288,-24.179466323268535,0.0005804500912531031,1.0,0.140625,275.234375
7289,-24.179466323443496,0.000576772435794721,1.0,0.015625,275.25
7290,-24.179466323628095,0.0005758233342094686,1.0,0.015625,275.265625
7291,-24.179466323743412,0.0005734146382460819,1.0,0.140625,275.40625
7292,-24.179466323928303,0.0005770039889821818,1.0,0.015625,275.421875
7293,-24.179466324096776,0.0005768284031752063,1.0,0.015625,275.4375
7294,-24.179466324280817,0.0005760078586638993,1.0,0.015625,275.453125
7295,-24.17946632443863,0.0005753106072643356,1.0,0.078125,275.53125
7296,-24.179466324596824,0.0005764079434891092,1.0,0.015625,275.546875
7297,-24.179466324773728,0.0005754122035081753,1.0,0.015625,275.5625
7298,-24.179466324951626,0.0005748487029715652,1.0,0.015625,275.578125
7299,-24.179466325149345,0.0005741665560910916,1.0,0.078125,275.65625
7300,-24.179466325267445,0.000572374605309394,1.0,0.015625,275.671875
7301,-24.1794663254157,0.0005730495743674628,1.0,0.015625,275.6875
7302,-24.179466325607134,0.0005691475272707495,1.0,0.015625,275.703125
7303,-24.179466325784077,0.0005718798806831834,1.0,0.015625,275.71875
7304,-24.179466325956838,0.0005718003759829941,1.0,0.0625,275.78125
7305,-24.179466326096502,0.0005704827941251038,1.0,0.0,275.78125
7306,-24.179466326259643,0.0005636984565147233,1.0,0.015625,275.796875
7307,-24.179466326439304,0.0005645979203942801,1.0,0.03125,275.828125
7308,-24.179466326574474,0.0005630173891405835,1.0,0.015625,275.84375
7309,-24.17946632675159,0.0005593489494056207,1.0,0.015625,275.859375
7310,-24.179466326892527,0.0005606735150477131,1.0,0.140625,276.0
7311,-24.179466327039176,0.0005625358480922133,1.0,0.015625,276.015625
7312,-24.17946632722215,0.000564559659942669,1.0,0.015625,276.03125
7313,-24.17946632740239,0.0005693345390842616,1.0,0.046875,276.078125
7314,-24.17946632755486,0.0005646040856091889,1.0,0.0,276.078125
7315,-24.179466327657824,0.000565205835578148,1.0,0.015625,276.09375
7316,-24.17946632781572,0.0005637757138049959,1.0,0.125,276.21875
7317,-24.179466327989815,0.0005660999367318463,1.0,0.015625,276.234375
7318,-24.179466328248235,0.0005665500026350355,1.0,0.0,276.234375
7319,-24.17946632842762,0.0005678571762970397,1.0,0.015625,276.25
7320,-24.179466328603375,0.0005711691159996315,1.0,0.015625,276.265625
7321,-24.17946632873288,0.0005673872937240757,1.0,0.03125,276.296875
7322,-24.17946632883711,0.0005651996315230392,1.0,0.015625,276.3125
7323,-24.179466329010033,0.0005643922387717125,1.0,0.140625,276.453125
7324,-24.179466329222254,0.0005611120426180058,1.0,0.015625,276.46875
7325,-24.17946632938239,0.000563028920849469,1.0,0.015625,276.484375
7326,-24.17946632951446,0.0005616787314165167,1.0,0.015625,276.5
7327,-24.179466329671037,0.0005533975239497137,1.0,0.109375,276.609375
7328,-24.179466329882874,0.0005550809295608588,1.0,0.015625,276.625
7329,-24.179466330011085,0.000558260063682298,1.0,0.0,276.625
7330,-24.179466330122374,0.0005607983450375856,1.0,0.015625,276.640625
7331,-24.179466330310515,0.0005592730663776372,1.0,0.015625,276.65625
7332,-24.179466330453533,0.0005614995561235876,1.0,0.03125,276.6875
7333,-24.179466330645365,0.0005616376379192425,1.0,0.015625,276.703125
7334,-24.179466330810982,0.0005618809598847944,1.0,0.015625,276.71875
7335,-24.17946633094568,0.0005599659855606433,1.0,0.078125,276.796875
7336,-24.179466331095586,0.0005528935124925396,1.0,0.0,276.796875
7337,-24.17946633130964,0.000548380569093079,1.0,0.015625,276.8125
7338,-24.179466331424305,0.0005509195627316747,1.0,0.015625,276.828125
7339,-24.179466331582308,0.0005536076507613862,1.0,0.03125,276.859375
7340,-24.179466331740194,0.0005545594436971541,1.0,0.015625,276.875
7341,-24.179466331878015,0.0005508526930359721,1.0,0.015625,276.890625
7342,-24.179466332026376,0.000549266810690007,1.0,0.109375,277.0
7343,-24.17946633219477,0.000546991092635884,1.0,0.015625,277.015625
7344,-24.1794663323313,0.0005475560394146154,1.0,0.015625,277.03125
7345,-24.179466332473236,0.0005440041879691187,1.0,0.078125,277.109375
7346,-24.17946633263425,0.0005414129284202786,1.0,0.015625,277.125
7347,-24.1794663328043,0.0005361072187823621,1.0,0.015625,277.140625
7348,-24.179466332924395,0.0005366347762742771,1.0,0.03125,277.171875
7349,-24.179466333083397,0.0005343998421751245,1.0,0.0,277.171875
7350,-24.179466333210588,0.0005345007734439445,1.0,0.015625,277.1875
7351,-24.179466333342923,0.0005353855913274349,1.0,0.015625,277.203125
7352,-24.179466333494247,0.0005368717659299866,1.0,0.046875,277.25
7353,-24.1794663336179,0.0005382166078711886,1.0,0.0,277.25
7354,-24.179466333745292,0.0005370700862584446,1.0,0.015625,277.265625
7355,-24.179466333887387,0.00053763704695886,1.0,0.015625,277.28125
7356,-24.179466334059775,0.0005380447255859717,1.0,0.109375,277.390625
7357,-24.179466334243756,0.0005370274076943453,1.0,0.015625,277.40625
7358,-24.17946633443649,0.0005377242562845417,1.0,0.015625,277.421875
7359,-24.179466334587588,0.000537838405483939,1.0,0.140625,277.5625
7360,-24.179466334742308,0.0005386155692177733,1.0,0.03125,277.59375
7361,-24.17946633490373,0.0005380317066324626,1.0,0.015625,277.609375
7362,-24.179466335054926,0.0005339926753905545,1.0,0.015625,277.625
7363,-24.17946633524691,0.0005304430499132539,1.0,0.03125,277.65625
7364,-24.179466335397606,0.0005276377802654114,1.0,0.0,277.65625
7365,-24.179466335497246,0.0005248340566185897,1.0,0.015625,277.671875
7366,-24.179466335619676,0.0005224924823464306,1.0,0.015625,277.6875
7367,-24.17946633578045,0.0005231743007288547,1.0,0.109375,277.796875
7368,-24.179466335908963,0.0005254801117676799,1.0,0.015625,277.8125
7369,-24.179466336110973,0.0005295141852467768,1.0,0.015625,277.828125
7370,-24.17946633626043,0.0005258184048876924,1.0,0.140625,277.96875
7371,-24.179466336467073,0.0005266782774858037,1.0,0.015625,277.984375
7372,-24.1794663366754,0.0005288121606298846,1.0,0.015625,278.0
7373,-24.17946633677944,0.0005318319009678741,1.0,0.0625,278.0625
7374,-24.179466336927277,0.0005310942676172916,1.0,0.015625,278.078125
7375,-24.179466337116807,0.0005306824585777624,1.0,0.015625,278.09375
7376,-24.179466337266344,0.0005291960717526417,1.0,0.015625,278.109375
7377,-24.179466337423623,0.0005304897466442612,1.0,0.109375,278.21875
7378,-24.179466337583342,0.0005310604352061742,1.0,0.0,278.21875
7379,-24.179466337735857,0.0005304677621721273,1.0,0.015625,278.234375
7380,-24.17946633785194,0.0005288093923251337,1.0,0.015625,278.25
7381,-24.179466338037237,0.0005280821838863881,1.0,0.140625,278.390625
7382,-24.179466338172112,0.0005199721451819671,1.0,0.0,278.390625
7383,-24.179466338297807,0.0005233392415784572,1.0,0.015625,278.40625
7384,-24.179466338381,0.000524527079390767,1.0,0.015625,278.421875
7385,-24.179466338526925,0.0005234656238372376,1.0,0.125,278.546875
7386,-24.17946633866166,0.0005245191395282845,1.0,0.0,278.546875
7387,-24.17946633879006,0.0005277379522855797,1.0,0.015625,278.5625
7388,-24.179466338914036,0.0005256676385381839,1.0,0.015625,278.578125
7389,-24.17946633902719,0.0005196949233173144,1.0,0.09375,278.671875
7390,-24.17946633919765,0.0005170741871243799,1.0,0.03125,278.703125
7391,-24.179466339371483,0.0005131550153992774,1.0,0.015625,278.71875
7392,-24.179466339487657,0.0005121576690145785,1.0,0.015625,278.734375
7393,-24.17946633959646,0.0005124509210341923,1.0,0.109375,278.84375
7394,-24.1794663397452,0.0005126656667523008,1.0,0.015625,278.859375
7395,-24.179466339882467,0.0005121561102235621,1.0,0.0,278.859375
7396,-24.179466339998527,0.0005113766074895254,1.0,0.015625,278.875
7397,-24.17946634016592,0.000514769164804041,1.0,0.015625,278.890625
7398,-24.17946634033704,0.0005117940853601036,1.0,0.03125,278.921875
7399,-24.17946634046818,0.000512391740909211,1.0,0.0,278.921875
7400,-24.17946634057589,0.0005165626199200079,1.0,0.015625,278.9375
7401,-24.179466340725284,0.0005103691110533777,1.0,0.015625,278.953125
7402,-24.179466340892645,0.0005115415175197137,1.0,0.046875,279.0
7403,-24.17946634108057,0.0005082925901550734,1.0,0.015625,279.015625
7404,-24.1794663412577,0.0005098688657079353,1.0,0.015625,279.03125
7405,-24.179466341443053,0.0005079821629599969,1.0,0.125,279.15625
7406,-24.179466341566112,0.0005048573442160422,1.0,0.03125,279.1875
7407,-24.17946634168705,0.0005115388520602881,1.0,0.015625,279.203125
7408,-24.179466341815917,0.0005133119005280709,1.0,0.015625,279.21875
7409,-24.179466341957287,0.000509080816360835,1.0,0.140625,279.359375
7410,-24.179466342091292,0.0005081589088216358,1.0,0.015625,279.375
7411,-24.179466342223513,0.0005050060842369136,1.0,0.015625,279.390625
7412,-24.179466342368674,0.0005000589040315734,1.0,0.015625,279.40625
7413,-24.179466342567636,0.0004995819023604903,1.0,0.03125,279.4375
7414,-24.179466342684805,0.0005034171116209713,1.0,0.015625,279.453125
7415,-24.17946634281346,0.0005029908759816545,1.0,0.015625,279.46875
7416,-24.179466342945265,0.0005009519532750089,1.0,0.015625,279.484375
7417,-24.1794663430396,0.0005018509357954312,1.0,0.03125,279.515625
7418,-24.179466343178305,0.0005015506511694217,1.0,0.125,279.640625
7419,-24.179466343338095,0.0005061693750306394,1.0,0.03125,279.671875
7420,-24.17946634346892,0.0005038269216328026,1.0,0.015625,279.6875
7421,-24.179466343584092,0.0005031516743253293,1.0,0.046875,279.734375
7422,-24.179466343741655,0.0005015228542301304,1.0,0.015625,279.75
7423,-24.179466343874633,0.0004988608231232419,1.0,0.03125,279.78125
7424,-24.179466343995404,0.0005003785680189426,1.0,0.015625,279.796875
7425,-24.179466344169118,0.0005026719447277464,1.0,0.015625,279.8125
7426,-24.179466344279497,0.0005016693282421827,1.0,0.046875,279.859375
7427,-24.179466344426828,0.0005012557053143479,1.0,0.015625,279.875
7428,-24.179466344518858,0.0005013361120372685,1.0,0.046875,279.921875
7429,-24.17946634462378,0.0005030625628024904,1.0,0.078125,280.0
7430,-24.179466344745205,0.0005044789410883924,1.0,0.015625,280.015625
7431,-24.179466344866587,0.0005063387124831153,1.0,0.09375,280.109375
7432,-24.179466345011498,0.0005043358619469691,1.0,0.015625,280.125
7433,-24.179466345169086,0.0005055793635493609,1.0,0.0625,280.1875
7434,-24.179466345284727,0.0005031961275351125,1.0,0.015625,280.203125
7435,-24.179466345410884,0.0005008456389348428,1.0,0.03125,280.234375
7436,-24.179466345532852,0.0004978836421906688,1.0,0.015625,280.25
7437,-24.179466345694024,0.0005029578075460439,1.0,0.046875,280.296875
7438,-24.179466345781655,0.0005024484522034496,1.0,0.015625,280.3125
7439,-24.179466345901357,0.000500041716298276,1.0,0.140625,280.453125
7440,-24.179466346043913,0.0004946787407753779,1.0,0.0,280.453125
7441,-24.17946634623076,0.0004966929037059884,1.0,0.0625,280.515625
7442,-24.17946634635258,0.0004965686169506096,1.0,0.09375,280.609375
7443,-24.17946634645181,0.000496161247322492,1.0,0.078125,280.6875
7444,-24.179466346532546,0.0004976756846487796,1.0,0.015625,280.703125
7445,-24.17946634662399,0.0004959707949390399,1.0,0.03125,280.734375
7446,-24.179466346742416,0.0004915659511496297,1.0,0.109375,280.84375
7447,-24.17946634683028,0.0004896527251862629,1.0,0.015625,280.859375
7448,-24.17946634694411,0.0004891176194327635,1.0,0.03125,280.890625
7449,-24.179466347097613,0.00048367570216385807,1.0,0.0625,280.953125
7450,-24.179466347189294,0.0004825358516326864,1.0,0.015625,280.96875
7451,-24.179466347368564,0.00047830774969913846,1.0,0.03125,281.0
7452,-24.17946634749603,0.0004770820351796455,1.0,0.03125,281.03125
7453,-24.179466347590232,0.0004748104495770378,1.0,0.125,281.15625
7454,-24.17946634771728,0.00047583476754567086,1.0,0.015625,281.171875
7455,-24.17946634782915,0.0004747997744315163,1.0,0.015625,281.1875
7456,-24.17946634795353,0.0004785580446897684,1.0,0.046875,281.234375
7457,-24.179466348031863,0.00048018302717024627,1.0,0.015625,281.25
7458,-24.179466348153113,0.00047906534556115823,1.0,0.03125,281.28125
7459,-24.179466348262178,0.0004797310129916802,1.0,0.015625,281.296875
7460,-24.179466348377794,0.00047634794431792676,1.0,0.0625,281.359375
7461,-24.179466348497687,0.00048022970916447144,1.0,0.015625,281.375
7462,-24.17946634860694,0.0004802093213184035,1.0,0.015625,281.390625
7463,-24.179466348732426,0.00048077623362029567,1.0,0.03125,281.421875
7464,-24.17946634883608,0.0004784897053611882,1.0,0.03125,281.453125
7465,-24.179466348932944,0.000480542092016894,1.0,0.046875,281.5
7466,-24.17946634904293,0.0004778738326606235,1.0,0.0,281.5
7467,-24.179466349136508,0.0004723993246749488,1.0,0.15625,281.65625
7468,-24.179466349245605,0.0004727822449531348,1.0,0.03125,281.6875
7469,-24.179466349332408,0.000474174591997336,1.0,0.078125,281.765625
7470,-24.179466349428278,0.00047545556624132006,1.0,0.09375,281.859375
7471,-24.17946634955428,0.00047441796462775396,1.0,0.03125,281.890625
7472,-24.17946634969287,0.0004785977295865792,1.0,0.015625,281.90625
7473,-24.17946634980853,0.0004805828372725772,1.0,0.0625,281.96875
7474,-24.179466349899034,0.0004807868260544068,1.0,0.125,282.09375
7475,-24.179466350001817,0.00047542347009014546,1.0,0.015625,282.109375
7476,-24.179466350146377,0.0004740795656078406,1.0,0.140625,282.25
7477,-24.179466350271852,0.00047522807657948343,1.0,0.015625,282.265625
7478,-24.179466350353017,0.0004755780186922601,1.0,0.109375,282.375
7479,-24.179466350486695,0.0004743880979062114,1.0,0.015625,282.390625
7480,-24.17946635061685,0.00047438628976979326,1.0,0.109375,282.5
7481,-24.179466350748896,0.0004791727102395181,1.0,0.0,282.5
7482,-24.17946635085113,0.00047982860638052344,1.0,0.015625,282.515625
7483,-24.17946635098707,0.00047718149254960025,1.0,0.0625,282.578125
7484,-24.179466351098185,0.0004737621529175039,1.0,0.015625,282.59375
7485,-24.179466351172298,0.0004738547135306439,1.0,0.015625,282.609375
7486,-24.179466351299318,0.00046671089160065844,1.0,0.109375,282.71875
7487,-24.17946635143467,0.0004675656172677498,1.0,0.015625,282.734375
7488,-24.179466351556105,0.0004651593205477751,1.0,0.015625,282.75
7489,-24.179466351670083,0.0004628921143984715,1.0,0.015625,282.765625
7490,-24.179466351778892,0.0004637994111344455,1.0,0.140625,282.90625
7491,-24.179466351855147,0.0004648322632513181,1.0,0.015625,282.921875
7492,-24.1794663519435,0.00046193953529001833,1.0,0.015625,282.9375
7493,-24.17946635202136,0.00046258098473415607,1.0,0.015625,282.953125
7494,-24.17946635213769,0.0004632291748809543,1.0,0.03125,282.984375
7495,-24.179466352265674,0.0004619473134102739,1.0,0.015625,283.0
7496,-24.17946635235425,0.0004629155385925396,1.0,0.140625,283.140625
7497,-24.179466352432602,0.0004600949184519493,1.0,0.0,283.140625
7498,-24.17946635252594,0.0004582930787873344,1.0,0.015625,283.15625
7499,-24.179466352667678,0.00045640113926454645,1.0,0.140625,283.296875
7500,-24.17946635279863,0.00045594949734786925,1.0,0.03125,283.328125
7501,-24.179466352936213,0.00045601744100380316,1.0,0.015625,283.34375
7502,-24.17946635304378,0.0004594044535734823,1.0,0.015625,283.359375
7503,-24.179466353115956,0.00045674962079441793,1.0,0.109375,283.46875
7504,-24.179466353203367,0.00045505806643974877,1.0,0.0,283.46875
7505,-24.179466353294842,0.00045700882185422965,1.0,0.015625,283.484375
7506,-24.179466353399324,0.0004581285337327707,1.0,0.015625,283.5
7507,-24.179466353534902,0.0004529667087025927,1.0,0.046875,283.546875
7508,-24.179466353668698,0.0004491704560414636,1.0,0.015625,283.5625
7509,-24.179466353756993,0.0004521856477252139,1.0,0.015625,283.578125
7510,-24.179466353893933,0.00045653255174471583,1.0,0.109375,283.6875
7511,-24.17946635400326,0.0004562610680178675,1.0,0.015625,283.703125
7512,-24.179466354118944,0.00045992688586136407,1.0,0.0,283.703125
7513,-24.179466354200567,0.0004578075363223746,1.0,0.015625,283.71875
7514,-24.179466354328977,0.00045912243249285193,1.0,0.015625,283.734375
7515,-24.179466354408397,0.0004589325810157518,1.0,0.03125,283.765625
7516,-24.179466354480734,0.0004609791200969943,1.0,0.0,283.765625
7517,-24.17946635459268,0.00045544263930727196,1.0,0.015625,283.78125
7518,-24.179466354734416,0.0004543739306975773,1.0,0.015625,283.796875
7519,-24.179466354806696,0.00045344492788212796,1.0,0.09375,283.890625
7520,-24.179466354900256,0.00045446312359737946,1.0,0.0,283.890625
7521,-24.179466354992297,0.0004515988950694443,1.0,0.015625,283.90625
7522,-24.179466355076972,0.0004496644850374811,1.0,0.03125,283.9375
7523,-24.17946635516068,0.000446209158668943,1.0,0.0,283.9375
7524,-24.17946635525801,0.00044824761001411895,1.0,0.015625,283.953125
7525,-24.179466355337055,0.00044858626587717044,1.0,0.015625,283.96875
7526,-24.179466355434357,0.00044953871355646834,1.0,0.140625,284.109375
7527,-24.179466355496547,0.00045012660751090515,1.0,0.015625,284.125
7528,-24.179466355563477,0.0004484429458421325,1.0,0.015625,284.140625
7529,-24.17946635566306,0.00044495803674586765,1.0,0.015625,284.15625
7530,-24.179466355768298,0.00044373484694640124,1.0,0.140625,284.296875
7531,-24.17946635589674,0.0004430579949703238,1.0,0.015625,284.3125
7532,-24.179466355984136,0.00044075792678827336,1.0,0.015625,284.328125
7533,-24.17946635612242,0.0004431629393257576,1.0,0.015625,284.34375
7534,-24.179466356215062,0.00044274427336847246,1.0,0.09375,284.4375
7535,-24.179466356296412,0.00044176398946075093,1.0,0.03125,284.46875
7536,-24.1794663563705,0.0004421248790840356,1.0,0.015625,284.484375
7537,-24.179466356497024,0.0004443258188361453,1.0,0.09375,284.578125
7538,-24.17946635658102,0.00044142841532100947,1.0,0.015625,284.59375
7539,-24.179466356679093,0.00044174111555458527,1.0,0.015625,284.609375
7540,-24.179466356790723,0.0004410157218888169,1.0,0.015625,284.625
7541,-24.179466356921825,0.0004453620798515636,1.0,0.140625,284.765625
7542,-24.17946635706145,0.0004368069842844822,1.0,0.015625,284.78125
7543,-24.179466357144783,0.00043574314802156716,1.0,0.0,284.78125
7544,-24.17946635725946,0.00043754492015703363,1.0,0.015625,284.796875
7545,-24.179466357328568,0.00043739784097571,1.0,0.015625,284.8125
7546,-24.17946635740027,0.000440496504972285,1.0,0.09375,284.90625
7547,-24.179466357512887,0.0004402768742915444,1.0,0.015625,284.921875
7548,-24.179466357622427,0.00044022448991933044,1.0,0.015625,284.9375
7549,-24.179466357724444,0.0004383134690849968,1.0,0.015625,284.953125
7550,-24.17946635779526,0.0004337857162183625,1.0,0.140625,285.09375
7551,-24.179466357911902,0.0004343334609645012,1.0,0.015625,285.109375
7552,-24.179466358039786,0.0004367837946961304,1.0,0.015625,285.125
7553,-24.17946635813635,0.0004335320481676361,1.0,0.015625,285.140625
7554,-24.17946635824607,0.0004327494364525502,1.0,0.0625,285.203125
7555,-24.17946635834404,0.00043043733627613415,1.0,0.015625,285.21875
7556,-24.17946635846623,0.00043089498245844785,1.0,0.015625,285.234375
7557,-24.17946635856937,0.0004306927390248964,1.0,0.125,285.359375
7558,-24.179466358674226,0.0004277869504820651,1.0,0.015625,285.375
7559,-24.179466358775432,0.00042470605761690166,1.0,0.0,285.375
7560,-24.179466358867252,0.000424505158918943,1.0,0.015625,285.390625
7561,-24.179466358970288,0.00042505231133918206,1.0,0.015625,285.40625
7562,-24.179466359066193,0.0004255876603520474,1.0,0.03125,285.4375
7563,-24.17946635917989,0.0004281311114494057,1.0,0.015625,285.453125
7564,-24.179466359277022,0.0004312131374360945,1.0,0.015625,285.46875
7565,-24.179466359402195,0.000429310968650816,1.0,0.015625,285.484375
7566,-24.17946635948399,0.00042679024314846216,1.0,0.015625,285.5
7567,-24.17946635955989,0.00042305318784177,1.0,0.140625,285.640625
7568,-24.179466359658345,0.00042190295950651774,1.0,0.03125,285.671875
7569,-24.179466359730956,0.0004209214212874381,1.0,0.015625,285.6875
7570,-24.179466359802042,0.00041811727464497443,1.0,0.015625,285.703125
7571,-24.17946635988062,0.0004206373666687229,1.0,0.125,285.828125
7572,-24.179466359993366,0.0004181714219342906,1.0,0.015625,285.84375
7573,-24.179466360054363,0.0004172890139084307,1.0,0.015625,285.859375
7574,-24.179466360143543,0.00041478436661110125,1.0,0.015625,285.875
7575,-24.179466360256686,0.00041247076206711884,1.0,0.140625,286.015625
7576,-24.179466360369123,0.00041154024439523404,1.0,0.0,286.015625
7577,-24.179466360481747,0.00041212588455290315,1.0,0.015625,286.03125
7578,-24.179466360549835,0.00041114855103545746,1.0,0.015625,286.046875
7579,-24.179466360604525,0.0004108440846716036,1.0,0.140625,286.1875
7580,-24.179466360676198,0.0004120375619416167,1.0,0.015625,286.203125
7581,-24.179466360764092,0.00041755861681893897,1.0,0.015625,286.21875
7582,-24.179466360828023,0.0004168966171465454,1.0,0.015625,286.234375
7583,-24.179466360915153,0.00041585116071847576,1.0,0.078125,286.3125
7584,-24.179466360981962,0.0004156027122179708,1.0,0.015625,286.328125
7585,-24.179466361073604,0.00041749699332996744,1.0,0.015625,286.34375
7586,-24.17946636117489,0.0004163032301430657,1.0,0.015625,286.359375
7587,-24.179466361267266,0.00041606137934119714,1.0,0.015625,286.375
7588,-24.179466361340157,0.0004162785475043814,1.0,0.046875,286.421875
7589,-24.179466361426282,0.0004145092971969773,1.0,0.015625,286.4375
7590,-24.179466361558305,0.0004119908015123689,1.0,0.015625,286.453125
7591,-24.17946636166074,0.0004132032376722583,1.0,0.140625,286.59375
7592,-24.179466361767446,0.00041498078053760673,1.0,0.015625,286.609375
7593,-24.17946636191565,0.00041527154924865674,1.0,0.015625,286.625
7594,-24.17946636201761,0.0004155948185582819,1.0,0.015625,286.640625
7595,-24.17946636208337,0.00041654954618086014,1.0,0.046875,286.6875
7596,-24.179466362184325,0.0004176393869253586,1.0,0.015625,286.703125
7597,-24.1794663622549,0.0004211105577624553,1.0,0.0,286.703125
7598,-24.17946636233427,0.00041650258039697366,1.0,0.078125,286.78125
7599,-24.179466362421056,0.00041459952779264475,1.0,0.015625,286.796875
7600,-24.17946636251183,0.00041586796501334874,1.0,0.015625,286.8125
7601,-24.179466362607148,0.0004170069751844007,1.0,0.015625,286.828125
7602,-24.179466362690967,0.0004147439412845144,1.0,0.140625,286.96875
7603,-24.179466362769244,0.0004119228436789402,1.0,0.03125,287.0
7604,-24.179466362832542,0.0004092010626146181,1.0,0.015625,287.015625
7605,-24.179466362896584,0.00040820388957135136,1.0,0.125,287.140625
7606,-24.179466362971098,0.00040500978345886404,1.0,0.015625,287.15625
7607,-24.179466363048295,0.00040429327046754963,1.0,0.015625,287.171875
7608,-24.179466363144705,0.0004020173629300619,1.0,0.015625,287.1875
7609,-24.179466363239282,0.00040400519037812644,1.0,0.015625,287.203125
7610,-24.179466363335,0.00040344828927921255,1.0,0.015625,287.21875
7611,-24.179466363416324,0.0004031616950606927,1.0,0.140625,287.359375
7612,-24.179466363494726,0.0004014478295943571,1.0,0.015625,287.375
7613,-24.179466363567947,0.00040027304296228215,1.0,0.015625,287.390625
7614,-24.17946636363407,0.0003982532207633721,1.0,0.140625,287.53125
7615,-24.17946636371292,0.0004017789064307836,1.0,0.015625,287.546875
7616,-24.179466363787935,0.000404218454396974,1.0,0.015625,287.5625
7617,-24.179466363883687,0.00040138511012136925,1.0,0.015625,287.578125
7618,-24.179466363964515,0.00039932537374259017,1.0,0.03125,287.609375
7619,-24.17946636404418,0.0004013632853960319,1.0,0.015625,287.625
7620,-24.179466364119694,0.0003987989723093762,1.0,0.015625,287.640625
7621,-24.17946636419311,0.0003983131812426705,1.0,0.015625,287.65625
7622,-24.179466364277317,0.00039734108321382396,1.0,0.03125,287.6875
7623,-24.17946636434901,0.0003938606520531211,1.0,0.0,287.6875
7624,-24.17946636441015,0.0003922707993350998,1.0,0.015625,287.703125
7625,-24.17946636450484,0.00039386295865543534,1.0,0.140625,287.84375
7626,-24.179466364594024,0.00039192878185372867,1.0,0.015625,287.859375
7627,-24.17946636465347,0.000392261042468101,1.0,0.015625,287.875
7628,-24.17946636473972,0.0003974094122967764,1.0,0.015625,287.890625
7629,-24.17946636480685,0.00039480866085833764,1.0,0.140625,288.03125
7630,-24.179466364869647,0.00039398667983882296,1.0,0.0,288.03125
7631,-24.179466364917275,0.0003925704674671217,1.0,0.015625,288.046875
7632,-24.179466364982805,0.00038982522847788586,1.0,0.015625,288.0625
7633,-24.179466365030645,0.00039126954713855226,1.0,0.046875,288.109375
7634,-24.179466365111953,0.00039500910750224955,1.0,0.015625,288.125
7635,-24.179466365194425,0.00039264057319897053,1.0,0.015625,288.140625
7636,-24.179466365267093,0.0003916231942932048,1.0,0.015625,288.15625
7637,-24.179466365337547,0.0003908021288625571,1.0,0.140625,288.296875
7638,-24.179466365426048,0.000393012861621272,1.0,0.015625,288.3125
7639,-24.179466365494196,0.0003953739552823389,1.0,0.015625,288.328125
7640,-24.17946636558984,0.00039539562145834094,1.0,0.015625,288.34375
7641,-24.17946636569319,0.00039409475209383605,1.0,0.015625,288.359375
7642,-24.17946636581543,0.00039496755901952395,1.0,0.140625,288.5
7643,-24.179466365892704,0.0003950194165018393,1.0,0.015625,288.515625
7644,-24.1794663659822,0.00039664527627698414,1.0,0.015625,288.53125
7645,-24.17946636607501,0.00039396922887654693,1.0,0.015625,288.546875
7646,-24.179466366141405,0.0003915035077883904,1.0,0.03125,288.578125
7647,-24.179466366225157,0.00039435418347287543,1.0,0.015625,288.59375
7648,-24.179466366289596,0.000393061021169173,1.0,0.015625,288.609375
7649,-24.179466366390585,0.00039500308306472296,1.0,0.015625,288.625
7650,-24.17946636646755,0.00039262910597488596,1.0,0.046875,288.671875
7651,-24.17946636654305,0.00039049443885074195,1.0,0.0,288.671875
7652,-24.179466366602636,0.00039032286790936826,1.0,0.015625,288.6875
7653,-24.179466366687297,0.0003878694231777619,1.0,0.140625,288.828125
7654,-24.179466366749438,0.00038295973871124456,1.0,0.03125,288.859375
7655,-24.179466366819753,0.0003856048820729875,1.0,0.0,288.859375
7656,-24.179466366928118,0.00038129605585142276,1.0,0.015625,288.875
7657,-24.179466366984208,0.0003799983269833499,1.0,0.09375,288.96875
7658,-24.17946636704457,0.0003801922449297613,1.0,0.015625,288.984375
7659,-24.17946636712269,0.0003804812053207355,1.0,0.015625,289.0
7660,-24.17946636718102,0.0003846336628963349,1.0,0.015625,289.015625
7661,-24.179466367241435,0.00038367591007006563,1.0,0.015625,289.03125
7662,-24.17946636728637,0.00038512443824566706,1.0,0.015625,289.046875
7663,-24.179466367349495,0.00038334384733721127,1.0,0.015625,289.0625
7664,-24.179466367417213,0.00038292292693662533,1.0,0.015625,289.078125
7665,-24.179466367504524,0.00038157567377380725,1.0,0.03125,289.109375
7666,-24.179466367611486,0.0003807258960093576,1.0,0.015625,289.125
7667,-24.17946636768511,0.0003787722643918382,1.0,0.015625,289.140625
7668,-24.17946636777439,0.0003794704462181265,1.0,0.015625,289.15625
7669,-24.17946636784093,0.0003766186639589988,1.0,0.140625,289.296875
7670,-24.1794663679258,0.00037375440845511637,1.0,0.0,289.296875
7671,-24.179466367982254,0.0003764214970258229,1.0,0.015625,289.3125
7672,-24.179466368083784,0.00038081256467130663,1.0,0.015625,289.328125
7673,-24.179466368150855,0.00037889855284169844,1.0,0.03125,289.359375
7674,-24.179466368237847,0.00037553215740124973,1.0,0.0,289.359375
7675,-24.17946636829818,0.0003765551840327475,1.0,0.015625,289.375
7676,-24.179466368379906,0.0003746736632560789,1.0,0.078125,289.453125
7677,-24.179466368478522,0.00037434925648582444,1.0,0.0,289.453125
7678,-24.179466368553097,0.00037270674760665615,1.0,0.015625,289.46875
7679,-24.179466368640163,0.00037407428393320855,1.0,0.015625,289.484375
7680,-24.179466368702023,0.0003740182062264255,1.0,0.09375,289.578125
7681,-24.179466368791974,0.0003759679933082885,1.0,0.0,289.578125
7682,-24.17946636886102,0.0003712213678743679,1.0,0.015625,289.59375
7683,-24.179466368926647,0.0003706757488129491,1.0,0.046875,289.640625
7684,-24.17946636899921,0.0003695849540081966,1.0,0.0,289.640625
7685,-24.179466369090488,0.00036978006889719253,1.0,0.015625,289.65625
7686,-24.179466369154774,0.0003708009521422398,1.0,0.015625,289.671875
7687,-24.179466369204636,0.00037293609470103107,1.0,0.03125,289.703125
7688,-24.179466369288555,0.00037344867109690376,1.0,0.0,289.703125
7689,-24.179466369333394,0.00037595220113338906,1.0,0.015625,289.71875
7690,-24.179466369399425,0.0003732362206876915,1.0,0.015625,289.734375
7691,-24.179466369451955,0.0003720819020023191,1.0,0.125,289.859375
7692,-24.179466369521435,0.00037055143266575684,1.0,0.015625,289.875
7693,-24.179466369597368,0.00037236562849829946,1.0,0.015625,289.890625
7694,-24.179466369668745,0.00036974757713154695,1.0,0.015625,289.90625
7695,-24.179466369762757,0.00036905974994174036,1.0,0.078125,289.984375
7696,-24.179466369825274,0.00036905039181621,1.0,0.0,289.984375
7697,-24.179466369900236,0.00036784774042104336,1.0,0.046875,290.03125
7698,-24.179466369968633,0.0003670997573904924,1.0,0.015625,290.046875
7699,-24.179466370021185,0.00037032705264379036,1.0,0.015625,290.0625
7700,-24.179466370100286,0.00036737482526387873,1.0,0.03125,290.09375
7701,-24.179466370217796,0.0003697514987227248,1.0,0.015625,290.109375
7702,-24.179466370292037,0.00036721142624694577,1.0,0.015625,290.125
7703,-24.17946637037625,0.0003662420466772194,1.0,0.03125,290.15625
7704,-24.17946637042527,0.00036485213573298825,1.0,0.0,290.15625
7705,-24.1794663704958,0.0003615106307544335,1.0,0.015625,290.171875
7706,-24.179466370562377,0.00036372877235796227,1.0,0.140625,290.3125
7707,-24.17946637061381,0.00036728324967225714,1.0,0.015625,290.328125
7708,-24.179466370659657,0.0003643552081671748,1.0,0.015625,290.34375
7709,-24.17946637070154,0.00036503485730261874,1.0,0.03125,290.375
7710,-24.179466370743928,0.00036346823293711733,1.0,0.015625,290.390625
7711,-24.179466370785097,0.0003600558144461354,1.0,0.109375,290.5
7712,-24.179466370868013,0.00035716740427387764,1.0,0.015625,290.515625
7713,-24.179466370926534,0.00035458021471971164,1.0,0.03125,290.546875
7714,-24.179466370977877,0.00035516831807101245,1.0,0.015625,290.5625
7715,-24.179466371025494,0.0003541037862761284,1.0,0.015625,290.578125
7716,-24.17946637109235,0.0003539631519320183,1.0,0.015625,290.59375
7717,-24.179466371156124,0.00035267928458484126,1.0,0.015625,290.609375
7718,-24.179466371216026,0.00035352180888687836,1.0,0.03125,290.640625
7719,-24.1794663712839,0.00035276116601487214,1.0,0.015625,290.65625
7720,-24.179466371338876,0.00035212318251891077,1.0,0.015625,290.671875
7721,-24.1794663713811,0.0003523127331531255,1.0,0.0625,290.734375
7722,-24.17946637145554,0.00035215952450946684,1.0,0.015625,290.75
7723,-24.179466371518355,0.00035556978800024505,1.0,0.015625,290.765625
7724,-24.17946637158245,0.0003558605520018032,1.0,0.03125,290.796875
7725,-24.179466371632156,0.00035952660037139955,1.0,0.015625,290.8125
7726,-24.179466371697885,0.0003598041831121887,1.0,0.015625,290.828125
7727,-24.17946637175027,0.00035928733556267874,1.0,0.125,290.953125
7728,-24.179466371834504,0.0003582287724075503,1.0,0.015625,290.96875
7729,-24.179466371893902,0.0003591872133558231,1.0,0.015625,290.984375
7730,-24.179466371943363,0.00035929593389660657,1.0,0.046875,291.03125
7731,-24.179466372004345,0.00035639592806909913,1.0,0.015625,291.046875
7732,-24.179466372066145,0.00035588064159921667,1.0,0.015625,291.0625
7733,-24.179466372139597,0.0003561756233389566,1.0,0.046875,291.109375
7734,-24.179466372202757,0.0003515712538943088,1.0,0.03125,291.140625
7735,-24.17946637225439,0.0003521842526444046,1.0,0.015625,291.15625
7736,-24.179466372321837,0.00035095430695792804,1.0,0.015625,291.171875
7737,-24.17946637238631,0.0003504018837294159,1.0,0.0625,291.234375
7738,-24.179466372429097,0.0003496498375369619,1.0,0.015625,291.25
7739,-24.179466372471257,0.0003500122916837783,1.0,0.140625,291.390625
7740,-24.17946637254632,0.00035072504350829243,1.0,0.015625,291.40625
7741,-24.17946637260827,0.0003505617798044567,1.0,0.015625,291.421875
7742,-24.179466372660897,0.0003518066559371965,1.0,0.015625,291.4375
7743,-24.17946637273136,0.0003498189587893285,1.0,0.125,291.5625
7744,-24.179466372819178,0.00034678808174753507,1.0,0.0,291.5625
7745,-24.17946637286767,0.0003472289702198525,1.0,0.015625,291.578125
7746,-24.179466372925827,0.00034539627467996046,1.0,0.125,291.703125
7747,-24.17946637297425,0.0003442144452391404,1.0,0.015625,291.71875
7748,-24.17946637302991,0.00034440600779372477,1.0,0.015625,291.734375
7749,-24.17946637308518,0.00034632708880363806,1.0,0.015625,291.75
7750,-24.17946637313285,0.000347136257283082,1.0,0.078125,291.828125
7751,-24.17946637321778,0.0003479924865167974,1.0,0.0,291.828125
7752,-24.179466373272163,0.00034561959242443164,1.0,0.015625,291.84375
7753,-24.1794663733258,0.0003491573961763541,1.0,0.015625,291.859375
7754,-24.179466373384408,0.00034945448765594863,1.0,0.046875,291.90625
7755,-24.179466373445717,0.0003468489554115092,1.0,0.0,291.90625
7756,-24.17946637349086,0.0003489446604691535,1.0,0.015625,291.921875
7757,-24.179466373539675,0.0003472341289013513,1.0,0.015625,291.9375
7758,-24.179466373612343,0.00034748553024621827,1.0,0.03125,291.96875
7759,-24.17946637365628,0.00034695795621248295,1.0,0.015625,291.984375
7760,-24.17946637372883,0.00034787851111429545,1.0,0.015625,292.0
7761,-24.179466373813753,0.0003476153089004996,1.0,0.078125,292.078125
7762,-24.179466373876654,0.0003491412496753612,1.0,0.015625,292.09375
7763,-24.179466373929642,0.0003478871893148415,1.0,0.015625,292.109375
7764,-24.179466373963606,0.00034809901041336834,1.0,0.015625,292.125
7765,-24.179466374028337,0.00034597949933056794,1.0,0.140625,292.265625
7766,-24.17946637409556,0.000346443516782966,1.0,0.03125,292.296875
7767,-24.17946637416578,0.0003455842340591319,1.0,0.015625,292.3125
7768,-24.179466374203553,0.0003439847610298288,1.0,0.015625,292.328125
7769,-24.17946637427429,0.00034335940321362655,1.0,0.015625,292.34375
7770,-24.179466374323876,0.0003430430708080724,1.0,0.0,292.34375
7771,-24.179466374391282,0.00034199016740375185,1.0,0.015625,292.359375
7772,-24.17946637443599,0.00034068013206197057,1.0,0.015625,292.375
7773,-24.179466374490456,0.0003403067183325151,1.0,0.03125,292.40625
7774,-24.17946637454557,0.0003408761514969745,1.0,0.015625,292.421875
7775,-24.179466374600523,0.00033827898572777004,1.0,0.015625,292.4375
7776,-24.179466374640025,0.00033653332839369296,1.0,0.015625,292.453125
7777,-24.179466374679304,0.0003363681733751276,1.0,0.03125,292.484375
7778,-24.179466374717972,0.00033719579750436993,1.0,0.0,292.484375
7779,-24.17946637478302,0.00033573335337824724,1.0,0.015625,292.5
7780,-24.17946637483795,0.0003357633304271226,1.0,0.015625,292.515625
7781,-24.1794663748987,0.0003373854802609485,1.0,0.140625,292.65625
7782,-24.179466374974083,0.0003391930974237572,1.0,0.03125,292.6875
7783,-24.17946637502825,0.00034239776379892096,1.0,0.015625,292.703125
7784,-24.17946637510604,0.00034521464332293967,1.0,0.015625,292.71875
7785,-24.17946637518,0.00033926009813341494,1.0,0.140625,292.859375
7786,-24.179466375212797,0.0003371538202758865,1.0,0.0,292.859375
7787,-24.17946637529462,0.00033425590327540943,1.0,0.015625,292.875
7788,-24.17946637536887,0.0003341114256797962,1.0,0.015625,292.890625
7789,-24.179466375414478,0.0003325965007792767,1.0,0.140625,293.03125
7790,-24.179466375465104,0.00033348424679206237,1.0,0.015625,293.046875
7791,-24.17946637551541,0.0003339100035348346,1.0,0.015625,293.0625
7792,-24.17946637556143,0.00033595266759852793,1.0,0.015625,293.078125
7793,-24.179466375618794,0.00033597569741424237,1.0,0.03125,293.109375
7794,-24.17946637567785,0.0003351456262770277,1.0,0.015625,293.125
7795,-24.17946637572923,0.00033314287845533324,1.0,0.015625,293.140625
7796,-24.179466375794238,0.00033356077480288195,1.0,0.015625,293.15625
7797,-24.179466375853885,0.00033448330575888485,1.0,0.140625,293.296875
7798,-24.17946637591001,0.00033579570776834334,1.0,0.015625,293.3125
7799,-24.179466375961113,0.0003323187950925343,1.0,0.015625,293.328125
7800,-24.179466376027747,0.00033539322157177603,1.0,0.015625,293.34375
7801,-24.17946637608222,0.00033516380034130395,1.0,0.140625,293.484375
7802,-24.17946637613448,0.00033634108210468507,1.0,0.03125,293.515625
7803,-24.17946637617735,0.00033555867474240774,1.0,0.0,293.515625
7804,-24.179466376241432,0.00033612514716836565,1.0,0.015625,293.53125
7805,-24.1794663763033,0.00033450475824199177,1.0,0.015625,293.546875
7806,-24.179466376360967,0.00033218534215639613,1.0,0.078125,293.625
7807,-24.17946637641798,0.00033082160983061376,1.0,0.03125,293.65625
7808,-24.17946637646895,0.0003273943871747082,1.0,0.015625,293.671875
7809,-24.179466376520146,0.0003285182319711896,1.0,0.015625,293.6875
7810,-24.179466376579562,0.000330275951901126,1.0,0.015625,293.703125
7811,-24.179466376631616,0.0003298629537298337,1.0,0.046875,293.75
7812,-24.179466376688918,0.00033125363117600675,1.0,0.015625,293.765625
7813,-24.179466376753048,0.0003337544267248093,1.0,0.015625,293.78125
7814,-24.1794663767987,0.00033003406562309376,1.0,0.015625,293.796875
7815,-24.179466376866046,0.0003293403193058602,1.0,0.078125,293.875
7816,-24.179466376926925,0.0003257204382151884,1.0,0.0,293.875
7817,-24.179466376976805,0.0003261242871456298,1.0,0.015625,293.890625
7818,-24.17946637704247,0.000324386710825013,1.0,0.015625,293.90625
7819,-24.179466377091295,0.00032451707688684484,1.0,0.140625,294.046875
7820,-24.179466377143992,0.00032315199154478685,1.0,0.015625,294.0625
7821,-24.17946637718336,0.0003206722959835839,1.0,0.015625,294.078125
7822,-24.179466377234277,0.00032093295446027076,1.0,0.015625,294.09375
7823,-24.179466377288307,0.00032215333174016994,1.0,0.140625,294.234375
7824,-24.179466377335356,0.00032573788662743677,1.0,0.015625,294.25
7825,-24.179466377386234,0.000325565252943478,1.0,0.015625,294.265625
7826,-24.17946637742355,0.00032599677717846877,1.0,0.015625,294.28125
7827,-24.17946637745362,0.00032748182637196144,1.0,0.015625,294.296875
7828,-24.179466377505058,0.0003254308512761815,1.0,0.046875,294.34375
7829,-24.179466377556633,0.0003264751770483362,1.0,0.0,294.34375
7830,-24.179466377615903,0.00032373123570741995,1.0,0.015625,294.359375
7831,-24.179466377663154,0.00032506111178559404,1.0,0.015625,294.375
7832,-24.179466377729174,0.00032523010457067257,1.0,0.03125,294.40625
7833,-24.179466377761702,0.00032347994705996897,1.0,0.0,294.40625
7834,-24.17946637780426,0.0003213096810828364,1.0,0.015625,294.421875
7835,-24.179466377863985,0.0003218742981038609,1.0,0.015625,294.4375
7836,-24.17946637791326,0.00031995845554172355,1.0,0.03125,294.46875
7837,-24.179466377971718,0.00032242651317569454,1.0,0.0,294.46875
7838,-24.179466378016574,0.0003227897574114455,1.0,0.015625,294.484375
7839,-24.179466378078338,0.00032123110520035635,1.0,0.015625,294.5
7840,-24.17946637813574,0.0003225320654778983,1.0,0.125,294.625
7841,-24.17946637820262,0.00032411141047158345,1.0,0.03125,294.65625
7842,-24.17946637827914,0.00032381855654710123,1.0,0.015625,294.671875
7843,-24.179466378338173,0.00032647372247888203,1.0,0.015625,294.6875
7844,-24.179466378389844,0.0003258279957664808,1.0,0.109375,294.796875
7845,-24.179466378461274,0.000323035849527998,1.0,0.03125,294.828125
7846,-24.179466378508273,0.00032557422335728164,1.0,0.015625,294.84375
7847,-24.17946637855655,0.0003255976867389909,1.0,0.015625,294.859375
7848,-24.179466378632874,0.00032264337215355196,1.0,0.03125,294.890625
7849,-24.17946637867257,0.00032194422443147683,1.0,0.015625,294.90625
7850,-24.179466378748412,0.00031974391400258476,1.0,0.015625,294.921875
7851,-24.17946637880462,0.0003197822657469879,1.0,0.015625,294.9375
7852,-24.179466378859036,0.0003216338638581858,1.0,0.03125,294.96875
7853,-24.179466378913947,0.0003184358069678518,1.0,0.015625,294.984375
7854,-24.179466378952974,0.0003162079842380215,1.0,0.015625,295.0
7855,-24.179466379003337,0.00031560598592668437,1.0,0.015625,295.015625
7856,-24.179466379041887,0.0003145820783486013,1.0,0.078125,295.09375
7857,-24.17946637908562,0.00031422928113854275,1.0,0.015625,295.109375
7858,-24.179466379146245,0.00030865650879430067,1.0,0.015625,295.125
7859,-24.179466379184696,0.0003069058068581797,1.0,0.015625,295.140625
7860,-24.17946637922044,0.0003091195852262165,1.0,0.140625,295.28125
7861,-24.179466379273098,0.0003092736927271604,1.0,0.015625,295.296875
7862,-24.179466379311247,0.0003091113147735547,1.0,0.015625,295.3125
7863,-24.179466379369323,0.0003085666473919164,1.0,0.015625,295.328125
7864,-24.17946637941245,0.00030763096754625355,1.0,0.03125,295.359375
7865,-24.179466379461925,0.00030725906393010605,1.0,0.0,295.359375
7866,-24.17946637951948,0.00030951873222152316,1.0,0.015625,295.375
7867,-24.17946637956802,0.0003069734603856369,1.0,0.09375,295.46875
7868,-24.179466379622465,0.0003096297276298369,1.0,0.015625,295.484375
7869,-24.179466379663367,0.0003117518722334195,1.0,0.015625,295.5
7870,-24.17946637971891,0.00031265573131239086,1.0,0.015625,295.515625
7871,-24.179466379760076,0.00031470663773250135,1.0,0.140625,295.65625
7872,-24.1794663798174,0.0003177779831249889,1.0,0.015625,295.671875
7873,-24.17946637987506,0.00031782374794481644,1.0,0.015625,295.6875
7874,-24.179466379911318,0.0003176511880258068,1.0,0.015625,295.703125
7875,-24.179466379959788,0.0003188203654401949,1.0,0.015625,295.71875
7876,-24.179466380005042,0.0003168944286092509,1.0,0.140625,295.859375
7877,-24.179466380060155,0.0003130972817668371,1.0,0.015625,295.875
7878,-24.179466380114462,0.00031445914855551935,1.0,0.015625,295.890625
7879,-24.17946638016065,0.0003147250642470641,1.0,0.015625,295.90625
7880,-24.179466380201415,0.00031465718732267227,1.0,0.015625,295.921875
7881,-24.17946638025143,0.00031528380152955055,1.0,0.140625,296.0625
7882,-24.179466380297455,0.0003180982699073395,1.0,0.0,296.0625
7883,-24.179466380342628,0.0003146284427478631,1.0,0.015625,296.078125
7884,-24.17946638040039,0.0003118657687800155,1.0,0.015625,296.09375
7885,-24.17946638044781,0.00031047265806393603,1.0,0.03125,296.125
7886,-24.17946638051505,0.00030861948562135026,1.0,0.015625,296.140625
7887,-24.17946638055959,0.0003079163857071766,1.0,0.015625,296.15625
7888,-24.1794663806149,0.00030443551696991255,1.0,0.015625,296.171875
7889,-24.179466380670586,0.00030426333613207946,1.0,0.140625,296.3125
7890,-24.179466380705207,0.00030369826665425963,1.0,0.015625,296.328125
7891,-24.17946638075615,0.0003046452461322604,1.0,0.015625,296.34375
7892,-24.179466380821182,0.00030688099673037856,1.0,0.015625,296.359375
7893,-24.179466380864884,0.0003068255734434288,1.0,0.015625,296.375
7894,-24.179466380908817,0.00030490563723679486,1.0,0.140625,296.515625
7895,-24.1794663809572,0.0003058911182412177,1.0,0.0,296.515625
7896,-24.17946638100067,0.0003046210359258376,1.0,0.015625,296.53125
7897,-24.17946638103488,0.0003040307156804891,1.0,0.015625,296.546875
7898,-24.179466381067495,0.0003018189507446585,1.0,0.109375,296.65625
7899,-24.179466381116367,0.0003007040969846679,1.0,0.03125,296.6875
7900,-24.179466381160253,0.00029776315072660144,1.0,0.015625,296.703125
7901,-24.179466381213985,0.0002971191682649784,1.0,0.015625,296.71875
7902,-24.17946638125222,0.0002976043261190596,1.0,0.015625,296.734375
7903,-24.179466381298756,0.00029791548501428687,1.0,0.125,296.859375
7904,-24.179466381343083,0.00029615130002637476,1.0,0.03125,296.890625
7905,-24.1794663813764,0.0002958462849127379,1.0,0.015625,296.90625
7906,-24.179466381427993,0.0002981896789422634,1.0,0.015625,296.921875
7907,-24.179466381483564,0.00029903516434501303,1.0,0.09375,297.015625
7908,-24.179466381519557,0.00029879225759160905,1.0,0.046875,297.0625
7909,-24.17946638155617,0.0002991219777193538,1.0,0.015625,297.078125
7910,-24.179466381614755,0.0002978771723954124,1.0,0.015625,297.09375
7911,-24.17946638166487,0.000298716673034759,1.0,0.015625,297.109375
7912,-24.17946638171523,0.00029330308071425876,1.0,0.125,297.234375
7913,-24.179466381758992,0.0002947895687024113,1.0,0.0,297.234375
7914,-24.179466381818486,0.0002948709128230706,1.0,0.015625,297.25
7915,-24.179466381870608,0.0002949937965357363,1.0,0.015625,297.265625
7916,-24.17946638192173,0.0002939749769470031,1.0,0.03125,297.296875
7917,-24.17946638195835,0.00029282983851549053,1.0,0.015625,297.3125
7918,-24.179466382002577,0.0002934981922203928,1.0,0.015625,297.328125
7919,-24.179466382047362,0.00029377649221950245,1.0,0.140625,297.46875
7920,-24.179466382076935,0.0002942650770428349,1.0,0.015625,297.484375
7921,-24.179466382114747,0.0002945010021100404,1.0,0.0,297.484375
7922,-24.17946638214834,0.00029432263683088156,1.0,0.015625,297.5
7923,-24.179466382186558,0.0002963907083875223,1.0,0.015625,297.515625
7924,-24.179466382234356,0.0002967897147762613,1.0,0.140625,297.65625
7925,-24.179466382272853,0.0002982605235531654,1.0,0.015625,297.671875
7926,-24.179466382332535,0.0002969649095917765,1.0,0.015625,297.6875
7927,-24.179466382374944,0.00029502364558817385,1.0,0.015625,297.703125
7928,-24.179466382426146,0.0002932530970147054,1.0,0.140625,297.84375
7929,-24.179466382470654,0.00029473466233994515,1.0,0.015625,297.859375
7930,-24.179466382527206,0.0002955684343474695,1.0,0.015625,297.875
7931,-24.17946638256983,0.00029457461129857564,1.0,0.015625,297.890625
7932,-24.179466382602513,0.0002925208078705243,1.0,0.015625,297.90625
7933,-24.179466382637262,0.0002931325530932371,1.0,0.140625,298.046875
7934,-24.179466382689473,0.00029290644440983457,1.0,0.015625,298.0625
7935,-24.17946638273547,0.0002895602180668844,1.0,0.015625,298.078125
7936,-24.179466382780607,0.0002907767575798302,1.0,0.015625,298.09375
7937,-24.179466382825048,0.00028669539658309146,1.0,0.015625,298.109375
7938,-24.179466382871027,0.00029036150449708955,1.0,0.03125,298.140625
7939,-24.179466382928496,0.00029191623340798156,1.0,0.0,298.140625
7940,-24.179466382971107,0.00029022115589817963,1.0,0.015625,298.15625
7941,-24.17946638300351,0.00029141254337265086,1.0,0.015625,298.171875
7942,-24.17946638306982,0.0002922500182262887,1.0,0.03125,298.203125
7943,-24.17946638310515,0.0002891074190814008,1.0,0.03125,298.234375
7944,-24.17946638313709,0.0002881417450820306,1.0,0.015625,298.25
7945,-24.179466383174248,0.00028657086555777193,1.0,0.015625,298.265625
7946,-24.179466383211036,0.0002862841421019037,1.0,0.03125,298.296875
7947,-24.179466383248727,0.00028525862556224544,1.0,0.015625,298.3125
7948,-24.17946638330264,0.0002852570843734014,1.0,0.015625,298.328125
7949,-24.17946638335063,0.00028643268083434256,1.0,0.015625,298.34375
7950,-24.17946638338433,0.00028554349158036303,1.0,0.078125,298.421875
7951,-24.17946638342239,0.00028597152146339405,1.0,0.015625,298.4375
7952,-24.179466383459804,0.0002824100707373946,1.0,0.0,298.4375
7953,-24.17946638350085,0.00027923261682903774,1.0,0.015625,298.453125
7954,-24.179466383533878,0.00027984957786821604,1.0,0.015625,298.46875
7955,-24.179466383584927,0.0002802419102560339,1.0,0.03125,298.5
7956,-24.179466383626867,0.0002812483827926999,1.0,0.015625,298.515625
7957,-24.179466383664078,0.0002804232749067745,1.0,0.015625,298.53125
7958,-24.17946638370461,0.0002798135500589271,1.0,0.015625,298.546875
7959,-24.179466383750547,0.000279099843421117,1.0,0.078125,298.625
7960,-24.17946638378067,0.0002765123123778013,1.0,0.015625,298.640625
7961,-24.179466383799525,0.00027865611168667213,1.0,0.015625,298.65625
7962,-24.1794663838315,0.00028145825496411243,1.0,0.015625,298.671875
7963,-24.17946638387227,0.00028003706695195165,1.0,0.078125,298.75
7964,-24.179466383908004,0.00027895386464245884,1.0,0.015625,298.765625
7965,-24.17946638393959,0.00027715881542236044,1.0,0.015625,298.78125
7966,-24.179466383979292,0.00027739368549406816,1.0,0.015625,298.796875
7967,-24.179466384011214,0.0002787079428874748,1.0,0.03125,298.828125
7968,-24.179466384053068,0.00027738415072205554,1.0,0.015625,298.84375
7969,-24.179466384103257,0.0002781362584046801,1.0,0.015625,298.859375
7970,-24.179466384134418,0.0002767592188059434,1.0,0.140625,299.0
7971,-24.179466384177474,0.00027740269206678474,1.0,0.0,299.0
7972,-24.17946638421184,0.0002772368602231504,1.0,0.015625,299.015625
7973,-24.17946638424756,0.0002793603406504954,1.0,0.015625,299.03125
7974,-24.179466384273404,0.00027636557806823547,1.0,0.140625,299.171875
7975,-24.179466384308128,0.00027642242771252904,1.0,0.015625,299.1875
7976,-24.179466384352278,0.0002773574676028327,1.0,0.015625,299.203125
7977,-24.17946638439213,0.0002778722173509211,1.0,0.015625,299.21875
7978,-24.17946638443246,0.0002797407920111887,1.0,0.140625,299.359375
7979,-24.17946638446891,0.00027946165410993457,1.0,0.0,299.359375
7980,-24.17946638451782,0.0002772372203374004,1.0,0.015625,299.375
7981,-24.179466384563852,0.00027827633762784077,1.0,0.015625,299.390625
7982,-24.17946638459936,0.00027741030774350783,1.0,0.03125,299.421875
7983,-24.179466384624426,0.00027539068924440925,1.0,0.0,299.421875
7984,-24.17946638465928,0.0002745943234670025,1.0,0.015625,299.4375
7985,-24.17946638469729,0.000273942370720551,1.0,0.015625,299.453125
7986,-24.179466384752384,0.00027561376013254346,1.0,0.140625,299.59375
7987,-24.179466384791414,0.0002761129228318227,1.0,0.03125,299.625
7988,-24.179466384815093,0.0002750140142612774,1.0,0.015625,299.640625
7989,-24.179466384854823,0.00027431908896422214,1.0,0.015625,299.65625
7990,-24.179466384895402,0.0002732821660199803,1.0,0.03125,299.6875
7991,-24.17946638493546,0.00027013129608100884,1.0,0.015625,299.703125
7992,-24.17946638497983,0.0002680982239045513,1.0,0.03125,299.734375
7993,-24.179466385017395,0.00027060815595485665,1.0,0.0,299.734375
7994,-24.17946638505489,0.0002708626002733945,1.0,0.03125,299.765625
7995,-24.179466385093583,0.00027075662523498215,1.0,0.015625,299.78125
7996,-24.17946638512018,0.00027022882103361004,1.0,0.03125,299.8125
7997,-24.179466385168865,0.0002693177827645086,1.0,0.015625,299.828125
7998,-24.179466385193727,0.00026925902682463636,1.0,0.046875,299.875
7999,-24.179466385247075,0.0002669714346895334,1.0,0.015625,299.890625
8000,-24.179466385271276,0.0002676561227873267,1.0,0.109375,300.0
8001,-24.17946638530053,0.00026630479961803203,1.0,0.015625,300.015625
8002,-24.179466385334454,0.00026802975010945196,1.0,0.0625,300.078125
8003,-24.1794663853743,0.00026760913866648604,1.0,0.0,300.078125
8004,-24.17946638540203,0.00026547910852558874,1.0,0.109375,300.1875
8005,-24.17946638543016,0.0002659820684837103,1.0,0.015625,300.203125
8006,-24.179466385463225,0.00026712184999067804,1.0,0.015625,300.21875
8007,-24.179466385493726,0.00026900629482867094,1.0,0.109375,300.328125
8008,-24.179466385533914,0.00026974645095572455,1.0,0.015625,300.34375
8009,-24.1794663855652,0.00026835002301809106,1.0,0.015625,300.359375
8010,-24.179466385595415,0.0002677432879469584,1.0,0.03125,300.390625
8011,-24.179466385626625,0.0002683316688788567,1.0,0.015625,300.40625
8012,-24.179466385658145,0.00026924016728539226,1.0,0.015625,300.421875
8013,-24.17946638568514,0.0002703648785396399,1.0,0.03125,300.453125
8014,-24.17946638571163,0.00026842246639485057,1.0,0.015625,300.46875
8015,-24.179466385746228,0.0002695809999182899,1.0,0.015625,300.484375
8016,-24.179466385790622,0.000268321217895938,1.0,0.03125,300.515625
8017,-24.179466385831926,0.0002704027393781784,1.0,0.015625,300.53125
8018,-24.179466385866714,0.0002697865986842469,1.0,0.078125,300.609375
8019,-24.17946638589485,0.0002700685009562557,1.0,0.015625,300.625
8020,-24.17946638593558,0.0002707337471168221,1.0,0.015625,300.640625
8021,-24.17946638598405,0.0002680369593162876,1.0,0.09375,300.734375
8022,-24.17946638600923,0.0002669372206444724,1.0,0.03125,300.765625
8023,-24.179466386065936,0.0002690014695786481,1.0,0.015625,300.78125
8024,-24.179466386105982,0.00026799919057959897,1.0,0.015625,300.796875
8025,-24.179466386133445,0.0002651870104192081,1.0,0.03125,300.828125
8026,-24.179466386179982,0.0002652795509927743,1.0,0.015625,300.84375
8027,-24.179466386215907,0.0002647129773212624,1.0,0.015625,300.859375
8028,-24.17946638626089,0.0002629339697809819,1.0,0.125,300.984375
8029,-24.17946638629955,0.00026324897049482507,1.0,0.0,300.984375
8030,-24.179466386331626,0.00026435137126013436,1.0,0.015625,301.0
8031,-24.17946638637311,0.00026303596089349683,1.0,0.125,301.125
8032,-24.179466386407526,0.0002628127797940057,1.0,0.078125,301.203125
8033,-24.179466386439984,0.00026133909578360086,1.0,0.03125,301.234375
8034,-24.17946638648671,0.00026095532559956944,1.0,0.03125,301.265625
8035,-24.17946638651032,0.0002596315143751455,1.0,0.015625,301.28125
8036,-24.17946638654157,0.00025920670851420867,1.0,0.03125,301.3125
8037,-24.17946638658098,0.00025864868237861184,1.0,0.015625,301.328125
8038,-24.179466386609263,0.0002596645370398597,1.0,0.046875,301.375
8039,-24.179466386647082,0.0002607988841825839,1.0,0.015625,301.390625
8040,-24.179466386674676,0.00026209224405447017,1.0,0.046875,301.4375
8041,-24.179466386716623,0.00026343015870558176,1.0,0.015625,301.453125
8042,-24.1794663867507,0.00026349527633184926,1.0,0.109375,301.5625
8043,-24.17946638678002,0.0002610008819391582,1.0,0.015625,301.578125
8044,-24.179466386821055,0.0002606072111177088,1.0,0.125,301.703125
8045,-24.179466386842336,0.00025785600335039607,1.0,0.015625,301.71875
8046,-24.17946638687161,0.0002580004157090529,1.0,0.015625,301.734375
8047,-24.179466386891317,0.00025707600270120175,1.0,0.046875,301.78125
8048,-24.179466386920392,0.00025671143544807133,1.0,0.015625,301.796875
8049,-24.179466386951567,0.0002545868919133191,1.0,0.140625,301.9375
8050,-24.179466386974514,0.0002534894667145833,1.0,0.0,301.9375
8051,-24.17946638700745,0.00025256000634907755,1.0,0.078125,302.015625
8052,-24.179466387039305,0.00025222424507707675,1.0,0.015625,302.03125
8053,-24.17946638707774,0.00025398534187478524,1.0,0.03125,302.0625
8054,-24.179466387116804,0.0002532070445735445,1.0,0.0,302.0625
8055,-24.17946638714063,0.0002524525685874891,1.0,0.015625,302.078125
8056,-24.17946638718024,0.00025243653322743387,1.0,0.03125,302.109375
8057,-24.179466387208596,0.000253160940591478,1.0,0.015625,302.125
8058,-24.179466387242815,0.0002531417353630798,1.0,0.125,302.25
8059,-24.17946638727144,0.000253299504828484,1.0,0.015625,302.265625
8060,-24.179466387305297,0.0002532279605747632,1.0,0.015625,302.28125
8061,-24.17946638734094,0.0002525000507831648,1.0,0.140625,302.421875
8062,-24.179466387363917,0.0002540466983373619,1.0,0.015625,302.4375
8063,-24.179466387387457,0.00025403100613430795,1.0,0.015625,302.453125
8064,-24.179466387412738,0.0002545203278062006,1.0,0.015625,302.46875
8065,-24.17946638744124,0.0002540476506488876,1.0,0.140625,302.609375
8066,-24.179466387468622,0.0002532524745086989,1.0,0.03125,302.640625
8067,-24.179466387502075,0.00025282847106966795,1.0,0.015625,302.65625
8068,-24.17946638753799,0.0002516909069633169,1.0,0.140625,302.796875
8069,-24.17946638756206,0.0002513288308617592,1.0,0.015625,302.8125
8070,-24.179466387585673,0.0002515074775517753,1.0,0.015625,302.828125
8071,-24.17946638761146,0.0002506071210794821,1.0,0.125,302.953125
8072,-24.179466387642158,0.0002501318765980316,1.0,0.03125,302.984375
8073,-24.179466387663666,0.00025103728405919334,1.0,0.015625,303.0
8074,-24.179466387694337,0.0002502892262311304,1.0,0.078125,303.078125
8075,-24.17946638771491,0.00024880591776656457,1.0,0.03125,303.109375
8076,-24.179466387743688,0.0002484865429425473,1.0,0.015625,303.125
8077,-24.179466387772273,0.00024662311907946397,1.0,0.015625,303.140625
8078,-24.179466387817552,0.0002475871598184573,1.0,0.046875,303.1875
8079,-24.179466387850763,0.00024860521195100487,1.0,0.015625,303.203125
8080,-24.179466387884723,0.00025233948345249806,1.0,0.015625,303.21875
8081,-24.17946638791639,0.00025343849501292874,1.0,0.03125,303.25
8082,-24.17946638795295,0.00025446974701711896,1.0,0.015625,303.265625
8083,-24.179466387974553,0.00025459077886648494,1.0,0.015625,303.28125
8084,-24.179466388012685,0.0002508040824116149,1.0,0.03125,303.3125
8085,-24.17946638804941,0.00024978268166477854,1.0,0.015625,303.328125
8086,-24.17946638809628,0.0002492074650110905,1.0,0.015625,303.34375
8087,-24.179466388134895,0.0002463882801490882,1.0,0.140625,303.484375
8088,-24.179466388162027,0.00024629030239410913,1.0,0.015625,303.5
8089,-24.17946638818438,0.000245948084119403,1.0,0.015625,303.515625
8090,-24.17946638820303,0.00024606291918752364,1.0,0.015625,303.53125
8091,-24.17946638824519,0.00024513679857262715,1.0,0.140625,303.671875
8092,-24.179466388286656,0.0002449135094453114,1.0,0.015625,303.6875
8093,-24.17946638832659,0.0002434189079869238,1.0,0.015625,303.703125
8094,-24.179466388349166,0.0002436594367524543,1.0,0.015625,303.71875
8095,-24.17946638838191,0.00024392218961029073,1.0,0.140625,303.859375
8096,-24.179466388406745,0.00024004207277183385,1.0,0.03125,303.890625
8097,-24.179466388424153,0.00024068262369128846,1.0,0.015625,303.90625
8098,-24.179466388455044,0.00023906887738351786,1.0,0.015625,303.921875
8099,-24.17946638848112,0.00024066801927924878,1.0,0.140625,304.0625
8100,-24.179466388505055,0.00023982467036697005,1.0,0.0,304.0625
8101,-24.17946638853943,0.00023832140804348154,1.0,0.015625,304.078125
8102,-24.179466388566453,0.00023820142950970328,1.0,0.109375,304.1875
8103,-24.17946638858572,0.00023879408855645348,1.0,0.015625,304.203125
8104,-24.17946638861252,0.0002401539318830193,1.0,0.0,304.203125
8105,-24.179466388640147,0.0002421547782627673,1.0,0.015625,304.21875
8106,-24.179466388667525,0.00024278139638022242,1.0,0.015625,304.234375
8107,-24.179466388708864,0.00024118513867664248,1.0,0.140625,304.375
8108,-24.17946638873036,0.0002410213838718724,1.0,0.015625,304.390625
8109,-24.17946638875541,0.00024408155242356644,1.0,0.015625,304.40625
8110,-24.179466388793976,0.0002439567425512501,1.0,0.015625,304.421875
8111,-24.179466388816582,0.0002452180063628442,1.0,0.015625,304.4375
8112,-24.1794663888385,0.0002421788713981596,1.0,0.0,304.4375
8113,-24.179466388870686,0.0002415440967918557,1.0,0.015625,304.453125
8114,-24.179466388896977,0.0002408406296507223,1.0,0.015625,304.46875
8115,-24.179466388925974,0.00024079569006123263,1.0,0.140625,304.609375
8116,-24.179466388944853,0.00024090759903688333,1.0,0.015625,304.625
8117,-24.17946638897615,0.00023852671813140815,1.0,0.015625,304.640625
8118,-24.179466389000364,0.00023767535348584093,1.0,0.015625,304.65625
8119,-24.179466389033642,0.00023674516820052072,1.0,0.140625,304.796875
8120,-24.179466389075767,0.0002370832144123414,1.0,0.015625,304.8125
8121,-24.179466389098163,0.0002375933986627016,1.0,0.015625,304.828125
8122,-24.179466389134596,0.0002356338062032747,1.0,0.015625,304.84375
8123,-24.1794663891607,0.0002356011524228485,1.0,0.09375,304.9375
8124,-24.17946638919413,0.00023740045181208378,1.0,0.0,304.9375
8125,-24.17946638922944,0.00023638994137133566,1.0,0.015625,304.953125
8126,-24.179466389262487,0.00023626819112725745,1.0,0.015625,304.96875
8127,-24.179466389287896,0.0002350713881334232,1.0,0.0625,305.03125
8128,-24.1794663893088,0.00023362551826338316,1.0,0.015625,305.046875
8129,-24.179466389343048,0.00023505825583822456,1.0,0.015625,305.0625
8130,-24.179466389371868,0.000234347587714498,1.0,0.015625,305.078125
8131,-24.179466389405494,0.00023474039673205982,1.0,0.140625,305.21875
8132,-24.1794663894325,0.00023442250678067572,1.0,0.015625,305.234375
8133,-24.179466389456724,0.00023623372734725897,1.0,0.015625,305.25
8134,-24.17946638947816,0.0002342339492944112,1.0,0.015625,305.265625
8135,-24.179466389507027,0.0002322135192166948,1.0,0.09375,305.359375
8136,-24.179466389536643,0.0002314740216813152,1.0,0.03125,305.390625
8137,-24.179466389566798,0.0002319882166034721,1.0,0.015625,305.40625
8138,-24.17946638959811,0.0002312371742875864,1.0,0.015625,305.421875
8139,-24.179466389630022,0.00023074382588713559,1.0,0.015625,305.4375
8140,-24.179466389654856,0.00023005866193388338,1.0,0.140625,305.578125
8141,-24.17946638968359,0.00022951801727051253,1.0,0.015625,305.59375
8142,-24.17946638971187,0.00022916047709356082,1.0,0.015625,305.609375
8143,-24.17946638973288,0.00023124302104922297,1.0,0.015625,305.625
8144,-24.179466389755465,0.00023021496628896197,1.0,0.015625,305.640625
8145,-24.179466389771648,0.00023009586652701235,1.0,0.03125,305.671875
8146,-24.17946638980906,0.0002288213146266162,1.0,0.015625,305.6875
8147,-24.179466389851388,0.00022867069807080612,1.0,0.015625,305.703125
8148,-24.17946638987871,0.00022666192865428245,1.0,0.015625,305.71875
8149,-24.17946638992008,0.00022597966791858292,1.0,0.03125,305.75
8150,-24.179466389944167,0.00022697534855109389,1.0,0.015625,305.765625
8151,-24.17946638996996,0.0002263059183840156,1.0,0.015625,305.78125
8152,-24.179466390000727,0.0002259291224879902,1.0,0.03125,305.8125
8153,-24.179466390030758,0.00022791086850562154,1.0,0.0,305.8125
8154,-24.179466390061506,0.00022826526769591292,1.0,0.015625,305.828125
8155,-24.179466390084745,0.00022776681460321506,1.0,0.015625,305.84375
8156,-24.179466390107745,0.00022779773134887243,1.0,0.015625,305.859375
8157,-24.179466390124254,0.00022863390660843915,1.0,0.15625,306.015625
8158,-24.179466390150242,0.00022778499880921386,1.0,0.03125,306.046875
8159,-24.179466390173303,0.0002282607437779705,1.0,0.015625,306.0625
8160,-24.17946639020283,0.0002285378414669827,1.0,0.015625,306.078125
8161,-24.179466390231433,0.00022952867809470533,1.0,0.140625,306.21875
8162,-24.179466390259943,0.00022630382137539887,1.0,0.015625,306.234375
8163,-24.17946639027801,0.00022653348087627338,1.0,0.015625,306.25
8164,-24.179466390300668,0.0002253693379102103,1.0,0.015625,306.265625
8165,-24.179466390327917,0.00022524227263754523,1.0,0.015625,306.28125
8166,-24.179466390349546,0.00022502276775309478,1.0,0.140625,306.421875
8167,-24.179466390367253,0.00022428387959634173,1.0,0.015625,306.4375
8168,-24.179466390390026,0.00022527963679604907,1.0,0.015625,306.453125
8169,-24.17946639041529,0.00022448374098161673,1.0,0.015625,306.46875
8170,-24.179466390444855,0.0002258163694234463,1.0,0.109375,306.578125
8171,-24.179466390478083,0.00022797990201330425,1.0,0.015625,306.59375
8172,-24.179466390506068,0.0002283563962646723,1.0,0.015625,306.609375
8173,-24.179466390536593,0.00022825888173727934,1.0,0.140625,306.75
8174,-24.1794663905628,0.00022754780692826372,1.0,0.015625,306.765625
8175,-24.17946639058916,0.00022694522336856032,1.0,0.015625,306.78125
8176,-24.179466390620714,0.00022635377497939993,1.0,0.015625,306.796875
8177,-24.17946639063694,0.00022453726957548097,1.0,0.09375,306.890625
8178,-24.179466390669358,0.0002235183960574847,1.0,0.015625,306.90625
8179,-24.179466390691644,0.00022496374784943598,1.0,0.015625,306.921875
8180,-24.179466390716463,0.00022480630554100529,1.0,0.015625,306.9375
8181,-24.17946639073946,0.00022509234499613347,1.0,0.125,307.0625
8182,-24.179466390767324,0.00022379443763095156,1.0,0.046875,307.109375
8183,-24.179466390795458,0.0002272164118820956,1.0,0.0,307.109375
8184,-24.17946639081797,0.0002259666680349504,1.0,0.015625,307.125
8185,-24.179466390841956,0.00022544460436664182,1.0,0.015625,307.140625
8186,-24.179466390875973,0.00022558342236228042,1.0,0.03125,307.171875
8187,-24.179466390908562,0.000225604335053028,1.0,0.015625,307.1875
8188,-24.179466390926603,0.0002250889848082179,1.0,0.015625,307.203125
8189,-24.179466390954378,0.00022358839255039444,1.0,0.015625,307.21875
8190,-24.17946639098299,0.00022433102529828962,1.0,0.078125,307.296875
8191,-24.179466391005068,0.00022309510341773358,1.0,0.03125,307.328125
8192,-24.179466391032157,0.00022142682077064404,1.0,0.0,307.328125
8193,-24.179466391053012,0.00022232455777512137,1.0,0.015625,307.34375
8194,-24.179466391074754,0.0002222070971570116,1.0,0.109375,307.453125
8195,-24.17946639110388,0.00022119537600876664,1.0,0.015625,307.46875
8196,-24.179466391125477,0.000220984486972866,1.0,0.015625,307.484375
8197,-24.179466391147454,0.0002223047958502031,1.0,0.015625,307.5
8198,-24.179466391169885,0.00022336753108340276,1.0,0.078125,307.578125
8199,-24.179466391191667,0.00022136688671902963,1.0,0.015625,307.59375
8200,-24.179466391218575,0.0002204274918171908,1.0,0.015625,307.609375
8201,-24.179466391244183,0.0002196537511352399,1.0,0.015625,307.625
8202,-24.179466391276762,0.0002201359497184277,1.0,0.03125,307.65625
8203,-24.1794663913011,0.00022062777608636495,1.0,0.03125,307.6875
8204,-24.179466391317355,0.00022060303780583907,1.0,0.015625,307.703125
8205,-24.179466391338682,0.00021904556850854183,1.0,0.015625,307.71875
8206,-24.179466391362226,0.00021884893066311664,1.0,0.046875,307.765625
8207,-24.179466391387972,0.00021900715104395028,1.0,0.0,307.765625
8208,-24.179466391407725,0.00021950940847063628,1.0,0.015625,307.78125
8209,-24.179466391438677,0.0002193160841321365,1.0,0.015625,307.796875
8210,-24.179466391462462,0.0002200032900445393,1.0,0.140625,307.9375
8211,-24.17946639149006,0.0002189340459070593,1.0,0.046875,307.984375
8212,-24.17946639151478,0.00021808251205080617,1.0,0.015625,308.0
8213,-24.17946639153739,0.00021629932028843432,1.0,0.015625,308.015625
8214,-24.1794663915574,0.00021472994573387236,1.0,0.125,308.140625
8215,-24.179466391582068,0.00021385548305000767,1.0,0.015625,308.15625
8216,-24.179466391603754,0.00021444055331719207,1.0,0.015625,308.171875
8217,-24.179466391624562,0.00021553353348233566,1.0,0.078125,308.25
8218,-24.17946639164191,0.00021504691188377448,1.0,0.015625,308.265625
8219,-24.179466391668345,0.0002144335872223397,1.0,0.0,308.265625
8220,-24.179466391686002,0.00021534945279199437,1.0,0.015625,308.28125
8221,-24.179466391705393,0.00021302511930515485,1.0,0.140625,308.421875
8222,-24.179466391724976,0.00021199498426131456,1.0,0.015625,308.4375
8223,-24.17946639174986,0.00021330770473704334,1.0,0.015625,308.453125
8224,-24.17946639177298,0.00021077734117265636,1.0,0.09375,308.546875
8225,-24.17946639179632,0.00020919342424596368,1.0,0.015625,308.5625
8226,-24.179466391828512,0.00021069612588606401,1.0,0.015625,308.578125
8227,-24.179466391848734,0.000211507992673591,1.0,0.015625,308.59375
8228,-24.179466391863134,0.0002127931963465063,1.0,0.03125,308.625
8229,-24.179466391891413,0.0002137292657080312,1.0,0.0,308.625
8230,-24.17946639191511,0.0002133647095183846,1.0,0.015625,308.640625
8231,-24.17946639194293,0.00021346622630732094,1.0,0.015625,308.65625
8232,-24.179466391959366,0.000212766398713083,1.0,0.140625,308.796875
8233,-24.17946639199173,0.00021447230988110805,1.0,0.015625,308.8125
8234,-24.17946639201714,0.00021337562179514822,1.0,0.015625,308.828125
8235,-24.179466392047708,0.00021224913174382542,1.0,0.015625,308.84375
8236,-24.179466392067575,0.00020983420688075783,1.0,0.140625,308.984375
8237,-24.17946639209963,0.00020987066105317034,1.0,0.03125,309.015625
8238,-24.17946639211919,0.00021043121972085972,1.0,0.015625,309.03125
8239,-24.17946639215023,0.0002121284236475831,1.0,0.015625,309.046875
8240,-24.17946639217727,0.00021435070348160194,1.0,0.140625,309.1875
8241,-24.179466392199163,0.00021242606768684958,1.0,0.015625,309.203125
8242,-24.179466392214568,0.00021211215746177523,1.0,0.015625,309.21875
8243,-24.179466392240933,0.00021198838539161533,1.0,0.015625,309.234375
8244,-24.17946639226087,0.00021238912677550508,1.0,0.140625,309.375
8245,-24.17946639228011,0.00021242981828915232,1.0,0.03125,309.40625
8246,-24.179466392303585,0.0002114016032764858,1.0,0.015625,309.421875
8247,-24.179466392321306,0.00021152568573554206,1.0,0.015625,309.4375
8248,-24.17946639235451,0.00021032098954573719,1.0,0.09375,309.53125
8249,-24.179466392381663,0.00020867562066127405,1.0,0.015625,309.546875
8250,-24.179466392401068,0.00020635589322047355,1.0,0.015625,309.5625
8251,-24.179466392421087,0.00020434468931364985,1.0,0.015625,309.578125
8252,-24.17946639244235,0.00020325172455625847,1.0,0.140625,309.71875
8253,-24.179466392467784,0.00020452470601737795,1.0,0.015625,309.734375
8254,-24.17946639248345,0.00020406455464563698,1.0,0.015625,309.75
8255,-24.179466392503397,0.00020251639822104956,1.0,0.015625,309.765625
8256,-24.17946639253054,0.0002027429177743304,1.0,0.140625,309.90625
8257,-24.17946639255358,0.00020353743661987334,1.0,0.03125,309.9375
8258,-24.179466392572856,0.00020435815369515437,1.0,0.015625,309.953125
8259,-24.179466392586267,0.0002043350797327038,1.0,0.015625,309.96875
8260,-24.179466392608507,0.00020548865039603473,1.0,0.0625,310.03125
8261,-24.179466392627496,0.00020398773550187206,1.0,0.015625,310.046875
8262,-24.179466392644308,0.00020434576007936166,1.0,0.015625,310.0625
8263,-24.1794663926693,0.00020505479168447644,1.0,0.140625,310.203125
8264,-24.179466392689033,0.000206704504179522,1.0,0.03125,310.234375
8265,-24.179466392711856,0.00020685797787267228,1.0,0.015625,310.25
8266,-24.17946639273656,0.0002083794585705861,1.0,0.015625,310.265625
8267,-24.179466392759217,0.00020843755517396565,1.0,0.015625,310.28125
8268,-24.179466392778906,0.00020742471143383513,1.0,0.0,310.28125
8269,-24.179466392797643,0.0002080781438718186,1.0,0.0,310.28125
8270,-24.179466392822295,0.00020786270591134434,1.0,0.015625,310.296875
8271,-24.17946639284621,0.0002060815589672606,1.0,0.015625,310.3125
8272,-24.179466392864683,0.00020902388647874872,1.0,0.140625,310.453125
8273,-24.179466392883466,0.0002089241984884232,1.0,0.03125,310.484375
8274,-24.179466392903624,0.000209440033778262,1.0,0.015625,310.5
8275,-24.179466392929285,0.0002091054924502549,1.0,0.078125,310.578125
8276,-24.179466392950655,0.00020632011324158702,1.0,0.015625,310.59375
8277,-24.179466392970344,0.000206339057714944,1.0,0.015625,310.609375
8278,-24.179466392991195,0.00020460029464945998,1.0,0.015625,310.625
8279,-24.17946639300937,0.00020460212659128259,1.0,0.140625,310.765625
8280,-24.17946639303309,0.00020399474049668522,1.0,0.015625,310.78125
8281,-24.179466393057673,0.00020346202139524163,1.0,0.015625,310.796875
8282,-24.179466393078872,0.00020306267872257722,1.0,0.015625,310.8125
8283,-24.179466393106953,0.00020303921667393345,1.0,0.046875,310.859375
8284,-24.17946639312367,0.00020160330785887429,1.0,0.015625,310.875
8285,-24.179466393145212,0.0002006546826791712,1.0,0.015625,310.890625
8286,-24.179466393169992,0.0002002926889821058,1.0,0.015625,310.90625
8287,-24.17946639319766,0.00020071730105424818,1.0,0.140625,311.046875
8288,-24.179466393220157,0.000200014061144434,1.0,0.015625,311.0625
8289,-24.179466393239178,0.00019999472197327424,1.0,0.015625,311.078125
8290,-24.179466393264622,0.0001998362897443283,1.0,0.015625,311.09375
8291,-24.179466393285566,0.00019902090230495629,1.0,0.015625,311.109375
8292,-24.179466393304107,0.00019665644497813252,1.0,0.046875,311.15625
8293,-24.17946639332525,0.00019668747681767887,1.0,0.015625,311.171875
8294,-24.17946639334206,0.0001975864266494306,1.0,0.015625,311.1875
8295,-24.179466393358815,0.0001976956339301089,1.0,0.140625,311.328125
8296,-24.179466393377,0.00019646638104196264,1.0,0.015625,311.34375
8297,-24.179466393390335,0.00019592502915773935,1.0,0.015625,311.359375
8298,-24.179466393405985,0.00019566441027972113,1.0,0.140625,311.5
8299,-24.179466393424686,0.0001950538942864773,1.0,0.015625,311.515625
8300,-24.179466393444784,0.0001945481065824351,1.0,0.015625,311.53125
8301,-24.17946639346065,0.0001950783552241742,1.0,0.015625,311.546875
8302,-24.17946639348287,0.00019377284004143896,1.0,0.03125,311.578125
8303,-24.179466393507976,0.00019497941087960849,1.0,0.0,311.578125
8304,-24.17946639352249,0.00019421033405728644,1.0,0.015625,311.59375
8305,-24.179466393550783,0.000193720257662073,1.0,0.015625,311.609375
8306,-24.179466393568333,0.00019316471896909832,1.0,0.015625,311.625
8307,-24.17946639359079,0.0001928896830835132,1.0,0.03125,311.65625
8308,-24.179466393604812,0.00019282937769313699,1.0,0.015625,311.671875
8309,-24.179466393622466,0.0001929481208281659,1.0,0.015625,311.6875
8310,-24.179466393638545,0.0001949418706740425,1.0,0.046875,311.734375
8311,-24.179466393657126,0.00019523235703888193,1.0,0.0,311.734375
8312,-24.179466393675693,0.00019537456341735973,1.0,0.015625,311.75
8313,-24.17946639369719,0.00019573227816827794,1.0,0.109375,311.859375
8314,-24.179466393720837,0.00019721543962245334,1.0,0.015625,311.875
8315,-24.17946639374281,0.00019560567695487048,1.0,0.015625,311.890625
8316,-24.179466393766702,0.00019454237422989457,1.0,0.015625,311.90625
8317,-24.17946639377879,0.00019326630944031345,1.0,0.140625,312.046875
8318,-24.17946639379689,0.00019223378400652757,1.0,0.015625,312.0625
8319,-24.179466393820174,0.0001928931412172313,1.0,0.015625,312.078125
8320,-24.179466393844436,0.00019315320888913618,1.0,0.015625,312.09375
8321,-24.17946639386213,0.00019229778336126333,1.0,0.140625,312.234375
8322,-24.179466393885207,0.00019076975284535632,1.0,0.0,312.234375
8323,-24.179466393904136,0.00019230240390504533,1.0,0.015625,312.25
8324,-24.179466393921697,0.00019207324363690133,1.0,0.015625,312.265625
8325,-24.17946639393915,0.00019238393916598946,1.0,0.046875,312.3125
8326,-24.179466393961466,0.00019257828658502716,1.0,0.0,312.3125
8327,-24.17946639397673,0.00019147272071941285,1.0,0.015625,312.328125
8328,-24.17946639399983,0.00019172292925484006,1.0,0.078125,312.40625
8329,-24.179466394016064,0.00019178715749215401,1.0,0.015625,312.421875
8330,-24.179466394033213,0.00019073655187120688,1.0,0.015625,312.4375
8331,-24.179466394052632,0.00019193084557727087,1.0,0.015625,312.453125
8332,-24.179466394071483,0.00019160678874250749,1.0,0.015625,312.46875
8333,-24.179466394088095,0.00019152105075143303,1.0,0.03125,312.5
8334,-24.179466394111127,0.00019053679464868008,1.0,0.015625,312.515625
8335,-24.17946639412714,0.00018883263543314504,1.0,0.03125,312.546875
8336,-24.179466394146687,0.0001870290277558935,1.0,0.125,312.671875
8337,-24.179466394161828,0.00018725070734433246,1.0,0.0,312.671875
8338,-24.179466394180515,0.0001883269471876469,1.0,0.015625,312.6875
8339,-24.17946639419516,0.0001865649382833318,1.0,0.0625,312.75
8340,-24.179466394221105,0.00018696120352757384,1.0,0.015625,312.765625
8341,-24.179466394237004,0.00018759180929182537,1.0,0.015625,312.78125
8342,-24.17946639424918,0.00018759595082215618,1.0,0.015625,312.796875
8343,-24.179466394265905,0.00018688682338768042,1.0,0.140625,312.9375
8344,-24.17946639428651,0.00018626893623158904,1.0,0.015625,312.953125
8345,-24.179466394300437,0.00018562414848342741,1.0,0.015625,312.96875
8346,-24.179466394320066,0.00018586521610103362,1.0,0.015625,312.984375
8347,-24.17946639433518,0.00018593173329134013,1.0,0.03125,313.015625
8348,-24.17946639434947,0.00018569362629351064,1.0,0.0,313.015625
8349,-24.179466394370873,0.00018661132253378014,1.0,0.015625,313.03125
8350,-24.17946639438544,0.00018620351658057461,1.0,0.015625,313.046875
8351,-24.17946639440127,0.00018877870302330414,1.0,0.03125,313.078125
8352,-24.179466394433597,0.00018871587790672567,1.0,0.0,313.078125
8353,-24.179466394449843,0.0001869385994664422,1.0,0.015625,313.09375
8354,-24.17946639446501,0.00018596999446713407,1.0,0.015625,313.109375
8355,-24.17946639448428,0.0001848314286469999,1.0,0.046875,313.15625
8356,-24.179466394507845,0.0001855082685717131,1.0,0.015625,313.171875
8357,-24.17946639452719,0.0001859312656842763,1.0,0.015625,313.1875
8358,-24.17946639454468,0.00018456202284515249,1.0,0.03125,313.21875
8359,-24.179466394563608,0.00018592890827598673,1.0,0.0,313.21875
8360,-24.17946639458142,0.00018559368971101214,1.0,0.015625,313.234375
8361,-24.17946639460017,0.0001834983958720474,1.0,0.140625,313.375
8362,-24.17946639461123,0.00018411621590288827,1.0,0.015625,313.390625
8363,-24.179466394627894,0.00018481816764739836,1.0,0.015625,313.40625
8364,-24.1794663946527,0.00018449268410297332,1.0,0.015625,313.421875
8365,-24.17946639466734,0.00018388282497013936,1.0,0.015625,313.4375
8366,-24.179466394683132,0.00018344797783927382,1.0,0.03125,313.46875
8367,-24.17946639469615,0.00018400608397555303,1.0,0.046875,313.515625
8368,-24.179466394717096,0.00018300084431339405,1.0,0.015625,313.53125
8369,-24.17946639473802,0.000184234450353987,1.0,0.0625,313.59375
8370,-24.17946639476142,0.00018366615200767156,1.0,0.0,313.59375
8371,-24.17946639477707,0.0001845439878296787,1.0,0.015625,313.609375
8372,-24.179466394794108,0.00018554242671491063,1.0,0.015625,313.625
8373,-24.179466394809197,0.00018558936005736852,1.0,0.015625,313.640625
8374,-24.179466394823923,0.0001855025384756304,1.0,0.03125,313.671875
8375,-24.1794663948359,0.00018523603625032653,1.0,0.0,313.671875
8376,-24.17946639484961,0.00018321315526989554,1.0,0.015625,313.6875
8377,-24.17946639486538,0.00018247914089557154,1.0,0.140625,313.828125
8378,-24.17946639488629,0.00018164647925461772,1.0,0.015625,313.84375
8379,-24.17946639491228,0.0001814646434298285,1.0,0.015625,313.859375
8380,-24.179466394934884,0.00018142518256561793,1.0,0.015625,313.875
8381,-24.1794663949471,0.00018062604743141646,1.0,0.140625,314.015625
8382,-24.179466394958265,0.0001809618395858636,1.0,0.03125,314.046875
8383,-24.17946639497484,0.0001803754098732648,1.0,0.015625,314.0625
8384,-24.1794663949883,0.0001802511744612665,1.0,0.015625,314.078125
8385,-24.179466395008916,0.00017943000886122624,1.0,0.015625,314.09375
8386,-24.179466395021368,0.00017873337648748635,1.0,0.140625,314.234375
8387,-24.179466395038222,0.0001790055571885364,1.0,0.015625,314.25
8388,-24.179466395050305,0.00017851566916159706,1.0,0.015625,314.265625
8389,-24.179466395064168,0.00017896714300022658,1.0,0.03125,314.296875
8390,-24.179466395079082,0.0001782129708360637,1.0,0.015625,314.3125
8391,-24.179466395098494,0.00017838058699179746,1.0,0.015625,314.328125
8392,-24.17946639511275,0.00017868077857859994,1.0,0.015625,314.34375
8393,-24.1794663951243,0.0001782982303635941,1.0,0.03125,314.375
8394,-24.17946639513556,0.00017829046970465687,1.0,0.0,314.375
8395,-24.179466395151113,0.00017773405782773504,1.0,0.015625,314.390625
8396,-24.179466395168514,0.00017740755337392866,1.0,0.015625,314.40625
8397,-24.17946639518279,0.00017850209040303806,1.0,0.140625,314.546875
8398,-24.179466395195025,0.0001781235201539597,1.0,0.015625,314.5625
8399,-24.179466395211115,0.00017740674226470076,1.0,0.015625,314.578125
8400,-24.179466395228523,0.00017908573003713675,1.0,0.078125,314.65625
8401,-24.17946639524407,0.00017876935972942437,1.0,0.0,314.65625
8402,-24.179466395265756,0.00017940886021969982,1.0,0.015625,314.671875
8403,-24.1794663952864,0.00017832805758859538,1.0,0.09375,314.765625
8404,-24.179466395304328,0.0001778422669982571,1.0,0.015625,314.78125
8405,-24.179466395320592,0.00017613214648751023,1.0,0.015625,314.796875
8406,-24.179466395335943,0.0001763101542807698,1.0,0.015625,314.8125
8407,-24.179466395352485,0.00017584923566701425,1.0,0.015625,314.828125
8408,-24.179466395370117,0.0001759811598855872,1.0,0.03125,314.859375
8409,-24.179466395381688,0.00017611529683575814,1.0,0.0,314.859375
8410,-24.179466395400887,0.00017538953766285938,1.0,0.015625,314.875
8411,-24.179466395421368,0.00017597867035694495,1.0,0.140625,315.015625
8412,-24.179466395435497,0.0001754671243962477,1.0,0.03125,315.046875
8413,-24.17946639545334,0.00017667581448009423,1.0,0.015625,315.0625
8414,-24.179466395465568,0.00017670001204902152,1.0,0.015625,315.078125
8415,-24.179466395478396,0.00017571034281692124,1.0,0.03125,315.109375
8416,-24.17946639549715,0.00017542260994114176,1.0,0.015625,315.125
8417,-24.17946639551056,0.00017587473648267708,1.0,0.015625,315.140625
8418,-24.179466395522784,0.0001750771189250087,1.0,0.078125,315.21875
8419,-24.17946639554081,0.0001756724900392614,1.0,0.015625,315.234375
8420,-24.179466395558247,0.00017452303830128342,1.0,0.015625,315.25
8421,-24.179466395576444,0.0001761769312607742,1.0,0.140625,315.390625
8422,-24.179466395591692,0.0001758253438847803,1.0,0.015625,315.40625
8423,-24.179466395602986,0.00017550372472650654,1.0,0.015625,315.421875
8424,-24.179466395618146,0.0001777474914035875,1.0,0.015625,315.4375
8425,-24.179466395634584,0.0001763853676883701,1.0,0.03125,315.46875
8426,-24.179466395650916,0.00017578248550866778,1.0,0.0,315.46875
8427,-24.17946639567077,0.00017558354592698454,1.0,0.015625,315.484375
8428,-24.179466395687008,0.0001747079860365232,1.0,0.109375,315.59375
8429,-24.179466395702914,0.0001746942568469103,1.0,0.015625,315.609375
8430,-24.17946639571748,0.00017370288862759826,1.0,0.015625,315.625
8431,-24.17946639573641,0.0001729808333749524,1.0,0.015625,315.640625
8432,-24.179466395749888,0.00017237957073472737,1.0,0.140625,315.78125
8433,-24.179466395765292,0.00017277971359641063,1.0,0.0,315.78125
8434,-24.179466395780924,0.0001719032924502401,1.0,0.015625,315.796875
8435,-24.17946639579282,0.00017152169212193425,1.0,0.015625,315.8125
8436,-24.17946639580331,0.00017184169110848503,1.0,0.03125,315.84375
8437,-24.179466395813595,0.00017125957553607962,1.0,0.0,315.84375
8438,-24.179466395825315,0.0001717457987872187,1.0,0.015625,315.859375
8439,-24.179466395841175,0.0001720938554135416,1.0,0.015625,315.875
8440,-24.179466395853897,0.0001720057260857076,1.0,0.046875,315.921875
8441,-24.179466395871586,0.00017261151319336557,1.0,0.015625,315.9375
8442,-24.179466395881104,0.00017273578446473065,1.0,0.015625,315.953125
8443,-24.179466395898107,0.00017180771478510508,1.0,0.140625,316.09375
8444,-24.179466395916627,0.00016983534793299862,1.0,0.0,316.09375
8445,-24.17946639592745,0.00016983063064029434,1.0,0.015625,316.109375
8446,-24.17946639594211,0.00016874710334497439,1.0,0.140625,316.25
8447,-24.179466395956887,0.00016892738291960746,1.0,0.015625,316.265625
8448,-24.179466395969623,0.00016838076404867514,1.0,0.0,316.265625
8449,-24.179466395982537,0.00016818052773992262,1.0,0.015625,316.28125
8450,-24.179466396001,0.00016775241052642578,1.0,0.015625,316.296875
8451,-24.17946639601828,0.00016680866472364134,1.0,0.140625,316.4375
8452,-24.179466396033256,0.00016594762486669832,1.0,0.015625,316.453125
8453,-24.179466396044322,0.00016722998152395502,1.0,0.015625,316.46875
8454,-24.17946639605721,0.0001662372648095374,1.0,0.015625,316.484375
8455,-24.179466396069234,0.00016673891600793488,1.0,0.046875,316.53125
8456,-24.179466396083093,0.00016580016544908964,1.0,0.0,316.53125
8457,-24.179466396097563,0.00016548860547638183,1.0,0.015625,316.546875
8458,-24.179466396113916,0.00016608918312568916,1.0,0.015625,316.5625
8459,-24.1794663961256,0.00016524026898321015,1.0,0.03125,316.59375
8460,-24.179466396139333,0.00016579263408667293,1.0,0.015625,316.609375
8461,-24.17946639615146,0.00016565569617266009,1.0,0.015625,316.625
8462,-24.17946639616482,0.00016622401105609725,1.0,0.140625,316.765625
8463,-24.179466396178725,0.00016623371885141633,1.0,0.015625,316.78125
8464,-24.17946639618684,0.0001671074529217157,1.0,0.015625,316.796875
8465,-24.179466396207303,0.00016634491317347774,1.0,0.015625,316.8125
8466,-24.179466396219837,0.00016696824403940853,1.0,0.046875,316.859375
8467,-24.17946639623542,0.00016708568978904444,1.0,0.015625,316.875
8468,-24.179466396253616,0.00016706211624194182,1.0,0.09375,316.96875
8469,-24.179466396266875,0.00016609305214154948,1.0,0.03125,317.0
8470,-24.179466396281747,0.00016596141757877883,1.0,0.015625,317.015625
8471,-24.179466396297233,0.00016342352076572882,1.0,0.015625,317.03125
8472,-24.179466396308516,0.00016506050473517414,1.0,0.078125,317.109375
8473,-24.179466396321605,0.00016547391802930396,1.0,0.015625,317.125
8474,-24.179466396336053,0.000165831121433105,1.0,0.015625,317.140625
8475,-24.179466396351305,0.00016592610375150643,1.0,0.140625,317.28125
8476,-24.179466396364543,0.00016588358554129386,1.0,0.015625,317.296875
8477,-24.17946639637521,0.00016459061004476798,1.0,0.015625,317.3125
8478,-24.179466396392094,0.00016193994182369062,1.0,0.015625,317.328125
8479,-24.179466396402805,0.0001622152853356877,1.0,0.03125,317.359375
8480,-24.179466396416665,0.00016022552287965811,1.0,0.015625,317.375
8481,-24.179466396425983,0.00016032404392389977,1.0,0.015625,317.390625
8482,-24.17946639644696,0.0001609514888332757,1.0,0.125,317.515625
8483,-24.179466396462505,0.00016017029971789385,1.0,0.0,317.515625
8484,-24.179466396473554,0.00016091358582671623,1.0,0.015625,317.53125
8485,-24.179466396486504,0.00016111963346894347,1.0,0.0625,317.59375
8486,-24.179466396500132,0.0001594221899395029,1.0,0.015625,317.609375
8487,-24.179466396517448,0.0001586615535661984,1.0,0.015625,317.625
8488,-24.179466396527413,0.000159387693460441,1.0,0.015625,317.640625
8489,-24.179466396541034,0.00015939712842489177,1.0,0.0625,317.703125
8490,-24.17946639655326,0.00016085582772798888,1.0,0.015625,317.71875
8491,-24.17946639656994,0.00016018296021259697,1.0,0.015625,317.734375
8492,-24.179466396587998,0.00015866255573371288,1.0,0.046875,317.78125
8493,-24.17946639659886,0.00015953213639870734,1.0,0.015625,317.796875
8494,-24.17946639661426,0.00015869462390932389,1.0,0.015625,317.8125
8495,-24.17946639662853,0.0001587009820943997,1.0,0.140625,317.953125
8496,-24.17946639663786,0.00015872382514688665,1.0,0.015625,317.96875
8497,-24.179466396650717,0.00015935314442965548,1.0,0.015625,317.984375
8498,-24.179466396662566,0.0001585254834900514,1.0,0.015625,318.0
8499,-24.179466396675966,0.0001576110673751764,1.0,0.078125,318.078125
8500,-24.17946639668663,0.00015727468053643913,1.0,0.0,318.078125
8501,-24.17946639669716,0.00015736599372414761,1.0,0.015625,318.09375
8502,-24.17946639671041,0.00015692019528346638,1.0,0.140625,318.234375
8503,-24.17946639672252,0.00015713059146746808,1.0,0.0,318.234375
8504,-24.17946639673589,0.00015690713133439203,1.0,0.015625,318.25
8505,-24.17946639675387,0.00015802513731909634,1.0,0.078125,318.328125
8506,-24.179466396766202,0.00015790077324206179,1.0,0.03125,318.359375
8507,-24.17946639678376,0.0001583474741381834,1.0,0.015625,318.375
8508,-24.17946639679936,0.00015843798625742343,1.0,0.109375,318.484375
8509,-24.179466396812124,0.00015830142766021872,1.0,0.03125,318.515625
8510,-24.179466396825077,0.00015902423015037157,1.0,0.015625,318.53125
8511,-24.179466396839455,0.0001599854290430592,1.0,0.015625,318.546875
8512,-24.179466396853893,0.0001597344694694906,1.0,0.046875,318.59375
8513,-24.179466396869802,0.00016103925382555872,1.0,0.015625,318.609375
8514,-24.17946639688174,0.00016084205943412224,1.0,0.015625,318.625
8515,-24.17946639689626,0.0001608521514537112,1.0,0.03125,318.65625
8516,-24.179466396911874,0.00015749000873817242,1.0,0.015625,318.671875
8517,-24.17946639692746,0.00015479134928342774,1.0,0.015625,318.6875
8518,-24.179466396936046,0.0001542690631255827,1.0,0.03125,318.71875
8519,-24.179466396949632,0.0001552228430333404,1.0,0.015625,318.734375
8520,-24.179466396964003,0.00015666240729059845,1.0,0.109375,318.84375
8521,-24.17946639697309,0.0001558619283739915,1.0,0.015625,318.859375
8522,-24.179466396985376,0.00015550192045717245,1.0,0.015625,318.875
8523,-24.1794663970012,0.0001554551565026193,1.0,0.015625,318.890625
8524,-24.17946639701279,0.00015510827890885184,1.0,0.015625,318.90625
8525,-24.179466397025283,0.00015377394368469346,1.0,0.09375,319.0
8526,-24.17946639704028,0.0001535086923926921,1.0,0.015625,319.015625
8527,-24.179466397050867,0.00015401158040576911,1.0,0.015625,319.03125
8528,-24.17946639706452,0.00015364683766049564,1.0,0.125,319.15625
8529,-24.17946639707607,0.00015298784243564389,1.0,0.015625,319.171875
8530,-24.179466397088838,0.00015432534313745416,1.0,0.015625,319.1875
8531,-24.179466397098277,0.00015392025128410677,1.0,0.015625,319.203125
8532,-24.179466397109405,0.0001544798816686378,1.0,0.03125,319.234375
8533,-24.179466397121562,0.00015295954030027155,1.0,0.015625,319.25
8534,-24.179466397128294,0.0001527402473236834,1.0,0.015625,319.265625
8535,-24.17946639714178,0.00015096534951211798,1.0,0.015625,319.28125
8536,-24.1794663971557,0.00015075947266867922,1.0,0.03125,319.3125
8537,-24.17946639716659,0.00015074507489327646,1.0,0.0,319.3125
8538,-24.179466397180832,0.00015105723152470133,1.0,0.015625,319.328125
8539,-24.17946639719559,0.0001505185309714896,1.0,0.140625,319.46875
8540,-24.179466397207467,0.00014918712554524847,1.0,0.015625,319.484375
8541,-24.179466397222146,0.0001500449663442837,1.0,0.015625,319.5
8542,-24.179466397232016,0.000150637456437096,1.0,0.140625,319.640625
8543,-24.179466397243125,0.00015069149216989243,1.0,0.046875,319.6875
8544,-24.17946639725585,0.0001514315650090809,1.0,0.015625,319.703125
8545,-24.179466397265905,0.00015001792446655367,1.0,0.015625,319.71875
8546,-24.179466397276393,0.00014892278669866805,1.0,0.140625,319.859375
8547,-24.179466397285953,0.00014940565021011342,1.0,0.015625,319.875
8548,-24.179466397296753,0.00014908484598487375,1.0,0.015625,319.890625
8549,-24.179466397306722,0.00014843710754819473,1.0,0.09375,319.984375
8550,-24.179466397318755,0.0001496335981420295,1.0,0.015625,320.0
8551,-24.17946639732913,0.00014901762763423475,1.0,0.015625,320.015625
8552,-24.179466397341262,0.0001483470691013092,1.0,0.015625,320.03125
8553,-24.179466397352915,0.0001479123297110837,1.0,0.140625,320.171875
8554,-24.179466397365434,0.0001466717894877267,1.0,0.015625,320.1875
8555,-24.179466397374654,0.0001466056084456702,1.0,0.015625,320.203125
8556,-24.179466397388847,0.00014585050753668745,1.0,0.015625,320.21875
8557,-24.17946639740224,0.00014594734954855775,1.0,0.046875,320.265625
8558,-24.179466397411645,0.00014511868427696995,1.0,0.0,320.265625
8559,-24.179466397422953,0.00014391835527392737,1.0,0.015625,320.28125
8560,-24.1794663974334,0.00014430121999803056,1.0,0.140625,320.421875
8561,-24.179466397443214,0.00014343321843277967,1.0,0.015625,320.4375
8562,-24.179466397456526,0.00014413487272087183,1.0,0.0,320.4375
8563,-24.17946639746884,0.00014417186566006952,1.0,0.015625,320.453125
8564,-24.17946639748152,0.00014331458712526642,1.0,0.078125,320.53125
8565,-24.17946639749161,0.00014227548897967948,1.0,0.015625,320.546875
8566,-24.179466397504136,0.00014240977592455868,1.0,0.015625,320.5625
8567,-24.17946639751513,0.00014342014525919045,1.0,0.015625,320.578125
8568,-24.179466397528188,0.0001440915874819926,1.0,0.015625,320.59375
8569,-24.1794663975364,0.00014373130834146924,1.0,0.015625,320.609375
8570,-24.179466397546932,0.00014398790972310313,1.0,0.140625,320.75
8571,-24.179466397555405,0.00014368738044568148,1.0,0.015625,320.765625
8572,-24.179466397564823,0.0001445562810736832,1.0,0.015625,320.78125
8573,-24.17946639757573,0.00014472555491689377,1.0,0.125,320.90625
8574,-24.179466397584175,0.0001444958141305051,1.0,0.015625,320.921875
8575,-24.179466397594876,0.00014418653712954297,1.0,0.015625,320.9375
8576,-24.17946639760397,0.00014373365104022976,1.0,0.015625,320.953125
8577,-24.17946639761307,0.00014249494577559652,1.0,0.140625,321.09375
8578,-24.179466397621002,0.00014341422339206775,1.0,0.015625,321.109375
8579,-24.179466397631938,0.0001446540653197891,1.0,0.015625,321.125
8580,-24.179466397643402,0.00014515339669776223,1.0,0.140625,321.265625
8581,-24.179466397651982,0.00014646723663588345,1.0,0.015625,321.28125
8582,-24.179466397662196,0.00014512808252394643,1.0,0.015625,321.296875
8583,-24.179466397670186,0.0001449409160261476,1.0,0.015625,321.3125
8584,-24.17946639768018,0.00014361822252198416,1.0,0.140625,321.453125
8585,-24.179466397688206,0.00014407832458194735,1.0,0.015625,321.46875
8586,-24.179466397695155,0.00014432899883582204,1.0,0.015625,321.484375
8587,-24.179466397707863,0.0001443690609625121,1.0,0.015625,321.5
8588,-24.17946639771614,0.00014458956925112937,1.0,0.125,321.625
8589,-24.179466397729602,0.00014502871051786593,1.0,0.0,321.625
8590,-24.179466397741233,0.00014425172180889504,1.0,0.015625,321.640625
8591,-24.179466397752577,0.0001444919028162341,1.0,0.015625,321.65625
8592,-24.17946639776725,0.00014344721744448703,1.0,0.046875,321.703125
8593,-24.179466397783322,0.00014387273219334924,1.0,0.015625,321.71875
8594,-24.17946639779096,0.00014533108810681726,1.0,0.015625,321.734375
8595,-24.17946639779973,0.00014488712058179727,1.0,0.015625,321.75
8596,-24.179466397812213,0.00014381075907963055,1.0,0.0625,321.8125
8597,-24.179466397824747,0.00014335817401115271,1.0,0.015625,321.828125
8598,-24.17946639783075,0.00014367895856921766,1.0,0.015625,321.84375
8599,-24.179466397835956,0.0001433778631084749,1.0,0.078125,321.921875
8600,-24.17946639784738,0.00014327019456518395,1.0,0.015625,321.9375
8601,-24.179466397858405,0.00014314686486986206,1.0,0.015625,321.953125
8602,-24.179466397868,0.0001433490175911895,1.0,0.015625,321.96875
8603,-24.179466397876883,0.0001427864174386684,1.0,0.09375,322.0625
8604,-24.179466397886305,0.00014275507289758402,1.0,0.015625,322.078125
8605,-24.179466397899215,0.00014362250681973057,1.0,0.015625,322.09375
8606,-24.17946639790861,0.0001425587417237851,1.0,0.015625,322.109375
8607,-24.179466397920983,0.00014222986966347755,1.0,0.03125,322.140625
8608,-24.179466397932647,0.00014129891821796083,1.0,0.015625,322.15625
8609,-24.179466397941148,0.00014154686253293867,1.0,0.015625,322.171875
8610,-24.179466397952265,0.0001407501235044966,1.0,0.125,322.296875
8611,-24.179466397966735,0.0001409822491276805,1.0,0.015625,322.3125
8612,-24.179466397974334,0.00013973381043544,1.0,0.015625,322.328125
8613,-24.179466397989934,0.00014008359010967425,1.0,0.03125,322.359375
8614,-24.17946639799805,0.00014008339832116053,1.0,0.015625,322.375
8615,-24.17946639800687,0.00013959769211100185,1.0,0.015625,322.390625
8616,-24.179466398017293,0.00013960768241923503,1.0,0.03125,322.421875
8617,-24.179466398024466,0.00013946255803584228,1.0,0.015625,322.4375
8618,-24.179466398034315,0.00013926641801236512,1.0,0.09375,322.53125
8619,-24.179466398042045,0.00013962822774508843,1.0,0.0,322.53125
8620,-24.1794663980517,0.00014030900306996404,1.0,0.015625,322.546875
8621,-24.179466398061535,0.00014056374899476835,1.0,0.125,322.671875
8622,-24.179466398071963,0.00014088686990257403,1.0,0.0,322.671875
8623,-24.179466398081658,0.00014059476345638133,1.0,0.015625,322.6875
8624,-24.179466398087342,0.00014137881001091145,1.0,0.015625,322.703125
8625,-24.179466398098484,0.0001419963390770404,1.0,0.125,322.828125
8626,-24.179466398106758,0.00014049077015961198,1.0,0.03125,322.859375
8627,-24.179466398113117,0.00014097885640579713,1.0,0.0,322.859375
8628,-24.179466398120738,0.00014083090474607831,1.0,0.125,322.984375
8629,-24.179466398129644,0.00014039766796400386,1.0,0.015625,323.0
8630,-24.179466398139777,0.00014005109401406826,1.0,0.015625,323.015625
8631,-24.179466398152556,0.00013952275835145197,1.0,0.125,323.140625
8632,-24.179466398162962,0.00013900750152032128,1.0,0.015625,323.15625
8633,-24.179466398173293,0.00013708882951278135,1.0,0.015625,323.171875
8634,-24.179466398181624,0.00013713055570712556,1.0,0.109375,323.28125
8635,-24.179466398189845,0.00013643555005895118,1.0,0.015625,323.296875
8636,-24.179466398202717,0.00013640477280965093,1.0,0.015625,323.3125
8637,-24.179466398209385,0.00013702533004145685,1.0,0.015625,323.328125
8638,-24.179466398215286,0.0001381799875934101,1.0,0.03125,323.359375
8639,-24.17946639822378,0.00013757857998232987,1.0,0.015625,323.375
8640,-24.17946639823712,0.00013782807753500267,1.0,0.015625,323.390625
8641,-24.17946639824609,0.00013662810804102816,1.0,0.03125,323.421875
8642,-24.179466398253215,0.00013647399330328738,1.0,0.015625,323.4375
8643,-24.179466398264054,0.00013596072088104078,1.0,0.015625,323.453125
8644,-24.179466398270794,0.00013616790442207047,1.0,0.03125,323.484375
8645,-24.179466398282585,0.00013587414348855298,1.0,0.015625,323.5
8646,-24.179466398292114,0.00013468899822829418,1.0,0.015625,323.515625
8647,-24.179466398301305,0.0001354406018579571,1.0,0.046875,323.5625
8648,-24.17946639830865,0.0001360489017017191,1.0,0.015625,323.578125
8649,-24.179466398317377,0.00013553655973987805,1.0,0.015625,323.59375
8650,-24.179466398325225,0.0001361576994722076,1.0,0.03125,323.625
8651,-24.17946639833489,0.00013594439638965313,1.0,0.015625,323.640625
8652,-24.17946639834406,0.00013549793439279967,1.0,0.109375,323.75
8653,-24.179466398353018,0.0001355119672660165,1.0,0.015625,323.765625
8654,-24.17946639836361,0.00013519725255024118,1.0,0.015625,323.78125
8655,-24.179466398372913,0.00013422784925320669,1.0,0.109375,323.890625
8656,-24.179466398380978,0.00013456435337039232,1.0,0.015625,323.90625
8657,-24.179466398392567,0.00013450040814321027,1.0,0.109375,324.015625
8658,-24.179466398398045,0.00013470522641342213,1.0,0.015625,324.03125
8659,-24.179466398407328,0.00013476161146576914,1.0,0.015625,324.046875
8660,-24.17946639841712,0.00013397799128729007,1.0,0.0625,324.109375
8661,-24.1794663984246,0.0001337341983096767,1.0,0.015625,324.125
8662,-24.179466398433295,0.00013217617732684273,1.0,0.125,324.25
8663,-24.179466398441956,0.00013175669039568915,1.0,0.015625,324.265625
8664,-24.17946639844908,0.0001326048181501439,1.0,0.015625,324.28125
8665,-24.179466398459137,0.0001316587544179539,1.0,0.109375,324.390625
8666,-24.17946639846651,0.00013115966593898676,1.0,0.015625,324.40625
8667,-24.179466398474023,0.00013189462528254132,1.0,0.015625,324.421875
8668,-24.179466398481033,0.000131522563418822,1.0,0.015625,324.4375
8669,-24.179466398491815,0.00013146667115053484,1.0,0.0625,324.5
8670,-24.179466398504495,0.0001305919550963387,1.0,0.015625,324.515625
8671,-24.17946639851149,0.00013160747750680949,1.0,0.015625,324.53125
8672,-24.179466398517846,0.00013233781091959713,1.0,0.125,324.65625
8673,-24.17946639852432,0.00013203789722911527,1.0,0.015625,324.671875
8674,-24.17946639853034,0.00013231536835305372,1.0,0.015625,324.6875
8675,-24.179466398539738,0.00013180914440655278,1.0,0.03125,324.71875
8676,-24.179466398550826,0.00013166986965785227,1.0,0.09375,324.8125
8677,-24.179466398560724,0.00013017599486899608,1.0,0.015625,324.828125
8678,-24.179466398570458,0.00013134321999434484,1.0,0.03125,324.859375
8679,-24.179466398580008,0.00013270542088159108,1.0,0.03125,324.890625
8680,-24.179466398591586,0.00013176039724455412,1.0,0.0625,324.953125
8681,-24.179466398600958,0.0001314826483026249,1.0,0.03125,324.984375
8682,-24.17946639861264,0.00012917965710882738,1.0,0.015625,325.0
8683,-24.17946639862234,0.00012992064467354274,1.0,0.03125,325.03125
8684,-24.1794663986343,0.00013067387280950733,1.0,0.078125,325.109375
8685,-24.17946639864464,0.00012991791184197753,1.0,0.078125,325.1875
8686,-24.179466398651204,0.00012905102672447927,1.0,0.0625,325.25
8687,-24.17946639866145,0.0001286487626945828,1.0,0.0625,325.3125
8688,-24.179466398669362,0.00012787380675292708,1.0,0.015625,325.328125
8689,-24.17946639867871,0.00012644770148242235,1.0,0.0625,325.390625
8690,-24.179466398689282,0.00012554757224253187,1.0,0.03125,325.421875
8691,-24.17946639869789,0.00012527078966192772,1.0,0.015625,325.4375
8692,-24.179466398705426,0.00012638524301248616,1.0,0.125,325.5625
8693,-24.179466398714997,0.0001277968900873817,1.0,0.109375,325.671875
8694,-24.179466398722003,0.00012693986634660544,1.0,0.015625,325.6875
8695,-24.179466398728234,0.00012546801657595578,1.0,0.046875,325.734375
8696,-24.17946639873304,0.00012497488636216834,1.0,0.015625,325.75
8697,-24.179466398739045,0.00012515840132739568,1.0,0.140625,325.890625
8698,-24.179466398745095,0.0001250086072012946,1.0,0.015625,325.90625
8699,-24.179466398753064,0.0001244380176701048,1.0,0.015625,325.921875
8700,-24.179466398761935,0.00012476336475582769,1.0,0.140625,326.0625
8701,-24.179466398771936,0.00012409378432548055,1.0,0.015625,326.078125
8702,-24.179466398782974,0.0001238517028640018,1.0,0.078125,326.15625
8703,-24.17946639879088,0.00012381374022611742,1.0,0.078125,326.234375
8704,-24.17946639879822,0.00012369579661778964,1.0,0.09375,326.328125
8705,-24.17946639880327,0.00012435893283176737,1.0,0.015625,326.34375
8706,-24.17946639881325,0.00012526897820529158,1.0,0.125,326.46875
8707,-24.17946639882059,0.00012528926044676975,1.0,0.0625,326.53125
8708,-24.179466398826946,0.00012525562136230832,1.0,0.046875,326.578125
8709,-24.179466398835007,0.00012546446712174167,1.0,0.125,326.703125
8710,-24.179466398843697,0.00012489948619174725,1.0,0.03125,326.734375
8711,-24.179466398849424,0.00012424068733974826,1.0,0.046875,326.78125
8712,-24.179466398857297,0.00012421480029029582,1.0,0.03125,326.8125
8713,-24.17946639886334,0.00012473048713803312,1.0,0.03125,326.84375
8714,-24.179466398870282,0.00012522904540851964,1.0,0.03125,326.875
8715,-24.179466398878454,0.0001253433864988854,1.0,0.03125,326.90625
8716,-24.179466398887598,0.00012520376667314714,1.0,0.203125,327.109375
8717,-24.179466398894785,0.0001248287368859555,1.0,0.015625,327.125
8718,-24.179466398898757,0.00012439852443507445,1.0,0.0625,327.1875
8719,-24.179466398910137,0.00012428268699128358,1.0,0.03125,327.21875
8720,-24.17946639891882,0.000123443444386855,1.0,0.046875,327.265625
8721,-24.179466398927726,0.00012390965255890671,1.0,0.03125,327.296875
8722,-24.17946639893592,0.00012380222728028466,1.0,0.078125,327.375
8723,-24.179466398941567,0.0001223605599153816,1.0,0.03125,327.40625
8724,-24.17946639894985,0.00012289538267755025,1.0,0.015625,327.421875
8725,-24.179466398958557,0.0001239710662037995,1.0,0.03125,327.453125
8726,-24.179466398964376,0.00012327427599492417,1.0,0.046875,327.5
8727,-24.17946639897195,0.00012410317280957421,1.0,0.125,327.625
8728,-24.17946639898243,0.00012400274111396437,1.0,0.140625,327.765625
8729,-24.17946639898885,0.00012386690867920004,1.0,0.015625,327.78125
8730,-24.179466398995235,0.00012313904284922463,1.0,0.15625,327.9375
8731,-24.179466399003452,0.00012231471782313575,1.0,0.015625,327.953125
8732,-24.179466399013016,0.00012192531213471064,1.0,0.125,328.078125
8733,-24.17946639901848,0.00012137829507460208,1.0,0.015625,328.09375
8734,-24.179466399025387,0.00012053564670482893,1.0,0.03125,328.125
8735,-24.179466399029923,0.00012134952426863952,1.0,0.109375,328.234375
8736,-24.179466399036713,0.00012154222665921684,1.0,0.015625,328.25
8737,-24.17946639904579,0.0001222684050442488,1.0,0.03125,328.28125
8738,-24.179466399051947,0.0001223455690379879,1.0,0.03125,328.3125
8739,-24.179466399061326,0.0001231935325467243,1.0,0.015625,328.328125
8740,-24.17946639906767,0.00012357541709809156,1.0,0.140625,328.46875
8741,-24.179466399072354,0.00012306605402716254,1.0,0.015625,328.484375
8742,-24.179466399079494,0.00012233652478367825,1.0,0.015625,328.5
8743,-24.179466399086817,0.00012110099004497164,1.0,0.03125,328.53125
8744,-24.179466399093275,0.0001208079454981598,1.0,0.015625,328.546875
8745,-24.17946639910065,0.00011953313884844046,1.0,0.03125,328.578125
8746,-24.179466399109014,0.00012005508513442771,1.0,0.015625,328.59375
8747,-24.179466399117537,0.00012015540671559557,1.0,0.03125,328.625
8748,-24.179466399126607,0.00012036530946018615,1.0,0.015625,328.640625
8749,-24.179466399133194,0.00012066250337408644,1.0,0.03125,328.671875
8750,-24.179466399139223,0.00012037952940470926,1.0,0.0,328.671875
8751,-24.179466399145653,0.0001208330260778437,1.0,0.015625,328.6875
8752,-24.179466399154546,0.00012078473346928428,1.0,0.03125,328.71875
8753,-24.179466399162784,0.00012144295598463026,1.0,0.015625,328.734375
8754,-24.179466399173975,0.00012143780517907788,1.0,0.140625,328.875
8755,-24.179466399180694,0.0001210157247450095,1.0,0.0,328.875
8756,-24.179466399187017,0.00012110180413844713,1.0,0.03125,328.90625
8757,-24.179466399195356,0.00012001509508128365,1.0,0.015625,328.921875
8758,-24.179466399202383,0.00011988178564850074,1.0,0.015625,328.9375
8759,-24.17946639920974,0.00012120739446952323,1.0,0.03125,328.96875
8760,-24.17946639921846,0.0001202942415763882,1.0,0.0,328.96875
8761,-24.179466399228456,0.00012006673190275597,1.0,0.015625,328.984375
8762,-24.17946639923797,0.00012061619846277186,1.0,0.078125,329.0625
8763,-24.179466399244536,0.00012168423770594279,1.0,0.015625,329.078125
8764,-24.179466399253318,0.00012059053617769451,1.0,0.015625,329.09375
8765,-24.179466399259322,0.00012159038586467037,1.0,0.03125,329.125
8766,-24.179466399268396,0.00012093816175373386,1.0,0.015625,329.140625
8767,-24.17946639927949,0.00012139398044206859,1.0,0.015625,329.15625
8768,-24.179466399289137,0.00012140739694266718,1.0,0.140625,329.296875
8769,-24.179466399295908,0.0001211468439440563,1.0,0.015625,329.3125
8770,-24.179466399304413,0.00012099607445902946,1.0,0.015625,329.328125
8771,-24.17946639931504,0.00011999298624059577,1.0,0.078125,329.40625
8772,-24.179466399322074,0.0001207823120026949,1.0,0.03125,329.4375
8773,-24.179466399333307,0.00011995076262430788,1.0,0.015625,329.453125
8774,-24.17946639934255,0.00012009803457520716,1.0,0.015625,329.46875
8775,-24.179466399349007,0.00011899776800529152,1.0,0.046875,329.515625
8776,-24.179466399354418,0.00011927703791010086,1.0,0.015625,329.53125
8777,-24.179466399360788,0.00011942669478853582,1.0,0.078125,329.609375
8778,-24.179466399366326,0.0001187401793195894,1.0,0.03125,329.640625
8779,-24.17946639937097,0.00011867065632583267,1.0,0.015625,329.65625
8780,-24.17946639937534,0.00011808493262136398,1.0,0.03125,329.6875
8781,-24.179466399383507,0.00011809929081624753,1.0,0.015625,329.703125
8782,-24.179466399392755,0.00011708446420902992,1.0,0.03125,329.734375
8783,-24.179466399396365,0.00011710949449432391,1.0,0.015625,329.75
8784,-24.17946639940434,0.00011612483405782567,1.0,0.015625,329.765625
8785,-24.179466399411222,0.00011700519767725423,1.0,0.125,329.890625
8786,-24.179466399416686,0.00011642131993864795,1.0,0.0,329.890625
8787,-24.17946639942299,0.00011622601496913019,1.0,0.015625,329.90625
8788,-24.179466399428616,0.00011781528585158818,1.0,0.015625,329.921875
8789,-24.17946639943519,0.00011692314452733105,1.0,0.015625,329.9375
8790,-24.17946639944197,0.00011627872904126353,1.0,0.125,330.0625
8791,-24.179466399447616,0.00011644195627417586,1.0,0.015625,330.078125
8792,-24.179466399455947,0.00011656807822521678,1.0,0.015625,330.09375
8793,-24.179466399462846,0.00011608686570110005,1.0,0.140625,330.234375
8794,-24.179466399470147,0.00011648268439759842,1.0,0.015625,330.25
8795,-24.179466399476446,0.00011626572605475753,1.0,0.015625,330.265625
8796,-24.179466399485392,0.00011649379244273948,1.0,0.078125,330.34375
8797,-24.17946639949267,0.00011617745901853787,1.0,0.0625,330.40625
8798,-24.17946639950286,0.00011684696825241775,1.0,0.015625,330.421875
8799,-24.179466399508073,0.0001157513177538948,1.0,0.015625,330.4375
8800,-24.179466399513178,0.0001153049441636385,1.0,0.03125,330.46875
8801,-24.179466399519495,0.0001152323014826426,1.0,0.0,330.46875
8802,-24.179466399525968,0.00011521122639717825,1.0,0.015625,330.484375
8803,-24.179466399531854,0.00011535758568863836,1.0,0.03125,330.515625
8804,-24.179466399538043,0.00011525359074080265,1.0,0.0,330.515625
8805,-24.179466399546012,0.00011346509804244517,1.0,0.015625,330.53125
8806,-24.179466399555103,0.00011390317783578669,1.0,0.140625,330.671875
8807,-24.179466399561534,0.00011416138423634562,1.0,0.015625,330.6875
8808,-24.17946639956988,0.0001136658132530222,1.0,0.015625,330.703125
8809,-24.179466399577276,0.00011398580200834225,1.0,0.03125,330.734375
8810,-24.179466399583635,0.00011423587990900714,1.0,0.03125,330.765625
8811,-24.179466399588872,0.0001138532676940775,1.0,0.015625,330.78125
8812,-24.179466399595583,0.00011355697307082426,1.0,0.015625,330.796875
8813,-24.17946639960302,0.00011327183509178027,1.0,0.046875,330.84375
8814,-24.17946639961035,0.00011327821911032607,1.0,0.015625,330.859375
8815,-24.17946639961697,0.00011253661562274448,1.0,0.015625,330.875
8816,-24.179466399623287,0.00011306652489033664,1.0,0.140625,331.015625
8817,-24.179466399628296,0.00011307524198279776,1.0,0.015625,331.03125
8818,-24.179466399633764,0.00011279822967646726,1.0,0.015625,331.046875
8819,-24.17946639963968,0.0001129697963983419,1.0,0.015625,331.0625
8820,-24.179466399647467,0.00011332253477198819,1.0,0.046875,331.109375
8821,-24.179466399653865,0.00011395217785832611,1.0,0.015625,331.125
8822,-24.179466399660594,0.00011295910160220433,1.0,0.109375,331.234375
8823,-24.17946639966798,0.0001107922775312917,1.0,0.046875,331.28125
8824,-24.179466399672357,0.00011048511274450847,1.0,0.015625,331.296875
8825,-24.179466399678013,0.00011054411333154892,1.0,0.03125,331.328125
8826,-24.179466399685275,0.00011057960607764888,1.0,0.015625,331.34375
8827,-24.179466399690764,0.0001110051729222043,1.0,0.015625,331.359375
8828,-24.17946639969619,0.0001116878115946836,1.0,0.125,331.484375
8829,-24.179466399704015,0.00011077471259313643,1.0,0.03125,331.515625
8830,-24.1794663997121,0.00011059984568283724,1.0,0.015625,331.53125
8831,-24.179466399719743,0.00011154239004791363,1.0,0.09375,331.625
8832,-24.179466399724912,0.0001111529169338933,1.0,0.015625,331.640625
8833,-24.17946639973265,0.0001113602157965369,1.0,0.015625,331.65625
8834,-24.17946639973881,0.00011164585771496166,1.0,0.03125,331.6875
8835,-24.179466399747778,0.0001125129565078594,1.0,0.0625,331.75
8836,-24.179466399753693,0.00011262161183344788,1.0,0.125,331.875
8837,-24.179466399763133,0.00011227590357196125,1.0,0.015625,331.890625
8838,-24.179466399768895,0.00011200532555865153,1.0,0.0625,331.953125
8839,-24.179466399776388,0.000110777420946113,1.0,0.015625,331.96875
8840,-24.179466399782516,0.00011029797564099976,1.0,0.015625,331.984375
8841,-24.17946639978838,0.00011047866847928466,1.0,0.03125,332.015625
8842,-24.179466399794666,0.00011095171280833111,1.0,0.015625,332.03125
8843,-24.179466399800425,0.00011088922016835175,1.0,0.015625,332.046875
8844,-24.179466399806696,0.0001096186966537532,1.0,0.109375,332.15625
8845,-24.179466399810956,0.00010999783587284864,1.0,0.0,332.15625
8846,-24.17946639981731,0.0001101286764280309,1.0,0.125,332.28125
8847,-24.17946639982485,0.00010983580593349244,1.0,0.015625,332.296875
8848,-24.1794663998353,0.00010895851928074928,1.0,0.03125,332.328125
8849,-24.17946639984099,0.00010947726971386505,1.0,0.015625,332.34375
8850,-24.179466399846124,0.00011063724823146185,1.0,0.046875,332.390625
8851,-24.17946639985409,0.00011023301016719573,1.0,0.015625,332.40625
8852,-24.179466399860043,0.0001106479178063539,1.0,0.0625,332.46875
8853,-24.17946639986655,0.00010955525490082596,1.0,0.015625,332.484375
8854,-24.179466399870634,0.00010891223476681588,1.0,0.140625,332.625
8855,-24.179466399876308,0.0001092302343508177,1.0,0.015625,332.640625
8856,-24.179466399880926,0.00010941660364091881,1.0,0.03125,332.671875
8857,-24.179466399884493,0.00010882252100039842,1.0,0.015625,332.6875
8858,-24.179466399891684,0.0001087849511763055,1.0,0.046875,332.734375
8859,-24.17946639989654,0.00010817242643477492,1.0,0.015625,332.75
8860,-24.17946639990456,0.00010732651619424237,1.0,0.046875,332.796875
8861,-24.179466399911362,0.0001074063821001337,1.0,0.015625,332.8125
8862,-24.179466399916585,0.00010667222658909372,1.0,0.015625,332.828125
8863,-24.179466399921104,0.0001073584417372484,1.0,0.03125,332.859375
8864,-24.179466399925637,0.00010755132591994942,1.0,0.015625,332.875
8865,-24.179466399931766,0.00010802784497725975,1.0,0.015625,332.890625
8866,-24.179466399936576,0.0001060461026029417,1.0,0.046875,332.9375
8867,-24.179466399943436,0.00010635524737234873,1.0,0.015625,332.953125
8868,-24.17946639994745,0.00010631626186620432,1.0,0.140625,333.09375
8869,-24.179466399953643,0.00010563324753075644,1.0,0.015625,333.109375
8870,-24.179466399958795,0.00010541389854912743,1.0,0.015625,333.125
8871,-24.179466399962234,0.00010559677728741984,1.0,0.09375,333.21875
8872,-24.179466399966724,0.00010525428840104662,1.0,0.0,333.21875
8873,-24.179466399971734,0.00010530528777185987,1.0,0.015625,333.234375
8874,-24.179466399977354,0.00010473546159257125,1.0,0.140625,333.375
8875,-24.179466399984047,0.00010461805076985348,1.0,0.015625,333.390625
8876,-24.179466399988588,0.00010431230515235214,1.0,0.015625,333.40625
8877,-24.179466399994624,0.00010387592233542936,1.0,0.140625,333.546875
8878,-24.179466399999825,0.00010468569450425725,1.0,0.0,333.546875
8879,-24.179466400006277,0.00010470460532688822,1.0,0.015625,333.5625
8880,-24.17946640001366,0.0001041755427340498,1.0,0.140625,333.703125
8881,-24.17946640001802,0.00010451650782331294,1.0,0.015625,333.71875
8882,-24.17946640002266,0.00010492550520837736,1.0,0.015625,333.734375
8883,-24.17946640002847,0.00010501330414517815,1.0,0.015625,333.75
8884,-24.17946640003255,0.00010435822222749184,1.0,0.03125,333.78125
8885,-24.17946640003653,0.00010428471758356668,1.0,0.015625,333.796875
8886,-24.179466400040887,0.00010368463798494613,1.0,0.015625,333.8125
8887,-24.179466400046,0.00010341282361296051,1.0,0.140625,333.953125
8888,-24.17946640005131,0.00010411082115584874,1.0,0.046875,334.0
8889,-24.179466400057343,0.00010427353209450743,1.0,0.015625,334.015625
8890,-24.179466400063884,0.00010398826614473519,1.0,0.046875,334.0625
8891,-24.179466400069042,0.00010428103526814524,1.0,0.015625,334.078125
8892,-24.179466400074098,0.00010475265193264954,1.0,0.015625,334.09375
8893,-24.179466400079832,0.00010399332482015486,1.0,0.015625,334.109375
8894,-24.179466400085587,0.00010447212952207453,1.0,0.03125,334.140625
8895,-24.179466400091194,0.000104235343940933,1.0,0.0,334.140625
8896,-24.179466400096313,0.00010482649107149358,1.0,0.03125,334.171875
8897,-24.17946640010171,0.00010528148934510384,1.0,0.015625,334.1875
8898,-24.17946640010773,0.0001054816277647382,1.0,0.03125,334.21875
8899,-24.179466400111703,0.00010593941968485816,1.0,0.015625,334.234375
8900,-24.179466400116468,0.00010634351893925707,1.0,0.015625,334.25
8901,-24.17946640012295,0.00010530570447800152,1.0,0.046875,334.296875
8902,-24.179466400129343,0.0001048227607340794,1.0,0.015625,334.3125
8903,-24.17946640013649,0.00010535863077822185,1.0,0.015625,334.328125
8904,-24.179466400140612,0.0001057083050956846,1.0,0.140625,334.46875
8905,-24.17946640014778,0.00010543568124837552,1.0,0.015625,334.484375
8906,-24.17946640015269,0.00010474444207704478,1.0,0.015625,334.5
8907,-24.179466400159704,0.00010374964126443371,1.0,0.125,334.625
8908,-24.17946640016446,0.00010382718783801423,1.0,0.015625,334.640625
8909,-24.179466400170963,0.00010328748816702808,1.0,0.125,334.765625
8910,-24.179466400176345,0.00010300420660899188,1.0,0.015625,334.78125
8911,-24.179466400182008,0.00010328965920115442,1.0,0.109375,334.890625
8912,-24.179466400189295,0.00010374830042510661,1.0,0.015625,334.90625
8913,-24.179466400195558,0.00010373721128060298,1.0,0.03125,334.9375
8914,-24.17946640020298,0.00010292234751310465,1.0,0.078125,335.015625
8915,-24.179466400207183,0.000103920535587037,1.0,0.015625,335.03125
8916,-24.179466400213013,0.00010305283144719468,1.0,0.0625,335.09375
8917,-24.179466400220967,0.00010345227654313628,1.0,0.015625,335.109375
8918,-24.17946640022836,0.00010237522202475297,1.0,0.03125,335.140625
8919,-24.179466400234205,0.00010210966922488496,1.0,0.015625,335.15625
8920,-24.179466400240635,0.00010161486855820427,1.0,0.03125,335.1875
8921,-24.17946640024621,0.00010200587880437067,1.0,0.015625,335.203125
8922,-24.179466400249975,0.00010241505757567612,1.0,0.015625,335.21875
8923,-24.179466400254768,0.00010254480976161502,1.0,0.109375,335.328125
8924,-24.179466400260715,0.00010232731010193375,1.0,0.015625,335.34375
8925,-24.179466400265877,0.00010183331599978303,1.0,0.109375,335.453125
8926,-24.17946640027143,0.00010145199549242965,1.0,0.0,335.453125
8927,-24.179466400276596,0.00010165599747313023,1.0,0.140625,335.59375
8928,-24.179466400281534,0.00010167944420461726,1.0,0.015625,335.609375
8929,-24.17946640028588,0.00010171610475534859,1.0,0.015625,335.625
8930,-24.179466400289773,0.00010121485608877196,1.0,0.03125,335.65625
8931,-24.1794664002946,0.00010141570873513458,1.0,0.015625,335.671875
8932,-24.179466400300804,0.00010021581116227227,1.0,0.03125,335.703125
8933,-24.179466400304783,0.00010006704659047569,1.0,0.015625,335.71875
8934,-24.179466400308822,0.00010008907301725665,1.0,0.125,335.84375
8935,-24.17946640031297,0.00010024893335035651,1.0,0.015625,335.859375
8936,-24.179466400317352,0.00010018159921961347,1.0,0.125,335.984375
8937,-24.179466400321246,0.00010052383134001636,1.0,0.015625,336.0
8938,-24.17946640032494,0.00010024344714496288,1.0,0.03125,336.03125
8939,-24.17946640033168,0.00010069202366616807,1.0,0.015625,336.046875
8940,-24.179466400337354,0.00010027206481732709,1.0,0.125,336.171875
8941,-24.1794664003423,9.988780490494025e-05,1.0,0.0,336.171875
8942,-24.179466400347234,9.944465019002382e-05,1.0,0.015625,336.1875
8943,-24.1794664003514,0.00010016357155668276,1.0,0.140625,336.328125
8944,-24.179466400357548,0.00010017081508502783,1.0,0.015625,336.34375
8945,-24.17946640036421,9.889004964324544e-05,1.0,0.015625,336.359375
8946,-24.17946640036929,9.866017763808493e-05,1.0,0.015625,336.375
8947,-24.179466400374185,9.839805182477916e-05,1.0,0.140625,336.515625
8948,-24.179466400379,9.774270136598592e-05,1.0,0.015625,336.53125
8949,-24.179466400382992,9.800597098706841e-05,1.0,0.015625,336.546875
8950,-24.179466400387717,9.80438344596725e-05,1.0,0.03125,336.578125
8951,-24.179466400392116,9.756551759554153e-05,1.0,0.015625,336.59375
8952,-24.179466400398006,9.724666035346098e-05,1.0,0.03125,336.625
8953,-24.17946640040411,9.822785432171738e-05,1.0,0.046875,336.671875
8954,-24.179466400409382,9.745945772098766e-05,1.0,0.015625,336.6875
8955,-24.179466400414228,9.796685330293545e-05,1.0,0.03125,336.71875
8956,-24.179466400417635,9.782621662612796e-05,1.0,0.015625,336.734375
8957,-24.17946640042218,9.78120383906169e-05,1.0,0.015625,336.75
8958,-24.179466400428158,9.75648703229271e-05,1.0,0.046875,336.796875
8959,-24.17946640043332,9.649544775153166e-05,1.0,0.015625,336.8125
8960,-24.17946640043784,9.676042817055929e-05,1.0,0.125,336.9375
8961,-24.17946640044306,9.649781808691132e-05,1.0,0.0,336.9375
8962,-24.179466400447353,9.718802115935182e-05,1.0,0.015625,336.953125
8963,-24.17946640045329,9.637861032193434e-05,1.0,0.046875,337.0
8964,-24.17946640045786,9.574891775480723e-05,1.0,0.015625,337.015625
8965,-24.179466400461745,9.56626602638655e-05,1.0,0.125,337.140625
8966,-24.17946640046796,9.490709150485325e-05,1.0,0.015625,337.15625
8967,-24.179466400472013,9.440949483885785e-05,1.0,0.015625,337.171875
8968,-24.179466400476723,9.454189201169904e-05,1.0,0.0625,337.234375
8969,-24.179466400481623,9.478168616992147e-05,1.0,0.015625,337.25
8970,-24.17946640048609,9.42139654697066e-05,1.0,0.03125,337.28125
8971,-24.17946640049087,9.383197010468558e-05,1.0,0.015625,337.296875
8972,-24.179466400494825,9.431006205111895e-05,1.0,0.015625,337.3125
8973,-24.179466400501372,9.391264560261052e-05,1.0,0.109375,337.421875
8974,-24.17946640050613,9.46599633770698e-05,1.0,0.015625,337.4375
8975,-24.179466400510947,9.532770540441185e-05,1.0,0.015625,337.453125
8976,-24.17946640051724,9.551353440462405e-05,1.0,0.046875,337.5
8977,-24.17946640051946,9.559838499433145e-05,1.0,0.015625,337.515625
8978,-24.179466400524895,9.523182958153873e-05,1.0,0.09375,337.609375
8979,-24.179466400530877,9.470415400878148e-05,1.0,0.015625,337.625
8980,-24.17946640053532,9.462404526383454e-05,1.0,0.015625,337.640625
8981,-24.179466400538825,9.382580219961666e-05,1.0,0.015625,337.65625
8982,-24.179466400544886,9.464774036324095e-05,1.0,0.03125,337.6875
8983,-24.179466400548687,9.516567573225112e-05,1.0,0.015625,337.703125
8984,-24.179466400554112,9.547824451136678e-05,1.0,0.03125,337.734375
8985,-24.17946640056113,9.520225554682342e-05,1.0,0.109375,337.84375
8986,-24.179466400564827,9.443589790471918e-05,1.0,0.015625,337.859375
8987,-24.179466400568906,9.494312705126277e-05,1.0,0.03125,337.890625
8988,-24.17946640057489,9.46382814954292e-05,1.0,0.078125,337.96875
8989,-24.17946640057938,9.41645964732335e-05,1.0,0.015625,337.984375
8990,-24.179466400583514,9.435644462433525e-05,1.0,0.046875,338.03125
8991,-24.17946640058934,9.440497471128395e-05,1.0,0.015625,338.046875
8992,-24.17946640059537,9.434186326083982e-05,1.0,0.015625,338.0625
8993,-24.17946640059938,9.401933096976479e-05,1.0,0.078125,338.140625
8994,-24.179466400604788,9.396017466052376e-05,1.0,0.015625,338.15625
8995,-24.17946640060936,9.304804477612333e-05,1.0,0.015625,338.171875
8996,-24.179466400613414,9.349292968318842e-05,1.0,0.046875,338.21875
8997,-24.17946640061832,9.301348174255822e-05,1.0,0.015625,338.234375
8998,-24.17946640062213,9.356677693092716e-05,1.0,0.015625,338.25
8999,-24.179466400624673,9.358823578371938e-05,1.0,0.03125,338.28125
9000,-24.179466400627565,9.3524275903433e-05,1.0,0.015625,338.296875
9001,-24.179466400631853,9.319050909058053e-05,1.0,0.03125,338.328125
9002,-24.17946640063608,9.255081013938192e-05,1.0,0.015625,338.34375
9003,-24.179466400641168,9.228828715613112e-05,1.0,0.140625,338.484375
9004,-24.179466400646103,9.252690321971453e-05,1.0,0.0,338.484375
9005,-24.17946640065195,9.284257763799331e-05,1.0,0.03125,338.515625
9006,-24.179466400656917,9.343162226197409e-05,1.0,0.015625,338.53125
9007,-24.179466400660697,9.319859105538794e-05,1.0,0.015625,338.546875
9008,-24.179466400664605,9.216212120004299e-05,1.0,0.03125,338.578125
9009,-24.179466400669856,9.380313694919802e-05,1.0,0.015625,338.59375
9010,-24.179466400675093,9.475368372375396e-05,1.0,0.015625,338.609375
9011,-24.179466400678592,9.46702210905706e-05,1.0,0.046875,338.65625
9012,-24.17946640068155,9.421331520821767e-05,1.0,0.015625,338.671875
9013,-24.179466400686483,9.296446804399767e-05,1.0,0.015625,338.6875
9014,-24.179466400690316,9.292560575684529e-05,1.0,0.046875,338.734375
9015,-24.17946640069476,9.343127785636073e-05,1.0,0.015625,338.75
9016,-24.17946640069925,9.370155935663027e-05,1.0,0.015625,338.765625
9017,-24.179466400702626,9.32492759094034e-05,1.0,0.046875,338.8125
9018,-24.17946640070685,9.363695427383283e-05,1.0,0.015625,338.828125
9019,-24.17946640071055,9.368252979812424e-05,1.0,0.015625,338.84375
9020,-24.17946640071523,9.280471060587638e-05,1.0,0.015625,338.859375
9021,-24.179466400718184,9.309300328885143e-05,1.0,0.125,338.984375
9022,-24.179466400722642,9.224696618512406e-05,1.0,0.015625,339.0
9023,-24.179466400726493,9.205841561995182e-05,1.0,0.015625,339.015625
9024,-24.179466400729964,9.17358615507539e-05,1.0,0.046875,339.0625
9025,-24.17946640073452,9.247163178422996e-05,1.0,0.015625,339.078125
9026,-24.17946640073994,9.272738321332163e-05,1.0,0.0625,339.140625
9027,-24.17946640074541,9.197928797432732e-05,1.0,0.015625,339.15625
9028,-24.179466400750297,9.088013753344931e-05,1.0,0.015625,339.171875
9029,-24.179466400754453,9.151148479173689e-05,1.0,0.03125,339.203125
9030,-24.17946640075794,9.236837287705587e-05,1.0,0.015625,339.21875
9031,-24.17946640076235,9.181243677991922e-05,1.0,0.015625,339.234375
9032,-24.179466400766803,9.177607485353854e-05,1.0,0.125,339.359375
9033,-24.17946640077146,9.193921583639321e-05,1.0,0.015625,339.375
9034,-24.179466400774864,9.183282449538456e-05,1.0,0.0625,339.4375
9035,-24.179466400778747,9.226936436126208e-05,1.0,0.015625,339.453125
9036,-24.17946640078212,9.1969558935321e-05,1.0,0.140625,339.59375
9037,-24.17946640078571,9.120529582271035e-05,1.0,0.015625,339.609375
9038,-24.179466400789988,9.149795837375168e-05,1.0,0.015625,339.625
9039,-24.179466400794432,9.120139084015626e-05,1.0,0.03125,339.65625
9040,-24.17946640079867,9.085189123613281e-05,1.0,0.0,339.65625
9041,-24.17946640080245,9.029377916991095e-05,1.0,0.015625,339.671875
9042,-24.179466400805286,9.003377512629622e-05,1.0,0.03125,339.703125
9043,-24.17946640080966,8.993916476651035e-05,1.0,0.015625,339.71875
9044,-24.179466400814057,8.892068337373783e-05,1.0,0.140625,339.859375
9045,-24.17946640081924,8.78042190234487e-05,1.0,0.015625,339.875
9046,-24.179466400822736,8.812462155607738e-05,1.0,0.015625,339.890625
9047,-24.17946640082651,8.745009229460543e-05,1.0,0.03125,339.921875
9048,-24.17946640083148,8.813108294001744e-05,1.0,0.015625,339.9375
9049,-24.179466400836287,8.823319518194543e-05,1.0,0.03125,339.96875
9050,-24.179466400840052,8.834478847490125e-05,1.0,0.015625,339.984375
9051,-24.179466400843054,8.813179798342638e-05,1.0,0.03125,340.015625
9052,-24.179466400846877,8.84720834116183e-05,1.0,0.015625,340.03125
9053,-24.17946640085209,8.889986552089063e-05,1.0,0.015625,340.046875
9054,-24.17946640085598,8.787364119386278e-05,1.0,0.03125,340.078125
9055,-24.17946640086012,8.769006461896465e-05,1.0,0.015625,340.09375
9056,-24.17946640086343,8.808526821961454e-05,1.0,0.03125,340.125
9057,-24.17946640086818,8.893337351285251e-05,1.0,0.015625,340.140625
9058,-24.179466400872176,8.838671748273585e-05,1.0,0.140625,340.28125
9059,-24.179466400874983,8.788431481033072e-05,1.0,0.0,340.28125
9060,-24.179466400878805,8.69412396742824e-05,1.0,0.015625,340.296875
9061,-24.1794664008839,8.68618492488611e-05,1.0,0.03125,340.328125
9062,-24.179466400887193,8.654976639473942e-05,1.0,0.015625,340.34375
9063,-24.179466400890046,8.681969663248921e-05,1.0,0.015625,340.359375
9064,-24.179466400893944,8.700765504512943e-05,1.0,0.015625,340.375
9065,-24.179466400897105,8.680225713421171e-05,1.0,0.03125,340.40625
9066,-24.179466400900978,8.639181111574357e-05,1.0,0.015625,340.421875
9067,-24.179466400904847,8.619193151737326e-05,1.0,0.015625,340.4375
9068,-24.17946640090878,8.657380457078035e-05,1.0,0.140625,340.578125
9069,-24.179466400911544,8.62416733338166e-05,1.0,0.015625,340.59375
9070,-24.17946640091631,8.458272293248561e-05,1.0,0.015625,340.609375
9071,-24.17946640091897,8.460582450628014e-05,1.0,0.015625,340.625
9072,-24.179466400922436,8.412109895368561e-05,1.0,0.03125,340.65625
9073,-24.17946640092572,8.438747084250324e-05,1.0,0.015625,340.671875
9074,-24.17946640093139,8.407121108560086e-05,1.0,0.015625,340.6875
9075,-24.179466400934682,8.427057888151253e-05,1.0,0.09375,340.78125
9076,-24.17946640093836,8.43254207133967e-05,1.0,0.015625,340.796875
9077,-24.179466400940463,8.410762281564637e-05,1.0,0.015625,340.8125
9078,-24.179466400943394,8.466917230725151e-05,1.0,0.046875,340.859375
9079,-24.179466400946236,8.513806348593942e-05,1.0,0.015625,340.875
9080,-24.179466400949696,8.55339957994577e-05,1.0,0.015625,340.890625
9081,-24.179466400953903,8.621307829766038e-05,1.0,0.140625,341.03125
9082,-24.179466400957757,8.586333884624314e-05,1.0,0.015625,341.046875
9083,-24.17946640096038,8.585169401952992e-05,1.0,0.015625,341.0625
9084,-24.17946640096343,8.586156995603871e-05,1.0,0.015625,341.078125
9085,-24.179466400967804,8.615097809030805e-05,1.0,0.046875,341.125
9086,-24.17946640097164,8.613723977435233e-05,1.0,0.0,341.125
9087,-24.179466400974647,8.537241433502653e-05,1.0,0.015625,341.140625
9088,-24.179466400978967,8.527874891926785e-05,1.0,0.09375,341.234375
9089,-24.179466400984165,8.466354117669158e-05,1.0,0.015625,341.25
9090,-24.17946640098872,8.408868274722552e-05,1.0,0.015625,341.265625
9091,-24.179466400993245,8.417630435099882e-05,1.0,0.015625,341.28125
9092,-24.17946640099685,8.437277357086535e-05,1.0,0.140625,341.421875
9093,-24.179466400999562,8.460302312248623e-05,1.0,0.0,341.421875
9094,-24.179466401002617,8.436972047432779e-05,1.0,0.015625,341.4375
9095,-24.179466401006124,8.381889761473404e-05,1.0,0.015625,341.453125
9096,-24.179466401010284,8.27942647215417e-05,1.0,0.046875,341.5
9097,-24.179466401013418,8.331116199481892e-05,1.0,0.015625,341.515625
9098,-24.179466401015354,8.316297900837651e-05,1.0,0.015625,341.53125
9099,-24.179466401019113,8.341330736874039e-05,1.0,0.140625,341.671875
9100,-24.17946640102162,8.276259220462005e-05,1.0,0.0,341.671875
9101,-24.179466401025188,8.307902110351905e-05,1.0,0.015625,341.6875
9102,-24.17946640102911,8.345172696490164e-05,1.0,0.015625,341.703125
9103,-24.179466401031654,8.332145455135602e-05,1.0,0.015625,341.71875
9104,-24.1794664010356,8.343978221777243e-05,1.0,0.015625,341.734375
9105,-24.179466401039768,8.355741297591125e-05,1.0,0.015625,341.75
9106,-24.179466401042177,8.389476663366818e-05,1.0,0.03125,341.78125
9107,-24.179466401045776,8.41509235995233e-05,1.0,0.015625,341.796875
9108,-24.179466401049684,8.364194403253065e-05,1.0,0.015625,341.8125
9109,-24.17946640105423,8.410353738468444e-05,1.0,0.140625,341.953125
9110,-24.17946640105678,8.374190307485742e-05,1.0,0.015625,341.96875
9111,-24.17946640105999,8.414520265294297e-05,1.0,0.015625,341.984375
9112,-24.17946640106309,8.427955777881041e-05,1.0,0.015625,342.0
9113,-24.179466401066577,8.438528272760057e-05,1.0,0.125,342.125
9114,-24.17946640107008,8.417707279765071e-05,1.0,0.015625,342.140625
9115,-24.179466401073988,8.402441315176097e-05,1.0,0.015625,342.15625
9116,-24.17946640107747,8.373297604453623e-05,1.0,0.03125,342.1875
9117,-24.17946640108062,8.409049039812605e-05,1.0,0.0,342.1875
9118,-24.17946640108488,8.360153066163004e-05,1.0,0.015625,342.203125
9119,-24.179466401087925,8.30485533627969e-05,1.0,0.03125,342.234375
9120,-24.179466401092082,8.293455496268199e-05,1.0,0.015625,342.25
9121,-24.17946640109603,8.181906677202672e-05,1.0,0.015625,342.265625
9122,-24.17946640109957,8.284282184363268e-05,1.0,0.03125,342.296875
9123,-24.179466401103845,8.292734829487608e-05,1.0,0.015625,342.3125
9124,-24.17946640110875,8.429693279375903e-05,1.0,0.03125,342.34375
9125,-24.179466401111984,8.345651720576688e-05,1.0,0.015625,342.359375
9126,-24.17946640111411,8.346720676290127e-05,1.0,0.015625,342.375
9127,-24.179466401116954,8.322610912750934e-05,1.0,0.109375,342.484375
9128,-24.179466401121317,8.230176446245507e-05,1.0,0.015625,342.5
9129,-24.179466401126362,8.252101490147009e-05,1.0,0.015625,342.515625
9130,-24.17946640113074,8.276519452139972e-05,1.0,0.125,342.640625
9131,-24.179466401135638,8.262880779570361e-05,1.0,0.015625,342.65625
9132,-24.179466401138427,8.263003142712765e-05,1.0,0.015625,342.671875
9133,-24.179466401142385,8.244013765706182e-05,1.0,0.046875,342.71875
9134,-24.179466401145785,8.245132688045231e-05,1.0,0.015625,342.734375
9135,-24.179466401148503,8.188905274069059e-05,1.0,0.125,342.859375
9136,-24.17946640115213,8.135955774781879e-05,1.0,0.015625,342.875
9137,-24.179466401155494,8.114272671886274e-05,1.0,0.015625,342.890625
9138,-24.179466401158507,8.088541774147029e-05,1.0,0.03125,342.921875
9139,-24.179466401160713,8.11300999236819e-05,1.0,0.015625,342.9375
9140,-24.17946640116441,8.194116581203134e-05,1.0,0.03125,342.96875
9141,-24.179466401168664,8.152398988095028e-05,1.0,0.015625,342.984375
9142,-24.179466401172256,8.078539890117694e-05,1.0,0.0625,343.046875
9143,-24.179466401175794,8.079024019364308e-05,1.0,0.015625,343.0625
9144,-24.179466401178374,8.058305084850535e-05,1.0,0.015625,343.078125
9145,-24.179466401182044,8.042933160456886e-05,1.0,0.046875,343.125
9146,-24.179466401184794,8.007275670055732e-05,1.0,0.015625,343.140625
9147,-24.179466401187995,7.974367688689452e-05,1.0,0.09375,343.234375
9148,-24.179466401192112,7.910471247951105e-05,1.0,0.0,343.234375
9149,-24.17946640119436,7.907120297343438e-05,1.0,0.015625,343.25
9150,-24.179466401197146,7.865781926369404e-05,1.0,0.03125,343.28125
9151,-24.179466401200095,7.871606274068379e-05,1.0,0.015625,343.296875
9152,-24.179466401204184,7.9124665641565e-05,1.0,0.109375,343.40625
9153,-24.179466401207367,7.89151838986393e-05,1.0,0.015625,343.421875
9154,-24.1794664012095,7.893670369309265e-05,1.0,0.109375,343.53125
9155,-24.179466401212522,7.963442595992249e-05,1.0,0.015625,343.546875
9156,-24.179466401216043,7.864776661172574e-05,1.0,0.140625,343.6875
9157,-24.179466401219198,7.808839519729056e-05,1.0,0.015625,343.703125
9158,-24.179466401222307,7.782920477049679e-05,1.0,0.015625,343.71875
9159,-24.1794664012265,7.761764492328246e-05,1.0,0.03125,343.75
9160,-24.179466401229828,7.742666353507508e-05,1.0,0.0,343.75
9161,-24.179466401233057,7.719215678368142e-05,1.0,0.015625,343.765625
9162,-24.17946640123671,7.698200070085124e-05,1.0,0.03125,343.796875
9163,-24.179466401239427,7.709268244926961e-05,1.0,0.015625,343.8125
9164,-24.179466401242156,7.631015767367503e-05,1.0,0.015625,343.828125
9165,-24.17946640124485,7.585767911413651e-05,1.0,0.015625,343.84375
9166,-24.179466401248458,7.575154295016909e-05,1.0,0.140625,343.984375
9167,-24.179466401251744,7.480182070553338e-05,1.0,0.0,343.984375
9168,-24.179466401253382,7.520371204642336e-05,1.0,0.015625,344.0
9169,-24.17946640125701,7.505780311767314e-05,1.0,0.140625,344.140625
9170,-24.179466401260097,7.602198404357923e-05,1.0,0.015625,344.15625
9171,-24.179466401263145,7.664835516782858e-05,1.0,0.015625,344.171875
9172,-24.179466401266165,7.629067997575984e-05,1.0,0.015625,344.1875
9173,-24.17946640126879,7.679337556417566e-05,1.0,0.0,344.1875
9174,-24.179466401271753,7.73121545207172e-05,1.0,0.015625,344.203125
9175,-24.179466401275356,7.70673973644207e-05,1.0,0.0625,344.265625
9176,-24.179466401278297,7.705733291890011e-05,1.0,0.0,344.265625
9177,-24.17946640128056,7.702562058586802e-05,1.0,0.015625,344.28125
9178,-24.179466401283616,7.721437961799041e-05,1.0,0.015625,344.296875
9179,-24.17946640128596,7.701443755692954e-05,1.0,0.03125,344.328125
9180,-24.179466401289194,7.611537086973375e-05,1.0,0.0,344.328125
9181,-24.179466401293052,7.555785724773865e-05,1.0,0.015625,344.34375
9182,-24.179466401295468,7.531731359038396e-05,1.0,0.015625,344.359375
9183,-24.179466401298175,7.618997098011669e-05,1.0,0.046875,344.40625
9184,-24.17946640130139,7.531541896108205e-05,1.0,0.015625,344.421875
9185,-24.179466401304047,7.558724723355814e-05,1.0,0.015625,344.4375
9186,-24.17946640130733,7.550532810142122e-05,1.0,0.140625,344.578125
9187,-24.179466401310812,7.558007581497225e-05,1.0,0.0,344.578125
9188,-24.17946640131507,7.508445143999956e-05,1.0,0.015625,344.59375
9189,-24.179466401318198,7.537347137332839e-05,1.0,0.015625,344.609375
9190,-24.17946640132146,7.584267161071956e-05,1.0,0.03125,344.640625
9191,-24.17946640132432,7.553057122344234e-05,1.0,0.0,344.640625
9192,-24.179466401326973,7.61063269810609e-05,1.0,0.015625,344.65625
9193,-24.179466401330178,7.55832134657417e-05,1.0,0.015625,344.671875
9194,-24.179466401332537,7.523468928581692e-05,1.0,0.140625,344.8125
9195,-24.179466401335393,7.518768364440691e-05,1.0,0.015625,344.828125
9196,-24.17946640133813,7.526423888905421e-05,1.0,0.015625,344.84375
9197,-24.179466401340907,7.503597518527933e-05,1.0,0.046875,344.890625
9198,-24.17946640134322,7.519955819925229e-05,1.0,0.0,344.890625
9199,-24.179466401345863,7.510419716918762e-05,1.0,0.015625,344.90625
9200,-24.179466401349902,7.399666106416234e-05,1.0,0.03125,344.9375
9201,-24.179466401351682,7.377798358544333e-05,1.0,0.015625,344.953125
9202,-24.17946640135399,7.319957692403982e-05,1.0,0.015625,344.96875
9203,-24.179466401357196,7.372039021018688e-05,1.0,0.140625,345.109375
9204,-24.179466401359928,7.310152658363575e-05,1.0,0.015625,345.125
9205,-24.17946640136223,7.260753694022566e-05,1.0,0.015625,345.140625
9206,-24.17946640136391,7.242097443780021e-05,1.0,0.015625,345.15625
9207,-24.179466401367,7.248605511882931e-05,1.0,0.140625,345.296875
9208,-24.17946640136973,7.186621144573442e-05,1.0,0.015625,345.3125
9209,-24.179466401372544,7.199610927863049e-05,1.0,0.015625,345.328125
9210,-24.17946640137466,7.250496587425092e-05,1.0,0.015625,345.34375
9211,-24.179466401377113,7.271392244147986e-05,1.0,0.015625,345.359375
9212,-24.1794664013792,7.300997840176945e-05,1.0,0.140625,345.5
9213,-24.179466401380843,7.249889367901013e-05,1.0,0.015625,345.515625
9214,-24.17946640138394,7.22677662066861e-05,1.0,0.015625,345.53125
9215,-24.17946640138665,7.21563675950709e-05,1.0,0.015625,345.546875
9216,-24.179466401389206,7.197244287496398e-05,1.0,0.140625,345.6875
9217,-24.179466401392386,7.115914011026034e-05,1.0,0.015625,345.703125
9218,-24.179466401395047,7.225055745465276e-05,1.0,0.015625,345.71875
9219,-24.17946640139701,7.14575000783213e-05,1.0,0.015625,345.734375
9220,-24.179466401400468,7.172499224420923e-05,1.0,0.140625,345.875
9221,-24.17946640140292,7.202354064637267e-05,1.0,0.0,345.875
9222,-24.179466401405076,7.257297371108145e-05,1.0,0.015625,345.890625
9223,-24.179466401409513,7.18210776491648e-05,1.0,0.015625,345.90625
9224,-24.179466401411748,7.164447904874367e-05,1.0,0.0625,345.96875
9225,-24.1794664014145,7.133093173613228e-05,1.0,0.015625,345.984375
9226,-24.17946640141691,7.10637205936627e-05,1.0,0.015625,346.0
9227,-24.179466401418587,7.11873355934464e-05,1.0,0.078125,346.078125
9228,-24.17946640142155,7.094375805186155e-05,1.0,0.015625,346.09375
9229,-24.179466401423802,7.094627941399431e-05,1.0,0.015625,346.109375
9230,-24.179466401425984,7.142998083601875e-05,1.0,0.015625,346.125
9231,-24.179466401428176,7.151724832556297e-05,1.0,0.140625,346.265625
9232,-24.179466401430673,7.168869712651845e-05,1.0,0.03125,346.296875
9233,-24.17946640143319,7.200249914498998e-05,1.0,0.015625,346.3125
9234,-24.1794664014368,7.218746895131325e-05,1.0,0.015625,346.328125
9235,-24.17946640143962,7.26836457413955e-05,1.0,0.140625,346.46875
9236,-24.179466401441747,7.302573847192058e-05,1.0,0.015625,346.484375
9237,-24.179466401443943,7.271958301160459e-05,1.0,0.015625,346.5
9238,-24.17946640144579,7.21988474648907e-05,1.0,0.015625,346.515625
9239,-24.179466401448224,7.222925745829907e-05,1.0,0.140625,346.65625
9240,-24.179466401450807,7.18497423124524e-05,1.0,0.015625,346.671875
9241,-24.179466401453606,7.2283786496599e-05,1.0,0.015625,346.6875
9242,-24.17946640145626,7.173914629989269e-05,1.0,0.015625,346.703125
9243,-24.179466401458985,7.153114263032524e-05,1.0,0.046875,346.75
9244,-24.179466401461497,7.145606761781867e-05,1.0,0.0,346.75
9245,-24.179466401464367,7.093901385361611e-05,1.0,0.015625,346.765625
9246,-24.179466401466534,7.078373232106362e-05,1.0,0.015625,346.78125
9247,-24.179466401469533,7.080827617313586e-05,1.0,0.03125,346.8125
9248,-24.179466401471615,7.103136970295373e-05,1.0,0.015625,346.828125
9249,-24.17946640147374,7.09131307801884e-05,1.0,0.015625,346.84375
9250,-24.179466401475093,7.11509211325132e-05,1.0,0.140625,346.984375
9251,-24.179466401477818,7.186367474075803e-05,1.0,0.0,346.984375
9252,-24.179466401480223,7.19156206758554e-05,1.0,0.015625,347.0
9253,-24.17946640148298,7.129834409914786e-05,1.0,0.140625,347.140625
9254,-24.179466401485403,7.100440498976042e-05,1.0,0.015625,347.15625
9255,-24.179466401487872,7.12173434319428e-05,1.0,0.015625,347.171875
9256,-24.17946640149032,7.059601694603725e-05,1.0,0.125,347.296875
9257,-24.179466401492828,7.06273526754271e-05,1.0,0.03125,347.328125
9258,-24.17946640149552,7.014904141099111e-05,1.0,0.0,347.328125
9259,-24.1794664014983,6.99643350795257e-05,1.0,0.015625,347.34375
9260,-24.179466401500687,6.957721875918315e-05,1.0,0.125,347.46875
9261,-24.17946640150295,6.978542067506566e-05,1.0,0.015625,347.484375
9262,-24.179466401504765,6.936470389075204e-05,1.0,0.0,347.484375
9263,-24.17946640150689,6.938959145210624e-05,1.0,0.015625,347.5
9264,-24.179466401509753,6.901443125629432e-05,1.0,0.015625,347.515625
9265,-24.179466401511696,6.866507617521857e-05,1.0,0.078125,347.59375
9266,-24.179466401513036,6.871071635338149e-05,1.0,0.03125,347.625
9267,-24.17946640151642,6.922373986734329e-05,1.0,0.015625,347.640625
9268,-24.179466401518997,6.95341311210846e-05,1.0,0.015625,347.65625
9269,-24.17946640152112,6.897619295254919e-05,1.0,0.03125,347.6875
9270,-24.179466401523644,6.867040554805169e-05,1.0,0.015625,347.703125
9271,-24.179466401526184,6.884525487249536e-05,1.0,0.0,347.703125
9272,-24.17946640152876,6.890174829555932e-05,1.0,0.015625,347.71875
9273,-24.17946640153136,6.962772821578653e-05,1.0,0.015625,347.734375
9274,-24.17946640153356,6.954344260649369e-05,1.0,0.109375,347.84375
9275,-24.179466401537017,6.991856058892194e-05,1.0,0.0,347.84375
9276,-24.179466401538885,6.971211505165952e-05,1.0,0.015625,347.859375
9277,-24.17946640154101,7.023396834308417e-05,1.0,0.015625,347.875
9278,-24.179466401544193,7.013733889480246e-05,1.0,0.0625,347.9375
9279,-24.17946640154733,7.0068531081839e-05,1.0,0.015625,347.953125
9280,-24.179466401550002,7.00304946538319e-05,1.0,0.015625,347.96875
9281,-24.17946640155325,7.01034743555425e-05,1.0,0.015625,347.984375
9282,-24.179466401555416,6.970372259965582e-05,1.0,0.15625,348.140625
9283,-24.17946640155804,6.94001094894038e-05,1.0,0.015625,348.15625
9284,-24.17946640155976,6.919250371402191e-05,1.0,0.015625,348.171875
9285,-24.179466401561708,6.905787634470655e-05,1.0,0.140625,348.3125
9286,-24.17946640156418,6.946109834746925e-05,1.0,0.015625,348.328125
9287,-24.179466401566696,6.89786839277465e-05,1.0,0.015625,348.34375
9288,-24.17946640156896,6.910390682425793e-05,1.0,0.015625,348.359375
9289,-24.17946640157109,6.874976844529123e-05,1.0,0.109375,348.46875
9290,-24.179466401573414,6.807311883685715e-05,1.0,0.015625,348.484375
9291,-24.17946640157579,6.778843504121561e-05,1.0,0.015625,348.5
9292,-24.179466401577532,6.806405569078266e-05,1.0,0.015625,348.515625
9293,-24.17946640158007,6.845208046204645e-05,1.0,0.03125,348.546875
9294,-24.179466401582385,6.846717058458824e-05,1.0,0.015625,348.5625
9295,-24.17946640158452,6.822548974807352e-05,1.0,0.0,348.5625
9296,-24.179466401586666,6.813609879420826e-05,1.0,0.015625,348.578125
9297,-24.179466401588805,6.847442435267409e-05,1.0,0.015625,348.59375
9298,-24.17946640159077,6.844559933093376e-05,1.0,0.109375,348.703125
9299,-24.179466401592705,6.859890960834619e-05,1.0,0.015625,348.71875
9300,-24.17946640159513,6.85437653851212e-05,1.0,0.015625,348.734375
9301,-24.17946640159756,6.879399926902098e-05,1.0,0.046875,348.78125
9302,-24.179466401600315,6.903834480729545e-05,1.0,0.015625,348.796875
9303,-24.17946640160291,6.830080521972757e-05,1.0,0.015625,348.8125
9304,-24.179466401605158,6.8479802050284e-05,1.0,0.140625,348.953125
9305,-24.179466401607602,6.782256572571506e-05,1.0,0.015625,348.96875
9306,-24.179466401610156,6.718003447177072e-05,1.0,0.015625,348.984375
9307,-24.179466401612082,6.734629863443556e-05,1.0,0.015625,349.0
9308,-24.179466401614413,6.708840412167097e-05,1.0,0.140625,349.140625
9309,-24.179466401617603,6.678001404923462e-05,1.0,0.0,349.140625
9310,-24.17946640162008,6.667314187093212e-05,1.0,0.015625,349.15625
9311,-24.17946640162176,6.621284743231122e-05,1.0,0.015625,349.171875
9312,-24.17946640162337,6.590354831037033e-05,1.0,0.0625,349.234375
9313,-24.179466401625472,6.621934904770378e-05,1.0,0.015625,349.25
9314,-24.17946640162735,6.651723699408542e-05,1.0,0.015625,349.265625
9315,-24.17946640163041,6.623259155719933e-05,1.0,0.015625,349.28125
9316,-24.179466401632986,6.615561981805565e-05,1.0,0.140625,349.421875
9317,-24.17946640163487,6.623073472923289e-05,1.0,0.015625,349.4375
9318,-24.17946640163666,6.601034909767615e-05,1.0,0.015625,349.453125
9319,-24.17946640163915,6.668504613452856e-05,1.0,0.015625,349.46875
9320,-24.17946640164162,6.72601614466838e-05,1.0,0.046875,349.515625
9321,-24.179466401643687,6.735319815117482e-05,1.0,0.0,349.515625
9322,-24.179466401646284,6.744796016172002e-05,1.0,0.015625,349.53125
9323,-24.17946640164943,6.756919833491727e-05,1.0,0.0625,349.59375
9324,-24.179466401651975,6.749992644734144e-05,1.0,0.015625,349.609375
9325,-24.17946640165399,6.724113828997173e-05,1.0,0.015625,349.625
9326,-24.179466401655727,6.738379812377282e-05,1.0,0.015625,349.640625
9327,-24.179466401658086,6.709736186910103e-05,1.0,0.140625,349.78125
9328,-24.179466401659894,6.761100162211982e-05,1.0,0.015625,349.796875
9329,-24.179466401662395,6.763531108241302e-05,1.0,0.015625,349.8125
9330,-24.179466401664698,6.734731585204942e-05,1.0,0.015625,349.828125
9331,-24.179466401666577,6.755292240448682e-05,1.0,0.03125,349.859375
9332,-24.17946640166916,6.725861576688302e-05,1.0,0.015625,349.875
9333,-24.179466401671494,6.666054057743012e-05,1.0,0.015625,349.890625
9334,-24.17946640167361,6.65959758516294e-05,1.0,0.015625,349.90625
9335,-24.179466401676006,6.677708280997746e-05,1.0,0.046875,349.953125
9336,-24.179466401678496,6.689493211674399e-05,1.0,0.015625,349.96875
9337,-24.179466401681747,6.737917550888613e-05,1.0,0.015625,349.984375
9338,-24.17946640168405,6.685500494702879e-05,1.0,0.015625,350.0
9339,-24.179466401686533,6.65065190675919e-05,1.0,0.015625,350.015625
9340,-24.179466401689016,6.682840259571376e-05,1.0,0.09375,350.109375
9341,-24.179466401691112,6.685105879292336e-05,1.0,0.0,350.109375
9342,-24.179466401693503,6.62530633543533e-05,1.0,0.015625,350.125
9343,-24.179466401696217,6.590981899484744e-05,1.0,0.015625,350.140625
9344,-24.179466401698157,6.536486242655689e-05,1.0,0.03125,350.171875
9345,-24.179466401700186,6.51981870670822e-05,1.0,0.0,350.171875
9346,-24.179466401702165,6.544033788002087e-05,1.0,0.015625,350.1875
9347,-24.179466401703788,6.431970325317022e-05,1.0,0.015625,350.203125
9348,-24.17946640170574,6.41673723067605e-05,1.0,0.0625,350.265625
9349,-24.179466401707653,6.436980824367183e-05,1.0,0.03125,350.296875
9350,-24.17946640170949,6.425040354317094e-05,1.0,0.015625,350.3125
9351,-24.179466401711828,6.449257224456097e-05,1.0,0.015625,350.328125
9352,-24.179466401714443,6.388164291620246e-05,1.0,0.140625,350.46875
9353,-24.179466401715977,6.394518917904188e-05,1.0,0.015625,350.484375
9354,-24.17946640171849,6.333066071029895e-05,1.0,0.015625,350.5
9355,-24.179466401720287,6.31960266471972e-05,1.0,0.015625,350.515625
9356,-24.17946640172232,6.319627450092695e-05,1.0,0.03125,350.546875
9357,-24.179466401723843,6.315934381709512e-05,1.0,0.015625,350.5625
9358,-24.17946640172554,6.318232989107543e-05,1.0,0.015625,350.578125
9359,-24.179466401728202,6.290985588520864e-05,1.0,0.140625,350.71875
9360,-24.17946640173016,6.283953682682945e-05,1.0,0.03125,350.75
9361,-24.179466401731666,6.324456022509246e-05,1.0,0.015625,350.765625
9362,-24.179466401734217,6.209048037882493e-05,1.0,0.015625,350.78125
9363,-24.179466401736207,6.247299845202238e-05,1.0,0.09375,350.875
9364,-24.17946640173856,6.224867874828086e-05,1.0,0.015625,350.890625
9365,-24.179466401741607,6.226457328275307e-05,1.0,0.015625,350.90625
9366,-24.17946640174378,6.263667478628565e-05,1.0,0.015625,350.921875
9367,-24.179466401745866,6.283697419248045e-05,1.0,0.015625,350.9375
9368,-24.17946640174772,6.235597083586708e-05,1.0,0.015625,350.953125
9369,-24.179466401749547,6.227027205316001e-05,1.0,0.015625,350.96875
9370,-24.179466401751352,6.223089554608151e-05,1.0,0.140625,351.109375
9371,-24.179466401752837,6.265313243184782e-05,1.0,0.0,351.109375
9372,-24.179466401754215,6.273210913682038e-05,1.0,0.015625,351.125
9373,-24.179466401756233,6.291184701295304e-05,1.0,0.015625,351.140625
9374,-24.17946640175795,6.256872516467443e-05,1.0,0.03125,351.171875
9375,-24.179466401760028,6.203987234000833e-05,1.0,0.015625,351.1875
9376,-24.17946640176199,6.191530097558459e-05,1.0,0.015625,351.203125
9377,-24.179466401763996,6.221031060635074e-05,1.0,0.109375,351.3125
9378,-24.179466401765996,6.261229505389137e-05,1.0,0.015625,351.328125
9379,-24.17946640176774,6.287276129080286e-05,1.0,0.0,351.328125
9380,-24.179466401770323,6.271588538577949e-05,1.0,0.015625,351.34375
9381,-24.179466401772363,6.276773132004783e-05,1.0,0.015625,351.359375
9382,-24.179466401774462,6.241680238003147e-05,1.0,0.140625,351.5
9383,-24.179466401776107,6.22442302694444e-05,1.0,0.015625,351.515625
9384,-24.179466401778345,6.203627373711085e-05,1.0,0.015625,351.53125
9385,-24.17946640178075,6.124827885481093e-05,1.0,0.140625,351.671875
9386,-24.179466401782758,6.17291802872134e-05,1.0,0.03125,351.703125
9387,-24.17946640178468,6.181548622856056e-05,1.0,0.015625,351.71875
9388,-24.179466401786755,6.179927616004662e-05,1.0,0.015625,351.734375
9389,-24.17946640178879,6.191479055388457e-05,1.0,0.140625,351.875
9390,-24.179466401791263,6.251294225562319e-05,1.0,0.015625,351.890625
9391,-24.179466401793462,6.242694203681367e-05,1.0,0.015625,351.90625
9392,-24.179466401795032,6.213878964667442e-05,1.0,0.015625,351.921875
9393,-24.179466401796613,6.154849622327151e-05,1.0,0.015625,351.9375
9394,-24.17946640179825,6.116616847067547e-05,1.0,0.03125,351.96875
9395,-24.179466401799903,6.147249617638023e-05,1.0,0.0,351.96875
9396,-24.17946640180207,6.134317559891135e-05,1.0,0.015625,351.984375
9397,-24.179466401804568,6.176633668777985e-05,1.0,0.109375,352.09375
9398,-24.17946640180711,6.195554671701885e-05,1.0,0.015625,352.109375
9399,-24.1794664018089,6.180700148376611e-05,1.0,0.015625,352.125
9400,-24.179466401810302,6.194854739850761e-05,1.0,0.015625,352.140625
9401,-24.17946640181228,6.194397016497897e-05,1.0,0.03125,352.171875
9402,-24.179466401814047,6.2314089704017e-05,1.0,0.015625,352.1875
9403,-24.17946640181651,6.193348243417711e-05,1.0,0.015625,352.203125
9404,-24.179466401819006,6.09930983147022e-05,1.0,0.015625,352.21875
9405,-24.179466401820545,6.105562830563468e-05,1.0,0.125,352.34375
9406,-24.179466401822356,5.9772985857578986e-05,1.0,0.03125,352.375
9407,-24.17946640182445,5.9672239471863645e-05,1.0,0.015625,352.390625
9408,-24.17946640182633,5.9832070838483136e-05,1.0,0.015625,352.40625
9409,-24.17946640182833,6.025062301441654e-05,1.0,0.046875,352.453125
9410,-24.179466401830066,6.0650093826167224e-05,1.0,0.015625,352.46875
9411,-24.179466401831657,6.087707028252387e-05,1.0,0.015625,352.484375
9412,-24.179466401833505,6.070177762067858e-05,1.0,0.015625,352.5
9413,-24.17946640183519,6.066665247161407e-05,1.0,0.140625,352.640625
9414,-24.179466401836653,6.091251656264279e-05,1.0,0.03125,352.671875
9415,-24.179466401838244,6.085551955226742e-05,1.0,0.015625,352.6875
9416,-24.17946640184009,6.0354974413012306e-05,1.0,0.015625,352.703125
9417,-24.179466401842497,6.0023101391173816e-05,1.0,0.03125,352.734375
9418,-24.179466401844635,6.039630546927743e-05,1.0,0.015625,352.75
9419,-24.179466401846494,6.0012891716816314e-05,1.0,0.015625,352.765625
9420,-24.17946640184797,5.9700128590507635e-05,1.0,0.140625,352.90625
9421,-24.179466401850036,5.938408202794606e-05,1.0,0.03125,352.9375
9422,-24.17946640185227,6.0161745392214513e-05,1.0,0.015625,352.953125
9423,-24.179466401853883,6.037575850477762e-05,1.0,0.015625,352.96875
9424,-24.179466401855414,6.0314031280564075e-05,1.0,0.140625,353.109375
9425,-24.179466401857223,6.06234087353219e-05,1.0,0.0,353.109375
9426,-24.17946640185902,5.997103592454632e-05,1.0,0.015625,353.125
9427,-24.179466401860697,5.989339146303274e-05,1.0,0.015625,353.140625
9428,-24.179466401863714,5.985607140099247e-05,1.0,0.109375,353.25
9429,-24.17946640186518,5.9993159970175635e-05,1.0,0.015625,353.265625
9430,-24.179466401867476,5.953895111378676e-05,1.0,0.015625,353.28125
9431,-24.17946640186901,5.976378014350223e-05,1.0,0.140625,353.421875
9432,-24.17946640187058,5.974284964251951e-05,1.0,0.015625,353.4375
9433,-24.17946640187273,5.980036731695886e-05,1.0,0.015625,353.453125
9434,-24.179466401874752,6.0231416994823775e-05,1.0,0.015625,353.46875
9435,-24.179466401876354,6.008175951224832e-05,1.0,0.0625,353.53125
9436,-24.179466401878127,5.964488899938144e-05,1.0,0.015625,353.546875
9437,-24.179466401879598,5.953561867740577e-05,1.0,0.015625,353.5625
9438,-24.179466401881122,5.908412552075635e-05,1.0,0.015625,353.578125
9439,-24.17946640188298,5.85305346244068e-05,1.0,0.03125,353.609375
9440,-24.179466401884934,5.7943485872179435e-05,1.0,0.015625,353.625
9441,-24.179466401886675,5.7869242168341964e-05,1.0,0.015625,353.640625
9442,-24.17946640188815,5.7846350730075125e-05,1.0,0.03125,353.671875
9443,-24.179466401889584,5.763518896189264e-05,1.0,0.015625,353.6875
9444,-24.179466401891695,5.735493873007114e-05,1.0,0.015625,353.703125
9445,-24.179466401894334,5.716112293494667e-05,1.0,0.015625,353.71875
9446,-24.17946640189578,5.747522028020656e-05,1.0,0.03125,353.75
9447,-24.179466401897297,5.742062238025003e-05,1.0,0.0,353.75
9448,-24.179466401898633,5.7381095620157054e-05,1.0,0.015625,353.765625
9449,-24.17946640190088,5.6914735836285e-05,1.0,0.03125,353.796875
9450,-24.17946640190237,5.686685814825827e-05,1.0,0.015625,353.8125
9451,-24.179466401903923,5.6892774141206166e-05,1.0,0.015625,353.828125
9452,-24.179466401905458,5.695069581525915e-05,1.0,0.015625,353.84375
9453,-24.179466401906996,5.6721627538515274e-05,1.0,0.109375,353.953125
9454,-24.179466401907995,5.7090961963466014e-05,1.0,0.015625,353.96875
9455,-24.179466401909966,5.673250854825052e-05,1.0,0.015625,353.984375
9456,-24.179466401911238,5.650554441249493e-05,1.0,0.03125,354.015625
9457,-24.179466401912773,5.6449995189891197e-05,1.0,0.03125,354.046875
9458,-24.17946640191426,5.664906147063448e-05,1.0,0.015625,354.0625
9459,-24.17946640191582,5.68927395726301e-05,1.0,0.015625,354.078125
9460,-24.17946640191738,5.641590172331395e-05,1.0,0.03125,354.109375
9461,-24.179466401918788,5.5973234504793745e-05,1.0,0.015625,354.125
9462,-24.179466401920322,5.584058543608941e-05,1.0,0.015625,354.140625
9463,-24.179466401921864,5.6117337022032906e-05,1.0,0.078125,354.21875
9464,-24.179466401923722,5.611421911946923e-05,1.0,0.015625,354.234375
9465,-24.179466401925353,5.583427900843604e-05,1.0,0.015625,354.25
9466,-24.179466401927147,5.570746355608235e-05,1.0,0.015625,354.265625
9467,-24.17946640192919,5.552822993413535e-05,1.0,0.078125,354.34375
9468,-24.179466401930675,5.5481263651946276e-05,1.0,0.03125,354.375
9469,-24.17946640193261,5.50500884240549e-05,1.0,0.015625,354.390625
9470,-24.179466401934498,5.6083819499492997e-05,1.0,0.015625,354.40625
9471,-24.17946640193658,5.595145640384519e-05,1.0,0.125,354.53125
9472,-24.17946640193799,5.6447706684767775e-05,1.0,0.015625,354.546875
9473,-24.1794664019398,5.573770754656139e-05,1.0,0.015625,354.5625
9474,-24.17946640194154,5.576868691291859e-05,1.0,0.015625,354.578125
9475,-24.179466401942783,5.5140646806095755e-05,1.0,0.015625,354.59375
9476,-24.17946640194443,5.5086111713710535e-05,1.0,0.015625,354.609375
9477,-24.179466401945874,5.522830257088812e-05,1.0,0.015625,354.625
9478,-24.17946640194697,5.5133778768745185e-05,1.0,0.046875,354.671875
9479,-24.179466401947987,5.5400835633702017e-05,1.0,0.015625,354.6875
9480,-24.179466401949625,5.5539933696679764e-05,1.0,0.015625,354.703125
9481,-24.179466401951007,5.521392617755225e-05,1.0,0.015625,354.71875
9482,-24.179466401951885,5.531181715693492e-05,1.0,0.046875,354.765625
9483,-24.179466401953274,5.53069974777532e-05,1.0,0.0,354.765625
9484,-24.179466401955242,5.5137208084011546e-05,1.0,0.015625,354.78125
9485,-24.179466401957182,5.505976720390988e-05,1.0,0.125,354.90625
9486,-24.179466401958514,5.519091087070856e-05,1.0,0.015625,354.921875
9487,-24.179466401960006,5.487283725091552e-05,1.0,0.015625,354.9375
9488,-24.17946640196145,5.487050346143107e-05,1.0,0.015625,354.953125
9489,-24.179466401962888,5.501146926517676e-05,1.0,0.03125,354.984375
9490,-24.179466401964298,5.481996911037447e-05,1.0,0.015625,355.0
9491,-24.179466401965982,5.468765595453453e-05,1.0,0.015625,355.015625
9492,-24.179466401967414,5.494288482983443e-05,1.0,0.046875,355.0625
9493,-24.179466401968934,5.545519745593931e-05,1.0,0.0,355.0625
9494,-24.179466401970252,5.5369148280355474e-05,1.0,0.015625,355.078125
9495,-24.179466401971535,5.5020772568178266e-05,1.0,0.140625,355.21875
9496,-24.17946640197302,5.521018102632135e-05,1.0,0.0,355.21875
9497,-24.179466401975233,5.550437997409859e-05,1.0,0.015625,355.234375
9498,-24.17946640197683,5.555422729002331e-05,1.0,0.015625,355.25
9499,-24.179466401978416,5.583114834027287e-05,1.0,0.125,355.375
9500,-24.179466401980754,5.5485071827965296e-05,1.0,0.03125,355.40625
9501,-24.17946640198205,5.535536392775324e-05,1.0,0.015625,355.421875
9502,-24.17946640198347,5.5303164180718454e-05,1.0,0.015625,355.4375
9503,-24.179466401984424,5.532728308045e-05,1.0,0.03125,355.46875
9504,-24.179466401985895,5.4865525023865153e-05,1.0,0.015625,355.484375
9505,-24.17946640198741,5.4459826626668145e-05,1.0,0.015625,355.5
9506,-24.179466401988403,5.4435702204325526e-05,1.0,0.03125,355.53125
9507,-24.179466401989437,5.4354685249274724e-05,1.0,0.015625,355.546875
9508,-24.17946640199067,5.4112866301084185e-05,1.0,0.015625,355.5625
9509,-24.179466401991554,5.3788279918955515e-05,1.0,0.09375,355.65625
9510,-24.17946640199293,5.405945776865785e-05,1.0,0.015625,355.671875
9511,-24.17946640199473,5.470539756568279e-05,1.0,0.015625,355.6875
9512,-24.179466401996006,5.463296379498487e-05,1.0,0.015625,355.703125
9513,-24.179466401997793,5.4398030952051384e-05,1.0,0.140625,355.84375
9514,-24.179466401998766,5.4648720222575036e-05,1.0,0.015625,355.859375
9515,-24.179466402000504,5.4508820035708324e-05,1.0,0.015625,355.875
9516,-24.17946640200185,5.4083291369043995e-05,1.0,0.015625,355.890625
9517,-24.179466402003477,5.410122625807612e-05,1.0,0.015625,355.90625
9518,-24.179466402004916,5.406866852955976e-05,1.0,0.0625,355.96875
9519,-24.179466402006373,5.3679515454164905e-05,1.0,0.015625,355.984375
9520,-24.179466402007932,5.32772065855845e-05,1.0,0.015625,356.0
9521,-24.179466402009325,5.357963702013904e-05,1.0,0.015625,356.015625
9522,-24.179466402010426,5.3667857589244254e-05,1.0,0.140625,356.15625
9523,-24.179466402012157,5.353017465500192e-05,1.0,0.046875,356.203125
9524,-24.179466402013304,5.332249841392079e-05,1.0,0.015625,356.21875
9525,-24.17946640201429,5.2960791024944434e-05,1.0,0.015625,356.234375
9526,-24.179466402015205,5.2862972664765215e-05,1.0,0.140625,356.375
9527,-24.179466402016605,5.2653175234168056e-05,1.0,0.015625,356.390625
9528,-24.17946640201816,5.253179651988277e-05,1.0,0.015625,356.40625
9529,-24.179466402019397,5.267607039416713e-05,1.0,0.015625,356.421875
9530,-24.179466402021504,5.2214156618649776e-05,1.0,0.0625,356.484375
9531,-24.17946640202323,5.224900599817643e-05,1.0,0.015625,356.5
9532,-24.17946640202436,5.205005209169131e-05,1.0,0.015625,356.515625
9533,-24.17946640202546,5.244066225257978e-05,1.0,0.015625,356.53125
9534,-24.179466402027323,5.240000262843164e-05,1.0,0.078125,356.609375
9535,-24.17946640202849,5.230481516507476e-05,1.0,0.0,356.609375
9536,-24.179466402029245,5.254573077577919e-05,1.0,0.015625,356.625
9537,-24.17946640203039,5.23529459901796e-05,1.0,0.09375,356.71875
9538,-24.179466402032055,5.195740089716953e-05,1.0,0.046875,356.765625
9539,-24.17946640203356,5.1903487707828835e-05,1.0,0.015625,356.78125
9540,-24.179466402034553,5.185571999920462e-05,1.0,0.015625,356.796875
9541,-24.17946640203582,5.198659063757035e-05,1.0,0.0625,356.859375
9542,-24.17946640203758,5.175009440227757e-05,1.0,0.015625,356.875
9543,-24.179466402039388,5.149894185340511e-05,1.0,0.015625,356.890625
9544,-24.17946640204071,5.17356878587856e-05,1.0,0.015625,356.90625
9545,-24.179466402042102,5.202874650223061e-05,1.0,0.03125,356.9375
9546,-24.179466402043484,5.2199802908523135e-05,1.0,0.0,356.9375
9547,-24.17946640204442,5.196750958998844e-05,1.0,0.015625,356.953125
9548,-24.17946640204622,5.186719708815958e-05,1.0,0.140625,357.09375
9549,-24.179466402047748,5.175713041436738e-05,1.0,0.03125,357.125
9550,-24.179466402049076,5.1659519836910884e-05,1.0,0.015625,357.140625
9551,-24.179466402050284,5.12888993170729e-05,1.0,0.015625,357.15625
9552,-24.179466402051474,5.117124547599672e-05,1.0,0.0625,357.21875
9553,-24.179466402052864,5.092647301253952e-05,1.0,0.015625,357.234375
9554,-24.179466402053876,5.1571096141942326e-05,1.0,0.015625,357.25
9555,-24.179466402055386,5.1659201172116584e-05,1.0,0.140625,357.390625
9556,-24.179466402056917,5.138486646567047e-05,1.0,0.015625,357.40625
9557,-24.179466402058665,5.15373135056012e-05,1.0,0.015625,357.421875
9558,-24.17946640205988,5.226503811449543e-05,1.0,0.015625,357.4375
9559,-24.179466402061035,5.232723070891365e-05,1.0,0.140625,357.578125
9560,-24.17946640206239,5.209098389377672e-05,1.0,0.015625,357.59375
9561,-24.17946640206408,5.274247155572534e-05,1.0,0.015625,357.609375
9562,-24.179466402065394,5.2550628640303275e-05,1.0,0.03125,357.640625
9563,-24.179466402066783,5.249862304643017e-05,1.0,0.0,357.640625
9564,-24.17946640206801,5.2319901558002994e-05,1.0,0.015625,357.65625
9565,-24.179466402069092,5.226635877915298e-05,1.0,0.015625,357.671875
9566,-24.179466402070243,5.223201072555348e-05,1.0,0.03125,357.703125
9567,-24.179466402071437,5.23840884735361e-05,1.0,0.03125,357.734375
9568,-24.179466402072677,5.245740721131094e-05,1.0,0.015625,357.75
9569,-24.17946640207424,5.216210598878006e-05,1.0,0.015625,357.765625
9570,-24.179466402076226,5.1916224951614664e-05,1.0,0.140625,357.90625
9571,-24.17946640207738,5.1692838892704427e-05,1.0,0.046875,357.953125
9572,-24.17946640207905,5.168426222101412e-05,1.0,0.015625,357.96875
9573,-24.179466402080443,5.1288680511460667e-05,1.0,0.015625,357.984375
9574,-24.17946640208224,5.093292368963829e-05,1.0,0.03125,358.015625
9575,-24.179466402083428,5.098345037122961e-05,1.0,0.0,358.015625
9576,-24.179466402084664,5.101336693676584e-05,1.0,0.015625,358.03125
9577,-24.179466402085833,5.0632192719091715e-05,1.0,0.03125,358.0625
9578,-24.179466402086867,5.1046185555063514e-05,1.0,0.015625,358.078125
9579,-24.179466402088327,5.045312959359439e-05,1.0,0.015625,358.09375
9580,-24.1794664020894,5.062866701465673e-05,1.0,0.03125,358.125
9581,-24.17946640209111,5.0562660082202345e-05,1.0,0.015625,358.140625
9582,-24.17946640209262,5.051933577383903e-05,1.0,0.125,358.265625
9583,-24.179466402094,5.065655097799504e-05,1.0,0.015625,358.28125
9584,-24.17946640209541,5.077476378966924e-05,1.0,0.015625,358.296875
9585,-24.17946640209669,5.0767084399272134e-05,1.0,0.015625,358.3125
9586,-24.179466402097738,5.032992066297461e-05,1.0,0.015625,358.328125
9587,-24.179466402098498,5.021320503205291e-05,1.0,0.03125,358.359375
9588,-24.179466402099877,4.980586434505679e-05,1.0,0.03125,358.390625
9589,-24.179466402100932,4.9846939135394346e-05,1.0,0.015625,358.40625
9590,-24.179466402102516,4.95484485268499e-05,1.0,0.03125,358.4375
9591,-24.179466402103717,4.9776356738682545e-05,1.0,0.015625,358.453125
9592,-24.17946640210493,4.9664948600324644e-05,1.0,0.015625,358.46875
9593,-24.179466402106186,4.9944474697413005e-05,1.0,0.125,358.59375
9594,-24.17946640210738,4.941869832410807e-05,1.0,0.015625,358.609375
9595,-24.1794664021086,4.970117306219654e-05,1.0,0.03125,358.640625
9596,-24.179466402109764,4.983187840977477e-05,1.0,0.015625,358.65625
9597,-24.17946640211086,4.982703221446626e-05,1.0,0.03125,358.6875
9598,-24.179466402112,4.984955497275024e-05,1.0,0.015625,358.703125
9599,-24.179466402113253,5.0130663784238204e-05,1.0,0.015625,358.71875
9600,-24.179466402114667,4.9693289635933164e-05,1.0,0.125,358.84375
9601,-24.179466402116027,4.970831693689105e-05,1.0,0.015625,358.859375
9602,-24.17946640211742,4.9470301922307114e-05,1.0,0.125,358.984375
9603,-24.17946640211945,4.9757055965228326e-05,1.0,0.0,358.984375
9604,-24.17946640212074,4.9542381020614895e-05,1.0,0.015625,359.0
9605,-24.179466402121903,4.957939528200252e-05,1.0,0.03125,359.03125
9606,-24.17946640212355,4.902824254489483e-05,1.0,0.015625,359.046875
9607,-24.1794664021249,4.864666889057372e-05,1.0,0.0625,359.109375
9608,-24.1794664021264,4.854208620600936e-05,1.0,0.015625,359.125
9609,-24.179466402127794,4.839167715191159e-05,1.0,0.015625,359.140625
9610,-24.179466402128728,4.856172998701733e-05,1.0,0.09375,359.234375
9611,-24.179466402129837,4.823121075853588e-05,1.0,0.015625,359.25
9612,-24.179466402131098,4.838157689050264e-05,1.0,0.015625,359.265625
9613,-24.179466402132146,4.805698696095299e-05,1.0,0.0625,359.328125
9614,-24.179466402133215,4.777872785431293e-05,1.0,0.015625,359.34375
9615,-24.179466402134466,4.785324548673451e-05,1.0,0.015625,359.359375
9616,-24.179466402135475,4.7897864036505286e-05,1.0,0.0625,359.421875
9617,-24.179466402136462,4.783067383950273e-05,1.0,0.015625,359.4375
9618,-24.179466402138132,4.852025283228763e-05,1.0,0.140625,359.578125
9619,-24.179466402139333,4.819885738220693e-05,1.0,0.015625,359.59375
9620,-24.17946640214025,4.8337873140556454e-05,1.0,0.015625,359.609375
9621,-24.179466402141326,4.829037735086906e-05,1.0,0.140625,359.75
9622,-24.179466402142396,4.8100981075273955e-05,1.0,0.015625,359.765625
9623,-24.179466402143376,4.785382902157272e-05,1.0,0.015625,359.78125
9624,-24.17946640214445,4.7263192786171844e-05,1.0,0.015625,359.796875
9625,-24.17946640214568,4.698978615657701e-05,1.0,0.078125,359.875
9626,-24.179466402146836,4.703422609486845e-05,1.0,0.03125,359.90625
9627,-24.179466402147696,4.714046277955066e-05,1.0,0.015625,359.921875
9628,-24.179466402148734,4.7297214172041184e-05,1.0,0.015625,359.9375
9629,-24.17946640214981,4.747512094446203e-05,1.0,0.03125,359.96875
9630,-24.179466402151128,4.759078724543086e-05,1.0,0.015625,359.984375
9631,-24.179466402152237,4.770220409285484e-05,1.0,0.015625,360.0
9632,-24.179466402153377,4.782277794855362e-05,1.0,0.015625,360.015625
9633,-24.17946640215468,4.840784531958781e-05,1.0,0.140625,360.15625
9634,-24.179466402156105,4.816365500748952e-05,1.0,0.015625,360.171875
9635,-24.179466402157423,4.801335205909102e-05,1.0,0.015625,360.1875
9636,-24.179466402158308,4.832360073122422e-05,1.0,0.03125,360.21875
9637,-24.179466402159342,4.822400800090151e-05,1.0,0.0,360.21875
9638,-24.179466402160635,4.82547142514163e-05,1.0,0.015625,360.234375
9639,-24.179466402162433,4.85469744250107e-05,1.0,0.015625,360.25
9640,-24.1794664021636,4.8344848838943704e-05,1.0,0.03125,360.28125
9641,-24.179466402164586,4.8335172192314536e-05,1.0,0.0,360.28125
9642,-24.17946640216572,4.7832440969635046e-05,1.0,0.015625,360.296875
9643,-24.179466402166973,4.7788171419271434e-05,1.0,0.015625,360.3125
9644,-24.179466402167844,4.7623069531287217e-05,1.0,0.125,360.4375
9645,-24.17946640216911,4.7394786798686974e-05,1.0,0.015625,360.453125
9646,-24.179466402170434,4.726181119775666e-05,1.0,0.015625,360.46875
9647,-24.17946640217169,4.721606053757549e-05,1.0,0.046875,360.515625
9648,-24.17946640217316,4.694617999817893e-05,1.0,0.015625,360.53125
9649,-24.179466402174306,4.6616963164883444e-05,1.0,0.015625,360.546875
9650,-24.179466402175052,4.663451478942878e-05,1.0,0.140625,360.6875
9651,-24.17946640217592,4.6659330640866e-05,1.0,0.0,360.6875
9652,-24.179466402176825,4.6646053388031274e-05,1.0,0.015625,360.703125
9653,-24.179466402177674,4.641513259812459e-05,1.0,0.0625,360.765625
9654,-24.179466402178818,4.6464801977303246e-05,1.0,0.015625,360.78125
9655,-24.179466402179973,4.651881762332275e-05,1.0,0.015625,360.796875
9656,-24.179466402180946,4.611652006966005e-05,1.0,0.015625,360.8125
9657,-24.179466402182026,4.6252109384470744e-05,1.0,0.0625,360.875
9658,-24.179466402183333,4.60711991760529e-05,1.0,0.015625,360.890625
9659,-24.179466402184683,4.639366048736737e-05,1.0,0.015625,360.90625
9660,-24.179466402185806,4.6617549548474826e-05,1.0,0.140625,361.046875
9661,-24.179466402187177,4.621407790740035e-05,1.0,0.03125,361.078125
9662,-24.179466402188442,4.58158181388838e-05,1.0,0.015625,361.09375
9663,-24.179466402189657,4.5718339345856426e-05,1.0,0.015625,361.109375
9664,-24.17946640219049,4.5399239362730574e-05,1.0,0.046875,361.15625
9665,-24.179466402191846,4.534481768919766e-05,1.0,0.015625,361.171875
9666,-24.179466402192745,4.5348940457225645e-05,1.0,0.015625,361.1875
9667,-24.17946640219419,4.5168835090451344e-05,1.0,0.078125,361.265625
9668,-24.179466402194883,4.5295356471802555e-05,1.0,0.03125,361.296875
9669,-24.17946640219616,4.461558458426384e-05,1.0,0.015625,361.3125
9670,-24.179466402197086,4.476004291994626e-05,1.0,0.015625,361.328125
9671,-24.17946640219832,4.500650904711879e-05,1.0,0.125,361.453125
9672,-24.17946640219924,4.5146858960174694e-05,1.0,0.03125,361.484375
9673,-24.179466402199917,4.5364390790502864e-05,1.0,0.015625,361.5
9674,-24.179466402201008,4.521483468875968e-05,1.0,0.015625,361.515625
9675,-24.179466402202294,4.527834892834395e-05,1.0,0.03125,361.546875
9676,-24.179466402203442,4.5588792892697806e-05,1.0,0.046875,361.59375
9677,-24.179466402204596,4.5631387985218156e-05,1.0,0.015625,361.609375
9678,-24.179466402205815,4.50264989770716e-05,1.0,0.015625,361.625
9679,-24.179466402207122,4.487737855715828e-05,1.0,0.015625,361.640625
9680,-24.179466402208224,4.495775909100582e-05,1.0,0.109375,361.75
9681,-24.179466402209126,4.518478553306515e-05,1.0,0.0,361.75
9682,-24.17946640221047,4.4948292034613076e-05,1.0,0.015625,361.765625
9683,-24.179466402211666,4.4717870592398484e-05,1.0,0.015625,361.78125
9684,-24.17946640221277,4.4912154764158404e-05,1.0,0.125,361.90625
9685,-24.179466402213823,4.442019697104407e-05,1.0,0.0,361.90625
9686,-24.179466402215446,4.434214674298354e-05,1.0,0.015625,361.921875
9687,-24.179466402216605,4.4308929484221425e-05,1.0,0.015625,361.9375
9688,-24.179466402217532,4.428194163854428e-05,1.0,0.140625,362.078125
9689,-24.179466402218555,4.4370819504503365e-05,1.0,0.03125,362.109375
9690,-24.17946640221955,4.4409611502275284e-05,1.0,0.015625,362.125
9691,-24.17946640222035,4.451018667329792e-05,1.0,0.015625,362.140625
9692,-24.179466402221585,4.4571351788006187e-05,1.0,0.140625,362.28125
9693,-24.179466402222186,4.472827986820471e-05,1.0,0.0,362.28125
9694,-24.17946640222346,4.4771444573790415e-05,1.0,0.015625,362.296875
9695,-24.17946640222444,4.5060462819755575e-05,1.0,0.140625,362.4375
9696,-24.17946640222549,4.548311503844068e-05,1.0,0.0,362.4375
9697,-24.17946640222673,4.563067616254222e-05,1.0,0.015625,362.453125
9698,-24.17946640222784,4.54821328134856e-05,1.0,0.015625,362.46875
9699,-24.179466402228936,4.533679094967982e-05,1.0,0.046875,362.515625
9700,-24.179466402229785,4.489656778528467e-05,1.0,0.015625,362.53125
9701,-24.179466402230588,4.5593839483394815e-05,1.0,0.015625,362.546875
9702,-24.179466402231938,4.522634565376395e-05,1.0,0.03125,362.578125
9703,-24.179466402233313,4.503500688712716e-05,1.0,0.0,362.578125
9704,-24.179466402234258,4.508133445592044e-05,1.0,0.015625,362.59375
9705,-24.17946640223541,4.4798155730911775e-05,1.0,0.015625,362.609375
9706,-24.17946640223667,4.4739810285286574e-05,1.0,0.140625,362.75
9707,-24.179466402237416,4.5000189663234245e-05,1.0,0.015625,362.765625
9708,-24.17946640223857,4.469398348543343e-05,1.0,0.015625,362.78125
9709,-24.1794664022395,4.432338883764362e-05,1.0,0.09375,362.875
9710,-24.17946640224072,4.419624753665156e-05,1.0,0.015625,362.890625
9711,-24.179466402241616,4.4138688646984716e-05,1.0,0.015625,362.90625
9712,-24.179466402242568,4.387103636961399e-05,1.0,0.015625,362.921875
9713,-24.17946640224352,4.3672505100632663e-05,1.0,0.140625,363.0625
9714,-24.179466402244653,4.320425134676894e-05,1.0,0.0,363.0625
9715,-24.17946640224542,4.295807388756543e-05,1.0,0.015625,363.078125
9716,-24.17946640224645,4.332706541453411e-05,1.0,0.015625,363.09375
9717,-24.17946640224756,4.318756614021079e-05,1.0,0.09375,363.1875
9718,-24.179466402248448,4.327360912567655e-05,1.0,0.015625,363.203125
9719,-24.179466402249595,4.340578036555444e-05,1.0,0.015625,363.21875
9720,-24.17946640225044,4.3420779492357476e-05,1.0,0.015625,363.234375
9721,-24.179466402251094,4.345803186242245e-05,1.0,0.046875,363.28125
9722,-24.17946640225212,4.3548090147696264e-05,1.0,0.015625,363.296875
9723,-24.1794664022532,4.3074700182062904e-05,1.0,0.015625,363.3125
9724,-24.179466402254103,4.336349343923087e-05,1.0,0.03125,363.34375
9725,-24.17946640225528,4.3222157853673106e-05,1.0,0.015625,363.359375
9726,-24.179466402256146,4.337182728543437e-05,1.0,0.015625,363.375
9727,-24.179466402256903,4.3484420919612945e-05,1.0,0.015625,363.390625
9728,-24.179466402258193,4.3577350436422136e-05,1.0,0.046875,363.4375
9729,-24.17946640225909,4.316267757758597e-05,1.0,0.0,363.4375
9730,-24.17946640225996,4.324768941766581e-05,1.0,0.015625,363.453125
9731,-24.179466402261014,4.3462903072723e-05,1.0,0.015625,363.46875
9732,-24.17946640226185,4.3284454226927055e-05,1.0,0.03125,363.5
9733,-24.17946640226286,4.331088409683903e-05,1.0,0.015625,363.515625
9734,-24.179466402263643,4.341064046793361e-05,1.0,0.015625,363.53125
9735,-24.179466402264755,4.296805449633716e-05,1.0,0.140625,363.671875
9736,-24.179466402265394,4.294289203511422e-05,1.0,0.0,363.671875
9737,-24.179466402265977,4.284053913589017e-05,1.0,0.015625,363.6875
9738,-24.179466402267174,4.2481191092178724e-05,1.0,0.125,363.8125
9739,-24.179466402268243,4.25219055374816e-05,1.0,0.0,363.8125
9740,-24.17946640226922,4.2397322472997714e-05,1.0,0.015625,363.828125
9741,-24.179466402270172,4.249724802949902e-05,1.0,0.015625,363.84375
9742,-24.179466402271064,4.2568679243598395e-05,1.0,0.078125,363.921875
9743,-24.179466402271885,4.252504166695771e-05,1.0,0.015625,363.9375
9744,-24.17946640227293,4.211493599129489e-05,1.0,0.015625,363.953125
9745,-24.179466402273594,4.2111498116358474e-05,1.0,0.015625,363.96875
9746,-24.17946640227459,4.20722054993971e-05,1.0,0.078125,364.046875
9747,-24.179466402275512,4.216733977031969e-05,1.0,0.015625,364.0625
9748,-24.179466402276592,4.237146495387497e-05,1.0,0.015625,364.078125
9749,-24.179466402277452,4.2021524786413343e-05,1.0,0.015625,364.09375
9750,-24.1794664022786,4.224778231901794e-05,1.0,0.078125,364.171875
9751,-24.17946640227915,4.2456913626617104e-05,1.0,0.0,364.171875
9752,-24.17946640228001,4.2120617027433335e-05,1.0,0.015625,364.1875
9753,-24.179466402281008,4.234428979298262e-05,1.0,0.015625,364.203125
9754,-24.17946640228188,4.274947082206426e-05,1.0,0.0625,364.265625
9755,-24.179466402282845,4.264732843603829e-05,1.0,0.0,364.265625
9756,-24.17946640228391,4.264460448125993e-05,1.0,0.015625,364.28125
9757,-24.17946640228436,4.2309573105600904e-05,1.0,0.0625,364.34375
9758,-24.17946640228541,4.152389552167956e-05,1.0,0.0,364.34375
9759,-24.17946640228655,4.128987445783096e-05,1.0,0.015625,364.359375
9760,-24.17946640228738,4.12711870969679e-05,1.0,0.015625,364.375
9761,-24.179466402288284,4.1215667731024374e-05,1.0,0.03125,364.40625
9762,-24.179466402289247,4.098436519578558e-05,1.0,0.015625,364.421875
9763,-24.17946640229009,4.0561840859452474e-05,1.0,0.0,364.421875
9764,-24.17946640229102,4.070213293769549e-05,1.0,0.015625,364.4375
9765,-24.179466402291983,4.050247138831193e-05,1.0,0.015625,364.453125
9766,-24.179466402292956,4.0237912165551054e-05,1.0,0.03125,364.484375
9767,-24.1794664022936,4.023344722990315e-05,1.0,0.015625,364.5
9768,-24.17946640229442,4.0230494784116e-05,1.0,0.015625,364.515625
9769,-24.179466402295148,4.04108127700299e-05,1.0,0.015625,364.53125
9770,-24.179466402295784,4.0199023197061614e-05,1.0,0.140625,364.671875
9771,-24.179466402296427,4.014358805424489e-05,1.0,0.0,364.671875
9772,-24.17946640229723,4.004979479554468e-05,1.0,0.015625,364.6875
9773,-24.17946640229799,3.9976506400481354e-05,1.0,0.109375,364.796875
9774,-24.17946640229907,3.9730522993207986e-05,1.0,0.015625,364.8125
9775,-24.179466402299692,3.970580060745946e-05,1.0,0.015625,364.828125
9776,-24.179466402300516,3.964093842851896e-05,1.0,0.015625,364.84375
9777,-24.179466402301347,3.9909821176920754e-05,1.0,0.03125,364.875
9778,-24.179466402302307,3.9904056539416835e-05,1.0,0.0,364.875
9779,-24.179466402303156,3.9863570101708965e-05,1.0,0.015625,364.890625
9780,-24.17946640230387,3.9766198875835754e-05,1.0,0.140625,365.03125
9781,-24.179466402304502,3.985768860422585e-05,1.0,0.03125,365.0625
9782,-24.179466402305195,4.0352041280058564e-05,1.0,0.015625,365.078125
9783,-24.179466402305962,4.023452312350348e-05,1.0,0.015625,365.09375
9784,-24.179466402306762,4.014313957975937e-05,1.0,0.078125,365.171875
9785,-24.179466402307277,3.9898238951313085e-05,1.0,0.015625,365.1875
9786,-24.17946640230818,4.008246503260055e-05,1.0,0.015625,365.203125
9787,-24.179466402309,3.992378871154194e-05,1.0,0.0625,365.265625
9788,-24.17946640230968,3.97067207945755e-05,1.0,0.03125,365.296875
9789,-24.17946640231054,3.979558109121857e-05,1.0,0.015625,365.3125
9790,-24.179466402311398,3.961605764990464e-05,1.0,0.015625,365.328125
9791,-24.17946640231202,3.947938587942282e-05,1.0,0.03125,365.359375
9792,-24.179466402312798,4.014048809936366e-05,1.0,0.015625,365.375
9793,-24.179466402313622,4.003756899505456e-05,1.0,0.015625,365.390625
9794,-24.17946640231437,3.979572583002333e-05,1.0,0.015625,365.40625
9795,-24.17946640231516,3.9718268044584665e-05,1.0,0.0625,365.46875
9796,-24.17946640231597,3.975098862029106e-05,1.0,0.0,365.46875
9797,-24.17946640231692,3.9899745655667425e-05,1.0,0.015625,365.484375
9798,-24.17946640231762,3.957894507867204e-05,1.0,0.140625,365.625
9799,-24.17946640231823,3.986830070463e-05,1.0,0.015625,365.640625
9800,-24.179466402318948,3.9834721797976815e-05,1.0,0.015625,365.65625
9801,-24.17946640231961,3.961306236088351e-05,1.0,0.015625,365.671875
9802,-24.17946640232021,3.935223461166271e-05,1.0,0.03125,365.703125
9803,-24.179466402321033,3.930438291944187e-05,1.0,0.015625,365.71875
9804,-24.17946640232193,3.9207105012672324e-05,1.0,0.015625,365.734375
9805,-24.1794664023228,3.893355457491693e-05,1.0,0.125,365.859375
9806,-24.179466402323488,3.906159857565924e-05,1.0,0.0,365.859375
9807,-24.179466402324294,3.90627484147645e-05,1.0,0.015625,365.875
9808,-24.179466402325165,3.892991031941826e-05,1.0,0.015625,365.890625
9809,-24.179466402325726,3.88748412819218e-05,1.0,0.046875,365.9375
9810,-24.179466402326423,3.894304210295936e-05,1.0,0.015625,365.953125
9811,-24.17946640232717,3.880416654703996e-05,1.0,0.015625,365.96875
9812,-24.17946640232764,3.909141860611066e-05,1.0,0.046875,366.015625
9813,-24.179466402328412,3.920882426252087e-05,1.0,0.0,366.015625
9814,-24.17946640232909,3.918889071290659e-05,1.0,0.015625,366.03125
9815,-24.17946640233005,3.873153558458815e-05,1.0,0.015625,366.046875
9816,-24.17946640233077,3.878244507784913e-05,1.0,0.015625,366.0625
9817,-24.179466402331713,3.8341013085976575e-05,1.0,0.140625,366.203125
9818,-24.1794664023327,3.813600270058668e-05,1.0,0.046875,366.25
9819,-24.179466402333723,3.8094143765590475e-05,1.0,0.015625,366.265625
9820,-24.179466402334192,3.80846275276546e-05,1.0,0.015625,366.28125
9821,-24.179466402334793,3.8267374117116773e-05,1.0,0.03125,366.3125
9822,-24.179466402335432,3.8016855129568694e-05,1.0,0.03125,366.34375
9823,-24.17946640233611,3.8266586224850065e-05,1.0,0.015625,366.359375
9824,-24.17946640233678,3.798162443083226e-05,1.0,0.015625,366.375
9825,-24.179466402337372,3.8157143023407666e-05,1.0,0.125,366.5
9826,-24.17946640233815,3.819070978667079e-05,1.0,0.015625,366.515625
9827,-24.179466402338917,3.816050511121917e-05,1.0,0.015625,366.53125
9828,-24.179466402339635,3.80649596543713e-05,1.0,0.140625,366.671875
9829,-24.17946640234029,3.8009153615925395e-05,1.0,0.015625,366.6875
9830,-24.179466402341102,3.814941997322115e-05,1.0,0.015625,366.703125
9831,-24.17946640234185,3.850567975134142e-05,1.0,0.078125,366.78125
9832,-24.17946640234279,3.8915549099403685e-05,1.0,0.015625,366.796875
9833,-24.179466402343778,3.874248171596017e-05,1.0,0.015625,366.8125
9834,-24.179466402344488,3.891414289780739e-05,1.0,0.109375,366.921875
9835,-24.1794664023454,3.889402783211876e-05,1.0,0.03125,366.953125
9836,-24.17946640234645,3.833768230398857e-05,1.0,0.015625,366.96875
9837,-24.179466402347185,3.7836949587106404e-05,1.0,0.015625,366.984375
9838,-24.179466402347636,3.776344181377115e-05,1.0,0.03125,367.015625
9839,-24.17946640234859,3.769461017827088e-05,1.0,0.015625,367.03125
9840,-24.17946640234924,3.764633745206772e-05,1.0,0.015625,367.046875
9841,-24.179466402349817,3.785015770477043e-05,1.0,0.015625,367.0625
9842,-24.179466402350286,3.795892409077411e-05,1.0,0.09375,367.15625
9843,-24.179466402351004,3.758139110405379e-05,1.0,0.015625,367.171875
9844,-24.179466402351792,3.7854051451584286e-05,1.0,0.015625,367.1875
9845,-24.179466402352425,3.75073231550206e-05,1.0,0.015625,367.203125
9846,-24.179466402353057,3.782079412903314e-05,1.0,0.140625,367.34375
9847,-24.179466402353818,3.780054271244681e-05,1.0,0.015625,367.359375
9848,-24.179466402354592,3.774831739703896e-05,1.0,0.015625,367.375
9849,-24.17946640235527,3.7852276743878915e-05,1.0,0.015625,367.390625
9850,-24.17946640235597,3.7809990343630165e-05,1.0,0.140625,367.53125
9851,-24.1794664023565,3.781801031336339e-05,1.0,0.0,367.53125
9852,-24.17946640235731,3.8032756236077135e-05,1.0,0.015625,367.546875
9853,-24.179466402357978,3.818119550551758e-05,1.0,0.03125,367.578125
9854,-24.17946640235895,3.833926599872688e-05,1.0,0.015625,367.59375
9855,-24.17946640235962,3.8420538639562005e-05,1.0,0.015625,367.609375
9856,-24.179466402360255,3.829551399910739e-05,1.0,0.015625,367.625
9857,-24.179466402360948,3.833233796780525e-05,1.0,0.140625,367.765625
9858,-24.17946640236171,3.7876422706326364e-05,1.0,0.015625,367.78125
9859,-24.179466402362657,3.790072939701769e-05,1.0,0.015625,367.796875
9860,-24.17946640236369,3.791318507637093e-05,1.0,0.140625,367.9375
9861,-24.179466402364426,3.798898823138149e-05,1.0,0.015625,367.953125
9862,-24.179466402365108,3.75741073212786e-05,1.0,0.015625,367.96875
9863,-24.179466402365875,3.7507725935814375e-05,1.0,0.015625,367.984375
9864,-24.179466402366707,3.755271807471873e-05,1.0,0.140625,368.125
9865,-24.179466402367336,3.739216115191297e-05,1.0,0.015625,368.140625
9866,-24.179466402368096,3.726192068460763e-05,1.0,0.015625,368.15625
9867,-24.179466402368803,3.707244362004003e-05,1.0,0.015625,368.171875
9868,-24.17946640236934,3.7278821431735326e-05,1.0,0.140625,368.3125
9869,-24.179466402370124,3.752856243795759e-05,1.0,0.015625,368.328125
9870,-24.179466402370863,3.742268208022001e-05,1.0,0.015625,368.34375
9871,-24.17946640237166,3.730975723483506e-05,1.0,0.015625,368.359375
9872,-24.179466402372213,3.711477316664761e-05,1.0,0.015625,368.375
9873,-24.179466402372974,3.696837216758829e-05,1.0,0.109375,368.484375
9874,-24.17946640237357,3.687697303454469e-05,1.0,0.015625,368.5
9875,-24.17946640237437,3.6456722620125675e-05,1.0,0.015625,368.515625
9876,-24.179466402375215,3.673373321679569e-05,1.0,0.046875,368.5625
9877,-24.17946640237601,3.6605935100620504e-05,1.0,0.0,368.5625
9878,-24.179466402377006,3.678900758003807e-05,1.0,0.015625,368.578125
9879,-24.17946640237777,3.6822324145149816e-05,1.0,0.0625,368.640625
9880,-24.179466402378363,3.707382309844081e-05,1.0,0.015625,368.65625
9881,-24.179466402379067,3.674807059721225e-05,1.0,0.015625,368.671875
9882,-24.17946640237964,3.678060325854426e-05,1.0,0.015625,368.6875
9883,-24.179466402380474,3.677392842977612e-05,1.0,0.046875,368.734375
9884,-24.179466402381156,3.675569141016259e-05,1.0,0.015625,368.75
9885,-24.179466402382168,3.689190522799999e-05,1.0,0.015625,368.765625
9886,-24.179466402382605,3.6829470776403086e-05,1.0,0.015625,368.78125
9887,-24.179466402383277,3.6887610241053064e-05,1.0,0.078125,368.859375
9888,-24.179466402383746,3.67332292586683e-05,1.0,0.046875,368.90625
9889,-24.179466402384264,3.683831639999436e-05,1.0,0.015625,368.921875
9890,-24.179466402385,3.663029841644828e-05,1.0,0.015625,368.9375
9891,-24.17946640238579,3.675217540754438e-05,1.0,0.03125,368.96875
9892,-24.179466402386613,3.6880319157359476e-05,1.0,0.015625,368.984375
9893,-24.179466402387366,3.691873874623412e-05,1.0,0.015625,369.0
9894,-24.179466402387785,3.6849897650741525e-05,1.0,0.015625,369.015625
9895,-24.17946640238849,3.6554844224848296e-05,1.0,0.015625,369.03125
9896,-24.17946640238934,3.627481436497658e-05,1.0,0.109375,369.140625
9897,-24.179466402390215,3.6201414678553093e-05,1.0,0.0,369.140625
9898,-24.179466402390776,3.607709692836552e-05,1.0,0.015625,369.15625
9899,-24.179466402391352,3.59349040347515e-05,1.0,0.015625,369.171875
9900,-24.179466402391785,3.606099004252105e-05,1.0,0.03125,369.203125
9901,-24.17946640239233,3.5999296039648584e-05,1.0,0.0,369.203125
9902,-24.179466402392762,3.608640164851686e-05,1.0,0.015625,369.21875
9903,-24.179466402393665,3.607274862121327e-05,1.0,0.125,369.34375
9904,-24.1794664023942,3.5718458114619894e-05,1.0,0.015625,369.359375
9905,-24.179466402394787,3.5530455410902945e-05,1.0,0.015625,369.375
9906,-24.17946640239552,3.5419205097538156e-05,1.0,0.015625,369.390625
9907,-24.17946640239614,3.5223874795223325e-05,1.0,0.015625,369.40625
9908,-24.179466402396685,3.518545294341316e-05,1.0,0.015625,369.421875
9909,-24.179466402397292,3.5095344261300824e-05,1.0,0.171875,369.59375
9910,-24.179466402398024,3.530879848443573e-05,1.0,0.015625,369.609375
9911,-24.179466402398614,3.539062644295216e-05,1.0,0.015625,369.625
9912,-24.179466402399072,3.530078309349095e-05,1.0,0.03125,369.65625
9913,-24.179466402400006,3.529736266999445e-05,1.0,0.015625,369.671875
9914,-24.179466402400475,3.5463001799799285e-05,1.0,0.015625,369.6875
9915,-24.179466402401133,3.535886291086949e-05,1.0,0.140625,369.828125
9916,-24.179466402401726,3.52638945571505e-05,1.0,0.015625,369.84375
9917,-24.179466402402237,3.5251145341974104e-05,1.0,0.015625,369.859375
9918,-24.179466402402976,3.5165118555298174e-05,1.0,0.015625,369.875
9919,-24.17946640240375,3.489317099312093e-05,1.0,0.140625,370.015625
9920,-24.179466402404415,3.490192203986348e-05,1.0,0.015625,370.03125
9921,-24.17946640240497,3.48313066022087e-05,1.0,0.015625,370.046875
9922,-24.17946640240564,3.4824885008950026e-05,1.0,0.015625,370.0625
9923,-24.179466402406103,3.484256954667668e-05,1.0,0.140625,370.203125
9924,-24.17946640240672,3.5168577108121375e-05,1.0,0.046875,370.25
9925,-24.17946640240764,3.539762493632519e-05,1.0,0.015625,370.265625
9926,-24.179466402408313,3.530146663535617e-05,1.0,0.078125,370.34375
9927,-24.179466402408885,3.5369936979150504e-05,1.0,0.015625,370.359375
9928,-24.179466402409496,3.5284482243853055e-05,1.0,0.015625,370.375
9929,-24.179466402410146,3.519991196035508e-05,1.0,0.015625,370.390625
9930,-24.179466402410757,3.5297499491059067e-05,1.0,0.125,370.515625
9931,-24.179466402411222,3.54164406986271e-05,1.0,0.015625,370.53125
9932,-24.17946640241182,3.487837609504415e-05,1.0,0.015625,370.546875
9933,-24.17946640241229,3.4834140082053086e-05,1.0,0.015625,370.5625
9934,-24.1794664024129,3.455987559177972e-05,1.0,0.046875,370.609375
9935,-24.179466402413485,3.461909224001378e-05,1.0,0.015625,370.625
9936,-24.17946640241399,3.480754669768522e-05,1.0,0.015625,370.640625
9937,-24.17946640241446,3.477083449489847e-05,1.0,0.140625,370.78125
9938,-24.179466402415013,3.465640552723283e-05,1.0,0.015625,370.796875
9939,-24.179466402415994,3.441529086502603e-05,1.0,0.015625,370.8125
9940,-24.179466402416697,3.429830160005009e-05,1.0,0.015625,370.828125
9941,-24.17946640241726,3.432756476282086e-05,1.0,0.109375,370.9375
9942,-24.17946640241768,3.442055978398613e-05,1.0,0.015625,370.953125
9943,-24.179466402418058,3.435000793820336e-05,1.0,0.03125,370.984375
9944,-24.17946640241883,3.4398863113851574e-05,1.0,0.015625,371.0
9945,-24.179466402419404,3.472871934069737e-05,1.0,0.015625,371.015625
9946,-24.179466402420015,3.450793409598618e-05,1.0,0.03125,371.046875
9947,-24.179466402420385,3.432494828434547e-05,1.0,0.03125,371.078125
9948,-24.17946640242104,3.473363515964256e-05,1.0,0.015625,371.09375
9949,-24.179466402421454,3.465075541923133e-05,1.0,0.125,371.21875
9950,-24.179466402422275,3.457798691037598e-05,1.0,0.0,371.21875
9951,-24.179466402423024,3.454702677335885e-05,1.0,0.015625,371.234375
9952,-24.179466402423692,3.4653401780667054e-05,1.0,0.140625,371.375
9953,-24.179466402424392,3.440528853154535e-05,1.0,0.015625,371.390625
9954,-24.179466402425053,3.436350589755733e-05,1.0,0.015625,371.40625
9955,-24.17946640242581,3.426408736610625e-05,1.0,0.015625,371.421875
9956,-24.17946640242633,3.418431343926466e-05,1.0,0.140625,371.5625
9957,-24.179466402426854,3.407639450054107e-05,1.0,0.03125,371.59375
9958,-24.179466402427394,3.4060702268553994e-05,1.0,0.015625,371.609375
9959,-24.179466402428016,3.414407279625524e-05,1.0,0.015625,371.625
9960,-24.179466402428602,3.423673627915601e-05,1.0,0.046875,371.671875
9961,-24.17946640242934,3.41969217081753e-05,1.0,0.015625,371.6875
9962,-24.179466402430084,3.460531450058823e-05,1.0,0.015625,371.703125
9963,-24.17946640243054,3.475049039562769e-05,1.0,0.015625,371.71875
9964,-24.179466402431288,3.490751125467855e-05,1.0,0.109375,371.828125
9965,-24.179466402431807,3.462824437559993e-05,1.0,0.015625,371.84375
9966,-24.179466402432325,3.462215964630481e-05,1.0,0.015625,371.859375
9967,-24.179466402432972,3.457150577454086e-05,1.0,0.015625,371.875
9968,-24.179466402433505,3.4456898898160215e-05,1.0,0.140625,372.015625
9969,-24.179466402434144,3.419193314868251e-05,1.0,0.03125,372.046875
9970,-24.17946640243482,3.398839971886137e-05,1.0,0.0,372.046875
9971,-24.1794664024355,3.419535238142825e-05,1.0,0.015625,372.0625
9972,-24.179466402436105,3.397821545477896e-05,1.0,0.140625,372.203125
9973,-24.179466402436507,3.370274217057871e-05,1.0,0.046875,372.25
9974,-24.179466402437196,3.354162247119484e-05,1.0,0.015625,372.265625
9975,-24.17946640243788,3.3375194745067096e-05,1.0,0.015625,372.28125
9976,-24.17946640243859,3.334008029725486e-05,1.0,0.03125,372.3125
9977,-24.179466402439214,3.3111811537732836e-05,1.0,0.0,372.3125
9978,-24.17946640243973,3.300551719507345e-05,1.0,0.015625,372.328125
9979,-24.17946640244026,3.293964322293301e-05,1.0,0.015625,372.34375
9980,-24.179466402440845,3.303151309279703e-05,1.0,0.140625,372.484375
9981,-24.179466402441275,3.3021840038136675e-05,1.0,0.015625,372.5
9982,-24.17946640244168,3.306021386178294e-05,1.0,0.0,372.5
9983,-24.179466402442433,3.287156954654921e-05,1.0,0.015625,372.515625
9984,-24.179466402443015,3.310940227515161e-05,1.0,0.015625,372.53125
9985,-24.1794664024435,3.2971601852295845e-05,1.0,0.140625,372.671875
9986,-24.179466402443932,3.266202355438949e-05,1.0,0.03125,372.703125
9987,-24.179466402444625,3.269953128114121e-05,1.0,0.015625,372.71875
9988,-24.179466402445094,3.264546022457249e-05,1.0,0.015625,372.734375
9989,-24.179466402445417,3.256769158922681e-05,1.0,0.140625,372.875
9990,-24.17946640244586,3.242541521815503e-05,1.0,0.015625,372.890625
9991,-24.17946640244633,3.263399327092392e-05,1.0,0.015625,372.90625
9992,-24.179466402446792,3.28692222913057e-05,1.0,0.09375,373.0
9993,-24.17946640244736,3.254844981593166e-05,1.0,0.015625,373.015625
9994,-24.179466402447964,3.237534765966273e-05,1.0,0.015625,373.03125
9995,-24.179466402448597,3.240302875812914e-05,1.0,0.015625,373.046875
9996,-24.17946640244913,3.244564221549334e-05,1.0,0.03125,373.078125
9997,-24.17946640244965,3.252186966626172e-05,1.0,0.015625,373.09375
9998,-24.17946640245037,3.236541291967605e-05,1.0,0.015625,373.109375
9999,-24.17946640245093,3.2353301461409885e-05,1.0,0.015625,373.125
