k,f,grad_norm,t_k,cpu_time,cpu_time_sum
0,0.6931471805599454,0.469570892796963,1.0,0.06175999999999998,0.06175999999999998
1,0.6399854571412302,0.4283207098545429,1.0,0.05273800000000001,0.11449799999999999
2,0.5931195778143962,0.388375356834208,1.0,0.051257,0.16575499999999999
3,0.5521186704628128,0.3571831287835162,1.0,0.049985999999999975,0.21574099999999996
4,0.5201104148687481,0.3332408494190451,1.0,0.050039000000000056,0.26578
5,0.48769329162251746,0.3102732826298967,1.0,0.04962999999999995,0.31540999999999997
6,0.4568383360958436,0.2904235454832644,1.0,0.05108100000000004,0.366491
7,0.4344711754004811,0.2753105827035602,1.0,0.04961700000000002,0.41610800000000003
8,0.4107430709221288,0.25803342156526937,1.0,0.04959199999999997,0.4657
9,0.39177638744628324,0.2424359351840293,1.0,0.05344700000000002,0.519147
10,0.3747983412433715,0.23248403840096749,1.0,0.054929000000000006,0.574076
11,0.35927998699584895,0.22123044837606315,1.0,0.049800999999999984,0.623877
12,0.340382621216619,0.20704759682013257,1.0,0.053231999999999946,0.677109
13,0.32386777814143214,0.1980857382731636,1.0,0.052333000000000074,0.729442
14,0.30896251327494967,0.189301941835508,1.0,0.05056599999999989,0.7800079999999999
15,0.29460699808400126,0.17856509696920356,1.0,0.051636000000000015,0.8316439999999999
16,0.28204347564836085,0.1711446174213165,1.0,0.049814000000000025,0.881458
17,0.26920184432711175,0.162225029933532,1.0,0.04999599999999993,0.9314539999999999
18,0.2581682687399008,0.15360275970368364,1.0,0.04886500000000016,0.980319
19,0.2470727972605115,0.1462162318234726,1.0,0.04958899999999988,1.0299079999999998
20,0.23538563974455917,0.14006661323122613,1.0,0.050270999999999955,1.0801789999999998
21,0.22442228416917168,0.133442302899136,1.0,0.05170000000000008,1.1318789999999999
22,0.21751112936631609,0.12827006702002594,1.0,0.06070400000000009,1.192583
23,0.2095903616156489,0.12442451882553147,1.0,0.05549399999999993,1.2480769999999999
24,0.20361177742848963,0.1195109001395471,1.0,0.05584499999999992,1.3039219999999998
25,0.19616859105375897,0.11403071296531034,1.0,0.05404600000000004,1.3579679999999998
26,0.18968094490088402,0.10996959625871704,1.0,0.05022900000000008,1.408197
27,0.18463556026229583,0.10598138032380497,1.0,0.05433099999999991,1.4625279999999998
28,0.1783615820998134,0.10095810000425384,1.0,0.05307499999999998,1.5156029999999998
29,0.1723125148013748,0.09768932247329196,1.0,0.05157500000000015,1.567178
30,0.1676870173976479,0.09396515217054424,1.0,0.05163899999999999,1.618817
31,0.1614923493656918,0.08881724062418359,1.0,0.05257299999999998,1.67139
32,0.15589849403010755,0.08458789089864747,1.0,0.05142699999999989,1.7228169999999998
33,0.1520916893390061,0.0811114385048279,1.0,0.05532899999999996,1.7781459999999998
34,0.1479136523387076,0.07882611490940204,1.0,0.058031000000000166,1.836177
35,0.14389522953473616,0.07605548693609417,1.0,0.056556999999999746,1.8927339999999997
36,0.14009124957833644,0.07331077272144548,1.0,0.049363000000000046,1.9420969999999997
37,0.13665879215590634,0.07121149394425998,1.0,0.049649000000000054,1.9917459999999998
38,0.1328795462212288,0.06821049314201387,1.0,0.051066000000000056,2.0428119999999996
39,0.12977811924442234,0.06550483994300463,1.0,0.049911999999999956,2.0927239999999996
40,0.1269136753468095,0.0643117288053328,1.0,0.05155699999999985,2.1442809999999994
41,0.12410224150984112,0.06256239078336541,1.0,0.04893500000000017,2.1932159999999996
42,0.12161493513892059,0.06177541908563184,1.0,0.04821900000000001,2.2414349999999996
43,0.11863429992746541,0.060627596069601594,1.0,0.04963000000000006,2.2910649999999997
44,0.11576103326709225,0.05828092920968224,1.0,0.0541100000000001,2.345175
45,0.11325227796827884,0.05632461315701406,1.0,0.05122999999999989,2.3964049999999997
46,0.11114895825639025,0.05459442682486363,1.0,0.048751999999999907,2.4451569999999996
47,0.10838305876875237,0.052611507852104944,1.0,0.04892699999999994,2.4940839999999995
48,0.10657500661732579,0.051249213038089304,1.0,0.049582000000000015,2.5436659999999995
49,0.10413978070420722,0.04952447299748966,1.0,0.05034000000000027,2.594006
50,0.10228152876014883,0.04839186283955632,1.0,0.04972399999999988,2.6437299999999997
51,0.10016891630589662,0.0478725550168568,1.0,0.04857200000000006,2.6923019999999998
52,0.09860658821429201,0.04633500655035909,1.0,0.049125000000000085,2.741427
53,0.09694418610109513,0.046113217817992685,1.0,0.04947699999999999,2.790904
54,0.09499183560371312,0.0450212331928266,1.0,0.04809299999999972,2.8389969999999995
55,0.0931163917802167,0.04346049526558197,1.0,0.050921000000000216,2.8899179999999998
56,0.09146307431679344,0.04255889551918482,1.0,0.04980999999999991,2.9397279999999997
57,0.0897299227056498,0.041307986460966034,1.0,0.047937999999999814,2.9876659999999995
58,0.08845470441926798,0.03987593554026139,1.0,0.04977300000000007,3.0374389999999996
59,0.0869076818044856,0.039255836963144365,1.0,0.049962000000000284,3.087401
60,0.08541002391654126,0.03815514801148664,1.0,0.0500149999999997,3.1374159999999995
61,0.08386344867107855,0.03713930999768717,1.0,0.04937499999999995,3.1867909999999995
62,0.08260351509408374,0.036531722569917345,1.0,0.048661000000000065,3.2354519999999996
63,0.08129122426776618,0.035508086581869464,1.0,0.049224000000000157,3.2846759999999997
64,0.08016546984179251,0.034809986021558395,1.0,0.047562000000000104,3.332238
65,0.07916613266085247,0.03434456823939535,1.0,0.04962299999999997,3.381861
66,0.07820495300252983,0.033811584425836864,1.0,0.05239799999999972,3.4342589999999995
67,0.07675014900298939,0.033282256532748564,1.0,0.05254100000000017,3.4867999999999997
68,0.07554856293071718,0.03234681959164746,1.0,0.050815000000000055,3.5376149999999997
69,0.07466085374248797,0.03215602147337683,1.0,0.05031399999999975,3.5879289999999995
70,0.07366760720963501,0.0314200733081754,1.0,0.051525000000000265,3.6394539999999997
71,0.07255985753151882,0.031180146852408868,1.0,0.05124800000000018,3.690702
72,0.07144924611590825,0.030210110313910014,1.0,0.05180199999999946,3.7425039999999994
73,0.07038551303204045,0.029964538780124037,1.0,0.05196100000000037,3.7944649999999998
74,0.06951157848809168,0.02968451902941445,1.0,0.05069699999999955,3.8451619999999993
75,0.06843489988609358,0.029257094682674917,1.0,0.05000699999999991,3.895168999999999
76,0.0675259289413197,0.028910186184587034,1.0,0.049444000000000266,3.9446129999999995
77,0.06675707752370078,0.028463581024424513,1.0,0.04953699999999994,3.9941499999999994
78,0.06556692051605234,0.027959714222800157,1.0,0.04891100000000037,4.043061
79,0.06478989242465379,0.027452791442585747,1.0,0.04934200000000022,4.092403
80,0.06394720996048582,0.027014453353006555,1.0,0.048633999999999844,4.141037
81,0.06292746116108303,0.026991562374266042,1.0,0.04934399999999961,4.1903809999999995
82,0.061992383873078635,0.02696733981198857,1.0,0.04859400000000047,4.238975
83,0.06104034144923571,0.026727703460560564,1.0,0.05044700000000013,4.289422
84,0.060063813366235105,0.026351093011254063,1.0,0.051096999999999504,4.340519
85,0.05929674786715741,0.025720811871879922,1.0,0.048191000000000095,4.38871
86,0.05863682506186803,0.025235845358887732,1.0,0.047585999999999906,4.436296
87,0.05794986341850123,0.024797117473108515,1.0,0.05031199999999991,4.4866079999999995
88,0.05721021923215534,0.02418521906020499,1.0,0.050047000000000175,4.536655
89,0.056324650490911635,0.02382263899229137,1.0,0.0481480000000003,4.584803
90,0.05560523153444822,0.023202924734372382,1.0,0.04829599999999967,4.633099
91,0.05488996232284792,0.022684251818611445,1.0,0.050044999999999895,4.6831439999999995
92,0.054043039679887946,0.02228732928763784,1.0,0.049731000000000414,4.732875
93,0.053542511147408635,0.022129325383503845,1.0,0.04824200000000012,4.781117
94,0.05287610726575203,0.021619467898806647,1.0,0.048010999999999804,4.829128
95,0.052162873862506745,0.02117246907575161,1.0,0.050982999999999556,4.880110999999999
96,0.051557324489447484,0.021110631085212266,1.0,0.050386000000000486,4.930497
97,0.05088182157536634,0.02121057344949571,1.0,0.04829300000000014,4.97879
98,0.05030899966778192,0.020595289212594996,1.0,0.04893299999999989,5.027723
99,0.04963326294677079,0.020288797256020525,1.0,0.051590999999999276,5.079313999999999
100,0.04905674173156167,0.020134962159841202,1.0,0.04857500000000048,5.127889
101,0.048595517334386086,0.01990494832480167,1.0,0.04854800000000026,5.176437
102,0.04808180921863348,0.0199456500404589,1.0,0.05059900000000006,5.227036
103,0.047491396928741485,0.019212740951136436,1.0,0.04886999999999997,5.275906
104,0.04705517240172601,0.019261465774026133,1.0,0.04870699999999939,5.324612999999999
105,0.04658855710428282,0.018894834772315083,1.0,0.047563000000000244,5.372176
106,0.04600548961883583,0.018697328266635237,1.0,0.0490510000000004,5.421227
107,0.04560054760932232,0.018918592717899852,1.0,0.050207999999999586,5.471435
108,0.045125913910398226,0.018350126512890502,1.0,0.0484650000000002,5.5199
109,0.0447188464542509,0.017860295962656595,1.0,0.049743999999999566,5.569643999999999
110,0.04423542469355963,0.01782290405521662,1.0,0.04952500000000004,5.619168999999999
111,0.043594999192282505,0.017527377376760106,1.0,0.049586999999999826,5.668755999999999
112,0.04301009969039239,0.016880561981456575,1.0,0.04977500000000035,5.718531
113,0.04249536122147109,0.01689494143907848,1.0,0.05168499999999998,5.770216
114,0.04200608171734141,0.01678992800625944,1.0,0.04806099999999969,5.818276999999999
115,0.04155873711356866,0.01676809020861107,1.0,0.04876500000000039,5.867042
116,0.04109614184665773,0.016950882225721404,1.0,0.04946800000000007,5.91651
117,0.040635531389507686,0.016499187076015786,1.0,0.048036999999999885,5.964547
118,0.04016743425207653,0.016177471317048275,1.0,0.05227499999999985,6.0168219999999994
119,0.039751392273245964,0.015923259351538082,1.0,0.05218100000000003,6.0690029999999995
120,0.039313174386300206,0.0157570376750098,1.0,0.04901400000000056,6.118017
121,0.03891012871680476,0.015936447725431725,1.0,0.04919399999999996,6.167211
122,0.038435174296715016,0.015371286864020584,1.0,0.05397499999999944,6.221185999999999
123,0.03795724171875324,0.015424196601864433,1.0,0.04945399999999989,6.270639999999999
124,0.037538430396397086,0.015113791722395232,1.0,0.04813899999999993,6.318778999999999
125,0.037058428768696645,0.014832644251088831,1.0,0.04832200000000064,6.367101
126,0.03664654147905248,0.014397669701456764,1.0,0.04860400000000009,6.415705
127,0.03620719455941402,0.01420515129800577,1.0,0.0494709999999996,6.465176
128,0.035870039508555863,0.013980322404477755,1.0,0.04981599999999986,6.5149919999999995
129,0.03548094785122774,0.013611492620639805,1.0,0.049873999999999974,6.564865999999999
130,0.0350944875316324,0.013537839118675146,1.0,0.05157400000000045,6.61644
131,0.03477786856573354,0.013410862653450326,1.0,0.050043999999999755,6.666484
132,0.034423756374055925,0.013340053620782827,1.0,0.047579999999999956,6.714064
133,0.03408909461819182,0.013134183997369833,1.0,0.04891100000000037,6.762975
134,0.03379080556667638,0.013100508145185657,1.0,0.04838599999999982,6.811361
135,0.03339489206454957,0.012857288507765068,1.0,0.04885200000000012,6.860213
136,0.03299354421804628,0.012814101495924993,1.0,0.04960399999999954,6.909816999999999
137,0.03264348201722349,0.012828869357181968,1.0,0.04923300000000008,6.9590499999999995
138,0.03220295776621012,0.0126231762504932,1.0,0.04858399999999996,7.0076339999999995
139,0.03178079842579237,0.012365265786312625,1.0,0.04902099999999976,7.056654999999999
140,0.03139743173780806,0.012304398831524968,1.0,0.04846900000000076,7.105124
141,0.031066618457987746,0.012248905942968256,1.0,0.05068599999999979,7.15581
142,0.030720459983440217,0.01225336861779093,1.0,0.05600800000000028,7.211818
143,0.03039970459114675,0.011874787981277838,1.0,0.04970199999999991,7.26152
144,0.0300471642397642,0.011932131280756564,1.0,0.04917399999999983,7.310694
145,0.02973004767056846,0.01160130347765786,1.0,0.04905000000000026,7.359744
146,0.02949603269863211,0.011447623780096923,1.0,0.04915499999999984,7.408899
147,0.02916229600774323,0.011320959152611223,1.0,0.047539999999999694,7.456439
148,0.02891964001431437,0.011180205791107959,1.0,0.05011800000000033,7.506557
149,0.02866952486206115,0.01090010046225363,1.0,0.05496400000000001,7.561521
150,0.028381601639359162,0.011012852313386293,1.0,0.05317699999999981,7.614698
151,0.028099458263040878,0.010798707279336808,1.0,0.054837000000000025,7.669535
152,0.027848036167893567,0.01069933288265026,1.0,0.055629999999999846,7.725165
153,0.027625554640789765,0.010789457736350764,1.0,0.05653000000000041,7.781695
154,0.027324504822407145,0.01062241341141708,1.0,0.05956600000000023,7.841261
155,0.02702435752571789,0.010566886874478775,1.0,0.05316099999999935,7.894422
156,0.026761843873138746,0.010354676780536644,1.0,0.04991399999999935,7.944335999999999
157,0.026475866463865752,0.010108072384601685,1.0,0.050062000000000495,7.9943979999999994
158,0.026201233916895852,0.01009451806755415,1.0,0.04944599999999966,8.043844
159,0.025946778928061683,0.01006179350494554,1.0,0.049293000000000475,8.093137
160,0.02573554892409775,0.009982402783276645,1.0,0.053433999999999315,8.146571
161,0.025527068947717967,0.009758985531873989,1.0,0.05133400000000066,8.197905
162,0.025301198578864096,0.00964197916531923,1.0,0.04887500000000067,8.246780000000001
163,0.02506858031773725,0.009420109872509354,1.0,0.05070499999999889,8.297485
164,0.024852745891442637,0.009456264382748063,1.0,0.05111700000000141,8.348602000000001
165,0.02463012073967882,0.009224918560123642,1.0,0.052364999999999995,8.400967000000001
166,0.024402790041810132,0.00910867529507475,1.0,0.05428199999999883,8.455249
167,0.02418755849569483,0.009032319736026601,1.0,0.05569000000000024,8.510939
168,0.023943063791829915,0.008960751494733134,1.0,0.04961899999999986,8.560558
169,0.02374126164575575,0.0090261857137611,1.0,0.05049600000000076,8.611054000000001
170,0.02352320822297213,0.00890413889148248,1.0,0.05318699999999943,8.664241
171,0.023311008838320765,0.008934271054038776,1.0,0.05517099999999964,8.719412
172,0.02314583384815981,0.008846235392386744,1.0,0.05488300000000024,8.774295
173,0.02293728479555145,0.008731722622838702,1.0,0.05538600000000038,8.829681
174,0.022757647196463254,0.00880352900761361,1.0,0.05612400000000051,8.885805000000001
175,0.02254050617428478,0.00885202438920947,1.0,0.05465999999999838,8.940465
176,0.022354585058756926,0.008718900236078353,1.0,0.05573900000000087,8.996204
177,0.0221708226680022,0.008781407976095057,1.0,0.06982600000000083,9.066030000000001
178,0.021830618931682033,0.008603860868525987,1.0,0.057627999999999346,9.123658
179,0.021591533693835062,0.008291386274810058,1.0,0.056385000000000574,9.180043000000001
180,0.02140659252033703,0.008104884763673782,1.0,0.05802599999999991,9.238069000000001
181,0.021196339838400507,0.008127041095290147,1.0,0.05289900000000003,9.290968000000001
182,0.021018591826738386,0.008041304628894309,1.0,0.049398999999999305,9.340367
183,0.020826417843807347,0.007984925135278131,1.0,0.05200100000000063,9.392368000000001
184,0.020619661931421313,0.0077212131700974485,1.0,0.052634999999998655,9.445003
185,0.020441919308239635,0.007751708668232329,1.0,0.04905700000000124,9.494060000000001
186,0.02027328280688691,0.00770819633889836,1.0,0.04981899999999939,9.543879
187,0.02010421426024641,0.007591488898879826,1.0,0.04900600000000033,9.592885
188,0.019927726020594106,0.007547869527823986,1.0,0.04919299999999893,9.642078
189,0.019766290805743904,0.007400960056412862,1.0,0.04854100000000017,9.690619
190,0.019585419694848682,0.0072915289201142645,1.0,0.049916000000001404,9.740535000000001
191,0.01943320277496184,0.007349229149928114,1.0,0.05145399999999967,9.791989000000001
192,0.019218733242576364,0.0072420512495596666,1.0,0.05005399999999938,9.842043
193,0.01905322949429541,0.007200142053012466,1.0,0.04954400000000092,9.891587000000001
194,0.01891588203032719,0.007107647367035592,1.0,0.05011899999999869,9.941706
195,0.018706491501774388,0.006979404913071611,1.0,0.050230000000000885,9.991936
196,0.01853042734296268,0.006981435614876661,1.0,0.04980899999999977,10.041745
197,0.018368523831755426,0.0070126275930030985,1.0,0.0488199999999992,10.090565
198,0.018215987762227753,0.006965059700047091,1.0,0.04923900000000003,10.139804
199,0.018028966574983738,0.0068319749995782685,1.0,0.051747999999999905,10.191552
200,0.017871655998278613,0.006741544775940944,1.0,0.05634700000000059,10.247899
201,0.017711497227528017,0.006586194881488553,1.0,0.04970800000000075,10.297607000000001
202,0.017548124458955407,0.00654660588510349,1.0,0.051296999999999926,10.348904000000001
203,0.017414476202074213,0.006492251740933959,1.0,0.0510900000000003,10.399994000000001
204,0.0172571154456948,0.0065897242984142125,1.0,0.05051499999999898,10.450509
205,0.01708820202939978,0.006490878760933735,1.0,0.0566980000000008,10.507207000000001
206,0.01695412310157159,0.006481593893189083,1.0,0.05459100000000028,10.561798000000001
207,0.016808560015791434,0.0064882441296867,1.0,0.05364199999999997,10.615440000000001
208,0.016682978656342197,0.006261826057254248,1.0,0.05077499999999979,10.666215000000001
209,0.016543791855216462,0.006295080970289121,1.0,0.0537719999999986,10.719987
210,0.01641861971813353,0.006192544870478293,1.0,0.052970000000000184,10.772957
211,0.01628765980570401,0.006005132377816112,1.0,0.05089700000000086,10.823854
212,0.016174502435331247,0.006047373467289438,1.0,0.050800999999999874,10.874655
213,0.016053279610998554,0.00601884790116419,1.0,0.04871400000000037,10.923369000000001
214,0.015907100750681268,0.005974390039507686,1.0,0.050656000000000034,10.974025000000001
215,0.01578889050603441,0.005971089434459304,1.0,0.052982000000000085,11.027007000000001
216,0.015646004342455385,0.005934815495803129,1.0,0.04998299999999922,11.07699
217,0.01551951705664905,0.00583208211688608,1.0,0.05043299999999995,11.127423
218,0.015384055347066692,0.005742403881653307,1.0,0.05165299999999995,11.179076
219,0.015262596438616874,0.0057518683409688845,1.0,0.05018800000000034,11.229264
220,0.01510825079120642,0.005538599747232997,1.0,0.050826999999999956,11.280091
221,0.014972003312597335,0.005409911231485678,1.0,0.050962000000000174,11.331053
222,0.01484561683761857,0.005393363315356864,1.0,0.050190999999999875,11.381244
223,0.014727737015690284,0.005514064897774324,1.0,0.05068499999999965,11.431929
224,0.014576065386084086,0.005507768045459918,1.0,0.05442000000000036,11.486349
225,0.014456383884380097,0.005449130137024622,1.0,0.049393999999999494,11.535743
226,0.014373871323051084,0.005420737173266929,1.0,0.05101900000000015,11.586762
227,0.014255207951762628,0.005336239488514035,1.0,0.05026200000000003,11.637024
228,0.014133640399690572,0.005304208937970433,1.0,0.048968999999999596,11.685993
229,0.013982425541501076,0.005373174418755779,1.0,0.049473000000000766,11.735466
230,0.013833859756380802,0.00533839822471117,1.0,0.05030000000000001,11.785766
231,0.013697623176900207,0.005190282799448086,1.0,0.04871099999999906,11.834477
232,0.013577905845415671,0.005104685717763982,1.0,0.04796900000000015,11.882446
233,0.013465980108173762,0.0050492353136611014,1.0,0.04816200000000137,11.930608000000001
234,0.013363229479985915,0.0049815198662948035,1.0,0.047842999999998526,11.978451
235,0.013269954876730841,0.004972351231135704,1.0,0.04956300000000091,12.028014
236,0.013136895699178945,0.004967110361126407,1.0,0.04918099999999903,12.077195
237,0.013048420063032152,0.004925218345682002,1.0,0.04907000000000039,12.126265
238,0.01294361139743147,0.004782453813772637,1.0,0.04932600000000065,12.175591
239,0.012829464181246633,0.004740073364397149,1.0,0.04932200000000009,12.224913
240,0.012709149773270602,0.004818966664154977,1.0,0.04891199999999962,12.273825
241,0.012581027672907474,0.004828272991611901,1.0,0.04875400000000063,12.322579000000001
242,0.012470535284679812,0.004738765016655381,1.0,0.048912999999998874,12.371492
243,0.01238071606868107,0.004655782461350413,1.0,0.04967400000000133,12.421166000000001
244,0.012295336671887085,0.004631760858378667,1.0,0.04904599999999881,12.470212
245,0.012194323109164263,0.004581524828215757,1.0,0.048713000000001117,12.518925000000001
246,0.01207774450139186,0.0045787357216943506,1.0,0.0496269999999992,12.568552
247,0.011960310555530242,0.00448731358207178,1.0,0.0486930000000001,12.617245
248,0.011874053860841045,0.00446548774024577,1.0,0.049730999999999526,12.666976
249,0.011763148354396534,0.004375262133005484,1.0,0.049122000000000554,12.716098
250,0.01166371368982004,0.004420318655964327,1.0,0.04822300000000013,12.764321
251,0.011566175282106848,0.0044185303256768045,1.0,0.04990699999999926,12.814228
252,0.011464763322452148,0.004270615814931981,1.0,0.04832100000000139,12.862549000000001
253,0.011354262169032394,0.004279590621816397,1.0,0.04952699999999943,12.912076
254,0.011242857177555405,0.00423611217825334,1.0,0.04971600000000009,12.961792
255,0.011144869874240054,0.004200397742227514,1.0,0.04856000000000016,13.010352000000001
256,0.0110515747769415,0.0041403650332262985,1.0,0.04884199999999872,13.059194
257,0.010948059337547562,0.004195628889710126,1.0,0.04850600000000149,13.107700000000001
258,0.01083783560812103,0.004157900388817716,1.0,0.04857499999999959,13.156275
259,0.01075558867022067,0.004158928714066933,1.0,0.04949700000000057,13.205772000000001
260,0.01067532861353681,0.004084875621762614,1.0,0.04873899999999942,13.254511
261,0.010594997905354234,0.003975701223607341,1.0,0.04873800000000017,13.303249000000001
262,0.010500519760921301,0.0038892781223049473,1.0,0.04902199999999901,13.352271
263,0.010412386073588563,0.003943279144797452,1.0,0.048763000000001,13.401034000000001
264,0.01032852422798779,0.003789958930590871,1.0,0.05255899999999869,13.453593
265,0.010236351786723207,0.0037014472616617787,1.0,0.051305000000001044,13.504898
266,0.010161800115477746,0.003696100845510429,1.0,0.049735999999999336,13.554634
267,0.010094029355256953,0.0036556496134762515,1.0,0.049139000000000266,13.603773
268,0.010017499938810409,0.0036867884957926373,1.0,0.04934899999999942,13.653122
269,0.00992947779992195,0.0036778346336220832,1.0,0.048204000000000136,13.701326
270,0.009860213890559095,0.003619591992824932,1.0,0.05073100000000075,13.752057
271,0.009804301132938679,0.0036475470109386633,1.0,0.050667999999999935,13.802725
272,0.00971185022891394,0.003664441400101735,1.0,0.05031100000000066,13.853036000000001
273,0.009620291983188225,0.0036133283458383656,1.0,0.049847999999999004,13.902884
274,0.009525963766387655,0.0035082545706502854,1.0,0.04903499999999994,13.951919
275,0.009454513127510089,0.0034602022463699803,1.0,0.04644099999999973,13.99836
276,0.00939522306706639,0.0035112973769381227,1.0,0.05077400000000054,14.049134
277,0.00932336234977841,0.0034754802657272544,1.0,0.04887700000000095,14.098011000000001
278,0.009235631530122426,0.0035556735663041135,1.0,0.04884500000000003,14.146856000000001
279,0.009146392177224124,0.003487394649141922,1.0,0.04907799999999973,14.195934000000001
280,0.009078362389769156,0.00344392270112623,1.0,0.05085799999999985,14.246792000000001
281,0.008998932776215534,0.0034205762000526115,1.0,0.04889299999999963,14.295685
282,0.00892565611820086,0.003361286740164533,1.0,0.0664820000000006,14.362167000000001
283,0.008835525914313866,0.0033126166410067308,1.0,0.07229699999999895,14.434464
284,0.008752228958360501,0.003327399793902937,1.0,0.06700900000000054,14.501473
285,0.008672340406569737,0.0033306817090675987,1.0,0.06232900000000008,14.563802
286,0.008592125874014247,0.003319033288515426,1.0,0.059125999999999124,14.622928
287,0.008513683666376292,0.0033120520146815357,1.0,0.052960999999999814,14.675889
288,0.008441494570841675,0.003190041705801455,1.0,0.05715300000000134,14.733042000000001
289,0.008371227488578544,0.0031579949871013485,1.0,0.05183099999999996,14.784873000000001
290,0.008303266885849056,0.0031112374525502154,1.0,0.05177199999999971,14.836645
291,0.008229981151338035,0.0031538923370292666,1.0,0.05055299999999896,14.887198
292,0.008155628497450553,0.003035821473717922,1.0,0.05107200000000134,14.938270000000001
293,0.008089549405610023,0.003025230144080552,1.0,0.049274999999999736,14.987545
294,0.008026612361591447,0.003000072264416508,1.0,0.05051699999999926,15.038062
295,0.007968424005535846,0.0030170577654598115,1.0,0.049592999999999776,15.087655
296,0.007909054547115607,0.0029004516207654304,1.0,0.050371000000000166,15.138026
297,0.007854350200899592,0.0028744330092664943,1.0,0.05028100000000002,15.188307
298,0.0078035431228074895,0.002861905922760575,1.0,0.048676000000000386,15.236983
299,0.007721995347882914,0.0028011990356363553,1.0,0.05103300000000033,15.288016
300,0.007670954283273263,0.0027675418002941327,1.0,0.049568999999999974,15.337585
301,0.007614598856312886,0.0028000780794679055,1.0,0.04902399999999929,15.386609
302,0.007543326565989705,0.002777641694525369,1.0,0.049602000000000146,15.436211
303,0.007467972469268053,0.0027743919329775283,1.0,0.04940200000000061,15.485613
304,0.007403345388690219,0.002721390562918049,1.0,0.04932400000000037,15.534937000000001
305,0.007350063726255782,0.002704746158746487,1.0,0.04897499999999866,15.583912
306,0.0072908620084126425,0.0026656790189987624,1.0,0.05031300000000094,15.634225
307,0.007212759291537886,0.002627838437719804,1.0,0.04943999999999882,15.683665
308,0.007167087107370619,0.0026074292085459905,1.0,0.049461000000000865,15.733126
309,0.00711500117701279,0.0026230964312602633,1.0,0.04989400000000188,15.783020000000002
310,0.007074487469591787,0.0025914181098917665,1.0,0.05101799999999912,15.834038000000001
311,0.007017042264719956,0.0025539920426667726,1.0,0.052606999999998294,15.886645
312,0.006971680518690338,0.002537771901447569,1.0,0.049765000000000725,15.93641
313,0.0069331555279205734,0.002569885874446693,1.0,0.049761000000000166,15.986171
314,0.006876006651681691,0.0026142881991166452,1.0,0.04907100000000142,16.035242000000004
315,0.006823393589325553,0.002554989660284547,1.0,0.05162099999999725,16.086863
316,0.006764648286308677,0.002482768701907957,1.0,0.05085300000000004,16.137716
317,0.006704673919238168,0.002473154381965975,1.0,0.05076000000000036,16.188476
318,0.006649997196251334,0.002419048407346014,1.0,0.04939099999999996,16.237867
319,0.006594480095759222,0.002425082253009907,1.0,0.0515250000000016,16.289392000000003
320,0.006535668446217067,0.0024330068521754176,1.0,0.049746999999999986,16.339139000000003
321,0.006477016561352604,0.0023778298579979385,1.0,0.04973199999999878,16.388871
322,0.006431224403656948,0.0023378301370674884,1.0,0.05120199999999997,16.440073
323,0.006380474465552025,0.002375061675475323,1.0,0.04953199999999924,16.489605
324,0.006320878136432551,0.0023104675028966393,1.0,0.04847400000000235,16.538079000000003
325,0.006273188825523906,0.0023224394651850068,1.0,0.04979200000000006,16.587871000000003
326,0.006222736673734256,0.002305841075360076,1.0,0.049951999999997554,16.637823
327,0.006174800283433889,0.0022994887549783543,1.0,0.04965500000000134,16.687478000000002
328,0.006130743199066568,0.0023466913202939204,1.0,0.05153699999999972,16.739015000000002
329,0.006082580362037662,0.0022627779612110384,1.0,0.04979600000000062,16.788811000000003
330,0.006024081481721533,0.0022204375288094476,1.0,0.05042100000000005,16.839232000000003
331,0.005983517027085347,0.0021830007241208146,1.0,0.048792999999999864,16.888025000000003
332,0.005939113616362813,0.002142171611650817,1.0,0.05113400000000112,16.939159000000004
333,0.0058937996897120756,0.0021349459913293386,1.0,0.050629999999998176,16.989789000000002
334,0.00584587539090052,0.0021251777802127276,1.0,0.049428999999999945,17.039218
335,0.005791901909850011,0.002141396913923491,1.0,0.04869599999999963,17.087914
336,0.005745429742373772,0.0021701622771152836,1.0,0.04898900000000239,17.136903000000004
337,0.0056908032588068435,0.0021397698199659065,1.0,0.05105700000000013,17.187960000000004
338,0.005642355756737549,0.0020959502469209594,1.0,0.04811099999999868,17.236071000000003
339,0.005590805414979764,0.0020846120716682404,1.0,0.048618999999998636,17.28469
340,0.005532238084890477,0.0020347180873583133,1.0,0.05045199999999994,17.335142
341,0.005475304511254487,0.002067376306763087,1.0,0.0501560000000012,17.385298000000002
342,0.005430957365424934,0.002029646688401556,1.0,0.0498100000000008,17.435108000000003
343,0.005382940255997,0.0020383662659045182,1.0,0.05008899999999983,17.485197000000003
344,0.005347158988556728,0.00200524112189385,1.0,0.04976199999999764,17.534959
345,0.005311072701959598,0.0020318452504474787,1.0,0.050723000000001406,17.585682000000002
346,0.005274092185743012,0.0019519365280412202,1.0,0.049479000000001605,17.635161000000004
347,0.005239450731198115,0.0019336901631781711,1.0,0.0519079999999974,17.687069
348,0.005186918059531935,0.0019120398225046865,1.0,0.049924000000000746,17.736993000000002
349,0.005139519112574888,0.001893625579072328,1.0,0.04964800000000125,17.786641000000003
350,0.005099986329773014,0.001852176402449335,1.0,0.049986999999998005,17.836628
351,0.005063329871141247,0.0018168443988317972,1.0,0.05217200000000233,17.888800000000003
352,0.00503024422243722,0.0018247140809413344,1.0,0.04991399999999757,17.938714
353,0.004978931580471549,0.0018344492606626479,1.0,0.049514000000002056,17.988228000000003
354,0.004947550807916078,0.0017951902223231175,1.0,0.048659000000000674,18.036887000000004
355,0.004910237987296961,0.0017712868832051069,1.0,0.050453999999998445,18.087341000000002
356,0.004865663834315921,0.0017589932845523285,1.0,0.05113199999999907,18.138473
357,0.004825424968702745,0.0017610570714228766,1.0,0.05148499999999956,18.189958
358,0.004792647421506544,0.001736136004082353,1.0,0.04939700000000258,18.239355000000003
359,0.004749946948941302,0.0017578742988798393,1.0,0.04900800000000061,18.288363000000004
360,0.004710141589322145,0.00176999037631817,1.0,0.049592999999998,18.337956000000002
361,0.004672918592063368,0.0017260239324624037,1.0,0.05098900000000128,18.388945000000003
362,0.004641409277918752,0.0016773905042513602,1.0,0.050810999999999495,18.439756000000003
363,0.004600654406393469,0.001710150942950572,1.0,0.049102999999998787,18.488859
364,0.004568794383881302,0.001716343594535131,1.0,0.049277000000000015,18.538136
365,0.004541468027140649,0.0017349051558243978,1.0,0.0485110000000013,18.586647000000003
366,0.00450192170132439,0.0017376902675433448,1.0,0.04892599999999803,18.635573
367,0.004465477323215625,0.001705147535870362,1.0,0.04937900000000184,18.684952000000003
368,0.004420333268116156,0.0016958042536888297,1.0,0.05136200000000102,18.736314000000004
369,0.004382578765790163,0.0016883746676823856,1.0,0.050838999999999857,18.787153000000004
370,0.004332356958382151,0.0016520522237377763,1.0,0.0503859999999996,18.837539000000003
371,0.004304037702327901,0.0016318764428523305,1.0,0.05009799999999842,18.887637
372,0.004271672987678513,0.0016052381061002843,1.0,0.05022299999999902,18.93786
373,0.004239138058838683,0.0015946396288332436,1.0,0.049609000000000236,18.987469
374,0.004200066300622945,0.0016030860846198121,1.0,0.053442000000000434,19.040911
375,0.004163776835307463,0.0015839741856374415,1.0,0.05085200000000256,19.091763000000004
376,0.00412830872951738,0.001513343169327995,1.0,0.05101099999999903,19.142774000000003
377,0.004096950527222585,0.0015122083687374279,1.0,0.05103899999999939,19.193813000000002
378,0.004057535793335731,0.0014958511705498452,1.0,0.04876000000000147,19.242573000000004
379,0.0040347541097962665,0.0014788753844090653,1.0,0.04981599999999986,19.292389000000004
380,0.00400349670040134,0.0014890344639685471,1.0,0.05093600000000009,19.343325000000004
381,0.0039760122962454155,0.0014559261365047808,1.0,0.05063200000000023,19.393957000000004
382,0.003943647143772377,0.001449031719914641,1.0,0.04943099999999845,19.443388000000002
383,0.003912393818821643,0.0014349449209704692,1.0,0.05187400000000153,19.495262000000004
384,0.003872570496382893,0.001411086126374932,1.0,0.049248999999999654,19.544511000000004
385,0.003847597911818238,0.0014103222546497526,1.0,0.048293999999998505,19.592805000000002
386,0.003820038569452506,0.0014253644308302622,1.0,0.04905700000000124,19.641862000000003
387,0.003787083364003748,0.0014137934621141811,1.0,0.05783500000000075,19.699697000000004
388,0.003757535816923993,0.001378731312753576,1.0,0.05710899999999697,19.756806
389,0.0037288634589494954,0.0013695470937670905,1.0,0.05332000000000292,19.810126000000004
390,0.003692365379560298,0.0013446380381539876,1.0,0.05170999999999992,19.861836000000004
391,0.003663210936870558,0.0013521606950616042,1.0,0.05217799999999784,19.914014
392,0.003638460135480023,0.001318933882263769,1.0,0.05308000000000135,19.967094000000003
393,0.003606304883542642,0.0013050499350287412,1.0,0.05074099999999859,20.017835
394,0.003574044166148324,0.0012934040655629517,1.0,0.049587999999999965,20.067423
395,0.0035448420260690188,0.0013037325534079474,1.0,0.05093400000000159,20.118357000000003
396,0.003520443032926462,0.001298585948079517,1.0,0.05070899999999767,20.169066
397,0.0034965265355964377,0.001295024900569102,1.0,0.05063600000000079,20.219702
398,0.0034675366653361905,0.0012826598186734027,1.0,0.04855500000000035,20.268257000000002
399,0.003443870906177088,0.0012648808908864242,1.0,0.050882000000001426,20.319139000000003
400,0.003419987518969468,0.0012716758017216835,1.0,0.05183099999999996,20.370970000000003
401,0.0033916947456490943,0.0012477931755216247,1.0,0.048930999999999614,20.419901000000003
402,0.0033643945466380948,0.001236717469424085,1.0,0.052146999999997945,20.472048
403,0.003339825504746635,0.0012045701924393805,1.0,0.05234500000000253,20.524393000000003
404,0.0033120541643242058,0.0012225559311188963,1.0,0.05228599999999872,20.576679000000002
405,0.003287597125107785,0.001211199593571914,1.0,0.050944999999998686,20.627624
406,0.00326352410889171,0.0012070529823870193,1.0,0.05102300000000071,20.678647
407,0.0032415292010188963,0.0012090438142527786,1.0,0.05062500000000014,20.729272
408,0.003221121767361099,0.0011995249245690452,1.0,0.05342600000000175,20.782698000000003
409,0.0031947744210922635,0.0011779595163495889,1.0,0.05223799999999912,20.834936000000003
410,0.003172517104257618,0.0011598875532182354,1.0,0.053405999999998954,20.888342
411,0.0031526491815404506,0.001145048269284831,1.0,0.05232300000000123,20.940665000000003
412,0.0031296513633294037,0.0011527975175659262,1.0,0.05138900000000035,20.992054000000003
413,0.0031072786111805257,0.0011703969953650304,1.0,0.050467999999998625,21.042522
414,0.0030819906768327254,0.0011448666705517517,1.0,0.052376999999999896,21.094899
415,0.0030558461356334117,0.0011116699346206107,1.0,0.0515509999999999,21.14645
416,0.0030358116281689264,0.0011186351133188324,1.0,0.05125500000000116,21.197705000000003
417,0.0030088546678451577,0.00111784689637705,1.0,0.0504080000000009,21.248113000000004
418,0.0029819757845105607,0.0011113744153098922,1.0,0.05177499999999924,21.299888000000003
419,0.0029552439384518364,0.00109343797357648,1.0,0.05151499999999842,21.351403
420,0.0029332955630455688,0.001095552855591287,1.0,0.051954000000002054,21.403357000000003
421,0.0029111171306332637,0.0010879923569596067,1.0,0.054779999999997386,21.458137
422,0.0028870207607097163,0.001042092399984003,1.0,0.05514600000000058,21.513283
423,0.0028667707662890134,0.0010683854730579832,1.0,0.05262300000000053,21.565906000000002
424,0.002849598277292504,0.0010708476890528985,1.0,0.05198100000000139,21.617887000000003
425,0.0028206964758779062,0.0010631180263426453,1.0,0.05060800000000043,21.668495000000004
426,0.0028077757637672758,0.0010474732538474161,1.0,0.05221599999999782,21.720711
427,0.0027866308649180304,0.001021296703965327,1.0,0.05124200000000201,21.771953000000003
428,0.0027632930569779835,0.0010065615821216857,1.0,0.049035999999997415,21.820989
429,0.002739073884931924,0.0010348421990566817,1.0,0.04925300000000021,21.870242
430,0.002712118599562771,0.0010149972218791994,1.0,0.05175700000000205,21.921999000000003
431,0.0026897294611362135,0.00101062403003855,1.0,0.05042999999999864,21.972429
432,0.002663341431666681,0.0009742288893387079,1.0,0.04899999999999949,22.021429
433,0.0026390424140307236,0.0009711187303123904,1.0,0.050565000000002414,22.071994000000004
434,0.0026171641008800655,0.0009536222158921565,1.0,0.04975299999999905,22.121747000000003
435,0.00260158761439685,0.0009538352321581845,1.0,0.04982899999999901,22.171576
436,0.002577079528969443,0.0009649967786131498,1.0,0.05262100000000203,22.224197000000004
437,0.0025558202993490814,0.000952332555728727,1.0,0.052613999999998384,22.276811000000002
438,0.002539082754438494,0.0009274692881596841,1.0,0.05138799999999932,22.328199
439,0.002518889583126759,0.0009038615524870153,1.0,0.050419000000001546,22.378618000000003
440,0.0025011725885124036,0.0008979726585195796,1.0,0.05162299999999931,22.430241000000002
441,0.002482886628363154,0.0009103066187056602,1.0,0.05197199999999924,22.482213
442,0.0024612246376740044,0.0009139787991655048,1.0,0.050457999999999004,22.532671
443,0.002436288291603856,0.0008846485433016194,1.0,0.051154000000000366,22.583825
444,0.0024195326057286745,0.0008922839822831317,1.0,0.05095200000000233,22.634777000000003
445,0.0024017862112447157,0.0008707047475392124,1.0,0.04883399999999938,22.683611000000003
446,0.002381024725360006,0.0008783988384373323,1.0,0.05019400000000118,22.733805000000004
447,0.002362301130522185,0.0008507339427643413,1.0,0.049346999999997365,22.783152
448,0.0023443255786893677,0.0008579652507578622,1.0,0.04917600000000277,22.832328000000004
449,0.0023250877329293873,0.0008490621276407968,1.0,0.04977599999999782,22.882104
450,0.0023097238898399826,0.0008674435948916031,1.0,0.050851000000001534,22.932955000000003
451,0.002288660207980109,0.000854839010582924,1.0,0.04983700000000013,22.982792000000003
452,0.0022690955735483256,0.0008419078458244929,1.0,0.049367999999997636,23.03216
453,0.0022517309752568284,0.0008231479983149808,1.0,0.04928600000000216,23.081446000000003
454,0.0022321779323543427,0.0008215998800362275,1.0,0.050785999999998666,23.132232000000002
455,0.0022127685329651303,0.0008060333428323579,1.0,0.054819999999999425,23.187052
456,0.0021958217341959303,0.0007979330660944591,1.0,0.04961899999999986,23.236671
457,0.00217558378240442,0.0008081968922174959,1.0,0.05047599999999974,23.287147
458,0.0021611377633538567,0.0007974257465010677,1.0,0.049501000000002904,23.336648000000004
459,0.002148205679793607,0.0007946197613279979,1.0,0.0519079999999974,23.388556
460,0.0021349785942471294,0.0007644445685939049,1.0,0.05077500000000157,23.439331000000003
461,0.0021182201490739616,0.0007744662285227324,1.0,0.04909500000000122,23.488426000000004
462,0.002105175237900633,0.0007665178127782715,1.0,0.04957499999999726,23.538001
463,0.0020852731637262148,0.0007574319825336816,1.0,0.05204100000000267,23.590042000000004
464,0.002065990110640866,0.0007670899888881598,1.0,0.05237499999999784,23.642417000000002
465,0.002049213349203021,0.0007489937848733063,1.0,0.04984200000000172,23.692259000000004
466,0.002034573935468969,0.0007468097841590505,1.0,0.0496389999999991,23.741898000000003
467,0.0020150057164270503,0.0007397385402527134,1.0,0.04981099999999827,23.791709
468,0.0020003349249492607,0.0007070801764638537,1.0,0.0502260000000021,23.841935000000003
469,0.001985514742471941,0.0007164045313327011,1.0,0.05185600000000079,23.893791000000004
470,0.0019733705589044695,0.0007050567827083285,1.0,0.05377099999999757,23.947562
471,0.001956937781624502,0.0007168252935075302,1.0,0.05137099999999961,23.998933
472,0.001941192812816024,0.0007130879018368622,1.0,0.05257000000000289,24.051503000000004
473,0.0019283775055632826,0.0007051215383095368,1.0,0.05229699999999937,24.103800000000003
474,0.001912959939096724,0.0006937360561705549,1.0,0.05022899999999808,24.154029
475,0.001900102050614002,0.0006946456336987464,1.0,0.051989000000002505,24.206018000000004
476,0.0018866641595334127,0.0006812474962930926,1.0,0.05153999999999925,24.257558000000003
477,0.0018739575892797523,0.0006640016391717466,1.0,0.05104899999999901,24.308607000000002
478,0.0018583772986530134,0.0006668128573184294,1.0,0.05121700000000118,24.359824000000003
479,0.001844957479510474,0.0006735456730243268,1.0,0.050057999999999936,24.409882000000003
480,0.0018305690909990605,0.0006673135741372652,1.0,0.05154399999999981,24.461426000000003
481,0.0018147715546976495,0.0006793111532084622,1.0,0.051303000000000765,24.512729000000004
482,0.0017993156975889227,0.0006711267284246474,1.0,0.049110999999999905,24.561840000000004
483,0.0017831905172692437,0.0006700255145622776,1.0,0.050186000000000064,24.612026000000004
484,0.0017686624626811786,0.0006697515890648027,1.0,0.05076000000000036,24.662786000000004
485,0.0017549956069608237,0.0006629358019702114,1.0,0.05005499999999685,24.712841
486,0.0017392860140428355,0.0006492363811263175,1.0,0.0493629999999996,24.762204
487,0.0017250654123047494,0.0006469247900618004,1.0,0.04963600000000312,24.811840000000004
488,0.00171186812814366,0.0006307053412906255,1.0,0.05069899999999805,24.862539
489,0.0017011684113949674,0.0006332729190470921,1.0,0.05015000000000214,24.912689000000004
490,0.0016874653620449064,0.000641665668446586,1.0,0.049700999999998885,24.962390000000003
491,0.0016751311611998643,0.0006362741411333765,1.0,0.0506050000000009,25.012995000000004
492,0.001661031728075728,0.0006257791383223201,1.0,0.04984699999999975,25.062842000000003
493,0.0016457572853566477,0.0006103332060273417,1.0,0.049792999999997534,25.112635
494,0.0016307773605296356,0.0006128199474675451,1.0,0.049995000000002676,25.162630000000004
495,0.0016136161754708837,0.0005989962848002619,1.0,0.05000300000000024,25.212633000000004
496,0.0015983579789041991,0.0006014074564293321,1.0,0.05078799999999717,25.263421
497,0.0015874167489216388,0.0005918513167599061,1.0,0.05056300000000036,25.313984
498,0.0015755445503068404,0.0005860483390899853,1.0,0.05026300000000106,25.364247000000002
499,0.0015657607803638855,0.0005823560686762571,1.0,0.051628000000000895,25.415875000000003
500,0.0015525701304136162,0.0005843051340195205,1.0,0.05037499999999895,25.466250000000002
501,0.0015390316580704412,0.0005867937942802242,1.0,0.04940200000000061,25.515652000000003
502,0.0015246265750388007,0.0005693674703818277,1.0,0.04869599999999963,25.564348000000003
503,0.0015118589815035527,0.000563229721761215,1.0,0.05160499999999857,25.615953
504,0.0014998507147767866,0.0005609361545860209,1.0,0.05388500000000107,25.669838000000002
505,0.0014905159974828747,0.0005475738686786993,1.0,0.05057700000000054,25.720415000000003
506,0.001476467435171394,0.0005486069585063987,1.0,0.052675000000000693,25.773090000000003
507,0.0014654245156764327,0.0005570964687123975,1.0,0.04888499999999851,25.821975000000002
508,0.0014554248981404907,0.0005480260271013231,1.0,0.050076000000000676,25.872051000000003
509,0.001444024425630526,0.0005474243379599026,1.0,0.05006999999999806,25.922121
510,0.0014331280052215598,0.0005292080612214852,1.0,0.05001600000000295,25.972137000000004
511,0.0014236186654127483,0.0005249060200129759,1.0,0.05132899999999907,26.023466000000003
512,0.0014099174146265131,0.0005211817131714818,1.0,0.05847100000000083,26.081937000000003
513,0.001398746113395449,0.0005171304576492724,1.0,0.050793999999999784,26.132731000000003
514,0.0013863639256306572,0.0005097600356679082,1.0,0.05027099999999862,26.183002000000002
515,0.0013789079538201379,0.0005027932096626168,1.0,0.04972400000000121,26.232726000000003
516,0.0013696785602313978,0.0005070066006526217,1.0,0.05022499999999752,26.282951
517,0.0013574540371805925,0.0004957076837742038,1.0,0.04931800000000308,26.332269000000004
518,0.0013487085110708203,0.0004905202189643437,1.0,0.05087699999999984,26.383146000000004
519,0.0013397077247027593,0.0004929706909509922,1.0,0.050870999999997224,26.434017
520,0.001326196016235894,0.0004890600487908484,1.0,0.050285000000002356,26.484302000000003
521,0.0013170037748874782,0.0004940364632750386,1.0,0.04999899999999968,26.534301000000003
522,0.0013053453936858297,0.0004818160516289161,1.0,0.04992599999999925,26.584227000000002
523,0.0012950415667001645,0.0004883621901070003,1.0,0.050575000000002035,26.634802000000004
524,0.0012815075749946323,0.00047356158830988497,1.0,0.05025799999999947,26.685060000000004
525,0.0012694587903426058,0.00046557813743976293,1.0,0.050648999999999944,26.735709000000003
526,0.0012607313618069973,0.00046645145800190354,1.0,0.050159999999998206,26.785869
527,0.0012488513425251541,0.00046751733481980266,1.0,0.04967300000000208,26.835542000000004
528,0.0012391992308364264,0.00045710509278523015,1.0,0.049859999999998905,26.885402000000003
529,0.0012297325631087446,0.0004565385270563967,1.0,0.04843999999999937,26.933842000000002
530,0.00122116799802867,0.000453442938465351,1.0,0.0498100000000008,26.983652000000003
531,0.0012114396468508183,0.00046006990189687995,1.0,0.05136900000000111,27.035021000000004
532,0.0012023636946569209,0.00045321962171336215,1.0,0.05042100000000005,27.085442000000004
533,0.0011942649274080002,0.00044539222373408326,1.0,0.0500179999999979,27.135460000000002
534,0.0011873067612024558,0.00042781965278512524,1.0,0.05004999999999882,27.18551
535,0.0011796637488924845,0.00042755053005909423,1.0,0.04959700000000211,27.235107000000003
536,0.0011692071079450388,0.0004276666881164567,1.0,0.05042299999999855,27.28553
537,0.001161716907414107,0.00042017263923466283,1.0,0.05126100000000022,27.336791
538,0.001155021824055185,0.00042398530218612973,1.0,0.049451000000001244,27.386242000000003
539,0.0011468242067747653,0.0004151168169904292,1.0,0.05149199999999965,27.437734000000003
540,0.001138993401644306,0.00042081521560970246,1.0,0.05068899999999843,27.488423
541,0.0011321068209773496,0.00042440816318544127,1.0,0.049132000000000176,27.537555
542,0.0011221864228192309,0.0004197756469081482,1.0,0.04984100000000069,27.587396000000002
543,0.0011139219823859366,0.0004081438416764091,1.0,0.050734000000002055,27.638130000000004
544,0.0011029637182316085,0.00041489895758166747,1.0,0.04933499999999924,27.687465000000003
545,0.0010941147205538564,0.00040448094608568124,1.0,0.050803999999999405,27.738269000000003
546,0.0010862830220879588,0.00040780169203090595,1.0,0.05180199999999857,27.790071
547,0.0010757195298696691,0.0004033907563473169,1.0,0.049316000000001026,27.839387000000002
548,0.0010681948615103019,0.00039909762917495433,1.0,0.04952700000000121,27.888914000000003
549,0.0010610377697046766,0.0003905772008419286,1.0,0.050375999999999976,27.939290000000003
550,0.0010547628076216405,0.0003987194592539617,1.0,0.04974799999999746,27.989038
551,0.0010479913662194492,0.000381511753800687,1.0,0.05247400000000013,28.041512
552,0.0010395135205656292,0.0003859317314294271,1.0,0.04831000000000074,28.089822
553,0.001030961948793165,0.00038666715588902943,1.0,0.050043999999999755,28.139866
554,0.001020897210701013,0.0003877983443923667,1.0,0.0492120000000007,28.189078000000002
555,0.0010107891666846704,0.00039440407798647573,1.0,0.050945999999999714,28.240024000000002
556,0.0010016548274084382,0.0003627053025155924,1.0,0.05203600000000108,28.292060000000003
557,0.0009948325926223587,0.0003570603005170088,1.0,0.05244599999999977,28.344506000000003
558,0.0009856498245498582,0.00035886085560061793,1.0,0.05101099999999903,28.395517
559,0.00097887313114051,0.00035935940074568735,1.0,0.050634999999999764,28.446152
560,0.0009723046339410597,0.00035566248617901905,1.0,0.04937900000000184,28.495531000000003
561,0.0009634568346464093,0.00035954011483429495,1.0,0.04895999999999745,28.544491
562,0.0009550770734704768,0.0003556290985926403,1.0,0.05178500000000241,28.596276000000003
563,0.0009482124211545762,0.0003468411676993655,1.0,0.0519299999999987,28.648206000000002
564,0.0009401529702029902,0.00034131640500638475,1.0,0.05243700000000118,28.700643000000003
565,0.0009318774730387244,0.00033940062769160394,1.0,0.050767999999997926,28.751411
566,0.0009244824931709898,0.0003354879416436908,1.0,0.049013000000002194,28.800424000000003
567,0.000917123831101112,0.0003402711954326387,1.0,0.051065999999998724,28.851490000000002
568,0.00091105939720629,0.0003302166585201728,1.0,0.050670000000000215,28.902160000000002
569,0.0009042357093433117,0.0003285648361419708,1.0,0.050810999999999495,28.952971
570,0.0008973874032429372,0.0003275776720660131,1.0,0.049704999999999444,29.002676
571,0.0008906790404898261,0.0003302888363002605,1.0,0.05010200000000253,29.052778000000004
572,0.0008854290235722672,0.00032324645208668337,1.0,0.04986800000000002,29.102646000000004
573,0.000877990355103855,0.00032253057974253026,1.0,0.049795999999997065,29.152442
574,0.0008698562526831808,0.00032056144228059455,1.0,0.04979600000000062,29.202238
575,0.0008623541884038658,0.0003191405016824813,1.0,0.051726999999999634,29.253965
576,0.0008550986272908226,0.0003212091379597343,1.0,0.049298000000000286,29.303263
577,0.0008492296087678843,0.00031339242609494417,1.0,0.049433000000000504,29.352696
578,0.0008424918957903973,0.00030625569408041154,1.0,0.05022200000000154,29.402918000000003
579,0.0008367781878735206,0.00029604851753952467,1.0,0.05039999999999978,29.453318000000003
580,0.0008302540507651962,0.0002967879733468651,1.0,0.0498100000000008,29.503128000000004
581,0.0008247197387786185,0.00029610559082744135,1.0,0.04957499999999726,29.552703
582,0.0008190134888103589,0.00029827028271858336,1.0,0.049465000000001424,29.602168000000002
583,0.0008125006489214983,0.0002907598832923235,1.0,0.05066899999999919,29.652837
584,0.0008072018025703744,0.00029006016015789104,1.0,0.050395000000001744,29.703232000000003
585,0.0008002256630769782,0.00029036727665645483,1.0,0.051658999999997235,29.754891
586,0.0007935133596405398,0.00028243179657630305,1.0,0.048821000000000225,29.803712
587,0.0007891852133454662,0.0002867414619287225,1.0,0.05143500000000145,29.855147000000002
588,0.0007829556923743444,0.00029350613868642906,1.0,0.05099399999999932,29.906141
589,0.0007777411785475514,0.0002863189354301835,1.0,0.04942300000000088,29.955564000000003
590,0.000772699895302416,0.0002826303245738255,1.0,0.04965599999999881,30.00522
591,0.0007665198601213752,0.0002785616443982824,1.0,0.04990100000000197,30.055121000000003
592,0.0007585686254838744,0.00028127165867412846,1.0,0.054437999999997544,30.109559
593,0.0007530029285051276,0.0002787599410531163,1.0,0.049645000000001716,30.159204000000003
594,0.0007468292985237514,0.00027874362306734937,1.0,0.049552999999999514,30.208757000000002
595,0.0007405262709040378,0.00027519905903669546,1.0,0.04954800000000148,30.258305000000004
596,0.0007339316469949792,0.0002660065049129733,1.0,0.04943899999999957,30.307744000000003
597,0.0007291088690621781,0.00026162570049707845,1.0,0.05412099999999853,30.361865
598,0.0007237399885805482,0.0002579678538420999,1.0,0.05095200000000233,30.412817000000004
599,0.0007185357544856202,0.0002585930461629479,1.0,0.04961799999999883,30.462435000000003
600,0.0007131673692533028,0.000262022477738483,1.0,0.05054099999999906,30.512976000000002
601,0.000707751824474824,0.00025878321343100644,1.0,0.053903999999999286,30.56688
602,0.0007031820005271403,0.0002603943799026925,1.0,0.05139499999999941,30.618275
603,0.0006991871345212637,0.00025296293410431605,1.0,0.04893900000000073,30.667214
604,0.000694898235462788,0.00025171189331543763,1.0,0.05043500000000023,30.717649
605,0.0006888386464750435,0.0002510055250749757,1.0,0.04879900000000248,30.766448000000004
606,0.0006838765487935186,0.0002534624587910581,1.0,0.050470999999998156,30.816919000000002
607,0.0006790603316096718,0.0002545028778096138,1.0,0.052395000000000636,30.869314000000003
608,0.0006744200347840368,0.0002582455754485288,1.0,0.05180599999999913,30.921120000000002
609,0.0006677112911338848,0.00025320693274034326,1.0,0.05087100000000078,30.971991000000003
610,0.0006620795010493344,0.00025099635403701733,1.0,0.05225099999999827,31.024242
611,0.0006560884726865123,0.0002500840081108506,1.0,0.05270200000000003,31.076944
612,0.0006504239256638002,0.00024221732890142284,1.0,0.05199900000000213,31.128943000000003
613,0.0006454205406377043,0.00023591399629877704,1.0,0.05135699999999943,31.180300000000003
614,0.0006398035345814168,0.0002367637361516293,1.0,0.04870299999999972,31.229003000000002
615,0.0006351854663235164,0.00023287274239873636,1.0,0.04922499999999985,31.278228000000002
616,0.0006292673425338799,0.00023462426190774165,1.0,0.04990099999999842,31.328129
617,0.0006234411547033723,0.00023527035035565043,1.0,0.04981400000000136,31.377943000000002
618,0.0006184040231289344,0.00023059107757769792,1.0,0.051624000000000336,31.429567000000002
619,0.0006136192009503557,0.00022916416013473025,1.0,0.05132199999999898,31.480889
620,0.0006086075551801813,0.00022877730205790492,1.0,0.04894700000000185,31.529836000000003
621,0.0006029527053044041,0.00022813319375187733,1.0,0.05049100000000095,31.580327000000004
622,0.0005972196051598964,0.00022583904953952708,1.0,0.054246999999996603,31.634574
623,0.0005912075443864629,0.00021389511481545797,1.0,0.05190999999999946,31.686484
624,0.0005857041408139882,0.0002174365748230684,1.0,0.05033000000000243,31.736814000000003
625,0.0005810153830427483,0.00021889759349645463,1.0,0.05157700000000176,31.788391000000004
626,0.0005766218035721138,0.00021858132665716977,1.0,0.05092599999999692,31.839317
627,0.0005717569556397606,0.00021479089355427028,1.0,0.052185999999998955,31.891503
628,0.0005675632007015228,0.00021219391233144846,1.0,0.05219200000000512,31.943695000000005
629,0.000562467298410799,0.0002062515848196045,1.0,0.04808199999999374,31.991777
630,0.0005566764756623046,0.00020473850497406627,1.0,0.05028599999999983,32.042063
631,0.0005533750924241633,0.00020584264053150465,1.0,0.052287000000006856,32.094350000000006
632,0.0005476387997834715,0.0001981533539899174,1.0,0.04796899999999482,32.142319
633,0.0005439518055663057,0.00020005438104349902,1.0,0.04835100000000381,32.190670000000004
634,0.0005391218620305039,0.0001971319174770164,1.0,0.050198999999999216,32.240869
635,0.0005345785565718562,0.00019119200712869832,1.0,0.05084399999999789,32.291713
636,0.0005303184752871679,0.00019005226697481304,1.0,0.04979800000000267,32.341511000000004
637,0.0005259844379484636,0.00019287342766710383,1.0,0.049647999999997694,32.391159
638,0.0005216000909365633,0.00019834313606973802,1.0,0.050904000000002725,32.442063000000005
639,0.0005178020203095952,0.00019212556113600606,1.0,0.04939099999999996,32.491454000000004
640,0.000512009285816018,0.00019123101857719288,1.0,0.04997300000000138,32.541427000000006
641,0.0005077276179155738,0.0001838573204444467,1.0,0.050844999999995366,32.592272
642,0.0005039953779860384,0.00018227789825761527,1.0,0.050345000000000084,32.642617
643,0.0005006646355583008,0.00018156481596740608,1.0,0.04976299999999867,32.69238
644,0.0004967344552454042,0.0001853667014957652,1.0,0.050045000000004336,32.742425000000004
645,0.0004929195099492331,0.00018329319804513623,1.0,0.04973400000000083,32.792159000000005
646,0.0004887151663644812,0.00018173967550534745,1.0,0.05262599999999651,32.844785
647,0.00048576027837703893,0.00017618541247357744,1.0,0.052793999999998675,32.897579
648,0.0004826182029401621,0.00017448592947792228,1.0,0.050063999999999,32.947643
649,0.0004794564515604248,0.00017396515748967095,1.0,0.050401000000000806,32.998044
650,0.00047595582923051544,0.00017124755884627093,1.0,0.050031000000004155,33.048075000000004
651,0.00047252538743102135,0.00016887663449913464,1.0,0.05001299999999986,33.098088000000004
652,0.00046896904933473765,0.00016970416728720236,1.0,0.05080199999999735,33.14889
653,0.0004662482289086076,0.000171898481881105,1.0,0.05028800000000189,33.199178
654,0.000463456050983802,0.00017221749166540463,1.0,0.050046999999999287,33.249225
655,0.000460179651257392,0.00017062072266318511,1.0,0.04943899999999957,33.298664
656,0.0004568662428052588,0.00016925686301453826,1.0,0.05065700000000106,33.349321
657,0.0004540652432647324,0.0001653165090343427,1.0,0.05199900000000213,33.401320000000005
658,0.0004500920795035371,0.0001641885071321089,1.0,0.04987599999999759,33.451196
659,0.0004469991141619858,0.00015839412068226248,1.0,0.049205999999998085,33.500402
660,0.0004438358261227482,0.00015949439524680625,1.0,0.0493850000000009,33.549787
661,0.0004401250587319195,0.0001556263733163331,1.0,0.05089900000000114,33.600686
662,0.00043720905160433586,0.00015748235849777928,1.0,0.051792999999996425,33.652479
663,0.0004340166180138546,0.00015848797997205564,1.0,0.048836000000001434,33.701315
664,0.00043086472722687517,0.00015612124792940585,1.0,0.05152400000000057,33.752839
665,0.00042763707919410464,0.00015672506782905309,1.0,0.050094000000001415,33.802933
666,0.00042392217686526546,0.00015244053408338052,1.0,0.05065899999999601,33.853592
667,0.00042074296331279183,0.0001504161034772791,1.0,0.050094000000001415,33.903686
668,0.00041833654860687347,0.00014988500437089762,1.0,0.05041599999999846,33.954102
669,0.00041485334203744857,0.0001477466881326984,1.0,0.05007500000000675,34.004177000000006
670,0.0004113782949772763,0.00014669452933732685,1.0,0.051093999999999085,34.055271000000005
671,0.00040823484871679736,0.00014646369168305078,1.0,0.051319999999996924,34.106591
672,0.0004050468395065824,0.00014368846248119592,1.0,0.04934899999999942,34.15594
673,0.000402295110142286,0.00014410561314693741,1.0,0.04965100000000433,34.205591000000005
674,0.0003995138958816542,0.00014651458921934588,1.0,0.0499279999999942,34.255519
675,0.0003959440809016432,0.0001441852782635637,1.0,0.04873800000000017,34.304257
676,0.00039239086898036743,0.00014537123524166693,1.0,0.049381000000003894,34.353638000000004
677,0.00038889542187386803,0.0001453838708376123,1.0,0.05030800000000113,34.403946000000005
678,0.0003849233898358414,0.00014401840714124052,1.0,0.051767999999995595,34.455714
679,0.000381636127585519,0.00014397278302221022,1.0,0.04967600000000516,34.505390000000006
680,0.00037933822903043286,0.0001462432269229105,1.0,0.05027099999999507,34.555661
681,0.0003765389946487876,0.00014110085221951107,1.0,0.050882000000001426,34.606543
682,0.0003738172543524669,0.00013842694943345466,1.0,0.04930300000000187,34.655846000000004
683,0.0003712030338483767,0.00013684637193272687,1.0,0.0496389999999991,34.705485
684,0.0003678141528717185,0.0001352579452846359,1.0,0.049410999999999206,34.754896
685,0.0003651230136231946,0.00013106764476428315,1.0,0.04958299999999838,34.804479
686,0.00036300050016436613,0.0001329097488475715,1.0,0.050692000000005066,34.855171000000006
687,0.00036037134262751524,0.00013149187174677984,1.0,0.0498359999999991,34.905007000000005
688,0.0003578777851728098,0.0001286677905931355,1.0,0.04939299999999491,34.9544
689,0.00035460751099453597,0.0001305793886970527,1.0,0.04843999999999937,35.00284
690,0.000351533879714108,0.00012906224770930065,1.0,0.05226600000000303,35.055106
691,0.0003481418486223965,0.00013150540109688465,1.0,0.04909800000000075,35.104204
692,0.0003456192442698636,0.00012737105743802987,1.0,0.04951899999999654,35.153723
693,0.0003432608426242074,0.0001265934089153729,1.0,0.04903400000000602,35.202757000000005
694,0.0003393979491350656,0.00012815111528525114,1.0,0.05383799999999894,35.256595000000004
695,0.00033643763972034314,0.00012569486824492773,1.0,0.048220000000000596,35.304815000000005
696,0.00033389590398825574,0.00012386850219812004,1.0,0.05077099999999746,35.355586
697,0.0003303746139717748,0.00012382796739467117,1.0,0.04963200000000256,35.405218000000005
698,0.00032755003484736633,0.00012330974282586592,1.0,0.049600999999995565,35.454819
699,0.0003255014783486393,0.00012066681402361483,1.0,0.05354600000000431,35.508365000000005
700,0.0003232332955275228,0.00011638401706574598,1.0,0.04987899999999712,35.558244
701,0.0003205210109977114,0.00011853880821367419,1.0,0.04946000000000339,35.607704000000005
702,0.0003182355255550523,0.00011830678255321727,1.0,0.049424999999999386,35.657129000000005
703,0.0003157726258264898,0.00011733588110340485,1.0,0.051071999999997786,35.708201
704,0.0003130757738872022,0.00011744420521090488,1.0,0.0589870000000019,35.767188000000004
705,0.00031007218635465783,0.0001176274533812958,1.0,0.048331999999994935,35.81552
706,0.0003075547345454021,0.00011765887225123457,1.0,0.04967500000000058,35.865195
707,0.00030480452457797404,0.00011324692157434289,1.0,0.051943000000001405,35.917138
708,0.0003019090290034587,0.00011642384429451895,1.0,0.052820000000004086,35.969958000000005
709,0.0002988274683451477,0.0001156142573771566,1.0,0.04959599999999398,36.019554
710,0.0002963676803713212,0.00011182813226294589,1.0,0.04993500000000495,36.069489000000004
711,0.00029331134637259606,0.00011175538940396201,1.0,0.05012299999999925,36.119612000000004
712,0.00029140861298399776,0.00011087203096460893,1.0,0.05055399999999821,36.170166
713,0.00028942685108919073,0.00010744689967029455,1.0,0.05229400000000339,36.222460000000005
714,0.00028734031517989,0.00010406986022110066,1.0,0.05094899999999569,36.273409
715,0.00028556563251803474,0.00010279789919897008,1.0,0.04930800000000346,36.322717000000004
716,0.0002835114499560415,0.0001014702376698657,1.0,0.05020499999999828,36.372922
717,0.0002808609536665507,0.00010375205583889863,1.0,0.050116000000002714,36.423038000000005
718,0.00027867159810968724,0.00010353537773323533,1.0,0.049855999999998346,36.472894000000004
719,0.00027674477977395086,0.0001012199775975512,1.0,0.05184699999999509,36.524741
720,0.00027417902122754223,0.00010122864445077328,1.0,0.049699000000003934,36.57444
721,0.0002717031779011213,0.00010068736174867197,1.0,0.04911899999999747,36.623559
722,0.00026978354335648714,9.953438885237352e-05,1.0,0.05110000000000525,36.674659000000005
723,0.00026787107412745345,9.764302576700226e-05,1.0,0.05044199999999677,36.725101
724,0.00026591409404683116,9.645131449038107e-05,1.0,0.05017600000000044,36.775277
725,0.00026411523234271314,9.5620879488288e-05,1.0,0.04969299999999777,36.82497
726,0.00026223255450931156,9.508376971390997e-05,1.0,0.05072000000000543,36.875690000000006
727,0.00026039423411981045,9.395908657598157e-05,1.0,0.049462999999995816,36.925153
728,0.00025892031608965813,9.226238970097884e-05,1.0,0.05042800000000369,36.975581000000005
729,0.00025710662508285955,9.353831205774428e-05,1.0,0.05026599999999348,37.025847
730,0.0002553330378711214,9.094753142812898e-05,1.0,0.05159500000000605,37.077442000000005
731,0.00025325036602481956,8.979004813974353e-05,1.0,0.051488999999996565,37.128931
732,0.0002514563609623368,9.04095256903268e-05,1.0,0.05074499999999915,37.179676
733,0.0002495571330621671,9.324353729836887e-05,1.0,0.05064500000000294,37.230321
734,0.0002471463670150746,9.131650279459569e-05,1.0,0.050979999999995584,37.281301
735,0.00024540814086083295,8.816124462570229e-05,1.0,0.051335000000001685,37.332636
736,0.0002427214759092387,8.834328296088987e-05,1.0,0.04993999999999943,37.382576
737,0.00024110920785970589,8.634339514164183e-05,1.0,0.051465000000000316,37.434041
738,0.00023936255376695264,8.595532147419408e-05,1.0,0.05087699999999984,37.484918
739,0.00023771834198333967,8.44073613616179e-05,1.0,0.05007600000000423,37.534994000000005
740,0.0002355368581867341,8.73286219172221e-05,1.0,0.05065899999999601,37.585653
741,0.00023361408990706388,8.740098112703294e-05,1.0,0.04950900000000047,37.635162
742,0.00023114712875606502,8.410501887421122e-05,1.0,0.05256299999999925,37.687725
743,0.00022938128219902277,8.359727480740217e-05,1.0,0.05121400000000165,37.738939
744,0.00022796776718083723,8.303733054792661e-05,1.0,0.050094000000001415,37.789033
745,0.00022598950425822928,8.376328269917546e-05,1.0,0.04974099999999737,37.838774
746,0.00022381985221270944,8.530097310339093e-05,1.0,0.051498000000002264,37.890272
747,0.00022213828067845192,8.293577806589741e-05,1.0,0.047800000000002285,37.938072000000005
748,0.00022028265761327287,8.319974468917544e-05,1.0,0.0497659999999982,37.987838
749,0.00021860841007890008,8.218327982517632e-05,1.0,0.04966699999999946,38.037505
750,0.00021701721187204797,8.034003440804924e-05,1.0,0.049928000000001305,38.087433000000004
751,0.0002155588408129052,7.908382080042459e-05,1.0,0.050333999999999435,38.137767000000004
752,0.0002144196243628906,7.993283226135389e-05,1.0,0.0497659999999982,38.187533
753,0.00021277799875804305,7.959449245061776e-05,1.0,0.05109099999999955,38.238624
754,0.00021092131794882136,7.66886702215117e-05,1.0,0.05162899999999837,38.290253
755,0.000209229381866944,7.616101734556375e-05,1.0,0.05606000000000222,38.346313
756,0.00020772388740948077,7.718519222201166e-05,1.0,0.05396600000000262,38.400279000000005
757,0.0002056021129236772,7.497482556158228e-05,1.0,0.0575149999999951,38.457794
758,0.00020432448164120465,7.413702362367417e-05,1.0,0.05679600000000562,38.514590000000005
759,0.00020283664367524493,7.46460714673616e-05,1.0,0.05453499999999423,38.569125
760,0.00020126713524639748,7.447100125486924e-05,1.0,0.050637999999999295,38.619763
761,0.00019918865782135443,7.185173642654373e-05,1.0,0.05300400000000138,38.672767
762,0.00019764929022368598,7.445665778802875e-05,1.0,0.05460000000000065,38.727367
763,0.00019594406991968623,7.379321210939021e-05,1.0,0.05316799999999944,38.780535
764,0.0001944178662211642,7.352662114040166e-05,1.0,0.05083600000000388,38.831371000000004
765,0.0001927825387632777,7.378749805751559e-05,1.0,0.051679999999997506,38.883051
766,0.00019139288139649,7.161384887331045e-05,1.0,0.051270999999999844,38.934322
767,0.00018973853403618052,7.172000138656545e-05,1.0,0.05015000000000214,38.984472000000004
768,0.0001883263329695096,7.118705735328812e-05,1.0,0.049481999999997583,39.033954
769,0.00018694133923415827,6.948966106932536e-05,1.0,0.05224600000000379,39.086200000000005
770,0.00018563032543512353,6.89933650449941e-05,1.0,0.05025699999999489,39.136457
771,0.00018405383793482094,6.751863031690699e-05,1.0,0.050268000000002644,39.186725
772,0.00018302746578669407,6.684845690889407e-05,1.0,0.049990999999998564,39.236716
773,0.000181619364508128,6.715536622924214e-05,1.0,0.052500999999999465,39.289217
774,0.00018018277619309887,6.661282140864961e-05,1.0,0.052643000000003326,39.341860000000004
775,0.0001788652472379084,6.781369026856921e-05,1.0,0.05214300000000094,39.394003000000005
776,0.00017746101676433925,6.748622586455216e-05,1.0,0.05111300000000085,39.445116000000006
777,0.0001759615364911483,6.895548603463972e-05,1.0,0.05125399999999303,39.49637
778,0.00017466065006851403,6.5388405200518e-05,1.0,0.05215000000000458,39.54852
779,0.0001727836126401287,6.375296577285479e-05,1.0,0.05280400000000185,39.601324000000005
780,0.0001713679354794405,6.500484899249472e-05,1.0,0.05220899999999773,39.653533
781,0.00016957843162665546,6.199054151062706e-05,1.0,0.05286699999999911,39.7064
782,0.00016824829714154717,6.188438127542541e-05,1.0,0.05232600000000076,39.758726
783,0.00016682831250935392,5.9970806375301144e-05,1.0,0.05305099999999641,39.811777
784,0.00016532428882497086,5.983674881324212e-05,1.0,0.05169599999999974,39.863473
785,0.0001638201251078972,5.968994639605413e-05,1.0,0.051225000000002296,39.914698
786,0.0001626561542889608,6.0364858940550725e-05,1.0,0.05126400000000331,39.965962000000005
787,0.0001616671594051263,5.9229232759754665e-05,1.0,0.05101699999999454,40.016979
788,0.0001605131081900652,5.9435443583796135e-05,1.0,0.05269400000000246,40.069673
789,0.00015928263136813506,5.944430832290549e-05,1.0,0.050944999999998686,40.120618
790,0.00015810815068216598,5.908805778094675e-05,1.0,0.05097400000000363,40.171592000000004
791,0.0001568878581206617,5.73064971339552e-05,1.0,0.05008099999999871,40.221673
792,0.00015537063129558753,5.772376374344142e-05,1.0,0.049866999999998995,40.27154
793,0.00015422739069080677,5.642802476666655e-05,1.0,0.0500510000000034,40.321591000000005
794,0.00015307192003788245,5.539436053890947e-05,1.0,0.05025200000000041,40.371843000000005
795,0.00015210344113171907,5.5728412885731056e-05,1.0,0.05093899999999962,40.422782000000005
796,0.00015097004764553959,5.472813362906492e-05,1.0,0.04959399999999903,40.472376000000004
797,0.00014989307890174032,5.5409923825452685e-05,1.0,0.05040299999999576,40.522779
798,0.00014835848880915121,5.4218082283469455e-05,1.0,0.04903600000000097,40.571815
799,0.00014673131295804903,5.567212229232594e-05,1.0,0.050015999999999394,40.621831
800,0.00014545790568955115,5.5360271298521475e-05,1.0,0.05220200000000119,40.674033
801,0.00014448795783444327,5.419830484194424e-05,1.0,0.05345600000000417,40.727489000000006
802,0.00014331215927836644,5.368340349653526e-05,1.0,0.050537999999995975,40.778027
803,0.00014233109644564345,5.2723433764758415e-05,1.0,0.05093500000000262,40.828962000000004
804,0.00014131322255818136,5.279135287542501e-05,1.0,0.050551999999996156,40.879514
805,0.00013993499352688766,5.140448258405545e-05,1.0,0.05215000000000458,40.931664000000005
806,0.00013898022386246259,5.1107440976810356e-05,1.0,0.05275299999999561,40.984417
807,0.00013767616400885913,5.067416365799748e-05,1.0,0.050969999999999516,41.035387
808,0.00013664197319927346,5.066905935205205e-05,1.0,0.052615000000002965,41.088002
809,0.000135587988430462,5.066746787863889e-05,1.0,0.05103899999999584,41.139041
810,0.000134524128432022,4.9645198942682406e-05,1.0,0.05085000000000406,41.189891
811,0.0001334627809998415,4.9070434793824326e-05,1.0,0.0523200000000017,41.242211000000005
812,0.00013216183224950645,4.818025054809323e-05,1.0,0.0490739999999974,41.291285
813,0.0001309006747258661,4.72787970467176e-05,1.0,0.049990999999998564,41.341276
814,0.00013010136231853027,4.722878000239733e-05,1.0,0.05062000000000211,41.391896
815,0.00012910508348248516,4.7446673354176676e-05,1.0,0.0498580000000004,41.441754
816,0.00012808578225991624,4.740387394743598e-05,1.0,0.05004300000000228,41.491797000000005
817,0.0001273191260869893,4.75517639601607e-05,1.0,0.052046999999994625,41.543844
818,0.00012634025328385273,4.61304139228282e-05,1.0,0.051725000000004684,41.595569000000005
819,0.0001251304786544915,4.6063533364176646e-05,1.0,0.05206599999999639,41.647635
820,0.0001242681121639843,4.58915581474328e-05,1.0,0.05143600000000248,41.699071
821,0.0001233111374950049,4.383447204916637e-05,1.0,0.05202899999999744,41.7511
822,0.00012249194907468992,4.4711609804401025e-05,1.0,0.05589300000000463,41.806993000000006
823,0.00012123536227071473,4.413091372675008e-05,1.0,0.05341399999999652,41.860407
824,0.00012048415486536949,4.3640612982282204e-05,1.0,0.05325700000000211,41.913664000000004
825,0.0001195907677377605,4.277421113758258e-05,1.0,0.04987200000000058,41.963536000000005
826,0.00011884204191910095,4.296701223514603e-05,1.0,0.05248100000000022,42.016017000000005
827,0.00011792496354617231,4.245371529432787e-05,1.0,0.05113799999999458,42.067155
828,0.00011711077963217743,4.140227038642631e-05,1.0,0.052056000000000324,42.119211
829,0.00011604442526396046,4.21744798126986e-05,1.0,0.05068200000000189,42.169893
830,0.00011515726146601276,4.226508756305791e-05,1.0,0.05278500000000008,42.222678
831,0.00011424387012937981,4.094758762809907e-05,1.0,0.05122699999999725,42.273905
832,0.00011344360005609233,4.047166183422755e-05,1.0,0.050647000000004994,42.324552000000004
833,0.00011275149818787758,4.057327116926856e-05,1.0,0.05003599999999864,42.374588
834,0.0001120023571423242,4.0624266186924366e-05,1.0,0.05223999999999762,42.426828
835,0.00011111198375009559,4.017952318054032e-05,1.0,0.0514440000000036,42.478272000000004
836,0.00011027412421805516,3.92712192045663e-05,1.0,0.052056000000000324,42.530328000000004
837,0.0001093191403521929,3.948067598093221e-05,1.0,0.05191200000000151,42.582240000000006
838,0.00010854202746061159,4.016926255920863e-05,1.0,0.04972299999999308,42.631963
839,0.000107550440752396,3.854908662786384e-05,1.0,0.04982100000000145,42.681784
840,0.0001068653064136127,3.848941748306355e-05,1.0,0.049269999999999925,42.731054
841,0.00010625672764147795,3.7447974094872054e-05,1.0,0.048455000000004134,42.779509000000004
842,0.00010550652002479296,3.7590618084345496e-05,1.0,0.050653999999994426,42.830163
843,0.00010470124976246878,3.729902070637026e-05,1.0,0.05093600000000009,42.881099
844,0.00010365364954257003,3.881174721401565e-05,1.0,0.049699000000003934,42.930798
845,0.000102823766405087,3.7671274529574453e-05,1.0,0.05026900000000012,42.981067
846,0.00010200078633483977,3.767220821287401e-05,1.0,0.04909699999999617,43.030164
847,0.00010113925678820379,3.664373786791052e-05,1.0,0.0498320000000021,43.079996
848,0.00010045856007820812,3.6574388115517913e-05,1.0,0.05114900000000233,43.131145000000004
849,9.980812794708517e-05,3.632240213745222e-05,1.0,0.051217999999998653,43.182363
850,9.902689561810721e-05,3.5891442677364125e-05,1.0,0.05083799999999883,43.233201
851,9.826535299016976e-05,3.534591265978688e-05,1.0,0.05179799999999801,43.284999
852,9.777289926914815e-05,3.576837888758497e-05,1.0,0.050929000000003555,43.335928
853,9.706436485004093e-05,3.5485544932836116e-05,1.0,0.05097700000000316,43.386905000000006
854,9.622801194830785e-05,3.515487498591698e-05,1.0,0.05053199999999691,43.437437
855,9.51791520842065e-05,3.438128016224661e-05,1.0,0.050831999999999766,43.488269
856,9.443119066326666e-05,3.4791799038410225e-05,1.0,0.05050399999999655,43.538773
857,9.384541655643608e-05,3.397366909734105e-05,1.0,0.05275000000000318,43.591523
858,9.305249309253927e-05,3.4081182029407546e-05,1.0,0.05630899999999883,43.647832
859,9.22799526479382e-05,3.36111198359071e-05,1.0,0.05381400000000269,43.701646000000004
860,9.163657397469807e-05,3.3502129439262875e-05,1.0,0.05386699999999678,43.755513
861,9.096704702872182e-05,3.3255129954470964e-05,1.0,0.05132300000000356,43.806836000000004
862,9.028840961794563e-05,3.2841882729874175e-05,1.0,0.05063599999999724,43.857472
863,8.95808790619333e-05,3.323132061197178e-05,1.0,0.05148499999999956,43.908957
864,8.896507853484498e-05,3.347023352239115e-05,1.0,0.05024399999999929,43.959201
865,8.831775870539784e-05,3.258379962217242e-05,1.0,0.051675000000003024,44.010876
866,8.767483693450521e-05,3.347776778456753e-05,1.0,0.050908999999997206,44.061785
867,8.712970091762946e-05,3.2674859695489675e-05,1.0,0.05090900000000431,44.112694000000005
868,8.629790656411129e-05,3.242149364503062e-05,1.0,0.049990999999998564,44.162685
869,8.563689647917214e-05,3.158858864462462e-05,1.0,0.05008099999999871,44.212766
870,8.502638778594685e-05,3.0698978042253925e-05,1.0,0.05021899999999846,44.262985
871,8.43418450921583e-05,3.0676955395990927e-05,1.0,0.05295100000000019,44.315936
872,8.364725068980548e-05,3.056708048489045e-05,1.0,0.049406000000004724,44.365342000000005
873,8.309440515969342e-05,2.9935161907558616e-05,1.0,0.050902999999998144,44.416245
874,8.243867290137257e-05,2.9617360179454754e-05,1.0,0.04888100000000151,44.465126000000005
875,8.187674506592402e-05,2.9821304661979714e-05,1.0,0.0508959999999945,44.516022
876,8.14301051104285e-05,2.9547892295559245e-05,1.0,0.05040500000000492,44.566427000000004
877,8.088864222588891e-05,2.9712469385475854e-05,1.0,0.04926400000000086,44.615691000000005
878,8.032636739693695e-05,2.988433225801851e-05,1.0,0.04974299999999943,44.665434000000005
879,7.976740699124172e-05,2.9387854361338852e-05,1.0,0.0488199999999992,44.714254000000004
880,7.921025093996775e-05,2.939614538986078e-05,1.0,0.04948699999999917,44.763741
881,7.850625871390804e-05,2.903640927396446e-05,1.0,0.049841999999998166,44.813583
882,7.798629210509019e-05,2.86613472070205e-05,1.0,0.04979699999999809,44.86338
883,7.744829408009629e-05,2.9425272580404388e-05,1.0,0.051256999999999664,44.914637
884,7.688675444250827e-05,2.8375168302634933e-05,1.0,0.05123400000000089,44.965871
885,7.623063653254024e-05,2.863974796765918e-05,1.0,0.04998000000000502,45.015851000000005
886,7.554508749083123e-05,2.8780953300682804e-05,1.0,0.049564999999994086,45.065416
887,7.500727570156598e-05,2.815212285691318e-05,1.0,0.050078000000006284,45.115494000000005
888,7.429690761444718e-05,2.7345898969700133e-05,1.0,0.04955599999999549,45.16505
889,7.374225815216199e-05,2.7670456597665673e-05,1.0,0.049105000000004395,45.214155000000005
890,7.300256101720768e-05,2.724634019097883e-05,1.0,0.05029299999999637,45.264448
891,7.241200616212579e-05,2.7238632989882107e-05,1.0,0.04996100000000325,45.314409000000005
892,7.178030187926904e-05,2.6334383242692053e-05,1.0,0.05023299999999864,45.364642
893,7.122414176172998e-05,2.5482136882341773e-05,1.0,0.050508000000000663,45.415150000000004
894,7.068372709725365e-05,2.4912826561044406e-05,1.0,0.050792999999998756,45.465943
895,7.028953862079043e-05,2.5160989869620895e-05,1.0,0.0492139999999992,45.515157
896,6.980238823082637e-05,2.5147586408402104e-05,1.0,0.05363599999999735,45.568793
897,6.927973852380087e-05,2.4375485405435176e-05,1.0,0.05226900000000256,45.621062
898,6.882472241592948e-05,2.429419657417827e-05,1.0,0.05042699999999911,45.671489
899,6.849568966471508e-05,2.3913791620865853e-05,1.0,0.050055000000000405,45.721544
900,6.79891206400908e-05,2.444049825175996e-05,1.0,0.05228800000000433,45.773832000000006
901,6.742133853858099e-05,2.473661176188715e-05,1.0,0.050946999999993636,45.824779
902,6.69759170377687e-05,2.414282144462552e-05,1.0,0.0505589999999998,45.875338
903,6.65471334143973e-05,2.4516708595458745e-05,1.0,0.04906400000000133,45.924402
904,6.599370593174525e-05,2.4115867625432527e-05,1.0,0.0504670000000047,45.974869000000005
905,6.552560965019478e-05,2.3700849205096573e-05,1.0,0.04743899999999712,46.022308
906,6.519980460819712e-05,2.3602561104446115e-05,1.0,0.0500860000000003,46.072394
907,6.485006399272613e-05,2.3045497342203672e-05,1.0,0.0514129999999966,46.123807
908,6.435292331117662e-05,2.2933775780921997e-05,1.0,0.05050700000000319,46.174314
909,6.383134061688675e-05,2.2735008889896853e-05,1.0,0.05024699999999882,46.224561
910,6.334116299216243e-05,2.261446367239405e-05,1.0,0.04936599999999913,46.273927
911,6.284063568732492e-05,2.319841897052324e-05,1.0,0.049741000000004476,46.323668000000005
912,6.236495181602663e-05,2.2943949831997723e-05,1.0,0.04985399999999629,46.373522
913,6.189500749164832e-05,2.3156778852967732e-05,1.0,0.05104599999999948,46.424568
914,6.12970961161071e-05,2.3079670456515668e-05,1.0,0.050211000000004447,46.474779000000005
915,6.077369331871241e-05,2.3003875620180167e-05,1.0,0.05030199999999496,46.525081
916,6.026787782205012e-05,2.200610864643249e-05,1.0,0.05140400000000511,46.576485000000005
917,5.985009951115762e-05,2.120625521263836e-05,1.0,0.04980999999999369,46.626295
918,5.9496895986873136e-05,2.113049040513438e-05,1.0,0.05081400000000258,46.677109
919,5.916762636880874e-05,2.1539004094795437e-05,1.0,0.051915000000001044,46.729024
920,5.8673886854473e-05,2.0853975753191257e-05,1.0,0.05025799999999947,46.779282
921,5.8262979793800115e-05,2.097747526926267e-05,1.0,0.04931100000000299,46.828593000000005
922,5.7891148185790175e-05,2.0792394384246757e-05,1.0,0.050359000000000265,46.878952000000005
923,5.743574169838556e-05,2.0422007589944256e-05,1.0,0.05129399999999862,46.930246000000004
924,5.710689659973264e-05,2.027428793000706e-05,1.0,0.04908499999999805,46.979331
925,5.673657590049659e-05,2.0223990779061797e-05,1.0,0.05228699999999975,47.031618
926,5.6290521511616774e-05,2.0284608262663383e-05,1.0,0.05033000000000243,47.081948000000004
927,5.58738844193151e-05,2.026719295575137e-05,1.0,0.04947599999999852,47.131424
928,5.550874186393209e-05,2.0053389873499725e-05,1.0,0.05021899999999846,47.181643
929,5.51535278352097e-05,1.9867694608167318e-05,1.0,0.05058400000000063,47.232227
930,5.479868526981188e-05,1.933282359894584e-05,1.0,0.0503179999999972,47.282545
931,5.436011448217551e-05,1.9293622550185804e-05,1.0,0.05025400000000246,47.332799
932,5.3986897022467794e-05,1.876725849314603e-05,1.0,0.05611700000000042,47.388916
933,5.3609491185879935e-05,1.857718251038138e-05,1.0,0.05073099999999897,47.439647
934,5.328229012154198e-05,1.897158225938012e-05,1.0,0.049613000000000795,47.48926
935,5.282558460923844e-05,1.953145789197513e-05,1.0,0.04984699999999975,47.539107
936,5.2467543124516957e-05,1.892218860164193e-05,1.0,0.04964000000000368,47.588747000000005
937,5.202000189015716e-05,1.8611163751417985e-05,1.0,0.050020999999993876,47.638768
938,5.1674351377784305e-05,1.839219779527032e-05,1.0,0.049462000000005446,47.688230000000004
939,5.123209079291373e-05,1.8119423048130653e-05,1.0,0.05071900000000085,47.738949000000005
940,5.0862791769265056e-05,1.8197956255187077e-05,1.0,0.04975999999999914,47.788709000000004
941,5.0449788757443106e-05,1.7646170040310124e-05,1.0,0.04973799999999784,47.838447
942,5.016824963253114e-05,1.779387343458292e-05,1.0,0.05172900000000169,47.890176000000004
943,4.9824242811875406e-05,1.7632793631267376e-05,1.0,0.05092099999999533,47.941097
944,4.94647037758215e-05,1.7908597718067927e-05,1.0,0.050042000000004805,47.991139000000004
945,4.9044172207887016e-05,1.7862335206324872e-05,1.0,0.049484999999997115,48.040624
946,4.861413532904632e-05,1.809394873765947e-05,1.0,0.04964999999999975,48.090274
947,4.822238458822328e-05,1.7435225131211906e-05,1.0,0.05080999999999847,48.141084
948,4.7821486323223386e-05,1.7105831186941292e-05,1.0,0.05163100000000043,48.192715
949,4.7444540294837524e-05,1.730081056915191e-05,1.0,0.049282000000005155,48.241997000000005
950,4.712583626603132e-05,1.7633097788280974e-05,1.0,0.04987200000000058,48.291869000000005
951,4.67405029845705e-05,1.6894105586785278e-05,1.0,0.04929099999999664,48.34116
952,4.647976222248558e-05,1.7229694020549154e-05,1.0,0.04913299999999765,48.390293
953,4.6114816974405335e-05,1.7655606858626467e-05,1.0,0.051006000000000995,48.441299
954,4.566832040566175e-05,1.734945574809228e-05,1.0,0.05143300000000295,48.492732000000004
955,4.529144227089513e-05,1.6809856875346395e-05,1.0,0.049748000000001014,48.542480000000005
956,4.49467339296266e-05,1.678875755574325e-05,1.0,0.049703999999998416,48.592184
957,4.4589184023085096e-05,1.658053504782241e-05,1.0,0.04918899999999837,48.641373
958,4.4260620738165025e-05,1.631607265091409e-05,1.0,0.049320000000001585,48.690693
959,4.387096139026688e-05,1.6184183277337442e-05,1.0,0.05077999999999605,48.741473
960,4.361950677845704e-05,1.5906118709820768e-05,1.0,0.05035400000000578,48.791827000000005
961,4.327456247033315e-05,1.6080310312862908e-05,1.0,0.04947999999999553,48.841307
962,4.303137024967296e-05,1.622462589137581e-05,1.0,0.05072300000000496,48.892030000000005
963,4.264835636245529e-05,1.615086945472533e-05,1.0,0.0508479999999949,48.942878
964,4.22924868259018e-05,1.596219810099632e-05,1.0,0.04999800000000221,48.992876
965,4.206790420021704e-05,1.5910531395377017e-05,1.0,0.05050500000000113,49.043381000000004
966,4.178950453633779e-05,1.5697417981019583e-05,1.0,0.05092899999999645,49.09431
967,4.14937890802131e-05,1.557555251760852e-05,1.0,0.050634999999999764,49.144945
968,4.118752393680138e-05,1.576906564605154e-05,1.0,0.05056300000000391,49.195508000000004
969,4.088672452574125e-05,1.516058496833236e-05,1.0,0.04920800000000014,49.244716000000004
970,4.0636498049108894e-05,1.5230736754984513e-05,1.0,0.0500860000000003,49.294802000000004
971,4.0250728479375566e-05,1.5002763504538651e-05,1.0,0.050619999999995,49.345422
972,3.994622813083836e-05,1.4881140576016614e-05,1.0,0.049144000000005406,49.394566000000005
973,3.965989698372014e-05,1.4654978099942082e-05,1.0,0.053815999999997643,49.448382
974,3.935582119819357e-05,1.467905571181778e-05,1.0,0.04855299999999829,49.496935
975,3.915630423736915e-05,1.4305969009069209e-05,1.0,0.04797200000000146,49.544907
976,3.888871260084637e-05,1.3978524320426586e-05,1.0,0.050285000000002356,49.595192000000004
977,3.85452181943389e-05,1.3958053761341982e-05,1.0,0.04889699999999664,49.644089
978,3.824385744337911e-05,1.4108308349270016e-05,1.0,0.049703999999998416,49.693793
979,3.796556916504412e-05,1.4313945318327176e-05,1.0,0.05055800000000232,49.744351
980,3.765310527284853e-05,1.4432967382254157e-05,1.0,0.055224000000002604,49.799575000000004
981,3.730293481160241e-05,1.404971509587089e-05,1.0,0.0494640000000004,49.849039000000005
982,3.7022676531474836e-05,1.3782779417840947e-05,1.0,0.04960999999999416,49.898649
983,3.676136963624968e-05,1.3740242947393628e-05,1.0,0.049713000000004115,49.948362
984,3.6437608742585227e-05,1.3656700650368591e-05,1.0,0.051321000000001504,49.999683000000005
985,3.615383598473454e-05,1.309788331895371e-05,1.0,0.05205000000000126,50.051733000000006
986,3.59152667511544e-05,1.3171755469284097e-05,1.0,0.050806999999998936,50.102540000000005
987,3.5622260420920883e-05,1.288753457194849e-05,1.0,0.05129199999999656,50.153832
988,3.536679895183341e-05,1.2939876972227989e-05,1.0,0.05028800000000189,50.20412
989,3.511017425092108e-05,1.2826543062376247e-05,1.0,0.05013799999999691,50.254258
990,3.484445134518128e-05,1.2797879536261793e-05,1.0,0.05338300000000373,50.307641000000004
991,3.4598696058289284e-05,1.2635628501166674e-05,1.0,0.050767999999997926,50.358409
992,3.433613913152358e-05,1.2380552419103798e-05,1.0,0.049070999999997866,50.40748
993,3.4114507994265176e-05,1.2198998697007667e-05,1.0,0.04878800000000183,50.456268
994,3.3893273242971485e-05,1.2344536323065326e-05,1.0,0.05042800000000369,50.506696000000005
995,3.362103000091765e-05,1.1925715169072788e-05,1.0,0.053284999999995364,50.559981
996,3.338354434757907e-05,1.197612674171141e-05,1.0,0.05153200000000169,50.611513
997,3.31678393714219e-05,1.1793478495369187e-05,1.0,0.04936699999999661,50.66088
998,3.294868087199959e-05,1.1848712560525764e-05,1.0,0.05182600000000548,50.712706000000004
999,3.267965194762208e-05,1.1872238686508437e-05,1.0,0.05099599999999782,50.763702
1000,3.239982938939598e-05,1.220530280094216e-05,1.0,0.052058999999999855,50.815761
1001,3.2136881711182566e-05,1.1824755889503204e-05,1.0,0.04971900000000318,50.865480000000005
1002,3.1913214303725005e-05,1.137289730328606e-05,1.0,0.05096499999999793,50.916445
1003,3.169399203275573e-05,1.1369686804865612e-05,1.0,0.052704999999996005,50.96915
1004,3.150450924339683e-05,1.1241090233575814e-05,1.0,0.0517680000000027,51.020918
1005,3.13014950774306e-05,1.1168174815413634e-05,1.0,0.05154399999999981,51.072462
1006,3.110340877124276e-05,1.1086760521023143e-05,1.0,0.0516980000000018,51.12416
1007,3.0910436885750464e-05,1.0921916269395827e-05,1.0,0.050305999999999074,51.174466
1008,3.067679979671102e-05,1.0924553572501993e-05,1.0,0.049799999999997624,51.224266
1009,3.0428916054417123e-05,1.0973962540276424e-05,1.0,0.05185700000000537,51.276123000000005
1010,3.020584283575908e-05,1.100706820528205e-05,1.0,0.05340699999999998,51.329530000000005
1011,3.0016050919072007e-05,1.0950726224325142e-05,1.0,0.05058599999999558,51.380116
1012,2.9773083001457396e-05,1.0764081307014151e-05,1.0,0.050615999999997996,51.430732
1013,2.9625941953267022e-05,1.0733597730228939e-05,1.0,0.04925300000000021,51.479985
1014,2.9385317475347373e-05,1.0888211503838757e-05,1.0,0.05070600000000525,51.530691000000004
1015,2.9135193544808057e-05,1.041708219830326e-05,1.0,0.049877999999999645,51.580569000000004
1016,2.8944232033614022e-05,1.0250344185907412e-05,1.0,0.049070999999997866,51.62964
1017,2.8717347170328618e-05,1.0272586932420674e-05,1.0,0.05140399999999801,51.681044
1018,2.8519927439095834e-05,1.02155189321412e-05,1.0,0.0500290000000021,51.731073
1019,2.8339262208494234e-05,1.0022354940424806e-05,1.0,0.04947299999999899,51.780546
1020,2.8097298968963693e-05,9.99099192837756e-06,1.0,0.05122000000000071,51.831766
1021,2.7850186292943554e-05,1.0098516331434006e-05,1.0,0.04975499999999755,51.881521
1022,2.7630496984555622e-05,9.978127301056435e-06,1.0,0.05479200000000617,51.936313000000006
1023,2.7363568969320282e-05,9.697331288052078e-06,1.0,0.05148399999999498,51.987797
1024,2.7164231595921192e-05,9.589483085299159e-06,1.0,0.05080600000000146,52.038603
1025,2.7009393969530168e-05,9.523415040402557e-06,1.0,0.050854000000001065,52.089457
1026,2.6809015157565006e-05,9.704852600701422e-06,1.0,0.05101799999999912,52.140475
1027,2.6610571604360108e-05,9.600633815620518e-06,1.0,0.049993999999998096,52.190469
1028,2.6348270605053315e-05,9.368282529612252e-06,1.0,0.050993000000005395,52.241462000000006
1029,2.6150248824962003e-05,9.273462641765434e-06,1.0,0.04778400000000005,52.289246000000006
1030,2.595752294452256e-05,9.321456488816832e-06,1.0,0.04897099999999455,52.338217
1031,2.5744993944316168e-05,9.126957532445048e-06,1.0,0.05011999999999972,52.388337
1032,2.555545601436335e-05,9.078905872138515e-06,1.0,0.05053000000000196,52.438867
1033,2.5384186677724338e-05,9.117467206196363e-06,1.0,0.047449000000000296,52.486316
1034,2.5173465746833347e-05,8.977496746606618e-06,1.0,0.04974299999999943,52.536059
1035,2.5002265032750363e-05,8.95730006125267e-06,1.0,0.050260999999999,52.58632
1036,2.4817448401834682e-05,8.749854432696334e-06,1.0,0.049666000000001986,52.635986
1037,2.4655726069787678e-05,8.753249053364385e-06,1.0,0.0499849999999995,52.685971
1038,2.4460726958671008e-05,8.564730598236275e-06,1.0,0.0475890000000021,52.733560000000004
1039,2.4305691505620663e-05,8.512235012239484e-06,1.0,0.05292299999999983,52.786483000000004
1040,2.4110716069244787e-05,8.66997921292233e-06,1.0,0.04904799999999909,52.835531
1041,2.386265473220013e-05,8.704835433442716e-06,1.0,0.05005899999999741,52.88559
1042,2.3694365449342473e-05,8.670168816263382e-06,1.0,0.05243899999999968,52.938029
1043,2.3543645615101573e-05,8.451187107810326e-06,1.0,0.04995399999999961,52.987983
1044,2.3336352930566226e-05,8.338336833293076e-06,1.0,0.04957600000000184,53.037559
1045,2.3138118130606257e-05,8.530064076586701e-06,1.0,0.0502480000000034,53.087807000000005
1046,2.2969296762563047e-05,8.373322617713378e-06,1.0,0.050576999999996985,53.138384
1047,2.278686898487573e-05,8.412118741324173e-06,1.0,0.05248499999999723,53.190869
1048,2.260512190732774e-05,8.318950793893684e-06,1.0,0.05030600000000618,53.241175000000005
1049,2.2353078298565745e-05,8.239376603311126e-06,1.0,0.04980499999999921,53.290980000000005
1050,2.2160042033222885e-05,8.212378754245278e-06,1.0,0.05089799999999656,53.341878
1051,2.199402724916718e-05,7.890529108705067e-06,1.0,0.05021200000000192,53.39209
1052,2.1792024316856665e-05,7.878756631723389e-06,1.0,0.05243399999999809,53.444524
1053,2.1593558662087302e-05,7.956393317849815e-06,1.0,0.0502260000000021,53.49475
1054,2.140626945980805e-05,7.853673114942137e-06,1.0,0.04921799999999621,53.543968
1055,2.1251638595091978e-05,7.781804680475807e-06,1.0,0.049292000000001224,53.59326
1056,2.1093097570221396e-05,7.88989312023408e-06,1.0,0.04977099999999979,53.643031
1057,2.093776057849238e-05,7.552714995354479e-06,1.0,0.049575000000004366,53.692606000000005
1058,2.0732692953120704e-05,7.841952455806461e-06,1.0,0.05072200000000038,53.743328000000005
1059,2.056229597502244e-05,7.5901752619600675e-06,1.0,0.05288999999999788,53.796218
1060,2.042042267693922e-05,7.764747131033443e-06,1.0,0.05105700000000013,53.847275
1061,2.0257962329687216e-05,7.559525498353019e-06,1.0,0.05080799999999641,53.898083
1062,2.014055626850332e-05,7.22148530163312e-06,1.0,0.04908800000000468,53.947171000000004
1063,1.9963676590524128e-05,7.103100127693724e-06,1.0,0.04947199999999441,53.996643
1064,1.9820287207715225e-05,7.118012820624255e-06,1.0,0.05183700000000613,54.048480000000005
1065,1.9683760368198036e-05,7.321948538010546e-06,1.0,0.04916399999999754,54.097644
1066,1.9500724542216842e-05,7.499016641180164e-06,1.0,0.04944900000000274,54.147093000000005
1067,1.9311391822097522e-05,7.208520214533503e-06,1.0,0.049932999999995786,54.197026
1068,1.912881271089921e-05,7.218279399393461e-06,1.0,0.05080999999999847,54.247836
1069,1.8943449727774005e-05,7.077304430429009e-06,1.0,0.05100500000000352,54.298841
1070,1.876594855342349e-05,6.758597673433051e-06,1.0,0.04994800000000055,54.348789000000004
1071,1.8578841028996497e-05,6.7028056758549035e-06,1.0,0.0494550000000018,54.398244000000005
1072,1.847188140421744e-05,6.713645086405532e-06,1.0,0.049710999999994954,54.447955
1073,1.830586896081872e-05,6.55866047870139e-06,1.0,0.052692000000000405,54.500647
1074,1.8127173794993663e-05,6.647304023970308e-06,1.0,0.048610000000003595,54.549257000000004
1075,1.801597922698156e-05,6.762034016207625e-06,1.0,0.049765000000000725,54.599022000000005
1076,1.7860264456080232e-05,6.6767324522637715e-06,1.0,0.05076099999999428,54.649783
1077,1.775149798579769e-05,6.540207524929886e-06,1.0,0.05029700000000048,54.70008
1078,1.7644748152092584e-05,6.41273447021659e-06,1.0,0.04956500000000119,54.749645
1079,1.749069930783979e-05,6.605047256258441e-06,1.0,0.04883099999999985,54.798476
1080,1.7321788964987728e-05,6.4052550594646484e-06,1.0,0.050305999999999074,54.848782
1081,1.7191601637460377e-05,6.364799005289407e-06,1.0,0.05050500000000113,54.899287
1082,1.707717728958167e-05,6.391956476418094e-06,1.0,0.050819000000004166,54.950106000000005
1083,1.6944568577644455e-05,6.283319491390032e-06,1.0,0.05159399999999437,55.0017
1084,1.6781306697642005e-05,6.092864028612033e-06,1.0,0.05008500000000282,55.051785
1085,1.6656205667309966e-05,6.066337336344962e-06,1.0,0.04952999999999719,55.101315
1086,1.653896217989236e-05,6.068571913379375e-06,1.0,0.050144000000003075,55.151459
1087,1.6363341849604863e-05,6.251188201214261e-06,1.0,0.05062300000000164,55.202082000000004
1088,1.626219605391316e-05,6.1633906257058625e-06,1.0,0.05072699999999486,55.252809
1089,1.6147719842837105e-05,5.877202440339101e-06,1.0,0.050332000000004484,55.303141000000004
1090,1.6021365700104413e-05,5.951310263850907e-06,1.0,0.0513779999999997,55.354519
1091,1.5938219766927864e-05,5.7922252481160675e-06,1.0,0.05030399999999702,55.404823
1092,1.5838705130700902e-05,5.682592475181551e-06,1.0,0.049614000000005376,55.454437000000006
1093,1.5741471111958568e-05,5.683614002407597e-06,1.0,0.05018799999999857,55.504625000000004
1094,1.565352379433207e-05,5.916998276775553e-06,1.0,0.053790999999996814,55.558416
1095,1.555238657927112e-05,5.746909279748059e-06,1.0,0.05046000000000106,55.608876
1096,1.5479414609282462e-05,5.617427484669613e-06,1.0,0.05179600000000306,55.660672000000005
1097,1.534473210306793e-05,5.438889669218398e-06,1.0,0.04936599999999913,55.710038000000004
1098,1.5224625310864812e-05,5.483242141369546e-06,1.0,0.052222000000000435,55.762260000000005
1099,1.5118744601003691e-05,5.54531328413283e-06,1.0,0.04811199999999616,55.810372
1100,1.4999765612204824e-05,5.4080248198447376e-06,1.0,0.049610000000001264,55.859982
1101,1.4882134293451848e-05,5.501779972206264e-06,1.0,0.04993799999999737,55.90992
1102,1.473464805066708e-05,5.4827690613622164e-06,1.0,0.049939000000001954,55.959859
1103,1.4588687669420598e-05,5.345310234201002e-06,1.0,0.052073000000000036,56.011932
1104,1.4492332528791017e-05,5.221470897302783e-06,1.0,0.05037899999999951,56.062311
1105,1.4382787932748235e-05,5.230059548581736e-06,1.0,0.049025999999997794,56.111337
1106,1.4279354318656803e-05,5.231396558561796e-06,1.0,0.04939000000000249,56.160727
1107,1.4160700374545772e-05,4.965591460720249e-06,1.0,0.05179600000000306,56.212523000000004
1108,1.40544171507005e-05,4.967875235478683e-06,1.0,0.050877999999997314,56.263401
1109,1.3959560526076598e-05,4.877164469463501e-06,1.0,0.04908600000000263,56.312487000000004
1110,1.3847798011428705e-05,5.021643902307504e-06,1.0,0.0499979999999951,56.362485
1111,1.3762732232457053e-05,4.905259365179981e-06,1.0,0.04996900000000437,56.412454000000004
1112,1.3676027776950595e-05,4.926703878735543e-06,1.0,0.04974200000000195,56.462196000000006
1113,1.3577424187933687e-05,4.946037680644259e-06,1.0,0.05046899999999965,56.512665000000005
1114,1.3484535272917461e-05,4.869849368778463e-06,1.0,0.04982599999999593,56.562491
1115,1.3408991726464685e-05,4.890385010045776e-06,1.0,0.04954200000000242,56.612033000000004
1116,1.3327081840142491e-05,4.835227628328752e-06,1.0,0.050028999999994994,56.662062
1117,1.322991807433544e-05,4.715003134557034e-06,1.0,0.05255600000000271,56.714618
1118,1.310921802153557e-05,4.808969445745937e-06,1.0,0.052067000000000974,56.766685
1119,1.3021708155617557e-05,4.7918655943624794e-06,1.0,0.0498100000000008,56.816495
1120,1.288916248250563e-05,4.87955483358971e-06,1.0,0.04964299999999611,56.866138
1121,1.2786941290980403e-05,4.74388802828491e-06,1.0,0.051388000000002876,56.917526
1122,1.2684724999796723e-05,4.6917847244045164e-06,1.0,0.04917400000000072,56.9667
1123,1.259622183617834e-05,4.724024456354175e-06,1.0,0.050032999999999106,57.016733
1124,1.2473248277209102e-05,4.731434365558706e-06,1.0,0.04964000000000368,57.066373000000006
1125,1.235640051600163e-05,4.695897547699556e-06,1.0,0.04979299999999398,57.116166
1126,1.2246389243030404e-05,4.502828814164017e-06,1.0,0.053353000000001316,57.169519
1127,1.2148041758095552e-05,4.582500264529127e-06,1.0,0.04984100000000069,57.21936
1128,1.2050189200942092e-05,4.4806240222684536e-06,1.0,0.05071999999999832,57.27008
1129,1.197149151422596e-05,4.60250413041373e-06,1.0,0.05012500000000131,57.320205
1130,1.1863264390224383e-05,4.6370314561021805e-06,1.0,0.05124200000000201,57.371447
1131,1.1776317206551606e-05,4.495930612796456e-06,1.0,0.05089900000000114,57.422346000000005
1132,1.1681974425405091e-05,4.467880435010046e-06,1.0,0.05105999999999966,57.473406000000004
1133,1.155911909168138e-05,4.338060544694175e-06,1.0,0.05180199999999502,57.525208
1134,1.1486013808167911e-05,4.359763188796136e-06,1.0,0.048992000000005476,57.574200000000005
1135,1.138700291897965e-05,4.219977364726481e-06,1.0,0.049926999999996724,57.624127
1136,1.1298935262686767e-05,4.151233782276572e-06,1.0,0.05102300000000071,57.67515
1137,1.120340968104749e-05,4.109649756311874e-06,1.0,0.04917600000000277,57.724326000000005
1138,1.1132916218622384e-05,4.062660594999257e-06,1.0,0.05283699999999669,57.777163
1139,1.1041745454565838e-05,4.125255206120698e-06,1.0,0.051079999999998904,57.828243
1140,1.0968842421353062e-05,4.0113844362061595e-06,1.0,0.05062600000000117,57.878869
1141,1.0887878165668302e-05,4.049517383932774e-06,1.0,0.05000100000000174,57.92887
1142,1.0799159139435551e-05,4.004807404575729e-06,1.0,0.050067999999996005,57.978938
1143,1.0715213484434757e-05,3.986132445503091e-06,1.0,0.05337700000000467,58.032315000000004
1144,1.0626363898761825e-05,3.928429624322345e-06,1.0,0.04991299999999654,58.082228
1145,1.0559305156756242e-05,3.927603677177155e-06,1.0,0.049534999999998774,58.131763
1146,1.0479544107757369e-05,3.7997986876649675e-06,1.0,0.04973600000000289,58.181499
1147,1.0426702218039811e-05,3.737837433805448e-06,1.0,0.051411999999999125,58.232911
1148,1.0358506367236766e-05,3.7648965090655655e-06,1.0,0.04975699999999961,58.282668
1149,1.0288006975270075e-05,3.769401659505828e-06,1.0,0.052388000000000545,58.335056
1150,1.0221887792577401e-05,3.7717906601724013e-06,1.0,0.05259200000000419,58.387648000000006
1151,1.0146830154555662e-05,3.613430952978113e-06,1.0,0.05280099999999521,58.440449
1152,1.0053774077308512e-05,3.641651669019584e-06,1.0,0.05030100000000459,58.490750000000006
1153,9.979872148822587e-06,3.6676525400196578e-06,1.0,0.052087000000000216,58.542837000000006
1154,9.917041652813509e-06,3.6046632165868506e-06,1.0,0.05095999999999634,58.593797
1155,9.836333219081707e-06,3.6227060530561887e-06,1.0,0.05282400000000109,58.646621
1156,9.767062952367077e-06,3.447936756926291e-06,1.0,0.05010099999999795,58.696722
1157,9.716900218738873e-06,3.4858919614028958e-06,1.0,0.05234300000000047,58.749065
1158,9.664560326877568e-06,3.5154960337622407e-06,1.0,0.0508829999999989,58.799948
1159,9.592995930498169e-06,3.4660897381568256e-06,1.0,0.05264600000000286,58.852594
1160,9.52343665834834e-06,3.4069687021689826e-06,1.0,0.05290600000000012,58.9055
1161,9.451652871884335e-06,3.4116532330460214e-06,1.0,0.05135500000000093,58.956855000000004
1162,9.375137207022214e-06,3.4061242665407425e-06,1.0,0.05148399999999498,59.008339
1163,9.319193270058459e-06,3.3525842787079097e-06,1.0,0.04974400000000401,59.058083
1164,9.258111572670831e-06,3.353817670067518e-06,1.0,0.05704500000000223,59.115128000000006
1165,9.187110497547439e-06,3.3463269981871506e-06,1.0,0.04917499999999819,59.164303000000004
1166,9.125609895827204e-06,3.2862428736697e-06,1.0,0.049816999999997336,59.21412
1167,9.046291025793929e-06,3.304866697488823e-06,1.0,0.05155200000000093,59.265672
1168,8.979277595338807e-06,3.2685982578351964e-06,1.0,0.05030099999999749,59.315973
1169,8.902974383596295e-06,3.182302240828936e-06,1.0,0.05349999999999966,59.369473
1170,8.812465702381124e-06,3.2813723639746794e-06,1.0,0.05004700000000639,59.419520000000006
1171,8.719859195146461e-06,3.201641307147132e-06,1.0,0.0500769999999946,59.469597
1172,8.662409351137823e-06,3.124199644964989e-06,1.0,0.05083799999999883,59.520435
1173,8.603251550747977e-06,3.136703804120203e-06,1.0,0.051573000000004754,59.572008000000004
1174,8.535486058347776e-06,2.9909172722179716e-06,1.0,0.05159400000000147,59.623602000000005
1175,8.475206399289965e-06,2.9913186594014077e-06,1.0,0.05029299999999637,59.673895
1176,8.415993543931466e-06,3.0409197924218404e-06,1.0,0.04859300000000388,59.722488000000006
1177,8.353838339445753e-06,3.0517849291030733e-06,1.0,0.049470999999996934,59.771959
1178,8.297527808199152e-06,3.0479733692799915e-06,1.0,0.049129000000000644,59.821088
1179,8.229446132433835e-06,3.0262052332080814e-06,1.0,0.05012500000000131,59.871213000000004
1180,8.163626709993108e-06,2.95427109081121e-06,1.0,0.0509050000000002,59.922118000000005
1181,8.083671574050142e-06,2.946686510612608e-06,1.0,0.049421999999999855,59.971540000000005
1182,8.02777192373013e-06,2.9060934412457724e-06,1.0,0.05095099999999775,60.022491
1183,7.97806171238843e-06,2.8717889315335934e-06,1.0,0.05084500000000247,60.073336000000005
1184,7.915389860465655e-06,2.8278938787712926e-06,1.0,0.04968299999999459,60.123019
1185,7.846372767259144e-06,2.8113797988396325e-06,1.0,0.04969700000000188,60.172716
1186,7.797527575233422e-06,2.747109327059323e-06,1.0,0.04949799999999982,60.222214
1187,7.748014709208568e-06,2.76122738949109e-06,1.0,0.04851500000000186,60.270729
1188,7.690768192906899e-06,2.7328637411868815e-06,1.0,0.04942400000000191,60.320153000000005
1189,7.641881163452131e-06,2.753872910224433e-06,1.0,0.050350999999999146,60.370504000000004
1190,7.577634827561032e-06,2.7707624916327245e-06,1.0,0.04985399999999629,60.420358
1191,7.511508650916877e-06,2.762245873984312e-06,1.0,0.0489120000000014,60.46927
1192,7.466183676247025e-06,2.6805402537402253e-06,1.0,0.048355000000000814,60.517625
1193,7.409950508068392e-06,2.7037726388506734e-06,1.0,0.04845100000000002,60.566076
1194,7.347477220552891e-06,2.6764653918320117e-06,1.0,0.048864000000001795,60.614940000000004
1195,7.293620118338032e-06,2.6197248737533265e-06,1.0,0.04832700000000045,60.663267000000005
1196,7.240211686210925e-06,2.6359955083638634e-06,1.0,0.04843899999999479,60.711706
1197,7.180579232771555e-06,2.596894476165182e-06,1.0,0.051692000000002736,60.763398
1198,7.121411033132468e-06,2.6161465280673303e-06,1.0,0.04924599999999657,60.812644
1199,7.062497806432286e-06,2.675700070319528e-06,1.0,0.04865500000000367,60.861299
1200,7.006745232718242e-06,2.6276773678762226e-06,1.0,0.04937999999999931,60.910679
1201,6.947596920342924e-06,2.5841594289132256e-06,1.0,0.05081700000000211,60.961496000000004
1202,6.900036981079013e-06,2.605868696236992e-06,1.0,0.05076299999999634,61.012259
1203,6.842537280803304e-06,2.570482770009758e-06,1.0,0.04818300000000164,61.060442
1204,6.788634412792093e-06,2.4958864633525074e-06,1.0,0.051155000000001394,61.111597
1205,6.732233320190418e-06,2.4278107204048057e-06,1.0,0.05003899999999817,61.161636
1206,6.6796049438407406e-06,2.4606443111299756e-06,1.0,0.05040600000000239,61.212042000000004
1207,6.624550676506259e-06,2.4308494811002657e-06,1.0,0.051628000000000895,61.263670000000005
1208,6.579448628586211e-06,2.3920395385866764e-06,1.0,0.05075999999999681,61.31443
1209,6.5176593276627624e-06,2.371726171934789e-06,1.0,0.05282300000000362,61.367253000000005
1210,6.46910892057694e-06,2.3654402925583814e-06,1.0,0.05101499999999959,61.418268000000005
1211,6.418621412282115e-06,2.374665583383483e-06,1.0,0.05064699999999789,61.468915
1212,6.379140608822914e-06,2.3658276164498826e-06,1.0,0.04988800000000282,61.518803000000005
1213,6.3360419958479985e-06,2.276516383488212e-06,1.0,0.05054499999999962,61.569348000000005
1214,6.296639725286285e-06,2.2609403591982656e-06,1.0,0.052212999999994736,61.621561
1215,6.245080953593029e-06,2.2847167786779186e-06,1.0,0.052414000000005956,61.673975000000006
1216,6.189738213814314e-06,2.261551095212651e-06,1.0,0.05251299999999759,61.726488
1217,6.14891257570065e-06,2.2635352792478835e-06,1.0,0.05189699999999675,61.778385
1218,6.10088380880179e-06,2.247354568693473e-06,1.0,0.051987000000004,61.830372000000004
1219,6.057642894337122e-06,2.209346578270561e-06,1.0,0.05219199999999802,61.882564
1220,6.015570820211453e-06,2.1458037245953356e-06,1.0,0.052323999999998705,61.934888
1221,5.969010589472813e-06,2.173606272628683e-06,1.0,0.05161600000000277,61.986504000000004
1222,5.9160734138069945e-06,2.12537266494974e-06,1.0,0.05633699999999919,62.042841
1223,5.851141203102837e-06,2.1204157904027993e-06,1.0,0.051864999999999384,62.094706
1224,5.806088844816299e-06,2.132138012390001e-06,1.0,0.052134000000002345,62.146840000000005
1225,5.764417419134389e-06,2.078511683593973e-06,1.0,0.051424999999994725,62.198265
1226,5.723536403533458e-06,2.0661652326251572e-06,1.0,0.05188500000000573,62.250150000000005
1227,5.6833536859351634e-06,2.0505195922687496e-06,1.0,0.051831999999997436,62.301982
1228,5.648543368898453e-06,2.067730253574545e-06,1.0,0.05055200000000326,62.352534000000006
1229,5.618080666394942e-06,2.0750855383864314e-06,1.0,0.05160399999999754,62.404138
1230,5.579781682538935e-06,2.051856700757254e-06,1.0,0.049970000000001846,62.454108000000005
1231,5.529025867479049e-06,2.02747567313732e-06,1.0,0.0497439999999969,62.503852
1232,5.480453011180045e-06,1.9828388608161677e-06,1.0,0.05126200000000125,62.555114
1233,5.4441582591534635e-06,1.9807454996296436e-06,1.0,0.050420000000002574,62.605534000000006
1234,5.400983707592663e-06,1.9787921717650733e-06,1.0,0.05020799999999781,62.655742000000004
1235,5.35762536857254e-06,2.03095174752497e-06,1.0,0.049751000000000545,62.705493000000004
1236,5.311709358867042e-06,2.048682623645138e-06,1.0,0.05249299999999835,62.757986
1237,5.269711464598143e-06,1.9358353636457756e-06,1.0,0.050626999999998645,62.808613
1238,5.218061978774481e-06,1.93042700037735e-06,1.0,0.050904000000002725,62.859517000000004
1239,5.170782057699852e-06,1.8977440875137994e-06,1.0,0.04969899999999683,62.909216
1240,5.1225213631393346e-06,1.8960806571983512e-06,1.0,0.04999700000000473,62.959213000000005
1241,5.086570298764457e-06,1.8512866259583304e-06,1.0,0.04965999999999582,63.008873
1242,5.050771556879952e-06,1.8101891675451847e-06,1.0,0.05259399999999914,63.061467
1243,5.012761938309716e-06,1.8352108408550609e-06,1.0,0.051438000000004536,63.112905000000005
1244,4.974137679081964e-06,1.826663634325599e-06,1.0,0.05065899999999601,63.163564
1245,4.936682829413409e-06,1.7576396093850738e-06,1.0,0.04909899999999823,63.212663
1246,4.899200979761635e-06,1.7515600702334432e-06,1.0,0.05142000000000024,63.264083
1247,4.859303385402906e-06,1.763193574813383e-06,1.0,0.04927700000000357,63.31336
1248,4.818182758377119e-06,1.8058580785960936e-06,1.0,0.050857000000000596,63.364217000000004
1249,4.784016513036399e-06,1.8169648782015096e-06,1.0,0.05040299999999576,63.41462
1250,4.7488004379771685e-06,1.778972950325205e-06,1.0,0.052018000000003894,63.466638
1251,4.71334014328978e-06,1.722528893475671e-06,1.0,0.048799999999999955,63.515438
1252,4.683700437136326e-06,1.7271545795037204e-06,1.0,0.05148200000000003,63.56692
1253,4.6420159815811595e-06,1.6478629159361895e-06,1.0,0.04934300000000036,63.616263000000004
1254,4.610362978143493e-06,1.6532689533704865e-06,1.0,0.048851999999996565,63.665115
1255,4.577473565977409e-06,1.6524191622916422e-06,1.0,0.05017399999999839,63.715289
1256,4.548818441876809e-06,1.6188206583649258e-06,1.0,0.051447000000010235,63.76673600000001
1257,4.515310792215075e-06,1.6002121725530996e-06,1.0,0.048766999999998006,63.81550300000001
1258,4.475769664002626e-06,1.5984534033520467e-06,1.0,0.050634999999999764,63.86613800000001
1259,4.44644077124485e-06,1.5796192913307275e-06,1.0,0.04977799999998922,63.915915999999996
1260,4.420822699052926e-06,1.586111418121932e-06,1.0,0.05009800000000553,63.966014
1261,4.383263811807286e-06,1.6517895031302912e-06,1.0,0.04717399999999827,64.013188
1262,4.349756627077295e-06,1.6309317546387155e-06,1.0,0.04965200000000891,64.06284000000001
1263,4.320009620896659e-06,1.6205413539991986e-06,1.0,0.050484999999994784,64.113325
1264,4.28714069572937e-06,1.5860474586113108e-06,1.0,0.05025299999999788,64.163578
1265,4.2594413380795915e-06,1.5755843001098437e-06,1.0,0.04864399999999591,64.212222
1266,4.223526995768641e-06,1.603191528664036e-06,1.0,0.04857800000000623,64.2608
1267,4.189932187066595e-06,1.6206268896841174e-06,1.0,0.04790799999999251,64.308708
1268,4.152135960776821e-06,1.5463113199251895e-06,1.0,0.04757700000000398,64.356285
1269,4.116407391862352e-06,1.5469550662472748e-06,1.0,0.049979000000007545,64.40626400000001
1270,4.088027434889195e-06,1.501408304197279e-06,1.0,0.04812199999999223,64.454386
1271,4.056463948739045e-06,1.5075553421963877e-06,1.0,0.05096000000000345,64.505346
1272,4.029411521186993e-06,1.5240410858040121e-06,1.0,0.05010000000000048,64.555446
1273,3.988686944219123e-06,1.4809291809290809e-06,1.0,0.05051899999999421,64.605965
1274,3.95926756993175e-06,1.4915742270821356e-06,1.0,0.04951600000001122,64.65548100000001
1275,3.931189571991652e-06,1.4333294384328247e-06,1.0,0.050224000000000046,64.70570500000001
1276,3.898702023583221e-06,1.4380490804127735e-06,1.0,0.049893999999994776,64.755599
1277,3.868064870655596e-06,1.4175785307679406e-06,1.0,0.04989499999999225,64.805494
1278,3.8416061503692795e-06,1.4220166280756225e-06,1.0,0.0503490000000113,64.85584300000001
1279,3.8120880624043972e-06,1.3864953188497127e-06,1.0,0.049800999999987994,64.905644
1280,3.7710207760844114e-06,1.375777912026553e-06,1.0,0.04998500000000661,64.955629
1281,3.7447425592864363e-06,1.3769641959347548e-06,1.0,0.05163500000000454,65.007264
1282,3.7191928199760308e-06,1.3650898453844276e-06,1.0,0.05058799999999053,65.057852
1283,3.690558304606534e-06,1.3515712304333123e-06,1.0,0.05147399999999891,65.109326
1284,3.6659245132576126e-06,1.3645156571787281e-06,1.0,0.049942000000001485,65.159268
1285,3.64067739189855e-06,1.357882938159846e-06,1.0,0.04937800000000436,65.208646
1286,3.6130299159016574e-06,1.304655860292747e-06,1.0,0.048801999999994905,65.257448
1287,3.5843846755892308e-06,1.2912489407851941e-06,1.0,0.04973200000000588,65.30718
1288,3.5573986566074215e-06,1.2821473914438961e-06,1.0,0.05269800000000657,65.35987800000001
1289,3.524873327947542e-06,1.3045030887992382e-06,1.0,0.04757899999999893,65.40745700000001
1290,3.501226858675865e-06,1.303862274695694e-06,1.0,0.05187999999999704,65.459337
1291,3.4655404310816645e-06,1.2948876907747477e-06,1.0,0.05268300000000181,65.51202
1292,3.442144523261146e-06,1.2572999731820096e-06,1.0,0.050818999999989956,65.562839
1293,3.419686986728702e-06,1.2300387189706287e-06,1.0,0.050819000000004166,65.613658
1294,3.393832661908938e-06,1.2291069510860932e-06,1.0,0.05101399999999501,65.664672
1295,3.358040869391813e-06,1.2437875343963677e-06,1.0,0.04952900000000682,65.714201
1296,3.3290748478298237e-06,1.1795775378387962e-06,1.0,0.05251599999999712,65.766717
1297,3.2981971236322973e-06,1.2072781472279926e-06,1.0,0.05025200000000041,65.816969
1298,3.268450179609991e-06,1.1921408127320046e-06,1.0,0.05062100000000669,65.86759
1299,3.243375373607087e-06,1.1726645924871232e-06,1.0,0.05243199999999604,65.920022
1300,3.221676195612518e-06,1.1746818927493697e-06,1.0,0.05126799999999321,65.97129
1301,3.1967838090758866e-06,1.1510369476317838e-06,1.0,0.052231000000006134,66.023521
1302,3.1742729717046384e-06,1.1291752891610332e-06,1.0,0.05066600000000676,66.07418700000001
1303,3.151977271992787e-06,1.143420771248571e-06,1.0,0.05227499999999452,66.126462
1304,3.1263589082527058e-06,1.140822151164894e-06,1.0,0.05182600000000548,66.17828800000001
1305,3.1095282504250994e-06,1.1266306912461755e-06,1.0,0.05156899999998643,66.229857
1306,3.087280902817295e-06,1.1025996337128808e-06,1.0,0.05119100000000287,66.281048
1307,3.061613024908003e-06,1.1268477497631352e-06,1.0,0.05131800000000908,66.33236600000001
1308,3.036232328037379e-06,1.117074844520441e-06,1.0,0.049489999999991596,66.381856
1309,3.0133796772851927e-06,1.1264428207198529e-06,1.0,0.052919000000002825,66.434775
1310,2.9911036519783657e-06,1.1222979809645566e-06,1.0,0.05089800000000366,66.485673
1311,2.9680311289399995e-06,1.1199916584353994e-06,1.0,0.051717999999993935,66.537391
1312,2.945274700323233e-06,1.0843896007558875e-06,1.0,0.05044000000000892,66.58783100000001
1313,2.9186969197153414e-06,1.0462590115611296e-06,1.0,0.051365999999987366,66.639197
1314,2.8971369119000775e-06,1.0354407603076946e-06,1.0,0.05085800000000518,66.690055
1315,2.876247339198799e-06,1.0307525887021015e-06,1.0,0.050142000000008125,66.74019700000001
1316,2.8458917792730564e-06,1.0526687700055704e-06,1.0,0.049561999999994555,66.789759
1317,2.8250354475238446e-06,1.028160316876667e-06,1.0,0.05012399999999673,66.839883
1318,2.7938784592895366e-06,1.0289462881820979e-06,1.0,0.050741000000002145,66.890624
1319,2.767078514631328e-06,1.0128510594005726e-06,1.0,0.04847800000000291,66.939102
1320,2.748046093442569e-06,9.923066517217194e-07,1.0,0.04964799999999059,66.98875
1321,2.7293666596087265e-06,9.769063512152541e-07,1.0,0.05021700000000351,67.038967
1322,2.7066224049826696e-06,9.90786607665557e-07,1.0,0.04935700000000054,67.088324
1323,2.6849563827704486e-06,9.82211375912203e-07,1.0,0.05034200000000055,67.138666
1324,2.6642906665020456e-06,9.929269225139323e-07,1.0,0.050233000000005745,67.188899
1325,2.6444018027121286e-06,9.59866038799053e-07,1.0,0.04905300000000068,67.237952
1326,2.6257307457700903e-06,9.502291258639394e-07,1.0,0.04957600000000184,67.28752800000001
1327,2.6047550847903852e-06,9.362910463798149e-07,1.0,0.05198000000000036,67.33950800000001
1328,2.5761751721057425e-06,9.53416761678558e-07,1.0,0.04980799999999874,67.38931600000001
1329,2.558915494002751e-06,9.406776362278622e-07,1.0,0.049003999999996495,67.43832
1330,2.5396785175879505e-06,9.341054169274091e-07,1.0,0.04989700000000141,67.488217
1331,2.5233985524504916e-06,9.139906501180655e-07,1.0,0.04926299999999628,67.53748
1332,2.5029849773899596e-06,9.168743398481031e-07,1.0,0.05334399999999562,67.590824
1333,2.4816170308825205e-06,9.040475115962741e-07,1.0,0.04974200000000906,67.640566
1334,2.4605659024986466e-06,8.692737013565401e-07,1.0,0.04994299999999896,67.690509
1335,2.442090925171371e-06,8.810575391979689e-07,1.0,0.04856699999999137,67.739076
1336,2.419138805282791e-06,8.837606225087389e-07,1.0,0.0501909999999981,67.789267
1337,2.4033242661341104e-06,8.876733983677083e-07,1.0,0.05023800000000733,67.839505
1338,2.390921532475981e-06,8.888096211203426e-07,1.0,0.051648999999997613,67.891154
1339,2.376587810938492e-06,8.913679616782539e-07,1.0,0.05005900000000452,67.941213
1340,2.3604889219028643e-06,8.826722827597482e-07,1.0,0.049942000000001485,67.991155
1341,2.3435838434633336e-06,8.560593306635976e-07,1.0,0.050627999999989015,68.041783
1342,2.3232545825330023e-06,8.581847719664737e-07,1.0,0.05017100000000596,68.091954
1343,2.3079485721131907e-06,8.189018208346759e-07,1.0,0.05447399999999902,68.146428
1344,2.2933174197650168e-06,8.135787101645797e-07,1.0,0.04979500000000314,68.196223
1345,2.2754250232153815e-06,7.972776097549453e-07,1.0,0.049893999999994776,68.246117
1346,2.2620721941797125e-06,7.93362901745737e-07,1.0,0.05098900000000128,68.297106
1347,2.2482132980955374e-06,7.800148237459534e-07,1.0,0.05104599999999948,68.348152
1348,2.2310931554046462e-06,7.83023506064648e-07,1.0,0.051527000000007206,68.399679
1349,2.2154017891662764e-06,7.846634815543064e-07,1.0,0.051085999999997966,68.450765
1350,2.1985469089735213e-06,7.950884551757136e-07,1.0,0.04975199999999802,68.500517
1351,2.1823819293345467e-06,7.997715547047749e-07,1.0,0.04941499999999621,68.549932
1352,2.168328588155803e-06,7.812427696185946e-07,1.0,0.05043400000000986,68.60036600000001
1353,2.1474001756269944e-06,7.916418516754473e-07,1.0,0.05374999999999375,68.654116
1354,2.13246698050198e-06,7.854157557169707e-07,1.0,0.050488999999998896,68.704605
1355,2.1146817915669996e-06,7.633550348065374e-07,1.0,0.04985200000000134,68.754457
1356,2.1028744711852216e-06,7.57136727267981e-07,1.0,0.05074500000000626,68.80520200000001
1357,2.089744493504406e-06,7.649420130650351e-07,1.0,0.050219999999995935,68.855422
1358,2.0706584032329136e-06,7.820456227857949e-07,1.0,0.049735999999995784,68.905158
1359,2.053276685148663e-06,7.711006991241253e-07,1.0,0.05628699999999753,68.961445
1360,2.038013394564696e-06,7.564627901565846e-07,1.0,0.051004000000006045,69.012449
1361,2.021722704194734e-06,7.615861747995366e-07,1.0,0.05057299999999998,69.063022
1362,2.00651580283714e-06,7.329717182910725e-07,1.0,0.049483999999992534,69.112506
1363,1.9891844496164322e-06,7.120013453007663e-07,1.0,0.05008700000000488,69.162593
1364,1.9733564487391184e-06,7.160178446785463e-07,1.0,0.050003000000003794,69.212596
1365,1.956387519338851e-06,7.121982002099137e-07,1.0,0.051703000000003385,69.26429900000001
1366,1.946212622148396e-06,7.186968248262966e-07,1.0,0.049398999999993976,69.313698
1367,1.931710186660835e-06,6.985951537902217e-07,1.0,0.04977800000000343,69.363476
1368,1.918718157175452e-06,7.141074038830091e-07,1.0,0.04999999999999716,69.413476
1369,1.904706724495013e-06,7.132188047268063e-07,1.0,0.04906800000000544,69.46254400000001
1370,1.8906731183117732e-06,6.92547962842875e-07,1.0,0.05177099999998802,69.514315
1371,1.877183057619507e-06,6.878984878901518e-07,1.0,0.050611000000003514,69.564926
1372,1.8612684527694123e-06,6.926145488792066e-07,1.0,0.05003899999999817,69.614965
1373,1.8456683530539565e-06,6.79670224647769e-07,1.0,0.051434000000000424,69.666399
1374,1.8311887956184266e-06,6.796092463080549e-07,1.0,0.05126500000000078,69.717664
1375,1.815696007705035e-06,6.782863057916759e-07,1.0,0.05083799999999883,69.768502
1376,1.8028117217526989e-06,6.633621231966129e-07,1.0,0.049979000000007545,69.818481
1377,1.791357508726529e-06,6.497393463074073e-07,1.0,0.05014299999999139,69.868624
1378,1.7773649258436925e-06,6.561889828582748e-07,1.0,0.05046600000000012,69.91909
1379,1.7632380431245595e-06,6.38083329779319e-07,1.0,0.05038000000000409,69.96947
1380,1.7465893371600745e-06,6.328624375006291e-07,1.0,0.050893000000002075,70.020363
1381,1.7366495021158549e-06,6.315137077526099e-07,1.0,0.04993199999999831,70.070295
1382,1.7235710754024672e-06,6.21110693927078e-07,1.0,0.04996900000000437,70.120264
1383,1.7127574288289171e-06,6.146011411782959e-07,1.0,0.04984600000000228,70.17011000000001
1384,1.7001853502332933e-06,6.080708254877184e-07,1.0,0.04977299999998763,70.219883
1385,1.688270631800898e-06,6.018715036045881e-07,1.0,0.049182000000001835,70.269065
1386,1.675911152297011e-06,5.981386800518792e-07,1.0,0.04812300000000391,70.317188
1387,1.6614580575879149e-06,6.056868462729442e-07,1.0,0.049571000000000254,70.366759
1388,1.6469248429754482e-06,6.160771540647116e-07,1.0,0.04975699999999961,70.416516
1389,1.632144641871394e-06,6.180798298463152e-07,1.0,0.0488550000000032,70.465371
1390,1.6172617550332713e-06,6.046818497919605e-07,1.0,0.050027000000000044,70.515398
1391,1.6074042370441337e-06,5.975771667533746e-07,1.0,0.05180099999999754,70.567199
1392,1.5929385255141186e-06,5.880763445879315e-07,1.0,0.04898400000000436,70.616183
1393,1.5803848541604694e-06,5.7784604908751e-07,1.0,0.04931099999998878,70.665494
1394,1.5666128366833508e-06,5.738428765452133e-07,1.0,0.050600000000002865,70.716094
1395,1.5565968721063904e-06,5.657449639476838e-07,1.0,0.0491659999999996,70.76526
1396,1.544758457553713e-06,5.688389898611827e-07,1.0,0.051464000000009946,70.81672400000001
1397,1.5357547305527253e-06,5.736607520302964e-07,1.0,0.05024899999999377,70.866973
1398,1.5250280533708713e-06,5.514874206263127e-07,1.0,0.04936600000000624,70.91633900000001
1399,1.5125425074744838e-06,5.46326506632786e-07,1.0,0.049559999999999604,70.96589900000001
1400,1.5034107984687051e-06,5.379587976058008e-07,1.0,0.052931999999998425,71.018831
1401,1.4925048418605304e-06,5.408377676049919e-07,1.0,0.05213599999999019,71.070967
1402,1.4801802835870264e-06,5.322102278524101e-07,1.0,0.04936800000000119,71.120335
1403,1.4676829366352144e-06,5.281746429454632e-07,1.0,0.04978200000000754,71.170117
1404,1.4590132586297666e-06,5.172516294160121e-07,1.0,0.05102300000000071,71.22114
1405,1.4486879320338087e-06,5.070770734757337e-07,1.0,0.052322000000003754,71.27346200000001
1406,1.4365664081625349e-06,5.139547154171607e-07,1.0,0.049635999999992464,71.323098
1407,1.4269273432865572e-06,5.244682702387038e-07,1.0,0.051231999999998834,71.37433
1408,1.4132506439124515e-06,5.206021425564076e-07,1.0,0.05171300000000656,71.426043
1409,1.4040500002229964e-06,5.137680761498584e-07,1.0,0.0495949999999965,71.475638
1410,1.3962571086347637e-06,5.198670099058601e-07,1.0,0.05010599999999954,71.525744
1411,1.3832115160656675e-06,5.10454032895953e-07,1.0,0.051954999999992424,71.577699
1412,1.3720337889311896e-06,5.058497905126063e-07,1.0,0.05240700000000231,71.630106
1413,1.3624088350810232e-06,5.112599257195525e-07,1.0,0.04993300000001,71.68003900000001
1414,1.3510571054264894e-06,5.029922782905165e-07,1.0,0.04935599999998885,71.729395
1415,1.3374640839662862e-06,4.892956253475788e-07,1.0,0.049852999999998815,71.779248
1416,1.3280946138197395e-06,4.88528936777064e-07,1.0,0.04916100000001222,71.82840900000001
1417,1.3195690673089874e-06,4.854241052920784e-07,1.0,0.04997999999999081,71.878389
1418,1.3105484816563377e-06,4.850441418867388e-07,1.0,0.049612000000010426,71.92800100000001
1419,1.302266814427823e-06,4.830503459308878e-07,1.0,0.05034299999999803,71.978344
1420,1.2920034328386662e-06,4.6667454330561695e-07,1.0,0.0518639999999948,72.030208
1421,1.2820831894730828e-06,4.6380253656507595e-07,1.0,0.050422999999995,72.080631
1422,1.273339139885518e-06,4.60777148000991e-07,1.0,0.05427300000000912,72.134904
1423,1.2630004183088846e-06,4.604325882918649e-07,1.0,0.05336099999999533,72.188265
1424,1.254496009589674e-06,4.5239524557657984e-07,1.0,0.052488999999994235,72.240754
1425,1.2455314248861354e-06,4.491837203605513e-07,1.0,0.049395000000004075,72.290149
1426,1.2379830929178827e-06,4.3716149998588104e-07,1.0,0.04928499999999758,72.339434
1427,1.2305747297062493e-06,4.33626911488889e-07,1.0,0.05192500000001132,72.39135900000001
1428,1.2222472256735564e-06,4.3222713023001954e-07,1.0,0.054831999999990444,72.446191
1429,1.212778329971143e-06,4.3997980695994465e-07,1.0,0.05032500000000084,72.496516
1430,1.2037418572199492e-06,4.3615141343284177e-07,1.0,0.04901800000000378,72.545534
1431,1.1946552331135027e-06,4.3979376204768254e-07,1.0,0.0498800000000017,72.595414
1432,1.1864817448334659e-06,4.236089105550705e-07,1.0,0.05073099999999897,72.646145
1433,1.1785820268637359e-06,4.223830458719907e-07,1.0,0.05254399999999748,72.698689
1434,1.1703870401079804e-06,4.061024925425314e-07,1.0,0.052477999999993585,72.751167
1435,1.1623184231927285e-06,4.160807331407068e-07,1.0,0.05055400000000532,72.801721
1436,1.1533098624530604e-06,4.1056379474657965e-07,1.0,0.050448000000002935,72.852169
1437,1.1445545434819685e-06,4.100174806642969e-07,1.0,0.052779999999998495,72.904949
1438,1.1346850571491771e-06,4.1314086721842965e-07,1.0,0.051477000000005546,72.95642600000001
1439,1.1273977340981004e-06,4.2335790469489346e-07,1.0,0.05049899999998786,73.006925
1440,1.118718601717908e-06,4.23138656804555e-07,1.0,0.05270900000000722,73.059634
1441,1.110447179210668e-06,4.105314532214819e-07,1.0,0.05056999999999334,73.110204
1442,1.1026749030147517e-06,4.0679254502545405e-07,1.0,0.05122200000000987,73.161426
1443,1.0951748312854143e-06,3.993823440951547e-07,1.0,0.050169999999994275,73.211596
1444,1.0871855473997675e-06,3.892799502371985e-07,1.0,0.051427000000003886,73.263023
1445,1.0788195305753023e-06,3.8874307366693845e-07,1.0,0.051985000000001946,73.315008
1446,1.0697697771909636e-06,3.9184214739945714e-07,1.0,0.05202699999999538,73.367035
1447,1.062464690338099e-06,3.941197780869639e-07,1.0,0.05198900000000606,73.41902400000001
1448,1.054803205182721e-06,3.963804438869405e-07,1.0,0.04978199999999333,73.468806
1449,1.0455339977410337e-06,3.8311730526115225e-07,1.0,0.05072900000000402,73.519535
1450,1.037881505043861e-06,3.7709933240822686e-07,1.0,0.0503530000000012,73.569888
1451,1.029833103577344e-06,3.7334653717574565e-07,1.0,0.05009299999998973,73.619981
1452,1.0190219477340678e-06,3.7212314070620295e-07,1.0,0.05173200000000122,73.671713
1453,1.0111094854128425e-06,3.7256718588058044e-07,1.0,0.04998300000001166,73.72169600000001
1454,1.0037143737047358e-06,3.675651216034622e-07,1.0,0.050069999999990955,73.771766
1455,9.97082098267e-07,3.5833741051459337e-07,1.0,0.046914999999998486,73.818681
1456,9.913579272838396e-07,3.493506577344079e-07,1.0,0.05232100000000628,73.871002
1457,9.847497413393794e-07,3.4849378546343077e-07,1.0,0.04931299999999794,73.920315
1458,9.764109140680937e-07,3.5239691024012634e-07,1.0,0.04942699999999434,73.969742
1459,9.692136981797725e-07,3.590063047955109e-07,1.0,0.0515710000000098,74.021313
1460,9.594466645348479e-07,3.597956983548735e-07,1.0,0.050829999999990605,74.072143
1461,9.518522957196748e-07,3.5748078605836654e-07,1.0,0.05160000000000764,74.123743
1462,9.443802004177537e-07,3.53157467293507e-07,1.0,0.04931200000000047,74.173055
1463,9.353298651960229e-07,3.658484301016359e-07,1.0,0.05202299999999127,74.225078
1464,9.261351307943248e-07,3.52483051343525e-07,1.0,0.052334999999999354,74.277413
1465,9.176300361250227e-07,3.373573850355453e-07,1.0,0.049381000000011,74.326794
1466,9.12602518673251e-07,3.4319949473792745e-07,1.0,0.05064499999998873,74.377439
1467,9.050937077853597e-07,3.387602062431539e-07,1.0,0.05083100000000229,74.42827
1468,8.970293418289556e-07,3.34294826672839e-07,1.0,0.050932000000003086,74.479202
1469,8.887974180415489e-07,3.2473443706976473e-07,1.0,0.0509490000000028,74.530151
1470,8.805659521157704e-07,3.1584324916319914e-07,1.0,0.04927499999999441,74.579426
1471,8.736967244895446e-07,3.1291275426535864e-07,1.0,0.05037699999999745,74.629803
1472,8.678962053653879e-07,3.1399563216325143e-07,1.0,0.05082700000001239,74.68063000000001
1473,8.607879463284526e-07,3.197799651445276e-07,1.0,0.051321000000001504,74.73195100000001
1474,8.524611060424172e-07,3.1710332720153243e-07,1.0,0.0502039999999937,74.782155
1475,8.458518761300755e-07,3.1108730990409247e-07,1.0,0.04985600000000545,74.83201100000001
1476,8.388430279442243e-07,3.103654370987543e-07,1.0,0.04939399999999239,74.881405
1477,8.322315301791e-07,3.012307304272087e-07,1.0,0.04939099999999996,74.930796
1478,8.26534753842301e-07,3.0167631472153947e-07,1.0,0.05047899999999572,74.981275
1479,8.204512041940757e-07,3.021505423355649e-07,1.0,0.048900000000003274,75.030175
1480,8.162804425967771e-07,3.0168841937563966e-07,1.0,0.051131999999995514,75.081307
1481,8.100508395866876e-07,2.981086008511803e-07,1.0,0.050224000000000046,75.131531
1482,8.045350814528541e-07,2.8907589806688054e-07,1.0,0.04886200000001395,75.18039300000001
1483,7.980505460189278e-07,2.8974070654542894e-07,1.0,0.04980999999999369,75.230203
1484,7.921172042729134e-07,2.806386402891374e-07,1.0,0.05174300000000187,75.281946
1485,7.87621646861199e-07,2.8321512210659524e-07,1.0,0.04998399999999492,75.33193
1486,7.828601889768156e-07,2.8468177241744065e-07,1.0,0.050457000000008634,75.38238700000001
1487,7.756067319921167e-07,2.870017993913012e-07,1.0,0.051057999999997605,75.433445
1488,7.712347784763966e-07,2.9042536849216634e-07,1.0,0.04900700000000313,75.48245200000001
1489,7.655578572617837e-07,2.823793240873053e-07,1.0,0.049583999999995854,75.532036
1490,7.614874299061557e-07,2.733795270355263e-07,1.0,0.049533999999994194,75.58157
1491,7.570911089594893e-07,2.8482984363887413e-07,1.0,0.05099700000000951,75.63256700000001
1492,7.5089821782871e-07,2.8716008046910824e-07,1.0,0.049511999999992895,75.682079
1493,7.464512294068641e-07,2.7983164790590203e-07,1.0,0.050990999999996234,75.73307
1494,7.406133099012625e-07,2.782912293850621e-07,1.0,0.05076900000000251,75.783839
1495,7.336268274942312e-07,2.627867149102086e-07,1.0,0.05186700000000144,75.835706
1496,7.284721702823438e-07,2.599168084104227e-07,1.0,0.05594200000000171,75.891648
1497,7.238012533834769e-07,2.635371137134052e-07,1.0,0.048816999999999666,75.940465
1498,7.177798325622421e-07,2.631370170920341e-07,1.0,0.04962399999999434,75.990089
1499,7.11932645257199e-07,2.6071734853449275e-07,1.0,0.049210000000002196,76.039299
1500,7.05841211929341e-07,2.5851543545391074e-07,1.0,0.04924400000000162,76.088543
1501,7.009931532921613e-07,2.599221678007446e-07,1.0,0.0501119999999986,76.138655
1502,6.947607211786932e-07,2.5093667518404825e-07,1.0,0.0506160000000051,76.189271
1503,6.894210323704837e-07,2.509079971035295e-07,1.0,0.049395000000004075,76.23866600000001
1504,6.849769621122232e-07,2.429068045505345e-07,1.0,0.04982299999998929,76.288489
1505,6.805317193356827e-07,2.416431885552487e-07,1.0,0.0493720000000053,76.337861
1506,6.770254649904235e-07,2.437849882784528e-07,1.0,0.049092999999999165,76.386954
1507,6.717636903447046e-07,2.433692449751786e-07,1.0,0.050195999999999685,76.43715
1508,6.662278679504079e-07,2.4249341004615004e-07,1.0,0.0498230000000035,76.486973
1509,6.616796933108929e-07,2.432492964720401e-07,1.0,0.04984299999999564,76.536816
1510,6.562305790677154e-07,2.4032112654316123e-07,1.0,0.04949000000000581,76.58630600000001
1511,6.508037219827146e-07,2.411241874335807e-07,1.0,0.05025499999999283,76.636561
1512,6.466346788946107e-07,2.3756437600662762e-07,1.0,0.053071000000002755,76.689632
1513,6.42052437100386e-07,2.3499724177591553e-07,1.0,0.05038600000000315,76.740018
1514,6.355832622079321e-07,2.281196291066603e-07,1.0,0.05109399999999198,76.791112
1515,6.322332188966616e-07,2.2847643247767075e-07,1.0,0.050374000000005026,76.841486
1516,6.259763930460196e-07,2.2869708669493412e-07,1.0,0.04940899999999715,76.890895
1517,6.210611391297626e-07,2.3087821905799435e-07,1.0,0.049957000000006246,76.940852
1518,6.170645857054223e-07,2.265565447889479e-07,1.0,0.0569059999999979,76.997758
1519,6.132465983340248e-07,2.2331426557699166e-07,1.0,0.05270299999999395,77.050461
1520,6.081598821469915e-07,2.2395221792674577e-07,1.0,0.05097000000000662,77.101431
1521,6.032335773349492e-07,2.20535197296349e-07,1.0,0.049752999999995495,77.151184
1522,5.979100814819016e-07,2.1917360513756416e-07,1.0,0.048862999999997214,77.200047
1523,5.922653785395209e-07,2.2091229790878187e-07,1.0,0.051529000000002156,77.251576
1524,5.876399703081388e-07,2.2430133341902228e-07,1.0,0.052502000000004045,77.304078
1525,5.836935791730022e-07,2.188579852746792e-07,1.0,0.05628799999999501,77.360366
1526,5.788744749655214e-07,2.1646318235815536e-07,1.0,0.05325700000000211,77.413623
1527,5.740806354905184e-07,2.1750405322720205e-07,1.0,0.05058999999999969,77.464213
1528,5.704821598139328e-07,2.125867853641876e-07,1.0,0.049689999999998236,77.513903
1529,5.656440704954992e-07,2.1505537114782857e-07,1.0,0.050524000000010005,77.56442700000001
1530,5.605141545827655e-07,2.0880552118714002e-07,1.0,0.04981299999998612,77.61424
1531,5.559499859112179e-07,2.0697772385234987e-07,1.0,0.0496830000000017,77.663923
1532,5.508330076222908e-07,2.095392013546875e-07,1.0,0.050413000000006036,77.714336
1533,5.462971172503532e-07,2.0552594587343133e-07,1.0,0.05071099999999262,77.765047
1534,5.42667301186975e-07,2.0383092009952335e-07,1.0,0.052092000000001804,77.817139
1535,5.385544177422222e-07,2.0230111581057654e-07,1.0,0.04929599999999823,77.866435
1536,5.337813751321085e-07,1.9934168884461016e-07,1.0,0.054591000000002055,77.921026
1537,5.293363021391499e-07,1.9576110831338154e-07,1.0,0.05390200000000789,77.974928
1538,5.257138317589305e-07,1.9103326597473036e-07,1.0,0.05484299999999109,78.029771
1539,5.219773843313653e-07,1.8564876147631088e-07,1.0,0.051400000000001,78.081171
1540,5.183917253763475e-07,1.8482356292263865e-07,1.0,0.05326100000000622,78.134432
1541,5.139083383119702e-07,1.84784580348047e-07,1.0,0.053439999999994825,78.187872
1542,5.097310954749855e-07,1.844141582273335e-07,1.0,0.056975000000008436,78.24484700000001
1543,5.055765668079976e-07,1.8325901370230756e-07,1.0,0.05326999999999771,78.298117
1544,5.024626638810787e-07,1.8388892956777595e-07,1.0,0.053997999999992885,78.352115
1545,4.981397297263894e-07,1.807887062046846e-07,1.0,0.054250000000010346,78.40636500000001
1546,4.952805223648027e-07,1.8307867760208964e-07,1.0,0.053556999999997856,78.459922
1547,4.910068489367595e-07,1.7763758808326443e-07,1.0,0.054633999999992966,78.514556
1548,4.871748720017077e-07,1.774058459262634e-07,1.0,0.06207000000000562,78.576626
1549,4.829896257798009e-07,1.748688552883178e-07,1.0,0.053732999999994036,78.630359
1550,4.780747128765059e-07,1.705844571378229e-07,1.0,0.048511000000004856,78.67887
1551,4.7409604760140943e-07,1.7292319878884236e-07,1.0,0.05055099999999868,78.729421
1552,4.7036609545155815e-07,1.7002543155112224e-07,1.0,0.051933000000005336,78.78135400000001
1553,4.671959968631298e-07,1.6700524210581703e-07,1.0,0.05297999999999092,78.834334
1554,4.6331593467367677e-07,1.6337571001944303e-07,1.0,0.05263600000000679,78.88697
1555,4.589093046511583e-07,1.6400606804053463e-07,1.0,0.05010199999999543,78.937072
1556,4.551883052799999e-07,1.6295146296429753e-07,1.0,0.04943500000000256,78.986507
1557,4.516830826013919e-07,1.5975139879134948e-07,1.0,0.05013599999999485,79.036643
1558,4.487641586400625e-07,1.6336162789507054e-07,1.0,0.04941800000000285,79.086061
1559,4.455449044152412e-07,1.651947883992921e-07,1.0,0.05092100000000244,79.136982
1560,4.4196057069971213e-07,1.6368969693136888e-07,1.0,0.050752000000002795,79.187734
1561,4.3934028524325737e-07,1.6048964110211837e-07,1.0,0.04934799999999484,79.237082
1562,4.3617688974208464e-07,1.5850845879869558e-07,1.0,0.04961500000000285,79.286697
1563,4.339650882046027e-07,1.5733812875975697e-07,1.0,0.05015799999999615,79.336855
1564,4.300310988934164e-07,1.5802573397684657e-07,1.0,0.04926199999999881,79.386117
1565,4.2712059234951656e-07,1.5419446981086386e-07,1.0,0.04946800000000451,79.435585
1566,4.233406125792209e-07,1.5168348313975424e-07,1.0,0.05057499999999493,79.48616
1567,4.2093539271078915e-07,1.52806711383017e-07,1.0,0.049849000000008914,79.536009
1568,4.1741743035067914e-07,1.5273420775958797e-07,1.0,0.05106399999999667,79.587073
1569,4.1406538913769236e-07,1.539179556538851e-07,1.0,0.0499460000000056,79.63701900000001
1570,4.1012384851314273e-07,1.4846059667956856e-07,1.0,0.050236999999995646,79.687256
1571,4.0649956584178114e-07,1.4781519099926362e-07,1.0,0.04955699999999297,79.736813
1572,4.0369024477999624e-07,1.5199017722224464e-07,1.0,0.051997999999997546,79.788811
1573,4.004915264394606e-07,1.4877192322888888e-07,1.0,0.05050500000000113,79.839316
1574,3.971686308914147e-07,1.4344655629803257e-07,1.0,0.04920700000000977,79.888523
1575,3.942610358633037e-07,1.4434136015102345e-07,1.0,0.04973900000000242,79.93826200000001
1576,3.9076787964659073e-07,1.4115998960699068e-07,1.0,0.05000199999999211,79.988264
1577,3.876773948998631e-07,1.39822659978629e-07,1.0,0.049323000000001116,80.037587
1578,3.83877597037949e-07,1.4007279587911377e-07,1.0,0.05259599999999409,80.090183
1579,3.811683320693894e-07,1.3929973279678136e-07,1.0,0.05063400000000229,80.140817
1580,3.782371505129768e-07,1.3919062613102105e-07,1.0,0.05060799999999688,80.191425
1581,3.7574812639997477e-07,1.3658481087443378e-07,1.0,0.04952800000000934,80.240953
1582,3.72631393984228e-07,1.36800746104485e-07,1.0,0.05069399999999291,80.291647
1583,3.7016923930773123e-07,1.3506751691818305e-07,1.0,0.050993000000005395,80.34264
1584,3.6758740130337286e-07,1.3535613923156966e-07,1.0,0.05191100000000404,80.394551
1585,3.6487784891279605e-07,1.356128193009378e-07,1.0,0.05233099999999524,80.446882
1586,3.616239152659026e-07,1.3069083383458685e-07,1.0,0.05235100000000159,80.499233
1587,3.590199033315295e-07,1.298436184145969e-07,1.0,0.05172199999999805,80.550955
1588,3.561683147450687e-07,1.27683204172052e-07,1.0,0.049870999999996,80.600826
1589,3.535771126144796e-07,1.2726565616727576e-07,1.0,0.04993799999999737,80.650764
1590,3.512429418936738e-07,1.231164046213113e-07,1.0,0.062254000000010024,80.713018
1591,3.47618029504104e-07,1.2319429561564758e-07,1.0,0.05753599999999892,80.770554
1592,3.4530531758828335e-07,1.2281871289879216e-07,1.0,0.059139999999999304,80.829694
1593,3.431150979179312e-07,1.236451219192587e-07,1.0,0.054387000000005514,80.88408100000001
1594,3.4122841714855186e-07,1.2068328206674314e-07,1.0,0.05904499999999757,80.943126
1595,3.386142245468531e-07,1.2002727061849511e-07,1.0,0.05597699999999861,80.999103
1596,3.359839192698426e-07,1.2189890144263328e-07,1.0,0.05180000000000007,81.050903
1597,3.335445521123115e-07,1.2244206336815773e-07,1.0,0.049768000000000256,81.100671
1598,3.3052039893997945e-07,1.2230868733106954e-07,1.0,0.049829000000002566,81.15050000000001
1599,3.280114803684616e-07,1.215772082999715e-07,1.0,0.05504299999999773,81.205543
1600,3.25337450752203e-07,1.1843136201682148e-07,1.0,0.05506299999998987,81.260606
1601,3.226887772584526e-07,1.1803344619922761e-07,1.0,0.05041000000001361,81.31101600000001
1602,3.198834989913999e-07,1.1834388302964146e-07,1.0,0.05200199999998745,81.363018
1603,3.169809339468724e-07,1.1693459350112034e-07,1.0,0.05094200000000626,81.41396
1604,3.1477709417752e-07,1.1297389614066594e-07,1.0,0.05125900000000172,81.465219
1605,3.1239711197950733e-07,1.1506677797752032e-07,1.0,0.051877000000004614,81.51709600000001
1606,3.097197990171697e-07,1.1889128646698296e-07,1.0,0.05255999999999972,81.56965600000001
1607,3.074015658356828e-07,1.1867994618618527e-07,1.0,0.051148999999995226,81.620805
1608,3.0500160152821195e-07,1.1373957598188978e-07,1.0,0.049419000000000324,81.670224
1609,3.0240335032505915e-07,1.1123856858413318e-07,1.0,0.05032699999999579,81.720551
1610,2.9972617025984417e-07,1.1046235455381265e-07,1.0,0.05168299999999704,81.772234
1611,2.971591943820409e-07,1.0945382315881834e-07,1.0,0.05193200000000786,81.824166
1612,2.944739176448379e-07,1.0738070430437153e-07,1.0,0.04926100000000133,81.873427
1613,2.9239565486754015e-07,1.0731536827307355e-07,1.0,0.0501909999999981,81.923618
1614,2.906558712299466e-07,1.0622351938237346e-07,1.0,0.051827000000002954,81.97544500000001
1615,2.887446818664421e-07,1.0776729908592711e-07,1.0,0.051057999999997605,82.026503
1616,2.8652786372812534e-07,1.052349994797416e-07,1.0,0.05042999999999154,82.076933
1617,2.846076622529509e-07,1.0775982886830199e-07,1.0,0.05140300000000764,82.128336
1618,2.823892606644743e-07,1.086852579424769e-07,1.0,0.05067199999999161,82.179008
1619,2.8063775750903416e-07,1.0568127300321028e-07,1.0,0.050980000000009795,82.229988
1620,2.782704999007508e-07,1.0262948326066437e-07,1.0,0.05062699999999154,82.280615
1621,2.75808737787748e-07,9.945573423089552e-08,1.0,0.051968000000002235,82.332583
1622,2.7411749220584534e-07,1.0064905183793189e-07,1.0,0.055272999999999683,82.387856
1623,2.724170928373016e-07,9.925420737153014e-08,1.0,0.05213799999999935,82.439994
1624,2.710395230571518e-07,9.86943206346197e-08,1.0,0.05280299999999727,82.492797
1625,2.6888642016319816e-07,9.555598918359525e-08,1.0,0.05030800000000113,82.543105
1626,2.6691778615181236e-07,9.482351819616194e-08,1.0,0.050457000000008634,82.593562
1627,2.642780147919356e-07,9.512455161256999e-08,1.0,0.05143699999999285,82.644999
1628,2.626026080430134e-07,9.503250652566298e-08,1.0,0.050499999999999545,82.695499
1629,2.606817461797629e-07,9.576435379879799e-08,1.0,0.05286000000000968,82.74835900000001
1630,2.585522849007497e-07,9.489595995396841e-08,1.0,0.04934799999999484,82.797707
1631,2.569320764078241e-07,9.388799625256757e-08,1.0,0.05056899999999587,82.848276
1632,2.554663746669027e-07,9.171329836064214e-08,1.0,0.0486489999999975,82.896925
1633,2.5350558597580967e-07,9.106251525282948e-08,1.0,0.049495000000007394,82.94642
1634,2.517441474676732e-07,9.087970095736099e-08,1.0,0.04891399999999635,82.995334
1635,2.500964958824794e-07,8.844097531998192e-08,1.0,0.050786999999999694,83.046121
1636,2.4862651937623477e-07,8.833816669579286e-08,1.0,0.05142899999999884,83.09755
1637,2.4662773373125743e-07,9.009020275174776e-08,1.0,0.04973100000000841,83.147281
1638,2.4497641309414795e-07,8.776605045368537e-08,1.0,0.050475999999989085,83.197757
1639,2.4309535727742875e-07,8.918660233804982e-08,1.0,0.049764000000010356,83.247521
1640,2.409739267563625e-07,8.849595637747e-08,1.0,0.050158999999993625,83.29768
1641,2.3939427758278025e-07,8.931767067761944e-08,1.0,0.051134000000004676,83.348814
1642,2.3700795916397614e-07,8.812752744395531e-08,1.0,0.04969499999999982,83.398509
1643,2.3528602542499152e-07,8.545627576888589e-08,1.0,0.050551999999996156,83.449061
1644,2.3349055480923387e-07,8.427780961527177e-08,1.0,0.05066999999999666,83.499731
1645,2.3179222551905108e-07,8.404628911989626e-08,1.0,0.0503840000000082,83.550115
1646,2.2979085701973519e-07,8.387153257728807e-08,1.0,0.050890999999992914,83.601006
1647,2.2801132858827342e-07,8.475029220678443e-08,1.0,0.051642000000001076,83.652648
1648,2.2591085737268915e-07,8.170031691266472e-08,1.0,0.050916999999998325,83.703565
1649,2.2374560449423294e-07,8.174191772248192e-08,1.0,0.050509000000005244,83.754074
1650,2.221739450129713e-07,8.147632732955287e-08,1.0,0.05026300000000106,83.804337
1651,2.205733858900432e-07,7.885194547792178e-08,1.0,0.05170900000000245,83.856046
1652,2.1871577813214336e-07,7.733673104798159e-08,1.0,0.051285999999990395,83.907332
1653,2.1730117076137367e-07,7.570992432486448e-08,1.0,0.0499240000000043,83.957256
1654,2.1618552833644658e-07,7.665323459598778e-08,1.0,0.049840000000003215,84.007096
1655,2.1479434117773886e-07,7.637590239672421e-08,1.0,0.05029700000000048,84.057393
1656,2.1341332048928806e-07,7.58544144656585e-08,1.0,0.05235499999999149,84.109748
1657,2.1184890814866775e-07,7.723900602305858e-08,1.0,0.050248000000010506,84.159996
1658,2.0944168285917221e-07,7.821139219985063e-08,1.0,0.04953499999999167,84.209531
1659,2.079937881097334e-07,7.95164917952831e-08,1.0,0.04977999999999838,84.259311
1660,2.0675508987889145e-07,7.83522801284232e-08,1.0,0.052806000000003905,84.312117
1661,2.0447416913216836e-07,7.488382477170778e-08,1.0,0.049119000000004576,84.361236
1662,2.0265145333414625e-07,7.559692325413901e-08,1.0,0.04976499999999362,84.411001
1663,2.0153946198736647e-07,7.541125766303532e-08,1.0,0.050311000000007766,84.461312
1664,1.9993995563706242e-07,7.614918721731197e-08,1.0,0.05229399999998918,84.513606
1665,1.9871118518740275e-07,7.392273811835014e-08,1.0,0.04921600000000126,84.562822
1666,1.975555344832266e-07,7.307468083783829e-08,1.0,0.04949299999999823,84.612315
1667,1.9623848477032739e-07,7.164105371782557e-08,1.0,0.04851300000001402,84.66082800000001
1668,1.9491932502985875e-07,6.961443124327683e-08,1.0,0.05083599999998967,84.711664
1669,1.9347043378381878e-07,6.967892785633764e-08,1.0,0.05245299999999986,84.764117
1670,1.925492099383208e-07,6.915078545533835e-08,1.0,0.05001000000000033,84.814127
1671,1.9089601002416252e-07,6.908032061620525e-08,1.0,0.053987000000006446,84.868114
1672,1.8968830246801102e-07,6.95499018604962e-08,1.0,0.050221999999990885,84.918336
1673,1.8792928505983487e-07,6.810503496562695e-08,1.0,0.04928999999999917,84.967626
1674,1.86602982776202e-07,6.688840722655522e-08,1.0,0.04954600000000653,85.017172
1675,1.8522721820270744e-07,6.68418579711685e-08,1.0,0.050293999999993844,85.067466
1676,1.8371970460012858e-07,6.55941047255477e-08,1.0,0.05304100000000744,85.120507
1677,1.8224938002643395e-07,6.59433786343973e-08,1.0,0.050663000000000125,85.17117
1678,1.8108838598111213e-07,6.551477176658405e-08,1.0,0.04940899999999715,85.220579
1679,1.7983266573671474e-07,6.548582783771765e-08,1.0,0.049891999999999825,85.270471
1680,1.782831625973382e-07,6.410665984286328e-08,1.0,0.04946800000000451,85.319939
1681,1.768601776909937e-07,6.232315255739946e-08,1.0,0.04912899999999354,85.369068
1682,1.7548017061408363e-07,6.310763203608732e-08,1.0,0.05123100000000136,85.420299
1683,1.741828671962207e-07,6.162824263736278e-08,1.0,0.04997300000000848,85.47027200000001
1684,1.7305828312958925e-07,6.056508589416278e-08,1.0,0.049370999999993614,85.519643
1685,1.7186600482580702e-07,5.993952516483404e-08,1.0,0.0488679999999988,85.568511
1686,1.7048287197247862e-07,6.086864975735464e-08,1.0,0.04972999999999672,85.618241
1687,1.6946327122502893e-07,5.966633020546178e-08,1.0,0.05156999999999812,85.669811
1688,1.6797743647848366e-07,5.97650056126724e-08,1.0,0.04994500000000812,85.719756
1689,1.6673029782296072e-07,6.0130678133069e-08,1.0,0.04996199999999362,85.769718
1690,1.6544436399919204e-07,6.019641988708922e-08,1.0,0.050244000000006395,85.819962
1691,1.6424135821535211e-07,5.987696757035521e-08,1.0,0.04982599999999593,85.869788
1692,1.6306525436932964e-07,6.015260109431982e-08,1.0,0.04890100000000075,85.918689
1693,1.6158229206251045e-07,6.041870609178027e-08,1.0,0.05028000000000077,85.968969
1694,1.6019560400977156e-07,5.9034843620405085e-08,1.0,0.04932600000000775,86.01829500000001
1695,1.5896276424602142e-07,5.835172429883931e-08,1.0,0.0496209999999877,86.067916
1696,1.579472553737496e-07,5.7722753908290156e-08,1.0,0.047812000000007515,86.115728
1697,1.5654698271508723e-07,5.59484428501653e-08,1.0,0.05124100000000453,86.16696900000001
1698,1.5563767783637566e-07,5.534012577323863e-08,1.0,0.05148699999999451,86.218456
1699,1.5463261355279075e-07,5.631251413712911e-08,1.0,0.050119999999992615,86.268576
1700,1.53444635997258e-07,5.679334516026841e-08,1.0,0.049747000000010644,86.318323
1701,1.524069023508787e-07,5.526456003869448e-08,1.0,0.050475999999989085,86.368799
1702,1.5137651254440213e-07,5.6353930431028095e-08,1.0,0.04964600000000985,86.418445
1703,1.4998020671273982e-07,5.5891071005732845e-08,1.0,0.049092999999999165,86.467538
1704,1.489780724837617e-07,5.5874788302535784e-08,1.0,0.049995999999993046,86.517534
1705,1.4764457495104397e-07,5.6186479513056024e-08,1.0,0.050398000000001275,86.567932
1706,1.4654477177804233e-07,5.482911714643924e-08,1.0,0.051386000000007925,86.619318
1707,1.4537289385257423e-07,5.4364399752278436e-08,1.0,0.05015099999999961,86.669469
1708,1.4410893447357637e-07,5.1878561702031475e-08,1.0,0.0503439999999955,86.719813
1709,1.4323064378309741e-07,5.1353872878689986e-08,1.0,0.04927899999999852,86.769092
1710,1.421082925863721e-07,5.0915981805673455e-08,1.0,0.05008800000000235,86.81918
1711,1.412001345777271e-07,4.905291914000198e-08,1.0,0.05037099999999839,86.869551
1712,1.4017485655166804e-07,4.960162189753489e-08,1.0,0.050004999999998745,86.919556
1713,1.392312269615062e-07,4.953001791397236e-08,1.0,0.05017499999999586,86.969731
1714,1.3824332816282467e-07,5.0046794863929546e-08,1.0,0.04986300000000199,87.019594
1715,1.372129110351111e-07,4.9099083443620415e-08,1.0,0.04986100000000704,87.069455
1716,1.3610669762185035e-07,4.951097915863956e-08,1.0,0.05000099999999463,87.119456
1717,1.3513654625279957e-07,4.936572201848777e-08,1.0,0.05031499999999767,87.169771
1718,1.3384467309753224e-07,4.8895044339883765e-08,1.0,0.0499590000000012,87.21973
1719,1.330985278945896e-07,4.99476712346645e-08,1.0,0.05255300000000318,87.272283
1720,1.3214465504975515e-07,4.882714000966054e-08,1.0,0.05121699999999407,87.3235
1721,1.3107571735063634e-07,4.8096904334586994e-08,1.0,0.05081200000000763,87.374312
1722,1.3019433383904066e-07,4.687804260316595e-08,1.0,0.05035399999999868,87.424666
1723,1.2949786407498888e-07,4.6903067558119384e-08,1.0,0.049508000000002994,87.474174
1724,1.2858839159525217e-07,4.6648175208008887e-08,1.0,0.054506000000003496,87.52868000000001
1725,1.2772977308977235e-07,4.4901317313304806e-08,1.0,0.05230499999998983,87.580985
1726,1.2682744599682247e-07,4.560317040157501e-08,1.0,0.05086000000000013,87.631845
1727,1.256717022391454e-07,4.530238926542466e-08,1.0,0.051566000000008216,87.683411
1728,1.2490711945752016e-07,4.479289672809592e-08,1.0,0.050497999999990384,87.733909
1729,1.2392809553919595e-07,4.452532726694901e-08,1.0,0.04979099999999903,87.7837
1730,1.2305946707033964e-07,4.4268749540147286e-08,1.0,0.050083000000000766,87.833783
1731,1.2231335013404732e-07,4.4534845852183875e-08,1.0,0.04980600000000379,87.883589
1732,1.211842849112232e-07,4.4416240847178514e-08,1.0,0.049002000000001544,87.932591
1733,1.2005705776753906e-07,4.346209869943653e-08,1.0,0.05155899999999747,87.98415
1734,1.1901795777002801e-07,4.3173425289420185e-08,1.0,0.052148000000002526,88.036298
1735,1.1823747844364681e-07,4.25708361769072e-08,1.0,0.04966500000000451,88.085963
1736,1.1717082069938835e-07,4.2837422843997774e-08,1.0,0.04993399999999326,88.135897
1737,1.162594290408505e-07,4.229342448080239e-08,1.0,0.05022300000000257,88.18612
1738,1.1538977911538797e-07,4.251208591355372e-08,1.0,0.05562799999999868,88.241748
1739,1.1438949203585672e-07,4.243412848474884e-08,1.0,0.04912699999999859,88.290875
1740,1.1339229380978766e-07,4.167548643070949e-08,1.0,0.04900800000000061,88.339883
1741,1.1254814272450912e-07,4.21724916868535e-08,1.0,0.050246000000001345,88.390129
1742,1.1149725832598086e-07,4.200762233874595e-08,1.0,0.04958700000000249,88.439716
1743,1.1067996345142861e-07,4.131800545045242e-08,1.0,0.050224000000000046,88.48994
1744,1.0981362607316839e-07,4.085065675686987e-08,1.0,0.0524819999999977,88.542422
1745,1.089942300522905e-07,4.0646822816818755e-08,1.0,0.051562000000004105,88.593984
1746,1.0820808036002467e-07,4.056733354913594e-08,1.0,0.049967999999992685,88.643952
1747,1.0721166132056229e-07,3.892459063233892e-08,1.0,0.05048800000000142,88.69444
1748,1.0633301515373568e-07,3.785324426366537e-08,1.0,0.04934000000000083,88.74378
1749,1.05699230661833e-07,3.807629880481843e-08,1.0,0.049526999999997656,88.793307
1750,1.0500371605165298e-07,3.812208727340106e-08,1.0,0.049899000000010574,88.84320600000001
1751,1.0429898864884125e-07,3.723314995642415e-08,1.0,0.05100299999999436,88.894209
1752,1.0342599274974854e-07,3.708338513884409e-08,1.0,0.04989100000000235,88.9441
1753,1.0272744571310223e-07,3.6628315529726464e-08,1.0,0.049840000000003215,88.99394000000001
1754,1.0196310380402598e-07,3.6476707922005295e-08,1.0,0.04957799999999679,89.043518
1755,1.0113577206021808e-07,3.720447096238081e-08,1.0,0.05085299999998938,89.094371
1756,1.0027499234675463e-07,3.720633466163484e-08,1.0,0.05002600000000257,89.144397
1757,9.948851238010127e-08,3.5990099781607085e-08,1.0,0.05046900000000676,89.194866
1758,9.877535281120154e-08,3.702860096762728e-08,1.0,0.04980899999999622,89.244675
1759,9.79541064317084e-08,3.595704578979535e-08,1.0,0.049318999999997004,89.293994
1760,9.731107593326168e-08,3.596760100001259e-08,1.0,0.04958899999999744,89.343583
1761,9.652313111668219e-08,3.416150241167279e-08,1.0,0.05083200000001398,89.39441500000001
1762,9.596415091188078e-08,3.467103014164834e-08,1.0,0.050423999999992475,89.444839
1763,9.532769530372204e-08,3.453056963434256e-08,1.0,0.0505940000000038,89.495433
1764,9.468160460998872e-08,3.4570516705200884e-08,1.0,0.050243999999992184,89.545677
1765,9.392876966473836e-08,3.5700562978815997e-08,1.0,0.05012700000000336,89.595804
1766,9.310178044685269e-08,3.4995183407009924e-08,1.0,0.0511900000000054,89.646994
1767,9.219825645545484e-08,3.5087707577290434e-08,1.0,0.05025799999999947,89.697252
1768,9.136935473535347e-08,3.3467422929776565e-08,1.0,0.049583999999995854,89.746836
1769,9.058287117129291e-08,3.308788023166836e-08,1.0,0.05252000000000123,89.799356
1770,8.994883904137974e-08,3.2101003360961133e-08,1.0,0.05236600000000635,89.85172200000001
1771,8.944857636367007e-08,3.178907920013639e-08,1.0,0.05188499999999863,89.90360700000001
1772,8.867655354817037e-08,3.2929477905396356e-08,1.0,0.049296999999995705,89.952904
1773,8.79042965929947e-08,3.196557570095196e-08,1.0,0.04990899999999954,90.002813
1774,8.708295125226623e-08,3.170759120937553e-08,1.0,0.05030800000000113,90.053121
1775,8.650911420228092e-08,3.182325736738536e-08,1.0,0.04809899999999345,90.10122
1776,8.587958490503637e-08,3.116162813039236e-08,1.0,0.050589000000002216,90.151809
1777,8.537090525112279e-08,3.083198546240641e-08,1.0,0.050522000000000844,90.202331
1778,8.483635059496362e-08,3.042235965695742e-08,1.0,0.0512120000000067,90.25354300000001
1779,8.412131979530693e-08,3.001723585933292e-08,1.0,0.04920299999999145,90.302746
1780,8.332938216830551e-08,3.061681216137946e-08,1.0,0.05147000000000901,90.35421600000001
1781,8.268139974424197e-08,2.9238470032815434e-08,1.0,0.05048199999998815,90.404698
1782,8.213202237849675e-08,3.0132710875335874e-08,1.0,0.05040300000000286,90.455101
1783,8.158273626571341e-08,2.9642098236659516e-08,1.0,0.05067900000000236,90.50578
1784,8.092564006622784e-08,3.0490151659001535e-08,1.0,0.050116000000002714,90.555896
1785,8.024849453391533e-08,2.986667600876071e-08,1.0,0.049863999999999464,90.60576
1786,7.9722990181235e-08,2.940925442219725e-08,1.0,0.05201699999999221,90.657777
1787,7.900737386078e-08,2.9216607410665085e-08,1.0,0.055120999999999754,90.712898
1788,7.818693954767392e-08,2.945559522902056e-08,1.0,0.05460500000000934,90.767503
1789,7.763608614271586e-08,2.8773481039096956e-08,1.0,0.05263099999999099,90.820134
1790,7.703202063151118e-08,2.8129750489088825e-08,1.0,0.05045800000000611,90.870592
1791,7.641310371456463e-08,2.7579964443072338e-08,1.0,0.04875800000000652,90.91935000000001
1792,7.595204303305848e-08,2.74809663887332e-08,1.0,0.05102599999999313,90.970376
1793,7.540255975145634e-08,2.7117573747115996e-08,1.0,0.05001900000000603,91.02039500000001
1794,7.483648818557424e-08,2.656034298908639e-08,1.0,0.05102499999999566,91.07142
1795,7.43950657367288e-08,2.6552688997422085e-08,1.0,0.050534999999996444,91.121955
1796,7.399751853358992e-08,2.580797069134937e-08,1.0,0.053263999999998646,91.175219
1797,7.346496826371933e-08,2.6434620641396184e-08,1.0,0.059487000000004286,91.234706
1798,7.288769046059313e-08,2.6849105550848523e-08,1.0,0.054653999999999314,91.28936
1799,7.235866279067574e-08,2.596605636843073e-08,1.0,0.0504099999999994,91.33977
1800,7.180931710118453e-08,2.5330173263497906e-08,1.0,0.05231600000000469,91.392086
1801,7.135452040793588e-08,2.557497824629747e-08,1.0,0.05391899999999339,91.446005
1802,7.071447896045871e-08,2.5195578579986253e-08,1.0,0.054884000000001265,91.500889
1803,7.01447156631199e-08,2.4607318572381358e-08,1.0,0.05216400000000476,91.553053
1804,6.965559710092533e-08,2.3917649887360318e-08,1.0,0.049698999999989724,91.602752
1805,6.92439393811666e-08,2.4588332332244248e-08,1.0,0.04902300000000537,91.651775
1806,6.871817331379e-08,2.528814757917108e-08,1.0,0.04951499999999953,91.70129
1807,6.810240115303599e-08,2.520906703123123e-08,1.0,0.05184900000000425,91.753139
1808,6.751973924106395e-08,2.4176958475313377e-08,1.0,0.04994499999999391,91.803084
1809,6.705803861146182e-08,2.4618589429807756e-08,1.0,0.05050800000000777,91.853592
1810,6.638408423141094e-08,2.4697310447077078e-08,1.0,0.04932900000000018,91.902921
1811,6.585267079511614e-08,2.3597446361032308e-08,1.0,0.051587999999995304,91.954509
1812,6.5245745198214e-08,2.3802388029221953e-08,1.0,0.049409999999994625,92.003919
1813,6.477014496475078e-08,2.3380904974485464e-08,1.0,0.05124200000000201,92.055161
1814,6.427490751878928e-08,2.4096175468370854e-08,1.0,0.05020100000000127,92.105362
1815,6.37857628945284e-08,2.3393778638527406e-08,1.0,0.04854500000000428,92.153907
1816,6.330194733291296e-08,2.323117095731306e-08,1.0,0.059573999999997795,92.213481
1817,6.262560356251075e-08,2.3102682598564024e-08,1.0,0.05352200000000096,92.267003
1818,6.213728889483095e-08,2.2740266233954725e-08,1.0,0.052565000000001305,92.319568
1819,6.163577154939325e-08,2.2336349205208675e-08,1.0,0.05167099999999891,92.371239
1820,6.119783460999951e-08,2.226869859283829e-08,1.0,0.05077699999999652,92.422016
1821,6.076530603339009e-08,2.182265378117935e-08,1.0,0.05493700000000956,92.47695300000001
1822,6.034033745640242e-08,2.1687338081401156e-08,1.0,0.0527359999999959,92.529689
1823,5.98576852451512e-08,2.1502637086720733e-08,1.0,0.05112199999999234,92.580811
1824,5.9390270723079235e-08,2.1555300558527616e-08,1.0,0.04906000000001143,92.62987100000001
1825,5.897568984802192e-08,2.118882090929709e-08,1.0,0.05058299999998894,92.680454
1826,5.857511838899703e-08,2.1158961835054917e-08,1.0,0.050728000000006546,92.731182
1827,5.808418095162525e-08,2.0884958205011495e-08,1.0,0.05206199999999228,92.783244
1828,5.765505369160976e-08,2.0870889636423998e-08,1.0,0.05348200000000247,92.836726
1829,5.729636447978916e-08,2.068247997013381e-08,1.0,0.051614000000000715,92.88834
1830,5.6818272458500635e-08,2.0502183627958228e-08,1.0,0.04959800000000314,92.937938
1831,5.6412271905785667e-08,2.0702054287532705e-08,1.0,0.048558999999997354,92.986497
1832,5.603185007397218e-08,2.024155758165442e-08,1.0,0.05085300000000359,93.03735
1833,5.554351464486487e-08,2.012217867632162e-08,1.0,0.04974099999999737,93.087091
1834,5.516630816394803e-08,1.9819791028155462e-08,1.0,0.05011000000000365,93.137201
1835,5.486076796577231e-08,1.9882418676303067e-08,1.0,0.050056999999995355,93.187258
1836,5.451271749831213e-08,1.9619785316017683e-08,1.0,0.050261000000006106,93.237519
1837,5.4052219885970873e-08,1.946882243253619e-08,1.0,0.04962399999999434,93.287143
1838,5.370810400938784e-08,1.9317988940782713e-08,1.0,0.04974699999999643,93.33689
1839,5.322936041187836e-08,1.9507160223066575e-08,1.0,0.050602000000012026,93.38749200000001
1840,5.277715261913499e-08,1.9283176219558674e-08,1.0,0.049192999999988274,93.436685
1841,5.244333522378295e-08,1.8820417679267408e-08,1.0,0.051742000000004396,93.488427
1842,5.203633785229449e-08,1.9163296751767184e-08,1.0,0.04977100000000689,93.53819800000001
1843,5.171735961147788e-08,1.913914683978053e-08,1.0,0.05052899999999738,93.588727
1844,5.132724419014398e-08,1.871784341531601e-08,1.0,0.04999499999999557,93.638722
1845,5.088346212675243e-08,1.8255772791930868e-08,1.0,0.049677000000002636,93.688399
1846,5.0470259711396113e-08,1.7966984146019377e-08,1.0,0.05262499999999193,93.741024
1847,5.0093934443906936e-08,1.846067737867173e-08,1.0,0.054365000000004216,93.795389
1848,4.976503939642717e-08,1.819653241625745e-08,1.0,0.05046800000000928,93.84585700000001
1849,4.9378260712413125e-08,1.77443612577438e-08,1.0,0.05014899999999045,93.896006
1850,4.9053315978e-08,1.7589544294015553e-08,1.0,0.050410999999996875,93.946417
1851,4.86610950083957e-08,1.755082476936084e-08,1.0,0.049158000000005586,93.995575
1852,4.8413944710056954e-08,1.752586019934517e-08,1.0,0.04933900000000335,94.044914
1853,4.8053748789001026e-08,1.7743325696114526e-08,1.0,0.05023799999999312,94.095152
1854,4.7661338845839995e-08,1.7584312431557064e-08,1.0,0.050650000000004525,94.145802
1855,4.732144958034382e-08,1.7055451967899487e-08,1.0,0.0521710000000013,94.197973
1856,4.696785285312625e-08,1.715763543750439e-08,1.0,0.05053399999999897,94.248507
1857,4.6494581721041186e-08,1.6645666965685344e-08,1.0,0.05116099999999335,94.299668
1858,4.622046475528469e-08,1.610528862074935e-08,1.0,0.05080500000001109,94.35047300000001
1859,4.581255414490828e-08,1.635728374534903e-08,1.0,0.051920999999993,94.402394
1860,4.552190026794868e-08,1.614139396992577e-08,1.0,0.049357999999998015,94.451752
1861,4.527219456471663e-08,1.6435255199119916e-08,1.0,0.05024500000000387,94.501997
1862,4.498567908963317e-08,1.6178597197686994e-08,1.0,0.05000400000000127,94.552001
1863,4.468201141871479e-08,1.6289296829862163e-08,1.0,0.05006699999999853,94.602068
1864,4.432169486363326e-08,1.5572372289289004e-08,1.0,0.05214300000000094,94.654211
1865,4.3999706047465744e-08,1.5473868511329998e-08,1.0,0.0514440000000036,94.70565500000001
1866,4.3608142380805474e-08,1.540862084171238e-08,1.0,0.04959599999999398,94.755251
1867,4.328819282286481e-08,1.5257896710212394e-08,1.0,0.04998899999999651,94.80524
1868,4.301031036643231e-08,1.4809059410413077e-08,1.0,0.051056000000002655,94.856296
1869,4.271370721739296e-08,1.5022019142783407e-08,1.0,0.04996500000000026,94.906261
1870,4.251061929330235e-08,1.4903322890695254e-08,1.0,0.04998700000000156,94.956248
1871,4.2189363752062225e-08,1.4513607250101963e-08,1.0,0.049705000000003,95.005953
1872,4.187311067310741e-08,1.4673710389520608e-08,1.0,0.05107699999999227,95.05703
1873,4.160692557301942e-08,1.4742565362202773e-08,1.0,0.05093100000000561,95.107961
1874,4.131881847323313e-08,1.4874487612580603e-08,1.0,0.05113500000000215,95.159096
1875,4.105108107105336e-08,1.4684297111638133e-08,1.0,0.05151700000000403,95.21061300000001
1876,4.074348505761595e-08,1.4496515947905638e-08,1.0,0.050614999999993415,95.261228
1877,4.048745224136982e-08,1.4456812440823572e-08,1.0,0.05076800000000503,95.31199600000001
1878,4.0124052068943134e-08,1.4395211899186604e-08,1.0,0.04986099999999283,95.361857
1879,3.980686933519059e-08,1.4367619812547309e-08,1.0,0.050421999999997524,95.412279
1880,3.945125982461407e-08,1.4387916745989294e-08,1.0,0.05042900000000827,95.462708
1881,3.912694975558367e-08,1.3957132674242391e-08,1.0,0.05354099999999562,95.516249
1882,3.889400695647286e-08,1.3955873782845792e-08,1.0,0.05047700000000077,95.566726
1883,3.860471691427993e-08,1.382079099650331e-08,1.0,0.05116099999999335,95.617887
1884,3.837863592355139e-08,1.3642595274621518e-08,1.0,0.05023700000000986,95.668124
1885,3.812614456690464e-08,1.3632447744492776e-08,1.0,0.04974299999999232,95.717867
1886,3.7811663075636604e-08,1.3830540781284354e-08,1.0,0.05080800000000352,95.768675
1887,3.7553217674365227e-08,1.3587610464552793e-08,1.0,0.04993899999999485,95.818614
1888,3.7315240448726216e-08,1.3217310579305673e-08,1.0,0.05045600000001116,95.86907000000001
1889,3.7083810018603526e-08,1.344596949674098e-08,1.0,0.04737199999999575,95.916442
1890,3.674264216408103e-08,1.3591825799834454e-08,1.0,0.049476999999995996,95.965919
1891,3.649007426698282e-08,1.383555579378746e-08,1.0,0.049818000000001916,96.015737
1892,3.616498677481807e-08,1.3436105368315106e-08,1.0,0.05106399999999667,96.066801
1893,3.586808053970795e-08,1.310126185237931e-08,1.0,0.05037300000000755,96.117174
1894,3.5554311911054025e-08,1.2945302956029372e-08,1.0,0.05164800000000014,96.168822
1895,3.524452780673964e-08,1.2787531396531132e-08,1.0,0.051186000000001286,96.220008
1896,3.503901755021494e-08,1.267886047140671e-08,1.0,0.0504449999999963,96.270453
1897,3.472833660668935e-08,1.2438145431097639e-08,1.0,0.04971999999999355,96.320173
1898,3.4499396403480634e-08,1.2170366565369439e-08,1.0,0.050383000000010725,96.37055600000001
1899,3.423654336240268e-08,1.2411558365843736e-08,1.0,0.0526569999999964,96.423213
1900,3.394464278947079e-08,1.2047564506714301e-08,1.0,0.04944399999999405,96.472657
1901,3.373099748506505e-08,1.2064665172165945e-08,1.0,0.04796900000000903,96.52062600000001
1902,3.347669487510478e-08,1.2173493654833696e-08,1.0,0.04866799999999216,96.569294
1903,3.321030480248363e-08,1.2154860982390146e-08,1.0,0.049890000000004875,96.619184
1904,3.297465250917745e-08,1.2349530073773101e-08,1.0,0.04925699999999722,96.668441
1905,3.2670937334791346e-08,1.2407239894699526e-08,1.0,0.0526660000000021,96.721107
1906,3.242398856669779e-08,1.2208154497120715e-08,1.0,0.05074399999999457,96.771851
1907,3.2146013565022343e-08,1.1831658999292476e-08,1.0,0.051056000000002655,96.822907
1908,3.19307026779177e-08,1.1772438045731504e-08,1.0,0.06392100000000767,96.88682800000001
1909,3.169583244871933e-08,1.1588940541688103e-08,1.0,0.070699999999988,96.957528
1910,3.14604959944197e-08,1.120920532956953e-08,1.0,0.06449400000001049,97.022022
1911,3.127000956711178e-08,1.1509286758601403e-08,1.0,0.05224899999998911,97.074271
1912,3.100130209514825e-08,1.1371153588520607e-08,1.0,0.05210000000001003,97.126371
1913,3.076299082245702e-08,1.1135173106059294e-08,1.0,0.05320600000000297,97.17957700000001
1914,3.052592725098457e-08,1.0920685712044912e-08,1.0,0.0531869999999941,97.232764
1915,3.032595084990916e-08,1.1093295580747977e-08,1.0,0.05248399999999265,97.285248
1916,3.009175573088036e-08,1.0843051835316517e-08,1.0,0.052030999999999494,97.337279
1917,2.986910360872728e-08,1.083081951780246e-08,1.0,0.051006000000000995,97.388285
1918,2.9683442817593282e-08,1.0541977085670003e-08,1.0,0.051045000000002005,97.43933
1919,2.951645116894699e-08,1.0676688061900217e-08,1.0,0.05310900000000629,97.492439
1920,2.9272321382362748e-08,1.0645874128925056e-08,1.0,0.06703600000000165,97.559475
1921,2.9082687890614922e-08,1.0485036889392158e-08,1.0,0.06258499999999856,97.62206
1922,2.8802969648256268e-08,1.0399690982792825e-08,1.0,0.05320499999999129,97.675265
1923,2.8602688624556056e-08,1.0205034445366089e-08,1.0,0.05569500000000005,97.73096
1924,2.845088975777744e-08,1.0165372585974248e-08,1.0,0.05228400000000022,97.783244
1925,2.8254015474418053e-08,1.0004909781001063e-08,1.0,0.055894000000009214,97.839138
1926,2.812731161543575e-08,1.0225922094629363e-08,1.0,0.06078499999999565,97.899923
1927,2.7836244120346197e-08,1.0584214429977013e-08,1.0,0.057344000000000506,97.957267
1928,2.7588807886641417e-08,1.016659727132175e-08,1.0,0.05127400000000648,98.00854100000001
1929,2.7326747332925568e-08,1.024416713841621e-08,1.0,0.05136699999999905,98.05990800000001
1930,2.710422046954756e-08,1.0222661950679488e-08,1.0,0.05203899999999351,98.111947
1931,2.6886728515648274e-08,9.91788499556686e-09,0.0,0.04601800000000367,98.157965
