k,f,grad_norm,t_k,cpu_time,cpu_time_sum
0,0.6931471805599454,0.469570892796963,1.0,0.057118999999999975,0.057118999999999975
1,0.6863169154041482,0.4646938205244014,1.0,0.04762700000000003,0.104746
2,0.6836843123964731,0.46240103336134997,1.0,0.046236,0.150982
3,0.6793773904954532,0.4588557921317351,1.0,0.049676,0.200658
4,0.6748448913684174,0.45542653858590043,1.0,0.04712799999999995,0.24778599999999995
5,0.6677532637778363,0.4504253148198874,1.0,0.04584300000000008,0.29362900000000003
6,0.6614597512434678,0.44559684310866876,1.0,0.0470259999999999,0.34065499999999993
7,0.6569940224278009,0.44094222746802175,1.0,0.04851800000000006,0.389173
8,0.6542190285683116,0.4390232518899625,1.0,0.04684599999999994,0.43601899999999993
9,0.6513966928307052,0.43723453193615086,1.0,0.04680300000000004,0.482822
10,0.6428658955412593,0.4298680911536306,1.0,0.04690700000000003,0.529729
11,0.6381334921752028,0.4258677245235694,1.0,0.04908599999999996,0.578815
12,0.6355484916701796,0.4243570025137263,1.0,0.052595999999999976,0.631411
13,0.629605355751758,0.4191354161073077,1.0,0.04998200000000008,0.681393
14,0.6252633609356641,0.41585734600026664,1.0,0.046320999999999946,0.727714
15,0.6214505856196599,0.4128249387501136,1.0,0.044883999999999924,0.7725979999999999
16,0.6168188773968375,0.4088586102861672,1.0,0.045429000000000164,0.8180270000000001
17,0.6117583198740183,0.4039411354449923,1.0,0.045260999999999996,0.863288
18,0.6049164185384663,0.3981756662269516,1.0,0.04594599999999982,0.9092339999999999
19,0.5995505811058084,0.39269729518098656,1.0,0.04516600000000004,0.9543999999999999
20,0.5975519934755031,0.3907066635114358,1.0,0.04535100000000014,0.9997510000000001
21,0.5929462245815343,0.3870425830823711,1.0,0.050865999999999856,1.050617
22,0.5902055574503003,0.3851901382549619,1.0,0.045958000000000165,1.096575
23,0.5855425577373736,0.38107336331026737,1.0,0.047419999999999796,1.1439949999999999
24,0.5826429937887897,0.37924828131920835,1.0,0.04591600000000007,1.189911
25,0.5767148771188204,0.3749777357588391,1.0,0.049603000000000064,1.239514
26,0.5733510842499052,0.37344853103287134,1.0,0.05033500000000002,1.289849
27,0.5691717008567904,0.36972808849851346,1.0,0.05390000000000006,1.343749
28,0.567115512548448,0.36801327568613273,1.0,0.05993999999999988,1.403689
29,0.5636940737584905,0.3653979217539286,1.0,0.04928599999999994,1.452975
30,0.5592067987810058,0.3620853493455808,1.0,0.04852800000000013,1.501503
31,0.5568828914492608,0.3595993180460536,1.0,0.04882900000000001,1.550332
32,0.5524742264778768,0.3562836634047275,1.0,0.04930499999999993,1.599637
33,0.549847834170781,0.3546678318895028,1.0,0.04873600000000011,1.648373
34,0.545448013904075,0.3509271138133479,1.0,0.04903499999999972,1.6974079999999998
35,0.5438321173221341,0.34925092565456095,1.0,0.05107100000000031,1.7484790000000001
36,0.5385343748017968,0.34662765937130247,1.0,0.0501339999999999,1.798613
37,0.5359479250926895,0.3448903831561738,1.0,0.0581290000000001,1.8567420000000001
38,0.5341349783309336,0.3440712876136245,1.0,0.044922999999999824,1.901665
39,0.5319787254460497,0.34258251433168363,1.0,0.04661699999999991,1.9482819999999998
40,0.5289283271730307,0.33956148715999773,1.0,0.045779000000000014,1.9940609999999999
41,0.5264901868146675,0.33765524322526796,1.0,0.04699300000000006,2.041054
42,0.5254541754367525,0.336970416842719,1.0,0.04661300000000024,2.087667
43,0.5224770686714119,0.33447156275862955,1.0,0.04592699999999983,2.133594
44,0.5168026540643581,0.33119785459775297,1.0,0.04274699999999987,2.176341
45,0.5146780519559463,0.3300784584091998,1.0,0.04532000000000025,2.221661
46,0.5127103561198127,0.32817929758263387,1.0,0.04531599999999969,2.266977
47,0.5067210882690094,0.3238320891488776,1.0,0.0450870000000001,2.312064
48,0.5036650508039472,0.3212118758768223,1.0,0.0446740000000001,2.356738
49,0.4998054226713274,0.31920958442237407,1.0,0.046790999999999805,2.403529
50,0.49760648213961317,0.3171117085477057,1.0,0.044902,2.448431
51,0.494531551024484,0.3142406335102434,1.0,0.04541100000000009,2.493842
52,0.4890346417533867,0.3116101572655336,1.0,0.04654000000000025,2.540382
53,0.48505277668877306,0.3087364505048682,1.0,0.046869999999999745,2.587252
54,0.4824041855771255,0.30656310444564516,1.0,0.04469499999999993,2.631947
55,0.4785967610536626,0.303952997755864,1.0,0.045077000000000034,2.677024
56,0.4768555709098126,0.30276663992308206,1.0,0.044428000000000356,2.721452
57,0.4747023283072641,0.30186388056568375,1.0,0.04506999999999994,2.766522
58,0.4714652200082587,0.3001763861591336,1.0,0.04662899999999981,2.813151
59,0.4677332319060758,0.29714246405326794,1.0,0.046940000000000204,2.860091
60,0.46445607226778873,0.2950548336031746,1.0,0.04544999999999977,2.905541
61,0.4614426245468857,0.2937688904912056,1.0,0.04519099999999998,2.950732
62,0.4584734890982843,0.2915680796527835,1.0,0.04525099999999993,2.995983
63,0.4569043968734795,0.29035900553813593,1.0,0.045512,3.041495
64,0.4554271756101683,0.289318617718687,1.0,0.04662500000000014,3.08812
65,0.4529777137440676,0.2878371916597267,1.0,0.04723999999999995,3.13536
66,0.4515094747790067,0.2865806899221563,1.0,0.04606900000000014,3.181429
67,0.44846808381767667,0.28532536694383315,1.0,0.04697599999999991,3.228405
68,0.4464751058712893,0.28389069727861227,1.0,0.046889999999999876,3.275295
69,0.44509078086149656,0.2826785570018816,1.0,0.047271000000000285,3.322566
70,0.44137822715137087,0.27934642192132986,1.0,0.0452849999999998,3.367851
71,0.4393443417112599,0.27763573914452155,1.0,0.04527999999999999,3.413131
72,0.43602601223282217,0.2751213877050311,1.0,0.04629299999999992,3.459424
73,0.4352694501977801,0.274657502101238,1.0,0.04602200000000023,3.505446
74,0.43312274700366427,0.2726105896595136,1.0,0.04720600000000008,3.552652
75,0.4292635424891105,0.27051301355287666,1.0,0.04526399999999997,3.597916
76,0.42623773072127835,0.267928469045629,1.0,0.04487899999999989,3.642795
77,0.4234377430989689,0.26599967430174726,1.0,0.04490400000000028,3.6876990000000003
78,0.4215370498012749,0.2645667545735445,1.0,0.045383999999999425,3.7330829999999997
79,0.4201450442354159,0.2634904153177989,1.0,0.045086000000000404,3.778169
80,0.41730897289283103,0.26176520211270754,1.0,0.045720000000000205,3.8238890000000003
81,0.41358880741421195,0.2586406959479354,1.0,0.04484899999999925,3.8687379999999996
82,0.41172491580242354,0.25711909611517986,1.0,0.04504900000000056,3.913787
83,0.4106930959469138,0.25642228564310127,1.0,0.048834000000000266,3.9626210000000004
84,0.40924605100890654,0.2552333971081957,1.0,0.04902899999999999,4.01165
85,0.40707000326548376,0.2535258218463263,1.0,0.04649499999999929,4.058145
86,0.40588492204459303,0.2523044180415172,1.0,0.04507200000000022,4.103217
87,0.40352817819965947,0.25054324730069766,1.0,0.045716000000000534,4.148933
88,0.4016662526888672,0.24951618874878567,1.0,0.044752999999999155,4.193686
89,0.401000516590423,0.24875791219659224,1.0,0.04424100000000042,4.237927
90,0.39837347920354305,0.2457936454361089,1.0,0.04500999999999955,4.2829369999999995
91,0.3979606151941357,0.24555031872039634,1.0,0.04672700000000063,4.329664
92,0.3955004555407963,0.24377124457598368,1.0,0.04614600000000024,4.37581
93,0.39224244634489286,0.24169591083157588,1.0,0.0443529999999992,4.420163
94,0.3904950696962037,0.24135836255552826,1.0,0.04578199999999999,4.465945
95,0.38915735704430265,0.24094505234183505,1.0,0.0472210000000004,4.513166
96,0.38673260057597925,0.23918861915336864,1.0,0.04559900000000017,4.558765
97,0.38578983228735825,0.238485402765566,1.0,0.04518999999999984,4.603955
98,0.3839079618452839,0.2377208779353529,1.0,0.045889999999999986,4.649845
99,0.38255833858294186,0.23737328455896894,1.0,0.04500499999999974,4.69485
100,0.38150606499746786,0.2366584610848411,1.0,0.04626700000000028,4.741117
101,0.38081281625375213,0.2356094502323657,1.0,0.04844399999999993,4.789561
102,0.3794199539189711,0.2344831054159742,1.0,0.04502200000000034,4.834583
103,0.3774506930762857,0.2325952472944535,1.0,0.046008999999999745,4.880592
104,0.3754208250751181,0.2309381733184832,1.0,0.04485099999999953,4.925443
105,0.37432191833519063,0.2300653311217332,1.0,0.04539200000000054,4.970835
106,0.3734476527548792,0.22954354564789042,1.0,0.04598299999999966,5.016818
107,0.3718937253441445,0.22895948441016808,1.0,0.046781000000000184,5.063599
108,0.3696630149390022,0.22833375029790628,1.0,0.04672300000000007,5.110322
109,0.3688200975772422,0.22736205503001997,1.0,0.04531300000000016,5.155635
110,0.36678195789428175,0.22654462383178495,1.0,0.0450210000000002,5.200656
111,0.3654535002617764,0.2253288348752311,1.0,0.045237999999999445,5.245894
112,0.3634826898132078,0.22408247658325942,1.0,0.046192000000000455,5.292086
113,0.3612438449010172,0.22256672748788944,1.0,0.0461999999999998,5.338286
114,0.35836476148182517,0.22010733920791234,1.0,0.04530199999999951,5.383588
115,0.3563893860362216,0.21859686559539482,1.0,0.04335000000000022,5.426938
116,0.35500020363504015,0.2179496289097161,1.0,0.04470500000000044,5.471643
117,0.3536824401938438,0.21729991918419858,1.0,0.04528700000000008,5.51693
118,0.35188017912967195,0.2162177773685341,1.0,0.047426999999999886,5.564357
119,0.350137978274975,0.21446444068572407,1.0,0.044804000000000066,5.609161
120,0.3488677867845614,0.21388981591175696,1.0,0.045859999999999346,5.655021
121,0.34728504265224386,0.2131520753514492,1.0,0.04469300000000054,5.699714
122,0.3456882857238289,0.21239669292081462,1.0,0.04543300000000006,5.745147
123,0.34223701949729524,0.2102223420696086,1.0,0.04454799999999981,5.789695
124,0.34060863658894164,0.20991137693511033,1.0,0.0464380000000002,5.836133
125,0.3390660956394169,0.20941921281265596,1.0,0.04810200000000009,5.884235
126,0.337531591739074,0.20827609922969859,1.0,0.04628599999999938,5.930521
127,0.3359694250112152,0.2070037851183585,1.0,0.04683100000000007,5.977352
128,0.33394076721402866,0.20557484698961442,1.0,0.04854599999999998,6.025898
129,0.33242728830293633,0.20458815810624761,1.0,0.04708200000000051,6.07298
130,0.33105678336546057,0.2039144079655795,1.0,0.047709999999999475,6.12069
131,0.3294126170353056,0.20281491906506352,1.0,0.047907000000000366,6.168597
132,0.3283489157216821,0.20252223648443354,1.0,0.0485610000000003,6.217158
133,0.32717385473401217,0.20157760530154664,1.0,0.046325999999999645,6.263484
134,0.3261488952317706,0.2005114628472336,1.0,0.04521700000000006,6.308701
135,0.32522156855364037,0.2000358175189471,1.0,0.04502499999999987,6.353726
136,0.32339994016646967,0.1993889202022359,1.0,0.045586000000000126,6.399312
137,0.32099145494402875,0.1977445312446333,1.0,0.0442739999999997,6.443586
138,0.3195288096038388,0.19697520347335648,1.0,0.0457510000000001,6.489337
139,0.3177706550744031,0.19599823537611497,1.0,0.045655,6.534992
140,0.31620717644883256,0.19522678471782545,1.0,0.04608300000000032,6.581075
141,0.3137950128396059,0.19352190996346133,1.0,0.047105999999999426,6.628181
142,0.3121878151367848,0.1929752563159073,1.0,0.046530000000000626,6.674711
143,0.31154867021875143,0.19291486828199111,1.0,0.046146999999999494,6.720858
144,0.3090529271264188,0.19074714447559302,1.0,0.045549000000000284,6.766407
145,0.3079937242024171,0.18983202937368704,1.0,0.04547399999999957,6.811881
146,0.30651109076882166,0.18800830454057316,1.0,0.04505500000000051,6.856936
147,0.30528578358429875,0.1867497534173555,1.0,0.04767600000000005,6.904612
148,0.30453160572384125,0.18558290832861465,1.0,0.047574000000000005,6.952186
149,0.30320692909545455,0.18538069747013278,1.0,0.047706999999999944,6.999893
150,0.30194635948213105,0.1841338987230987,1.0,0.04543599999999959,7.045329
151,0.30087200534755154,0.18344045536842887,1.0,0.046046000000000475,7.091375
152,0.29918690029365985,0.1825748702675483,1.0,0.045714999999999506,7.13709
153,0.2973319323905559,0.18095547515832658,1.0,0.04549000000000003,7.18258
154,0.29629653977297754,0.18021733330719614,1.0,0.0470480000000002,7.229628
155,0.29413819861938467,0.17844706062401233,1.0,0.04749800000000004,7.277126
156,0.29311468680433345,0.1780859460598794,1.0,0.04544299999999968,7.322569
157,0.2923506482638332,0.17730010352394213,1.0,0.04552400000000034,7.368093
158,0.29098753159386004,0.17646143808486983,1.0,0.04567199999999971,7.413765
159,0.28995719564761757,0.1762564665061441,1.0,0.04668500000000009,7.46045
160,0.28895058990846306,0.17528151451174157,1.0,0.046364000000000516,7.506814
161,0.2875486712534687,0.17400489220089482,1.0,0.04530199999999951,7.552116
162,0.2867103715927079,0.17331624586071742,1.0,0.04457600000000017,7.596692
163,0.28537282462056285,0.17254324124104067,1.0,0.04546100000000042,7.642153
164,0.2828855142673315,0.17104159244253522,1.0,0.04472899999999935,7.686882
165,0.28145745096736335,0.17040937609553602,1.0,0.046174999999999855,7.733057
166,0.2804243308770846,0.1697639692035486,1.0,0.04614500000000099,7.779202000000001
167,0.27923259023370606,0.16900069217684888,1.0,0.04521599999999992,7.8244180000000005
168,0.2788503001900298,0.1686244028443583,1.0,0.04539099999999863,7.869808999999999
169,0.27790707071354975,0.16807888937272006,1.0,0.045564000000000604,7.915373
170,0.276248482716994,0.16667910330889385,1.0,0.04491600000000062,7.960289
171,0.2756346714650806,0.16610726224389,1.0,0.04587499999999878,8.006163999999998
172,0.27452085652443553,0.16510644105407615,1.0,0.047476000000001406,8.05364
173,0.27399404543071487,0.16441065570977773,1.0,0.0460459999999987,8.099685999999998
174,0.273122986006822,0.1635218930894335,1.0,0.04583900000000085,8.145525
175,0.2718880119135655,0.1629316851708457,1.0,0.043245999999999896,8.188771
176,0.2710267960140419,0.1621661104241598,1.0,0.04481299999999955,8.233583999999999
177,0.2701833505877128,0.16132723192112133,1.0,0.04645900000000047,8.280043
178,0.26776979662263334,0.15986556873944685,1.0,0.04550200000000082,8.325545
179,0.26720008314755006,0.15941857869736326,1.0,0.04588799999999971,8.371433
180,0.26640594370335297,0.15883309002002696,1.0,0.04535199999999939,8.416784999999999
181,0.2648695139340234,0.15747436480264718,1.0,0.04499099999999956,8.461775999999999
182,0.26371108077166727,0.1567416593057295,1.0,0.04559099999999994,8.507366999999999
183,0.262922683279552,0.1568060075453936,1.0,0.045863999999999905,8.553230999999998
184,0.2622462328718602,0.15609413137477077,1.0,0.04596400000000145,8.599195
185,0.26140937263436426,0.15545546746265942,1.0,0.04589999999999961,8.645095
186,0.2599559640405889,0.15434522388563043,1.0,0.04498899999999928,8.690083999999999
187,0.2596925199920081,0.15412314773766653,1.0,0.04531799999999997,8.735401999999999
188,0.2579283467275864,0.15285374767378218,1.0,0.048507000000000744,8.783909
189,0.256649285602498,0.15222075082570266,1.0,0.0449749999999991,8.828883999999999
190,0.2555355178276353,0.15137532869223055,1.0,0.045405999999999835,8.874289999999998
191,0.25385008583434265,0.1502125024431579,1.0,0.0452640000000013,8.919554
192,0.253150255340291,0.14927180713228674,1.0,0.04488199999999942,8.964436
193,0.25227412890619155,0.14930367731046496,1.0,0.04708100000000037,9.011517
194,0.25092691965249836,0.14877759340186084,1.0,0.045260999999999996,9.056778
195,0.24994639643131547,0.14841017255430727,1.0,0.045078999999999425,9.101856999999999
196,0.24919110390223165,0.14777221507022625,1.0,0.045524999999999594,9.147381999999999
197,0.24842028291026533,0.1474170474465082,1.0,0.04556100000000107,9.192943
198,0.24611742533184452,0.14645316877266767,1.0,0.04609599999999858,9.239038999999998
199,0.2446076423725134,0.14581334421498274,1.0,0.04844900000000152,9.287488
200,0.24373651225043327,0.14543095297013203,1.0,0.04960399999999865,9.337091999999998
201,0.2426080116096129,0.1449724181323691,1.0,0.045599000000001055,9.382691
202,0.24078723195842378,0.14362048515408252,1.0,0.046460999999998975,9.429151999999998
203,0.23960777468979153,0.14293695647795968,1.0,0.04541800000000151,9.47457
204,0.23849241426059173,0.14229718617047962,1.0,0.044166999999999845,9.518737
205,0.23760141197540935,0.1414446341108436,1.0,0.044793999999999556,9.563531
206,0.2361185644446383,0.14037074757657242,1.0,0.046329000000000065,9.60986
207,0.23551599606889906,0.13991760345975968,1.0,0.04442199999999907,9.654281999999998
208,0.2343895399165046,0.13879535199356124,1.0,0.04600700000000124,9.700289
209,0.23338674834509918,0.13840586076410538,1.0,0.04603099999999927,9.746319999999999
210,0.23266876497181363,0.13819574504195198,1.0,0.04769500000000093,9.794015
211,0.23232064737946206,0.13803466226479455,1.0,0.0465649999999993,9.84058
212,0.23188074666265102,0.13760766206070293,1.0,0.046177999999999386,9.886757999999999
213,0.2309655285961362,0.1373708311187657,1.0,0.04629500000000064,9.933053
214,0.2302486499785254,0.1365118690275067,1.0,0.0458040000000004,9.978857
215,0.22960615776384455,0.1357476766993588,1.0,0.04582399999999964,10.024681
216,0.229146316511889,0.13547823120037378,1.0,0.048035000000000494,10.072716
217,0.2283272251065958,0.1351077892576386,1.0,0.04788999999999888,10.120605999999999
218,0.22767968272922723,0.13458487009794792,1.0,0.044961999999999946,10.165567999999999
219,0.22702093122071582,0.13393257661225041,1.0,0.04611200000000082,10.21168
220,0.22654106974616822,0.1331325073499569,1.0,0.045214999999998895,10.256894999999998
221,0.22522007708940117,0.1318877075265726,1.0,0.04519699999999993,10.302091999999998
222,0.22482908925778725,0.13153891807422022,1.0,0.04570300000000138,10.347795
223,0.22417240053415408,0.13144484344184493,1.0,0.04501400000000011,10.392809
224,0.22349760292030554,0.1311892382832803,1.0,0.04796499999999959,10.440774
225,0.22298777178778897,0.13105147077718246,1.0,0.04933600000000027,10.49011
226,0.22209033101352943,0.13079483718187315,1.0,0.04985100000000031,10.539961
227,0.22080041092181998,0.12978849749819396,1.0,0.04959199999999875,10.589552999999999
228,0.2196467141461298,0.12982229971863957,1.0,0.050076000000000676,10.639629
229,0.21899306751748093,0.12960086911839178,1.0,0.047013999999999,10.686642999999998
230,0.2187194102774208,0.12959168130083754,1.0,0.045908000000000726,10.732550999999999
231,0.21852845703006968,0.12944837759097982,1.0,0.048054000000000485,10.780605
232,0.21748056476996458,0.12819523246510164,1.0,0.048176999999999026,10.828781999999999
233,0.21696069373915344,0.12757679218095455,1.0,0.04791200000000018,10.876693999999999
234,0.21636762994640768,0.1270755964925072,1.0,0.048363000000000156,10.925056999999999
235,0.21528283329973516,0.12644267595619568,1.0,0.049153000000000446,10.97421
236,0.21494636715318188,0.1260928861682439,1.0,0.048461999999998895,11.022671999999998
237,0.21466731865368344,0.12577821059727431,1.0,0.049313000000001495,11.071985
238,0.21415571085983526,0.12576713963298444,1.0,0.04945699999999853,11.121441999999998
239,0.21362983128374224,0.12521340255164914,1.0,0.06084000000000067,11.182281999999999
240,0.21332503610367134,0.12517419959658918,1.0,0.05164300000000033,11.233925
241,0.21265761815020995,0.12479708941406353,1.0,0.05149699999999946,11.285421999999999
242,0.21229992532845157,0.12458091013664604,1.0,0.05266300000000079,11.338085
243,0.21134455049205725,0.12407589442993754,1.0,0.04499299999999984,11.383078
244,0.21058848594398002,0.12352831119584433,1.0,0.046168999999999016,11.429246999999998
245,0.20906194101032635,0.12186982153036087,1.0,0.04554900000000117,11.474796
246,0.20835712316140065,0.12158550935254549,1.0,0.045244000000000284,11.52004
247,0.20790863043633442,0.12116535423204634,1.0,0.04593999999999987,11.56598
248,0.20740454603127575,0.1207426366554376,1.0,0.04606300000000019,11.612043
249,0.2067618895922399,0.11995308996285856,1.0,0.04736899999999977,11.659412
250,0.20590394953774901,0.119569310831969,1.0,0.052063999999999666,11.711476
251,0.2052888200896358,0.11918217775307792,1.0,0.04752000000000045,11.758996
252,0.20383479036071553,0.11858099267361905,1.0,0.046628000000000114,11.805624
253,0.20344139809272924,0.11842786233770056,1.0,0.045663999999998595,11.851287999999998
254,0.20294649917696989,0.11804032533633592,1.0,0.04437300000000022,11.895660999999999
255,0.20277087555704054,0.11789120361745772,1.0,0.04568700000000092,11.941348
256,0.20220760911938293,0.11734699846983758,1.0,0.04718100000000014,11.988529
257,0.20168896150903404,0.11739632467450857,1.0,0.05061399999999949,12.039143
258,0.20057713975503094,0.1160004294914484,1.0,0.04904200000000003,12.088185
259,0.19993177199919185,0.11598845163163712,1.0,0.047217999999999094,12.135402999999998
260,0.19941421116523425,0.11581312919147863,1.0,0.046333000000000624,12.181735999999999
261,0.19884192731931233,0.11552073431648718,1.0,0.04510499999999951,12.226840999999999
262,0.19820688138931303,0.1151398237402085,1.0,0.04703000000000124,12.273871
263,0.1980176205616735,0.11493794283347124,1.0,0.04595099999999874,12.319821999999998
264,0.1973921946896412,0.11433925975291492,1.0,0.045560000000000045,12.365381999999999
265,0.19681895640918887,0.11350478853630146,1.0,0.044814000000000576,12.410196
266,0.1962360276367391,0.11338343829029668,1.0,0.045714000000000254,12.45591
267,0.19577647004291507,0.11289527768691483,1.0,0.04530100000000026,12.501211
268,0.19534909169730405,0.11247490420350535,1.0,0.04566200000000009,12.546873
269,0.1951254189147138,0.11205576804870174,1.0,0.04647799999999869,12.593350999999998
270,0.19445529789087523,0.1116268197877266,1.0,0.044514000000001275,12.637865
271,0.1938845740205435,0.1113152024210821,1.0,0.047989999999998645,12.685854999999998
272,0.19354523306593824,0.1111755169817505,1.0,0.04877400000000165,12.734629
273,0.19259598579480114,0.11052378096413801,1.0,0.04758999999999958,12.782219
274,0.19223557617930856,0.11041748662916696,1.0,0.047568999999999306,12.829787999999999
275,0.1916234296396783,0.10987405567331719,1.0,0.048215000000000785,12.878003
276,0.1910567094879936,0.1095720944126032,1.0,0.04704899999999945,12.925051999999999
277,0.1902884660219894,0.10917391945602167,1.0,0.048042999999999836,12.973094999999999
278,0.18949840428172854,0.10835075179102903,1.0,0.04831800000000008,13.021412999999999
279,0.1889646609460739,0.10745366998290837,1.0,0.04820699999999967,13.069619999999999
280,0.18815722016690148,0.10689315560282402,1.0,0.04906100000000002,13.118680999999999
281,0.18716996687596857,0.10613545653068146,1.0,0.048374000000000805,13.167055
282,0.18606743391663716,0.10559468888885365,1.0,0.0482440000000004,13.215299
283,0.1848967204638281,0.10461507270780307,1.0,0.046310999999999325,13.26161
284,0.18434038844785353,0.10439231234747463,1.0,0.04755300000000062,13.309163
285,0.18400927633243622,0.10422219009295805,1.0,0.0491539999999997,13.358317
286,0.18371869353828635,0.10409428905023393,1.0,0.04855300000000007,13.40687
287,0.18339416025838748,0.10383261224807977,1.0,0.04664799999999936,13.453517999999999
288,0.1829285066021022,0.10351971579933235,1.0,0.04568599999999989,13.499203999999999
289,0.1824095357833493,0.10353870772528523,1.0,0.044802999999999926,13.544006999999999
290,0.18178906984893464,0.10323681743757684,1.0,0.045866000000000184,13.589872999999999
291,0.1814051643157575,0.10272381950583481,1.0,0.04522900000000085,13.635102
292,0.18043103478194086,0.10220363869975714,1.0,0.046446999999998795,13.681548999999999
293,0.17972389067005842,0.10168954042093854,1.0,0.04828499999999991,13.729833999999999
294,0.17930492646240748,0.1017593802369575,1.0,0.048204000000000136,13.778037999999999
295,0.1789212637358343,0.10118708676328522,1.0,0.04783500000000096,13.825873
296,0.17853033643006744,0.10080336108862611,1.0,0.04759799999999892,13.873470999999999
297,0.17831583107551868,0.1002178911137882,1.0,0.04814200000000035,13.921612999999999
298,0.17794265798650094,0.09972991967245536,1.0,0.04827700000000057,13.96989
299,0.17765487558127468,0.09980608279119672,1.0,0.04675199999999968,14.016642
300,0.17700801222953194,0.0994338925516349,1.0,0.049122000000000554,14.065764
301,0.1763393450002203,0.0986441028478092,1.0,0.045097000000000165,14.110861
302,0.17578197882074875,0.09834811823529145,1.0,0.046133999999998565,14.156994999999998
303,0.17556472404064788,0.09820431850873991,1.0,0.04473800000000061,14.201732999999999
304,0.17520888713266525,0.09780845892629751,1.0,0.04531300000000016,14.247046
305,0.17432461139087135,0.09718376028370743,1.0,0.046051000000000286,14.293097
306,0.17360330229607748,0.09653534741793335,1.0,0.0481309999999997,14.341228
307,0.17273880229192082,0.09560719709890972,1.0,0.04654000000000025,14.387768
308,0.17184578722095062,0.09499510554611129,1.0,0.0450090000000003,14.432777
309,0.17143377859168776,0.09451534963954744,1.0,0.046041999999999916,14.478819
310,0.17099588890817052,0.09438183056154623,1.0,0.045698999999999046,14.524517999999999
311,0.17041302247533252,0.09394458497863556,1.0,0.04675700000000127,14.571275
312,0.17008309099334815,0.09357890237331655,1.0,0.044906999999998476,14.616181999999998
313,0.16950903088921876,0.09298153718398929,1.0,0.04551900000000053,14.661700999999999
314,0.16928165600073958,0.09295974089798996,1.0,0.04443299999999972,14.706133999999999
315,0.16862682875857138,0.09233550235044126,1.0,0.047147000000000716,14.753281
316,0.16803235554329796,0.09193809881608346,1.0,0.04570399999999886,14.798984999999998
317,0.16715122478749744,0.09165746815636383,1.0,0.04640100000000125,14.845386
318,0.16631329999432098,0.09108706433623585,1.0,0.04584700000000019,14.891233
319,0.16552426007807367,0.09047600618072497,1.0,0.04549599999999998,14.936729
320,0.16512798701069048,0.09032980641641475,1.0,0.04571799999999904,14.982446999999999
321,0.16482972376313973,0.0900911664549619,1.0,0.04473500000000108,15.027182
322,0.16466775547677204,0.089863445519018,1.0,0.045072999999998586,15.072254999999998
323,0.16424121243189535,0.08941596242457403,1.0,0.045751000000000985,15.118006
324,0.16358083379990726,0.08885537371132285,1.0,0.04607700000000037,15.164083
325,0.16281330787034137,0.08822752776070376,1.0,0.0452729999999999,15.209356
326,0.16231401611041255,0.0875589365498745,1.0,0.04465899999999934,15.254014999999999
327,0.16217327738652598,0.08748985101498043,1.0,0.04498399999999947,15.298998999999998
328,0.1618153588656628,0.08727684781385382,1.0,0.04613200000000006,15.345130999999999
329,0.16125940216912282,0.08697538997771971,1.0,0.045398999999999745,15.390529999999998
330,0.16098961529484218,0.08669120832457625,1.0,0.045569000000000415,15.436098999999999
331,0.160505072523125,0.08645455867242786,1.0,0.045412999999999926,15.481511999999999
332,0.1601101919355853,0.08642831572424943,1.0,0.04599900000000012,15.527510999999999
333,0.1594624838663545,0.08591642431149821,1.0,0.04516800000000032,15.572678999999999
334,0.15929379031185678,0.08581360763459457,1.0,0.0451239999999995,15.617802999999999
335,0.15885945917047883,0.08559643623332563,1.0,0.045741000000001364,15.663544
336,0.15851060760007923,0.08535424717890613,1.0,0.04557599999999873,15.709119999999999
337,0.15807658465316074,0.08526750594828118,1.0,0.045721000000000345,15.754840999999999
338,0.15727983097343723,0.08473661023986412,1.0,0.04548499999999933,15.800325999999998
339,0.15694285080014247,0.0841692060621393,1.0,0.04588900000000251,15.846215
340,0.15654338959646283,0.08398200689558775,1.0,0.04518199999999695,15.891396999999998
341,0.156354128500446,0.0837806179583054,1.0,0.04528100000000279,15.936678
342,0.15588267110363474,0.08343722813787612,1.0,0.04577099999999845,15.982448999999999
343,0.15582343061109122,0.08325572298377514,1.0,0.04470600000000147,16.027155
344,0.15549896218348347,0.08295917507132067,1.0,0.04427899999999951,16.071434
345,0.155185905763717,0.0827082741026158,1.0,0.045101999999999975,16.116536
346,0.15458543051483054,0.08237410430561108,1.0,0.0460819999999984,16.162618
347,0.15405602839254595,0.08205984964229511,1.0,0.048463999999999174,16.211081999999998
348,0.15377248138695382,0.0823237185613531,1.0,0.05026300000000106,16.261345
349,0.1530775333748718,0.08180057172691108,1.0,0.04900299999999902,16.310347999999998
350,0.1526189619994504,0.08151130843865982,1.0,0.04675200000000146,16.3571
351,0.15193814440316636,0.08108657944246118,1.0,0.0465769999999992,16.403677
352,0.15153977983247077,0.0804837160729466,1.0,0.04929399999999973,16.452970999999998
353,0.15101239242346412,0.08018368918684853,1.0,0.04878200000000277,16.501753
354,0.15067327441256015,0.0802938899185598,1.0,0.04752799999999979,16.549281
355,0.1505052972787983,0.08028277959309812,1.0,0.047929999999997364,16.597210999999998
356,0.15023613802934363,0.07981003122964697,1.0,0.04686900000000094,16.64408
357,0.1499142717483552,0.07966274416134435,1.0,0.04753600000000091,16.691616
358,0.1492611815644138,0.07934635207340297,1.0,0.04757899999999893,16.739195
359,0.14900897285866205,0.07926962799886908,1.0,0.04862800000000078,16.787823
360,0.1486047601066132,0.07900019650121642,1.0,0.04856699999999847,16.836389999999998
361,0.14820970807497086,0.07868793740674135,1.0,0.04840300000000042,16.884793
362,0.1478015332678495,0.07818357369816963,1.0,0.04773100000000241,16.932524
363,0.14747009751725773,0.0777145073572317,1.0,0.04664899999999861,16.979173
364,0.1471916495495737,0.07782132351165448,1.0,0.04592999999999847,17.025102999999998
365,0.14677883566914074,0.07782617612326052,1.0,0.04741300000000237,17.072516
366,0.14628253311820447,0.07756050963436663,1.0,0.04865299999999806,17.121169
367,0.14598827501244366,0.07724273929101551,1.0,0.04554600000000164,17.166715
368,0.14541407045167348,0.07677359649967005,1.0,0.04530799999999857,17.212023
369,0.14521970318588182,0.07673889475857834,1.0,0.04598500000000172,17.258008
370,0.14484842579266013,0.07658425666559371,1.0,0.0453899999999976,17.303397999999998
371,0.14435740095735128,0.07607708041043462,1.0,0.04542299999999955,17.348820999999997
372,0.1438504729524746,0.07580000549474748,1.0,0.046230000000001326,17.395051
373,0.1435789372751241,0.07558359203032597,1.0,0.045912000000001285,17.440963
374,0.14306321411037448,0.07532672361524653,1.0,0.04529999999999745,17.486262999999997
375,0.1426913387830059,0.07479743200439694,1.0,0.04624900000000309,17.532512
376,0.14226863717999694,0.07446273434136651,1.0,0.04809399999999897,17.580606
377,0.14164320084786466,0.07376505740513126,1.0,0.046686000000001115,17.627292
378,0.141342362156296,0.07343201667031318,1.0,0.045396000000000214,17.672688
379,0.14124826755770736,0.07340110420463798,1.0,0.0455849999999991,17.718273
380,0.14095446692190847,0.07316799759639052,1.0,0.045645999999997855,17.763918999999998
381,0.14082017618081794,0.07294350200684963,1.0,0.044947000000000514,17.808866
382,0.14062170125020548,0.07249680187163514,1.0,0.0453329999999994,17.854198999999998
383,0.1404022743792882,0.07249032824563559,1.0,0.045774000000001536,17.899973
384,0.14008350889013155,0.07208106797450489,1.0,0.04629399999999961,17.946267
385,0.13969548452192304,0.07174542445046592,1.0,0.044696000000001845,17.990963
386,0.13921636117116,0.07155723064978399,1.0,0.04517399999999938,18.036137
387,0.1389306143858438,0.07131110402129381,1.0,0.045431000000000665,18.081568
388,0.138747195839844,0.0713869644759808,1.0,0.04225099999999671,18.123818999999997
389,0.1382422686077813,0.07096359524467971,1.0,0.046045000000003,18.169864
390,0.13786179076175523,0.07067573339735335,1.0,0.04763200000000012,18.217496
391,0.13766679121295305,0.07069906810513621,1.0,0.04862199999999817,18.266118
392,0.13734399840005676,0.07071218600804317,1.0,0.04795000000000016,18.314068
393,0.1371424554749017,0.07061981177525212,1.0,0.04767700000000019,18.361745
394,0.1367619623478795,0.0702020167692853,1.0,0.046520000000001005,18.408265
395,0.13662725777331242,0.06999685328950117,1.0,0.04869799999999813,18.456963
396,0.13620444622025285,0.06988161127347324,1.0,0.04893500000000017,18.505898
397,0.1359061401774058,0.06977352526178808,1.0,0.04659799999999947,18.552495999999998
398,0.13558671186669158,0.06951796220370263,1.0,0.04491900000000015,18.597414999999998
399,0.13520082350499188,0.06948414175243864,1.0,0.04475100000000154,18.642166
400,0.1347389552844407,0.06958963214123526,1.0,0.04776599999999931,18.689932
401,0.13446375150444595,0.06938308931292372,1.0,0.04626199999999869,18.736193999999998
402,0.1342394437483785,0.06925614478166736,1.0,0.047008000000001715,18.783202
403,0.1339198822823223,0.06887199851313963,1.0,0.04809900000000056,18.831301
404,0.1335516058960382,0.06863874349361429,1.0,0.04571100000000072,18.877012
405,0.13329759599950125,0.06853827680845095,1.0,0.04565399999999897,18.922666
406,0.13303652794968493,0.06826683088688577,1.0,0.045459000000001026,18.968125
407,0.13278802353605434,0.06846467218327479,1.0,0.04731999999999914,19.015445
408,0.13263061415332172,0.06836067011314287,1.0,0.045560999999999297,19.061006
409,0.13220860887153532,0.0678516469157766,1.0,0.04444300000000112,19.105449
410,0.13184257458137547,0.0675925423049083,1.0,0.04601500000000058,19.151464
411,0.13157868907796155,0.06732799399408627,1.0,0.04574799999999968,19.197212
412,0.13134415316469097,0.06745065072769421,1.0,0.04590299999999914,19.243115
413,0.1309238697575802,0.0672534683383892,1.0,0.04540700000000086,19.288522
414,0.13077787556833534,0.06706833848243429,1.0,0.04596899999999948,19.334491
415,0.1306855295265642,0.06706148325464933,1.0,0.04584900000000047,19.38034
416,0.13048793049116333,0.06681979502316328,1.0,0.04594200000000015,19.426282
417,0.13017429479274434,0.06663242659853813,1.0,0.04269000000000034,19.468972
418,0.13001478046857526,0.06683437973520498,1.0,0.04617599999999911,19.515148
419,0.12974105524819057,0.06646048753679373,1.0,0.046458999999998696,19.561607
420,0.12932516212503536,0.06632004283599277,1.0,0.045919000000001375,19.607526
421,0.12915284245978156,0.06642169400985551,1.0,0.045707000000000164,19.653233
422,0.128545326010285,0.06617775193766565,1.0,0.05390699999999882,19.70714
423,0.12832759500498553,0.06588583513218654,1.0,0.05058800000000119,19.757728
424,0.1279760590215142,0.06566753204583056,1.0,0.0561899999999973,19.813917999999997
425,0.1276717534654246,0.06582531300494421,1.0,0.05602200000000224,19.86994
426,0.1273632994956446,0.06539556323220505,1.0,0.050504000000000104,19.920444
427,0.1269392114660566,0.06515563371238023,1.0,0.051436999999999955,19.971881
428,0.12660546808029513,0.06502400725198844,1.0,0.048058000000001044,20.019939
429,0.12628918892794685,0.06488060996232274,1.0,0.048756999999998385,20.068696
430,0.12597687558356435,0.06466999668965732,1.0,0.04839600000000033,20.117092
431,0.12557046913172973,0.06447673834847197,1.0,0.04845399999999955,20.165546
432,0.12512074590256084,0.06407490206428437,1.0,0.04749999999999943,20.213046
433,0.12478746018862392,0.06403714334829184,1.0,0.04818000000000211,20.261226
434,0.12453507317104848,0.06360022726807034,1.0,0.04758099999999743,20.308806999999998
435,0.12439633740253953,0.06333230815897084,1.0,0.048574000000002115,20.357381
436,0.12415996259586731,0.06319523109686052,1.0,0.04702199999999834,20.404403
437,0.12401640729281209,0.06306014553628983,1.0,0.04694200000000137,20.451345
438,0.12367291471046579,0.06265057219984894,1.0,0.04851599999999934,20.499861
439,0.12319628689202959,0.061770757523896616,1.0,0.04780600000000135,20.547667
440,0.12301190325714773,0.061517733917610826,1.0,0.04879899999999893,20.596466
441,0.12296352430616062,0.06139483887563461,1.0,0.04810099999999906,20.644567
442,0.12276231407490665,0.06125428800350158,1.0,0.0474160000000019,20.691983
443,0.12258931179779956,0.060890196996618066,1.0,0.04820299999999733,20.740185999999998
444,0.12223453983935946,0.060689608091504595,1.0,0.04766400000000104,20.78785
445,0.12186914751599033,0.060180816965617605,1.0,0.04840499999999892,20.836254999999998
446,0.12172870313821346,0.059985030174793584,1.0,0.046329000000000065,20.882583999999998
447,0.12155430805150676,0.06000108992732994,1.0,0.04717199999999977,20.929755999999998
448,0.12127345281408762,0.060012068471503276,1.0,0.046280000000002985,20.976036
449,0.12106022803355604,0.06006403779728228,1.0,0.04883599999999788,21.024872
450,0.12071663879213222,0.0597020261116129,1.0,0.049330000000001206,21.074202
451,0.12063721515531371,0.05973250913659449,1.0,0.04825199999999796,21.122453999999998
452,0.12041565916106324,0.05935720046347453,1.0,0.04831100000000177,21.170765
453,0.12014851641267364,0.05945864164483083,1.0,0.04811199999999971,21.218877
454,0.11992777749953046,0.05953724155760887,1.0,0.046662000000001314,21.265539
455,0.11956997675925153,0.05872851891820346,1.0,0.04912899999999709,21.314667999999998
456,0.11936672819726411,0.05847322062028535,1.0,0.04697100000000276,21.361639
457,0.11904361984761444,0.05856342766259473,1.0,0.04842599999999919,21.410065
458,0.11882995757012058,0.05836372851132177,1.0,0.050850000000000506,21.460915
459,0.11849634319563768,0.05797393194680416,1.0,0.04757499999999837,21.50849
460,0.11832264930556562,0.05789178877257369,1.0,0.048560000000001935,21.55705
461,0.1180475711791202,0.0576053379225001,1.0,0.048615999999999104,21.605666
462,0.11788281099371369,0.05748447070344922,1.0,0.04773000000000138,21.653396
463,0.11749727132915601,0.05731034299742032,1.0,0.0475539999999981,21.70095
464,0.11703121147258523,0.056733450250766135,1.0,0.04772300000000129,21.748673
465,0.11689065102412226,0.05665919098501567,1.0,0.047391999999998546,21.796065
466,0.11643589700085819,0.05625527887249834,1.0,0.04956500000000119,21.84563
467,0.1160159082998503,0.05622312345576439,1.0,0.048325999999999425,21.893956
468,0.11578259706427278,0.05620446954961833,1.0,0.047072,21.941028
469,0.11564183280651463,0.05614130091716822,1.0,0.04781300000000144,21.988841
470,0.1155161996833294,0.05604766259902758,1.0,0.048915999999998405,22.037757
471,0.11530371490514031,0.05592662598689661,1.0,0.04832100000000139,22.086078
472,0.11504871198356338,0.055749554449021015,1.0,0.048452999999998525,22.134531
473,0.1149166870610509,0.05568627926607543,1.0,0.04721699999999984,22.181748
474,0.1145544120337593,0.055480820172284534,1.0,0.04718499999999892,22.228932999999998
475,0.11441929253438889,0.055299026128739784,1.0,0.045626000000002165,22.274559
476,0.11423925613215695,0.055071305119793516,1.0,0.04906700000000086,22.323626
477,0.11412149759843282,0.054947730356847836,1.0,0.04725299999999777,22.370879
478,0.11394732180066398,0.05486232986347481,1.0,0.04663500000000198,22.417514
479,0.11386105763090328,0.05490563186959301,1.0,0.04714299999999838,22.464657
480,0.11378944426771886,0.05494608326389204,1.0,0.0461020000000012,22.510759
481,0.11370236760664104,0.05485094894514157,1.0,0.050209999999999866,22.560969
482,0.11348310650642296,0.05495350786654785,1.0,0.05231799999999964,22.613287
483,0.11329880346091872,0.05455283761701967,1.0,0.05013999999999896,22.663427
484,0.11321738156477669,0.05447997341086692,1.0,0.05232300000000123,22.71575
485,0.11265595928637245,0.054133707957993916,1.0,0.04710400000000092,22.762854
486,0.11255794327019339,0.05422763587003276,1.0,0.047289999999996724,22.810143999999998
487,0.11228811135301957,0.05365336211488907,1.0,0.05123400000000089,22.861378
488,0.11210036247672894,0.053403259147638,1.0,0.05168700000000115,22.913065
489,0.11186806822193787,0.053301520050178595,1.0,0.04834599999999867,22.961411
490,0.11165143728216291,0.05334106629563606,1.0,0.046607999999999095,23.008018999999997
491,0.11151718615527179,0.05325643307407515,1.0,0.04598600000000275,23.054005
492,0.11144681672771471,0.05316326505984955,1.0,0.045714000000000254,23.099719
493,0.11108953129241789,0.053172349992639915,1.0,0.045338999999998464,23.145058
494,0.11093263615316142,0.05318181014407988,1.0,0.04728100000000168,23.192339
495,0.11073505133478681,0.05318063632476179,1.0,0.049240999999998536,23.24158
496,0.11053942169894913,0.052840224645941195,1.0,0.047594000000000136,23.289174
497,0.11030555941134484,0.05281112175840079,1.0,0.04586000000000112,23.335034
498,0.1102074869028003,0.05280342720564457,1.0,0.05302000000000007,23.388054
499,0.10999913788776297,0.052572534774574284,1.0,0.051294999999999646,23.439349
500,0.10981411145511902,0.05251653973601444,1.0,0.049272999999999456,23.488622
501,0.10959535026272195,0.05263992410822098,1.0,0.04857499999999959,23.537197
502,0.10942128112709514,0.05254963939293629,1.0,0.049613000000000795,23.58681
503,0.10888399919941792,0.0522010962912322,1.0,0.04933600000000027,23.636146
504,0.10870321471476996,0.05227321428663429,1.0,0.04913099999999915,23.685277
505,0.10832133861261106,0.051958315087733103,1.0,0.04937500000000128,23.734652
506,0.1081525454599078,0.05193796022651274,1.0,0.04777099999999734,23.782422999999998
507,0.10800795083433848,0.05188012707753588,1.0,0.048626999999999754,23.831049999999998
508,0.10773876697332527,0.05158857854910309,1.0,0.04820100000000238,23.879251
509,0.10764358383196299,0.05158760676655861,1.0,0.049050999999998623,23.928302
510,0.10743767113480487,0.05157102274667744,1.0,0.04754900000000006,23.975851
511,0.10714755303364282,0.051032856742825164,1.0,0.04737599999999986,24.023227
512,0.10705043479591277,0.050953099892618724,1.0,0.04785299999999992,24.07108
513,0.10697646692986837,0.050784687536478475,1.0,0.04871599999999887,24.119795999999997
514,0.10679075119616882,0.05069479538575787,1.0,0.05131100000000188,24.171107
515,0.1066055751543491,0.05060818810767076,1.0,0.05095499999999831,24.222061999999998
516,0.10634124732235148,0.05015647199146176,1.0,0.04952400000000168,24.271586
517,0.10615163299734805,0.04989274247604748,1.0,0.06000500000000031,24.331591
518,0.10609267483029236,0.04980930852185777,1.0,0.051839999999998554,24.383430999999998
519,0.10592781610159618,0.04968809024315344,1.0,0.049790000000001555,24.433221
520,0.10580378501257375,0.049752895189392826,1.0,0.05015200000000064,24.483373
521,0.10565321667881733,0.04952012436398351,1.0,0.05131799999999842,24.534691
522,0.10555335670980065,0.04941116429457541,1.0,0.05143800000000098,24.586129
523,0.10534968928602742,0.049639933834740586,1.0,0.045844999999999914,24.631974
524,0.10525832431208558,0.04962236620793815,1.0,0.045825999999998146,24.677799999999998
525,0.10512296977007851,0.04963918031680182,1.0,0.04720800000000125,24.725008
526,0.10490236059681707,0.04957570534357553,1.0,0.046960999999999586,24.771969
527,0.10468988680706769,0.049653095490411636,1.0,0.047796000000001726,24.819765
528,0.1044988568406712,0.049641829024946536,1.0,0.04803399999999769,24.867798999999998
529,0.10439684339484379,0.04962727584793448,1.0,0.04829600000000056,24.916095
530,0.10423034474416432,0.049603431147291197,1.0,0.04781300000000144,24.963908
531,0.10398212569580306,0.049468169254723186,1.0,0.04842999999999975,25.012338
532,0.10368378753397309,0.0492105415466417,1.0,0.04829499999999953,25.060633
533,0.10341438948013329,0.04903126844703824,1.0,0.0481189999999998,25.108752
534,0.10332636282762964,0.04916259236505475,1.0,0.04749800000000093,25.15625
535,0.10310985687834912,0.04919658791745101,1.0,0.048169999999998936,25.20442
536,0.10300622532956322,0.04917672243694227,1.0,0.045756000000000796,25.250176
537,0.10285336946095178,0.04911945854683978,1.0,0.04553399999999996,25.29571
538,0.10264424884837485,0.0490753097559023,1.0,0.04592200000000091,25.341632
539,0.10256496393701127,0.048989286833716374,1.0,0.045779999999997045,25.387411999999998
540,0.1024291018770312,0.04890025439298702,1.0,0.046796000000000504,25.434207999999998
541,0.10219476870071786,0.04856592534686991,1.0,0.04637300000000266,25.480581
542,0.10200040520409374,0.048372215058437654,1.0,0.04603799999999936,25.526619
543,0.1018459184254792,0.04818639053212178,1.0,0.044874999999997556,25.571493999999998
544,0.10164317153650611,0.0480755569912458,1.0,0.046276000000002426,25.61777
545,0.10137071774973558,0.047881973717934755,1.0,0.045183999999999,25.662954
546,0.10119384802828657,0.04792464279971718,1.0,0.04636199999999846,25.709315999999998
547,0.10099636327184067,0.04772837199741331,1.0,0.047768000000001365,25.757084
548,0.10087964423678229,0.04755734572338759,1.0,0.04587800000000186,25.802962
549,0.10067920304944025,0.04751746499442566,1.0,0.045631999999997674,25.848594
550,0.10043515082163447,0.04736020626495415,1.0,0.045583000000000595,25.894177
551,0.10011751417350027,0.04742947653255454,1.0,0.04714399999999941,25.941321
552,0.09996850529484981,0.04717107401659045,1.0,0.0452040000000018,25.986525
553,0.09987982629933594,0.047138494509281356,1.0,0.04592500000000044,26.03245
554,0.09977193359369006,0.047118110639326374,1.0,0.04566299999999757,26.078113
555,0.09956400586809779,0.04702813077880197,1.0,0.045692999999999984,26.123806
556,0.09935779926367536,0.04688937520919483,1.0,0.04717700000000136,26.170983
557,0.09911893849153378,0.046689228205686065,1.0,0.046485000000000554,26.217468
558,0.09896498672080473,0.04673415967910526,1.0,0.045807999999997406,26.263275999999998
559,0.0988727858394048,0.04659385299174829,1.0,0.04659300000000144,26.309869
560,0.09873061016040909,0.04638792374628919,1.0,0.046310999999999325,26.35618
561,0.09857873476140654,0.04635450840259813,1.0,0.05055600000000027,26.406736
562,0.09853133201294169,0.04614795508068729,1.0,0.05316499999999991,26.459901
563,0.09825578421228844,0.046105581365071924,1.0,0.05001000000000033,26.509911
564,0.09806781488668447,0.04604991737387638,1.0,0.049983000000001,26.559894
565,0.09789472276063388,0.0458135589535127,1.0,0.04776799999999781,26.607661999999998
566,0.09767607777471145,0.045585216681299716,1.0,0.04719300000000004,26.654854999999998
567,0.09751678275138585,0.04530917796402272,1.0,0.04620800000000003,26.701062999999998
568,0.0973298461192423,0.04529929135362904,1.0,0.04538300000000106,26.746446
569,0.0972086055840671,0.045073058574434284,1.0,0.04548700000000139,26.791933
570,0.09691214144521425,0.045096037959138434,1.0,0.04673299999999969,26.838666
571,0.09679929955961071,0.04476173206084564,1.0,0.046564999999997525,26.885230999999997
572,0.09665554294347961,0.04450678561147191,1.0,0.04565200000000047,26.930882999999998
573,0.09650098094414321,0.04449349541842977,1.0,0.04643700000000095,26.97732
574,0.09625238841273763,0.0441386064625852,1.0,0.04495500000000163,27.022275
575,0.09611679894168214,0.04398132716070477,1.0,0.0458849999999984,27.06816
576,0.09602319051548507,0.04382426969907857,1.0,0.047305000000001485,27.115465
577,0.09588693568251387,0.04363490065255561,1.0,0.045959999999997336,27.161424999999998
578,0.09581006283701754,0.04358878176579804,1.0,0.04723500000000058,27.20866
579,0.0956435970222482,0.043613320787084575,1.0,0.050239000000001255,27.258899
580,0.09551953051962955,0.0434109614220569,1.0,0.047176999999997804,27.306075999999997
581,0.09536435981518337,0.04336284573388697,1.0,0.046220000000001704,27.352296
582,0.0952028941686128,0.043378980642711694,1.0,0.048615999999999104,27.400911999999998
583,0.09499791940209937,0.04326376107552695,1.0,0.05121899999999968,27.452130999999998
584,0.09476605903299379,0.043401269859627944,1.0,0.050052000000000874,27.502183
585,0.09461603965850664,0.04329912708276636,1.0,0.05044200000000032,27.552625
586,0.09450134042896167,0.04322500420909067,1.0,0.05316799999999944,27.605793
587,0.09434800922190592,0.042914462818641946,1.0,0.052710000000001145,27.658503
588,0.09424290700276373,0.04265408500265811,1.0,0.0494899999999987,27.707993
589,0.09405305237001389,0.04268970678129331,1.0,0.04939500000000052,27.757388
590,0.09388496390867997,0.0426259700985091,1.0,0.0512510000000006,27.808639
591,0.0936435173377104,0.04238544397150926,1.0,0.050097000000000946,27.858736
592,0.09357929382860143,0.042339656898166204,1.0,0.0511020000000002,27.909838
593,0.09339100541473692,0.04227996068596871,1.0,0.04838499999999968,27.958223
594,0.0933069956242602,0.04214059122995928,1.0,0.04876600000000053,28.006989
595,0.09306396639273269,0.041994896858850106,1.0,0.04753899999999689,28.054527999999998
596,0.09288003880929062,0.04192353986265477,1.0,0.047181000000001916,28.101709
597,0.09277321150717412,0.04181427114230204,1.0,0.04792600000000036,28.149635
598,0.09261245667315736,0.04175199132610062,1.0,0.04859300000000033,28.198228
599,0.09249671413466092,0.04157476489914244,1.0,0.04671300000000045,28.244941
600,0.09240635856244057,0.041554439785673615,1.0,0.048802999999999486,28.293744
601,0.09219515320198153,0.04115120705522353,1.0,0.051679999999997506,28.345423999999998
602,0.0920708961043151,0.041195128472356825,1.0,0.05190800000000095,28.397332
603,0.09189077104918404,0.040992601839265876,1.0,0.04986099999999993,28.447193
604,0.09169225596544499,0.04105626195081389,1.0,0.05504499999999979,28.502238
605,0.09162999160036657,0.04103596648965958,1.0,0.055047000000001844,28.557285
606,0.09146603515044392,0.04091066450698677,1.0,0.05080500000000043,28.60809
607,0.09132710686765688,0.04087423349810547,1.0,0.04600799999999694,28.654097999999998
608,0.09122599327972811,0.040830565731582294,1.0,0.04683200000000198,28.70093
609,0.09111261482076287,0.04081045100390621,1.0,0.046144999999999214,28.747075
610,0.09090431122141665,0.040629209902788566,1.0,0.046365000000001544,28.79344
611,0.09080128899601628,0.04038279018867314,1.0,0.04867399999999833,28.842114
612,0.0907153522634451,0.04041801974464505,1.0,0.048090000000001965,28.890204
613,0.09053000488374059,0.04060605615661594,1.0,0.04576199999999986,28.935966
614,0.09045095077581387,0.040627032937729214,1.0,0.04789499999999691,28.983860999999997
615,0.09019416757185766,0.040291449814740574,1.0,0.04553500000000099,29.029396
616,0.09006655268458337,0.04038362281055561,1.0,0.04583700000000235,29.075233
617,0.0899773760345354,0.040225546019978874,1.0,0.04541899999999899,29.120652
618,0.08992634016706783,0.04021143430927377,1.0,0.045981999999998635,29.166634
619,0.08980947847999501,0.040136449143362625,1.0,0.046821000000001334,29.213455
620,0.08969498833909693,0.03989677772200987,1.0,0.04584600000000094,29.259301
621,0.08962526514997518,0.04001998304822919,1.0,0.04727199999999954,29.306573
622,0.08939809323206434,0.039559444955314965,1.0,0.04906899999999936,29.355642
623,0.08923432271457585,0.039355579415910814,1.0,0.04890800000000084,29.40455
624,0.08912394499065528,0.0392019264734684,1.0,0.046274999999997846,29.450825
625,0.08897643795616847,0.03915545223540855,1.0,0.04633000000000109,29.497155
626,0.0888676276903617,0.03920750582489149,1.0,0.044889999999998764,29.542044999999998
627,0.08867489748709506,0.03898937140035316,1.0,0.04614600000000024,29.588191
628,0.08852699331025264,0.03908051963017872,1.0,0.04656100000000052,29.634752
629,0.08836522608362767,0.03892722845623777,1.0,0.05023999999999873,29.684991999999998
630,0.08827230634690647,0.0389890285493337,1.0,0.04844800000000049,29.733439999999998
631,0.0881681786391013,0.038760676686016904,1.0,0.045159000000001726,29.778599
632,0.08803337754851258,0.03861736314762805,1.0,0.0466230000000003,29.825222
633,0.08779845520980101,0.03850002524120483,1.0,0.044940000000000424,29.870162
634,0.08769266963535938,0.03850506011879013,1.0,0.04685399999999973,29.917016
635,0.08760652693849412,0.038454208325670404,1.0,0.047508999999998025,29.964525
636,0.08750477864007669,0.03835521661120074,1.0,0.04796100000000081,30.012486
637,0.08740674995224168,0.03831213705061348,1.0,0.04681100000000171,30.059297
638,0.08726651056252423,0.03828201387891659,1.0,0.046918999999999045,30.106216
639,0.08705272880345621,0.038186821212919414,1.0,0.046161999999998926,30.152378
640,0.08693696403822974,0.038053642948479516,1.0,0.04647800000000046,30.198856
641,0.0868809001641703,0.038082319558658685,1.0,0.046976000000000795,30.245832
642,0.0867596203506967,0.03805183335500634,1.0,0.04566600000000065,30.291498
643,0.08662835435583427,0.03791945889351152,1.0,0.04683799999999749,30.338335999999998
644,0.08649858677486665,0.03788946049696141,1.0,0.04515699999999967,30.383492999999998
645,0.08643957887642305,0.037960217516225706,1.0,0.04696799999999968,30.430460999999998
646,0.08634362806918876,0.03789095781659961,1.0,0.045202000000003295,30.475663
647,0.08629233747523594,0.03788124697148104,1.0,0.04622399999999871,30.521887
648,0.08613685939630795,0.03763836437958497,1.0,0.045735999999998,30.567622999999998
649,0.08597241434625216,0.03738827554096388,1.0,0.04719800000000163,30.614821
650,0.08588566036160097,0.03728934233241543,1.0,0.047117000000000075,30.661938
651,0.08575717124278782,0.03707877673020799,1.0,0.04724900000000076,30.709187
652,0.08571442913749053,0.03693550249769981,1.0,0.044653000000000276,30.75384
653,0.08555096078741686,0.036844105380985655,1.0,0.04538399999999854,30.799224
654,0.0854942175470813,0.03675816148068661,1.0,0.04570500000000166,30.844929
655,0.08540840771137219,0.03680489510443336,1.0,0.046586999999998824,30.891516
656,0.08529408247212933,0.0368018274889642,1.0,0.046827000000000396,30.938343
657,0.08524567412229786,0.036877467156785616,1.0,0.04504000000000019,30.983383
658,0.08506430897419084,0.03674648120550687,1.0,0.04744099999999918,31.030824
659,0.0849833032467397,0.036555514358183154,1.0,0.047428000000000026,31.078252
660,0.08481923553333377,0.036549378113485485,1.0,0.0474730000000001,31.125725
661,0.08464438362921023,0.036519541007012414,1.0,0.04701199999999872,31.172736999999998
662,0.08445014985675801,0.036513865300020536,1.0,0.046361000000000985,31.219098
663,0.08425281010037702,0.03645816841882625,1.0,0.04551999999999978,31.264618
664,0.08417666653786561,0.03636642881640238,1.0,0.045947000000001736,31.310565
665,0.0841439067308013,0.03635820200924553,1.0,0.04263599999999812,31.353201
666,0.0839331980519878,0.03616031206113217,1.0,0.046068000000001774,31.399269
667,0.08374943944353012,0.03595740035320733,1.0,0.04945399999999722,31.448722999999998
668,0.08362550877977724,0.03594249527402087,1.0,0.04873200000000111,31.497455
669,0.08346103718861365,0.03591094441949813,1.0,0.04576799999999892,31.543222999999998
670,0.08332102335889681,0.03577689117076884,1.0,0.04628800000000055,31.589510999999998
671,0.08316573029233856,0.03551225533987967,1.0,0.046050000000001035,31.635561
672,0.08310978900287674,0.035451539114757395,1.0,0.04791799999999924,31.683479
673,0.0829392273967355,0.0354283275041863,1.0,0.04436600000000013,31.727845
674,0.08290259485830669,0.03540941790665381,1.0,0.045417000000000485,31.773262
675,0.0827430063013155,0.03528528571442744,1.0,0.04505900000000196,31.818321
676,0.08265817916115616,0.03535323474949935,1.0,0.04581699999999955,31.864138
677,0.08247351250465774,0.03499330937064325,1.0,0.046048999999996454,31.910186999999997
678,0.08240445145832752,0.034968180049382666,1.0,0.04802500000000265,31.958212
679,0.08226053717003132,0.03501316643427633,1.0,0.04928999999999917,32.007502
680,0.08210090186038074,0.034948140890231634,1.0,0.047674999999998136,32.055177
681,0.08200331265074699,0.034948244817680225,1.0,0.04824800000000096,32.103425
682,0.08193857001335567,0.03502878723250214,1.0,0.04792799999999886,32.151353
683,0.08182027524065313,0.034977444014558774,1.0,0.04793899999999951,32.199292
684,0.08171325107529943,0.03490850747573138,1.0,0.048384000000005756,32.247676000000006
685,0.08163615145475892,0.03487631428520704,1.0,0.04661799999999516,32.294294
686,0.08150123978421447,0.03474146026267668,1.0,0.04893700000000223,32.343231
687,0.08140267761260382,0.03460947869065778,1.0,0.048409999999996955,32.391641
688,0.08131937138130023,0.034615135491165815,1.0,0.04622300000000479,32.437864000000005
689,0.08122223197960318,0.03449705936963429,1.0,0.04563399999999973,32.483498000000004
690,0.08116879060666979,0.03439209882530042,1.0,0.045090999999999326,32.528589000000004
691,0.08105471405282973,0.03425290989316997,1.0,0.045318000000001746,32.573907000000005
692,0.08090520345089756,0.034157003487225904,1.0,0.04974499999999438,32.623652
693,0.08082251404099106,0.03424072912901857,1.0,0.045484000000001856,32.669136
694,0.08075650711318717,0.03416381465183859,1.0,0.057116999999998086,32.726253
695,0.08067057441933986,0.03410399518466968,1.0,0.083434000000004,32.809687000000004
696,0.08052007999581619,0.0340794038234663,1.0,0.05703100000000205,32.866718000000006
697,0.08045485199912412,0.03409303622304262,1.0,0.05474399999999946,32.921462000000005
698,0.08036600153282444,0.034025291119895745,1.0,0.06020299999999423,32.981665
699,0.08023602490317883,0.03391154053722768,1.0,0.05607800000000651,33.037743000000006
700,0.08011605121879015,0.03376741065330921,1.0,0.050929999999993925,33.088673
701,0.07999561964443697,0.033860219237009236,1.0,0.050130000000002894,33.138803
702,0.07986164651219359,0.03385990715400558,1.0,0.050426000000001636,33.189229000000005
703,0.07961977271620242,0.03375230469122077,1.0,0.051791000000001475,33.241020000000006
704,0.07956036675846379,0.03365552527482787,1.0,0.04882799999999321,33.289848
705,0.07946779066555144,0.03381533972828284,1.0,0.05054900000000373,33.340397
706,0.07934272413639408,0.03377082752807631,1.0,0.05006999999999806,33.390467
707,0.07923689752947288,0.03376406515797777,1.0,0.04955100000000101,33.440018
708,0.07914483426660544,0.03359840163831687,1.0,0.04884799999999956,33.488866
709,0.0790391752787909,0.03355783518188836,1.0,0.050724000000002434,33.539590000000004
710,0.07895897620290518,0.03357545192251122,1.0,0.04620800000000003,33.585798000000004
711,0.07884807698205401,0.03338046565889794,1.0,0.04515299999999911,33.630951
712,0.07881103904526085,0.03340469566796368,1.0,0.04594399999999865,33.676895
713,0.07859877919540105,0.033339923096241904,1.0,0.04516699999999929,33.722062
714,0.07850494805480226,0.0333077310630564,1.0,0.046950999999999965,33.769013
715,0.07844771760344225,0.033238959447358614,1.0,0.04582700000000273,33.814840000000004
716,0.07832995022298647,0.033177964493785385,1.0,0.046483999999999526,33.861324
717,0.07821446205487598,0.03327597704522367,1.0,0.04646400000000028,33.907788000000004
718,0.07811363995333485,0.033184648351022576,1.0,0.048271999999997206,33.95606
719,0.07795466770061406,0.0327971709955533,1.0,0.045369999999998356,34.00143
720,0.07788114094581669,0.03276529318130663,1.0,0.045050000000003365,34.04648
721,0.07774062440596458,0.0326021241276445,1.0,0.04574800000000323,34.092228000000006
722,0.07759953236754097,0.03263394664073341,1.0,0.045379999999994425,34.137608
723,0.07742285030599427,0.032590863401081936,1.0,0.045771000000002005,34.183379
724,0.0773670845556027,0.032704872823828786,1.0,0.0468049999999991,34.230184
725,0.0772625623994135,0.032460917963686414,1.0,0.04482600000000048,34.27501
726,0.07722354806293444,0.032420121893659455,1.0,0.04484599999999972,34.319856
727,0.07714213175788993,0.03238441650835421,1.0,0.04988200000000376,34.369738000000005
728,0.07703968884306453,0.032323604480280994,1.0,0.046281999999997936,34.41602
729,0.07692270670950878,0.032319477480075756,1.0,0.0453329999999994,34.461353
730,0.07674241643423046,0.03219063535169101,1.0,0.04494100000000145,34.506294000000004
731,0.07658140650504973,0.03216117875071842,1.0,0.04742399999999947,34.553718
732,0.07644807020729741,0.0322444366743935,1.0,0.045735999999998,34.599454
733,0.07637579663168449,0.03217112201442953,1.0,0.046345999999999776,34.6458
734,0.07632305456222037,0.03214012750113062,1.0,0.04536099999999976,34.691161
735,0.0762312614135954,0.032119530641253544,1.0,0.046266000000002805,34.737427000000004
736,0.0761729203472394,0.032084392410653265,1.0,0.0461039999999997,34.783531
737,0.07604144376771431,0.032124244889128094,1.0,0.04472599999999716,34.828257
738,0.07595447677932232,0.03198664801294116,1.0,0.04562500000000114,34.873882
739,0.07587028489338143,0.03174028070151392,1.0,0.04278700000000413,34.916669000000006
740,0.07581769453632228,0.03174555599733752,1.0,0.045864999999999156,34.962534000000005
741,0.07572187187566605,0.031731712416663074,1.0,0.04844999999999544,35.010984
742,0.07561466537167445,0.031575403214850396,1.0,0.04679500000000303,35.057779000000004
743,0.07548433024651455,0.03156138824527191,1.0,0.04494499999999846,35.102724
744,0.07538606108792936,0.031528230847723125,1.0,0.0448379999999986,35.147562
745,0.07530634400286058,0.03141968593543259,1.0,0.04569800000000157,35.19326
746,0.07518837455948658,0.03144544311852993,1.0,0.04504500000000178,35.238305000000004
747,0.0750969105917965,0.03137947789215133,1.0,0.04610799999999671,35.284413
748,0.07500877829146467,0.03129573750880262,1.0,0.04531599999999969,35.329729
749,0.0748551213985426,0.03144228197616485,1.0,0.045354000000003225,35.375083000000004
750,0.07473374673028928,0.03134421633181486,1.0,0.047601000000000226,35.422684000000004
751,0.0745805409817279,0.03136077336646936,1.0,0.045405999999999835,35.468090000000004
752,0.07453369352550243,0.031322973815872006,1.0,0.045344999999997526,35.513435
753,0.07445960415184173,0.03121787063908049,1.0,0.04490299999999792,35.558338
754,0.07431239791539294,0.03129108636645631,1.0,0.04684200000000516,35.605180000000004
755,0.07421532651033164,0.031138363367476902,1.0,0.0448949999999968,35.650075
756,0.07411284519946809,0.03098235165139157,1.0,0.04738700000000051,35.697462
757,0.07407191875928845,0.030997534997593938,1.0,0.045692999999999984,35.743155
758,0.07397550681409376,0.03097837789343595,1.0,0.04589899999999858,35.789054
759,0.07393252141062616,0.03107974796632005,1.0,0.04665299999999917,35.835707
760,0.07380046664477347,0.03092344261091248,1.0,0.044669000000006065,35.880376000000005
761,0.07368651947566983,0.030663298947654863,1.0,0.04597899999999555,35.926355
762,0.07361925536251443,0.03063523572166163,1.0,0.046469999999999345,35.972825
763,0.07358267321676815,0.030625191860949058,1.0,0.04528100000000279,36.018106
764,0.07351317154911101,0.030566256104171893,1.0,0.04583000000000226,36.063936000000005
765,0.07342365746445134,0.030602812055133356,1.0,0.04515299999999911,36.109089000000004
766,0.07328745139719814,0.030668663237250586,1.0,0.04604799999999898,36.155137
767,0.07316468739498107,0.03062974655458847,1.0,0.04534999999999911,36.200487
768,0.0730975733768494,0.03048006305207976,1.0,0.04552699999999987,36.246014
769,0.07301496389793591,0.030631608425452893,1.0,0.04529899999999998,36.291313
770,0.07295035201522466,0.03065226150537687,1.0,0.04451800000000361,36.335831000000006
771,0.07284380036503557,0.03061778104492635,1.0,0.045047999999994204,36.380879
772,0.0727095247014513,0.030639014508495436,1.0,0.045542000000004634,36.426421000000005
773,0.07264651001526741,0.030639666804626296,1.0,0.043413000000001034,36.469834000000006
774,0.07249112607141935,0.030438254907116928,1.0,0.04696999999999463,36.516804
775,0.07236683106559283,0.030383754726172565,1.0,0.044744999999998925,36.561549
776,0.07228610057505529,0.030357598455205463,1.0,0.04515100000000416,36.606700000000004
777,0.0721923630249392,0.030319200302167795,1.0,0.04560000000000031,36.652300000000004
778,0.07201523270427723,0.030033548688303248,1.0,0.04504500000000178,36.697345000000006
779,0.07189555999207022,0.0299770333499543,1.0,0.04521099999999478,36.742556
780,0.0717904343924427,0.03001136967209521,1.0,0.04469000000000278,36.787246
781,0.0717319949649442,0.029927849875423133,1.0,0.04563799999999674,36.832884
782,0.07165838942819217,0.029973782991767263,1.0,0.04502000000000095,36.877904
783,0.07150923415750461,0.030034600355280015,1.0,0.045103000000004556,36.923007000000005
784,0.07144130420700597,0.0299374945991033,1.0,0.04880699999999649,36.971814
785,0.07140411979522263,0.02998033741796094,1.0,0.045819999999999084,37.017634
786,0.07133734198177225,0.02986330231067429,1.0,0.04595400000000183,37.063588
787,0.07122566038313957,0.029697849230350997,1.0,0.04462000000000188,37.108208000000005
788,0.07117736484702322,0.029636203420680476,1.0,0.04583799999999627,37.154046
789,0.07110513240837303,0.029627145541709393,1.0,0.04536000000000229,37.199406
790,0.07106049727231026,0.029566500605975855,1.0,0.048344000000000165,37.24775
791,0.07098309648969879,0.029541413727492777,1.0,0.0452189999999959,37.292969
792,0.0708194535900407,0.02942763376784311,1.0,0.04598000000000013,37.338949
793,0.07069575634572757,0.02947229770293307,1.0,0.05626500000000334,37.395214
794,0.07059953531231768,0.02932914712016316,1.0,0.046098999999998114,37.441313
795,0.07053747635938061,0.029324646283745193,1.0,0.04486100000000448,37.486174000000005
796,0.070492419346028,0.0293035014104259,1.0,0.045521999999998286,37.531696000000004
797,0.07044576612973992,0.029342770069505687,1.0,0.04495699999999658,37.576653
798,0.0703571015145514,0.029253047388431666,1.0,0.04506200000000149,37.621715
799,0.0702715212055983,0.029228789368242834,1.0,0.0469450000000009,37.66866
800,0.07020583221861608,0.029173469857690426,1.0,0.04846400000000273,37.717124000000005
801,0.07008311417393333,0.02897809192340626,1.0,0.049675999999998055,37.7668
802,0.06999176034607885,0.029069520658358133,1.0,0.0486930000000001,37.815493000000004
803,0.06994670360278295,0.02895035281556554,1.0,0.049614999999995746,37.865108
804,0.06980758236397039,0.029048076204850996,1.0,0.04797100000000398,37.913079
805,0.069686058422885,0.028860784788997385,1.0,0.04806599999999861,37.961145
806,0.06958365457887417,0.02901462692726314,1.0,0.04804500000000189,38.009190000000004
807,0.06942245731873563,0.02914708107154654,1.0,0.04839799999999883,38.057588
808,0.06935978921968342,0.029053855200934026,1.0,0.04946600000000245,38.107054000000005
809,0.06925645753567115,0.029038997592219035,1.0,0.048890999999997575,38.155945
810,0.0692092329925363,0.029137685720219866,1.0,0.04836600000000146,38.204311000000004
811,0.06915019446362004,0.029070350060540956,1.0,0.048498999999999626,38.252810000000004
812,0.06887821679512404,0.029128884700166766,1.0,0.04860599999999948,38.301416
813,0.06882735834046352,0.02918309010665425,1.0,0.05141799999999819,38.352834
814,0.06873191227908544,0.029171789218191194,1.0,0.046288000000004104,38.399122000000006
815,0.06865995239991085,0.029147474870810042,1.0,0.04613499999999959,38.445257000000005
816,0.0686111590169077,0.02909920975053709,1.0,0.04485199999999878,38.490109000000004
817,0.06852363129425948,0.029036653978085254,1.0,0.04625999999999664,38.536369
818,0.06842193375727035,0.02906392894166866,1.0,0.04646600000000234,38.582835
819,0.0683211976601472,0.029052370626778536,1.0,0.04826400000000319,38.631099000000006
820,0.06824175358757636,0.028988524885707825,1.0,0.04636599999999902,38.677465000000005
821,0.06813112021680533,0.028909443108782122,1.0,0.045915000000000816,38.723380000000006
822,0.06801975013492807,0.02893563419022872,1.0,0.04505599999999532,38.768436
823,0.06796699338723283,0.02877656102975095,1.0,0.053753000000000384,38.822189
824,0.06786025233068932,0.028750712102425847,1.0,0.049956000000001666,38.872145
825,0.06778420827417676,0.028856136353006642,1.0,0.04642599999999675,38.918571
826,0.06764940832679094,0.028827902143339728,1.0,0.05480000000000018,38.973371
827,0.0676066319798652,0.02880735945545879,1.0,0.05632900000000518,39.029700000000005
828,0.06744391985357152,0.028878492297094053,1.0,0.04610299999999512,39.075803
829,0.06741997659500217,0.02880842821807843,1.0,0.04614700000000482,39.121950000000005
830,0.06735680727251904,0.02883112260703259,1.0,0.04461599999999777,39.166566
831,0.06727817335600217,0.02871168348865447,1.0,0.04662599999999628,39.213192
832,0.06711837659575877,0.028689299068502372,1.0,0.04546100000000308,39.258653
833,0.06701853692388929,0.028635763649943087,1.0,0.04659099999999938,39.305244
834,0.06687501399851879,0.028688223129632127,1.0,0.04818000000000211,39.353424000000004
835,0.06685028187335121,0.02866715447314052,1.0,0.04647500000000093,39.399899000000005
836,0.0668153770759848,0.028806529064196913,1.0,0.04584299999999786,39.445742
837,0.06669347652309907,0.028762669898957198,1.0,0.04410800000000137,39.489850000000004
838,0.0665949520677495,0.028815564078072245,1.0,0.045280999999995686,39.535131
839,0.06653358320647151,0.02869318597078448,1.0,0.04454600000000397,39.579677000000004
840,0.06645092066640691,0.028643170579197786,1.0,0.04419899999999899,39.623876
841,0.06639075000231077,0.0285439445666224,1.0,0.045039000000002716,39.668915000000005
842,0.06634436784633954,0.028451707357442808,1.0,0.04898699999999678,39.717902
843,0.06620453095824522,0.02832637514101424,1.0,0.044696000000001845,39.762598000000004
844,0.06612304887521445,0.028279340521235923,1.0,0.04496999999999929,39.807568
845,0.06602817490287916,0.02827518286480758,1.0,0.04572199999999782,39.85329
846,0.06590621245517563,0.028166661265937587,1.0,0.047220000000002926,39.900510000000004
847,0.06580271110778138,0.027970700124539997,1.0,0.04822599999999966,39.948736000000004
848,0.0657550384906871,0.027922459870471428,1.0,0.04648600000000158,39.995222000000005
849,0.06569621692592412,0.027900042626460984,1.0,0.04547900000000027,40.040701000000006
850,0.06560415054487527,0.027927046884936656,1.0,0.04463599999999701,40.085337
851,0.06558046212801509,0.028011431670519896,1.0,0.043616999999997574,40.128954
852,0.06551082414584568,0.028007834405011783,1.0,0.0436730000000054,40.172627000000006
853,0.06542901197657182,0.027978399441288142,1.0,0.04454999999999387,40.217177
854,0.06538062129502357,0.027895122866986193,1.0,0.04647400000000346,40.263651
855,0.06531933103064602,0.02778636953927693,1.0,0.04447799999999802,40.308129
856,0.06526018466178403,0.02767776278553228,1.0,0.045528000000004454,40.353657000000005
857,0.06517374792223896,0.027693721738917768,1.0,0.0461829999999992,40.399840000000005
858,0.06507809415774318,0.02761258283372465,1.0,0.04487400000000008,40.444714000000005
859,0.06499944718708321,0.027643923922306433,1.0,0.042566999999998245,40.487281
860,0.06492428158824756,0.027510171002888682,1.0,0.04619300000000237,40.533474000000005
861,0.06478707066381527,0.0274608941685948,1.0,0.04557299999999742,40.579047
862,0.06475117857847049,0.027338860623192098,1.0,0.046441999999998984,40.625489
863,0.06469379896435618,0.027309936920160698,1.0,0.04494799999999799,40.670437
864,0.06459032501285848,0.02715903095616867,1.0,0.04465600000000336,40.715093
865,0.06450235829292242,0.027173312513779368,1.0,0.0452060000000003,40.760299
866,0.06443634908055533,0.027155865691983565,1.0,0.04681200000000274,40.807111000000006
867,0.06440791676353974,0.027033228582246088,1.0,0.04543199999999814,40.852543000000004
868,0.06439685502043319,0.027026700673583037,1.0,0.045885999999995875,40.898429
869,0.06431871115152393,0.026971480976334578,1.0,0.04491400000000567,40.943343000000006
870,0.06418624537025841,0.026852231381964516,1.0,0.04582099999999656,40.989164
871,0.06409036698378996,0.026812879526374126,1.0,0.044888999999997736,41.034053
872,0.06404791310655568,0.02688751218634455,1.0,0.04611200000000082,41.080165
873,0.06399404681273745,0.0269146978907848,1.0,0.046483999999999526,41.126649
874,0.06392500865228137,0.02678327560674945,1.0,0.04570200000000568,41.172351000000006
875,0.06381166971906256,0.026716671834731136,1.0,0.04544599999999832,41.217797000000004
876,0.0637463469816753,0.026603904384399506,1.0,0.044362999999997044,41.26216
877,0.0637187719559177,0.026602592651063697,1.0,0.04541300000000348,41.307573000000005
878,0.06364785072110833,0.02647440014889481,1.0,0.04529099999999886,41.352864000000004
879,0.06360965285847124,0.02654703513204437,1.0,0.046529999999997074,41.399394
880,0.06350046657546138,0.026415456946652947,1.0,0.04546300000000514,41.444857000000006
881,0.06346030686029748,0.02643685598445675,1.0,0.04559799999999825,41.490455000000004
882,0.06329366873556927,0.026322763564494915,1.0,0.04508899999999727,41.535544
883,0.06320476833088057,0.026382495598300904,1.0,0.045110000000001094,41.580654
884,0.06311536244041456,0.026369273598946676,1.0,0.04592099999999988,41.626575
885,0.06306485409953679,0.026365618199582195,1.0,0.04431600000000202,41.670891000000005
886,0.06296235253077567,0.026310914956583286,1.0,0.045623999999996556,41.716515
887,0.06281573662429087,0.02632140279615505,1.0,0.04520700000000488,41.761722000000006
888,0.062698839208561,0.026150972793586236,1.0,0.04538699999999807,41.807109000000004
889,0.06265905187932981,0.02609895638975981,1.0,0.04503899999999561,41.852148
890,0.06261346199654551,0.02617002170594105,1.0,0.04740100000000069,41.899549
891,0.06256714936526533,0.026018279918897387,1.0,0.045534000000003516,41.945083000000004
892,0.06245494835346113,0.026033368663564562,1.0,0.045619000000002075,41.990702000000006
893,0.062407728718071195,0.02613372135474798,1.0,0.045797999999997785,42.036500000000004
894,0.062280973428810185,0.026041161621523753,1.0,0.045111999999996044,42.081612
895,0.06223025604966064,0.026074493428670745,1.0,0.047256000000004406,42.128868000000004
896,0.062192548918542256,0.026053426160884165,1.0,0.045605000000001894,42.174473000000006
897,0.06215157522041481,0.02599826083040764,1.0,0.04502799999999496,42.219501
898,0.062061149903828126,0.0259237487728637,1.0,0.045642999999998324,42.265144
899,0.06201531058511968,0.025792637297627246,1.0,0.045205000000002826,42.310349
900,0.06190010388135501,0.025499437892327358,1.0,0.04518199999999695,42.355531
901,0.061803352539720996,0.025486906324305662,1.0,0.04722900000000152,42.40276
902,0.06177697100911424,0.025399687347725304,1.0,0.04577199999999948,42.448532
903,0.06171760482392205,0.02531546926062321,1.0,0.044824000000005526,42.493356000000006
904,0.06161020508190401,0.025148562004588346,1.0,0.0450699999999955,42.538426
905,0.06158349758495643,0.025141419117119944,1.0,0.046593999999998914,42.58502
906,0.0614925818912833,0.02510237272003558,1.0,0.04810000000000514,42.633120000000005
907,0.061393540042968,0.025110600674951477,1.0,0.046357000000000426,42.679477000000006
908,0.0613596743149405,0.0249755248506906,1.0,0.045698999999999046,42.725176000000005
909,0.061272897681732164,0.024954261684886046,1.0,0.04562999999999562,42.770806
910,0.06122610789806718,0.02500451257211911,1.0,0.04640300000000508,42.817209000000005
911,0.06116628320076937,0.025103350430897176,1.0,0.04860799999999443,42.865817
912,0.06111506624131485,0.025198434648779314,1.0,0.04615100000000183,42.911968
913,0.06101239271097867,0.024974169444849335,1.0,0.04554999999999865,42.957518
914,0.060969777794347965,0.025024391821429008,1.0,0.04547200000000373,43.002990000000004
915,0.06091677937498554,0.024974178976754063,1.0,0.045266999999995505,43.048257
916,0.06075789322034346,0.024672302890395563,1.0,0.045571999999999946,43.093829
917,0.06067445416467248,0.02470079613976209,1.0,0.046380000000006305,43.140209000000006
918,0.06055895929803281,0.024714966386598466,1.0,0.04453699999999827,43.184746000000004
919,0.06046952664080453,0.02467139527205554,1.0,0.0457010000000011,43.230447000000005
920,0.06037956107778743,0.02442833105368247,1.0,0.04487100000000055,43.275318000000006
921,0.060366558444408414,0.024408840870008004,1.0,0.045667999999999154,43.320986000000005
922,0.06032527603817942,0.024360148209901154,1.0,0.0463099999999983,43.367296
923,0.060286264248847685,0.024341218451853212,1.0,0.045659999999998035,43.412956
924,0.06020659817764646,0.02422049386455413,1.0,0.045909000000001754,43.458865
925,0.06016195534720199,0.02416298189984119,1.0,0.045749000000000706,43.504614000000004
926,0.06012103831744231,0.024199597390199196,1.0,0.045733999999995945,43.550348
927,0.06006601604042014,0.024213402079280553,1.0,0.04529500000000297,43.595643
928,0.06001902246719989,0.024229367996379994,1.0,0.045315000000002215,43.640958000000005
929,0.05991416990336307,0.02419554202223367,1.0,0.04724600000000123,43.688204000000006
930,0.05985501338971544,0.0241848081662603,1.0,0.047989999999998645,43.736194000000005
931,0.059759766964613166,0.024015137928495994,1.0,0.045164999999997235,43.781359
932,0.059649972359543904,0.024010133637313,1.0,0.044583000000002926,43.825942000000005
933,0.05956243623652426,0.02409634475033562,1.0,0.04593799999999959,43.871880000000004
934,0.05953825451768454,0.024016437349623523,1.0,0.04660399999999498,43.918484
935,0.05948184022282152,0.024122079792968706,1.0,0.04667400000000299,43.965158
936,0.05938171568206743,0.02391428000627904,1.0,0.04574999999999818,44.010908
937,0.05934675415512564,0.023777295358761007,1.0,0.046645000000005155,44.057553000000006
938,0.059270072938752257,0.023671908107638907,1.0,0.04516100000000023,44.102714000000006
939,0.05924950692105935,0.023694871879327596,1.0,0.04534899999999453,44.148063
940,0.059161753833235506,0.02374326031353846,1.0,0.04569100000000503,44.193754000000006
941,0.059086949197523754,0.02375591848926435,1.0,0.04465099999999467,44.238405
942,0.0590320367773948,0.02376719043288986,1.0,0.04674100000000436,44.285146000000005
943,0.058926324901235054,0.02372420371465517,1.0,0.04515999999999565,44.330306
944,0.058865901563031134,0.02357336723087615,1.0,0.04505500000000495,44.375361000000005
945,0.05877482924463159,0.02349611509592843,1.0,0.04577199999999948,44.421133000000005
946,0.05866260140699839,0.023351416930163894,1.0,0.04484899999999925,44.465982000000004
947,0.0585904070604719,0.023439311643738827,1.0,0.04453399999999874,44.510516
948,0.05849640825348475,0.023400007707412265,1.0,0.04553599999999847,44.556052
949,0.058405042870008736,0.023233537949056745,1.0,0.04589500000000157,44.601947
950,0.05835987871049106,0.0231142337464216,1.0,0.04539700000000124,44.647344000000004
951,0.05833561751434806,0.023147995402674513,1.0,0.044958000000001164,44.692302000000005
952,0.058273688624486765,0.023191419227395284,1.0,0.045560999999999297,44.737863000000004
953,0.05823092687413467,0.023140759454609253,1.0,0.0452629999999985,44.783126
954,0.05816358226350531,0.023141946302893734,1.0,0.04638899999999779,44.829515
955,0.058135414638775446,0.02322481459716641,1.0,0.04509399999999886,44.874609
956,0.058066668455707966,0.023112298391439225,1.0,0.045417000000000485,44.920026
957,0.057995322825852215,0.023195698727348488,1.0,0.045569000000000415,44.965595
958,0.05790578664881467,0.023274392667589044,1.0,0.047645000000002824,45.01324
959,0.057839752818258844,0.02318645556676946,1.0,0.04615400000000136,45.059394000000005
960,0.05774207998311426,0.02325400322044987,1.0,0.04722299999999535,45.106617
961,0.05770045404187718,0.0231136497137355,1.0,0.04508700000000232,45.151704
962,0.05764659116199793,0.023162352881638138,1.0,0.04531599999999969,45.19702
963,0.05758947854394873,0.02307403875314617,1.0,0.04467799999999755,45.241698
964,0.05752547795790466,0.023057852309374283,1.0,0.046354000000000894,45.288052
965,0.05742440625838498,0.023217896050409897,1.0,0.0473350000000039,45.335387000000004
966,0.057378118795584354,0.02319737342683819,1.0,0.04634800000000183,45.381735000000006
967,0.057314840929070784,0.02330068000952908,1.0,0.045910999999996704,45.427646
968,0.057249543000823126,0.02337185261809108,1.0,0.04689199999999971,45.474538
969,0.057143227606298155,0.023299061145869757,1.0,0.046036000000000854,45.520574
970,0.0570560523537564,0.02326844944627883,1.0,0.04842899999999872,45.569003
971,0.0570251973995971,0.023242260433497936,1.0,0.044783999999999935,45.613787
972,0.05701377010871095,0.02325213141125959,1.0,0.04620700000000255,45.659994000000005
973,0.05693947085322074,0.0232330103559035,1.0,0.04475000000000051,45.704744000000005
974,0.05687229840691863,0.023083506006655145,1.0,0.04603299999999422,45.750777
975,0.05678004308667322,0.023012437892087644,1.0,0.04748800000000131,45.798265
976,0.05671705137644638,0.022937048929923407,1.0,0.04663000000000039,45.844895
977,0.05665931284812377,0.02286983031230627,1.0,0.04604400000000197,45.890939
978,0.056621694723158186,0.022811860803443888,1.0,0.04493500000000239,45.935874000000005
979,0.056557720149488205,0.02276657552877228,1.0,0.04598099999999761,45.981855
980,0.056467372504901595,0.02284667061322426,1.0,0.04689299999999719,46.028748
981,0.05642492517250452,0.022731006628654005,1.0,0.047242000000004225,46.075990000000004
982,0.05632165673297567,0.02290845290771168,1.0,0.04582399999999609,46.121814
983,0.056274550005646316,0.022872749063734977,1.0,0.044986999999999,46.166801
984,0.056177591440882794,0.022841339035529505,1.0,0.044632000000000005,46.211433
985,0.05612720962152236,0.022822640448560704,1.0,0.04578400000000471,46.257217000000004
986,0.05606962355483533,0.022895450759732802,1.0,0.04689199999999971,46.304109000000004
987,0.05601574600535161,0.022994366960138207,1.0,0.04556199999999677,46.349671
988,0.05593430368927651,0.02289310526221473,1.0,0.04554000000000258,46.395211
989,0.05585301567288023,0.02268972300805355,1.0,0.04503199999999907,46.440243
990,0.05577605913973107,0.02251854686687452,1.0,0.0456789999999998,46.485922
991,0.05570314884890433,0.02241033451659577,1.0,0.04575400000000229,46.531676000000004
992,0.05563066047280016,0.02252175359619633,1.0,0.04759899999999817,46.579275
993,0.05552293017317851,0.022485619624048825,1.0,0.04517200000000088,46.624447
994,0.05549252731400298,0.0223771149557755,1.0,0.047593999999996583,46.672041
995,0.05546052434397849,0.022416733993647586,1.0,0.047214000000003864,46.719255000000004
996,0.05540195231260195,0.02245478825613576,1.0,0.04633899999999613,46.765594
997,0.055347189109197684,0.022313750375297297,1.0,0.04518700000000564,46.810781000000006
998,0.055295014678704166,0.02239180214827215,1.0,0.04561899999999497,46.8564
999,0.05520672179361946,0.02229878209003772,1.0,0.045293000000000916,46.901693
1000,0.05518355145170899,0.022329565133259184,1.0,0.047065000000003465,46.948758000000005
1001,0.05515903233276717,0.022339803901097022,1.0,0.04706999999999795,46.995828
1002,0.05511771057258566,0.022413333440137944,1.0,0.04532299999999623,47.041151
1003,0.05505933211886063,0.0223170107782035,1.0,0.045316000000006795,47.086467000000006
1004,0.055032512293425734,0.022333398240529545,1.0,0.04500399999999871,47.131471000000005
1005,0.05497651202113423,0.02217830416839622,1.0,0.045573999999994896,47.177045
1006,0.05490925451355497,0.022104503379700456,1.0,0.045630000000002724,47.222675
1007,0.0548825358844791,0.02211094711042106,1.0,0.04647800000000046,47.269153
1008,0.05484670103360572,0.022012890981507802,1.0,0.04618700000000331,47.315340000000006
1009,0.05476426828044334,0.021990323098133903,1.0,0.0460819999999984,47.361422000000005
1010,0.05473003458131506,0.022041307525941585,1.0,0.04637400000000014,47.407796000000005
1011,0.05468457099231697,0.021987993280270745,1.0,0.046230000000001326,47.454026000000006
1012,0.05467682435827287,0.021964748752115435,1.0,0.046850999999996645,47.500877
1013,0.05459897601247296,0.02197662056415169,1.0,0.04889800000000122,47.549775000000004
1014,0.054520518489296475,0.02199936478632476,1.0,0.045938999999997066,47.595714
1015,0.05448187119599866,0.021922852388519088,1.0,0.04533100000000445,47.641045000000005
1016,0.05445545876049878,0.021923009998729405,1.0,0.046327999999995484,47.687373
1017,0.05440764215666065,0.021950571157639622,1.0,0.0456310000000002,47.733004
1018,0.05431351611591006,0.021957270799251995,1.0,0.046340000000000714,47.779344
1019,0.05426006853373586,0.021997079346650083,1.0,0.04864100000000349,47.827985000000005
1020,0.054202180372482,0.02201600908504552,1.0,0.04904399999999498,47.877029
1021,0.05417231698677833,0.02193880546674956,1.0,0.05377599999999916,47.930805
1022,0.0540778882675068,0.02179928128343887,1.0,0.05566000000000315,47.986465
1023,0.05398969567125343,0.021690281347421313,1.0,0.047975999999998464,48.034441
1024,0.05391792858633109,0.021664797686168583,1.0,0.0504670000000047,48.084908000000006
1025,0.05387466595352706,0.021670792826657934,1.0,0.04570499999999811,48.130613000000004
1026,0.05375791253423923,0.021412866752045488,1.0,0.04656599999999855,48.177179
1027,0.053694708173935624,0.02127329250499141,1.0,0.04590600000000222,48.223085000000005
1028,0.053667297251277904,0.021311652621457667,1.0,0.045155000000001166,48.268240000000006
1029,0.05361335546416183,0.021322025901703227,1.0,0.04588799999999793,48.314128000000004
1030,0.05354281567154256,0.021275354950331518,1.0,0.04582899999999768,48.359957
1031,0.05352154537597272,0.021243552461453933,1.0,0.04676700000000267,48.406724000000004
1032,0.05345526490993855,0.021340368849968157,1.0,0.04786899999999861,48.454593
1033,0.053382682415335364,0.02147230155891481,1.0,0.0490870000000001,48.50368
1034,0.05334694734389888,0.021427222635196228,1.0,0.05102699999999771,48.554707
1035,0.05332016074396119,0.021405194168391706,1.0,0.04558800000000218,48.600295
1036,0.05328917715641667,0.02140383452686495,1.0,0.04772100000000279,48.648016000000005
1037,0.05324342852197623,0.02140847381017643,1.0,0.0463359999999966,48.694352
1038,0.053187195029238445,0.021427621207182432,1.0,0.04615400000000136,48.740506
1039,0.05312150164448588,0.02140899215022196,1.0,0.04560599999999937,48.786112
1040,0.05308131982701326,0.021408662227292232,1.0,0.045305999999996516,48.831418
1041,0.05303181833926565,0.021367595222166066,1.0,0.04770700000000261,48.879125
1042,0.05294521482504693,0.02135764246720065,1.0,0.05373699999999815,48.932862
1043,0.052884436605887986,0.021244576580478708,1.0,0.05076200000000597,48.983624000000006
1044,0.05284531902982799,0.02120107645297562,1.0,0.04960799999999921,49.033232000000005
1045,0.052773179169657146,0.021115507425150445,1.0,0.045089999999994745,49.078322
1046,0.05268304313916104,0.021091574790178366,1.0,0.04678400000000238,49.125106
1047,0.0526317245198518,0.021084811704124067,1.0,0.04437000000000069,49.169476
1048,0.05258188590495517,0.021104239115367077,1.0,0.046228999999996745,49.215705
1049,0.052571579048055136,0.021053973043130975,1.0,0.04613100000000259,49.261836
1050,0.05252821792747811,0.02101592325041342,1.0,0.04649299999999812,49.308329
1051,0.05247854065844802,0.020987427825020475,1.0,0.04523100000000113,49.35356
1052,0.05242033242197727,0.021004217559396642,1.0,0.04652600000000007,49.400086
1053,0.05238357575155513,0.021064744591703707,1.0,0.045023999999997955,49.44511
1054,0.0522950138827802,0.02109765425230131,1.0,0.046567000000003134,49.491677
1055,0.052243392044748004,0.02103989905034397,1.0,0.04537499999999994,49.537052
1056,0.0521928192470434,0.02102812688857875,1.0,0.0454819999999998,49.582534
1057,0.05210850089406445,0.021079992553044238,1.0,0.045786999999997136,49.628321
1058,0.052072171204648424,0.02105077113712349,1.0,0.051943000000001405,49.680264
1059,0.05199714049294067,0.020986101137670046,1.0,0.05046800000000218,49.730732
1060,0.051954069753529196,0.020982889275878838,1.0,0.049067999999998335,49.7798
1061,0.05193986746807968,0.02100675259494679,1.0,0.05094799999999822,49.830748
1062,0.05185891227242945,0.020952641909244105,1.0,0.047029000000001986,49.877777
1063,0.05179545080738534,0.021120476601402788,1.0,0.04474100000000192,49.922518000000004
1064,0.05176570367560899,0.021137386128688943,1.0,0.04669799999999924,49.969216
1065,0.05174980005179663,0.021133273893583562,1.0,0.047114000000000544,50.01633
1066,0.05169458171005431,0.02116534642039089,1.0,0.045288999999996804,50.061619
1067,0.051650818087485686,0.02115653008061118,1.0,0.04580500000000143,50.107424
1068,0.051627931716463585,0.021139964966920402,1.0,0.04813000000000045,50.155554
1069,0.05156974715163678,0.02112770877758417,1.0,0.049703999999998416,50.205258
1070,0.05152795930577298,0.021008204491569964,1.0,0.04840599999999995,50.253664
1071,0.05148075997834138,0.02098320672382158,1.0,0.046472999999998876,50.300137
1072,0.05144793517607123,0.020950489474806856,1.0,0.04521700000000095,50.345354
1073,0.0514203793613121,0.02086429524528786,1.0,0.04600500000000096,50.391359
1074,0.0513384848552857,0.02073591979480171,1.0,0.04655000000000342,50.437909000000005
1075,0.051307692743013694,0.020710262586478633,1.0,0.04603699999999833,50.483946
1076,0.051240247644240865,0.020623942927137668,1.0,0.04661800000000227,50.530564000000005
1077,0.05120539300497619,0.020606577868345365,1.0,0.04701999999999629,50.577584
1078,0.05111695345954618,0.02044710251109007,1.0,0.04515599999999864,50.62274
1079,0.0510563241013035,0.02032924622427162,1.0,0.046744000000003894,50.669484000000004
1080,0.05101562209828021,0.020372597152660567,1.0,0.045873000000000275,50.715357000000004
1081,0.050994803382089955,0.020334711642032297,1.0,0.04555299999999818,50.76091
1082,0.050933557936830895,0.020192760317263754,1.0,0.046559000000002015,50.807469000000005
1083,0.05091871442074486,0.020198470461717046,1.0,0.04632999999999754,50.853799
1084,0.05087204115692461,0.02017257028455822,1.0,0.04674099999999726,50.90054
1085,0.05084563173833801,0.020159173250006334,1.0,0.04560100000000489,50.946141000000004
1086,0.05081153370028832,0.02007965535743077,1.0,0.049773000000001844,50.995914000000006
1087,0.050760703459909115,0.020038204582148146,1.0,0.048057000000000016,51.043971000000006
1088,0.050731819081771254,0.020127006916539677,1.0,0.04492599999999669,51.088897
1089,0.050675638240025404,0.019959706035819865,1.0,0.04577199999999948,51.134669
1090,0.05064367194530824,0.019960254434781482,1.0,0.04597400000000107,51.180643
1091,0.05057174334154516,0.019957042786684105,1.0,0.04385500000000064,51.224498000000004
1092,0.05053385987552939,0.01996390124690829,1.0,0.044975000000000875,51.269473000000005
1093,0.050485655797767204,0.019829834025401862,1.0,0.045656999999998504,51.31513
1094,0.05045550649105725,0.019842388726948712,1.0,0.0468529999999987,51.361983
1095,0.0503760331826178,0.01995265704281684,1.0,0.04533700000000351,51.407320000000006
1096,0.05032639330234895,0.019978227811373626,1.0,0.0461829999999992,51.453503000000005
1097,0.05025514131931023,0.019975503352284422,1.0,0.04697099999999921,51.500474000000004
1098,0.05021052322594458,0.019929578912210203,1.0,0.04933499999999924,51.549809
1099,0.05017833500198808,0.020016518705606206,1.0,0.04774400000000156,51.597553000000005
1100,0.05015600103190846,0.019948556489062155,1.0,0.045811999999997965,51.643365
1101,0.05004890423829022,0.019862239685276502,1.0,0.04582700000000273,51.689192000000006
1102,0.049988774332294046,0.019792762030420113,1.0,0.04577699999999396,51.734969
1103,0.04995207354894757,0.01980883633455912,1.0,0.045782000000002654,51.780751
1104,0.04991688240476177,0.01975953494131998,1.0,0.04674099999999726,51.827492
1105,0.04984339584014924,0.019594049770896904,1.0,0.04723500000000058,51.874727
1106,0.04974645127262969,0.01956067995242756,1.0,0.046344000000004826,51.921071000000005
1107,0.049650641885614785,0.019510818309780405,1.0,0.04610100000000017,51.967172000000005
1108,0.049580095513989605,0.01957327057802111,1.0,0.045974999999998545,52.013147000000004
1109,0.049520577290313145,0.019559503842436224,1.0,0.04557899999999648,52.058726
1110,0.04948252014323885,0.01941298277121837,1.0,0.04532800000000492,52.104054000000005
1111,0.04940645455040483,0.01934942685728516,1.0,0.0440319999999943,52.148086
1112,0.04935882792263003,0.019358716076725537,1.0,0.04544900000000496,52.193535000000004
1113,0.04926729420452962,0.019369225597522226,1.0,0.045896999999996524,52.239432
1114,0.04919290138068513,0.019258960898783963,1.0,0.04680100000000209,52.286233
1115,0.04915235655541896,0.01912950963155137,1.0,0.04628300000000252,52.332516000000005
1116,0.04911344745576031,0.019110091776882537,1.0,0.04618499999999415,52.378701
1117,0.049070072060772095,0.01911931992872735,1.0,0.04500500000000329,52.423706
1118,0.04901885628496595,0.01905827568082536,1.0,0.04616500000000201,52.469871000000005
1119,0.04893133706425466,0.01901050126288627,1.0,0.04540099999999825,52.515272
1120,0.048892499922522877,0.018889619802586594,1.0,0.044578999999998814,52.559851
1121,0.04882282125435357,0.01895443001082558,1.0,0.046744000000003894,52.606595000000006
1122,0.04877516758217803,0.01890702164763433,1.0,0.045984999999994614,52.65258
1123,0.04873090844400748,0.01890680168707578,1.0,0.04337600000000208,52.695956
1124,0.048663585212561346,0.018962545083760978,1.0,0.04510499999999951,52.741061
1125,0.04859705840706425,0.01893457510289831,1.0,0.04650399999999877,52.787565
1126,0.04854570975843805,0.01892363592741669,1.0,0.046483999999999526,52.834049
1127,0.04846052447551447,0.0189135571830017,1.0,0.045304000000001565,52.879353
1128,0.04842859572408424,0.018907948858614135,1.0,0.04717099999999874,52.926524
1129,0.04839575528678358,0.018895169537841382,1.0,0.04494600000000304,52.971470000000004
1130,0.048343807564717914,0.018879034996010045,1.0,0.04608400000000046,53.017554000000004
1131,0.048298690852048,0.018785794048131663,1.0,0.04635199999999884,53.063906
1132,0.04825006288956878,0.01875762644552079,1.0,0.044947000000000514,53.108853
1133,0.04817434522210626,0.018732455852530652,1.0,0.04594600000000071,53.154799000000004
1134,0.04812548564801307,0.018654910503356843,1.0,0.048662000000000205,53.203461000000004
1135,0.04807177159144239,0.018740369769314164,1.0,0.04803299999999666,53.251494
1136,0.04801647232516432,0.01875325901427385,1.0,0.048113999999998214,53.299608
1137,0.047948462376600075,0.01885137023928763,1.0,0.047874000000000194,53.347482
1138,0.047898606522504925,0.018774036017153998,1.0,0.04863700000000648,53.396119000000006
1139,0.047890367407599214,0.01879638916057875,1.0,0.04934299999999325,53.445462
1140,0.047830101501865195,0.01873984440785222,1.0,0.059318000000004645,53.504780000000004
1141,0.04778951965522812,0.018728222035412453,1.0,0.07800999999999902,53.58279
1142,0.0477739415801067,0.018771714695642303,1.0,0.08940400000000182,53.672194000000005
1143,0.04773338470125834,0.018838010974969014,1.0,0.0880730000000014,53.760267000000006
1144,0.04767570329555913,0.018777221668996695,1.0,0.06246999999999758,53.822737000000004
1145,0.04760230199275321,0.018680291891828,1.0,0.057923999999999864,53.880661
1146,0.047590203776360536,0.018679282839843478,1.0,0.05276500000000084,53.933426000000004
1147,0.047565553299762926,0.01863635582217357,1.0,0.048980000000000246,53.982406000000005
1148,0.04753756684455548,0.018636310841532288,1.0,0.05100399999999894,54.03341
1149,0.04747800661526269,0.018696344856016428,1.0,0.050851000000001534,54.084261000000005
1150,0.04739871058452489,0.018676284871194427,1.0,0.04893200000000064,54.133193000000006
1151,0.047322496210110296,0.01864746296991307,1.0,0.04746600000000001,54.180659000000006
1152,0.04726991223429065,0.018615552559657456,1.0,0.046787999999999386,54.227447000000005
1153,0.047191073992144394,0.01871252279454491,1.0,0.04396899999999704,54.271416
1154,0.047162716611685224,0.018798578647783126,1.0,0.04748899999999878,54.318905
1155,0.047101110685754816,0.01873609403395821,1.0,0.046776999999998736,54.365682
1156,0.047079334653467524,0.01875853174208294,1.0,0.04905400000000526,54.414736000000005
1157,0.04701365830698964,0.018874505672561805,1.0,0.04785499999999843,54.462591
1158,0.046998169614669065,0.01886137218904966,1.0,0.04750099999999691,54.510092
1159,0.04695318859283378,0.018854616101994143,1.0,0.04705500000000029,54.557147
1160,0.04689227145319737,0.018778841867310245,1.0,0.045667999999999154,54.602815
1161,0.046841182805125316,0.01869738033580201,1.0,0.04661600000000021,54.649431
1162,0.04678235572504687,0.018569747692885934,1.0,0.04549000000000092,54.694921
1163,0.0467348574576938,0.01850006754720411,1.0,0.04638500000000079,54.741306
1164,0.0466895464083842,0.018326666774151738,1.0,0.04509699999999839,54.786403
1165,0.04665199067753888,0.018402130809636673,1.0,0.046117000000002406,54.83252
1166,0.04659123494173602,0.018369336316316633,1.0,0.047701000000003546,54.880221000000006
1167,0.0465516886998814,0.018373629034127807,1.0,0.04744099999999918,54.927662000000005
1168,0.04651440770539623,0.018383178395139383,1.0,0.04535699999999565,54.973019
1169,0.04645379856835671,0.018386921537569066,1.0,0.04593300000000511,55.018952000000006
1170,0.04638402065933768,0.01826622106261832,1.0,0.04518499999999648,55.064137
1171,0.04634546517255178,0.018212461200288178,1.0,0.04757699999999687,55.111714
1172,0.04630154917470548,0.018192420840263422,1.0,0.044945000000005564,55.156659000000005
1173,0.046238050513332865,0.01827115552560189,1.0,0.04602099999999609,55.20268
1174,0.04621713608234922,0.018294935182878686,1.0,0.046013999999999555,55.248694
1175,0.04617375024405302,0.01829506979498506,1.0,0.04566700000000168,55.294361
1176,0.04612791409924452,0.01818710359683227,1.0,0.046762999999998556,55.341124
1177,0.046072986381064815,0.018156913461281003,1.0,0.045238000000004774,55.386362000000005
1178,0.045998405081875575,0.018100593245159783,1.0,0.04718499999999892,55.433547000000004
1179,0.04594730516959002,0.01797754607405489,1.0,0.04703399999999647,55.480581
1180,0.0459304601838933,0.017956871660452612,1.0,0.04855500000000035,55.529136
1181,0.0458950812870069,0.017867693601526673,1.0,0.048002000000003875,55.577138000000005
1182,0.045827933550869844,0.017781287028812966,1.0,0.048851999999996565,55.62599
1183,0.045793463068544364,0.017764870674721697,1.0,0.048206000000000415,55.674196
1184,0.0457726858519298,0.017676435720657902,1.0,0.04735000000000156,55.721546000000004
1185,0.04572857795673286,0.017759821214945706,1.0,0.04799399999999565,55.76954
1186,0.0456828756248106,0.017726763808258758,1.0,0.047416000000005454,55.816956000000005
1187,0.04563827612531635,0.01767827529569662,1.0,0.04803799999999825,55.864994
1188,0.04561014418637053,0.01766214350151484,1.0,0.04772700000000185,55.912721000000005
1189,0.045565221696501484,0.017707933969677826,1.0,0.04814899999999511,55.96087
1190,0.045507436673454,0.017624307364482582,1.0,0.04836800000000352,56.009238
1191,0.045467266831733896,0.017634732490599644,1.0,0.048619999999999663,56.057858
1192,0.045443452153605304,0.017573135343378087,1.0,0.04702199999999834,56.10488
1193,0.045398300925564496,0.017574173913192912,1.0,0.04358599999999768,56.148466
1194,0.04530177011137984,0.017528536435672676,1.0,0.045647000000002436,56.194113
1195,0.04521198717362014,0.017665016432385675,1.0,0.04575299999999771,56.239866
1196,0.045189820423475385,0.017569535433675607,1.0,0.04680200000000667,56.286668000000006
1197,0.04516657350900627,0.017598582537705396,1.0,0.048826999999995735,56.335495
1198,0.04514181589528444,0.017638413214804118,1.0,0.048309000000003266,56.383804000000005
1199,0.04513233870768566,0.017635141986755427,1.0,0.04649299999999812,56.430297
1200,0.045071351652768044,0.017571611082102513,1.0,0.04723599999999806,56.477533
1201,0.04506174953492531,0.01762062396243983,1.0,0.04686900000000094,56.524402
1202,0.045008086487679386,0.017695566538384392,1.0,0.04625599999999963,56.570658
1203,0.04496923244274237,0.017662284906632558,1.0,0.04543199999999814,56.61609
1204,0.04495137150379045,0.017698867965934714,1.0,0.047599000000005276,56.663689000000005
1205,0.04487322168438887,0.017703343705252013,1.0,0.044435,56.708124000000005
1206,0.04483940614172959,0.017686139961369765,1.0,0.04698199999999986,56.755106000000005
1207,0.044795330807668336,0.01758762247128375,1.0,0.045750999999995656,56.800857
1208,0.044716613186780906,0.01754095604365231,1.0,0.045871000000005324,56.846728000000006
1209,0.04467922674444763,0.017639146900007847,1.0,0.04519799999999918,56.891926000000005
1210,0.04463756292313633,0.017736024565148605,1.0,0.04618099999999714,56.938107
1211,0.044615359698290814,0.017775030082018705,1.0,0.04628300000000252,56.984390000000005
1212,0.044566214483449815,0.017739272342183462,1.0,0.04615899999999584,57.030549
1213,0.044495519226009486,0.017693489438260365,1.0,0.04765199999999936,57.078201
1214,0.044433363656969246,0.017628023557292427,1.0,0.0464020000000005,57.124603
1215,0.0444149801612521,0.017635197965922916,1.0,0.04732100000000372,57.171924000000004
1216,0.044407187354334896,0.017640696340656552,1.0,0.0465639999999965,57.218488
1217,0.04435952037102356,0.01759759424582237,1.0,0.04609299999999905,57.264581
1218,0.04430039750537702,0.017439338982533886,1.0,0.04614000000000118,57.310721
1219,0.04428055175125436,0.017377055032495987,1.0,0.04635199999999884,57.357073
1220,0.04418122699694381,0.017221431924035715,1.0,0.04509500000000344,57.402168
1221,0.04414772700863504,0.017239575897257838,1.0,0.04662799999999834,57.448796
1222,0.044100071690470984,0.017262362538142985,1.0,0.045034999999998604,57.493831
1223,0.044049690888162775,0.017162085655349688,1.0,0.04643000000000086,57.540261
1224,0.04400776763362452,0.017176455589210358,1.0,0.04808600000000496,57.588347000000006
1225,0.04395771885536679,0.01722103844254451,1.0,0.04936000000000007,57.637707000000006
1226,0.04389594164241783,0.017179724722292098,1.0,0.04652799999999502,57.684235
1227,0.043872478331113816,0.01720545680360151,1.0,0.04608400000000046,57.730319
1228,0.04383460058680698,0.017273992279894037,1.0,0.04536900000000088,57.775688
1229,0.04377851459115986,0.01729934738270118,1.0,0.046027999999999736,57.821716
1230,0.04371171054953457,0.017248131749697283,1.0,0.04544800000000038,57.867164
1231,0.04367888301189412,0.017187960509063262,1.0,0.04646100000000075,57.913625
1232,0.043640929618691135,0.017254608293632654,1.0,0.046255000000002156,57.959880000000005
1233,0.04354949024904343,0.017161538308731638,1.0,0.0465769999999992,58.006457000000005
1234,0.043528161436969526,0.01710228487468874,1.0,0.04703200000000152,58.053489000000006
1235,0.043507410916067246,0.01705353844335133,1.0,0.04539899999999619,58.098888
1236,0.04347032294190718,0.017077986405834453,1.0,0.04568299999999681,58.144571
1237,0.04340546972212661,0.017105500270728196,1.0,0.04583600000000132,58.190407
1238,0.04336352736247156,0.017128908250137725,1.0,0.04925300000000021,58.23966
1239,0.043336995865356914,0.017076013210974104,1.0,0.04689499999999924,58.286555
1240,0.0432886135695009,0.017071213587383862,1.0,0.04610900000000129,58.332664
1241,0.0432606465587271,0.017069780525424835,1.0,0.04489000000000232,58.377554
1242,0.043243763396900094,0.017032791987143713,1.0,0.046023999999995624,58.423578
1243,0.043166704345258995,0.01704877319963704,1.0,0.04585400000000561,58.469432000000005
1244,0.04307847904080181,0.016997252486237853,1.0,0.04772599999999727,58.517158
1245,0.04303488957027168,0.016935744486488127,1.0,0.04717899999999986,58.564337
1246,0.04299277327119557,0.016901000594660917,1.0,0.0455520000000007,58.609889
1247,0.04296512717058483,0.016956441260587287,1.0,0.04583099999999973,58.65572
1248,0.042909731139663496,0.016844872660398764,1.0,0.04600899999999797,58.701729
1249,0.042879397451153156,0.016781966700474493,1.0,0.04636100000000454,58.748090000000005
1250,0.04280881329638888,0.016787003665550096,1.0,0.04566299999999757,58.793753
1251,0.04275269809717874,0.016697884150002368,1.0,0.04577900000000312,58.839532000000005
1252,0.042677565689356524,0.01659620900404588,1.0,0.04770899999999756,58.887241
1253,0.04265047424658336,0.016574112386833772,1.0,0.04794700000000063,58.935188000000004
1254,0.04258599303793418,0.016523840693716766,1.0,0.04738599999999593,58.982574
1255,0.04256344083304229,0.01646975889957256,1.0,0.04833200000000204,59.030906
1256,0.04253273257584036,0.016417021443298825,1.0,0.04746300000000048,59.078369
1257,0.04251072759351942,0.016415068353282006,1.0,0.048779000000003236,59.127148000000005
1258,0.0424373846985739,0.01637001003837852,1.0,0.04793199999999587,59.17508
1259,0.04239448500852193,0.01633625523990992,1.0,0.04618200000000172,59.221262
1260,0.04234773884361422,0.016346800239334217,1.0,0.047446000000000765,59.268708000000004
1261,0.04230404486288639,0.016310090918808768,1.0,0.04672899999999913,59.315437
1262,0.042269481250306995,0.016386442106977477,1.0,0.04848299999999739,59.36392
1263,0.04216944590877048,0.016333482554270435,1.0,0.04720900000000228,59.411129
1264,0.04214679003752316,0.01634688786350008,1.0,0.048724999999997465,59.459854
1265,0.04208664450293799,0.01627961678600377,1.0,0.048168000000003985,59.508022000000004
1266,0.042045801550602266,0.016261564647014656,1.0,0.04800900000000041,59.556031000000004
1267,0.04198531641912035,0.016257807556186585,1.0,0.04833399999999699,59.604365
1268,0.041966305276000794,0.016267199709669597,1.0,0.04828700000000197,59.652652
1269,0.041926794064362366,0.016323978393854494,1.0,0.047913000000001205,59.700565000000005
1270,0.04188804046846145,0.016217889786607983,1.0,0.04733299999999474,59.747898
1271,0.04185330914374428,0.01618767211237587,1.0,0.04850400000000121,59.796402
1272,0.041829803142676855,0.01610920873340971,1.0,0.04720900000000228,59.843611
1273,0.04180409877546845,0.016081790410393263,1.0,0.04832100000000139,59.891932000000004
1274,0.04171815575470152,0.01614916691193069,1.0,0.043438000000001864,59.935370000000006
1275,0.04167385401139103,0.01609599209954108,1.0,0.044901999999993336,59.980272
1276,0.04164477820170804,0.016102874660412395,1.0,0.04595700000000136,60.026229
1277,0.04162881799274539,0.016128876773307908,1.0,0.04616500000000201,60.072394
1278,0.04159120152249228,0.016072967190727462,1.0,0.04538000000000153,60.117774000000004
1279,0.04156016157978568,0.01613513170282355,1.0,0.04842800000000125,60.166202000000006
1280,0.04154765955731468,0.01611226240812174,1.0,0.047072,60.213274000000006
1281,0.041519619175545114,0.016160894900106592,1.0,0.04777799999999388,60.261052
1282,0.04146137646905865,0.01604016874397524,1.0,0.04784400000000488,60.308896000000004
1283,0.04143393231684449,0.015958416696806636,1.0,0.047759999999996694,60.356656
1284,0.041396946468943055,0.015839938197709114,1.0,0.04565099999999944,60.402307
1285,0.04136790091661199,0.015870248401437824,1.0,0.0459990000000019,60.448306
1286,0.04132570640893603,0.015761096152897915,1.0,0.046599999999997976,60.494906
1287,0.04123765352842726,0.015707606404041796,1.0,0.04852999999999952,60.543436
1288,0.0412237995276882,0.01575364930439147,1.0,0.04813100000000503,60.591567000000005
1289,0.041190844062396106,0.015755251837532895,1.0,0.0478779999999972,60.639445
1290,0.04117429657647059,0.01572544041717777,1.0,0.0491310000000027,60.688576000000005
1291,0.04113604636736843,0.015701194698409637,1.0,0.04739399999999705,60.73597
1292,0.041062635999163516,0.015671486374018495,1.0,0.04590400000000017,60.781874
1293,0.041027740836629266,0.015624251097516018,1.0,0.04532700000000034,60.827201
1294,0.040991071904566766,0.015690785259332617,1.0,0.04650300000000129,60.873704000000004
1295,0.0409543962249182,0.015674521824241443,1.0,0.04645500000000169,60.920159000000005
1296,0.04089858259898456,0.015651557677342675,1.0,0.049407999999999674,60.969567000000005
1297,0.04086097426670847,0.015691850864058762,1.0,0.05052899999999738,61.020096
1298,0.040830006246596356,0.01562518174162703,1.0,0.04651599999999689,61.066612
1299,0.04080363534562628,0.015633690973132282,1.0,0.046672000000000935,61.113284
1300,0.04077636209574942,0.015615605332977395,1.0,0.046443000000003565,61.159727000000004
1301,0.04072878422256043,0.01556274498536269,1.0,0.047624999999996476,61.207352
1302,0.04070107738243304,0.015583593172316472,1.0,0.04594099999999912,61.253293
1303,0.04068369491439665,0.015641031041330303,1.0,0.045086000000004844,61.298379000000004
1304,0.04066189329928959,0.015673607826076318,1.0,0.047193999999997516,61.345573
1305,0.04064395351522906,0.015719754049222205,1.0,0.046078000000001396,61.391651
1306,0.04061589065755417,0.01575864176508994,1.0,0.04586899999999616,61.43752
1307,0.04057044286564016,0.0156815120781194,1.0,0.045733000000005575,61.483253000000005
1308,0.04054166660984028,0.01565003483958391,1.0,0.046012999999994975,61.529266
1309,0.04048506712622161,0.015591582959357007,1.0,0.048165000000004454,61.577431000000004
1310,0.04046488907783139,0.015531880470908987,1.0,0.047353999999998564,61.624785
1311,0.040430558605802476,0.015489739037869543,1.0,0.0464940000000027,61.671279000000006
1312,0.040416489764217,0.015469201484033232,1.0,0.04595199999999977,61.717231000000005
1313,0.040372735660094944,0.01549123323858245,1.0,0.04634399999999772,61.763575
1314,0.04033920900491314,0.015486881472364336,1.0,0.04631700000000194,61.809892000000005
1315,0.040286433270946546,0.0154638944225435,1.0,0.045238999999995144,61.855131
1316,0.040252838258913466,0.015450872198304743,1.0,0.04730100000000448,61.902432000000005
1317,0.04022183071317245,0.015393021570522268,1.0,0.05120499999999595,61.953637
1318,0.0401730970296299,0.015408790029593108,1.0,0.04923700000000508,62.002874000000006
1319,0.04012274273851079,0.015319337452958727,1.0,0.052693999999995356,62.055568
1320,0.04010976665823622,0.01537282642758504,1.0,0.049880999999999176,62.105449
1321,0.04004802010271968,0.015261041679807246,1.0,0.04840000000000089,62.153849
1322,0.04001638060255914,0.015191389581553676,1.0,0.04531000000000063,62.199159
1323,0.04000163735716557,0.015261596882258465,1.0,0.046585999999997796,62.245745
1324,0.039966787172114715,0.015173789975722387,1.0,0.04854800000000381,62.294293
1325,0.039937695002412094,0.015183374793412086,1.0,0.04741399999999629,62.341707
1326,0.039890830797199184,0.015140918798906748,1.0,0.04723400000000311,62.388941
1327,0.039845059491148985,0.015135353336010323,1.0,0.04663999999999646,62.435581
1328,0.03980850026502462,0.015143299063404975,1.0,0.04710700000000401,62.482688
1329,0.03977307847614718,0.015138878104167556,1.0,0.04579700000000031,62.528485
1330,0.03974388508143273,0.015102171482772873,1.0,0.04703800000000058,62.575523000000004
1331,0.039711703163529885,0.015097870402283529,1.0,0.047409999999999286,62.622933
1332,0.039678839877841904,0.015163100630580838,1.0,0.046914999999998486,62.669848
1333,0.039642932675520444,0.015143236773763204,1.0,0.04651799999999895,62.716366
1334,0.03963668320191937,0.015126902723372446,1.0,0.04747300000000365,62.763839000000004
1335,0.0396240588798586,0.015082978923464064,1.0,0.0458280000000002,62.809667000000005
1336,0.03959735623280738,0.015023230372627504,1.0,0.04711799999999755,62.856785
1337,0.039583684217385354,0.01500928390162161,1.0,0.047356999999998095,62.904142
1338,0.03954214776418972,0.01508589771395444,1.0,0.046686000000001115,62.950828
1339,0.03949203488959125,0.015042240082845293,1.0,0.046250999999998044,62.997079
1340,0.039454864542129126,0.015074913285112158,1.0,0.046175000000005184,63.043254000000005
1341,0.03938032139841615,0.015002507575486795,1.0,0.04567499999999569,63.088929
1342,0.03936275862147263,0.01500186963979685,1.0,0.046939999999999316,63.135869
1343,0.03934229492449194,0.01499362948986487,1.0,0.045404000000004885,63.181273000000004
1344,0.039312565190580656,0.015035440744309191,1.0,0.05149499999999563,63.232768
1345,0.039254059238421464,0.015047878253122973,1.0,0.04747500000000571,63.280243000000006
1346,0.039223084059254454,0.014993352048797967,1.0,0.046302999999994654,63.326546
1347,0.03918702151483336,0.014951200095752194,1.0,0.045357000000002756,63.371903
1348,0.03910973333674033,0.014984507573184183,1.0,0.04636099999999743,63.418264
1349,0.0390913433206024,0.014987255062389768,1.0,0.0447770000000034,63.463041000000004
1350,0.03905314969495631,0.015013046222973442,1.0,0.04585999999999757,63.508901
1351,0.03901822854436875,0.01494674603035729,1.0,0.044760000000003686,63.553661000000005
1352,0.03896375031949349,0.0149699820003376,1.0,0.04585699999999804,63.599518
1353,0.03888347954271197,0.014948528430343883,1.0,0.04554000000000258,63.645058000000006
1354,0.03886517489583006,0.014970545403137869,1.0,0.0454119999999989,63.690470000000005
1355,0.038842068329240906,0.014963204872920167,1.0,0.04521199999999226,63.735682
1356,0.038804640445014985,0.014889589174233915,1.0,0.0456310000000002,63.781313
1357,0.038742815040741806,0.014916105019839528,1.0,0.04680700000000115,63.82812
1358,0.038706353036878575,0.015013366874152497,1.0,0.046064000000001215,63.874184
1359,0.03867443077040924,0.015114118394169289,1.0,0.046987000000001444,63.921171
1360,0.03859449565311348,0.015011658026711063,1.0,0.046256999999997106,63.967428
1361,0.038555154849906306,0.014969937043795263,1.0,0.04727400000000159,64.014702
1362,0.038536296902001915,0.01501942854593489,1.0,0.04539800000000582,64.0601
1363,0.0385204459990629,0.015064515940177462,1.0,0.04622499999999263,64.106325
1364,0.038436615371960275,0.015038246838325747,1.0,0.044983000000001994,64.151308
1365,0.03837477592855311,0.014930040676202187,1.0,0.04691800000000512,64.198226
1366,0.03833440893041535,0.014922934457896872,1.0,0.045873000000000275,64.244099
1367,0.0382869479640127,0.014898688500244577,1.0,0.047037000000003104,64.29113600000001
1368,0.03826517327523015,0.0149298597436444,1.0,0.04598199999999508,64.337118
1369,0.03820989935243556,0.014894433352947765,1.0,0.04559799999999825,64.382716
1370,0.03817075666588775,0.014915297888461175,1.0,0.045528000000004454,64.428244
1371,0.03812186728609214,0.014876464333712335,1.0,0.04518299999999442,64.473427
1372,0.03805931730965563,0.014879098692099869,1.0,0.04557599999999695,64.519003
1373,0.03802264110726446,0.014993983196519543,1.0,0.046950000000009595,64.56595300000001
1374,0.037958475367741336,0.015028551703456211,1.0,0.048488999999989346,64.614442
1375,0.03791760517271137,0.01492815525882112,1.0,0.04799700000000939,64.662439
1376,0.037899904167776936,0.014993914982493858,1.0,0.047355999999993514,64.709795
1377,0.03785014859796724,0.014925221493887786,1.0,0.05780500000000188,64.7676
1378,0.03778972370002467,0.014846421709932077,1.0,0.04792399999999475,64.815524
1379,0.037754515154525554,0.014729063498943857,1.0,0.04663200000000245,64.862156
1380,0.03767405087419359,0.014537664037745769,1.0,0.04614700000000482,64.908303
1381,0.03764473251694645,0.014542472683269036,1.0,0.04580699999999638,64.95411
1382,0.0376123262182405,0.014556935852589352,1.0,0.046748000000008005,65.00085800000001
1383,0.03751871611267525,0.014476142442385643,1.0,0.0459419999999966,65.0468
1384,0.03748185784390185,0.014415231807335808,1.0,0.04617999999999256,65.09298
1385,0.03742464322991993,0.014316330506947115,1.0,0.045925000000011096,65.13890500000001
1386,0.03739930587625989,0.014300864122970613,1.0,0.04853099999999699,65.187436
1387,0.037357948397401114,0.014349817539729562,1.0,0.04761799999999994,65.235054
1388,0.037300827825250106,0.014299961995681787,1.0,0.04670299999999372,65.281757
1389,0.03728939683024477,0.01430575859765636,1.0,0.0458240000000103,65.32758100000001
1390,0.03722972873439095,0.014328738255437186,1.0,0.04670299999999372,65.374284
1391,0.03720932416101236,0.014295471715622616,1.0,0.04654299999999978,65.420827
1392,0.037181103987268434,0.014363534079556423,1.0,0.049345000000002415,65.470172
1393,0.037134101723531786,0.01430387161021443,1.0,0.04681999999999675,65.516992
1394,0.037101233092841454,0.014247630945050454,1.0,0.046747999999993795,65.56374
1395,0.03708616737482294,0.014275842474576868,1.0,0.045919000000012034,65.60965900000001
1396,0.03706238658848474,0.014289613212143563,1.0,0.04678099999999574,65.65644
1397,0.03701838830474555,0.014381759109953764,1.0,0.04592800000000352,65.702368
1398,0.03699149087674659,0.014319065205504293,1.0,0.046736999999993145,65.749105
1399,0.03691553595366603,0.014331414959874555,1.0,0.04645000000000721,65.79555500000001
1400,0.036878761053981336,0.014323572034065096,1.0,0.04930899999999383,65.844864
1401,0.036822904579829105,0.014327918904483818,1.0,0.04596700000000453,65.890831
1402,0.036803665300863216,0.014404819164880702,1.0,0.046559000000002015,65.93739000000001
1403,0.03676137516710446,0.014406257077184901,1.0,0.0463799999999992,65.98377
1404,0.03673781734912429,0.014296850238402733,1.0,0.04707299999999748,66.030843
1405,0.0366915908538798,0.014297351812147046,1.0,0.04631700000000194,66.07716
1406,0.03665224679135184,0.014267638779340735,1.0,0.046661000000000286,66.123821
1407,0.03663408936116151,0.014227525332293661,1.0,0.045861999999999625,66.169683
1408,0.036597818478309646,0.014153985973084182,1.0,0.04621899999999357,66.215902
1409,0.036549450828315885,0.014209066949834691,1.0,0.04910300000000234,66.265005
1410,0.03652472085879663,0.01420904919647448,1.0,0.047218999999998346,66.312224
1411,0.036495023668527485,0.014190258113227461,1.0,0.04431300000000249,66.356537
1412,0.03647785685407649,0.014188352632580755,1.0,0.04987599999999759,66.406413
1413,0.03643932910712843,0.014107512419782493,1.0,0.04659300000000144,66.453006
1414,0.03639990894919613,0.014093732898058526,1.0,0.04548499999999933,66.498491
1415,0.03633998256089779,0.01420837539689263,1.0,0.04701599999999928,66.545507
1416,0.03631029522760223,0.014105815438193461,1.0,0.04733799999999633,66.592845
1417,0.03625695734438658,0.014093199450119281,1.0,0.04682900000000245,66.639674
1418,0.03624748229269585,0.014122246418355232,1.0,0.04537299999999789,66.685047
1419,0.036198351451828384,0.014188233763356886,1.0,0.04671500000000606,66.731762
1420,0.03617351107850544,0.014176014240106491,1.0,0.045619000000002075,66.777381
1421,0.03613238139114935,0.014099550299122581,1.0,0.044076000000004,66.82145700000001
1422,0.03610146815441906,0.013991228364189083,1.0,0.04508599999999774,66.86654300000001
1423,0.03606706957343806,0.013929467744439816,1.0,0.04594999999999061,66.912493
1424,0.036042928782055624,0.013888118038611633,1.0,0.05009700000000805,66.96259
1425,0.03601693989566818,0.013888227137671582,1.0,0.04872100000000046,67.011311
1426,0.03597055967217686,0.013854336823472056,1.0,0.04583699999999169,67.057148
1427,0.03593588335503324,0.013739439797727434,1.0,0.045760000000001355,67.102908
1428,0.03590395274234411,0.013703167032261524,1.0,0.04345500000000868,67.14636300000001
1429,0.03586464368823084,0.013736830154668223,1.0,0.04668999999999812,67.193053
1430,0.03583009281940783,0.013736130219837522,1.0,0.047369000000003325,67.24042200000001
1431,0.03580152857984174,0.01367790557529213,1.0,0.04756599999998912,67.287988
1432,0.03577058643050107,0.013719117748697924,1.0,0.04618899999999826,67.334177
1433,0.03573487009074475,0.013666944074661392,1.0,0.04600200000000143,67.380179
1434,0.035668405893344836,0.013662270534254683,1.0,0.04611100000001045,67.42629000000001
1435,0.03564376871666565,0.013711010488137488,1.0,0.04717499999999575,67.473465
1436,0.03560614495847726,0.013729057796055856,1.0,0.047088999999999714,67.520554
1437,0.03556654779866872,0.013679169563465333,1.0,0.045771000000002005,67.566325
1438,0.03552535191450949,0.013693749269880899,1.0,0.046554999999997904,67.61288
1439,0.03547572105121647,0.013844840577072887,1.0,0.04598899999999162,67.658869
1440,0.03546011315416226,0.013770582305837635,1.0,0.046025000000000205,67.704894
1441,0.03543171017560904,0.01368586955713626,1.0,0.047011000000011904,67.75190500000001
1442,0.035405081933153795,0.013601062866285745,1.0,0.04836499999998978,67.80027
1443,0.03538096324396098,0.013650239773059812,1.0,0.04663899999999899,67.846909
1444,0.03535609994381404,0.013590595503569987,1.0,0.048066000000005715,67.894975
1445,0.03533633018916161,0.01351786958896965,1.0,0.047621000000006575,67.94259600000001
1446,0.03532078779607999,0.013509499962091278,1.0,0.046115999999997825,67.988712
1447,0.03526580470721613,0.013541460762389823,1.0,0.04603699999999833,68.034749
1448,0.035179478322205686,0.01343636923701131,1.0,0.04639899999999386,68.081148
1449,0.035172828403478455,0.013400262007013872,1.0,0.04667700000000252,68.127825
1450,0.0351235877882004,0.013330986742887628,1.0,0.04558799999999508,68.173413
1451,0.03510895899346033,0.01334857121298663,1.0,0.046238000000002444,68.219651
1452,0.03508477417386885,0.01334566528941614,1.0,0.04645200000000216,68.266103
1453,0.035076349198097684,0.013323140891289696,1.0,0.04695900000000108,68.313062
1454,0.03503715050727774,0.013363741444440263,1.0,0.04583499999999674,68.358897
1455,0.035021358477657825,0.013352397077357052,1.0,0.04600700000000302,68.404904
1456,0.03499522468360338,0.013276885890543516,1.0,0.04663999999999646,68.451544
1457,0.03498600164692947,0.013270086959706712,1.0,0.046685000000010746,68.49822900000001
1458,0.034966054349765095,0.013274923812639233,1.0,0.04560399999999731,68.543833
1459,0.034944420692279,0.013267471929733076,1.0,0.045824999999993565,68.589658
1460,0.03489203742612125,0.013246429761088675,1.0,0.04533700000000351,68.634995
1461,0.03483082129513932,0.013264023081345524,1.0,0.04568100000000186,68.680676
1462,0.03480091514064592,0.01323247526127445,1.0,0.04550899999999558,68.726185
1463,0.0347625253096768,0.013232652021383573,1.0,0.04861200000000565,68.774797
1464,0.0347051136993924,0.013230951391878893,1.0,0.04656699999999603,68.821364
1465,0.03466195508333048,0.013223152804495255,1.0,0.04653899999999567,68.867903
1466,0.03460642179798412,0.013202015216546114,1.0,0.04597400000000107,68.913877
1467,0.03458934448466933,0.013203790136417239,1.0,0.047645000000002824,68.961522
1468,0.03457721217913088,0.013200678191672099,1.0,0.04688299999999401,69.008405
1469,0.034571243776667544,0.01320090729559332,1.0,0.047178000000002385,69.055583
1470,0.034543985196461166,0.013167225449209166,1.0,0.0483690000000081,69.103952
1471,0.03452396578370143,0.013168028592073664,1.0,0.046404999999992924,69.150357
1472,0.03449719630976835,0.013047708349826926,1.0,0.04530100000000914,69.19565800000001
1473,0.03446505126355878,0.01303870951929729,1.0,0.046395999999987225,69.242054
1474,0.03445217007604982,0.013033089103254578,1.0,0.045376000000004524,69.28743
1475,0.03442979958443813,0.012977287771192466,1.0,0.04752700000000232,69.334957
1476,0.03439558508002581,0.012942728885051203,1.0,0.045620999999997025,69.380578
1477,0.034377291409732384,0.01296727194872394,1.0,0.045213000000003944,69.425791
1478,0.03435148789206687,0.0130310582859737,1.0,0.045913999999996236,69.471705
1479,0.03432741957120453,0.012979495946168143,1.0,0.04651400000000194,69.518219
1480,0.03430704293282723,0.012915438198319596,1.0,0.05053999999999803,69.568759
1481,0.034292929087843135,0.01295021409226525,1.0,0.046292000000008215,69.61505100000001
1482,0.03426956841599923,0.012928943421157637,1.0,0.04669699999999466,69.661748
1483,0.034240825638907076,0.012865496457994192,1.0,0.04583300000000179,69.707581
1484,0.03419976831416544,0.012864670454270154,1.0,0.04596099999999126,69.753542
1485,0.034184201068632944,0.012894660630544676,1.0,0.04544200000000842,69.798984
1486,0.03416876219676273,0.0128828633711314,1.0,0.04604100000000244,69.845025
1487,0.0341281682923307,0.012777166546610088,1.0,0.04539400000000171,69.89041900000001
1488,0.03411346025500036,0.012772676627105196,1.0,0.04705500000000029,69.93747400000001
1489,0.034086583621871724,0.012786088242534991,1.0,0.04608499999999083,69.983559
1490,0.03404694817247825,0.012722542998616705,1.0,0.046012000000004605,70.029571
1491,0.03403532271200679,0.012750741477739155,1.0,0.046672000000000935,70.076243
1492,0.03400884737976418,0.012684591956177839,1.0,0.046694000000002234,70.12293700000001
1493,0.03398076863363225,0.01272065268712799,1.0,0.046509000000000356,70.16944600000001
1494,0.03391089968764196,0.012769112237935918,1.0,0.04704900000000123,70.21649500000001
1495,0.033862301423091844,0.012824840905686613,1.0,0.04583899999998664,70.262334
1496,0.033834647299769885,0.012858620670717844,1.0,0.04554700000001333,70.30788100000001
1497,0.033812813181599094,0.012815899378101887,1.0,0.04630399999999213,70.354185
1498,0.0338009499406061,0.012868017362662033,1.0,0.04552700000000698,70.39971200000001
1499,0.03377090142009183,0.012878269440222778,1.0,0.047062999999994304,70.446775
1500,0.03374115570483985,0.012906909554305556,1.0,0.04642300000000432,70.493198
1501,0.033713380972204054,0.012874258829935621,1.0,0.0458759999999927,70.539074
1502,0.03369289126831625,0.012777470147773272,1.0,0.045860000000004675,70.584934
1503,0.03364769633754105,0.012732447540077975,1.0,0.04679299999999387,70.631727
1504,0.03363360706295753,0.012742157940298569,1.0,0.04521200000000647,70.676939
1505,0.03360916295959265,0.01269400314767934,1.0,0.04687300000000505,70.72381200000001
1506,0.03355843494847964,0.0126152012578885,1.0,0.04552199999999118,70.769334
1507,0.03353224034867881,0.012593805467846136,1.0,0.044983000000001994,70.814317
1508,0.03350739530974088,0.01260710787630012,1.0,0.04616000000000042,70.860477
1509,0.03347886746372714,0.012582622947405376,1.0,0.04368999999999801,70.904167
1510,0.03344402558943304,0.012518575268045371,1.0,0.04630000000000223,70.950467
1511,0.03341795148370963,0.01249719245572051,1.0,0.04582600000000525,70.99629300000001
1512,0.03338310276751425,0.012459455624545817,1.0,0.04659699999999134,71.04289
1513,0.03334835654981423,0.012465253563116993,1.0,0.046504999999996244,71.089395
1514,0.033336602402316694,0.012452143249312741,1.0,0.047126000000005774,71.136521
1515,0.033317314942972256,0.01245613684744942,1.0,0.046340000000000714,71.182861
1516,0.03326268404124731,0.012354892854293224,1.0,0.046394000000006486,71.22925500000001
1517,0.033241897981086385,0.012346627057443597,1.0,0.045913999999996236,71.275169
1518,0.03320367607753103,0.012337318874902158,1.0,0.04702499999999077,71.322194
1519,0.03317031726186168,0.012318333534081816,1.0,0.04640900000001125,71.36860300000001
1520,0.03314511320573071,0.012312281596545002,1.0,0.04646400000000028,71.41506700000001
1521,0.03313236954421677,0.012322044526851348,1.0,0.044593999999989364,71.459661
1522,0.03309394180268532,0.012326863394803435,1.0,0.04543100000000777,71.505092
1523,0.03305775443483985,0.012250223234964962,1.0,0.045343000000002576,71.55043500000001
1524,0.033030468366138224,0.012255022850626221,1.0,0.04580199999999479,71.596237
1525,0.033020529638944224,0.012225719167516746,1.0,0.048494000000005144,71.64473100000001
1526,0.03301144466314155,0.012229851715168081,1.0,0.04598500000000172,71.69071600000001
1527,0.03297778569669257,0.012345184730699826,1.0,0.04644899999999552,71.737165
1528,0.032960039621649215,0.012338233964525108,1.0,0.04585199999999645,71.783017
1529,0.03292737615672041,0.012352307108502334,1.0,0.04602800000000684,71.82904500000001
1530,0.03289559234246531,0.012404526390088471,1.0,0.045481999999992695,71.874527
1531,0.032858611865452234,0.012298047492126882,1.0,0.04766300000000001,71.92219
1532,0.032815812153552434,0.01226177986341147,1.0,0.04873200000000111,71.970922
1533,0.032775545304766736,0.012356651855711255,1.0,0.04689299999999719,72.017815
1534,0.03274393889388895,0.012334448167247476,1.0,0.04873000000000616,72.066545
1535,0.03272370232285566,0.01233934844689955,1.0,0.04766899999999907,72.114214
1536,0.032701425415466015,0.012325240413760217,1.0,0.04527299999999457,72.159487
1537,0.0326600424341129,0.012298200295040721,1.0,0.046136000000004174,72.205623
1538,0.03263546354303753,0.012233691695907649,1.0,0.04759400000000369,72.253217
1539,0.03261353847639104,0.012239595725413402,1.0,0.0476680000000016,72.30088500000001
1540,0.03258950363694076,0.012205000320364473,1.0,0.04597199999999191,72.346857
1541,0.032562484181890394,0.012259892499240832,1.0,0.046289999999999054,72.393147
1542,0.03252722915373995,0.01230070866189842,1.0,0.04672800000000166,72.439875
1543,0.032497473354942796,0.012285925716624117,1.0,0.048069999999995616,72.487945
1544,0.03246529720307076,0.012232309663604682,1.0,0.04589800000000821,72.533843
1545,0.03241752395932658,0.0122273252530684,1.0,0.04577700000000107,72.57962
1546,0.032406065552656745,0.012197619585022095,1.0,0.047574999999994816,72.627195
1547,0.03233144812142231,0.012090561046952438,1.0,0.04829800000000262,72.675493
1548,0.03231260075226237,0.012052215557680445,1.0,0.04657600000000173,72.722069
1549,0.03228425735159128,0.01198135216223274,1.0,0.04550700000000063,72.767576
1550,0.032253669789521766,0.012050314513555092,1.0,0.045915999999991186,72.813492
1551,0.03220731253257634,0.012023339747877738,1.0,0.047345000000007076,72.860837
1552,0.032185004067069804,0.012054422627794522,1.0,0.04764199999999619,72.908479
1553,0.032166234504097634,0.01209344518571062,1.0,0.046289999999999054,72.954769
1554,0.032139580285730045,0.012010026038387986,1.0,0.04455000000000098,72.999319
1555,0.03212292972372748,0.012043866530227761,1.0,0.045304000000001565,73.044623
1556,0.03208958258721708,0.012021538059654556,1.0,0.045326000000002864,73.089949
1557,0.03206959299558081,0.012038593437377306,1.0,0.04616699999999696,73.136116
1558,0.03203412670828129,0.011999759403018461,1.0,0.046847999999997114,73.182964
1559,0.03202090780930969,0.012024387576698263,1.0,0.04466000000000747,73.227624
1560,0.03200428361814185,0.012032099115268842,1.0,0.04396699999999498,73.271591
1561,0.03197432009648463,0.012010432449722934,1.0,0.04628499999999747,73.317876
1562,0.031955528089179765,0.012027076110611731,1.0,0.04574300000000164,73.363619
1563,0.031930946911318404,0.012052031437278194,1.0,0.04573899999999753,73.409358
1564,0.03190910176978511,0.012025230317474711,1.0,0.04604600000000403,73.455404
1565,0.031860595902921215,0.011909162974292287,1.0,0.046295999999998116,73.5017
1566,0.031832072668063094,0.011837481320500358,1.0,0.04878200000000277,73.550482
1567,0.03180023187300391,0.011813723621091518,1.0,0.04474100000000192,73.595223
1568,0.0317702702547598,0.011887481448940007,1.0,0.04310599999999454,73.638329
1569,0.03175991817758445,0.011908662950373515,1.0,0.04581100000000049,73.68414
1570,0.031727756222111575,0.011830036481564513,1.0,0.04682300000000339,73.730963
1571,0.03168179720273288,0.011772621071057537,1.0,0.04628599999999494,73.777249
1572,0.03166624471752554,0.011798234380058423,1.0,0.04601300000000208,73.823262
1573,0.03163845654479887,0.011827523856296755,1.0,0.04440400000000011,73.867666
1574,0.03163360984264363,0.011829506859307903,1.0,0.048461000000003196,73.916127
1575,0.03160542904362245,0.01186827688175222,1.0,0.04682699999999329,73.962954
1576,0.03157978869900263,0.01182960623385064,1.0,0.04706400000000599,74.010018
1577,0.03152987976899336,0.011766350586793088,1.0,0.04624699999999393,74.056265
1578,0.031502460176359916,0.011818435989873283,1.0,0.04630900000000793,74.102574
1579,0.03147487802849258,0.01180851972629713,1.0,0.04567699999999775,74.148251
1580,0.031456614862227325,0.011802068591568985,1.0,0.0456439999999958,74.193895
1581,0.03143479802389,0.011732422438523165,1.0,0.04818600000000117,74.242081
1582,0.03140907383248227,0.011721965058835949,1.0,0.04644900000000973,74.28853000000001
1583,0.03137327448895108,0.011738899470792201,1.0,0.04629299999999148,74.334823
1584,0.03133139345345616,0.011696489452933721,1.0,0.046479000000005044,74.381302
1585,0.03128714432683599,0.011718813665499367,1.0,0.0458940000000041,74.42719600000001
1586,0.03127245110850568,0.01169762976278064,1.0,0.048011999999999944,74.47520800000001
1587,0.03124129853654034,0.011749611961285898,1.0,0.04847699999999122,74.523685
1588,0.031215257911477754,0.011738029053229647,1.0,0.04666199999999776,74.570347
1589,0.03119928126353988,0.011700723177160728,1.0,0.04552200000000539,74.615869
1590,0.031186607114606375,0.011713197911843632,1.0,0.045775000000006116,74.66164400000001
1591,0.031173397654893464,0.011765713142551993,1.0,0.04580899999999133,74.707453
1592,0.03115868607799281,0.011720866650795487,1.0,0.04763900000000376,74.755092
1593,0.031138472458624895,0.011754180395982382,1.0,0.04691400000000101,74.802006
1594,0.031124812791634097,0.011817260454806895,1.0,0.045912000000001285,74.847918
1595,0.0311096147425926,0.011837174502931166,1.0,0.04745699999999431,74.895375
1596,0.03107451568982197,0.011834893428545193,1.0,0.047278000000005704,74.942653
1597,0.031059933520829704,0.011792868113488578,1.0,0.04538699999999096,74.98804
1598,0.031047221367786405,0.011755798413053012,1.0,0.045647000000002436,75.033687
1599,0.031026938485478165,0.011706623611219822,1.0,0.047765999999995756,75.081453
1600,0.03098310521752665,0.011737311629732222,1.0,0.04812300000000391,75.129576
1601,0.030945710327086998,0.011606727270856583,1.0,0.04657100000000014,75.176147
1602,0.0309272002837652,0.011629991859165308,1.0,0.046216000000001145,75.222363
1603,0.030915505301464214,0.011569614563973747,1.0,0.04622000000000526,75.268583
1604,0.03090300779228923,0.011550133508533117,1.0,0.046875999999997475,75.315459
1605,0.03088902808786625,0.01156759254036004,1.0,0.0465769999999992,75.362036
1606,0.030856949333860916,0.011475992153695267,1.0,0.04616000000000042,75.408196
1607,0.030840421747805605,0.01148159711156276,1.0,0.04575199999999313,75.453948
1608,0.030804977113683584,0.01142987100310521,1.0,0.04569400000001167,75.49964200000001
1609,0.030781201922907866,0.011401554600889742,1.0,0.04815800000000081,75.54780000000001
1610,0.03076019822980003,0.011426623073037672,1.0,0.04703299999999899,75.59483300000001
1611,0.030755371884616405,0.01142652350295046,1.0,0.047077999999999065,75.64191100000001
1612,0.030707597985568796,0.011336499832457141,1.0,0.046610999999998626,75.688522
1613,0.03068748607572839,0.01130287079115037,1.0,0.04622299999999768,75.734745
1614,0.030658239545133397,0.011301391825022135,1.0,0.04977999999999838,75.784525
1615,0.030629018963862196,0.011306106498219786,1.0,0.04545099999999991,75.829976
1616,0.030593803353635037,0.011320164386122458,1.0,0.04723800000000722,75.87721400000001
1617,0.030581602807257496,0.011373614892557027,1.0,0.04612399999999184,75.923338
1618,0.03056778125368433,0.011363611267435366,1.0,0.04817800000000716,75.97151600000001
1619,0.03053853388011662,0.011350436666771553,1.0,0.046745999999998844,76.01826200000001
1620,0.03051296981507732,0.011365846657737743,1.0,0.04699599999999293,76.065258
1621,0.030492645984134283,0.01140292987641442,1.0,0.0473829999999964,76.112641
1622,0.030460864373525118,0.011360177767059672,1.0,0.04596800000000201,76.158609
1623,0.030446967648177507,0.01141721636476544,1.0,0.04652400000000512,76.205133
1624,0.03043420834157099,0.011371184565555014,1.0,0.04964699999999311,76.25478
1625,0.03038021329203078,0.011266296628342987,1.0,0.04860200000000248,76.303382
1626,0.03035717225110773,0.01120090096096106,1.0,0.04761799999999994,76.351
1627,0.030322631456148493,0.011178316626730477,1.0,0.04738100000000145,76.398381
1628,0.030299494290466265,0.01118059765642464,1.0,0.04701400000000433,76.445395
1629,0.030282937419505926,0.011166557690535686,1.0,0.04621099999999956,76.491606
1630,0.030263208678977548,0.011101284808347843,1.0,0.04660199999999293,76.538208
1631,0.03023943622951298,0.011109089970788785,1.0,0.046314000000009514,76.584522
1632,0.030218434980255806,0.01115499623114321,1.0,0.04725100000000282,76.63177300000001
1633,0.03020161132189464,0.011202697632552834,1.0,0.04533799999998678,76.677111
1634,0.030178420313489142,0.01119992168362652,1.0,0.04600500000000807,76.723116
1635,0.030164611913789885,0.01121463032275939,1.0,0.04350900000000024,76.766625
1636,0.030138707323766563,0.01117116791858579,1.0,0.04614300000000071,76.812768
1637,0.030103427536299732,0.01113593921620915,1.0,0.04635199999999884,76.85912
1638,0.030079800332975706,0.011054197262066771,1.0,0.04718699999999387,76.906307
1639,0.030048179195078305,0.011077319737761703,1.0,0.04770400000001018,76.95401100000001
1640,0.030030748152102434,0.011021160151154525,1.0,0.0455649999999963,76.999576
1641,0.03000759181445432,0.01100736454358295,1.0,0.0461039999999997,77.04568
1642,0.029980760978831344,0.011025825909350489,1.0,0.044860999999997375,77.090541
1643,0.02995776066469186,0.010953022611954296,1.0,0.04610599999999465,77.136647
1644,0.029944305096392513,0.01099188681221784,1.0,0.04690400000001205,77.18355100000001
1645,0.029929743351179913,0.010989862748111976,1.0,0.045340999999993414,77.228892
1646,0.02991853026331256,0.011018145580199359,1.0,0.04526800000000719,77.27416000000001
1647,0.02988549573793465,0.011062343689408992,1.0,0.04698299999999733,77.321143
1648,0.02986810947187003,0.011034324332074973,1.0,0.046458999999998696,77.367602
1649,0.029839307061937773,0.010945348024992486,1.0,0.04730700000000354,77.41490900000001
1650,0.029820717500627984,0.010924939225556074,1.0,0.046497999999999706,77.46140700000001
1651,0.02980235964158627,0.01097173375829068,1.0,0.04662700000000086,77.50803400000001
1652,0.02978698570436002,0.010968550755991688,1.0,0.04557699999999443,77.553611
1653,0.029763478012585668,0.010939180079376625,1.0,0.04556300000000135,77.599174
1654,0.02974831464325144,0.010859899058160804,1.0,0.04627599999999177,77.64545
1655,0.029731754930796113,0.010836521203588897,1.0,0.047093000000003826,77.692543
1656,0.0296984398545805,0.010807931306860459,1.0,0.04579200000000583,77.738335
1657,0.029658708057178997,0.01073447002178648,1.0,0.04615799999999126,77.784493
1658,0.029637085352069974,0.010724728870073863,1.0,0.0453290000000095,77.82982200000001
1659,0.0296053135025922,0.010714954958461566,1.0,0.04603899999999328,77.875861
1660,0.0295704933513774,0.010769399466299867,1.0,0.04755900000000679,77.92342000000001
1661,0.02955835872420619,0.010776449149332436,1.0,0.04713799999998969,77.970558
1662,0.029528883812273907,0.010806102577681668,1.0,0.04347100000001092,78.01402900000001
1663,0.029516026467703526,0.010803145496835191,1.0,0.04681899999999928,78.06084800000001
1664,0.029478342294663885,0.010760041184395672,1.0,0.04613200000000006,78.10698000000001
1665,0.029445226074298277,0.010700742234798631,1.0,0.04530699999999399,78.152287
1666,0.02943130363011533,0.010679189879310375,1.0,0.046429000000003384,78.198716
1667,0.029419841603651995,0.010676259379669203,1.0,0.04740099999999359,78.246117
1668,0.029414475162193567,0.01067372391509071,1.0,0.04729199999999878,78.293409
1669,0.02939544607906552,0.010678713710854196,1.0,0.04608500000000504,78.339494
1670,0.02933641150438776,0.01061589198008359,1.0,0.046739000000002306,78.386233
1671,0.02933127444155453,0.010639453469083307,1.0,0.04676999999999509,78.433003
1672,0.029300464319817213,0.010673200870943603,1.0,0.045888000000005036,78.478891
1673,0.02927082539452141,0.010692107991019916,1.0,0.04709599999999625,78.525987
1674,0.02924282962054684,0.010652666003472333,1.0,0.04664200000000562,78.572629
1675,0.029224528815535108,0.010656174137336463,1.0,0.045670999999998685,78.6183
1676,0.029191304372916303,0.010639255694073842,1.0,0.0459329999999909,78.664233
1677,0.029159837777462234,0.010619590273708351,1.0,0.04651700000000858,78.71075
1678,0.029129188327736272,0.010664567284089318,1.0,0.045557999999999765,78.756308
1679,0.02910812780583286,0.01066606312856987,1.0,0.04680499999999199,78.803113
1680,0.029087757076908454,0.010654804027410742,1.0,0.04568700000000092,78.8488
1681,0.02907014037888389,0.010724015479205939,1.0,0.04558099999999854,78.894381
1682,0.02905122106702489,0.010766002276246467,1.0,0.046316000000004465,78.940697
1683,0.02902478184057348,0.01073685997789732,1.0,0.04648000000000252,78.987177
1684,0.029010316922583317,0.010746400535126951,1.0,0.044088000000002125,79.031265
1685,0.028977382493622018,0.010719844937031604,1.0,0.04599100000000078,79.077256
1686,0.02895349486172196,0.010706269052416591,1.0,0.047010999999997694,79.124267
1687,0.028945600568520805,0.01071631513686326,1.0,0.0460599999999971,79.170327
1688,0.028925728458853783,0.010789461439772849,1.0,0.046683000000001584,79.21701
1689,0.028895442621459787,0.01076082956293262,1.0,0.047292999999996255,79.264303
1690,0.02887669394049659,0.010830585846885142,1.0,0.04694400000001053,79.31124700000001
1691,0.028839424142821948,0.010810404364410298,1.0,0.0466119999999961,79.357859
1692,0.028820601058833224,0.0108375066847961,1.0,0.046408999999997036,79.404268
1693,0.028808730417477307,0.010816348400416263,1.0,0.04566099999999551,79.449929
1694,0.028777117002487446,0.010790712931183978,1.0,0.046687000000005696,79.496616
1695,0.028757777530678954,0.010755848995261046,1.0,0.046366000000006125,79.54298200000001
1696,0.02873016234427172,0.010729908152670107,1.0,0.04809499999998934,79.591077
1697,0.028706681452558405,0.010706571537571615,1.0,0.047077999999999065,79.638155
1698,0.02866909378243438,0.010602810382035857,1.0,0.04706200000001104,79.68521700000001
1699,0.028644528433204728,0.01060643094512218,1.0,0.04605399999999804,79.731271
1700,0.028625373913064876,0.010596747540605975,1.0,0.047101999999995314,79.778373
1701,0.02857799912655112,0.010604190158234049,1.0,0.04613399999999501,79.824507
1702,0.028552767651917322,0.010638898823665142,1.0,0.04780500000001098,79.87231200000001
1703,0.028528334703073904,0.01071268280408536,1.0,0.046554999999997904,79.918867
1704,0.028520870144560548,0.010700135334884746,1.0,0.046559000000002015,79.96542600000001
1705,0.028505871192002416,0.010616382146763853,1.0,0.04599999999999227,80.011426
1706,0.02845971867413989,0.010531107302230981,1.0,0.046447999999998046,80.057874
1707,0.02845391130293317,0.010494149721578961,1.0,0.04643000000000086,80.104304
1708,0.02843937636503538,0.010517431163863878,1.0,0.04648000000000252,80.150784
1709,0.028415569110197332,0.010553003982300354,1.0,0.04622799999999927,80.197012
1710,0.028392170631364583,0.010531949522850512,1.0,0.0460910000000041,80.243103
1711,0.028375231525826813,0.01047639748201668,1.0,0.04614999999999725,80.289253
1712,0.0283355681337598,0.01049157059446147,1.0,0.0463670000000036,80.33562
1713,0.028325732689998353,0.010492775000800912,1.0,0.04666399999999271,80.382284
1714,0.028306693220280708,0.010446487097509175,1.0,0.04558099999999854,80.427865
1715,0.028279873293160018,0.010397595016567795,1.0,0.04777400000000398,80.475639
1716,0.02826468785119083,0.010430859921594638,1.0,0.047037000000003104,80.522676
1717,0.028240268300967028,0.010422087242601541,1.0,0.04411899999999491,80.566795
1718,0.028229300011929727,0.0103913292460279,1.0,0.04589099999999746,80.612686
1719,0.028202871942903905,0.010413370692805027,1.0,0.04643700000001161,80.65912300000001
1720,0.028186246057704537,0.010420371580309118,1.0,0.04701999999998918,80.706143
1721,0.02815507946187283,0.010405135588921453,1.0,0.04736300000000426,80.753506
1722,0.028139746545130566,0.010306700834306048,1.0,0.047256000000004406,80.800762
1723,0.028131053655250503,0.010328137909899223,1.0,0.047309999999995966,80.848072
1724,0.028118159531239865,0.01031612620792309,1.0,0.047660000000007585,80.89573200000001
1725,0.02808993910192045,0.010251622859636579,1.0,0.04740299999998854,80.943135
1726,0.028076387081278697,0.010177253387662974,1.0,0.046659000000005335,80.989794
1727,0.028054293049825693,0.010208757260604492,1.0,0.04492100000000221,81.034715
1728,0.028043171640779675,0.010220770853821613,1.0,0.04662899999999581,81.081344
1729,0.02800399847643976,0.010274433399535324,1.0,0.04829499999999598,81.129639
1730,0.02797331669674015,0.010299154708407122,1.0,0.047916000000000736,81.177555
1731,0.0279643227868851,0.010304299855510334,1.0,0.04623300000000086,81.223788
1732,0.027925178200582244,0.010298942537660788,1.0,0.04643900000000656,81.270227
1733,0.027910813418152276,0.010318413404091203,1.0,0.055391999999997665,81.325619
1734,0.027886196449325412,0.010317431255483744,1.0,0.04911099999999635,81.37473
1735,0.02787208325861726,0.010310707605922785,1.0,0.048826000000005365,81.423556
1736,0.02786147626612061,0.010345312026821714,1.0,0.04676800000000014,81.470324
1737,0.027825539543935986,0.010279331265277133,1.0,0.04575400000000229,81.51607800000001
1738,0.02780556364099245,0.010262588612421396,1.0,0.04746099999999842,81.563539
1739,0.02779063326620409,0.01023948613086715,1.0,0.04883499999999685,81.612374
1740,0.027777258269700233,0.01022480270889091,1.0,0.04654299999999978,81.658917
1741,0.027743261352152715,0.010242509676910235,1.0,0.04641200000000367,81.705329
1742,0.02769846166917186,0.01028819288297564,1.0,0.046916999999993436,81.752246
1743,0.02768379142389464,0.010252660027603135,1.0,0.04580900000000554,81.798055
1744,0.02767138280293334,0.010291252102621577,1.0,0.04660400000000209,81.84465900000001
1745,0.027658550733191553,0.010299856702336603,1.0,0.05163899999999444,81.896298
1746,0.02763798974918959,0.010243248544991099,1.0,0.04799500000000023,81.944293
1747,0.0276109327404842,0.010236820033014116,1.0,0.04794499999999857,81.992238
1748,0.02760208317762802,0.010291048950157308,1.0,0.047961999999998284,82.0402
1749,0.0275902434756772,0.010321827753673584,1.0,0.049346999999997365,82.089547
1750,0.027555194271273876,0.010245765982698963,1.0,0.04955000000001064,82.139097
1751,0.027536584121847774,0.010231590024602144,1.0,0.04731099999999344,82.186408
1752,0.0275257945497767,0.010165391738917142,1.0,0.05005800000000704,82.23646600000001
1753,0.02751438474636638,0.010144660466009774,1.0,0.04692500000000166,82.28339100000001
1754,0.02749877428898511,0.010106514795651899,1.0,0.04798399999999958,82.33137500000001
1755,0.02747838043424379,0.010082710073322418,1.0,0.04736799999999164,82.378743
1756,0.02746493976129452,0.01007004927402003,1.0,0.048152999999999224,82.426896
1757,0.027448914565151014,0.010095229149937227,1.0,0.047814000000002466,82.47471
1758,0.027415872674599065,0.010101967967935657,1.0,0.04701199999999517,82.521722
1759,0.027388052838621633,0.010048314703900416,1.0,0.04901200000000472,82.570734
1760,0.027349726914914788,0.010044589158080998,1.0,0.0478339999999946,82.618568
1761,0.027321305286016475,0.010072566794003849,1.0,0.04872900000000868,82.667297
1762,0.027287890600609956,0.010062014756277389,1.0,0.04860099999999079,82.715898
1763,0.027280697695433516,0.010031243014730972,1.0,0.04675200000001212,82.76265000000001
1764,0.027257275594496286,0.010053415737338959,1.0,0.04719199999999546,82.809842
1765,0.027231354820291487,0.010035443582757481,1.0,0.04695300000000202,82.856795
1766,0.027215260670291265,0.009969517836426819,1.0,0.04620599999999797,82.903001
1767,0.02720058270493565,0.010050852050587953,1.0,0.047331999999997265,82.950333
1768,0.027176452623692636,0.010093847147785256,1.0,0.047157999999996036,82.997491
1769,0.027151275804710728,0.010047695044477369,1.0,0.04648600000000158,83.043977
1770,0.027129910543749483,0.010115692254183236,1.0,0.046472000000008507,83.090449
1771,0.02711096896919979,0.010148947099688962,1.0,0.047353999999998564,83.137803
1772,0.02708327715843804,0.010186867178867265,1.0,0.04626299999999617,83.184066
1773,0.02704573515789913,0.010082527689461841,1.0,0.04693600000000231,83.231002
1774,0.027005258046375488,0.010081644258588134,1.0,0.046725999999992496,83.277728
1775,0.02693047997692861,0.010071481787260566,1.0,0.04579400000000078,83.323522
1776,0.02690881258912179,0.00997659077910038,1.0,0.04579600000000994,83.369318
1777,0.026879925479706572,0.009983752395436033,1.0,0.04707299999999748,83.416391
1778,0.02683712346681005,0.00996877695557223,1.0,0.04661899999999264,83.46301
1779,0.0268218055931398,0.009919536997574962,1.0,0.045882000000005974,83.508892
1780,0.026795898225617207,0.009911634556880128,1.0,0.04688099999999906,83.555773
1781,0.026782145066231108,0.009900172499039149,1.0,0.046340000000000714,83.602113
1782,0.026742438983930007,0.009880219161164541,1.0,0.04596100000000547,83.64807400000001
1783,0.026698191079687197,0.009773712223803105,1.0,0.04592799999998931,83.694002
1784,0.026658898275635345,0.009748629258186882,1.0,0.047601000000000226,83.741603
1785,0.026633947747265112,0.009651174448973884,1.0,0.04709600000001046,83.78869900000001
1786,0.02661841961349173,0.00966875287457649,1.0,0.04564799999999991,83.83434700000001
1787,0.0265909138943615,0.009650749515784731,1.0,0.04690799999998774,83.881255
1788,0.02657612791856612,0.009671068208164518,1.0,0.046646000000009735,83.927901
1789,0.02656211208385473,0.009695395060105288,1.0,0.045517000000003804,83.97341800000001
1790,0.02652596738247508,0.009633362114762564,1.0,0.04643399999999076,84.019852
1791,0.026488840427793925,0.009579797469546335,1.0,0.04736499999999921,84.067217
1792,0.026479311771386137,0.009519177448362441,1.0,0.04693000000000325,84.114147
1793,0.02645850489955682,0.009497024221800423,1.0,0.04672700000000418,84.160874
1794,0.026448151776196475,0.009517802915194494,1.0,0.04690499999999531,84.207779
1795,0.02643259234849888,0.009477330711802448,1.0,0.0468270000000075,84.25460600000001
1796,0.026423914907894648,0.00947613720592181,1.0,0.046180999999990036,84.300787
1797,0.02640226416550616,0.009479474967605362,1.0,0.0461480000000023,84.346935
1798,0.026389160740231826,0.00947732568012553,1.0,0.04589599999999905,84.392831
1799,0.026367378559592886,0.009421778216069425,1.0,0.047115000000005125,84.439946
1800,0.02634083154847344,0.009439646728618717,1.0,0.049396999999999025,84.489343
1801,0.02632565358989224,0.009446042286156855,1.0,0.04888599999999599,84.538229
1802,0.026310385865807456,0.009460289692020377,1.0,0.048332999999999515,84.586562
1803,0.026291172261017494,0.009450099181572347,1.0,0.0478740000000073,84.63443600000001
1804,0.026261766170752966,0.009457980038639839,1.0,0.04636299999999949,84.68079900000001
1805,0.026234565212007264,0.009485990399452941,1.0,0.048574000000002115,84.72937300000001
1806,0.026196586151588534,0.009466247823663851,1.0,0.046510999999995306,84.775884
1807,0.026189257066984866,0.00948392228692438,1.0,0.046559000000002015,84.822443
1808,0.02616760070819961,0.009524227919486983,1.0,0.04823700000000031,84.87068000000001
1809,0.026155443342481176,0.009566348590294588,1.0,0.048182999999994536,84.918863
1810,0.02614344641781539,0.009589154570820102,1.0,0.04733099999999979,84.966194
1811,0.026132505743898745,0.00960536626728249,1.0,0.04840099999999836,85.014595
1812,0.026109157510694217,0.009628404160326755,1.0,0.04702500000000498,85.06162
1813,0.02609016563421676,0.009615026859507969,1.0,0.04683400000000404,85.10845400000001
1814,0.026070761239386942,0.009587445513833994,1.0,0.04676399999999603,85.155218
1815,0.026056905278547496,0.009559299885871581,1.0,0.046379000000001724,85.201597
1816,0.026032375446574673,0.009555471748399014,1.0,0.04644899999999552,85.248046
1817,0.026024205268032247,0.009564996696516179,1.0,0.04778100000000052,85.295827
1818,0.02598907887967998,0.009579888195849585,1.0,0.04865599999999404,85.344483
1819,0.025963603566825748,0.00957714507845557,1.0,0.046985000000006494,85.391468
1820,0.025946091842700268,0.009578223594780234,1.0,0.047494999999997844,85.438963
1821,0.025922922544995616,0.009506162133127632,1.0,0.04582600000000525,85.484789
1822,0.025907691308661492,0.009487865528689557,1.0,0.04672699999998997,85.531516
1823,0.025886070568346995,0.0094621346816522,1.0,0.04667300000001262,85.57818900000001
1824,0.025863023336858835,0.009426851544758105,1.0,0.05171899999999141,85.629908
1825,0.025850864190273114,0.009444776294346997,1.0,0.04621500000000367,85.676123
1826,0.02583369484712443,0.009442898574319573,1.0,0.04796500000000492,85.72408800000001
1827,0.025813455621387975,0.00941983300354516,1.0,0.04754999999998688,85.771638
1828,0.025787032922049216,0.009464339876811669,1.0,0.047256000000004406,85.818894
1829,0.02573683369950833,0.009520764901559288,1.0,0.045750999999995656,85.864645
1830,0.025714025189517053,0.009471416786180357,1.0,0.047480000000007294,85.912125
1831,0.025691024363995545,0.009445086859375547,1.0,0.048171999999993886,85.960297
1832,0.025675081775763955,0.009461100216284478,1.0,0.04671700000000101,86.007014
1833,0.02565744304411843,0.009474947795449024,1.0,0.046468000000004395,86.053482
1834,0.025638093976977243,0.00949638384348218,1.0,0.04716999999999416,86.100652
1835,0.02561731531374032,0.009516657674825041,1.0,0.046153000000003885,86.146805
1836,0.025601551865485014,0.009513249299979206,1.0,0.04590900000000886,86.19271400000001
1837,0.02557080897328136,0.00939361752849141,1.0,0.046851999999987015,86.239566
1838,0.025545677258966188,0.00940664309829688,1.0,0.047782000000012204,86.28734800000001
1839,0.025514448313697067,0.009362889476623126,1.0,0.04666699999999935,86.33401500000001
1840,0.025499209323046817,0.009326073810428288,1.0,0.048284999999992806,86.3823
1841,0.025475622459752507,0.009345630426551158,1.0,0.049019000000001256,86.431319
1842,0.025436223952872067,0.00938599323515934,1.0,0.04732699999999568,86.478646
1843,0.025419037685548776,0.00936970099410587,1.0,0.04817500000000052,86.526821
1844,0.025408454479666026,0.009365974465267778,1.0,0.04672600000000671,86.573547
1845,0.025383582418183736,0.00934841814303277,1.0,0.047454000000001884,86.621001
1846,0.02534647405281929,0.00940816754390964,1.0,0.04804899999999179,86.66905
1847,0.02533280567440131,0.009445240434278638,1.0,0.04524700000000337,86.714297
1848,0.02530397325356067,0.00943716351461975,1.0,0.046709000000006995,86.76100600000001
1849,0.025289348364448076,0.009418590455478076,1.0,0.046492000000000644,86.80749800000001
1850,0.025274006192163793,0.00937745474371437,1.0,0.046560999999996966,86.854059
1851,0.025257084418568346,0.009398213982418123,1.0,0.04679899999999293,86.900858
1852,0.025244462270033272,0.009437371183516627,1.0,0.047130000000009886,86.94798800000001
1853,0.025238381460890576,0.009410854011534792,1.0,0.048577999999992016,86.996566
1854,0.025227613429822868,0.009466151701936938,1.0,0.047004000000001156,87.04357
1855,0.025212810937542424,0.009483201555120096,1.0,0.04604399999999487,87.089614
1856,0.025159695167973516,0.00938093297167997,1.0,0.046731000000008294,87.136345
1857,0.025143194897216455,0.009367973314655855,1.0,0.047201999999998634,87.183547
1858,0.025125521655334843,0.009352705087874192,1.0,0.04677999999999827,87.230327
1859,0.025102497269654245,0.009374052812837971,1.0,0.04657400000000678,87.27690100000001
1860,0.025075978922026416,0.009306388111098959,1.0,0.046534999999991555,87.323436
1861,0.02506979739683563,0.00927790023482038,1.0,0.045407999999994786,87.368844
1862,0.02506456691025575,0.009267966760651393,1.0,0.04674300000000642,87.415587
1863,0.025035193954049247,0.009274228770472683,1.0,0.047651000000001886,87.463238
1864,0.02501910294918509,0.009244171512675134,1.0,0.04636200000000201,87.5096
1865,0.02500122179585192,0.009275742728314091,1.0,0.04608699999999999,87.555687
1866,0.024994013645938236,0.009301271849264098,1.0,0.047961999999998284,87.603649
1867,0.024960550849608062,0.009248190826079654,1.0,0.0473350000000039,87.65098400000001
1868,0.024937126640543022,0.009246663548798198,1.0,0.04852899999998783,87.699513
1869,0.02490926091855166,0.009193071888805377,1.0,0.04676000000000613,87.746273
1870,0.02489913966096497,0.009214849307765977,1.0,0.04659100000000649,87.79286400000001
1871,0.024873851264516793,0.009158618855925693,1.0,0.0469099999999969,87.839774
1872,0.024863837504935,0.009178951984352184,1.0,0.04662899999999581,87.886403
1873,0.024852850873162625,0.009149225154015086,1.0,0.046861000000006925,87.93326400000001
1874,0.024838003039265068,0.009159394802501417,1.0,0.047509999999988395,87.980774
1875,0.024819056565957807,0.009215671879139846,1.0,0.04704900000000123,88.027823
1876,0.02479303835340855,0.009204337095450215,1.0,0.04603300000000843,88.073856
1877,0.02477618097459439,0.00913776904427149,1.0,0.046278999999998405,88.120135
1878,0.024767308333085093,0.009172580840486291,1.0,0.04668599999999401,88.166821
1879,0.024748045512204244,0.00914426511159806,1.0,0.04680400000000873,88.21362500000001
1880,0.024715559627037805,0.009131180309626128,1.0,0.045998999999994794,88.259624
1881,0.024684191023051524,0.009065317835517894,1.0,0.04712100000000419,88.306745
1882,0.024674370954945613,0.009000300211047859,1.0,0.04828999999999439,88.355035
1883,0.0246549130348626,0.009032460320064693,1.0,0.04644100000000151,88.401476
1884,0.024645163498593584,0.009015484729648424,1.0,0.046644000000000574,88.44812
1885,0.02462480254419311,0.009024786295323734,1.0,0.04667100000000346,88.494791
1886,0.024607554995546586,0.009025167423464419,1.0,0.05060999999999183,88.545401
1887,0.024584688023473116,0.008974550085851518,1.0,0.04996300000000531,88.595364
1888,0.02456397068229608,0.009016568531913958,1.0,0.05058300000000315,88.645947
1889,0.024546230449685468,0.008977941634191876,1.0,0.050027000000000044,88.695974
1890,0.024537036150146206,0.00898335176651982,1.0,0.0474309999999889,88.743405
1891,0.02451452056593572,0.008930265556734237,1.0,0.04986500000001115,88.79327
1892,0.024486255656925533,0.008947945639599345,1.0,0.049216999999998734,88.842487
1893,0.024469766097565928,0.00889668388328683,1.0,0.04648899999999401,88.888976
1894,0.024454861202978847,0.008856194714073767,1.0,0.04922899999999686,88.938205
1895,0.02443179422648121,0.008847280355094817,1.0,0.04669200000000728,88.984897
1896,0.024406080891472618,0.008897318426611008,1.0,0.04773299999999381,89.03263
1897,0.024397700475051534,0.008879805738221294,1.0,0.046212000000011244,89.07884200000001
1898,0.024379672079993968,0.008882804024762854,1.0,0.049409999999994625,89.128252
1899,0.02436177372002236,0.008853916418528698,1.0,0.04789200000000449,89.17614400000001
1900,0.02433436147412147,0.008833518989327436,1.0,0.047244999999989545,89.223389
1901,0.024318726163076638,0.008874048484578593,1.0,0.04861800000000471,89.272007
1902,0.02430815693961516,0.008874572879523356,1.0,0.04990800000000206,89.321915
1903,0.024294426546073576,0.008932007674154084,1.0,0.05032299999999168,89.372238
1904,0.024276051452258807,0.008952511230101242,1.0,0.04842300000001387,89.42066100000001
1905,0.024268416178347425,0.00899163235367687,1.0,0.04833599999999194,89.468997
1906,0.024252469299242196,0.008959619188110564,1.0,0.0484170000000006,89.517414
1907,0.024227581047371268,0.00893184457422823,1.0,0.04772400000000232,89.565138
1908,0.02421361655367863,0.008951612221478418,1.0,0.046910999999994374,89.612049
1909,0.02419616760672072,0.008933966736816373,1.0,0.0491620000000097,89.66121100000001
1910,0.024184598901953513,0.008940375661180682,1.0,0.04806499999999403,89.709276
1911,0.024145512313784208,0.008975819230646956,1.0,0.04713099999999315,89.756407
1912,0.024122322449260707,0.008930460009545999,1.0,0.04732400000000325,89.803731
1913,0.024102486369747378,0.008863430507383049,1.0,0.04735500000001025,89.85108600000001
1914,0.02409016572412034,0.008878756107961745,1.0,0.0465899999999948,89.897676
1915,0.024082626898150394,0.00888948821577149,1.0,0.0473570000000052,89.94503300000001
1916,0.024052305644589638,0.008876183882372672,1.0,0.04763099999999554,89.992664
1917,0.02403331364457206,0.008839325521216856,1.0,0.046150999999994724,90.038815
1918,0.024016365463176027,0.008788900663452648,1.0,0.04681600000000685,90.085631
1919,0.02399575168338114,0.008763458281321712,1.0,0.04703999999999553,90.132671
1920,0.023964132697304692,0.008751712277274561,1.0,0.045921000000006984,90.17859200000001
1921,0.023955491852732665,0.00872108991372814,1.0,0.04426999999999737,90.222862
1922,0.023930973912161122,0.008774606743929018,1.0,0.04623499999999581,90.269097
1923,0.023906009050628854,0.008830833497463586,1.0,0.047256000000004406,90.316353
1924,0.02388798875054797,0.008801394343041167,1.0,0.047066999999998416,90.36342
1925,0.0238554973352978,0.008782049844800898,1.0,0.04685599999999113,90.410276
1926,0.023838683114845972,0.008753788640396843,1.0,0.04594100000001333,90.45621700000001
1927,0.023830305775232794,0.0087584132887415,1.0,0.04690599999999279,90.503123
1928,0.023811308520653093,0.008717304120749432,1.0,0.0461829999999992,90.549306
1929,0.0237949246049942,0.00869315923290094,1.0,0.0482109999999949,90.597517
1930,0.023785728905654058,0.008670212313939333,1.0,0.04711100000000101,90.644628
1931,0.023764558887185233,0.008657379735876922,1.0,0.048904000000007386,90.693532
1932,0.023736466787185165,0.008601340646674931,1.0,0.043314999999992665,90.736847
1933,0.023731642190853802,0.008598177985847704,1.0,0.04703299999999899,90.78388
1934,0.02371295017346007,0.008566461480802453,1.0,0.0476900000000029,90.83157
1935,0.023700132634743996,0.008570453593970602,1.0,0.047080000000008226,90.87865000000001
1936,0.023680217740904175,0.008566835145896377,1.0,0.047924999999992224,90.926575
1937,0.023664831864788568,0.008547237436711357,1.0,0.04691200000000606,90.973487
1938,0.023660913910532315,0.008557532814217395,1.0,0.046048999999996454,91.019536
1939,0.02363932285614481,0.008507637068229558,1.0,0.04650100000000634,91.06603700000001
1940,0.023626677104215864,0.008559138270986045,1.0,0.04667999999999495,91.112717
1941,0.023607182251358515,0.008578573648617334,1.0,0.04692199999999502,91.159639
1942,0.023571276114791193,0.00859447830277429,1.0,0.04629100000001074,91.20593000000001
1943,0.023546732867462693,0.008540810723217282,1.0,0.04650599999999372,91.252436
1944,0.023514946898007545,0.00855959283103802,1.0,0.045426000000006184,91.29786200000001
1945,0.023492059866941556,0.008568265863552613,1.0,0.04692499999998745,91.344787
1946,0.023476193223769242,0.008607094341730355,1.0,0.0481590000000125,91.39294600000001
1947,0.023457476445955323,0.008589742902017965,1.0,0.045809999999988804,91.438756
1948,0.02343008734822029,0.00854458562929863,1.0,0.0460690000000028,91.484825
1949,0.02341607186101836,0.008513227666292904,1.0,0.04737300000000744,91.53219800000001
1950,0.023407558263451506,0.008468627959828659,1.0,0.048113999999998214,91.580312
1951,0.02339052492123767,0.008452564067327025,1.0,0.047416999999995824,91.627729
1952,0.023379839765559927,0.008463541894011616,1.0,0.047469000000006645,91.67519800000001
1953,0.023364564649158957,0.008512105255236345,1.0,0.04735900000000015,91.72255700000001
1954,0.023346189587008383,0.008485001933870515,1.0,0.046471999999994296,91.769029
1955,0.023329764831174906,0.00848183741917951,1.0,0.04752000000000578,91.81654900000001
1956,0.02330737962909867,0.008532893186687002,1.0,0.04872699999999952,91.86527600000001
1957,0.023293404358600334,0.008532745048156607,1.0,0.04763199999999301,91.912908
1958,0.023269893796816776,0.00847225060447724,1.0,0.04719199999999546,91.9601
1959,0.023247030761886136,0.008455380258402204,1.0,0.04676200000000108,92.006862
1960,0.023227791065389674,0.008372695924512957,1.0,0.04634300000000735,92.053205
1961,0.02321276768443942,0.008366799876518425,1.0,0.046683000000001584,92.099888
1962,0.023182556632936183,0.008373992502427671,1.0,0.04718400000000145,92.14707200000001
1963,0.02317200660672129,0.008380275725940136,1.0,0.04636699999998939,92.193439
1964,0.023157368886447587,0.008359817738048364,1.0,0.047278000000005704,92.240717
1965,0.023148329334858844,0.008365636009146804,1.0,0.046188000000000784,92.286905
1966,0.023133191608912314,0.008352662343461726,1.0,0.046103000000002226,92.333008
1967,0.023118337321162877,0.008334589477459343,1.0,0.04564799999999991,92.378656
1968,0.023105549853589386,0.008357365065159241,1.0,0.04638799999999321,92.425044
1969,0.02308724914091141,0.008391803690875391,1.0,0.043539000000009764,92.46858300000001
1970,0.023053431334496464,0.008318737278375682,1.0,0.051524999999998045,92.52010800000001
1971,0.02304212806202289,0.008331786540476067,1.0,0.048918999999997936,92.569027
1972,0.023036050534811735,0.008304612738189117,1.0,0.04736199999999258,92.616389
1973,0.023011782381400083,0.008340251710016256,1.0,0.04725100000000282,92.66364
1974,0.022994860921800232,0.00839434226672427,1.0,0.045896999999996524,92.709537
1975,0.022982443905295875,0.008352221203170085,1.0,0.04674100000001147,92.75627800000001
1976,0.02297447178902096,0.008370448282657102,1.0,0.048000999999999294,92.80427900000001
1977,0.022960087035367453,0.008328865161247987,1.0,0.048488999999989346,92.852768
1978,0.022944177074685577,0.008362325538084272,1.0,0.049064999999998804,92.901833
1979,0.022924982454925944,0.00836011103119899,1.0,0.052497999999999934,92.954331
1980,0.02290368101269481,0.00834781351105559,1.0,0.05008700000000488,93.004418
1981,0.022865492626925173,0.008290852448308059,1.0,0.04741200000000845,93.05183000000001
1982,0.022844287771949735,0.008312066008980004,1.0,0.048640999999989276,93.100471
1983,0.02282885025896573,0.008278017073310358,1.0,0.04875499999999988,93.149226
1984,0.02280591012763717,0.008332078220565095,1.0,0.04922500000000696,93.198451
1985,0.02279785564015058,0.008298960314535139,1.0,0.05025599999999031,93.248707
1986,0.022779214531141102,0.008313655547349676,1.0,0.047876999999999725,93.296584
1987,0.02275752722494153,0.008244688131091134,1.0,0.048951999999999884,93.345536
1988,0.022740553382902946,0.008306843573685434,1.0,0.04774400000000867,93.39328
1989,0.022724142362902707,0.008334284655348287,1.0,0.0469190000000026,93.440199
1990,0.022712696583209974,0.008284464802345843,1.0,0.04581499999999039,93.486014
1991,0.02268917313399615,0.00832656708201947,1.0,0.046985000000006494,93.532999
1992,0.022674648053789027,0.008335188776475036,1.0,0.04593300000000511,93.57893200000001
1993,0.022651041298236266,0.008286855629305395,1.0,0.047722999999990634,93.626655
1994,0.022640138915814942,0.008261852791262108,1.0,0.047395000000008736,93.67405000000001
1995,0.02263193010358531,0.008260643695718677,1.0,0.0494199999999978,93.72347
1996,0.02261760686994208,0.00825490534117056,1.0,0.04934299999999325,93.772813
1997,0.022594071360335977,0.00825396001066088,1.0,0.04974500000000148,93.822558
1998,0.02257336246956281,0.008263091624329463,1.0,0.051845999999997616,93.874404
1999,0.02255466495085644,0.008229069114301404,1.0,0.04955300000000307,93.923957
