k,f,grad_norm,t_k,cpu_time,cpu_time_sum
0,0.0,32.048512665192554,1.0,0.015625,0.015625
1,-1.05799730202622,30.87502457850413,1.0,0.03125,0.046875
2,-2.1075915394159788,29.871506549445517,1.0,0.03125,0.078125
3,-3.085182140138248,28.854088325102467,1.0,0.046875,0.125
4,-3.7859830468132962,28.058159124469828,1.0,0.078125,0.203125
5,-4.5256324695266565,27.000751581496896,1.0,0.03125,0.234375
6,-5.134389850753516,26.49707555558531,1.0,0.140625,0.375
7,-5.7551777235744535,25.772837327774138,1.0,0.140625,0.515625
8,-6.5164273107072725,24.566118910888935,1.0,0.078125,0.59375
9,-7.298677224294369,23.4860390783488,1.0,0.015625,0.609375
10,-7.761737354019801,23.00319729663233,1.0,0.015625,0.625
11,-8.306141565435714,22.10114685586012,1.0,0.0625,0.6875
12,-8.853359919712986,21.106666832622334,1.0,0.0625,0.75
13,-9.249772691797482,20.6650152619455,1.0,0.03125,0.78125
14,-9.744937280611936,20.160169560023093,1.0,0.15625,0.9375
15,-10.135593461150677,19.88198561317613,1.0,0.140625,1.078125
16,-10.550555235099917,19.174894554368613,1.0,0.0625,1.140625
17,-10.907662705427352,18.662525952617504,1.0,0.046875,1.1875
18,-11.227833991185362,18.191888777214643,1.0,0.03125,1.21875
19,-11.582027898143034,17.635304298302145,1.0,0.03125,1.25
20,-11.907597582080816,16.98348427163297,1.0,0.140625,1.390625
21,-12.251318996567184,16.61651029150606,1.0,0.078125,1.46875
22,-12.589639638598275,16.189605420466492,1.0,0.015625,1.484375
23,-12.882142032646177,16.024124676859145,1.0,0.125,1.609375
24,-13.16390873946836,15.768781360609701,1.0,0.046875,1.65625
25,-13.44764984392088,15.400071517792178,1.0,0.03125,1.6875
26,-13.711302770892216,14.90763692651765,1.0,0.046875,1.734375
27,-13.940304428476178,14.708353055670132,1.0,0.03125,1.765625
28,-14.127418129532854,14.42089200428291,1.0,0.046875,1.8125
29,-14.355409693813804,14.028639774730285,1.0,0.046875,1.859375
30,-14.544509149194818,13.862108140077256,1.0,0.046875,1.90625
31,-14.758843483070128,13.660128529177507,1.0,0.171875,2.078125
32,-14.999712446597544,13.220439055349285,1.0,0.03125,2.109375
33,-15.139131846910932,13.120667799089668,1.0,0.140625,2.25
34,-15.279557020299602,12.689037834177233,1.0,0.046875,2.296875
35,-15.461353357286878,12.490649679423024,1.0,0.0625,2.359375
36,-15.637632076185769,12.113272391583834,1.0,0.140625,2.5
37,-15.770106618089805,12.085883416764874,1.0,0.03125,2.53125
38,-15.950792790770414,11.905051591413706,1.0,0.03125,2.5625
39,-16.120108812045558,11.69447615618904,1.0,0.03125,2.59375
40,-16.26578977826073,11.412585021379472,1.0,0.03125,2.625
41,-16.424804483405847,11.252744082490558,1.0,0.046875,2.671875
42,-16.549572396668754,10.98084396909651,1.0,0.03125,2.703125
43,-16.671414092771485,10.891023851071694,1.0,0.0625,2.765625
44,-16.8335126789216,10.67437576623968,1.0,0.03125,2.796875
45,-16.9574633312779,10.498935310368646,1.0,0.03125,2.828125
46,-17.065804987085713,10.26529987951197,1.0,0.171875,3.0
47,-17.17525961576578,10.089233276958197,1.0,0.0,3.0
48,-17.272598540499057,9.947157430015363,1.0,0.140625,3.140625
49,-17.346526992676907,9.861278800789062,1.0,0.140625,3.28125
50,-17.439370792936487,9.701729836012806,1.0,0.046875,3.328125
51,-17.54188457971113,9.579064441222856,1.0,0.03125,3.359375
52,-17.63838814177757,9.293068866665077,1.0,0.140625,3.5
53,-17.726130360644618,9.154134336953108,1.0,0.140625,3.640625
54,-17.847385854973005,9.094518865222513,1.0,0.015625,3.65625
55,-17.92783949479056,8.952611832715732,1.0,0.140625,3.796875
56,-17.994968455729357,8.926591745495228,1.0,0.03125,3.828125
57,-18.06792877205704,8.848052860662284,1.0,0.109375,3.9375
58,-18.128178663927784,8.811552518700426,1.0,0.078125,4.015625
59,-18.228704961943926,8.730818427150876,1.0,0.140625,4.15625
60,-18.292565650843898,8.583081309533542,1.0,0.140625,4.296875
61,-18.383034711979224,8.550467879798257,1.0,0.140625,4.4375
62,-18.457134997214265,8.436547617987342,1.0,0.125,4.5625
63,-18.53585687757416,8.331632841554217,1.0,0.03125,4.59375
64,-18.60540187162522,8.304966809489871,1.0,0.125,4.71875
65,-18.664974219174738,8.248755015303436,1.0,0.125,4.84375
66,-18.72799025856556,8.152288538632687,1.0,0.140625,4.984375
67,-18.78641606878533,8.112573637136869,1.0,0.140625,5.125
68,-18.84791503930971,8.047533225645157,1.0,0.046875,5.171875
69,-18.901441436922667,7.9660149155294935,1.0,0.03125,5.203125
70,-18.987630125319168,7.90070543385856,1.0,0.03125,5.234375
71,-19.068827137164917,7.834169878708975,1.0,0.0625,5.296875
72,-19.119337526771098,7.73733176300957,1.0,0.171875,5.46875
73,-19.1914132127896,7.632193163479669,1.0,0.078125,5.546875
74,-19.23068610759836,7.5134071244508505,1.0,0.03125,5.578125
75,-19.28413842010753,7.421404903741619,1.0,0.03125,5.609375
76,-19.34752497101192,7.27438404098504,1.0,0.015625,5.625
77,-19.39433648973447,7.1384501550487665,1.0,0.03125,5.65625
78,-19.449651969741566,7.0974486331563496,1.0,0.078125,5.734375
79,-19.506349627406777,7.022746808324596,1.0,0.046875,5.78125
80,-19.548784550677247,6.93241121535673,1.0,0.0625,5.84375
81,-19.596322544875,6.943428172254234,1.0,0.09375,5.9375
82,-19.655526231737127,6.877237394276912,1.0,0.140625,6.078125
83,-19.71221730718588,6.69310220571069,1.0,0.140625,6.21875
84,-19.75656683916644,6.68016373518331,1.0,0.03125,6.25
85,-19.810032828972222,6.517042904560058,1.0,0.078125,6.328125
86,-19.8566796117747,6.456645263191128,1.0,0.140625,6.46875
87,-19.887470328117665,6.447543351048962,1.0,0.140625,6.609375
88,-19.939920676207326,6.388574950253886,1.0,0.125,6.734375
89,-20.00072900903669,6.3553971070845625,1.0,0.125,6.859375
90,-20.04399842741703,6.381389454218692,1.0,0.078125,6.9375
91,-20.082763275131548,6.384940968476899,1.0,0.140625,7.078125
92,-20.11567987918843,6.318178251627686,1.0,0.03125,7.109375
93,-20.151768964629603,6.2570541608001315,1.0,0.046875,7.15625
94,-20.18775395469594,6.271393780316078,1.0,0.03125,7.1875
95,-20.233448624569462,6.218324679653982,1.0,0.03125,7.21875
96,-20.27856669332065,6.158938383456094,1.0,0.046875,7.265625
97,-20.328754793444475,6.141634369631911,1.0,0.078125,7.34375
98,-20.364218485926433,6.024167460146865,1.0,0.0625,7.40625
99,-20.40388254968476,6.024742510253357,1.0,0.140625,7.546875
100,-20.44237755831829,5.920815098671539,1.0,0.03125,7.578125
101,-20.477589999132466,5.764070545429127,1.0,0.03125,7.609375
102,-20.509370286091777,5.711852069052351,1.0,0.046875,7.65625
103,-20.543260985439403,5.754361732072954,1.0,0.046875,7.703125
104,-20.571308064712,5.72222176152816,1.0,0.046875,7.75
105,-20.603463544944816,5.658110230919273,1.0,0.046875,7.796875
106,-20.63187028879839,5.656451944413497,1.0,0.03125,7.828125
107,-20.663014941682736,5.669580851521846,1.0,0.0625,7.890625
108,-20.699239139392375,5.570873046086902,1.0,0.078125,7.96875
109,-20.73743013252524,5.510522438043315,1.0,0.03125,8.0
110,-20.76931885225903,5.5128285904286,1.0,0.03125,8.03125
111,-20.801536287799422,5.458810473750543,1.0,0.03125,8.0625
112,-20.840747188578977,5.505983506649808,1.0,0.03125,8.09375
113,-20.869156291917623,5.433679347925925,1.0,0.078125,8.171875
114,-20.897451856006015,5.489165663523359,1.0,0.109375,8.28125
115,-20.9307372475185,5.426834858862562,1.0,0.046875,8.328125
116,-20.966422915869444,5.399579983708086,1.0,0.015625,8.34375
117,-20.99346484148785,5.435697527781362,1.0,0.015625,8.359375
118,-21.019108334639,5.452552958290667,1.0,0.03125,8.390625
119,-21.054745415985654,5.389043300526774,1.0,0.03125,8.421875
120,-21.08891342944936,5.327488345079418,1.0,0.046875,8.46875
121,-21.11890481582561,5.291083403003874,1.0,0.03125,8.5
122,-21.146131245073054,5.30820601677219,1.0,0.03125,8.53125
123,-21.17688883000101,5.2630883268388144,1.0,0.03125,8.5625
124,-21.20419077664632,5.2633750539742765,1.0,0.140625,8.703125
125,-21.230362318295533,5.2218460241319855,1.0,0.140625,8.84375
126,-21.255142918238352,5.1817479976611205,1.0,0.140625,8.984375
127,-21.280873207680095,5.143839188912885,1.0,0.140625,9.125
128,-21.309991953095214,5.0585808097894045,1.0,0.0,9.125
129,-21.337827965591785,4.991925553303741,1.0,0.015625,9.140625
130,-21.365905423812947,4.939990655189453,1.0,0.0625,9.203125
131,-21.398462230985473,4.89183905619019,1.0,0.015625,9.21875
132,-21.42433456270988,4.834714934984481,1.0,0.03125,9.25
133,-21.450649664062382,4.785921927837522,1.0,0.03125,9.28125
134,-21.4752153993182,4.776309742342036,1.0,0.03125,9.3125
135,-21.49973986495975,4.764804645095265,1.0,0.03125,9.34375
136,-21.52276977121871,4.8237063961162905,1.0,0.03125,9.375
137,-21.541132668352923,4.78907823838315,1.0,0.140625,9.515625
138,-21.57153192299414,4.7836834204715215,1.0,0.140625,9.65625
139,-21.596126003581688,4.709989869639992,1.0,0.125,9.78125
140,-21.61816207662363,4.654089902161972,1.0,0.015625,9.796875
141,-21.637223979601142,4.611511655429809,1.0,0.015625,9.8125
142,-21.66188724459986,4.585584631276178,1.0,0.046875,9.859375
143,-21.682632813249757,4.567717009033003,1.0,0.03125,9.890625
144,-21.700465995109163,4.509207941210784,1.0,0.03125,9.921875
145,-21.720578701230036,4.451478719337911,1.0,0.015625,9.9375
146,-21.74028834439618,4.4092946309793435,1.0,0.03125,9.96875
147,-21.75973550255136,4.410560210211088,1.0,0.03125,10.0
148,-21.77927650422343,4.392773849616931,1.0,0.03125,10.03125
149,-21.801578918564577,4.415958576855936,1.0,0.03125,10.0625
150,-21.824711299597602,4.397620708991001,1.0,0.046875,10.109375
151,-21.843154111032558,4.417854044357319,1.0,0.03125,10.140625
152,-21.858284811220315,4.353613265002683,1.0,0.140625,10.28125
153,-21.879539746261095,4.31473955001612,1.0,0.140625,10.421875
154,-21.902725330525662,4.301367090614795,1.0,0.0,10.421875
155,-21.919203530130794,4.267555122094241,1.0,0.03125,10.453125
156,-21.94172727259687,4.258177428668314,1.0,0.03125,10.484375
157,-21.95664557102962,4.256163806072823,1.0,0.03125,10.515625
158,-21.976496890195357,4.157057945526888,1.0,0.046875,10.5625
159,-21.995814034057986,4.153193777005829,1.0,0.03125,10.59375
160,-22.01207063859601,4.12329649512819,1.0,0.03125,10.625
161,-22.034087829580983,4.1435194754059435,1.0,0.03125,10.65625
162,-22.05055722478174,4.07659590734748,1.0,0.046875,10.703125
163,-22.067265569571923,4.056368364496783,1.0,0.046875,10.75
164,-22.08302416540862,4.024163791493359,1.0,0.03125,10.78125
165,-22.09930273501027,4.001677000683088,1.0,0.03125,10.8125
166,-22.115923772618565,4.005868439790493,1.0,0.0625,10.875
167,-22.130361998091264,4.039598165919786,1.0,0.125,11.0
168,-22.149399095097134,4.013714621235807,1.0,0.03125,11.03125
169,-22.163400272523273,3.9916749578777124,1.0,0.140625,11.171875
170,-22.182453115702295,3.9953486525029183,1.0,0.140625,11.3125
171,-22.20261013561583,4.03027770710909,1.0,0.078125,11.390625
172,-22.220450586670456,3.971883352832799,1.0,0.015625,11.40625
173,-22.232201704433248,3.9314445395025364,1.0,0.125,11.53125
174,-22.251633933556235,3.8936142824504905,1.0,0.046875,11.578125
175,-22.268691349497747,3.885704036682497,1.0,0.046875,11.625
176,-22.281432363298954,3.86183417471063,1.0,0.03125,11.65625
177,-22.29242972646606,3.783304057745303,1.0,0.046875,11.703125
178,-22.30905520012641,3.7360952606030695,1.0,0.0625,11.765625
179,-22.32693097524098,3.759639937459514,1.0,0.140625,11.90625
180,-22.343025350724396,3.7464497287847838,1.0,0.03125,11.9375
181,-22.35750475166777,3.745910070151041,1.0,0.0,11.9375
182,-22.371632439367858,3.746189705893917,1.0,0.0625,12.0
183,-22.386144557183325,3.7830199653054057,1.0,0.03125,12.03125
184,-22.401107234332216,3.7345753700223163,1.0,0.03125,12.0625
185,-22.41703778335847,3.695225859008228,1.0,0.03125,12.09375
186,-22.43085754623747,3.6125386954354806,1.0,0.046875,12.140625
187,-22.442187652926005,3.575372726817973,1.0,0.03125,12.171875
188,-22.455355629051645,3.5452364482163587,1.0,0.09375,12.265625
189,-22.46965466180817,3.5274410021442413,1.0,0.015625,12.28125
190,-22.482158541291945,3.512664325282003,1.0,0.125,12.40625
191,-22.498928041807595,3.5203750158717146,1.0,0.03125,12.4375
192,-22.509968154186037,3.478434063915602,1.0,0.109375,12.546875
193,-22.52742196529657,3.514587195351407,1.0,0.015625,12.5625
194,-22.54146208370353,3.5128972503260156,1.0,0.046875,12.609375
195,-22.553248635977067,3.5054715373205165,1.0,0.046875,12.65625
196,-22.56525385676755,3.467365298401695,1.0,0.03125,12.6875
197,-22.579815392802878,3.4319585845095353,1.0,0.046875,12.734375
198,-22.592486796568057,3.4224362024252235,1.0,0.046875,12.78125
199,-22.60610355034363,3.3940412145403767,1.0,0.03125,12.8125
200,-22.617685729189798,3.398341303432364,1.0,0.140625,12.953125
201,-22.63007410313981,3.369585223578784,1.0,0.140625,13.09375
202,-22.641910046224837,3.341032304213344,1.0,0.078125,13.171875
203,-22.6527861916951,3.3362319373807248,1.0,0.0,13.171875
204,-22.666255131867995,3.3126494538439304,1.0,0.078125,13.25
205,-22.675293018753404,3.308205199428809,1.0,0.046875,13.296875
206,-22.68613202001025,3.2871318828193137,1.0,0.046875,13.34375
207,-22.69763645773201,3.251908963267946,1.0,0.03125,13.375
208,-22.709211362048563,3.1989574310564945,1.0,0.03125,13.40625
209,-22.722360210643586,3.214066587987049,1.0,0.03125,13.4375
210,-22.733371202189893,3.1795946248786455,1.0,0.03125,13.46875
211,-22.743123547589292,3.1743513546524245,1.0,0.046875,13.515625
212,-22.752480200687,3.162696959383358,1.0,0.03125,13.546875
213,-22.761321473853226,3.16214863107462,1.0,0.03125,13.578125
214,-22.773243853110767,3.1328390004798368,1.0,0.140625,13.71875
215,-22.78097856431027,3.1301786237196194,1.0,0.09375,13.8125
216,-22.789179958560663,3.096899611682225,1.0,0.0,13.8125
217,-22.800076884582523,3.0980947608651297,1.0,0.046875,13.859375
218,-22.810798442309252,3.0674258444883646,1.0,0.03125,13.890625
219,-22.821544225632454,3.0466259139888807,1.0,0.046875,13.9375
220,-22.831580974431695,3.0572771638194505,1.0,0.03125,13.96875
221,-22.84064947637573,3.049073945183092,1.0,0.046875,14.015625
222,-22.85267367921325,3.0759484871970786,1.0,0.0625,14.078125
223,-22.860045594677132,3.057208527418534,1.0,0.03125,14.109375
224,-22.86968968106298,3.0237892821128507,1.0,0.03125,14.140625
225,-22.880488250943117,3.017149418190348,1.0,0.03125,14.171875
226,-22.891548347142052,3.006203098539037,1.0,0.03125,14.203125
227,-22.9018257847937,3.01664346130099,1.0,0.140625,14.34375
228,-22.910403863766597,3.007660984467454,1.0,0.140625,14.484375
229,-22.919923152195476,3.0116533873591864,1.0,0.109375,14.59375
230,-22.93143176437237,3.03503896367892,1.0,0.0,14.59375
231,-22.94373194311203,3.012460482361382,1.0,0.03125,14.625
232,-22.951875318723292,2.983999656520228,1.0,0.03125,14.65625
233,-22.96013752051012,3.0124417146314637,1.0,0.03125,14.6875
234,-22.969533742050128,2.9732812276888203,1.0,0.03125,14.71875
235,-22.981595402231722,2.958443901796908,1.0,0.046875,14.765625
236,-22.990900811643304,2.976994064013073,1.0,0.0625,14.828125
237,-22.999597259015204,2.9525350800646284,1.0,0.03125,14.859375
238,-23.01031601997443,2.9424074384160557,1.0,0.140625,15.0
239,-23.018832746199756,2.9074561722422207,1.0,0.140625,15.140625
240,-23.028291831194167,2.9222103373981043,1.0,0.0625,15.203125
241,-23.034320381761745,2.883620169131223,1.0,0.109375,15.3125
242,-23.04343206642104,2.843621360272038,1.0,0.140625,15.453125
243,-23.050913929522597,2.8313232383152545,1.0,0.125,15.578125
244,-23.06009910859058,2.810835823764898,1.0,0.0,15.578125
245,-23.069568626399814,2.8143759257682253,1.0,0.140625,15.71875
246,-23.078816412457723,2.8046256950717483,1.0,0.03125,15.75
247,-23.08842968581989,2.78514046890642,1.0,0.03125,15.78125
248,-23.097384542462592,2.7980564153978396,1.0,0.0625,15.84375
249,-23.104790278004486,2.7680330916747824,1.0,0.03125,15.875
250,-23.1110093339041,2.753680880841375,1.0,0.046875,15.921875
251,-23.120825501797437,2.773272466632346,1.0,0.140625,16.0625
252,-23.130761384800973,2.7842220353410636,1.0,0.140625,16.203125
253,-23.138353567094363,2.7653840622723735,1.0,0.125,16.328125
254,-23.147220753421912,2.751277143519177,1.0,0.0,16.328125
255,-23.15429647937281,2.7089120682974204,1.0,0.03125,16.359375
256,-23.160636013599756,2.6805254109226153,1.0,0.03125,16.390625
257,-23.169686658843872,2.6758539888437625,1.0,0.0625,16.453125
258,-23.178929803643257,2.673328246167485,1.0,0.0625,16.515625
259,-23.184818273581552,2.6661761872686514,1.0,0.03125,16.546875
260,-23.193205435440085,2.6702668447365383,1.0,0.015625,16.5625
261,-23.200913215023625,2.639482653750123,1.0,0.046875,16.609375
262,-23.20650778338772,2.6091568713151627,1.0,0.03125,16.640625
263,-23.21422242929049,2.6049089987972525,1.0,0.03125,16.671875
264,-23.221464077292556,2.5763216040716768,1.0,0.140625,16.8125
265,-23.228142896369278,2.5503670853289586,1.0,0.125,16.9375
266,-23.234677705881204,2.5564522220252193,1.0,0.140625,17.078125
267,-23.242442784078673,2.588180817606009,1.0,0.125,17.203125
268,-23.2508414989611,2.6129764967793236,1.0,0.015625,17.21875
269,-23.26021477942993,2.5691512073787943,1.0,0.03125,17.25
270,-23.267308487105936,2.5153604434294943,1.0,0.046875,17.296875
271,-23.27359375844039,2.5241289894730077,1.0,0.03125,17.328125
272,-23.28100729772663,2.506873787474019,1.0,0.0625,17.390625
273,-23.287432667126104,2.4833628490708692,1.0,0.03125,17.421875
274,-23.295154837906075,2.4768046954109555,1.0,0.09375,17.515625
275,-23.302284505925716,2.4376098052877855,1.0,0.0625,17.578125
276,-23.308531949866058,2.4742940061511978,1.0,0.03125,17.609375
277,-23.313448325979326,2.4710289649898245,1.0,0.03125,17.640625
278,-23.31998505044505,2.4471070340234946,1.0,0.140625,17.78125
279,-23.327155179393497,2.4761487636154387,1.0,0.140625,17.921875
280,-23.332470609481785,2.4601082035661332,1.0,0.09375,18.015625
281,-23.33873525338517,2.449888927923198,1.0,0.0,18.015625
282,-23.346120948243726,2.43069425655297,1.0,0.03125,18.046875
283,-23.353712556875468,2.460618731832134,1.0,0.03125,18.078125
284,-23.360913277472072,2.44953395934364,1.0,0.03125,18.109375
285,-23.366674762744246,2.404865701580504,1.0,0.03125,18.140625
286,-23.3725459060025,2.395954520830014,1.0,0.046875,18.1875
287,-23.378451135574977,2.399586779054842,1.0,0.03125,18.21875
288,-23.38462936211132,2.374737895354275,1.0,0.140625,18.359375
289,-23.390391327920412,2.3360683948959773,1.0,0.03125,18.390625
290,-23.3959883920669,2.3057875920097177,1.0,0.015625,18.40625
291,-23.402341159889744,2.3119820628834145,1.0,0.03125,18.4375
292,-23.407922485903093,2.302754771369573,1.0,0.046875,18.484375
293,-23.414844237773597,2.289327151512865,1.0,0.03125,18.515625
294,-23.42030432159128,2.2908590472010864,1.0,0.03125,18.546875
295,-23.427266715971427,2.270208736865693,1.0,0.0625,18.609375
296,-23.433862955666278,2.26459815179173,1.0,0.140625,18.75
297,-23.439315418267004,2.2734107430130304,1.0,0.140625,18.890625
298,-23.44383846543066,2.2858038688678097,1.0,0.03125,18.921875
299,-23.448626517645657,2.2710742556189967,1.0,0.0,18.921875
300,-23.45491608926965,2.23654183486209,1.0,0.0625,18.984375
301,-23.461391889278204,2.2243224362869993,1.0,0.0625,19.046875
302,-23.466673698617402,2.216344962088911,1.0,0.046875,19.09375
303,-23.47174200969648,2.1913125036781,1.0,0.046875,19.140625
304,-23.47686098876272,2.169406762777499,1.0,0.0625,19.203125
305,-23.481947604011367,2.164174050956281,1.0,0.046875,19.25
306,-23.486548978852877,2.132792799324205,1.0,0.046875,19.296875
307,-23.49254213872859,2.0819100179237204,1.0,0.03125,19.328125
308,-23.49661746181937,2.106842688726136,1.0,0.125,19.453125
309,-23.50082235821612,2.1037541851345596,1.0,0.03125,19.484375
310,-23.505760597781233,2.1150667566380355,1.0,0.015625,19.5
311,-23.510123558643635,2.105310044483242,1.0,0.09375,19.59375
312,-23.515912832737243,2.084946789465314,1.0,0.0,19.59375
313,-23.521207134522143,2.083211805705639,1.0,0.078125,19.671875
314,-23.526143795156994,2.0536905041653353,1.0,0.0625,19.734375
315,-23.530560425897512,2.0769061441760703,1.0,0.03125,19.765625
316,-23.53457526394268,2.075265988839199,1.0,0.03125,19.796875
317,-23.53975972038223,2.086439938290736,1.0,0.03125,19.828125
318,-23.544367309421744,2.085033557499962,1.0,0.046875,19.875
319,-23.549560394049717,2.0691737995762773,1.0,0.046875,19.921875
320,-23.55422069461644,2.046026693441352,1.0,0.0625,19.984375
321,-23.5586977603159,2.0242164571531114,1.0,0.046875,20.03125
322,-23.562435712860438,2.007616898020074,1.0,0.03125,20.0625
323,-23.566412823098773,1.9927845525765229,1.0,0.140625,20.203125
324,-23.57149212913694,1.9991514368284045,1.0,0.125,20.328125
325,-23.575732797362605,1.9752836150895277,1.0,0.140625,20.46875
326,-23.579580079200472,1.957875424263983,1.0,0.078125,20.546875
327,-23.584137799118814,1.947831409680669,1.0,0.09375,20.640625
328,-23.588613501802154,1.9642111489574106,1.0,0.03125,20.671875
329,-23.592952431135334,1.949316696138206,1.0,0.0625,20.734375
330,-23.597576288092185,1.9684482003492858,1.0,0.03125,20.765625
331,-23.602431806130134,1.976232074991924,1.0,0.03125,20.796875
332,-23.607076792924573,1.9612555002715917,1.0,0.03125,20.828125
333,-23.610651452474535,1.9466777168333809,1.0,0.03125,20.859375
334,-23.6149514011047,1.9592657363597124,1.0,0.03125,20.890625
335,-23.618722884999034,1.9307810530154084,1.0,0.140625,21.03125
336,-23.62220183578998,1.938227350929536,1.0,0.0625,21.09375
337,-23.62668351854177,1.9410312689108251,1.0,0.109375,21.203125
338,-23.63047660238977,1.9331233263116852,1.0,0.125,21.328125
339,-23.63454119302971,1.9065003967089789,1.0,0.015625,21.34375
340,-23.637675434895375,1.9018507700346474,1.0,0.03125,21.375
341,-23.642289417030774,1.9167034169162795,1.0,0.03125,21.40625
342,-23.646486789652695,1.9224050328014277,1.0,0.03125,21.4375
343,-23.64997564362898,1.9278055048533909,1.0,0.046875,21.484375
344,-23.65445689271488,1.915569172715869,1.0,0.03125,21.515625
345,-23.658142458303292,1.8977779826934753,1.0,0.140625,21.65625
346,-23.662379152296506,1.8853759004333348,1.0,0.09375,21.75
347,-23.66541044468988,1.872192255786371,1.0,0.140625,21.890625
348,-23.669392384508985,1.8504036551855843,1.0,0.078125,21.96875
349,-23.672900863757363,1.8155284400675866,1.0,0.03125,22.0
350,-23.67592031383592,1.830380464214974,1.0,0.03125,22.03125
351,-23.679839154478863,1.8077812290022452,1.0,0.03125,22.0625
352,-23.682985638707603,1.8058390103447635,1.0,0.046875,22.109375
353,-23.68685224729345,1.8067638983392407,1.0,0.03125,22.140625
354,-23.690246294399877,1.7913697603902183,1.0,0.03125,22.171875
355,-23.69358200843515,1.7859523580971954,1.0,0.03125,22.203125
356,-23.696982952095393,1.78329386775688,1.0,0.140625,22.34375
357,-23.70020453799939,1.790120335258435,1.0,0.0625,22.40625
358,-23.703204614509662,1.7697746553972447,1.0,0.0,22.40625
359,-23.705872651247738,1.7606196114570325,1.0,0.078125,22.484375
360,-23.70930900642676,1.7414919858436124,1.0,0.03125,22.515625
361,-23.71209379563732,1.7314496798867944,1.0,0.03125,22.546875
362,-23.715900558202,1.7103278473614458,1.0,0.03125,22.578125
363,-23.71958883954892,1.721608600745539,1.0,0.03125,22.609375
364,-23.722728902868774,1.691823398303737,1.0,0.03125,22.640625
365,-23.725751629056067,1.7005820487114085,1.0,0.03125,22.671875
366,-23.72928725716421,1.712916712701982,1.0,0.03125,22.703125
367,-23.732136928370156,1.7105128945922765,1.0,0.03125,22.734375
368,-23.735758136522517,1.7003538231579614,1.0,0.03125,22.765625
369,-23.739058830264554,1.6951476823050542,1.0,0.0625,22.828125
370,-23.741789568174774,1.6700055692328801,1.0,0.03125,22.859375
371,-23.74499357311785,1.6768349724918201,1.0,0.03125,22.890625
372,-23.74761049298981,1.663618999931377,1.0,0.046875,22.9375
373,-23.75164277032818,1.6545082152075627,1.0,0.03125,22.96875
374,-23.755471297461806,1.643701695714404,1.0,0.03125,23.0
375,-23.758158076688648,1.6338785978991377,1.0,0.21875,23.21875
376,-23.760607814118654,1.613618961057605,1.0,0.140625,23.359375
377,-23.763268672014345,1.610506846626739,1.0,0.140625,23.5
378,-23.76590285459438,1.634932222040535,1.0,0.140625,23.640625
379,-23.768887278885703,1.6285992006185657,1.0,0.140625,23.78125
380,-23.770927079386905,1.618024823606467,1.0,0.140625,23.921875
381,-23.77358448785617,1.609817029220233,1.0,0.140625,24.0625
382,-23.77625277711819,1.608239056219285,1.0,0.140625,24.203125
383,-23.779434689119164,1.5942413624043572,1.0,0.140625,24.34375
384,-23.782018736376923,1.5878392090230788,1.0,0.140625,24.484375
385,-23.785171305864548,1.588701070510363,1.0,0.140625,24.625
386,-23.78748349090296,1.5789605252364762,1.0,0.03125,24.65625
387,-23.79048565080502,1.5946773697691194,1.0,0.046875,24.703125
388,-23.793002156668898,1.6006139308521339,1.0,0.046875,24.75
389,-23.796318786162576,1.578041564589514,1.0,0.046875,24.796875
390,-23.79927253539396,1.5707933040059563,1.0,0.046875,24.84375
391,-23.802094917264625,1.5713413776734435,1.0,0.046875,24.890625
392,-23.80468110061808,1.5659174105655365,1.0,0.03125,24.921875
393,-23.80760078765031,1.5499223542491611,1.0,0.046875,24.96875
394,-23.810309272289548,1.5351343512991964,1.0,0.0625,25.03125
395,-23.812525933834404,1.5377450848603433,1.0,0.03125,25.0625
396,-23.81521181069305,1.5245047097868099,1.0,0.03125,25.09375
397,-23.81755426765437,1.5163136053813682,1.0,0.03125,25.125
398,-23.820104413801317,1.515342086278098,1.0,0.03125,25.15625
399,-23.822672433669112,1.5067348841476804,1.0,0.0625,25.21875
400,-23.824802037012322,1.5037626587273485,1.0,0.03125,25.25
401,-23.82682211961767,1.5057130118914577,1.0,0.078125,25.328125
402,-23.8291907658563,1.4897438524341848,1.0,0.046875,25.375
403,-23.831916423003992,1.48018939818252,1.0,0.015625,25.390625
404,-23.833621524147638,1.4693051305687768,1.0,0.125,25.515625
405,-23.835884593697095,1.457091094721947,1.0,0.140625,25.65625
406,-23.838288538837773,1.4631582422702214,1.0,0.125,25.78125
407,-23.840066418182214,1.4691822777506391,1.0,0.140625,25.921875
408,-23.842297033534187,1.464500015760147,1.0,0.140625,26.0625
409,-23.84446778147585,1.4564764148363092,1.0,0.140625,26.203125
410,-23.846630909785365,1.4595268552760539,1.0,0.140625,26.34375
411,-23.848915696084696,1.4607364764852189,1.0,0.140625,26.484375
412,-23.851303656538605,1.448691129073158,1.0,0.140625,26.625
413,-23.853461042088934,1.4351297554265174,1.0,0.140625,26.765625
414,-23.85550903169404,1.4135703453583448,1.0,0.0,26.765625
415,-23.85784499277744,1.4166924524737916,1.0,0.03125,26.796875
416,-23.860300708802498,1.3837664080986074,1.0,0.28125,27.078125
417,-23.86199072431164,1.4051151834679518,1.0,0.03125,27.109375
418,-23.864492999769517,1.4001106463654374,1.0,0.03125,27.140625
419,-23.866455713822315,1.399014968659748,1.0,0.0,27.140625
420,-23.868418948446838,1.4016658994194233,1.0,0.015625,27.15625
421,-23.870250524688235,1.3915939202069114,1.0,0.125,27.28125
422,-23.872196209205008,1.3942588240556184,1.0,0.0625,27.34375
423,-23.874218543335584,1.371513473251698,1.0,0.125,27.46875
424,-23.876661818604333,1.380331697930107,1.0,0.03125,27.5
425,-23.878784170876603,1.3578431286284156,1.0,0.125,27.625
426,-23.880851428429285,1.3583452818575386,1.0,0.140625,27.765625
427,-23.88258404838437,1.3638118274012108,1.0,0.140625,27.90625
428,-23.884738806717667,1.3505016995249388,1.0,0.140625,28.046875
429,-23.886175314144687,1.342398337042933,1.0,0.140625,28.1875
430,-23.887690638821987,1.333170554204072,1.0,0.140625,28.328125
431,-23.88919597747371,1.3223803058248453,1.0,0.140625,28.46875
432,-23.89092534696599,1.3177687673908756,1.0,0.125,28.59375
433,-23.892768869151315,1.3002156167455607,1.0,0.015625,28.609375
434,-23.894806249538515,1.3039310220609657,1.0,0.03125,28.640625
435,-23.896612067009592,1.3175496956412236,1.0,0.03125,28.671875
436,-23.89858850280069,1.323906523393381,1.0,0.09375,28.765625
437,-23.90092128424624,1.3062299001057855,1.0,0.125,28.890625
438,-23.902959760387134,1.3052330812107686,1.0,0.140625,29.03125
439,-23.9049961466172,1.2951473383045518,1.0,0.140625,29.171875
440,-23.9069529063931,1.304569439100867,1.0,0.140625,29.3125
441,-23.9090408126564,1.2940968981230492,1.0,0.0625,29.375
442,-23.9107805129931,1.3085189383253524,1.0,0.0625,29.4375
443,-23.912427755470198,1.3018580479669106,1.0,0.03125,29.46875
444,-23.913853599175784,1.2980153790111602,1.0,0.109375,29.578125
445,-23.915611383616337,1.28272810224286,1.0,0.140625,29.71875
446,-23.917569617809775,1.2810505256819384,1.0,0.046875,29.765625
447,-23.919177619484262,1.2661638180740853,1.0,0.03125,29.796875
448,-23.921138882438047,1.2435153805127994,1.0,0.0625,29.859375
449,-23.92306225250239,1.2544480687550512,1.0,0.03125,29.890625
450,-23.924454865619225,1.259145850995335,1.0,0.03125,29.921875
451,-23.926220883569126,1.2459562502164747,1.0,0.046875,29.96875
452,-23.928449535787163,1.26056434250089,1.0,0.046875,30.015625
453,-23.930345642703998,1.2549328836824127,1.0,0.03125,30.046875
454,-23.931738800622195,1.2461323752258446,1.0,0.046875,30.09375
455,-23.93329315994576,1.2493623958744773,1.0,0.03125,30.125
456,-23.934562999219274,1.2402544987739534,1.0,0.015625,30.140625
457,-23.936713147191874,1.2471990642110158,1.0,0.09375,30.234375
458,-23.938373255761416,1.231155075114417,1.0,0.140625,30.375
459,-23.939770379143198,1.2279672476724082,1.0,0.046875,30.421875
460,-23.941462256073127,1.2213110118943205,1.0,0.125,30.546875
461,-23.943090665538556,1.2237354669969038,1.0,0.109375,30.65625
462,-23.9451275601299,1.2234805833979565,1.0,0.140625,30.796875
463,-23.946523885250137,1.2087151870215345,1.0,0.03125,30.828125
464,-23.948005983491168,1.1934085320847463,1.0,0.03125,30.859375
465,-23.94942529528494,1.1889617930641578,1.0,0.03125,30.890625
466,-23.950829643851097,1.1969776239897234,1.0,0.046875,30.9375
467,-23.95229706318603,1.2012523671070114,1.0,0.03125,30.96875
468,-23.954054830784603,1.196568766728717,1.0,0.03125,31.0
469,-23.955786819524086,1.195679877193069,1.0,0.125,31.125
470,-23.956753992702183,1.19929596860732,1.0,0.015625,31.140625
471,-23.95831179739681,1.192850363426262,1.0,0.1875,31.328125
472,-23.96013479230737,1.1767359903795194,1.0,0.078125,31.40625
473,-23.961463144828116,1.1672717789113551,1.0,0.078125,31.484375
474,-23.962653099275443,1.1715580396455316,1.0,0.015625,31.5
475,-23.96376138901423,1.1795443275709,1.0,0.109375,31.609375
476,-23.965510681484318,1.1693664965749342,1.0,0.140625,31.75
477,-23.966703983420718,1.1531037641755066,1.0,0.03125,31.78125
478,-23.968132191295094,1.1519778005716257,1.0,0.03125,31.8125
479,-23.96941758713469,1.1566783872081317,1.0,0.15625,31.96875
480,-23.970653843052173,1.1552310042610427,1.0,0.015625,31.984375
481,-23.972190522012756,1.1530873137955733,1.0,0.15625,32.140625
482,-23.973298998434124,1.1567235272212897,1.0,0.03125,32.171875
483,-23.97484142900239,1.139332039259499,1.0,0.046875,32.21875
484,-23.976228249735403,1.12258356159345,1.0,0.109375,32.328125
485,-23.97771113445833,1.1239890554726717,1.0,0.046875,32.375
486,-23.97918424849821,1.1157268073369584,1.0,0.125,32.5
487,-23.98041679890798,1.1070730715790595,1.0,0.078125,32.578125
488,-23.981703362531917,1.0960539728208865,1.0,0.03125,32.609375
489,-23.982731439486855,1.0978754055435005,1.0,0.109375,32.71875
490,-23.984085426854794,1.1018501443209778,1.0,0.03125,32.75
491,-23.985315550378495,1.088333854375565,1.0,0.0625,32.8125
492,-23.98644729217381,1.0885464307561217,1.0,0.125,32.9375
493,-23.98770712394698,1.086259558013744,1.0,0.046875,32.984375
494,-23.988902004862766,1.0857490116660788,1.0,0.03125,33.015625
495,-23.99006244658096,1.0726020375096392,1.0,0.09375,33.109375
496,-23.991237359291173,1.0789300773211463,1.0,0.140625,33.25
497,-23.9926835712979,1.0762541213889323,1.0,0.046875,33.296875
498,-23.99362417826126,1.0640133347595528,1.0,0.03125,33.328125
499,-23.99461235146161,1.0659262131914615,1.0,0.03125,33.359375
500,-23.995876392788997,1.0710933209494318,1.0,0.125,33.484375
501,-23.997071620885894,1.0471440227232023,1.0,0.125,33.609375
502,-23.998449390670263,1.0345932456045632,1.0,0.03125,33.640625
503,-23.99951956243143,1.0318722102572824,1.0,0.03125,33.671875
504,-24.000576771163963,1.0235491596443682,1.0,0.03125,33.703125
505,-24.001649105325058,1.0344976119116835,1.0,0.03125,33.734375
506,-24.002849561818554,1.025386364497861,1.0,0.03125,33.765625
507,-24.004093590333365,1.0323104309963582,1.0,0.140625,33.90625
508,-24.005201314213345,1.020792817918562,1.0,0.15625,34.0625
509,-24.00626973746626,1.0186448828577557,1.0,0.140625,34.203125
510,-24.007365498259475,1.0202233307023294,1.0,0.140625,34.34375
511,-24.008213014171464,1.0205145396309157,1.0,0.0625,34.40625
512,-24.009241160174042,1.020216213129266,1.0,0.0625,34.46875
513,-24.010230930590534,1.0083212557390937,1.0,0.03125,34.5
514,-24.01138241149849,0.9941468445901844,1.0,0.03125,34.53125
515,-24.012655921519148,1.0015873404356537,1.0,0.03125,34.5625
516,-24.013539916011872,0.9964331860059936,1.0,0.03125,34.59375
517,-24.01483141782028,0.9866956451670127,1.0,0.03125,34.625
518,-24.01566309330122,0.9814075997162279,1.0,0.03125,34.65625
519,-24.016749346885007,0.9817989913343135,1.0,0.015625,34.671875
520,-24.017915951893627,0.9905100478583082,1.0,0.078125,34.75
521,-24.019059711897782,0.9965783371371043,1.0,0.140625,34.890625
522,-24.020056000610065,1.0016304930182023,1.0,0.125,35.015625
523,-24.021190755701518,0.9870706797327403,1.0,0.03125,35.046875
524,-24.022172598534762,0.9766700414963965,1.0,0.03125,35.078125
525,-24.02341222137746,0.9671218602678447,1.0,0.046875,35.125
526,-24.0244120169887,0.9522553076360252,1.0,0.03125,35.15625
527,-24.025545706860076,0.9519181385592369,1.0,0.21875,35.375
528,-24.026524160135082,0.9430608100600968,1.0,0.125,35.5
529,-24.027411571506605,0.9384526117483619,1.0,0.03125,35.53125
530,-24.028137325661408,0.9385183990829088,1.0,0.0625,35.59375
531,-24.0292885970726,0.9498128299311652,1.0,0.03125,35.625
532,-24.03025901493562,0.948651685864589,1.0,0.0625,35.6875
533,-24.031397337042485,0.9407142203843533,1.0,0.046875,35.734375
534,-24.032242878308644,0.9391631444198364,1.0,0.046875,35.78125
535,-24.033257674141037,0.9373531199572105,1.0,0.015625,35.796875
536,-24.03405812131391,0.9344462517384763,1.0,0.03125,35.828125
537,-24.03492673008786,0.9215597169708627,1.0,0.03125,35.859375
538,-24.0358912592504,0.9138403652191347,1.0,0.03125,35.890625
539,-24.03677511602544,0.9065638350846597,1.0,0.03125,35.921875
540,-24.037663465216987,0.9038714074715035,1.0,0.046875,35.96875
541,-24.038322615254785,0.8961239993413309,1.0,0.015625,35.984375
542,-24.039161064292195,0.8898773996679263,1.0,0.140625,36.125
543,-24.040105031745842,0.8822889978227879,1.0,0.140625,36.265625
544,-24.041061312200146,0.8841378429943267,1.0,0.03125,36.296875
545,-24.041939859298704,0.8881289729578095,1.0,0.140625,36.4375
546,-24.042860891136037,0.896789160769124,1.0,0.0625,36.5
547,-24.043659583262286,0.9040395641553334,1.0,0.046875,36.546875
548,-24.044757897336975,0.8935108907712834,1.0,0.03125,36.578125
549,-24.045527313661932,0.8929169796280899,1.0,0.03125,36.609375
550,-24.046406144937905,0.891764558205477,1.0,0.03125,36.640625
551,-24.047303418482425,0.8908934771417756,1.0,0.046875,36.6875
552,-24.048130901291948,0.8756016837080554,1.0,0.125,36.8125
553,-24.048922016800464,0.8766227819270188,1.0,0.140625,36.953125
554,-24.04968816898846,0.8655580249838866,1.0,0.03125,36.984375
555,-24.050352155117753,0.8595663912932133,1.0,0.03125,37.015625
556,-24.051301743949963,0.8602231873165874,1.0,0.046875,37.0625
557,-24.05191026388755,0.8591321404731446,1.0,0.078125,37.140625
558,-24.052640478501672,0.8442167453551405,1.0,0.03125,37.171875
559,-24.05343033733139,0.8430802234916215,1.0,0.046875,37.21875
560,-24.05418204394465,0.8397024956548492,1.0,0.171875,37.390625
561,-24.054916707448534,0.8483863456887423,1.0,0.0625,37.453125
562,-24.05567312522832,0.8527260214887874,1.0,0.09375,37.546875
563,-24.056439714672507,0.8486826146705985,1.0,0.125,37.671875
564,-24.057355474735953,0.8465829054372811,1.0,0.0625,37.734375
565,-24.05830398272114,0.8457821370973876,1.0,0.046875,37.78125
566,-24.059174039049346,0.8391108336219247,1.0,0.03125,37.8125
567,-24.06002073284809,0.8357666792671361,1.0,0.046875,37.859375
568,-24.060721444099382,0.8332335738459313,1.0,0.0625,37.921875
569,-24.061503420869776,0.8312680902448979,1.0,0.046875,37.96875
570,-24.06222017325356,0.8328419228615798,1.0,0.078125,38.046875
571,-24.06309235314225,0.8385692209694223,1.0,0.015625,38.0625
572,-24.06373250895503,0.8404187723242746,1.0,0.140625,38.203125
573,-24.064487838974554,0.8429102339726694,1.0,0.125,38.328125
574,-24.065196147034698,0.8388252934733568,1.0,0.046875,38.375
575,-24.066107561659337,0.8430681794081398,1.0,0.046875,38.421875
576,-24.067048528702813,0.8457668896982162,1.0,0.046875,38.46875
577,-24.06766770855422,0.8450854555961784,1.0,0.03125,38.5
578,-24.068428204974282,0.8419248077928945,1.0,0.046875,38.546875
579,-24.06939330613255,0.8273127694534442,1.0,0.03125,38.578125
580,-24.07003091251093,0.8153785189568905,1.0,0.03125,38.609375
581,-24.07084306610691,0.8134860746369699,1.0,0.03125,38.640625
582,-24.071624802664925,0.8072023206635954,1.0,0.03125,38.671875
583,-24.072263826404303,0.809468455380536,1.0,0.03125,38.703125
584,-24.072953239369944,0.7996243569393819,1.0,0.03125,38.734375
585,-24.0736776578366,0.7981523316710454,1.0,0.0625,38.796875
586,-24.074268668849765,0.7915476538070148,1.0,0.03125,38.828125
587,-24.074776526884975,0.7895479674517343,1.0,0.03125,38.859375
588,-24.07542567653777,0.7844052155477117,1.0,0.03125,38.890625
589,-24.076192335472335,0.7887924421095707,1.0,0.0625,38.953125
590,-24.07688496383229,0.7887808119973423,1.0,0.0625,39.015625
591,-24.077363692504488,0.7928443895662184,1.0,0.03125,39.046875
592,-24.078088615592257,0.7871430431924725,1.0,0.03125,39.078125
593,-24.078747631753213,0.7873703769484987,1.0,0.046875,39.125
594,-24.07959632067021,0.7776262400582148,1.0,0.03125,39.15625
595,-24.080278516874763,0.7693674334152002,1.0,0.046875,39.203125
596,-24.080739663487986,0.7686799210964337,1.0,0.046875,39.25
597,-24.08129311390495,0.7536050620623566,1.0,0.03125,39.28125
598,-24.081917560511716,0.7575816258977188,1.0,0.03125,39.3125
599,-24.082366414022285,0.7480001135307658,1.0,0.046875,39.359375
600,-24.083092003339747,0.7549776803014681,1.0,0.03125,39.390625
601,-24.08366127705627,0.7496332329032609,1.0,0.03125,39.421875
602,-24.08410699547245,0.743996687791937,1.0,0.03125,39.453125
603,-24.08472862018279,0.7341605666536482,1.0,0.03125,39.484375
604,-24.085214267794115,0.7299482455220121,1.0,0.03125,39.515625
605,-24.085744856636865,0.7232201068766115,1.0,0.03125,39.546875
606,-24.08630713642915,0.7291363530550569,1.0,0.03125,39.578125
607,-24.086902331087455,0.726142788274962,1.0,0.015625,39.59375
608,-24.087416826643118,0.7275200196609024,1.0,0.03125,39.625
609,-24.088111274585216,0.7284549306849579,1.0,0.046875,39.671875
610,-24.08866329941918,0.734905440984899,1.0,0.046875,39.71875
611,-24.089293894765685,0.7241997575265416,1.0,0.046875,39.765625
612,-24.089877423987954,0.7221679550718916,1.0,0.03125,39.796875
613,-24.090536697951833,0.7224591993520921,1.0,0.046875,39.84375
614,-24.091084306801374,0.7202836408314691,1.0,0.03125,39.875
615,-24.091536964403534,0.7203160282712348,1.0,0.03125,39.90625
616,-24.0919867969465,0.7148354563208908,1.0,0.15625,40.0625
617,-24.092543579777473,0.708160429582437,1.0,0.0625,40.125
618,-24.092922362145046,0.7075520479225723,1.0,0.140625,40.265625
619,-24.09332858911887,0.7116349264347954,1.0,0.125,40.390625
620,-24.093761330482042,0.7123567011563168,1.0,0.140625,40.53125
621,-24.094243441544815,0.7020310038419396,1.0,0.140625,40.671875
622,-24.094758985070815,0.7018199996671014,1.0,0.125,40.796875
623,-24.09527425046421,0.6999993832962768,1.0,0.140625,40.9375
624,-24.095785177138968,0.6932119280351419,1.0,0.140625,41.078125
625,-24.09628014307824,0.6966977591600249,1.0,0.03125,41.109375
626,-24.09671838541695,0.6953223537955274,1.0,0.03125,41.140625
627,-24.09719625311058,0.6927616586261651,1.0,0.078125,41.21875
628,-24.097697240342775,0.6933730636572222,1.0,0.0625,41.28125
629,-24.0983256608243,0.692153652905722,1.0,0.046875,41.328125
630,-24.098785994496872,0.6891940731364165,1.0,0.046875,41.375
631,-24.09923851323062,0.6892256701950539,1.0,0.03125,41.40625
632,-24.099815260129855,0.689403778782852,1.0,0.03125,41.4375
633,-24.10038080885193,0.6902782632052992,1.0,0.03125,41.46875
634,-24.1009105545218,0.6832540810354701,1.0,0.03125,41.5
635,-24.10147366927149,0.6802712230928643,1.0,0.03125,41.53125
636,-24.102118576966078,0.6768042056143737,1.0,0.03125,41.5625
637,-24.10258007169413,0.6741325125920922,1.0,0.046875,41.609375
638,-24.103030073461767,0.6636357829397593,1.0,0.03125,41.640625
639,-24.10346179068274,0.662124141714688,1.0,0.046875,41.6875
640,-24.103860110249215,0.6616209271077448,1.0,0.0625,41.75
641,-24.104181454167268,0.6560099353174864,1.0,0.15625,41.90625
642,-24.104557180779516,0.6610127022806591,1.0,0.140625,42.046875
643,-24.10506281620781,0.6522834898821738,1.0,0.140625,42.1875
644,-24.10547539425792,0.6529349358780829,1.0,0.03125,42.21875
645,-24.105862481298153,0.6561790099691068,1.0,0.015625,42.234375
646,-24.10625565476812,0.6545111169840871,1.0,0.03125,42.265625
647,-24.106731051479166,0.6512499141486736,1.0,0.03125,42.296875
648,-24.107060302627797,0.649976601595562,1.0,0.03125,42.328125
649,-24.10758988001458,0.6500911188890525,1.0,0.0625,42.390625
650,-24.10804062526119,0.6339181943096245,1.0,0.0625,42.453125
651,-24.10861077592682,0.637283504878619,1.0,0.03125,42.484375
652,-24.10900111011343,0.6328940253015335,1.0,0.03125,42.515625
653,-24.109412991160415,0.6333603353856088,1.0,0.046875,42.5625
654,-24.109843741975837,0.6302960713585823,1.0,0.03125,42.59375
655,-24.110204050665097,0.6289234687880488,1.0,0.03125,42.625
656,-24.110622064523497,0.626174936166439,1.0,0.03125,42.65625
657,-24.111005468269212,0.627736412266374,1.0,0.03125,42.6875
658,-24.111424188428177,0.6270264927131973,1.0,0.03125,42.71875
659,-24.1119278165655,0.6225221778654682,1.0,0.03125,42.75
660,-24.112214340072633,0.6218435160968651,1.0,0.03125,42.78125
661,-24.11258299449675,0.6223849716025945,1.0,0.0625,42.84375
662,-24.113004734449483,0.6181658096195818,1.0,0.03125,42.875
663,-24.113388148627802,0.6155233174614237,1.0,0.03125,42.90625
664,-24.11387514860459,0.6075434491737397,1.0,0.0625,42.96875
665,-24.114297071024666,0.6103772813430514,1.0,0.046875,43.015625
666,-24.11469022616111,0.6103102752528071,1.0,0.03125,43.046875
667,-24.115101466194957,0.6005243814678625,1.0,0.03125,43.078125
668,-24.11557178115081,0.5968622492762091,1.0,0.015625,43.09375
669,-24.116010293556158,0.6040874974762105,1.0,0.078125,43.171875
670,-24.11643836327348,0.5948935631574278,1.0,0.0625,43.234375
671,-24.116841871768674,0.5944278357031483,1.0,0.046875,43.28125
672,-24.117214316737847,0.6011415368760261,1.0,0.078125,43.359375
673,-24.11757591189693,0.5957834142260493,1.0,0.09375,43.453125
674,-24.117930088280442,0.5936499796466365,1.0,0.015625,43.46875
675,-24.118276455865225,0.5915510993527827,1.0,0.046875,43.515625
676,-24.118653657853812,0.5823780028350874,1.0,0.03125,43.546875
677,-24.118976088623604,0.5830524967083951,1.0,0.0625,43.609375
678,-24.11931788324575,0.573752796733165,1.0,0.046875,43.65625
679,-24.119653793648254,0.5734107077755408,1.0,0.0625,43.71875
680,-24.119992404050265,0.5750651036744147,1.0,0.046875,43.765625
681,-24.120404713811826,0.5767292321986587,1.0,0.078125,43.84375
682,-24.120679463734454,0.5755986425129299,1.0,0.0625,43.90625
683,-24.12107598160215,0.5798250410246184,1.0,0.15625,44.0625
684,-24.121376015375606,0.578720935287717,1.0,0.078125,44.140625
685,-24.12172397182448,0.5740540725562554,1.0,0.078125,44.21875
686,-24.122099510558375,0.5748955971611608,1.0,0.140625,44.359375
687,-24.12238051874939,0.5701054805654572,1.0,0.140625,44.5
688,-24.122734625699323,0.5569194017037973,1.0,0.109375,44.609375
689,-24.122937085959315,0.5555919263082983,1.0,0.03125,44.640625
690,-24.12319617839025,0.5591755226131417,1.0,0.03125,44.671875
691,-24.12360659806865,0.5614934633128176,1.0,0.03125,44.703125
692,-24.123881168190586,0.557876138420935,1.0,0.046875,44.75
693,-24.124155553975946,0.5574128188972263,1.0,0.03125,44.78125
694,-24.124497950439814,0.5514466950106113,1.0,0.046875,44.828125
695,-24.124885810534657,0.5569854368718462,1.0,0.140625,44.96875
696,-24.125275924897476,0.552034019195675,1.0,0.140625,45.109375
697,-24.1256316984073,0.5578896689788355,1.0,0.03125,45.140625
698,-24.125910494944314,0.553900211778628,1.0,0.03125,45.171875
699,-24.126277153622443,0.5553761984675711,1.0,0.046875,45.21875
700,-24.12662250342849,0.5569159287542582,1.0,0.03125,45.25
701,-24.126846850963705,0.5520916019671649,1.0,0.03125,45.28125
702,-24.127285179592505,0.5494121109381938,1.0,0.0625,45.34375
703,-24.127601405906383,0.542640559670607,1.0,0.015625,45.359375
704,-24.127906139446925,0.5422447071719174,1.0,0.078125,45.4375
705,-24.128228094165856,0.5413385450026098,1.0,0.140625,45.578125
706,-24.128589819880418,0.5422845222141167,1.0,0.140625,45.71875
707,-24.128834452328864,0.542794535229976,1.0,0.03125,45.75
708,-24.129102822825214,0.54025624231383,1.0,0.09375,45.84375
709,-24.129405311025884,0.5421245034547347,1.0,0.140625,45.984375
710,-24.129758312244256,0.5335308978123254,1.0,0.109375,46.09375
711,-24.130047388402602,0.5286747284839185,1.0,0.140625,46.234375
712,-24.13038717156105,0.5236893619941468,1.0,0.03125,46.265625
713,-24.130608450779775,0.517718450398936,1.0,0.03125,46.296875
714,-24.13080052484477,0.5194270177285681,1.0,0.03125,46.328125
715,-24.13105189145402,0.5181027609551733,1.0,0.03125,46.359375
716,-24.13126689269333,0.5161693794926852,1.0,0.046875,46.40625
717,-24.131539237482517,0.5225175834743897,1.0,0.140625,46.546875
718,-24.131859988582846,0.5172550487371074,1.0,0.140625,46.6875
719,-24.132128649737208,0.5115573258643421,1.0,0.140625,46.828125
720,-24.132424789411925,0.5098015637011687,1.0,0.140625,46.96875
721,-24.132786626003686,0.5088794347120184,1.0,0.140625,47.109375
722,-24.133019282385835,0.5070720824965854,1.0,0.125,47.234375
723,-24.13327376473168,0.5046248068081526,1.0,0.140625,47.375
724,-24.1335498604439,0.508369990031149,1.0,0.125,47.5
725,-24.133856587093184,0.509992401153454,1.0,0.140625,47.640625
726,-24.13415311014387,0.5111708944102257,1.0,0.140625,47.78125
727,-24.134397044823952,0.5116846461313463,1.0,0.0625,47.84375
728,-24.134700614602252,0.509634653821897,1.0,0.046875,47.890625
729,-24.134962431885103,0.5089189607119546,1.0,0.03125,47.921875
730,-24.135262815915706,0.5104589233734426,1.0,0.03125,47.953125
731,-24.135507231035376,0.5087334446528944,1.0,0.03125,47.984375
732,-24.135725112663827,0.5045881797852669,1.0,0.140625,48.125
733,-24.13598935947412,0.4988445484940866,1.0,0.03125,48.15625
734,-24.136226762717406,0.4941353333199118,1.0,0.03125,48.1875
735,-24.136456593988342,0.5012813232777366,1.0,0.03125,48.21875
736,-24.13670891797541,0.494860985358549,1.0,0.046875,48.265625
737,-24.13696705462091,0.4969208256269694,1.0,0.046875,48.3125
738,-24.137273517513652,0.4971166545185688,1.0,0.015625,48.328125
739,-24.137509008653677,0.49187243762386235,1.0,0.125,48.453125
740,-24.13774014762787,0.4905857955620852,1.0,0.03125,48.484375
741,-24.137990217058174,0.4907479271583078,1.0,0.15625,48.640625
742,-24.13823688749285,0.49382059687913166,1.0,0.03125,48.671875
743,-24.138483090402968,0.4909002372066235,1.0,0.015625,48.6875
744,-24.13869395876435,0.4860541068747926,1.0,0.09375,48.78125
745,-24.13903338967639,0.48490786082109305,1.0,0.109375,48.890625
746,-24.139247953166656,0.48009917480150904,1.0,0.0625,48.953125
747,-24.139456793315272,0.4811937568536769,1.0,0.046875,49.0
748,-24.139680903645278,0.47648245871504624,1.0,0.03125,49.03125
749,-24.13991449447236,0.4723676985616351,1.0,0.03125,49.0625
750,-24.140119146881165,0.47151320762506005,1.0,0.171875,49.234375
751,-24.140359808861913,0.4723979165695993,1.0,0.0625,49.296875
752,-24.14061849621571,0.4742899627957944,1.0,0.03125,49.328125
753,-24.14092432606056,0.4708098149369915,1.0,0.140625,49.46875
754,-24.14116325237215,0.46137416194480013,1.0,0.140625,49.609375
755,-24.14137518335245,0.45849538918014715,1.0,0.0625,49.671875
756,-24.14166224584361,0.4505874923139186,1.0,0.03125,49.703125
757,-24.141868777258175,0.44690903437088736,1.0,0.078125,49.78125
758,-24.14213918210177,0.4505821636284751,1.0,0.140625,49.921875
759,-24.14231536848391,0.45360629630627647,1.0,0.03125,49.953125
760,-24.142535287548426,0.45546511711968896,1.0,0.046875,50.0
761,-24.14274506072816,0.4564164567452327,1.0,0.03125,50.03125
762,-24.142957864559516,0.4539918633766521,1.0,0.09375,50.125
763,-24.14318203911943,0.4477918674883006,1.0,0.140625,50.265625
764,-24.14338095938941,0.44844893859161294,1.0,0.140625,50.40625
765,-24.14358349136164,0.4472773006502962,1.0,0.046875,50.453125
766,-24.14380551999703,0.4455383878867707,1.0,0.0625,50.515625
767,-24.144016142863954,0.4404633198057204,1.0,0.046875,50.5625
768,-24.144244003778624,0.44349476979827535,1.0,0.09375,50.65625
769,-24.144446012686245,0.44053477353552073,1.0,0.046875,50.703125
770,-24.144658443325984,0.4416954058745107,1.0,0.125,50.828125
771,-24.144912910837217,0.4418222950176182,1.0,0.078125,50.90625
772,-24.14516884570288,0.44197588364476775,1.0,0.03125,50.9375
773,-24.145359252036272,0.43607797707669,1.0,0.15625,51.09375
774,-24.145649919230475,0.43862485358108305,1.0,0.03125,51.125
775,-24.145869153211642,0.43439062368153586,1.0,0.15625,51.28125
776,-24.146063474128347,0.43532885389792386,1.0,0.03125,51.3125
777,-24.146263755497436,0.4382534299910466,1.0,0.03125,51.34375
778,-24.146429304387063,0.43657095024427794,1.0,0.0625,51.40625
779,-24.146646220993755,0.4351156992890199,1.0,0.046875,51.453125
780,-24.146889107709004,0.43245322660211344,1.0,0.078125,51.53125
781,-24.147080545449285,0.4283346827325247,1.0,0.0625,51.59375
782,-24.14726854086501,0.4283734383268908,1.0,0.0625,51.65625
783,-24.147448540202543,0.42315455303372146,1.0,0.03125,51.6875
784,-24.147651033349728,0.4221998805888873,1.0,0.046875,51.734375
785,-24.147837543710143,0.41890797743610064,1.0,0.03125,51.765625
786,-24.148030096924032,0.41768051566420716,1.0,0.109375,51.875
787,-24.14819543176246,0.4143719538807215,1.0,0.03125,51.90625
788,-24.14838083887767,0.41286428301048356,1.0,0.15625,52.0625
789,-24.148547549352738,0.40881386054013785,1.0,0.140625,52.203125
790,-24.148687090337376,0.40476901076381544,1.0,0.046875,52.25
791,-24.148833870941274,0.4032794992361263,1.0,0.03125,52.28125
792,-24.14902524511192,0.40593777954896937,1.0,0.03125,52.3125
793,-24.149202412350594,0.40942551976153047,1.0,0.109375,52.421875
794,-24.149371129419276,0.40702002436506723,1.0,0.140625,52.5625
795,-24.14956794479755,0.40851215289288806,1.0,0.03125,52.59375
796,-24.149724184031818,0.4037451344055895,1.0,0.03125,52.625
797,-24.14993312857684,0.4073928280060233,1.0,0.03125,52.65625
798,-24.15010044379422,0.40100880137280903,1.0,0.0625,52.71875
799,-24.15028737614913,0.39816671584518115,1.0,0.0625,52.78125
800,-24.150490211099687,0.3987519663097935,1.0,0.03125,52.8125
801,-24.150684085861997,0.39414502672943624,1.0,0.046875,52.859375
802,-24.150810981891333,0.39535723356634805,1.0,0.09375,52.953125
803,-24.15102390981612,0.39026791082902135,1.0,0.03125,52.984375
804,-24.151182870421096,0.387387831705904,1.0,0.125,53.109375
805,-24.151335346869494,0.39096389489455663,1.0,0.140625,53.25
806,-24.15151369930918,0.3840984573799447,1.0,0.03125,53.28125
807,-24.1516749711935,0.38410243225082025,1.0,0.046875,53.328125
808,-24.151833187423925,0.3811438218360288,1.0,0.03125,53.359375
809,-24.1519826353052,0.3745342356557064,1.0,0.03125,53.390625
810,-24.152129695555978,0.3773330606945796,1.0,0.0625,53.453125
811,-24.15231618305025,0.3799424454675423,1.0,0.03125,53.484375
812,-24.152435290317616,0.379644793415553,1.0,0.03125,53.515625
813,-24.152593777145587,0.37774346356239824,1.0,0.03125,53.546875
814,-24.152743598780667,0.3795928547472241,1.0,0.046875,53.59375
815,-24.152881299131206,0.37503286992398305,1.0,0.03125,53.625
816,-24.15301419769157,0.3744849349293624,1.0,0.046875,53.671875
817,-24.153119991853956,0.37174361616858487,1.0,0.0625,53.734375
818,-24.15328393431066,0.3639636451270097,1.0,0.046875,53.78125
819,-24.153391001431135,0.36270935475453214,1.0,0.015625,53.796875
820,-24.15357347651157,0.36081728724276185,1.0,0.0625,53.859375
821,-24.153715207112846,0.35474002489666895,1.0,0.046875,53.90625
822,-24.1538184935395,0.35645448200281227,1.0,0.125,54.03125
823,-24.15395318497381,0.35538749091969274,1.0,0.046875,54.078125
824,-24.154121492059115,0.35727675244898666,1.0,0.125,54.203125
825,-24.15426399730588,0.3562961975348787,1.0,0.140625,54.34375
826,-24.1543874998839,0.35750292874556294,1.0,0.140625,54.484375
827,-24.15455763106645,0.3590435648650799,1.0,0.03125,54.515625
828,-24.154720425972414,0.3600880389893672,1.0,0.0625,54.578125
829,-24.1548613057882,0.35776725196489634,1.0,0.03125,54.609375
830,-24.154996872719096,0.35163718200164285,1.0,0.046875,54.65625
831,-24.155127601989648,0.3456167863741323,1.0,0.03125,54.6875
832,-24.155257718213406,0.3496448742442517,1.0,0.046875,54.734375
833,-24.155381444187196,0.349046375727236,1.0,0.03125,54.765625
834,-24.15552203963893,0.343983290747429,1.0,0.03125,54.796875
835,-24.15563576361052,0.3471147452979218,1.0,0.0625,54.859375
836,-24.155735944275055,0.3473780122326348,1.0,0.03125,54.890625
837,-24.155856420556596,0.34523155548910134,1.0,0.0625,54.953125
838,-24.155987137612396,0.34775439962027954,1.0,0.03125,54.984375
839,-24.156079465227418,0.3467063539686583,1.0,0.046875,55.03125
840,-24.156243069334767,0.3504087619553889,1.0,0.03125,55.0625
841,-24.15636063461145,0.35011984188825845,1.0,0.03125,55.09375
842,-24.156449312753352,0.3455131723919103,1.0,0.03125,55.125
843,-24.156607777327473,0.3542331819756665,1.0,0.03125,55.15625
844,-24.15672143729313,0.3529489307243462,1.0,0.03125,55.1875
845,-24.156850852763757,0.3483112917469767,1.0,0.03125,55.21875
846,-24.156976697206826,0.34691152311005885,1.0,0.0625,55.28125
847,-24.157111670616086,0.34400472258504233,1.0,0.03125,55.3125
848,-24.157204894160817,0.3445525350229047,1.0,0.046875,55.359375
849,-24.15734134825956,0.34634754070770013,1.0,0.03125,55.390625
850,-24.157463622648567,0.3448488591070092,1.0,0.03125,55.421875
851,-24.157608251811126,0.3407420321633331,1.0,0.140625,55.5625
852,-24.15774207033071,0.3424203921963487,1.0,0.078125,55.640625
853,-24.157860452130148,0.33615434772173597,1.0,0.03125,55.671875
854,-24.157971204265216,0.34041513503889614,1.0,0.015625,55.6875
855,-24.158102269416055,0.3392809676760653,1.0,0.09375,55.78125
856,-24.158229511553124,0.340933846090058,1.0,0.03125,55.8125
857,-24.15834278185604,0.3406992024522142,1.0,0.03125,55.84375
858,-24.15847777047597,0.34742002182676407,1.0,0.140625,55.984375
859,-24.15860920876958,0.34359941924311593,1.0,0.03125,56.015625
860,-24.158716899863926,0.3386873393917601,1.0,0.03125,56.046875
861,-24.158847302472346,0.33670813073313544,1.0,0.03125,56.078125
862,-24.158968384585435,0.3350412159815791,1.0,0.046875,56.125
863,-24.159082408873537,0.3345521095119176,1.0,0.03125,56.15625
864,-24.159222192058557,0.325632894382136,1.0,0.140625,56.296875
865,-24.159339331948125,0.3252223433628741,1.0,0.109375,56.40625
866,-24.15944671067737,0.32299355296106924,1.0,0.03125,56.4375
867,-24.159558797703518,0.32533393845757824,1.0,0.03125,56.46875
868,-24.159666200468315,0.3254891734449852,1.0,0.046875,56.515625
869,-24.159772151665187,0.32777372204360117,1.0,0.140625,56.65625
870,-24.15988539896747,0.3230927039891546,1.0,0.046875,56.703125
871,-24.16002142375695,0.3240013264282938,1.0,0.03125,56.734375
872,-24.160153005981073,0.32110720717487623,1.0,0.03125,56.765625
873,-24.160254263488383,0.319040367599584,1.0,0.125,56.890625
874,-24.16038253356892,0.3166592578525547,1.0,0.03125,56.921875
875,-24.160521567339465,0.3175472512587994,1.0,0.03125,56.953125
876,-24.1606089865992,0.31689836826744927,1.0,0.03125,56.984375
877,-24.16071925556548,0.3153418238750099,1.0,0.140625,57.125
878,-24.160807829758905,0.31955931962533324,1.0,0.140625,57.265625
879,-24.160914219137595,0.31671291946704494,1.0,0.03125,57.296875
880,-24.161019126861927,0.31788609945290697,1.0,0.03125,57.328125
881,-24.161119433354312,0.3182132111787472,1.0,0.0625,57.390625
882,-24.161218299540813,0.3179942090639658,1.0,0.109375,57.5
883,-24.16133787489317,0.31743578094984615,1.0,0.03125,57.53125
884,-24.161441196055886,0.3147476370570544,1.0,0.15625,57.6875
885,-24.16156054596682,0.31290940757056435,1.0,0.03125,57.71875
886,-24.161644546119007,0.3123751106631383,1.0,0.09375,57.8125
887,-24.16175848140476,0.31069560396879725,1.0,0.03125,57.84375
888,-24.16187831473568,0.3051259196836555,1.0,0.0625,57.90625
889,-24.16197544904774,0.30165622547927945,1.0,0.046875,57.953125
890,-24.16207077714,0.3043544543136016,1.0,0.03125,57.984375
891,-24.162187756759636,0.30615234062709434,1.0,0.046875,58.03125
892,-24.162257397322247,0.3048149440187644,1.0,0.171875,58.203125
893,-24.16236824910472,0.3020359535406209,1.0,0.03125,58.234375
894,-24.162467607815394,0.29822154282127306,1.0,0.0625,58.296875
895,-24.162546043152783,0.2972573180236151,1.0,0.15625,58.453125
896,-24.162642742352155,0.29666307523242663,1.0,0.03125,58.484375
897,-24.16274249469815,0.29217872259147826,1.0,0.078125,58.5625
898,-24.16280599188791,0.2918339036534194,1.0,0.140625,58.703125
899,-24.162921231007036,0.29038526870070064,1.0,0.046875,58.75
900,-24.16300955308777,0.2911763633268328,1.0,0.125,58.875
901,-24.16310969433101,0.2909898792643843,1.0,0.0625,58.9375
902,-24.163210835287025,0.29096000378226883,1.0,0.03125,58.96875
903,-24.163304255899796,0.28749920119450295,1.0,0.15625,59.125
904,-24.163375781348318,0.28854108736319534,1.0,0.03125,59.15625
905,-24.16347194524164,0.29061921825224624,1.0,0.140625,59.296875
906,-24.16355081488787,0.28796910861760416,1.0,0.125,59.421875
907,-24.163644236208324,0.2873323991703274,1.0,0.046875,59.46875
908,-24.16374158351926,0.2872906090376156,1.0,0.046875,59.515625
909,-24.16381624253386,0.28528460080355905,1.0,0.046875,59.5625
910,-24.16389980342987,0.28740118611926563,1.0,0.140625,59.703125
911,-24.16398514306851,0.28882795808627326,1.0,0.03125,59.734375
912,-24.164050785306845,0.28827731087748176,1.0,0.046875,59.78125
913,-24.164133816638447,0.2842800299044952,1.0,0.125,59.90625
914,-24.164238956450955,0.28178556228170465,1.0,0.03125,59.9375
915,-24.164321380372304,0.2813574416929244,1.0,0.046875,59.984375
916,-24.164425812874548,0.28107830622276936,1.0,0.125,60.109375
917,-24.164501769597383,0.27861900131782513,1.0,0.15625,60.265625
918,-24.164585988075043,0.2781564031683084,1.0,0.0625,60.328125
919,-24.164667229346257,0.2796113841873548,1.0,0.15625,60.484375
920,-24.16474024016519,0.2770570914643498,1.0,0.0625,60.546875
921,-24.164831391619046,0.27575720838179135,1.0,0.15625,60.703125
922,-24.16490317276542,0.2773065151781312,1.0,0.03125,60.734375
923,-24.16500156230753,0.2794855411905622,1.0,0.03125,60.765625
924,-24.165085082890236,0.27771325202989094,1.0,0.03125,60.796875
925,-24.165168269073273,0.2770960217507056,1.0,0.03125,60.828125
926,-24.165247078050996,0.27757551437415035,1.0,0.140625,60.96875
927,-24.165308182391975,0.2763981233510776,1.0,0.03125,61.0
928,-24.165388797678023,0.27271321121882836,1.0,0.078125,61.078125
929,-24.165461238461134,0.2706860691657873,1.0,0.0625,61.140625
930,-24.165551059009527,0.26718719334005225,1.0,0.03125,61.171875
931,-24.16561851460385,0.26835776665196065,1.0,0.046875,61.21875
932,-24.16569554798041,0.26334386883451094,1.0,0.0625,61.28125
933,-24.16578148612977,0.26172181189687127,1.0,0.078125,61.359375
934,-24.16585901293505,0.2636524326136099,1.0,0.046875,61.40625
935,-24.165944910665957,0.2673381118298361,1.0,0.09375,61.5
936,-24.166041164866648,0.2667797802840232,1.0,0.078125,61.578125
937,-24.166121188111,0.26394447356134376,1.0,0.03125,61.609375
938,-24.16619118909187,0.25910287637478335,1.0,0.140625,61.75
939,-24.166265193386582,0.26209175817319713,1.0,0.03125,61.78125
940,-24.16632753775148,0.25924149358806964,1.0,0.03125,61.8125
941,-24.16640196611393,0.259292329860205,1.0,0.0625,61.875
942,-24.166473367574298,0.25843114096368,1.0,0.03125,61.90625
943,-24.166570574218753,0.25945405807981187,1.0,0.03125,61.9375
944,-24.166621778277403,0.2596292884595404,1.0,0.046875,61.984375
945,-24.166680554593963,0.2620332655603791,1.0,0.15625,62.140625
946,-24.166732343613436,0.2594929071105934,1.0,0.03125,62.171875
947,-24.1668020947013,0.25856940814527174,1.0,0.046875,62.21875
948,-24.166880882813167,0.26099413629534474,1.0,0.046875,62.265625
949,-24.16694462290601,0.2599364137645678,1.0,0.03125,62.296875
950,-24.16699883439813,0.25679678742007045,1.0,0.046875,62.34375
951,-24.167063932150267,0.2539204141782147,1.0,0.140625,62.484375
952,-24.167126931691627,0.25352342792610655,1.0,0.0625,62.546875
953,-24.167188891685672,0.2530584492681281,1.0,0.140625,62.6875
954,-24.16726967680897,0.2530011006580296,1.0,0.125,62.8125
955,-24.167323157117796,0.2505664323244451,1.0,0.046875,62.859375
956,-24.167387687932212,0.24701395041176613,1.0,0.0625,62.921875
957,-24.167437942417003,0.24991630746264143,1.0,0.03125,62.953125
958,-24.167528778100934,0.25434069763752,1.0,0.0625,63.015625
959,-24.1675860340194,0.2530087053363489,1.0,0.109375,63.125
960,-24.16764310029132,0.2552677774883277,1.0,0.140625,63.265625
961,-24.16771133339576,0.25154382942505954,1.0,0.078125,63.34375
962,-24.167766759303674,0.24990048854637115,1.0,0.046875,63.390625
963,-24.16783336545604,0.24841682244385058,1.0,0.046875,63.4375
964,-24.16790669829584,0.2461931034991883,1.0,0.046875,63.484375
965,-24.167964069969333,0.24521804856261162,1.0,0.078125,63.5625
966,-24.168027486192134,0.2432997828096867,1.0,0.109375,63.671875
967,-24.168096820007964,0.2405387580585277,1.0,0.171875,63.84375
968,-24.168155103963787,0.23967043279548325,1.0,0.03125,63.875
969,-24.168225328905798,0.24132742940636068,1.0,0.09375,63.96875
970,-24.168287983988094,0.24116474618665407,1.0,0.0625,64.03125
971,-24.168341636862102,0.24041506900830653,1.0,0.03125,64.0625
972,-24.168393047665244,0.24075380265295468,1.0,0.046875,64.109375
973,-24.168457739405927,0.240992277466627,1.0,0.03125,64.140625
974,-24.168499564805213,0.23952193694147433,1.0,0.03125,64.171875
975,-24.16857700245982,0.23805367899302188,1.0,0.03125,64.203125
976,-24.168652327607173,0.23754370271680558,1.0,0.171875,64.375
977,-24.168710249654595,0.23675644894374986,1.0,0.03125,64.40625
978,-24.16877006248329,0.2338433337381677,1.0,0.046875,64.453125
979,-24.168839814976316,0.23531239608400378,1.0,0.140625,64.59375
980,-24.168886674015948,0.2363830297465749,1.0,0.0625,64.65625
981,-24.168950953112276,0.23608564042730998,1.0,0.0625,64.71875
982,-24.16901972647797,0.2340527001722367,1.0,0.03125,64.75
983,-24.16907863329041,0.23200913590319902,1.0,0.046875,64.796875
984,-24.16914145455174,0.23130263315616836,1.0,0.125,64.921875
985,-24.169202050364078,0.23203692245918212,1.0,0.03125,64.953125
986,-24.169251185811376,0.2304933512427954,1.0,0.03125,64.984375
987,-24.16931967083575,0.22840625985005308,1.0,0.03125,65.015625
988,-24.169373251972658,0.22774533788872917,1.0,0.03125,65.046875
989,-24.16942180106327,0.22529975019643647,1.0,0.140625,65.1875
990,-24.16947292787855,0.22616280700376168,1.0,0.140625,65.328125
991,-24.16952953769006,0.22597097228111915,1.0,0.03125,65.359375
992,-24.169594588332288,0.2241987497279326,1.0,0.015625,65.375
993,-24.169663845828836,0.2224953607564867,1.0,0.046875,65.421875
994,-24.16972770090031,0.222299829318514,1.0,0.109375,65.53125
995,-24.169780125138075,0.2227775729298648,1.0,0.03125,65.5625
996,-24.169839252821223,0.2189530637011482,1.0,0.03125,65.59375
997,-24.169878949257416,0.21821307257998326,1.0,0.03125,65.625
998,-24.169925835890705,0.21901763986887998,1.0,0.109375,65.734375
999,-24.16997325240878,0.21755271922262098,1.0,0.140625,65.875
1000,-24.170032230149115,0.2193938369074634,1.0,0.0625,65.9375
1001,-24.170081976007115,0.218979430660795,1.0,0.03125,65.96875
1002,-24.17012789509948,0.21949921948616002,1.0,0.046875,66.015625
1003,-24.170173638657882,0.21818429218504404,1.0,0.0625,66.078125
1004,-24.170217173549364,0.21663169447644787,1.0,0.03125,66.109375
1005,-24.170268808316784,0.22063916319402682,1.0,0.0625,66.171875
1006,-24.17031276743938,0.21847696610385353,1.0,0.046875,66.21875
1007,-24.170357635833085,0.21820144732847843,1.0,0.03125,66.25
1008,-24.17040845678844,0.21564408186714765,1.0,0.015625,66.265625
1009,-24.170453492289994,0.2153556761715422,1.0,0.140625,66.40625
1010,-24.170502052206263,0.21340007057832633,1.0,0.09375,66.5
1011,-24.17054233063727,0.21397871422046283,1.0,0.140625,66.640625
1012,-24.170589548829785,0.21146314086744453,1.0,0.140625,66.78125
1013,-24.17064350514917,0.21245697248374437,1.0,0.046875,66.828125
1014,-24.17068916551188,0.2119506396792419,1.0,0.046875,66.875
1015,-24.170743084966496,0.21134139203358782,1.0,0.046875,66.921875
1016,-24.170794663606163,0.2085554441843468,1.0,0.03125,66.953125
1017,-24.17084208144668,0.20738631314278022,1.0,0.125,67.078125
1018,-24.170881155484217,0.2071099979198221,1.0,0.140625,67.21875
1019,-24.170919189508933,0.20636496519076905,1.0,0.046875,67.265625
1020,-24.170972928846133,0.2084771110782982,1.0,0.03125,67.296875
1021,-24.171021630307006,0.20641541620899725,1.0,0.03125,67.328125
1022,-24.171062128792123,0.2037618486795963,1.0,0.03125,67.359375
1023,-24.17109938272925,0.2053578065781124,1.0,0.046875,67.40625
1024,-24.171151511009985,0.2065696110316651,1.0,0.03125,67.4375
1025,-24.171202828034584,0.20588743105454116,1.0,0.15625,67.59375
1026,-24.171244382510118,0.20479949751253837,1.0,0.03125,67.625
1027,-24.17128815528463,0.20433753917154224,1.0,0.03125,67.65625
1028,-24.171331705660158,0.20049366481457176,1.0,0.046875,67.703125
1029,-24.171370424609076,0.2012133197121457,1.0,0.03125,67.734375
1030,-24.171413180633092,0.20174137274675652,1.0,0.140625,67.875
1031,-24.171461832327378,0.19848372180840992,1.0,0.078125,67.953125
1032,-24.17150770376402,0.1985843521391466,1.0,0.046875,68.0
1033,-24.171551742626995,0.1978194207190767,1.0,0.03125,68.03125
1034,-24.171591936201562,0.19820239437556197,1.0,0.046875,68.078125
1035,-24.17163595160235,0.19733505447850794,1.0,0.03125,68.109375
1036,-24.171680733718325,0.19942646712534615,1.0,0.15625,68.265625
1037,-24.1717192306214,0.19969850887522947,1.0,0.03125,68.296875
1038,-24.171773468709468,0.19983975633008402,1.0,0.03125,68.328125
1039,-24.171812313380393,0.19883743092046163,1.0,0.03125,68.359375
1040,-24.17186236248936,0.2010050831651565,1.0,0.0625,68.421875
1041,-24.1719112193291,0.19855399867559811,1.0,0.140625,68.5625
1042,-24.171959151046497,0.20034686242077898,1.0,0.140625,68.703125
1043,-24.17199818533138,0.19870581274831148,1.0,0.140625,68.84375
1044,-24.17203496569578,0.19542162426089196,1.0,0.140625,68.984375
1045,-24.17208132625131,0.19664941495039046,1.0,0.046875,69.03125
1046,-24.17212794242685,0.1962580331532843,1.0,0.03125,69.0625
1047,-24.172170248715613,0.19493567901571313,1.0,0.0625,69.125
1048,-24.17221377525993,0.19222352778452093,1.0,0.03125,69.15625
1049,-24.172250470756563,0.19335541638806533,1.0,0.0625,69.21875
1050,-24.172290338532015,0.19260597192860665,1.0,0.078125,69.296875
1051,-24.172319793391402,0.1924272280917772,1.0,0.03125,69.328125
1052,-24.17236306591927,0.19065499309326853,1.0,0.03125,69.359375
1053,-24.172401944312053,0.18909881565709796,1.0,0.03125,69.390625
1054,-24.17244119080659,0.18951304603651686,1.0,0.03125,69.421875
1055,-24.172484413523467,0.1892540848577267,1.0,0.0625,69.484375
1056,-24.172544141324796,0.18819059636665847,1.0,0.03125,69.515625
1057,-24.17258150889653,0.18728507345616924,1.0,0.0625,69.578125
1058,-24.172614150146455,0.1863913825034935,1.0,0.046875,69.625
1059,-24.172642830958857,0.187611482500774,1.0,0.03125,69.65625
1060,-24.172687373386225,0.18750327778575157,1.0,0.03125,69.6875
1061,-24.17272027287049,0.18562227114825874,1.0,0.046875,69.734375
1062,-24.172752197176106,0.18595867854979198,1.0,0.109375,69.84375
1063,-24.172795084710497,0.18576287170239464,1.0,0.015625,69.859375
1064,-24.172834647676083,0.18434369815759644,1.0,0.046875,69.90625
1065,-24.172874537620192,0.1824291474782843,1.0,0.03125,69.9375
1066,-24.172909611023993,0.18218686954178698,1.0,0.015625,69.953125
1067,-24.172936095873123,0.18067269050697413,1.0,0.0625,70.015625
1068,-24.172966148771177,0.17842731288815836,1.0,0.03125,70.046875
1069,-24.172999849032497,0.17698148146598142,1.0,0.046875,70.09375
1070,-24.173028167585304,0.17722659106486663,1.0,0.0625,70.15625
1071,-24.17305997925298,0.1787543857086796,1.0,0.03125,70.1875
1072,-24.173092296864475,0.18059926890552272,1.0,0.171875,70.359375
1073,-24.173130986043063,0.1790194260945213,1.0,0.140625,70.5
1074,-24.173159822519448,0.1790950656603719,1.0,0.140625,70.640625
1075,-24.173185680818552,0.17867947193849382,1.0,0.0625,70.703125
1076,-24.17321383442203,0.17894320657593976,1.0,0.03125,70.734375
1077,-24.173241517195546,0.1804969787389989,1.0,0.03125,70.765625
1078,-24.173279634213475,0.17914766101758384,1.0,0.015625,70.78125
1079,-24.173312837829556,0.1792050522742492,1.0,0.046875,70.828125
1080,-24.173341443153987,0.17930538279480876,1.0,0.03125,70.859375
1081,-24.173374433685346,0.17726522749131193,1.0,0.015625,70.875
1082,-24.173402870283688,0.1770998452472622,1.0,0.03125,70.90625
1083,-24.173437037215873,0.17764636224909314,1.0,0.03125,70.9375
1084,-24.17347232781868,0.17894697733825005,1.0,0.03125,70.96875
1085,-24.17350011490447,0.17643589728233128,1.0,0.046875,71.015625
1086,-24.173527419005605,0.17638838845897362,1.0,0.03125,71.046875
1087,-24.17355935652017,0.17570081328589027,1.0,0.03125,71.078125
1088,-24.17359243940281,0.17525837567057406,1.0,0.03125,71.109375
1089,-24.1736265116746,0.17164029976544162,1.0,0.046875,71.15625
1090,-24.173660595137697,0.17209730813237611,1.0,0.03125,71.1875
1091,-24.173699016716473,0.1716549196532397,1.0,0.03125,71.21875
1092,-24.173731656170247,0.17185870834522413,1.0,0.03125,71.25
1093,-24.173763259856504,0.17213281918358467,1.0,0.046875,71.296875
1094,-24.173792708874373,0.16984009826381105,1.0,0.046875,71.34375
1095,-24.173827495434765,0.17080210369043405,1.0,0.03125,71.375
1096,-24.1738556457485,0.172251542992089,1.0,0.0625,71.4375
1097,-24.173889363388763,0.1716113604511834,1.0,0.03125,71.46875
1098,-24.173929268660856,0.17061437218137854,1.0,0.03125,71.5
1099,-24.173953249430667,0.1703857542204901,1.0,0.03125,71.53125
1100,-24.173986256775194,0.1699742962529129,1.0,0.03125,71.5625
1101,-24.174012157112745,0.16891940751054035,1.0,0.0625,71.625
1102,-24.174042135922058,0.16994699860110823,1.0,0.0625,71.6875
1103,-24.174076942503657,0.1682770767398242,1.0,0.0625,71.75
1104,-24.17409931045197,0.1672589177854877,1.0,0.046875,71.796875
1105,-24.17412846336298,0.1662955565711845,1.0,0.0625,71.859375
1106,-24.174160629689453,0.16400642938663698,1.0,0.0625,71.921875
1107,-24.174185829189085,0.16232412499155396,1.0,0.03125,71.953125
1108,-24.1742159699174,0.1624336019400793,1.0,0.03125,71.984375
1109,-24.174246371810966,0.1624715812281362,1.0,0.046875,72.03125
1110,-24.174275008717743,0.16273155849871945,1.0,0.03125,72.0625
1111,-24.174295088928677,0.16246414615610896,1.0,0.03125,72.09375
1112,-24.174327514006148,0.16248558380485165,1.0,0.03125,72.125
1113,-24.174359836930545,0.16165374552410378,1.0,0.03125,72.15625
1114,-24.174390706564953,0.16053915612707229,1.0,0.03125,72.1875
1115,-24.174416582094057,0.1628714688437561,1.0,0.03125,72.21875
1116,-24.174448807557233,0.16272286403074676,1.0,0.0625,72.28125
1117,-24.17447995984837,0.160086224033852,1.0,0.03125,72.3125
1118,-24.174514483405673,0.16244398148997669,1.0,0.03125,72.34375
1119,-24.174542693214235,0.16138510145889376,1.0,0.03125,72.375
1120,-24.174570414349443,0.16119079061872282,1.0,0.03125,72.40625
1121,-24.174596998386434,0.1592631860875674,1.0,0.03125,72.4375
1122,-24.174627836494587,0.1588614203769525,1.0,0.046875,72.484375
1123,-24.174655520858416,0.15612393171538838,1.0,0.03125,72.515625
1124,-24.174675618352445,0.15553964858027097,1.0,0.140625,72.65625
1125,-24.17470079643982,0.15362925894762877,1.0,0.0625,72.71875
1126,-24.174725477359882,0.15258331672359202,1.0,0.046875,72.765625
1127,-24.174747111366933,0.15200553631779073,1.0,0.03125,72.796875
1128,-24.174766104295944,0.15206632852718502,1.0,0.078125,72.875
1129,-24.17478734417971,0.15064941630501977,1.0,0.03125,72.90625
1130,-24.174818389425223,0.15076773912634386,1.0,0.03125,72.9375
1131,-24.17484341605071,0.14953653551922078,1.0,0.03125,72.96875
1132,-24.17486597454082,0.14975826248841226,1.0,0.140625,73.109375
1133,-24.174891997247524,0.1507887287649578,1.0,0.140625,73.25
1134,-24.1749178316932,0.1506881028071015,1.0,0.140625,73.390625
1135,-24.174943663652567,0.14795800210039747,1.0,0.09375,73.484375
1136,-24.17496838799622,0.148613409979188,1.0,0.046875,73.53125
1137,-24.174991293533125,0.14790943547152144,1.0,0.03125,73.5625
1138,-24.17501381985274,0.14843647939172805,1.0,0.03125,73.59375
1139,-24.175037815946844,0.14958350066795464,1.0,0.03125,73.625
1140,-24.175059262832196,0.14898983562681845,1.0,0.21875,73.84375
1141,-24.175084271483843,0.14755658714269754,1.0,0.140625,73.984375
1142,-24.175107195060786,0.14624954450270813,1.0,0.140625,74.125
1143,-24.17513471775356,0.14472627566142224,1.0,0.03125,74.15625
1144,-24.17515670281629,0.14700885028898264,1.0,0.03125,74.1875
1145,-24.175184438854245,0.14618055695850615,1.0,0.03125,74.21875
1146,-24.175206175258385,0.14660798534602518,1.0,0.03125,74.25
1147,-24.17523030595158,0.14606232785703097,1.0,0.03125,74.28125
1148,-24.175247512034762,0.14542603663723658,1.0,0.03125,74.3125
1149,-24.175273465277744,0.14590314288812528,1.0,0.03125,74.34375
1150,-24.17529438319111,0.14512252863795924,1.0,0.046875,74.390625
1151,-24.175311890175863,0.14336840931624245,1.0,0.03125,74.421875
1152,-24.17533523406502,0.14240472062874313,1.0,0.03125,74.453125
1153,-24.175359407963743,0.14274160128925195,1.0,0.015625,74.46875
1154,-24.1753811157446,0.1412999735681639,1.0,0.03125,74.5
1155,-24.175401099703002,0.14003876526228126,1.0,0.03125,74.53125
1156,-24.17542146859825,0.1410201662293625,1.0,0.03125,74.5625
1157,-24.17544142101212,0.14058683417614057,1.0,0.03125,74.59375
1158,-24.175459895565872,0.1384541707396609,1.0,0.0625,74.65625
1159,-24.17548160000864,0.13689100684331737,1.0,0.046875,74.703125
1160,-24.175501510394522,0.13680864033858003,1.0,0.046875,74.75
1161,-24.175520285153503,0.13754575648202563,1.0,0.125,74.875
1162,-24.175539127667204,0.1385608703085352,1.0,0.015625,74.890625
1163,-24.175563054337164,0.13819549065132025,1.0,0.0625,74.953125
1164,-24.17557813479852,0.13752041456311317,1.0,0.09375,75.046875
1165,-24.17559768468578,0.13617399685043882,1.0,0.125,75.171875
1166,-24.17561837146338,0.13687504974944548,1.0,0.09375,75.265625
1167,-24.1756396446185,0.13764768362269605,1.0,0.078125,75.34375
1168,-24.175655620819352,0.1356337518076268,1.0,0.078125,75.421875
1169,-24.1756734453287,0.13552468957211838,1.0,0.0625,75.484375
1170,-24.175696122613402,0.1345757558754544,1.0,0.0625,75.546875
1171,-24.17571318671224,0.13432368891426077,1.0,0.015625,75.5625
1172,-24.175732841749547,0.13475028906663575,1.0,0.125,75.6875
1173,-24.17575173366188,0.13385979908631596,1.0,0.0,75.6875
1174,-24.175770138029073,0.13508710776325675,1.0,0.078125,75.765625
1175,-24.17578894739682,0.13447255499563668,1.0,0.0,75.765625
1176,-24.17581041655304,0.13446413881091324,1.0,0.25,76.015625
1177,-24.175831955299344,0.13534584703844785,1.0,0.140625,76.15625
1178,-24.175849075272726,0.13382840342711078,1.0,0.140625,76.296875
1179,-24.175869909429725,0.13406852153282287,1.0,0.140625,76.4375
1180,-24.17588926568276,0.13291985242540214,1.0,0.140625,76.578125
1181,-24.175908544958283,0.13291763002860013,1.0,0.0,76.578125
1182,-24.17592557603128,0.13309740060883216,1.0,0.046875,76.625
1183,-24.175943454735066,0.1324882135472663,1.0,0.09375,76.71875
1184,-24.175966361475417,0.13249835630247275,1.0,0.03125,76.75
1185,-24.175981692568403,0.13150814511236028,1.0,0.03125,76.78125
1186,-24.176002837325274,0.1315643567399846,1.0,0.046875,76.828125
1187,-24.176021206738792,0.13067334269673508,1.0,0.0625,76.890625
1188,-24.176040281378025,0.12875167035147933,1.0,0.0625,76.953125
1189,-24.17606078661582,0.12952251449211444,1.0,0.03125,76.984375
1190,-24.176078444149532,0.12937934746452096,1.0,0.0625,77.046875
1191,-24.17609416637879,0.12889683729152865,1.0,0.046875,77.09375
1192,-24.1761116134036,0.128824511007815,1.0,0.03125,77.125
1193,-24.176130103259627,0.1280319214404773,1.0,0.03125,77.15625
1194,-24.176152359808388,0.1280582220099399,1.0,0.03125,77.1875
1195,-24.17616653779934,0.12765154566382889,1.0,0.046875,77.234375
1196,-24.176184927787528,0.1264598541737626,1.0,0.140625,77.375
1197,-24.176201247226672,0.1261902493195147,1.0,0.078125,77.453125
1198,-24.176215608745245,0.1258239352872956,1.0,0.0,77.453125
1199,-24.176232462012944,0.1253941926034052,1.0,0.03125,77.484375
1200,-24.176252998342864,0.12422018697695301,1.0,0.140625,77.625
1201,-24.176269685748128,0.12569705333809036,1.0,0.03125,77.65625
1202,-24.176284423602873,0.1268332243838899,1.0,0.03125,77.6875
1203,-24.176302549932732,0.12490811478741601,1.0,0.03125,77.71875
1204,-24.176320500494466,0.12457212338282293,1.0,0.03125,77.75
1205,-24.176338848543043,0.12378867110120621,1.0,0.03125,77.78125
1206,-24.176351916074214,0.12301329404402744,1.0,0.03125,77.8125
1207,-24.176367261466968,0.12202040026803593,1.0,0.046875,77.859375
1208,-24.17638487158842,0.12187517115625601,1.0,0.0625,77.921875
1209,-24.176401125846994,0.11981562059067617,1.0,0.03125,77.953125
1210,-24.176418751687695,0.12109289140496575,1.0,0.03125,77.984375
1211,-24.176435660923488,0.12038810920006966,1.0,0.046875,78.03125
1212,-24.176451837294216,0.11952939306392171,1.0,0.03125,78.0625
1213,-24.17646567953992,0.11904466825751425,1.0,0.03125,78.09375
1214,-24.176479589066407,0.11983493328604322,1.0,0.03125,78.125
1215,-24.176493014642396,0.12041479985360098,1.0,0.109375,78.234375
1216,-24.176508937718832,0.11917962336874477,1.0,0.140625,78.375
1217,-24.17652431891519,0.11744617959240645,1.0,0.03125,78.40625
1218,-24.176535099996794,0.11768748487331983,1.0,0.03125,78.4375
1219,-24.17655001413465,0.11764461251392713,1.0,0.03125,78.46875
1220,-24.176564326512075,0.11759555850472776,1.0,0.03125,78.5
1221,-24.176578052796337,0.11635603493318239,1.0,0.046875,78.546875
1222,-24.176591641345762,0.11567479241681056,1.0,0.03125,78.578125
1223,-24.176605748159712,0.114902665494973,1.0,0.046875,78.625
1224,-24.17662212440588,0.11530245546446549,1.0,0.0625,78.6875
1225,-24.17663433861486,0.11582585814438494,1.0,0.03125,78.71875
1226,-24.176647100844892,0.11511997507255382,1.0,0.03125,78.75
1227,-24.176662318300927,0.11379522025144813,1.0,0.046875,78.796875
1228,-24.1766751739904,0.11503733577314947,1.0,0.0625,78.859375
1229,-24.17668910786393,0.11482628731686127,1.0,0.046875,78.90625
1230,-24.176701987850922,0.11405179428901312,1.0,0.03125,78.9375
1231,-24.176713291125765,0.11396226269889373,1.0,0.03125,78.96875
1232,-24.176730468226037,0.1144880635552716,1.0,0.125,79.09375
1233,-24.17674511782205,0.11311198257208047,1.0,0.0625,79.15625
1234,-24.17675752362727,0.11504753886255273,1.0,0.015625,79.171875
1235,-24.176771294715476,0.11627123096550315,1.0,0.078125,79.25
1236,-24.17678668780584,0.11458378745551674,1.0,0.046875,79.296875
1237,-24.17680021553244,0.11405225560030671,1.0,0.015625,79.3125
1238,-24.17681419660566,0.11433249326410802,1.0,0.015625,79.328125
1239,-24.176830454689533,0.11268025319697697,1.0,0.140625,79.46875
1240,-24.176845476022866,0.11314385526807214,1.0,0.125,79.59375
1241,-24.176863512794682,0.11309563398727607,1.0,0.0,79.59375
1242,-24.17687415946887,0.11296219557933646,1.0,0.046875,79.640625
1243,-24.176889293853947,0.1128487650374306,1.0,0.03125,79.671875
1244,-24.17690375157661,0.11124481787964807,1.0,0.046875,79.71875
1245,-24.176922416047113,0.11078134643818276,1.0,0.078125,79.796875
1246,-24.176931634038088,0.11152585124072266,1.0,0.03125,79.828125
1247,-24.176945080148922,0.11059022302538163,1.0,0.03125,79.859375
1248,-24.176958441856073,0.11118707716686148,1.0,0.046875,79.90625
1249,-24.17697161970907,0.11153290277174732,1.0,0.03125,79.9375
1250,-24.17698656320472,0.1090473550398857,1.0,0.0625,80.0
1251,-24.176996984443196,0.10876250084994997,1.0,0.0625,80.0625
1252,-24.177007408289615,0.10873115818267676,1.0,0.046875,80.109375
1253,-24.177017410180685,0.10887698731970684,1.0,0.03125,80.140625
1254,-24.177029432672416,0.10769482459821932,1.0,0.078125,80.21875
1255,-24.177042051862266,0.10717237202064964,1.0,0.09375,80.3125
1256,-24.177052686561357,0.10681471671614773,1.0,0.046875,80.359375
1257,-24.177064883898463,0.10694275869161805,1.0,0.03125,80.390625
1258,-24.17707620107816,0.1065527661935103,1.0,0.03125,80.421875
1259,-24.177086777478298,0.10608993553496177,1.0,0.03125,80.453125
1260,-24.177098462020545,0.10520398365518877,1.0,0.03125,80.484375
1261,-24.17711081280092,0.104957329554221,1.0,0.03125,80.515625
1262,-24.17711874198677,0.10505602739660913,1.0,0.03125,80.546875
1263,-24.177133616661,0.10379569051731334,1.0,0.0625,80.609375
1264,-24.17714396130562,0.1045081615043092,1.0,0.03125,80.640625
1265,-24.17715569092265,0.10465877490980126,1.0,0.03125,80.671875
1266,-24.177165920453653,0.10385538552460429,1.0,0.0625,80.734375
1267,-24.177175893001195,0.10369082292367765,1.0,0.03125,80.765625
1268,-24.177185836035004,0.10382159956570786,1.0,0.03125,80.796875
1269,-24.177197683577702,0.10363737735721726,1.0,0.03125,80.828125
1270,-24.177211540923732,0.10403914843612329,1.0,0.03125,80.859375
1271,-24.177221887985063,0.10288544706878085,1.0,0.03125,80.890625
1272,-24.177232777544894,0.10202721068088275,1.0,0.03125,80.921875
1273,-24.177243336991218,0.10079030440738512,1.0,0.03125,80.953125
1274,-24.177256425316553,0.10246536214864435,1.0,0.03125,80.984375
1275,-24.17726806079949,0.10252033628030557,1.0,0.0625,81.046875
1276,-24.177282958231835,0.10051683186509769,1.0,0.046875,81.09375
1277,-24.17729242893078,0.09994706851166484,1.0,0.15625,81.25
1278,-24.17730360923421,0.10112145694016783,1.0,0.0625,81.3125
1279,-24.177317403358096,0.10119957699686426,1.0,0.046875,81.359375
1280,-24.177328435824794,0.10150086240342701,1.0,0.03125,81.390625
1281,-24.177335424147614,0.10079197739388901,1.0,0.03125,81.421875
1282,-24.177346464051716,0.1010122981637664,1.0,0.03125,81.453125
1283,-24.177358740586833,0.10069863458959306,1.0,0.015625,81.46875
1284,-24.177369605315775,0.10081198638732818,1.0,0.03125,81.5
1285,-24.177377292235526,0.09934939789086321,1.0,0.125,81.625
1286,-24.17738789698718,0.09937143517497198,1.0,0.0625,81.6875
1287,-24.177397068610635,0.09926417285042917,1.0,0.046875,81.734375
1288,-24.177406488347717,0.10050109430880266,1.0,0.03125,81.765625
1289,-24.17741622260178,0.10085060236040935,1.0,0.03125,81.796875
1290,-24.177426571391536,0.1005082904732576,1.0,0.046875,81.84375
1291,-24.177436514292772,0.09993130590223177,1.0,0.1875,82.03125
1292,-24.177447725475638,0.09967454469427381,1.0,0.109375,82.140625
1293,-24.17745788425271,0.0993163762025546,1.0,0.03125,82.171875
1294,-24.17746838573569,0.09983546010822732,1.0,0.15625,82.328125
1295,-24.17747819109997,0.09980364743062688,1.0,0.03125,82.359375
1296,-24.177489586109143,0.09952543350459882,1.0,0.046875,82.40625
1297,-24.17750186823339,0.09931938666171608,1.0,0.046875,82.453125
1298,-24.17751259165414,0.09872672548788579,1.0,0.046875,82.5
1299,-24.177523661294146,0.0975097487592995,1.0,0.03125,82.53125
1300,-24.177534495733816,0.09708481520202551,1.0,0.140625,82.671875
1301,-24.177546036802514,0.09678577894185703,1.0,0.03125,82.703125
1302,-24.17755519061673,0.0968206362986375,1.0,0.03125,82.734375
1303,-24.177567276449434,0.0965360592208744,1.0,0.03125,82.765625
1304,-24.177577910547168,0.09558692212305435,1.0,0.046875,82.8125
1305,-24.177589075624095,0.09592659940082837,1.0,0.171875,82.984375
1306,-24.17760016735402,0.09534888477788465,1.0,0.09375,83.078125
1307,-24.177609822864685,0.0945411527990682,1.0,0.03125,83.109375
1308,-24.17761878231231,0.09383433628238992,1.0,0.125,83.234375
1309,-24.177627148522156,0.09376736569365755,1.0,0.03125,83.265625
1310,-24.1776344385234,0.09396071397168487,1.0,0.03125,83.296875
1311,-24.177642970391783,0.09342643710439523,1.0,0.140625,83.4375
1312,-24.1776526664961,0.09521862297034618,1.0,0.03125,83.46875
1313,-24.177660377851517,0.0942643453753423,1.0,0.046875,83.515625
1314,-24.17766985204816,0.09327958758725753,1.0,0.109375,83.625
1315,-24.177679185342235,0.09295080233351798,1.0,0.125,83.75
1316,-24.17769020189642,0.09280891043552676,1.0,0.015625,83.765625
1317,-24.177699719256648,0.0924182223942873,1.0,0.125,83.890625
1318,-24.177709454785646,0.09287829619606715,1.0,0.0625,83.953125
1319,-24.177716514130353,0.0925593248488624,1.0,0.078125,84.03125
1320,-24.17772638379848,0.09242735742514605,1.0,0.03125,84.0625
1321,-24.17773539585087,0.09134627327694274,1.0,0.078125,84.140625
1322,-24.177744751115192,0.09185831724242775,1.0,0.046875,84.1875
1323,-24.177752440075018,0.09146895939121603,1.0,0.046875,84.234375
1324,-24.177761520182962,0.09036634490852534,1.0,0.078125,84.3125
1325,-24.17777173717587,0.08900757916273183,1.0,0.125,84.4375
1326,-24.177779507041027,0.08833904091807782,1.0,0.109375,84.546875
1327,-24.177787947755522,0.08836202610096434,1.0,0.046875,84.59375
1328,-24.177794687273487,0.08834425209144726,1.0,0.0625,84.65625
1329,-24.17780260348803,0.08774262799615411,1.0,0.109375,84.765625
1330,-24.177810142551337,0.08856105538463954,1.0,0.078125,84.84375
1331,-24.177817883586712,0.0875580335647257,1.0,0.046875,84.890625
1332,-24.17782704269647,0.08745442864412799,1.0,0.046875,84.9375
1333,-24.17783455708652,0.08719306317039906,1.0,0.046875,84.984375
1334,-24.177841916968205,0.08718596838110458,1.0,0.046875,85.03125
1335,-24.177849756315172,0.08765840339988125,1.0,0.1875,85.21875
1336,-24.177859665801634,0.08741212029557903,1.0,0.078125,85.296875
1337,-24.17786911362677,0.08773430371208389,1.0,0.09375,85.390625
1338,-24.177877418699406,0.08682112697302374,1.0,0.09375,85.484375
1339,-24.17788529868039,0.08620469034796895,1.0,0.046875,85.53125
1340,-24.177892574430594,0.08673349527418245,1.0,0.109375,85.640625
1341,-24.177901823918685,0.08657865390702225,1.0,0.0625,85.703125
1342,-24.177909307781878,0.08517138559966088,1.0,0.09375,85.796875
1343,-24.17791750726447,0.08407232881869374,1.0,0.09375,85.890625
1344,-24.177926325406602,0.08473520824236568,1.0,0.140625,86.03125
1345,-24.177934701199135,0.08311957043184767,1.0,0.0625,86.09375
1346,-24.17793977725097,0.08364403486530932,1.0,0.0625,86.15625
1347,-24.177948449207076,0.08357965415353678,1.0,0.078125,86.234375
1348,-24.177955127136727,0.08381177485732852,1.0,0.0625,86.296875
1349,-24.177965185163405,0.0834891251632245,1.0,0.046875,86.34375
1350,-24.177972239027277,0.08283739496887817,1.0,0.078125,86.421875
1351,-24.177979122081073,0.08295093095852685,1.0,0.046875,86.46875
1352,-24.177984916285393,0.08322492373996447,1.0,0.078125,86.546875
1353,-24.177992315172524,0.08404191844096251,1.0,0.046875,86.59375
1354,-24.178000667911828,0.08292002593241438,1.0,0.15625,86.75
1355,-24.17800877469207,0.08366206142980905,1.0,0.09375,86.84375
1356,-24.178014347451576,0.08304336379963827,1.0,0.0625,86.90625
1357,-24.178021846591555,0.08253699194729096,1.0,0.0625,86.96875
1358,-24.17802842467541,0.08331009330762294,1.0,0.0625,87.03125
1359,-24.17803516211239,0.08257359324994874,1.0,0.125,87.15625
1360,-24.178041704368848,0.08207282125877376,1.0,0.0625,87.21875
1361,-24.178048137127316,0.08144986428333793,1.0,0.0625,87.28125
1362,-24.178054556968885,0.08150357570956397,1.0,0.0625,87.34375
1363,-24.17806261867237,0.08062782405174639,1.0,0.046875,87.390625
1364,-24.17807024024644,0.08090104790603579,1.0,0.15625,87.546875
1365,-24.178078078665536,0.08059197931051468,1.0,0.125,87.671875
1366,-24.178084411755695,0.07967583629646939,1.0,0.109375,87.78125
1367,-24.178089555204625,0.07960639504837548,1.0,0.09375,87.875
1368,-24.17809505771349,0.0802102495058887,1.0,0.15625,88.03125
1369,-24.17810229771947,0.08022804058201842,1.0,0.125,88.15625
1370,-24.178108722365238,0.0797090288175159,1.0,0.03125,88.1875
1371,-24.178116488201326,0.07997715685184875,1.0,0.09375,88.28125
1372,-24.17812166232485,0.08022934822200005,1.0,0.078125,88.359375
1373,-24.178127262825182,0.07998702391993308,1.0,0.125,88.484375
1374,-24.17813328506049,0.07955421692637805,1.0,0.109375,88.59375
1375,-24.178140217866748,0.07982627908044938,1.0,0.03125,88.625
1376,-24.17814632042577,0.07882312763336835,1.0,0.0625,88.6875
1377,-24.1781534672702,0.07882984950512623,1.0,0.109375,88.796875
1378,-24.17815911104529,0.07855854491995756,1.0,0.03125,88.828125
1379,-24.17816581661836,0.07755901724192836,1.0,0.15625,88.984375
1380,-24.178172528658973,0.07830452229137765,1.0,0.03125,89.015625
1381,-24.178180846168768,0.07763420209933967,1.0,0.078125,89.09375
1382,-24.178187534243847,0.07890805757437218,1.0,0.109375,89.203125
1383,-24.17819429744484,0.07857945825633501,1.0,0.03125,89.234375
1384,-24.1782017627333,0.07850385023003185,1.0,0.125,89.359375
1385,-24.178209680983667,0.07773602809861542,1.0,0.03125,89.390625
1386,-24.17821690758833,0.07806886819988822,1.0,0.109375,89.5
1387,-24.17822356725877,0.07748157346305977,1.0,0.03125,89.53125
1388,-24.178228344852005,0.07723561067669368,1.0,0.140625,89.671875
1389,-24.17823594406436,0.07670256538608372,1.0,0.03125,89.703125
1390,-24.178243002722393,0.0768136854041623,1.0,0.046875,89.75
1391,-24.17824901559402,0.07665558368002677,1.0,0.15625,89.90625
1392,-24.178256964718862,0.07768837074796353,1.0,0.0625,89.96875
1393,-24.17826343739452,0.07638204692883134,1.0,0.03125,90.0
1394,-24.178269250269484,0.07626062619085301,1.0,0.03125,90.03125
1395,-24.178274877799087,0.0761292630426238,1.0,0.03125,90.0625
1396,-24.17828284204021,0.07563738427073245,1.0,0.0625,90.125
1397,-24.178288434173542,0.07553435326256291,1.0,0.09375,90.21875
1398,-24.17829462821345,0.075382667622715,1.0,0.0625,90.28125
1399,-24.178300318460355,0.07445067842418801,1.0,0.0625,90.34375
1400,-24.178306424981916,0.07386388503111811,1.0,0.03125,90.375
1401,-24.178313170692952,0.07424835270227778,1.0,0.078125,90.453125
1402,-24.178319538626113,0.07422368289362598,1.0,0.125,90.578125
1403,-24.17832376192507,0.07446521581044038,1.0,0.03125,90.609375
1404,-24.17833096911817,0.07420315613623224,1.0,0.03125,90.640625
1405,-24.178335667732412,0.07404078379445284,1.0,0.03125,90.671875
1406,-24.178343098019074,0.07361466733980318,1.0,0.046875,90.71875
1407,-24.178347587596594,0.07359592113731395,1.0,0.046875,90.765625
1408,-24.178352498762173,0.07403074210355409,1.0,0.03125,90.796875
1409,-24.178358828957847,0.07355420564688854,1.0,0.046875,90.84375
1410,-24.178364478910193,0.07387778487488332,1.0,0.03125,90.875
1411,-24.17837031871357,0.07336748946742365,1.0,0.109375,90.984375
1412,-24.17837433351423,0.07277994817696323,1.0,0.046875,91.03125
1413,-24.17837925021492,0.07297816016452877,1.0,0.25,91.28125
1414,-24.17838649205737,0.07256756305780011,1.0,0.140625,91.421875
1415,-24.178391483261983,0.07285866871467561,1.0,0.03125,91.453125
1416,-24.17839830584918,0.07282749061515513,1.0,0.03125,91.484375
1417,-24.17840380667596,0.0728306570700907,1.0,0.03125,91.515625
1418,-24.17841028814606,0.07221400064166705,1.0,0.03125,91.546875
1419,-24.17841605997681,0.0716728708302248,1.0,0.03125,91.578125
1420,-24.17842017967906,0.07138880301152024,1.0,0.140625,91.71875
1421,-24.178425264371132,0.07173854799794593,1.0,0.140625,91.859375
1422,-24.178430281273517,0.07091897008468992,1.0,0.03125,91.890625
1423,-24.178437385841242,0.07124125188708991,1.0,0.03125,91.921875
1424,-24.178443310720517,0.07119536072087815,1.0,0.140625,92.0625
1425,-24.17844899070953,0.0718146245712426,1.0,0.03125,92.09375
1426,-24.17845492830814,0.07065786658769754,1.0,0.015625,92.109375
1427,-24.178459350063967,0.07017015552649997,1.0,0.03125,92.140625
1428,-24.17846404883253,0.07053974968307865,1.0,0.03125,92.171875
1429,-24.17846855375574,0.07041110123472494,1.0,0.046875,92.21875
1430,-24.178473507001936,0.06924273608951914,1.0,0.0625,92.28125
1431,-24.178478514313845,0.06984028971028185,1.0,0.140625,92.421875
1432,-24.178483114607857,0.0696075577842548,1.0,0.140625,92.5625
1433,-24.178488249818386,0.06969284939604241,1.0,0.03125,92.59375
1434,-24.178494081826777,0.06924274543457574,1.0,0.03125,92.625
1435,-24.17849874750036,0.06894467969057286,1.0,0.03125,92.65625
1436,-24.178503066271766,0.06922634092480866,1.0,0.03125,92.6875
1437,-24.178508359947035,0.06944667975084122,1.0,0.0625,92.75
1438,-24.178512484884493,0.06923180675346116,1.0,0.046875,92.796875
1439,-24.178518103734508,0.06871654162380873,1.0,0.140625,92.9375
1440,-24.178524089304343,0.06868577159708344,1.0,0.125,93.0625
1441,-24.17852956386068,0.06819815287974121,1.0,0.03125,93.09375
1442,-24.178534811178338,0.06764092138592616,1.0,0.03125,93.125
1443,-24.178540522860427,0.0681975984800548,1.0,0.03125,93.15625
1444,-24.17854510730037,0.06811715129045962,1.0,0.046875,93.203125
1445,-24.178549137412194,0.0674508194316412,1.0,0.0625,93.265625
1446,-24.1785527680475,0.06700683156792166,1.0,0.03125,93.296875
1447,-24.178557556170375,0.06694330297067294,1.0,0.03125,93.328125
1448,-24.178562838861094,0.06784048645658315,1.0,0.03125,93.359375
1449,-24.178567822028082,0.06724901542937743,1.0,0.03125,93.390625
1450,-24.178573324394755,0.06658529507869959,1.0,0.140625,93.53125
1451,-24.178577945012673,0.06662719475143646,1.0,0.078125,93.609375
1452,-24.178583079042777,0.06675460277723111,1.0,0.078125,93.6875
1453,-24.17858886475418,0.06605463683636832,1.0,0.140625,93.828125
1454,-24.17859213405866,0.06567319479957087,1.0,0.109375,93.9375
1455,-24.17859546947634,0.06482074202164083,1.0,0.140625,94.078125
1456,-24.17859936466435,0.06549539801943617,1.0,0.03125,94.109375
1457,-24.178604382969276,0.06494053454195128,1.0,0.15625,94.265625
1458,-24.17861006801745,0.06507603473951237,1.0,0.015625,94.28125
1459,-24.17861397307995,0.06443221507145713,1.0,0.09375,94.375
1460,-24.17861862111555,0.06539125430931891,1.0,0.03125,94.40625
1461,-24.17862352538078,0.06487578421275225,1.0,0.09375,94.5
1462,-24.178628159638773,0.06435592681456975,1.0,0.046875,94.546875
1463,-24.178632789092976,0.0644767914503651,1.0,0.140625,94.6875
1464,-24.178637113536222,0.06393725278357298,1.0,0.140625,94.828125
1465,-24.17864182970316,0.06414205443372467,1.0,0.046875,94.875
1466,-24.178646374309956,0.06372739065071802,1.0,0.03125,94.90625
1467,-24.178650504981103,0.06363988144333958,1.0,0.03125,94.9375
1468,-24.17865432810467,0.06279273170349559,1.0,0.046875,94.984375
1469,-24.17865790714575,0.061900502104424666,1.0,0.125,95.109375
1470,-24.1786625849308,0.061659947287112986,1.0,0.0625,95.171875
1471,-24.1786667669836,0.061398534208457464,1.0,0.03125,95.203125
1472,-24.178670630718884,0.06088240305508447,1.0,0.0625,95.265625
1473,-24.17867487868535,0.06073569517839172,1.0,0.078125,95.34375
1474,-24.178678651686255,0.06038339113009013,1.0,0.046875,95.390625
1475,-24.178681847734993,0.0605883308771626,1.0,0.015625,95.40625
1476,-24.17868542988824,0.06022860444011852,1.0,0.03125,95.4375
1477,-24.178690690990337,0.05999915240744119,1.0,0.046875,95.484375
1478,-24.178694019688624,0.06059180078640698,1.0,0.046875,95.53125
1479,-24.178698055523018,0.06013838704921392,1.0,0.046875,95.578125
1480,-24.17870202521107,0.06021207289064165,1.0,0.109375,95.6875
1481,-24.17870590186856,0.06040327345839245,1.0,0.046875,95.734375
1482,-24.178710383917384,0.06030102951181857,1.0,0.03125,95.765625
1483,-24.178714752504998,0.0599307157039863,1.0,0.0625,95.828125
1484,-24.178717645318628,0.05987821796280793,1.0,0.15625,95.984375
1485,-24.17872130678244,0.059284769498938336,1.0,0.140625,96.125
1486,-24.178725236221076,0.059266940013618596,1.0,0.140625,96.265625
1487,-24.178728517662122,0.058899182856338585,1.0,0.03125,96.296875
1488,-24.178731423845,0.05852923174104643,1.0,0.03125,96.328125
1489,-24.178735254240962,0.0581677654780622,1.0,0.03125,96.359375
1490,-24.17873819138942,0.05836149165155949,1.0,0.03125,96.390625
1491,-24.178740951283313,0.058585628460806845,1.0,0.171875,96.5625
1492,-24.178744368663992,0.058461681307945323,1.0,0.0625,96.625
1493,-24.17874749512621,0.058186656001857545,1.0,0.03125,96.65625
1494,-24.178750807758448,0.05814345163527961,1.0,0.046875,96.703125
1495,-24.17875369778171,0.05773043645156362,1.0,0.078125,96.78125
1496,-24.17875705670454,0.05810875180820194,1.0,0.03125,96.8125
1497,-24.17876124150284,0.05772360246962928,1.0,0.015625,96.828125
1498,-24.178764976019888,0.0569268411260044,1.0,0.15625,96.984375
1499,-24.178768313504698,0.057198922891142354,1.0,0.125,97.109375
1500,-24.178771423111378,0.05711869836488897,1.0,0.078125,97.1875
1501,-24.178775370548898,0.05648346341525197,1.0,0.140625,97.328125
1502,-24.178779584637798,0.056455084265180575,1.0,0.15625,97.484375
1503,-24.178783260980236,0.05702216005124457,1.0,0.03125,97.515625
1504,-24.178787030726323,0.056279302538179594,1.0,0.15625,97.671875
1505,-24.178789846673407,0.056077708771365545,1.0,0.03125,97.703125
1506,-24.17879335615613,0.0569045429850077,1.0,0.140625,97.84375
1507,-24.178797312608634,0.05687064269366834,1.0,0.0625,97.90625
1508,-24.178800191799915,0.05670913955296162,1.0,0.046875,97.953125
1509,-24.178804053361453,0.05626111109994128,1.0,0.0625,98.015625
1510,-24.178807518718536,0.05582132619684346,1.0,0.109375,98.125
1511,-24.178811634121715,0.055218413316947074,1.0,0.140625,98.265625
1512,-24.178815532860288,0.055596685403540146,1.0,0.046875,98.3125
1513,-24.17881894046676,0.05513086160724067,1.0,0.03125,98.34375
1514,-24.17882203768332,0.05554773009099827,1.0,0.046875,98.390625
1515,-24.178824877798377,0.0555301908217536,1.0,0.03125,98.421875
1516,-24.17882775530411,0.05498040112687157,1.0,0.15625,98.578125
1517,-24.178831816249318,0.05556087499557492,1.0,0.140625,98.71875
1518,-24.178835529040782,0.05468412006576613,1.0,0.03125,98.75
1519,-24.178839026996492,0.054461625109425406,1.0,0.046875,98.796875
1520,-24.17884239110414,0.05465964914748864,1.0,0.125,98.921875
1521,-24.178845804202037,0.0543120413603908,1.0,0.03125,98.953125
1522,-24.17884825881727,0.05439672472915669,1.0,0.046875,99.0
1523,-24.178851260367374,0.054146890376444476,1.0,0.140625,99.140625
1524,-24.17885415153389,0.053781832175906596,1.0,0.03125,99.171875
1525,-24.178857868558385,0.05405664934895834,1.0,0.0625,99.234375
1526,-24.1788608019023,0.053658271629137694,1.0,0.125,99.359375
1527,-24.17886409281401,0.05332005090396117,1.0,0.03125,99.390625
1528,-24.178866843700636,0.05380676885826181,1.0,0.046875,99.4375
1529,-24.178869921545296,0.05310523636440078,1.0,0.0625,99.5
1530,-24.17887254652497,0.05361793567503809,1.0,0.0625,99.5625
1531,-24.178876167181215,0.053441859300754256,1.0,0.09375,99.65625
1532,-24.178879826274798,0.05305709175130774,1.0,0.109375,99.765625
1533,-24.17888344162751,0.05293691868319007,1.0,0.046875,99.8125
1534,-24.17888569139292,0.05207537170114053,1.0,0.15625,99.96875
1535,-24.178888241467988,0.051944557730769274,1.0,0.03125,100.0
1536,-24.178891111100004,0.05239024210469124,1.0,0.171875,100.171875
1537,-24.178893800939576,0.0520267837010135,1.0,0.046875,100.21875
1538,-24.178896157480164,0.0521935870769453,1.0,0.0625,100.28125
1539,-24.17889897732133,0.05199791183762662,1.0,0.03125,100.3125
1540,-24.17890222341415,0.0511764078246189,1.0,0.03125,100.34375
1541,-24.17890503977965,0.05094354788993364,1.0,0.03125,100.375
1542,-24.178907627314363,0.050666221630903875,1.0,0.09375,100.46875
1543,-24.178910642580178,0.050237918307171316,1.0,0.140625,100.609375
1544,-24.17891402288749,0.05002049574708368,1.0,0.0625,100.671875
1545,-24.178917628663797,0.05019217430525532,1.0,0.03125,100.703125
1546,-24.178919991173355,0.05037632399812031,1.0,0.03125,100.734375
1547,-24.178922850663533,0.05018780709735819,1.0,0.046875,100.78125
1548,-24.17892597598964,0.0500421510601882,1.0,0.0625,100.84375
1549,-24.1789289430108,0.0494702106234821,1.0,0.03125,100.875
1550,-24.17893101427636,0.04895431326751974,1.0,0.15625,101.03125
1551,-24.178933672550432,0.048448732222481035,1.0,0.046875,101.078125
1552,-24.178936293578023,0.04824431740949098,1.0,0.03125,101.109375
1553,-24.17893880392287,0.04875294696296769,1.0,0.046875,101.15625
1554,-24.178940726558356,0.049200518901577235,1.0,0.03125,101.1875
1555,-24.178943124774953,0.049069979051492914,1.0,0.03125,101.21875
1556,-24.17894539616639,0.04873891811826008,1.0,0.0625,101.28125
1557,-24.17894765225765,0.04816713304173704,1.0,0.140625,101.421875
1558,-24.17894997743284,0.0480562030513394,1.0,0.03125,101.453125
1559,-24.17895201061452,0.048333612339624195,1.0,0.0625,101.515625
1560,-24.17895458026097,0.048042076144414546,1.0,0.09375,101.609375
1561,-24.17895647364103,0.04758553903979382,1.0,0.140625,101.75
1562,-24.178958422857715,0.04721358422278647,1.0,0.140625,101.890625
1563,-24.17896078552509,0.04698434603947779,1.0,0.140625,102.03125
1564,-24.178963417652273,0.046701825030561764,1.0,0.140625,102.171875
1565,-24.178966536498525,0.047632491081662336,1.0,0.0625,102.234375
1566,-24.178968751733105,0.04763120978133889,1.0,0.0625,102.296875
1567,-24.178970699983715,0.04780764542830626,1.0,0.03125,102.328125
1568,-24.178973287158072,0.04822682303571215,1.0,0.03125,102.359375
1569,-24.178975188369616,0.04828844330897774,1.0,0.046875,102.40625
1570,-24.178977448396488,0.04778253763469838,1.0,0.140625,102.546875
1571,-24.178980351109537,0.047840471263250195,1.0,0.03125,102.578125
1572,-24.17898295349913,0.04708590159970456,1.0,0.078125,102.65625
1573,-24.178986110547207,0.046165449257648844,1.0,0.03125,102.6875
1574,-24.17898888383031,0.0463318161246064,1.0,0.046875,102.734375
1575,-24.17899081702125,0.04667322856264188,1.0,0.046875,102.78125
1576,-24.178993179737763,0.04670361849542367,1.0,0.0625,102.84375
1577,-24.178995640924935,0.04672499873602206,1.0,0.0625,102.90625
1578,-24.178997850301382,0.04687487000655778,1.0,0.25,103.15625
1579,-24.178999718506827,0.04678499385608576,1.0,0.03125,103.1875
1580,-24.179001372427514,0.04680191769988139,1.0,0.046875,103.234375
1581,-24.179004094065256,0.04658225608085781,1.0,0.125,103.359375
1582,-24.179006214560996,0.046631216741833834,1.0,0.046875,103.40625
1583,-24.179008781573913,0.04609382816105293,1.0,0.03125,103.4375
1584,-24.179011305904652,0.04593727577534337,1.0,0.03125,103.46875
1585,-24.179013845819835,0.04606110719973748,1.0,0.03125,103.5
1586,-24.179016307560854,0.04633464897659708,1.0,0.03125,103.53125
1587,-24.17901901409036,0.046270183232545434,1.0,0.203125,103.734375
1588,-24.179021651520973,0.04620702369988406,1.0,0.03125,103.765625
1589,-24.17902363707377,0.04633097157949255,1.0,0.03125,103.796875
1590,-24.179026241924205,0.04628872959189442,1.0,0.140625,103.9375
1591,-24.179028303061358,0.04555864995670699,1.0,0.0625,104.0
1592,-24.179030640742187,0.04539121174162045,1.0,0.046875,104.046875
1593,-24.179033115297763,0.044638050655346956,1.0,0.03125,104.078125
1594,-24.1790352324573,0.04462737805781076,1.0,0.03125,104.109375
1595,-24.17903791242092,0.04506535474713415,1.0,0.140625,104.25
1596,-24.179039878200854,0.04510727892682576,1.0,0.03125,104.28125
1597,-24.179041847940574,0.045688923020514395,1.0,0.046875,104.328125
1598,-24.179043727749182,0.04463922939123188,1.0,0.03125,104.359375
1599,-24.179046189956264,0.044231210103427406,1.0,0.03125,104.390625
1600,-24.17904803095111,0.04434831881172927,1.0,0.140625,104.53125
1601,-24.179050165034198,0.04353318299908249,1.0,0.140625,104.671875
1602,-24.179051876825906,0.04357988945446455,1.0,0.125,104.796875
1603,-24.17905397102111,0.04260778667301313,1.0,0.03125,104.828125
1604,-24.179055797984233,0.042237569552084665,1.0,0.0625,104.890625
1605,-24.179057334568856,0.042515648862653806,1.0,0.03125,104.921875
1606,-24.179059335518488,0.04294711886090476,1.0,0.0625,104.984375
1607,-24.179061364278244,0.04334618903789501,1.0,0.046875,105.03125
1608,-24.179063395742595,0.043911958823012895,1.0,0.09375,105.125
1609,-24.179065904923135,0.043754959372187305,1.0,0.03125,105.15625
1610,-24.179068280118234,0.04370424228329381,1.0,0.03125,105.1875
1611,-24.179070218658474,0.04338703866141123,1.0,0.0625,105.25
1612,-24.179072247128833,0.043272032121346435,1.0,0.03125,105.28125
1613,-24.17907422888318,0.04331146316793692,1.0,0.046875,105.328125
1614,-24.179076446234994,0.043083026419140656,1.0,0.03125,105.359375
1615,-24.17907854822717,0.04230708011136569,1.0,0.03125,105.390625
1616,-24.179080102334517,0.04245825461285544,1.0,0.03125,105.421875
1617,-24.179082260339605,0.04229856520458179,1.0,0.03125,105.453125
1618,-24.179084470767474,0.04284269743134749,1.0,0.046875,105.5
1619,-24.17908651986005,0.043340205939239644,1.0,0.046875,105.546875
1620,-24.17908852976992,0.04314272968688156,1.0,0.046875,105.59375
1621,-24.179090229186965,0.04314812441612788,1.0,0.03125,105.625
1622,-24.179091865138574,0.0427709979848352,1.0,0.078125,105.703125
1623,-24.17909362183142,0.042715179082832636,1.0,0.09375,105.796875
1624,-24.17909515122717,0.042468201220548514,1.0,0.140625,105.9375
1625,-24.17909686915598,0.042409264886723884,1.0,0.140625,106.078125
1626,-24.179099213040523,0.04216783126107475,1.0,0.140625,106.21875
1627,-24.179101403019686,0.041682127464282424,1.0,0.078125,106.296875
1628,-24.179103009825077,0.04189978806435767,1.0,0.0625,106.359375
1629,-24.17910464594401,0.04142569983028906,1.0,0.03125,106.390625
1630,-24.17910658632506,0.041482117982656184,1.0,0.046875,106.4375
1631,-24.179108457115575,0.041505646371581,1.0,0.03125,106.46875
1632,-24.179110237925148,0.04124942436129115,1.0,0.125,106.59375
1633,-24.17911222851134,0.040861506917297785,1.0,0.125,106.71875
1634,-24.17911386448601,0.04026125848378668,1.0,0.125,106.84375
1635,-24.179115830297174,0.04073579602999503,1.0,0.03125,106.875
1636,-24.179117507889035,0.040735875988240106,1.0,0.109375,106.984375
1637,-24.179118907141355,0.040861265087232285,1.0,0.140625,107.125
1638,-24.179120759082608,0.040917826811420775,1.0,0.046875,107.171875
1639,-24.179122143857054,0.04068303897789516,1.0,0.03125,107.203125
1640,-24.179123721570708,0.04049703158233741,1.0,0.03125,107.234375
1641,-24.179125390534235,0.040203870159268344,1.0,0.125,107.359375
1642,-24.179127328503117,0.03975170007333633,1.0,0.03125,107.390625
1643,-24.179128908144655,0.03931045563702621,1.0,0.046875,107.4375
1644,-24.17913040104178,0.039305462212701946,1.0,0.140625,107.578125
1645,-24.17913193680856,0.03899946148120781,1.0,0.03125,107.609375
1646,-24.17913371135231,0.03888879395427446,1.0,0.046875,107.65625
1647,-24.17913486213897,0.038526922195060716,1.0,0.0625,107.71875
1648,-24.17913605076441,0.03890187880561408,1.0,0.15625,107.875
1649,-24.179137654966034,0.03856425289375942,1.0,0.03125,107.90625
1650,-24.17913887303477,0.03843445426346775,1.0,0.046875,107.953125
1651,-24.179140049240893,0.03863900946457132,1.0,0.046875,108.0
1652,-24.17914174632819,0.038258151394796054,1.0,0.0625,108.0625
1653,-24.179143041702766,0.0383415825020345,1.0,0.03125,108.09375
1654,-24.17914440526276,0.038646319378655494,1.0,0.0625,108.15625
1655,-24.17914591742123,0.038401047960040166,1.0,0.140625,108.296875
1656,-24.179147139952985,0.03789069389686201,1.0,0.125,108.421875
1657,-24.179148478325942,0.03735770163151336,1.0,0.046875,108.46875
1658,-24.179150188373654,0.037949070435899276,1.0,0.046875,108.515625
1659,-24.179151890443723,0.03837956776232651,1.0,0.140625,108.65625
1660,-24.17915335016064,0.03804179569933355,1.0,0.046875,108.703125
1661,-24.17915454997164,0.03755781634752745,1.0,0.03125,108.734375
1662,-24.179155886637673,0.037848597742722076,1.0,0.046875,108.78125
1663,-24.179157339256886,0.03778480082440289,1.0,0.21875,109.0
1664,-24.179158926300698,0.037692185100733126,1.0,0.140625,109.140625
1665,-24.179160207611208,0.03713810260007366,1.0,0.03125,109.171875
1666,-24.17916165808014,0.03715087913356614,1.0,0.046875,109.21875
1667,-24.17916329069034,0.036962382027099165,1.0,0.03125,109.25
1668,-24.17916511065918,0.036919961615338205,1.0,0.046875,109.296875
1669,-24.179166536322597,0.03727315742340545,1.0,0.140625,109.4375
1670,-24.179168209536858,0.03642711243189262,1.0,0.125,109.5625
1671,-24.17916980412881,0.03626197320319898,1.0,0.078125,109.640625
1672,-24.179171320962514,0.036734609421628095,1.0,0.046875,109.6875
1673,-24.1791728700806,0.03662700526593388,1.0,0.03125,109.71875
1674,-24.179174165132018,0.036833860269692945,1.0,0.03125,109.75
1675,-24.179175766582,0.036583923009267896,1.0,0.046875,109.796875
1676,-24.179177026516346,0.036629569980978154,1.0,0.03125,109.828125
1677,-24.179178135836082,0.03661398101563203,1.0,0.046875,109.875
1678,-24.179179596693903,0.03632415937432084,1.0,0.03125,109.90625
1679,-24.179181119344197,0.03651778537593382,1.0,0.03125,109.9375
1680,-24.179182487710552,0.0364056980200118,1.0,0.046875,109.984375
1681,-24.179183940789063,0.035886034109762675,1.0,0.140625,110.125
1682,-24.179185575150907,0.035762427146219467,1.0,0.125,110.25
1683,-24.179186620922092,0.03518680809021506,1.0,0.125,110.375
1684,-24.17918780156661,0.035459974601038405,1.0,0.03125,110.40625
1685,-24.17918911790003,0.03558917564608086,1.0,0.03125,110.4375
1686,-24.179190623609472,0.03496797832672461,1.0,0.03125,110.46875
1687,-24.179191960837645,0.03501498350284404,1.0,0.171875,110.640625
1688,-24.179193128669677,0.034919437281612495,1.0,0.140625,110.78125
1689,-24.17919475352626,0.03471980962456591,1.0,0.140625,110.921875
1690,-24.179195999755414,0.03507077397318361,1.0,0.140625,111.0625
1691,-24.17919758879923,0.034972285696473926,1.0,0.140625,111.203125
1692,-24.179199028727826,0.0351865121465239,1.0,0.140625,111.34375
1693,-24.179200314420804,0.0346588088938689,1.0,0.125,111.46875
1694,-24.179201562930178,0.03451828692320278,1.0,0.140625,111.609375
1695,-24.17920292229379,0.03402677396240542,1.0,0.03125,111.640625
1696,-24.17920437750736,0.03405331031281959,1.0,0.03125,111.671875
1697,-24.17920580363506,0.03436560382848349,1.0,0.046875,111.71875
1698,-24.1792070929565,0.034121208715805214,1.0,0.03125,111.75
1699,-24.17920854174876,0.034403581575023226,1.0,0.03125,111.78125
1700,-24.179209902144784,0.03437122784488584,1.0,0.03125,111.8125
1701,-24.1792109273539,0.03420457396006574,1.0,0.046875,111.859375
1702,-24.179212228211803,0.03422341373471963,1.0,0.046875,111.90625
1703,-24.179213413718717,0.03398940877397399,1.0,0.03125,111.9375
1704,-24.17921454436443,0.03383488153442112,1.0,0.046875,111.984375
1705,-24.179215839233052,0.033801865982878904,1.0,0.03125,112.015625
1706,-24.17921700110285,0.033887083886254575,1.0,0.109375,112.125
1707,-24.179217911598357,0.03413563195601796,1.0,0.140625,112.265625
1708,-24.179218954701142,0.034124659279535015,1.0,0.046875,112.3125
1709,-24.179219908184237,0.03395343178801721,1.0,0.03125,112.34375
1710,-24.1792215156867,0.033980869814313336,1.0,0.125,112.46875
1711,-24.179222866264663,0.03364701519323534,1.0,0.09375,112.5625
1712,-24.17922394956234,0.03342866308152055,1.0,0.03125,112.59375
1713,-24.179225128721672,0.03316176143562351,1.0,0.03125,112.625
1714,-24.17922651304098,0.032903027449572256,1.0,0.03125,112.65625
1715,-24.179227505575206,0.03284860394073941,1.0,0.03125,112.6875
1716,-24.17922841357273,0.03301828873910413,1.0,0.0625,112.75
1717,-24.17922947421546,0.03260683086579727,1.0,0.140625,112.890625
1718,-24.17923047297542,0.03310434920556041,1.0,0.109375,113.0
1719,-24.17923174846311,0.032885579511292805,1.0,0.03125,113.03125
1720,-24.179233103338195,0.03324016279468465,1.0,0.125,113.15625
1721,-24.17923400916656,0.03288129478337142,1.0,0.078125,113.234375
1722,-24.17923520614537,0.0326852624796242,1.0,0.03125,113.265625
1723,-24.17923661043387,0.03275715445356772,1.0,0.171875,113.4375
1724,-24.179237838484852,0.03294022769851271,1.0,0.125,113.5625
1725,-24.179238755440547,0.0324893634348363,1.0,0.078125,113.640625
1726,-24.17924002878356,0.03228141324633892,1.0,0.046875,113.6875
1727,-24.179241251836938,0.03222927146438217,1.0,0.03125,113.71875
1728,-24.17924250408685,0.032360894452243896,1.0,0.0625,113.78125
1729,-24.179243536356864,0.031828041217250726,1.0,0.09375,113.875
1730,-24.179244561146028,0.03199987205358603,1.0,0.125,114.0
1731,-24.179245593335555,0.03165192620209908,1.0,0.03125,114.03125
1732,-24.17924663850637,0.03127614176465681,1.0,0.03125,114.0625
1733,-24.179247678114503,0.031777573710342746,1.0,0.03125,114.09375
1734,-24.179248843544613,0.03195062549108239,1.0,0.03125,114.125
1735,-24.179250155432356,0.03135845309346096,1.0,0.03125,114.15625
1736,-24.179251001327213,0.03141037467049296,1.0,0.0625,114.21875
1737,-24.17925193872241,0.031304015581845056,1.0,0.03125,114.25
1738,-24.179252855778326,0.03129589751288196,1.0,0.015625,114.265625
1739,-24.17925397159504,0.03129390766517236,1.0,0.046875,114.3125
1740,-24.179255113560668,0.03137708650061092,1.0,0.03125,114.34375
1741,-24.179256302491545,0.0314510457444931,1.0,0.0,114.34375
1742,-24.17925744891415,0.03126838844623407,1.0,0.0,114.34375
1743,-24.179258465779334,0.0312033917961502,1.0,0.15625,114.5
1744,-24.17925956252305,0.03119783515206917,1.0,0.078125,114.578125
1745,-24.17926076223757,0.0308327641882311,1.0,0.140625,114.71875
1746,-24.17926155177672,0.030911895351867048,1.0,0.140625,114.859375
1747,-24.179262499321684,0.03081209542146281,1.0,0.140625,115.0
1748,-24.17926349565327,0.031073535719599622,1.0,0.09375,115.09375
1749,-24.17926448807577,0.030885729137179727,1.0,0.03125,115.125
1750,-24.179265577697635,0.030660901709831233,1.0,0.03125,115.15625
1751,-24.179266719679816,0.030905008836584563,1.0,0.046875,115.203125
1752,-24.179267531124115,0.030643937657889125,1.0,0.015625,115.21875
1753,-24.17926817888884,0.030594565881836854,1.0,0.140625,115.359375
1754,-24.179269062089666,0.030686622302641835,1.0,0.140625,115.5
1755,-24.179270302928106,0.03042261313923906,1.0,0.0625,115.5625
1756,-24.179271158716677,0.030630810751625825,1.0,0.03125,115.59375
1757,-24.17927221245207,0.030444131029491287,1.0,0.078125,115.671875
1758,-24.1792730566215,0.030106371782105394,1.0,0.03125,115.703125
1759,-24.179273969331895,0.029759987486109397,1.0,0.03125,115.734375
1760,-24.17927506685454,0.029703334190371838,1.0,0.03125,115.765625
1761,-24.179276050074517,0.02937024869226114,1.0,0.03125,115.796875
1762,-24.179276889178478,0.029582723005463656,1.0,0.03125,115.828125
1763,-24.179277635884176,0.02984596915732673,1.0,0.03125,115.859375
1764,-24.17927869891872,0.029792344108118676,1.0,0.03125,115.890625
1765,-24.179279737293264,0.02983021362493345,1.0,0.0625,115.953125
1766,-24.179280722205764,0.029878053341455102,1.0,0.03125,115.984375
1767,-24.17928155379924,0.029922789336313156,1.0,0.140625,116.125
1768,-24.179282561719834,0.02995480223468432,1.0,0.140625,116.265625
1769,-24.179283366546375,0.02941753801022911,1.0,0.140625,116.40625
1770,-24.179284275841606,0.02873674074365963,1.0,0.03125,116.4375
1771,-24.179285125086096,0.028871942982287287,1.0,0.03125,116.46875
1772,-24.17928604907778,0.028751031851442115,1.0,0.03125,116.5
1773,-24.17928690045124,0.028787618247575083,1.0,0.046875,116.546875
1774,-24.179287960452243,0.028798579182194535,1.0,0.03125,116.578125
1775,-24.179288947387096,0.028500729285426546,1.0,0.03125,116.609375
1776,-24.17928969686296,0.028368426406455694,1.0,0.03125,116.640625
1777,-24.17929066062434,0.028229514747543708,1.0,0.03125,116.671875
1778,-24.179291552612032,0.028339997967905622,1.0,0.03125,116.703125
1779,-24.179292514827814,0.02819466727298892,1.0,0.09375,116.796875
1780,-24.179293239502176,0.028093330595959146,1.0,0.03125,116.828125
1781,-24.179294180886938,0.028120038913865643,1.0,0.078125,116.90625
1782,-24.179294889350928,0.028273501197331748,1.0,0.140625,117.046875
1783,-24.17929588984134,0.02827598029407449,1.0,0.03125,117.078125
1784,-24.17929665448135,0.028065803564012424,1.0,0.078125,117.15625
1785,-24.17929752809032,0.027805925842974276,1.0,0.046875,117.203125
1786,-24.179298141638977,0.027666530921002106,1.0,0.0625,117.265625
1787,-24.17929892646267,0.02764614705358953,1.0,0.03125,117.296875
1788,-24.179299715457223,0.0282119873590437,1.0,0.078125,117.375
1789,-24.179300646000648,0.027954474278620987,1.0,0.03125,117.40625
1790,-24.179301550143744,0.027737230193885975,1.0,0.03125,117.4375
1791,-24.1793025237451,0.027303799758570953,1.0,0.140625,117.578125
1792,-24.179303431598512,0.02719872522476742,1.0,0.140625,117.71875
1793,-24.17930424328966,0.027098512946518376,1.0,0.078125,117.796875
1794,-24.17930514228715,0.027088082041581567,1.0,0.0625,117.859375
1795,-24.179305850765196,0.027191260260800664,1.0,0.03125,117.890625
1796,-24.179306467065995,0.026925249010802177,1.0,0.140625,118.03125
1797,-24.179307281180886,0.026941712925470544,1.0,0.140625,118.171875
1798,-24.17930823614984,0.02679241390313728,1.0,0.140625,118.3125
1799,-24.179308831325912,0.026481270936061962,1.0,0.0625,118.375
1800,-24.17930937808937,0.026253384498488002,1.0,0.03125,118.40625
1801,-24.179310080633076,0.026523605853118755,1.0,0.15625,118.5625
1802,-24.179310718250214,0.02665648921239361,1.0,0.140625,118.703125
1803,-24.17931150475411,0.0268827946210675,1.0,0.03125,118.734375
1804,-24.179312367281394,0.026681068011162077,1.0,0.03125,118.765625
1805,-24.1793130494308,0.027014833806737887,1.0,0.0625,118.828125
1806,-24.179313777684555,0.026924772172889723,1.0,0.03125,118.859375
1807,-24.17931460349497,0.026583722110004166,1.0,0.015625,118.875
1808,-24.179315342044006,0.02694691726547265,1.0,0.21875,119.09375
1809,-24.179316104931118,0.026906710397292633,1.0,0.140625,119.234375
1810,-24.17931692019332,0.026446694642225092,1.0,0.03125,119.265625
1811,-24.179317754470514,0.026475565463104214,1.0,0.046875,119.3125
1812,-24.179318450784546,0.026555768139944515,1.0,0.078125,119.390625
1813,-24.179319119337375,0.026245113523841533,1.0,0.0625,119.453125
1814,-24.17931981799814,0.026106987827898134,1.0,0.140625,119.59375
1815,-24.17932048152414,0.02586397303874123,1.0,0.03125,119.625
1816,-24.1793211823317,0.02594149114252678,1.0,0.03125,119.65625
1817,-24.179321808215278,0.026012828656999235,1.0,0.03125,119.6875
1818,-24.179322491983633,0.025367708819790086,1.0,0.03125,119.71875
1819,-24.179323194448358,0.025300630601004803,1.0,0.0625,119.78125
1820,-24.17932384742872,0.025205299373868548,1.0,0.03125,119.8125
1821,-24.17932474239412,0.02502233042448629,1.0,0.046875,119.859375
1822,-24.179325507565103,0.024885673992928677,1.0,0.03125,119.890625
1823,-24.179326093543043,0.024842129898070654,1.0,0.03125,119.921875
1824,-24.179326744836395,0.025111745359794522,1.0,0.0625,119.984375
1825,-24.17932730693858,0.02508492291093572,1.0,0.046875,120.03125
1826,-24.17932784012194,0.0252944741410487,1.0,0.03125,120.0625
1827,-24.179328365375017,0.025014412079876175,1.0,0.03125,120.09375
1828,-24.179329008115964,0.02506695831144818,1.0,0.09375,120.1875
1829,-24.179329672647075,0.024937783854788887,1.0,0.109375,120.296875
1830,-24.17933034481048,0.024790520036633,1.0,0.125,120.421875
1831,-24.179331155525823,0.024806216515402935,1.0,0.03125,120.453125
1832,-24.179331850480988,0.024938048146400712,1.0,0.015625,120.46875
1833,-24.179332456552164,0.02494403336494773,1.0,0.03125,120.5
1834,-24.179333158317558,0.024939740714134698,1.0,0.0625,120.5625
1835,-24.179333721505593,0.024958569479135998,1.0,0.0625,120.625
1836,-24.17933435821699,0.02505035841749169,1.0,0.0625,120.6875
1837,-24.179334909759184,0.024979399908646883,1.0,0.03125,120.71875
1838,-24.179335566345717,0.025053303907260762,1.0,0.046875,120.765625
1839,-24.179336236201642,0.024932033262950144,1.0,0.03125,120.796875
1840,-24.17933681998785,0.02482471269659813,1.0,0.015625,120.8125
1841,-24.179337474647884,0.024816635374058784,1.0,0.140625,120.953125
1842,-24.17933825695969,0.0249281077743931,1.0,0.140625,121.09375
1843,-24.179339054346016,0.024899923200065018,1.0,0.03125,121.125
1844,-24.179339730443694,0.024524264896738573,1.0,0.046875,121.171875
1845,-24.179340437709534,0.024367537340785735,1.0,0.03125,121.203125
1846,-24.179340889807676,0.02403216164416618,1.0,0.03125,121.234375
1847,-24.179341577228488,0.024151152991031658,1.0,0.03125,121.265625
1848,-24.1793420995209,0.024088510022029122,1.0,0.03125,121.296875
1849,-24.17934281263884,0.024004693668575883,1.0,0.046875,121.34375
1850,-24.179343368698426,0.023817383626616638,1.0,0.046875,121.390625
1851,-24.179343804087072,0.023668146114671395,1.0,0.03125,121.421875
1852,-24.179344417477505,0.02375964327695946,1.0,0.03125,121.453125
1853,-24.17934506618555,0.023672357005725276,1.0,0.015625,121.46875
1854,-24.17934574051372,0.02378556865872557,1.0,0.046875,121.515625
1855,-24.179346346877406,0.02350658766104514,1.0,0.046875,121.5625
1856,-24.179346986006248,0.023312398664495863,1.0,0.046875,121.609375
1857,-24.179347761575585,0.023327513041522974,1.0,0.046875,121.65625
1858,-24.17934832448904,0.023264177561876834,1.0,0.03125,121.6875
1859,-24.17934871531974,0.02327335886504782,1.0,0.03125,121.71875
1860,-24.17934927312535,0.023249708702130896,1.0,0.140625,121.859375
1861,-24.179349834608338,0.02311648464242804,1.0,0.140625,122.0
1862,-24.179350218198568,0.02306897516004367,1.0,0.03125,122.03125
1863,-24.179350899161136,0.023119776526138423,1.0,0.03125,122.0625
1864,-24.179351576506363,0.02302621527682484,1.0,0.09375,122.15625
1865,-24.179352076742923,0.022961393682696164,1.0,0.03125,122.1875
1866,-24.179352597834047,0.022996860404562808,1.0,0.046875,122.234375
1867,-24.179353067753564,0.02277379539741755,1.0,0.0625,122.296875
1868,-24.179353521935017,0.022666098144575392,1.0,0.03125,122.328125
1869,-24.17935420790613,0.022369378520481736,1.0,0.03125,122.359375
1870,-24.179354711421354,0.02241903165220197,1.0,0.0625,122.421875
1871,-24.179355234777976,0.022160238591567467,1.0,0.03125,122.453125
1872,-24.17935565671738,0.022008612714629838,1.0,0.03125,122.484375
1873,-24.17935616654578,0.02216047104916781,1.0,0.03125,122.515625
1874,-24.179356659376754,0.02219343836922835,1.0,0.0625,122.578125
1875,-24.17935723319802,0.022090635082169546,1.0,0.0625,122.640625
1876,-24.17935761491877,0.02232889280883762,1.0,0.125,122.765625
1877,-24.179358223836807,0.022222645991034132,1.0,0.140625,122.90625
1878,-24.179358733445564,0.022376033062293396,1.0,0.140625,123.046875
1879,-24.179359250147805,0.022149723776186493,1.0,0.046875,123.09375
1880,-24.1793598464134,0.02222235320758793,1.0,0.0625,123.15625
1881,-24.17936034205772,0.022358200936690224,1.0,0.03125,123.1875
1882,-24.17936090866166,0.022540082327282083,1.0,0.0625,123.25
1883,-24.179361408769076,0.022352565248028478,1.0,0.0625,123.3125
1884,-24.179361861019483,0.02218635911369741,1.0,0.140625,123.453125
1885,-24.179362362591483,0.022269858710333976,1.0,0.0625,123.515625
1886,-24.179362704013815,0.022049365188765137,1.0,0.03125,123.546875
1887,-24.17936311036255,0.02202507240137914,1.0,0.03125,123.578125
1888,-24.179363598654266,0.021845542919116546,1.0,0.03125,123.609375
1889,-24.179364178991097,0.02185361955852765,1.0,0.0625,123.671875
1890,-24.179364623463186,0.02177537722536905,1.0,0.140625,123.8125
1891,-24.179365096882417,0.02198045237864898,1.0,0.03125,123.84375
1892,-24.179365795910613,0.021708364396639125,1.0,0.046875,123.890625
1893,-24.1793663159271,0.02184459641898001,1.0,0.03125,123.921875
1894,-24.17936681328511,0.021761963102103352,1.0,0.03125,123.953125
1895,-24.179367328098696,0.021677215527127185,1.0,0.078125,124.03125
1896,-24.17936776351451,0.021398395549424954,1.0,0.09375,124.125
1897,-24.17936822097293,0.02123507346000336,1.0,0.140625,124.265625
1898,-24.17936870643142,0.021193772444795162,1.0,0.140625,124.40625
1899,-24.17936931209746,0.02132792524233793,1.0,0.03125,124.4375
1900,-24.17936977871481,0.021426479031748477,1.0,0.03125,124.46875
1901,-24.179370286824604,0.021367033866423628,1.0,0.03125,124.5
1902,-24.179370739547913,0.021321847487917395,1.0,0.0625,124.5625
1903,-24.17937124311481,0.021138757895647182,1.0,0.046875,124.609375
1904,-24.17937184166913,0.020729029901518193,1.0,0.03125,124.640625
1905,-24.179372280362895,0.02039237125721387,1.0,0.046875,124.6875
1906,-24.179372797999452,0.020802106305250194,1.0,0.125,124.8125
1907,-24.179373332444367,0.02089424607614244,1.0,0.09375,124.90625
1908,-24.179373905897766,0.020641679841009147,1.0,0.109375,125.015625
1909,-24.17937440959136,0.020481558851778436,1.0,0.109375,125.125
1910,-24.179374807269557,0.02043438194921006,1.0,0.046875,125.171875
1911,-24.179375217245337,0.020384851965367254,1.0,0.140625,125.3125
1912,-24.17937567764944,0.02001661457684926,1.0,0.0625,125.375
1913,-24.179376109333333,0.020118722960332847,1.0,0.03125,125.40625
1914,-24.17937652767819,0.020145187426624467,1.0,0.140625,125.546875
1915,-24.179376866443242,0.0200801719440478,1.0,0.0625,125.609375
1916,-24.17937732819273,0.020113310731081194,1.0,0.1875,125.796875
1917,-24.179377686084642,0.020015753165939242,1.0,0.125,125.921875
1918,-24.17937826087732,0.019989108315445134,1.0,0.0625,125.984375
1919,-24.17937875952846,0.019884262633522703,1.0,0.125,126.109375
1920,-24.17937908389261,0.0198154032691685,1.0,0.03125,126.140625
1921,-24.17937950813381,0.019610184454346168,1.0,0.046875,126.1875
1922,-24.179379948599227,0.02007863122223505,1.0,0.03125,126.21875
1923,-24.179380368412065,0.020096520696454102,1.0,0.046875,126.265625
1924,-24.179380711944056,0.02010342782550551,1.0,0.140625,126.40625
1925,-24.1793810761809,0.02005129543483576,1.0,0.15625,126.5625
1926,-24.179381544283824,0.01984669696728064,1.0,0.140625,126.703125
1927,-24.179381975892152,0.01975515801445864,1.0,0.046875,126.75
1928,-24.179382449428434,0.020003971541514884,1.0,0.046875,126.796875
1929,-24.179382966108662,0.020371273972620667,1.0,0.046875,126.84375
1930,-24.179383376581907,0.020312806536100896,1.0,0.109375,126.953125
1931,-24.179383967667725,0.02027808854350634,1.0,0.0625,127.015625
1932,-24.179384439522586,0.01993276110898234,1.0,0.046875,127.0625
1933,-24.179384789325724,0.019882015231328144,1.0,0.046875,127.109375
1934,-24.17938516670539,0.019722874173582875,1.0,0.140625,127.25
1935,-24.179385654796462,0.019891967494977167,1.0,0.0625,127.3125
1936,-24.179386209745417,0.019701636139770575,1.0,0.078125,127.390625
1937,-24.179386586168516,0.01939093216794608,1.0,0.046875,127.4375
1938,-24.17938686795062,0.01937820938583146,1.0,0.140625,127.578125
1939,-24.179387190680366,0.01926061746028755,1.0,0.078125,127.65625
1940,-24.17938753823326,0.019167502386627247,1.0,0.03125,127.6875
1941,-24.179388041922515,0.019468061413059935,1.0,0.078125,127.765625
1942,-24.17938846589063,0.019714603447510363,1.0,0.109375,127.875
1943,-24.179388915825694,0.01951121616057645,1.0,0.046875,127.921875
1944,-24.179389329572384,0.019295001782203062,1.0,0.125,128.046875
1945,-24.179389719637264,0.019207944660567095,1.0,0.03125,128.078125
1946,-24.17939013200667,0.01910975189985668,1.0,0.0625,128.140625
1947,-24.179390437668964,0.018996021852639534,1.0,0.09375,128.234375
1948,-24.179390903988644,0.01901973119367442,1.0,0.15625,128.390625
1949,-24.179391226184467,0.01877172333518028,1.0,0.15625,128.546875
1950,-24.179391601582026,0.018910320856317418,1.0,0.03125,128.578125
1951,-24.17939202696785,0.018597822322841153,1.0,0.0625,128.640625
1952,-24.179392372259215,0.0185226438350544,1.0,0.15625,128.796875
1953,-24.17939264997947,0.01846280297921962,1.0,0.03125,128.828125
1954,-24.17939301417644,0.018493019183854986,1.0,0.03125,128.859375
1955,-24.17939334989951,0.018182198741933116,1.0,0.171875,129.03125
1956,-24.179393720051596,0.018267684452948983,1.0,0.140625,129.171875
1957,-24.179394087856004,0.018136588193124397,1.0,0.03125,129.203125
1958,-24.179394389486255,0.017783635612276034,1.0,0.03125,129.234375
1959,-24.17939468216747,0.01788692689468733,1.0,0.0625,129.296875
1960,-24.179395010535064,0.017974070075958092,1.0,0.03125,129.328125
1961,-24.17939540014697,0.017673643504060244,1.0,0.03125,129.359375
1962,-24.17939581065924,0.01794144365171086,1.0,0.03125,129.390625
1963,-24.179396161671917,0.017825276972741545,1.0,0.03125,129.421875
1964,-24.179396588688633,0.01774549764620587,1.0,0.03125,129.453125
1965,-24.179396929115413,0.01779791969979043,1.0,0.0625,129.515625
1966,-24.179397385638158,0.017703185437623014,1.0,0.03125,129.546875
1967,-24.17939767418069,0.01764398688435966,1.0,0.109375,129.65625
1968,-24.179397950316595,0.01746198773012449,1.0,0.109375,129.765625
1969,-24.17939824274348,0.017444206140908636,1.0,0.0625,129.828125
1970,-24.179398523994596,0.017238756779544655,1.0,0.078125,129.90625
1971,-24.17939896070572,0.017209862937069918,1.0,0.140625,130.046875
1972,-24.17939922920686,0.017123152420317415,1.0,0.140625,130.1875
1973,-24.179399562521947,0.017328985017294875,1.0,0.078125,130.265625
1974,-24.179399838143055,0.01729516164300036,1.0,0.09375,130.359375
1975,-24.179400111746073,0.017239258046443485,1.0,0.140625,130.5
1976,-24.179400455149082,0.017216818864408144,1.0,0.109375,130.609375
1977,-24.179400661270215,0.017202913709117276,1.0,0.046875,130.65625
1978,-24.179401012671537,0.017325707916261365,1.0,0.109375,130.765625
1979,-24.1794012715119,0.017357748455115864,1.0,0.0,130.765625
1980,-24.17940163409601,0.017082920957565247,1.0,0.09375,130.859375
1981,-24.17940199677969,0.016971547998937804,1.0,0.0,130.859375
1982,-24.179402344027682,0.01684675105929099,1.0,0.125,130.984375
1983,-24.179402616454094,0.016889183356941846,1.0,0.078125,131.0625
1984,-24.179402876675088,0.0170613836014288,1.0,0.078125,131.140625
1985,-24.17940321582974,0.017305463941335444,1.0,0.109375,131.25
1986,-24.179403497403626,0.01734095089525625,1.0,0.03125,131.28125
1987,-24.179403777360513,0.017257627957653232,1.0,0.03125,131.3125
1988,-24.17940409580694,0.01729397722716471,1.0,0.03125,131.34375
1989,-24.179404398115135,0.017032831381455785,1.0,0.03125,131.375
1990,-24.179404643892084,0.017074549846901307,1.0,0.125,131.5
1991,-24.17940494077049,0.016928299242969624,1.0,0.140625,131.640625
1992,-24.179405278225488,0.016815669960007138,1.0,0.140625,131.78125
1993,-24.1794055393624,0.01684705434970788,1.0,0.0625,131.84375
1994,-24.179405865073445,0.016847129590801768,1.0,0.03125,131.875
1995,-24.179406154890216,0.016602694702465712,1.0,0.03125,131.90625
1996,-24.179406410966127,0.01643601318327031,1.0,0.03125,131.9375
1997,-24.179406642639357,0.016371230482591027,1.0,0.046875,131.984375
1998,-24.17940690149502,0.01657154000420929,1.0,0.03125,132.015625
1999,-24.179407240869647,0.016642945369729375,1.0,0.03125,132.046875
2000,-24.179407582985185,0.016628490721024212,1.0,0.109375,132.15625
2001,-24.179407766897558,0.016557682778866014,1.0,0.0625,132.21875
2002,-24.179408066927255,0.01665449549172557,1.0,0.015625,132.234375
2003,-24.179408359303608,0.016629128468047386,1.0,0.046875,132.28125
2004,-24.179408737784208,0.016534673447076067,1.0,0.078125,132.359375
2005,-24.179409072726386,0.01629989336039802,1.0,0.125,132.484375
2006,-24.179409443654,0.016188393081457322,1.0,0.046875,132.53125
2007,-24.179409724650647,0.016284730398647314,1.0,0.046875,132.578125
2008,-24.179410013562844,0.016153876821887205,1.0,0.046875,132.625
2009,-24.17941021168085,0.01613989903523469,1.0,0.140625,132.765625
2010,-24.179410504725734,0.015961774375440538,1.0,0.125,132.890625
2011,-24.179410717485567,0.015912458009903496,1.0,0.140625,133.03125
2012,-24.179411049211783,0.0156573142980935,1.0,0.015625,133.046875
2013,-24.17941141381633,0.015711964041759455,1.0,0.140625,133.1875
2014,-24.179411667633843,0.01566389637419265,1.0,0.140625,133.328125
2015,-24.179411913671174,0.01585082798505665,1.0,0.046875,133.375
2016,-24.179412208284916,0.015841766778271954,1.0,0.03125,133.40625
2017,-24.17941247557924,0.015796196852709415,1.0,0.046875,133.453125
2018,-24.179412727065706,0.015795224339421866,1.0,0.171875,133.625
2019,-24.179412953792475,0.01576241374981838,1.0,0.03125,133.65625
2020,-24.179413164700254,0.015585777531460347,1.0,0.03125,133.6875
2021,-24.17941340006729,0.015591268110237498,1.0,0.0625,133.75
2022,-24.17941370825848,0.015517908207191221,1.0,0.03125,133.78125
2023,-24.17941396851212,0.015472915556802653,1.0,0.09375,133.875
2024,-24.179414171601227,0.015399926022889298,1.0,0.015625,133.890625
2025,-24.17941438958057,0.01533443392444279,1.0,0.03125,133.921875
2026,-24.17941457902205,0.015337764115210605,1.0,0.03125,133.953125
2027,-24.179414839268954,0.015316873644528096,1.0,0.15625,134.109375
2028,-24.179415157517386,0.015305901417267431,1.0,0.0625,134.171875
2029,-24.179415360857117,0.015523817559353281,1.0,0.046875,134.21875
2030,-24.179415597673497,0.015507230649509799,1.0,0.03125,134.25
2031,-24.17941584982269,0.015383136467970675,1.0,0.03125,134.28125
2032,-24.179416045311985,0.015364393489972695,1.0,0.078125,134.359375
2033,-24.179416272918807,0.015345754972549306,1.0,0.03125,134.390625
2034,-24.179416482945943,0.015235424560333301,1.0,0.03125,134.421875
2035,-24.179416731575266,0.015349130927815,1.0,0.03125,134.453125
2036,-24.179416956199216,0.015396951704489391,1.0,0.15625,134.609375
2037,-24.17941718693519,0.015261118494159813,1.0,0.03125,134.640625
2038,-24.179417452979063,0.015197412927146868,1.0,0.078125,134.71875
2039,-24.179417732372322,0.015003711437034682,1.0,0.140625,134.859375
2040,-24.179417964094483,0.01494554412427844,1.0,0.03125,134.890625
2041,-24.179418196772712,0.014796762199723696,1.0,0.0625,134.953125
2042,-24.179418461361603,0.014797067171798328,1.0,0.0625,135.015625
2043,-24.17941861395677,0.01474233773514036,1.0,0.0625,135.078125
2044,-24.1794188675441,0.014837781267647227,1.0,0.203125,135.28125
2045,-24.179419108185293,0.014750385257733235,1.0,0.140625,135.421875
2046,-24.179419380542967,0.014575372974092192,1.0,0.015625,135.4375
2047,-24.179419608251994,0.01458298301750204,1.0,0.015625,135.453125
2048,-24.179419796783208,0.014588299434698821,1.0,0.046875,135.5
2049,-24.179420026400354,0.014695254987639472,1.0,0.0625,135.5625
2050,-24.179420187918566,0.014622773547014576,1.0,0.03125,135.59375
2051,-24.179420410007804,0.014513754535775159,1.0,0.046875,135.640625
2052,-24.179420656015868,0.014534668013758342,1.0,0.0625,135.703125
2053,-24.17942088344567,0.01427325163007378,1.0,0.03125,135.734375
2054,-24.179421078117024,0.014285002793974523,1.0,0.03125,135.765625
2055,-24.1794212560587,0.01418642569853601,1.0,0.125,135.890625
2056,-24.179421490066314,0.01424860215858767,1.0,0.03125,135.921875
2057,-24.179421718246218,0.014258956857015276,1.0,0.03125,135.953125
2058,-24.179422005959612,0.014175097199203712,1.0,0.015625,135.96875
2059,-24.17942219250165,0.013937334974063798,1.0,0.125,136.09375
2060,-24.179422414323685,0.014180615671349062,1.0,0.03125,136.125
2061,-24.179422629265087,0.014155391747271848,1.0,0.0625,136.1875
2062,-24.179422830275428,0.013996410092368525,1.0,0.03125,136.21875
2063,-24.179423008864386,0.014029225590360048,1.0,0.03125,136.25
2064,-24.179423241954925,0.01408469452730362,1.0,0.046875,136.296875
2065,-24.179423467693063,0.013950194547670523,1.0,0.140625,136.4375
2066,-24.179423633781095,0.013919138353576546,1.0,0.140625,136.578125
2067,-24.17942379638364,0.014153089585665433,1.0,0.03125,136.609375
2068,-24.179424029193523,0.013936622338799956,1.0,0.0625,136.671875
2069,-24.179424256150213,0.013760836215490199,1.0,0.03125,136.703125
2070,-24.179424423804615,0.01397984166993604,1.0,0.03125,136.734375
2071,-24.179424649275763,0.013782084163863416,1.0,0.15625,136.890625
2072,-24.179424830674037,0.013907798203188446,1.0,0.046875,136.9375
2073,-24.179425072206236,0.013876845395955408,1.0,0.03125,136.96875
2074,-24.179425256814465,0.013462744825909496,1.0,0.09375,137.0625
2075,-24.179425447466016,0.01357806171992919,1.0,0.140625,137.203125
2076,-24.179425660724885,0.013458606662430438,1.0,0.140625,137.34375
2077,-24.17942584056579,0.013539018754501985,1.0,0.03125,137.375
2078,-24.179426059091483,0.013354976352516068,1.0,0.03125,137.40625
2079,-24.17942621727909,0.013524065501859077,1.0,0.03125,137.4375
2080,-24.179426395338577,0.01339333815614183,1.0,0.03125,137.46875
2081,-24.17942662147903,0.013420943072908953,1.0,0.046875,137.515625
2082,-24.179426839157966,0.013395705674862793,1.0,0.03125,137.546875
2083,-24.179427033717367,0.013257058766623761,1.0,0.015625,137.5625
2084,-24.179427221793073,0.013217861809140535,1.0,0.125,137.6875
2085,-24.17942743183555,0.013353026581966665,1.0,0.140625,137.828125
2086,-24.179427654634193,0.013385838836957077,1.0,0.140625,137.96875
2087,-24.17942783361607,0.013507188636710576,1.0,0.140625,138.109375
2088,-24.179428060245534,0.013438734219010429,1.0,0.046875,138.15625
2089,-24.179428233925634,0.013343514539924474,1.0,0.03125,138.1875
2090,-24.179428390130006,0.013274694905658413,1.0,0.03125,138.21875
2091,-24.17942858471746,0.013156615875268576,1.0,0.03125,138.25
2092,-24.17942877526202,0.012806999451274354,1.0,0.03125,138.28125
2093,-24.179428960391764,0.01284415571079227,1.0,0.03125,138.3125
2094,-24.179429110068902,0.012979345136547173,1.0,0.109375,138.421875
2095,-24.179429233499313,0.013202555990364948,1.0,0.140625,138.5625
2096,-24.179429411560392,0.013173719888737513,1.0,0.015625,138.578125
2097,-24.179429623406712,0.012953061289391086,1.0,0.078125,138.65625
2098,-24.179429808980373,0.012756561495661966,1.0,0.140625,138.796875
2099,-24.179429982051794,0.01286750983869672,1.0,0.140625,138.9375
2100,-24.179430134450303,0.01273880315643307,1.0,0.140625,139.078125
2101,-24.179430314280197,0.0127247133951802,1.0,0.03125,139.109375
2102,-24.17943049708868,0.01277333862633113,1.0,0.03125,139.140625
2103,-24.17943067035867,0.01278094732112906,1.0,0.03125,139.171875
2104,-24.17943090675592,0.012648872396700183,1.0,0.03125,139.203125
2105,-24.17943107729971,0.012854705710679827,1.0,0.171875,139.375
2106,-24.17943123464675,0.012804981867745268,1.0,0.09375,139.46875
2107,-24.179431398930003,0.012695973579209142,1.0,0.140625,139.609375
2108,-24.179431593560427,0.012607370207046694,1.0,0.140625,139.75
2109,-24.179431736725302,0.012591635151763033,1.0,0.03125,139.78125
2110,-24.179431866945645,0.012592485125029288,1.0,0.03125,139.8125
2111,-24.179432037051072,0.012567067251417825,1.0,0.09375,139.90625
2112,-24.1794322264504,0.012249921145008237,1.0,0.03125,139.9375
2113,-24.179432405504325,0.01221521877867728,1.0,0.15625,140.09375
2114,-24.179432525388993,0.012185771233799905,1.0,0.140625,140.234375
2115,-24.179432700007194,0.012158806683321637,1.0,0.03125,140.265625
2116,-24.179432870748766,0.012266311688987537,1.0,0.03125,140.296875
2117,-24.179433026488915,0.012237481177651372,1.0,0.03125,140.328125
2118,-24.179433189483245,0.012052514841369547,1.0,0.0625,140.390625
2119,-24.179433332470964,0.012033376459402475,1.0,0.03125,140.421875
2120,-24.179433485003855,0.01229777313601566,1.0,0.03125,140.453125
2121,-24.179433625579698,0.012251318179515006,1.0,0.046875,140.5
2122,-24.179433780469413,0.012386159682110388,1.0,0.03125,140.53125
2123,-24.179433976246944,0.012304704895240435,1.0,0.03125,140.5625
2124,-24.179434119395687,0.012283061093340297,1.0,0.03125,140.59375
2125,-24.179434300610986,0.012296846088592257,1.0,0.125,140.71875
2126,-24.17943444612604,0.012247021248755603,1.0,0.015625,140.734375
2127,-24.17943460341637,0.01212260992129322,1.0,0.140625,140.875
2128,-24.179434781135864,0.012068261851443761,1.0,0.140625,141.015625
2129,-24.179434948793073,0.012137817368842015,1.0,0.140625,141.15625
2130,-24.179435080691974,0.01222247086296276,1.0,0.03125,141.1875
2131,-24.17943524418744,0.012269941916960379,1.0,0.03125,141.21875
2132,-24.179435398760123,0.012059342269013305,1.0,0.078125,141.296875
2133,-24.179435548446456,0.011879554156268417,1.0,0.046875,141.34375
2134,-24.179435666826627,0.011931608171021778,1.0,0.03125,141.375
2135,-24.17943581099425,0.011841688436339497,1.0,0.03125,141.40625
2136,-24.179435953680144,0.011930855697821794,1.0,0.0625,141.46875
2137,-24.179436109283593,0.011755784363392925,1.0,0.03125,141.5
2138,-24.17943626699027,0.011790508114596686,1.0,0.0625,141.5625
2139,-24.179436424027276,0.011714294816643787,1.0,0.03125,141.59375
2140,-24.179436577599652,0.011779848034246233,1.0,0.046875,141.640625
2141,-24.17943673394572,0.011695901258409315,1.0,0.046875,141.6875
2142,-24.17943690048583,0.011530549103150895,1.0,0.03125,141.71875
2143,-24.179437067099535,0.01147597599274891,1.0,0.171875,141.890625
2144,-24.17943721053805,0.01159400832659993,1.0,0.125,142.015625
2145,-24.17943734965832,0.011431952611177144,1.0,0.046875,142.0625
2146,-24.17943747679225,0.011482400251717139,1.0,0.03125,142.09375
2147,-24.179437598391996,0.011524593220881757,1.0,0.03125,142.125
2148,-24.17943770823789,0.011470760646419147,1.0,0.0625,142.1875
2149,-24.179437834515888,0.011474950441117356,1.0,0.140625,142.328125
2150,-24.179437941810072,0.011329744149937124,1.0,0.078125,142.40625
2151,-24.179438106711476,0.01147561547094198,1.0,0.140625,142.546875
2152,-24.17943823828235,0.011351320755900465,1.0,0.140625,142.6875
2153,-24.179438403497194,0.01136061229728628,1.0,0.140625,142.828125
2154,-24.179438526754076,0.011383903954112411,1.0,0.140625,142.96875
2155,-24.179438659742313,0.011379363664575525,1.0,0.03125,143.0
2156,-24.17943881980275,0.011345632422087668,1.0,0.140625,143.140625
2157,-24.179438941595016,0.01126628854902157,1.0,0.09375,143.234375
2158,-24.179439086653375,0.01131970231232091,1.0,0.125,143.359375
2159,-24.17943919567733,0.011116633216642921,1.0,0.125,143.484375
2160,-24.17943931536036,0.011020597569416786,1.0,0.046875,143.53125
2161,-24.179439442696793,0.011034035658455026,1.0,0.140625,143.671875
2162,-24.179439565377166,0.010917665258009388,1.0,0.078125,143.75
2163,-24.17943970316033,0.010876016428552345,1.0,0.046875,143.796875
2164,-24.179439810919117,0.010862682767138542,1.0,0.0625,143.859375
2165,-24.17943994336081,0.010975177699386489,1.0,0.15625,144.015625
2166,-24.179440073569786,0.010877434056649333,1.0,0.03125,144.046875
2167,-24.17944020352584,0.010923878588771004,1.0,0.15625,144.203125
2168,-24.179440324896532,0.0108938552953729,1.0,0.0625,144.265625
2169,-24.179440472555708,0.010865765226206442,1.0,0.03125,144.296875
2170,-24.179440591632503,0.010793120456030742,1.0,0.046875,144.34375
2171,-24.179440724878155,0.010872443419915221,1.0,0.046875,144.390625
2172,-24.179440842542576,0.010943332179446695,1.0,0.15625,144.546875
2173,-24.179440983026463,0.01086694371412649,1.0,0.03125,144.578125
2174,-24.17944107766482,0.010736883342196725,1.0,0.03125,144.609375
2175,-24.179441217116477,0.010726441067988665,1.0,0.078125,144.6875
2176,-24.179441366848636,0.010646138617690554,1.0,0.140625,144.828125
2177,-24.17944147619371,0.010591843720516147,1.0,0.0625,144.890625
2178,-24.179441597214606,0.010589567667918525,1.0,0.109375,145.0
2179,-24.1794417023201,0.010563474718627165,1.0,0.03125,145.03125
2180,-24.17944181478291,0.010466430805441846,1.0,0.15625,145.1875
2181,-24.179441913684418,0.010414878142257864,1.0,0.140625,145.328125
2182,-24.179442028168438,0.010404595897867314,1.0,0.0625,145.390625
2183,-24.179442161454368,0.010535740135905438,1.0,0.046875,145.4375
2184,-24.17944230895586,0.010537088335827016,1.0,0.015625,145.453125
2185,-24.179442412190987,0.010435547957232718,1.0,0.03125,145.484375
2186,-24.179442526159683,0.010434760457922573,1.0,0.140625,145.625
2187,-24.17944265967594,0.01034342422620177,1.0,0.03125,145.65625
2188,-24.179442740774192,0.01017902754693907,1.0,0.03125,145.6875
2189,-24.179442888123752,0.010072885882941264,1.0,0.046875,145.734375
2190,-24.179442978531426,0.01018145044675448,1.0,0.140625,145.875
2191,-24.17944308145764,0.010133905929808295,1.0,0.0625,145.9375
2192,-24.179443205250507,0.010068075114811274,1.0,0.046875,145.984375
2193,-24.17944330103594,0.010132660850845996,1.0,0.125,146.109375
2194,-24.179443430037235,0.010066366930940028,1.0,0.03125,146.140625
2195,-24.179443565321904,0.01016690159167654,1.0,0.046875,146.1875
2196,-24.179443682261354,0.010170145702599786,1.0,0.109375,146.296875
2197,-24.179443787950998,0.010092066165043783,1.0,0.140625,146.4375
2198,-24.179443898864314,0.010168530150860867,1.0,0.03125,146.46875
2199,-24.179444015423936,0.010050105114567977,1.0,0.03125,146.5
2200,-24.179444116456366,0.01007525521014718,1.0,0.140625,146.640625
2201,-24.179444238316233,0.010104759521171614,1.0,0.125,146.765625
2202,-24.179444348990693,0.01006831719224167,1.0,0.125,146.890625
2203,-24.179444488621883,0.010079102747173226,1.0,0.046875,146.9375
2204,-24.179444579241583,0.01002684853376338,1.0,0.03125,146.96875
2205,-24.179444705928763,0.009966278126030485,1.0,0.03125,147.0
2206,-24.179444828808276,0.010018059684214655,1.0,0.03125,147.03125
2207,-24.179444909571888,0.009905716981890186,1.0,0.25,147.28125
2208,-24.179445027498463,0.009805719104874256,1.0,0.140625,147.421875
2209,-24.179445098920603,0.009743411995420158,1.0,0.03125,147.453125
2210,-24.17944518671962,0.009774987385763134,1.0,0.03125,147.484375
2211,-24.179445276930352,0.00973495027270062,1.0,0.03125,147.515625
2212,-24.179445382139075,0.00985860396644929,1.0,0.046875,147.5625
2213,-24.17944547088797,0.009723940314625088,1.0,0.140625,147.703125
2214,-24.17944556744689,0.009710030805042772,1.0,0.140625,147.84375
2215,-24.1794456658112,0.009786439512446444,1.0,0.046875,147.890625
2216,-24.179445761819892,0.00975507090135783,1.0,0.046875,147.9375
2217,-24.179445859687053,0.009773655393089895,1.0,0.03125,147.96875
2218,-24.179445984211636,0.009720119257595848,1.0,0.03125,148.0
2219,-24.179446086131925,0.009658211701280329,1.0,0.03125,148.03125
2220,-24.179446160411857,0.009580624258191027,1.0,0.203125,148.234375
2221,-24.179446261996727,0.009572238688409925,1.0,0.03125,148.265625
2222,-24.179446366738404,0.00946851541266939,1.0,0.046875,148.3125
2223,-24.179446476114823,0.009475339369391078,1.0,0.03125,148.34375
2224,-24.17944657593031,0.009585414025067778,1.0,0.03125,148.375
2225,-24.1794466666782,0.009503776609859358,1.0,0.015625,148.390625
2226,-24.179446734936,0.009565334077953413,1.0,0.078125,148.46875
2227,-24.17944685507722,0.009482165210010616,1.0,0.140625,148.609375
2228,-24.179446954687716,0.009498629683587634,1.0,0.03125,148.640625
2229,-24.17944705471403,0.009470843567976455,1.0,0.03125,148.671875
2230,-24.17944715103437,0.00935830993757509,1.0,0.03125,148.703125
2231,-24.179447238794754,0.009354984561169219,1.0,0.03125,148.734375
2232,-24.179447326134934,0.00936957660350351,1.0,0.171875,148.90625
2233,-24.179447412660988,0.009311844801528293,1.0,0.125,149.03125
2234,-24.179447513161506,0.009312974681895165,1.0,0.046875,149.078125
2235,-24.179447566106802,0.009425286162153754,1.0,0.03125,149.109375
2236,-24.179447662354807,0.009349808951070505,1.0,0.03125,149.140625
2237,-24.179447753984324,0.009266732215635443,1.0,0.046875,149.1875
2238,-24.179447854163705,0.009279713083711717,1.0,0.140625,149.328125
2239,-24.179447942420307,0.009265897437111271,1.0,0.03125,149.359375
2240,-24.179448015277995,0.009263914519540953,1.0,0.03125,149.390625
2241,-24.179448092859378,0.009170350956785074,1.0,0.046875,149.4375
2242,-24.179448193007854,0.009042753360228847,1.0,0.03125,149.46875
2243,-24.179448296689834,0.008993236861707365,1.0,0.015625,149.484375
2244,-24.179448398845587,0.009089932849487165,1.0,0.09375,149.578125
2245,-24.17944848910383,0.00912549323026236,1.0,0.09375,149.671875
2246,-24.17944857900965,0.009050684048874429,1.0,0.140625,149.8125
2247,-24.17944867306882,0.009038088483650947,1.0,0.125,149.9375
2248,-24.179448776406712,0.008944369062597544,1.0,0.140625,150.078125
2249,-24.179448863257573,0.008927545421554656,1.0,0.03125,150.109375
2250,-24.17944893750474,0.009066898513175992,1.0,0.0625,150.171875
2251,-24.17944902803891,0.008918584870242881,1.0,0.03125,150.203125
2252,-24.17944912659226,0.008933282072445306,1.0,0.078125,150.28125
2253,-24.179449234828798,0.008884118874355338,1.0,0.03125,150.3125
2254,-24.179449330406737,0.008937446744759034,1.0,0.125,150.4375
2255,-24.1794494049526,0.008841510495521059,1.0,0.03125,150.46875
2256,-24.17944947641187,0.008891871834999454,1.0,0.03125,150.5
2257,-24.179449567673064,0.008736652848194552,1.0,0.234375,150.734375
2258,-24.1794496299435,0.008641444492940173,1.0,0.140625,150.875
2259,-24.179449710572207,0.00867245356077074,1.0,0.140625,151.015625
2260,-24.179449803174666,0.00861859556375118,1.0,0.03125,151.046875
2261,-24.17944987132212,0.00865450813282209,1.0,0.03125,151.078125
2262,-24.179449962008473,0.008723338899992857,1.0,0.046875,151.125
2263,-24.179450040784996,0.008781415958614787,1.0,0.03125,151.15625
2264,-24.17945012022583,0.008760945990586981,1.0,0.109375,151.265625
2265,-24.179450208420104,0.008695432750841564,1.0,0.140625,151.40625
2266,-24.179450281794747,0.008676487028522455,1.0,0.140625,151.546875
2267,-24.179450346564565,0.008576677873824544,1.0,0.03125,151.578125
2268,-24.179450426749472,0.00854660521959122,1.0,0.03125,151.609375
2269,-24.17945049399684,0.008707255402515412,1.0,0.03125,151.640625
2270,-24.179450579223595,0.008657351028360627,1.0,0.015625,151.65625
2271,-24.17945065726052,0.008567939389358062,1.0,0.046875,151.703125
2272,-24.179450736650658,0.008483658480682168,1.0,0.03125,151.734375
2273,-24.17945079634281,0.008425743900817306,1.0,0.046875,151.78125
2274,-24.179450877231414,0.008335061989966178,1.0,0.03125,151.8125
2275,-24.179450962005323,0.00836055608427835,1.0,0.03125,151.84375
2276,-24.179451037632113,0.008304501125776909,1.0,0.046875,151.890625
2277,-24.179451100814035,0.008233984187584814,1.0,0.03125,151.921875
2278,-24.1794511770555,0.008231324993593579,1.0,0.21875,152.140625
2279,-24.179451241294867,0.008264617656028895,1.0,0.09375,152.234375
2280,-24.17945131318519,0.008251243900965332,1.0,0.140625,152.375
2281,-24.17945138100616,0.008255313784659974,1.0,0.03125,152.40625
2282,-24.179451447682613,0.008323389884250455,1.0,0.03125,152.4375
2283,-24.179451523734606,0.008325131777714111,1.0,0.03125,152.46875
2284,-24.17945158316842,0.00830551319249348,1.0,0.03125,152.5
2285,-24.179451635893944,0.008280597848288183,1.0,0.171875,152.671875
2286,-24.179451708043896,0.00816600344643961,1.0,0.125,152.796875
2287,-24.17945179926607,0.008320173415013213,1.0,0.03125,152.828125
2288,-24.179451872062653,0.008200681935531341,1.0,0.03125,152.859375
2289,-24.179451950397155,0.008111469299804911,1.0,0.03125,152.890625
2290,-24.179452017492515,0.008059477369675537,1.0,0.046875,152.9375
2291,-24.179452097793742,0.00805880149270369,1.0,0.03125,152.96875
2292,-24.17945217167013,0.008054912383981603,1.0,0.03125,153.0
2293,-24.179452265585038,0.00803372184774747,1.0,0.03125,153.03125
2294,-24.179452333728584,0.008027980337159346,1.0,0.1875,153.21875
2295,-24.179452391515817,0.008042426573727017,1.0,0.140625,153.359375
2296,-24.179452450928427,0.007997107161079337,1.0,0.03125,153.390625
2297,-24.179452520281398,0.007977531154536439,1.0,0.03125,153.421875
2298,-24.17945258205941,0.007934691560221132,1.0,0.0625,153.484375
2299,-24.179452642798225,0.007934420286941872,1.0,0.1875,153.671875
2300,-24.17945272259801,0.007966433342736159,1.0,0.0625,153.734375
2301,-24.179452801503253,0.007873778588713465,1.0,0.03125,153.765625
2302,-24.179452858542344,0.007871936232756819,1.0,0.046875,153.8125
2303,-24.17945291516889,0.007865702855125433,1.0,0.03125,153.84375
2304,-24.179452995917938,0.007921927704694949,1.0,0.046875,153.890625
2305,-24.179453073618134,0.007885071500863169,1.0,0.03125,153.921875
2306,-24.179453141317907,0.00783376054767893,1.0,0.03125,153.953125
2307,-24.179453211108868,0.007723793506517109,1.0,0.046875,154.0
2308,-24.179453262763232,0.007661453173841599,1.0,0.078125,154.078125
2309,-24.179453314159076,0.00771325831251223,1.0,0.03125,154.109375
2310,-24.179453366574204,0.007699345313744734,1.0,0.03125,154.140625
2311,-24.179453443382688,0.007739757340070557,1.0,0.03125,154.171875
2312,-24.179453513460224,0.00773602912699396,1.0,0.171875,154.34375
2313,-24.17945357961668,0.007655344860244227,1.0,0.0625,154.40625
2314,-24.17945365427642,0.007750654498323351,1.0,0.046875,154.453125
2315,-24.17945370916453,0.0077214227964482705,1.0,0.03125,154.484375
2316,-24.17945377770886,0.007638827718316692,1.0,0.0625,154.546875
2317,-24.179453830826283,0.007613546458986815,1.0,0.140625,154.6875
2318,-24.179453889378404,0.007570040312702034,1.0,0.09375,154.78125
2319,-24.179453945946243,0.007600020633839202,1.0,0.125,154.90625
2320,-24.179454024114275,0.007564287325021615,1.0,0.03125,154.9375
2321,-24.179454098819377,0.00754757789413463,1.0,0.015625,154.953125
2322,-24.17945417481495,0.0074759848057028185,1.0,0.078125,155.03125
2323,-24.179454226923745,0.007489727630437642,1.0,0.046875,155.078125
2324,-24.179454283064146,0.007413273686034976,1.0,0.046875,155.125
2325,-24.17945434527666,0.007450750703510658,1.0,0.03125,155.15625
2326,-24.17945438905209,0.007408185280395138,1.0,0.03125,155.1875
2327,-24.179454462400322,0.007362663209599089,1.0,0.03125,155.21875
2328,-24.17945451910293,0.007348597756051287,1.0,0.03125,155.25
2329,-24.17945456401161,0.00732060436579349,1.0,0.0625,155.3125
2330,-24.179454614427044,0.007361228618042111,1.0,0.125,155.4375
2331,-24.1794546931872,0.007337540703537866,1.0,0.03125,155.46875
2332,-24.179454755393863,0.007481766916332051,1.0,0.046875,155.515625
2333,-24.17945481538605,0.007396061454332399,1.0,0.046875,155.5625
2334,-24.17945487991849,0.0074569785807341755,1.0,0.03125,155.59375
2335,-24.179454950145903,0.007412132711601526,1.0,0.03125,155.625
2336,-24.179455003952057,0.007380594779955765,1.0,0.03125,155.65625
2337,-24.17945505960286,0.007272108576820751,1.0,0.046875,155.703125
2338,-24.179455119259423,0.007196957680604643,1.0,0.03125,155.734375
2339,-24.179455177695726,0.007239463856465564,1.0,0.03125,155.765625
2340,-24.179455234700338,0.007157688458315737,1.0,0.015625,155.78125
2341,-24.17945528493208,0.007098718774956326,1.0,0.1875,155.96875
2342,-24.179455332661735,0.007133472087429363,1.0,0.140625,156.109375
2343,-24.17945537452327,0.00715374199131285,1.0,0.078125,156.1875
2344,-24.179455426572773,0.007065825189483137,1.0,0.0625,156.25
2345,-24.179455476398402,0.007109432650874769,1.0,0.046875,156.296875
2346,-24.1794555129274,0.007051306194675379,1.0,0.0625,156.359375
2347,-24.17945556476284,0.006991190867500305,1.0,0.0625,156.421875
2348,-24.17945560090909,0.006891512099965315,1.0,0.03125,156.453125
2349,-24.179455647519863,0.006876523851138816,1.0,0.03125,156.484375
2350,-24.179455684714995,0.006975471864570188,1.0,0.03125,156.515625
2351,-24.179455744765367,0.006850331840998345,1.0,0.15625,156.671875
2352,-24.179455797644753,0.006859692168521226,1.0,0.03125,156.703125
2353,-24.17945585062517,0.0068437456249441225,1.0,0.03125,156.734375
2354,-24.179455895091927,0.0067808197105651,1.0,0.046875,156.78125
2355,-24.179455946629975,0.006681373903330301,1.0,0.03125,156.8125
2356,-24.179456009629657,0.006593779451965754,1.0,0.03125,156.84375
2357,-24.17945605647712,0.006555310640347614,1.0,0.03125,156.875
2358,-24.179456096717587,0.006599967682476288,1.0,0.046875,156.921875
2359,-24.179456135557587,0.006647799653123073,1.0,0.03125,156.953125
2360,-24.17945617731725,0.006613914545278463,1.0,0.09375,157.046875
2361,-24.179456231165975,0.006644151950311466,1.0,0.140625,157.1875
2362,-24.179456280664365,0.006692791419292634,1.0,0.125,157.3125
2363,-24.179456331378397,0.0067039411153909335,1.0,0.140625,157.453125
2364,-24.179456378773505,0.00666373118579145,1.0,0.140625,157.59375
2365,-24.179456426982856,0.006638266994971283,1.0,0.03125,157.625
2366,-24.17945647757817,0.006603771625475991,1.0,0.03125,157.65625
2367,-24.17945651687762,0.006585773845495484,1.0,0.03125,157.6875
2368,-24.179456564036492,0.006569985625271622,1.0,0.03125,157.71875
2369,-24.179456621756795,0.0065638346834961175,1.0,0.03125,157.75
2370,-24.17945666259887,0.006606716352929505,1.0,0.0625,157.8125
2371,-24.179456709623135,0.0065060145693380264,1.0,0.03125,157.84375
2372,-24.179456745351235,0.006426180419777472,1.0,0.046875,157.890625
2373,-24.179456794970026,0.006417480786363937,1.0,0.078125,157.96875
2374,-24.179456839651138,0.006356931351330169,1.0,0.03125,158.0
2375,-24.17945688418213,0.006393309511609557,1.0,0.0625,158.0625
2376,-24.179456918087848,0.006380229275894599,1.0,0.125,158.1875
2377,-24.17945696450322,0.006422703806340331,1.0,0.140625,158.328125
2378,-24.17945701192786,0.00644318765001896,1.0,0.140625,158.46875
2379,-24.179457043378044,0.006482165406016795,1.0,0.140625,158.609375
2380,-24.17945708710709,0.006453063827971383,1.0,0.03125,158.640625
2381,-24.17945712210214,0.0064395012116936715,1.0,0.046875,158.6875
2382,-24.179457166807417,0.006428172196126655,1.0,0.03125,158.71875
2383,-24.179457212965804,0.006407413975576389,1.0,0.03125,158.75
2384,-24.179457248642088,0.006371393767990297,1.0,0.03125,158.78125
2385,-24.179457291663738,0.006324835476736859,1.0,0.15625,158.9375
2386,-24.17945734311514,0.006344510676355173,1.0,0.140625,159.078125
2387,-24.17945738496989,0.006451609109669437,1.0,0.125,159.203125
2388,-24.17945742475813,0.006407579035422352,1.0,0.03125,159.234375
2389,-24.179457464926816,0.006456137958964673,1.0,0.03125,159.265625
2390,-24.17945751211621,0.006434547249438666,1.0,0.03125,159.296875
2391,-24.17945754729647,0.006408023923765999,1.0,0.046875,159.34375
2392,-24.17945758323806,0.006295956895214377,1.0,0.0625,159.40625
2393,-24.179457621508885,0.006287305777447525,1.0,0.109375,159.515625
2394,-24.17945765733107,0.006213289971076347,1.0,0.03125,159.546875
2395,-24.179457690722913,0.006261855294522893,1.0,0.046875,159.59375
2396,-24.179457731599317,0.006263265316639242,1.0,0.140625,159.734375
2397,-24.179457767763314,0.0062283546217836785,1.0,0.0625,159.796875
2398,-24.179457806266743,0.006216287125242437,1.0,0.046875,159.84375
2399,-24.179457844479497,0.006158713683469416,1.0,0.046875,159.890625
2400,-24.179457891651694,0.0060626280708252715,1.0,0.03125,159.921875
2401,-24.179457932805487,0.0060072586920064935,1.0,0.03125,159.953125
2402,-24.179457971696,0.006009138145396616,1.0,0.15625,160.109375
2403,-24.179458002471677,0.005973088958922839,1.0,0.03125,160.140625
2404,-24.17945804129329,0.006018674601053365,1.0,0.03125,160.171875
2405,-24.179458086583267,0.006004351035352346,1.0,0.125,160.296875
2406,-24.179458119875303,0.00593734141605908,1.0,0.125,160.421875
2407,-24.17945815974592,0.0058759371239194055,1.0,0.03125,160.453125
2408,-24.17945819979393,0.005921337751059881,1.0,0.03125,160.484375
2409,-24.179458240219166,0.005964389682612,1.0,0.03125,160.515625
2410,-24.17945828102108,0.006026038852114626,1.0,0.0625,160.578125
2411,-24.179458320922105,0.006066388531406228,1.0,0.03125,160.609375
2412,-24.17945835757306,0.006093602726050618,1.0,0.03125,160.640625
2413,-24.17945839906763,0.006011829307059354,1.0,0.078125,160.71875
2414,-24.179458440064426,0.005958103916518783,1.0,0.03125,160.75
2415,-24.179458479389922,0.005968599475287666,1.0,0.03125,160.78125
2416,-24.1794585191991,0.005969954432016452,1.0,0.140625,160.921875
2417,-24.179458563724378,0.0059806287151934956,1.0,0.046875,160.96875
2418,-24.179458603238142,0.005920654582098427,1.0,0.03125,161.0
2419,-24.179458657041575,0.005877735745669046,1.0,0.0625,161.0625
2420,-24.179458713897407,0.0059127227590956,1.0,0.046875,161.109375
2421,-24.179458743480676,0.005899069022273807,1.0,0.03125,161.140625
2422,-24.179458786355507,0.005891068437274888,1.0,0.15625,161.296875
2423,-24.17945881875851,0.005903286015787637,1.0,0.0625,161.359375
2424,-24.179458864619395,0.005871289069357766,1.0,0.03125,161.390625
2425,-24.17945889704197,0.005801267624167479,1.0,0.15625,161.546875
2426,-24.17945893728272,0.005740960456405976,1.0,0.03125,161.578125
2427,-24.179458971573013,0.005731905124976364,1.0,0.140625,161.71875
2428,-24.179459000611608,0.005727052556667777,1.0,0.140625,161.859375
2429,-24.179459036066827,0.0057134937055884375,1.0,0.03125,161.890625
2430,-24.179459074602306,0.0057522432577117154,1.0,0.09375,161.984375
2431,-24.179459107311907,0.005763437153454783,1.0,0.078125,162.0625
2432,-24.179459134649832,0.0056855327594456375,1.0,0.03125,162.09375
2433,-24.17945917208125,0.0057316475608290085,1.0,0.046875,162.140625
2434,-24.179459205620514,0.005705553879084791,1.0,0.15625,162.296875
2435,-24.179459231756717,0.005667899978277822,1.0,0.03125,162.328125
2436,-24.179459263954787,0.005724065771115272,1.0,0.03125,162.359375
2437,-24.179459301567622,0.005692670819752104,1.0,0.046875,162.40625
2438,-24.17945933573778,0.005700853455319203,1.0,0.09375,162.5
2439,-24.179459372686978,0.005736697703054099,1.0,0.0625,162.5625
2440,-24.179459405409116,0.005655433203650295,1.0,0.046875,162.609375
2441,-24.17945944016509,0.005658448219157939,1.0,0.125,162.734375
2442,-24.17945946717402,0.005589579903152835,1.0,0.03125,162.765625
2443,-24.179459498478877,0.0055326689467990195,1.0,0.03125,162.796875
2444,-24.179459530854032,0.005518571376479675,1.0,0.03125,162.828125
2445,-24.17945956710432,0.005455912174395185,1.0,0.03125,162.859375
2446,-24.179459604434605,0.0054509440078351935,1.0,0.15625,163.015625
2447,-24.17945963568353,0.005494264395205963,1.0,0.03125,163.046875
2448,-24.179459666833747,0.005548984040118235,1.0,0.109375,163.15625
2449,-24.17945970116758,0.005508353580664481,1.0,0.03125,163.1875
2450,-24.179459730069286,0.0054828521205053,1.0,0.046875,163.234375
2451,-24.179459767183236,0.00545962919382083,1.0,0.03125,163.265625
2452,-24.179459793365993,0.005473729552271994,1.0,0.078125,163.34375
2453,-24.179459832301866,0.005449899588087895,1.0,0.046875,163.390625
2454,-24.179459867932017,0.0054277866023087614,1.0,0.046875,163.4375
2455,-24.179459893352995,0.005404078603009233,1.0,0.0625,163.5
2456,-24.179459919873125,0.005410732289432523,1.0,0.03125,163.53125
2457,-24.179459949840417,0.005396665758799101,1.0,0.03125,163.5625
2458,-24.179459983148114,0.005390998108741189,1.0,0.0625,163.625
2459,-24.179460016074135,0.005303997037982812,1.0,0.03125,163.65625
2460,-24.17946005986146,0.005294376128002586,1.0,0.125,163.78125
2461,-24.179460090040354,0.005261150554398276,1.0,0.03125,163.8125
2462,-24.17946012083253,0.005325086967298376,1.0,0.03125,163.84375
2463,-24.179460146845642,0.005233880881238418,1.0,0.03125,163.875
2464,-24.179460175740793,0.005223978288851267,1.0,0.046875,163.921875
2465,-24.179460208354865,0.0051634901400258735,1.0,0.109375,164.03125
2466,-24.179460236651384,0.005194823240419964,1.0,0.09375,164.125
2467,-24.179460264405154,0.005177344596767001,1.0,0.03125,164.15625
2468,-24.17946029091187,0.005102776908160547,1.0,0.140625,164.296875
2469,-24.17946032297804,0.005137589418880038,1.0,0.046875,164.34375
2470,-24.179460343612522,0.005090785297162033,1.0,0.15625,164.5
2471,-24.17946036861749,0.005011241454100437,1.0,0.0625,164.5625
2472,-24.179460390032204,0.005006666420189822,1.0,0.0625,164.625
2473,-24.17946041930272,0.005062679653604918,1.0,0.140625,164.765625
2474,-24.17946044342518,0.005038080056389414,1.0,0.125,164.890625
2475,-24.179460462539982,0.005016894080389172,1.0,0.03125,164.921875
2476,-24.179460489124903,0.005000917539422443,1.0,0.0625,164.984375
2477,-24.179460515814714,0.005044366630473017,1.0,0.125,165.109375
2478,-24.179460541661985,0.005069355062186244,1.0,0.046875,165.15625
2479,-24.179460563755587,0.005064250877826095,1.0,0.046875,165.203125
2480,-24.179460590252493,0.0050374806855344005,1.0,0.03125,165.234375
2481,-24.1794606119597,0.00502539159994579,1.0,0.046875,165.28125
2482,-24.179460637664427,0.005033842105236232,1.0,0.046875,165.328125
2483,-24.179460662144553,0.005014634253620557,1.0,0.03125,165.359375
2484,-24.17946069356356,0.005006090308875518,1.0,0.0625,165.421875
2485,-24.17946072306191,0.004995817797406358,1.0,0.03125,165.453125
2486,-24.17946075261337,0.005028867436330733,1.0,0.046875,165.5
2487,-24.17946077308368,0.005002748600342182,1.0,0.046875,165.546875
2488,-24.179460796338592,0.004999752599917291,1.0,0.140625,165.6875
2489,-24.179460821970416,0.004966238334661218,1.0,0.046875,165.734375
2490,-24.179460840779402,0.004972949591788526,1.0,0.03125,165.765625
2491,-24.179460869881975,0.004985286740146517,1.0,0.046875,165.8125
2492,-24.1794608977069,0.0049972866213058385,1.0,0.046875,165.859375
2493,-24.179460923103075,0.004933914600647155,1.0,0.140625,166.0
2494,-24.179460950930622,0.004974807344297228,1.0,0.125,166.125
2495,-24.17946098033048,0.004996371928819361,1.0,0.140625,166.265625
2496,-24.17946100641662,0.004994975284803648,1.0,0.140625,166.40625
2497,-24.179461031226452,0.005019062956953806,1.0,0.140625,166.546875
2498,-24.179461054647433,0.004988637719354037,1.0,0.140625,166.6875
2499,-24.17946108840909,0.004947563964697465,1.0,0.140625,166.828125
2500,-24.179461117512925,0.004911918101504786,1.0,0.140625,166.96875
2501,-24.17946114708189,0.00486848553595414,1.0,0.140625,167.109375
2502,-24.179461170551683,0.004830972723941306,1.0,0.0625,167.171875
2503,-24.179461189121717,0.004802691533815809,1.0,0.09375,167.265625
2504,-24.179461219943125,0.004819833219621038,1.0,0.09375,167.359375
2505,-24.17946124602035,0.004752652660193211,1.0,0.03125,167.390625
2506,-24.179461264870064,0.004801507171300031,1.0,0.0625,167.453125
2507,-24.179461286223987,0.004791572650170418,1.0,0.0625,167.515625
2508,-24.179461315441493,0.00481460667035785,1.0,0.03125,167.546875
2509,-24.179461343008224,0.004852721955997958,1.0,0.109375,167.65625
2510,-24.179461367372884,0.0048391784814680065,1.0,0.03125,167.6875
2511,-24.179461390383675,0.004874762277758453,1.0,0.140625,167.828125
2512,-24.17946140926232,0.004838886452577858,1.0,0.015625,167.84375
2513,-24.17946143514805,0.004814937677093659,1.0,0.046875,167.890625
2514,-24.179461466422158,0.0047881674975510345,1.0,0.15625,168.046875
2515,-24.17946149008511,0.004802793712671393,1.0,0.03125,168.078125
2516,-24.179461512908208,0.004788658029175388,1.0,0.0625,168.140625
2517,-24.179461536708406,0.004759021075413272,1.0,0.046875,168.1875
2518,-24.179461557821508,0.004736530536223277,1.0,0.03125,168.21875
2519,-24.179461583223265,0.0047006631743931795,1.0,0.140625,168.359375
2520,-24.179461608734584,0.004647302361106201,1.0,0.140625,168.5
2521,-24.179461627012202,0.004583805788293122,1.0,0.046875,168.546875
2522,-24.179461646730086,0.0045786121518895115,1.0,0.03125,168.578125
2523,-24.179461668453754,0.004597845868590192,1.0,0.03125,168.609375
2524,-24.179461687971408,0.004594422773572886,1.0,0.03125,168.640625
2525,-24.17946170636118,0.004606691962129755,1.0,0.109375,168.75
2526,-24.17946173082991,0.004598553118767073,1.0,0.03125,168.78125
2527,-24.17946175141427,0.004554666094737058,1.0,0.15625,168.9375
2528,-24.179461776118284,0.004580671269184006,1.0,0.03125,168.96875
2529,-24.17946179248516,0.004521266655903693,1.0,0.03125,169.0
2530,-24.179461814473164,0.004564248782082673,1.0,0.03125,169.03125
2531,-24.179461829556168,0.004566715734507636,1.0,0.125,169.15625
2532,-24.179461856069135,0.004606717778966875,1.0,0.015625,169.171875
2533,-24.179461880495108,0.004612251904290966,1.0,0.09375,169.265625
2534,-24.179461901519577,0.004580249614179126,1.0,0.140625,169.40625
2535,-24.179461921907013,0.004528674916271348,1.0,0.03125,169.4375
2536,-24.17946194168664,0.004475808759857868,1.0,0.0625,169.5
2537,-24.179461963726766,0.004461830948678834,1.0,0.046875,169.546875
2538,-24.179461982594695,0.004438151364454382,1.0,0.03125,169.578125
2539,-24.17946199716044,0.00443926023140855,1.0,0.140625,169.71875
2540,-24.179462019315025,0.004459264156668733,1.0,0.078125,169.796875
2541,-24.17946204489991,0.004453583847624225,1.0,0.03125,169.828125
2542,-24.179462065057514,0.004452284640527243,1.0,0.046875,169.875
2543,-24.179462089969913,0.004435886699673724,1.0,0.03125,169.90625
2544,-24.179462108480863,0.004406645243031341,1.0,0.0625,169.96875
2545,-24.17946212955741,0.004414995239417645,1.0,0.15625,170.125
2546,-24.179462150785508,0.004401047829702196,1.0,0.140625,170.265625
2547,-24.17946217230099,0.004360075856914435,1.0,0.140625,170.40625
2548,-24.179462192552286,0.0044208634690209156,1.0,0.0625,170.46875
2549,-24.179462215339214,0.004405926353498929,1.0,0.03125,170.5
2550,-24.179462234357572,0.004364158951637917,1.0,0.03125,170.53125
2551,-24.179462256015878,0.004359378340340614,1.0,0.0625,170.59375
2552,-24.179462282117644,0.004386739867190038,1.0,0.1875,170.78125
2553,-24.17946230110357,0.004346774316174628,1.0,0.0625,170.84375
2554,-24.17946232303315,0.004300290481745956,1.0,0.03125,170.875
2555,-24.17946234027074,0.0042695148741676995,1.0,0.03125,170.90625
2556,-24.179462356461862,0.004260279513004951,1.0,0.046875,170.953125
2557,-24.179462372538,0.004237220838921778,1.0,0.015625,170.96875
2558,-24.17946239156734,0.004189625194339541,1.0,0.03125,171.0
2559,-24.17946241228874,0.004183773938090802,1.0,0.03125,171.03125
2560,-24.17946243135553,0.0041878723007812155,1.0,0.03125,171.0625
2561,-24.179462448452206,0.00418018842576135,1.0,0.03125,171.09375
2562,-24.179462465567592,0.004160469935390234,1.0,0.109375,171.203125
2563,-24.17946247924798,0.00414661011387377,1.0,0.015625,171.21875
2564,-24.179462497295994,0.004162333782888501,1.0,0.25,171.46875
2565,-24.179462515792732,0.004184157072202489,1.0,0.109375,171.578125
2566,-24.17946253112111,0.004230956499490569,1.0,0.015625,171.59375
2567,-24.179462547840693,0.004230883191542578,1.0,0.140625,171.734375
2568,-24.179462562770635,0.004196582582013207,1.0,0.09375,171.828125
2569,-24.179462581424545,0.004226434064850473,1.0,0.140625,171.96875
2570,-24.179462597337853,0.0042546720044311925,1.0,0.140625,172.109375
2571,-24.179462614906157,0.004173006027618498,1.0,0.015625,172.125
2572,-24.179462631425753,0.004167525027355272,1.0,0.03125,172.15625
2573,-24.179462654592417,0.004158530738885076,1.0,0.03125,172.1875
2574,-24.179462670382232,0.004118398619487033,1.0,0.0625,172.25
2575,-24.179462688049924,0.004131880705645035,1.0,0.03125,172.28125
2576,-24.179462702136053,0.004078785320638365,1.0,0.046875,172.328125
2577,-24.179462715725766,0.004047683680244276,1.0,0.046875,172.375
2578,-24.17946273456056,0.004076541212472214,1.0,0.046875,172.421875
2579,-24.179462754090743,0.004108128067216797,1.0,0.046875,172.46875
2580,-24.179462776463605,0.004068355350168454,1.0,0.046875,172.515625
2581,-24.179462790454384,0.004076169394222801,1.0,0.03125,172.546875
2582,-24.179462806574456,0.004036779981653026,1.0,0.046875,172.59375
2583,-24.17946282156578,0.004014243056775935,1.0,0.03125,172.625
2584,-24.17946283729684,0.003992361456061479,1.0,0.046875,172.671875
2585,-24.179462853194693,0.003977727262507023,1.0,0.03125,172.703125
2586,-24.17946287324853,0.003971443758536758,1.0,0.046875,172.75
2587,-24.179462890165606,0.003970900943634994,1.0,0.078125,172.828125
2588,-24.179462909925203,0.003922971993451798,1.0,0.125,172.953125
2589,-24.17946292776137,0.003900978652525195,1.0,0.140625,173.09375
2590,-24.179462946279273,0.003918513154181791,1.0,0.140625,173.234375
2591,-24.179462958912623,0.0039493289365558374,1.0,0.046875,173.28125
2592,-24.17946297222121,0.0039288125877220475,1.0,0.15625,173.4375
2593,-24.17946298692649,0.003893462128709026,1.0,0.140625,173.578125
2594,-24.17946300211692,0.003896329616007794,1.0,0.140625,173.71875
2595,-24.179463012707448,0.003903871231314192,1.0,0.140625,173.859375
2596,-24.179463031434715,0.003868246977974463,1.0,0.140625,174.0
2597,-24.17946304631263,0.003872887153054107,1.0,0.140625,174.140625
2598,-24.179463066289898,0.003880611903485981,1.0,0.140625,174.28125
2599,-24.17946308135918,0.003891039101794575,1.0,0.03125,174.3125
2600,-24.179463099015695,0.0038358945409279685,1.0,0.03125,174.34375
2601,-24.179463112790625,0.0038207128322813705,1.0,0.046875,174.390625
2602,-24.179463134678134,0.003825466591752444,1.0,0.046875,174.4375
2603,-24.17946315325107,0.0038328815465127966,1.0,0.03125,174.46875
2604,-24.17946316827439,0.0038237636930856986,1.0,0.03125,174.5
2605,-24.17946318700078,0.0038137712694615556,1.0,0.03125,174.53125
2606,-24.179463200997308,0.003802603361963569,1.0,0.03125,174.5625
2607,-24.179463213850262,0.0037814893617272305,1.0,0.046875,174.609375
2608,-24.179463229342876,0.0037518685732421046,1.0,0.046875,174.65625
2609,-24.179463245045927,0.0037670702619350526,1.0,0.046875,174.703125
2610,-24.179463263988474,0.0037214591827925076,1.0,0.03125,174.734375
2611,-24.17946328003669,0.0036938197538418345,1.0,0.03125,174.765625
2612,-24.179463294508885,0.0036873009897504167,1.0,0.03125,174.796875
2613,-24.179463307143727,0.0037076896161426583,1.0,0.03125,174.828125
2614,-24.179463319902236,0.0037142502078405565,1.0,0.03125,174.859375
2615,-24.17946333480431,0.003661932565779901,1.0,0.03125,174.890625
2616,-24.179463348238674,0.003677544259344746,1.0,0.03125,174.921875
2617,-24.179463362838746,0.0036733525529334655,1.0,0.046875,174.96875
2618,-24.179463378398744,0.003689928718232804,1.0,0.046875,175.015625
2619,-24.17946339084334,0.003702993428050773,1.0,0.046875,175.0625
2620,-24.179463405819476,0.003669768100553019,1.0,0.0625,175.125
2621,-24.179463422039852,0.0036303463211916254,1.0,0.03125,175.15625
2622,-24.179463437699795,0.0036482282384298803,1.0,0.078125,175.234375
2623,-24.179463454088033,0.003617291342305793,1.0,0.125,175.359375
2624,-24.179463465763884,0.0036269879556727197,1.0,0.0,175.359375
2625,-24.179463477401836,0.0036067565812198817,1.0,0.109375,175.46875
2626,-24.179463492210836,0.0036394355423988076,1.0,0.03125,175.5
2627,-24.17946350592145,0.0036276186786206328,1.0,0.140625,175.640625
2628,-24.179463518801324,0.003636283884472203,1.0,0.0625,175.703125
2629,-24.1794635314787,0.0036122475447540182,1.0,0.140625,175.84375
2630,-24.179463547717482,0.003652199701632265,1.0,0.140625,175.984375
2631,-24.17946356309127,0.0036365329546441875,1.0,0.0625,176.046875
2632,-24.17946357755674,0.0036265700284057838,1.0,0.03125,176.078125
2633,-24.179463591638,0.0035633926379108343,1.0,0.03125,176.109375
2634,-24.179463606021855,0.0034952535343182344,1.0,0.03125,176.140625
2635,-24.17946362041775,0.0034377178099245067,1.0,0.03125,176.171875
2636,-24.179463635339747,0.0034304815264323938,1.0,0.03125,176.203125
2637,-24.17946364885869,0.0034616182928335773,1.0,0.03125,176.234375
2638,-24.17946366058357,0.0034533510473108925,1.0,0.015625,176.25
2639,-24.179463672855743,0.003406351039992806,1.0,0.03125,176.28125
2640,-24.179463684375193,0.0034294489316195813,1.0,0.03125,176.3125
2641,-24.179463696060633,0.003416400568881546,1.0,0.015625,176.328125
2642,-24.179463707913047,0.003393351042370443,1.0,0.03125,176.359375
2643,-24.179463720603152,0.0034056216494554293,1.0,0.015625,176.375
2644,-24.17946373571238,0.0034085712419385287,1.0,0.21875,176.59375
2645,-24.17946374812829,0.0033610360998173115,1.0,0.0625,176.65625
2646,-24.179463759144717,0.003345482377407291,1.0,0.03125,176.6875
2647,-24.179463772735833,0.0033497597105755627,1.0,0.140625,176.828125
2648,-24.17946378698338,0.0033764643613321127,1.0,0.078125,176.90625
2649,-24.179463799342958,0.0033459451380726366,1.0,0.140625,177.046875
2650,-24.179463810602147,0.0033544394606255606,1.0,0.125,177.171875
2651,-24.179463824840855,0.0033546726121941534,1.0,0.046875,177.21875
2652,-24.179463835209443,0.0033009827328005217,1.0,0.03125,177.25
2653,-24.179463850718857,0.0033218705063989694,1.0,0.03125,177.28125
2654,-24.17946385904319,0.0032649185556137264,1.0,0.03125,177.3125
2655,-24.179463869573738,0.003290822444510902,1.0,0.03125,177.34375
2656,-24.17946387923313,0.003297371690532014,1.0,0.03125,177.375
2657,-24.17946388867648,0.003304144031618218,1.0,0.03125,177.40625
2658,-24.17946389696869,0.0032775028647989857,1.0,0.109375,177.515625
2659,-24.179463908294185,0.003320877627172266,1.0,0.03125,177.546875
2660,-24.179463921980624,0.003309789680857411,1.0,0.03125,177.578125
2661,-24.179463933536763,0.003314117547883946,1.0,0.03125,177.609375
2662,-24.179463944184157,0.0032933462035256047,1.0,0.015625,177.625
2663,-24.17946395709153,0.003281567715104884,1.0,0.03125,177.65625
2664,-24.179463969472497,0.0033037968832689666,1.0,0.046875,177.703125
2665,-24.179463981408762,0.0033423278034112294,1.0,0.109375,177.8125
2666,-24.179463990420317,0.0033277791351314766,1.0,0.03125,177.84375
2667,-24.179464001248533,0.003280291587898325,1.0,0.15625,178.0
2668,-24.179464011340105,0.003265548702146979,1.0,0.125,178.125
2669,-24.179464024113187,0.003278131719414594,1.0,0.03125,178.15625
2670,-24.17946403292642,0.0032670303269900927,1.0,0.03125,178.1875
2671,-24.179464044433942,0.0032270826766741755,1.0,0.046875,178.234375
2672,-24.179464052519798,0.003248382886960918,1.0,0.03125,178.265625
2673,-24.17946406363594,0.0031983801554514475,1.0,0.0625,178.328125
2674,-24.179464073614216,0.003166664747485669,1.0,0.046875,178.375
2675,-24.17946408249177,0.003178185088676238,1.0,0.046875,178.421875
2676,-24.179464094818606,0.003194515690078112,1.0,0.03125,178.453125
2677,-24.179464104498116,0.0031925897456672988,1.0,0.15625,178.609375
2678,-24.179464115227393,0.003215259791000224,1.0,0.140625,178.75
2679,-24.179464124397537,0.003181618616659821,1.0,0.140625,178.890625
2680,-24.179464136678817,0.003228126661908769,1.0,0.078125,178.96875
2681,-24.179464146129508,0.0032224311087462477,1.0,0.046875,179.015625
2682,-24.179464158091825,0.003223324018894939,1.0,0.03125,179.046875
2683,-24.179464169648902,0.003208369991874757,1.0,0.1875,179.234375
2684,-24.17946417888472,0.0031977732109115488,1.0,0.03125,179.265625
2685,-24.179464192073723,0.0031744281448328232,1.0,0.046875,179.3125
2686,-24.179464204106544,0.0031754013948939665,1.0,0.046875,179.359375
2687,-24.179464214277093,0.003152747036070504,1.0,0.03125,179.390625
2688,-24.179464222965848,0.0031397864187242817,1.0,0.15625,179.546875
2689,-24.179464232565454,0.0031450483094073783,1.0,0.03125,179.578125
2690,-24.179464240904537,0.0031528418353205818,1.0,0.03125,179.609375
2691,-24.179464253375535,0.0031205807893874265,1.0,0.03125,179.640625
2692,-24.179464263588404,0.0031108238005489795,1.0,0.140625,179.78125
2693,-24.17946427352577,0.003091499891596901,1.0,0.0625,179.84375
2694,-24.179464283629613,0.00310737187981267,1.0,0.109375,179.953125
2695,-24.179464296086397,0.0030455609572204207,1.0,0.03125,179.984375
2696,-24.17946430717671,0.0031124960180342236,1.0,0.0625,180.046875
2697,-24.179464317088367,0.0030825030412873146,1.0,0.046875,180.09375
2698,-24.17946432480944,0.0030993687099214132,1.0,0.140625,180.234375
2699,-24.179464334404333,0.003076082882980671,1.0,0.140625,180.375
2700,-24.17946434455841,0.0030340028062553243,1.0,0.015625,180.390625
2701,-24.179464355212712,0.0029943940242897786,1.0,0.046875,180.4375
2702,-24.179464362339047,0.003022382356161545,1.0,0.03125,180.46875
2703,-24.179464371343403,0.0029878332678609336,1.0,0.140625,180.609375
2704,-24.17946437864638,0.002994462122256412,1.0,0.03125,180.640625
2705,-24.17946438883977,0.0030099425974344646,1.0,0.0625,180.703125
2706,-24.179464399734144,0.0030273844523189463,1.0,0.03125,180.734375
2707,-24.17946440804089,0.003039420084512687,1.0,0.015625,180.75
2708,-24.179464416136767,0.003018926197110766,1.0,0.046875,180.796875
2709,-24.179464425575375,0.002976749008451312,1.0,0.09375,180.890625
2710,-24.17946443485592,0.0029674455559349283,1.0,0.0625,180.953125
2711,-24.179464443214815,0.0029551916918488332,1.0,0.03125,180.984375
2712,-24.1794644534116,0.002911637831420012,1.0,0.03125,181.015625
2713,-24.17946446296173,0.0028845092583704075,1.0,0.03125,181.046875
2714,-24.179464472836155,0.0028523163606940082,1.0,0.03125,181.078125
2715,-24.179464480338176,0.0028703794691668674,1.0,0.03125,181.109375
2716,-24.17946448903159,0.0028895593308834685,1.0,0.046875,181.15625
2717,-24.17946449817844,0.0028822445605508435,1.0,0.15625,181.3125
2718,-24.17946450720503,0.002887072789906851,1.0,0.140625,181.453125
2719,-24.179464516699692,0.0028795198217261143,1.0,0.140625,181.59375
2720,-24.179464524209454,0.00284738940951446,1.0,0.140625,181.734375
2721,-24.179464532513492,0.0028758654510426048,1.0,0.140625,181.875
2722,-24.17946454038991,0.0028672538389268097,1.0,0.140625,182.015625
2723,-24.179464551140484,0.002812759033958971,1.0,0.03125,182.046875
2724,-24.179464557572267,0.002811524513472202,1.0,0.046875,182.09375
2725,-24.17946456637176,0.0028027190927984408,1.0,0.03125,182.125
2726,-24.179464573952377,0.0028260935537119773,1.0,0.140625,182.265625
2727,-24.179464582202378,0.002827457177134292,1.0,0.140625,182.40625
2728,-24.17946459137641,0.0028172863483544547,1.0,0.140625,182.546875
2729,-24.179464600616107,0.0027789312767575627,1.0,0.0625,182.609375
2730,-24.179464607998142,0.0027872847142079897,1.0,0.03125,182.640625
2731,-24.17946461425201,0.002792621842823102,1.0,0.03125,182.671875
2732,-24.17946462254711,0.002788608645455322,1.0,0.03125,182.703125
2733,-24.17946463194585,0.002808226081018717,1.0,0.0625,182.765625
2734,-24.179464639229458,0.002813466176543633,1.0,0.03125,182.796875
2735,-24.179464646868105,0.0028093167435190042,1.0,0.046875,182.84375
2736,-24.179464654122217,0.002798732867390634,1.0,0.03125,182.875
2737,-24.17946466288285,0.0027733477969960865,1.0,0.03125,182.90625
2738,-24.17946467038522,0.0027592640580386854,1.0,0.03125,182.9375
2739,-24.179464678506747,0.0027098970659743967,1.0,0.046875,182.984375
2740,-24.17946468672348,0.002702933343147884,1.0,0.046875,183.03125
2741,-24.179464694424645,0.002666610370722613,1.0,0.046875,183.078125
2742,-24.17946470213815,0.002671446772530602,1.0,0.03125,183.109375
2743,-24.179464709263815,0.0026748310848529423,1.0,0.015625,183.125
2744,-24.17946471819537,0.0026847578931285,1.0,0.046875,183.171875
2745,-24.179464726323403,0.002693203557158181,1.0,0.171875,183.34375
2746,-24.17946473385143,0.002698248232176715,1.0,0.140625,183.484375
2747,-24.179464742843322,0.0026772374717881063,1.0,0.09375,183.578125
2748,-24.17946474956093,0.0026454558094892895,1.0,0.0,183.578125
2749,-24.179464754771626,0.002662175245425616,1.0,0.109375,183.6875
2750,-24.179464762627244,0.002686268905903216,1.0,0.046875,183.734375
2751,-24.17946476987794,0.0026838850262251215,1.0,0.140625,183.875
2752,-24.17946477715613,0.002703825378108894,1.0,0.03125,183.90625
2753,-24.17946478371767,0.002678530361083278,1.0,0.046875,183.953125
2754,-24.179464789417533,0.0026836770679252524,1.0,0.03125,183.984375
2755,-24.179464795646833,0.002665767746181584,1.0,0.1875,184.171875
2756,-24.1794648037971,0.0026336119345607527,1.0,0.140625,184.3125
2757,-24.17946481058009,0.0026369687823869685,1.0,0.03125,184.34375
2758,-24.179464815620364,0.0026274220625477317,1.0,0.03125,184.375
2759,-24.179464820872543,0.002618772574664323,1.0,0.046875,184.421875
2760,-24.17946483071956,0.002619246619263876,1.0,0.046875,184.46875
2761,-24.17946483833791,0.0026319533811291454,1.0,0.03125,184.5
2762,-24.179464844996815,0.002618710812417482,1.0,0.25,184.75
2763,-24.179464851718866,0.002607883591268429,1.0,0.140625,184.890625
2764,-24.179464857310467,0.0025964869824492837,1.0,0.03125,184.921875
2765,-24.179464865316106,0.002580995850721313,1.0,0.046875,184.96875
2766,-24.17946487326203,0.002582017952037713,1.0,0.03125,185.0
2767,-24.179464879822525,0.0025836693437846785,1.0,0.140625,185.140625
2768,-24.179464887372486,0.0026330903871024888,1.0,0.140625,185.28125
2769,-24.179464894847627,0.00261320709925567,1.0,0.03125,185.3125
2770,-24.179464902334658,0.0026041645007209993,1.0,0.0625,185.375
2771,-24.17946490981974,0.002584060976151476,1.0,0.03125,185.40625
2772,-24.17946491686849,0.0025734629221003495,1.0,0.046875,185.453125
2773,-24.179464922580937,0.0025879491035013065,1.0,0.09375,185.546875
2774,-24.17946492853264,0.0026008462765260867,1.0,0.03125,185.578125
2775,-24.179464936044752,0.0025624132175469235,1.0,0.03125,185.609375
2776,-24.17946494271562,0.002569759668635657,1.0,0.0625,185.671875
2777,-24.17946494847917,0.002560623311879167,1.0,0.03125,185.703125
2778,-24.179464954561713,0.002573175190345615,1.0,0.03125,185.734375
2779,-24.17946496227297,0.002530786340193053,1.0,0.25,185.984375
2780,-24.179464967619218,0.0025372472172373295,1.0,0.03125,186.015625
2781,-24.179464975522293,0.0025296964850647563,1.0,0.046875,186.0625
2782,-24.179464982192183,0.002541489183507494,1.0,0.125,186.1875
2783,-24.179464988380424,0.002546184777218917,1.0,0.140625,186.328125
2784,-24.179464994537454,0.0025449579512122375,1.0,0.046875,186.375
2785,-24.179465001879723,0.0025381159900037227,1.0,0.03125,186.40625
2786,-24.179465010153557,0.0025174670972687393,1.0,0.046875,186.453125
2787,-24.179465017764166,0.0025161294206754257,1.0,0.078125,186.53125
2788,-24.179465024693727,0.002511319743650452,1.0,0.15625,186.6875
2789,-24.17946502899946,0.0024994199032189633,1.0,0.03125,186.71875
2790,-24.179465034726505,0.0024846793763184534,1.0,0.125,186.84375
2791,-24.179465040019796,0.0024857788131429823,1.0,0.046875,186.890625
2792,-24.179465045643877,0.002480355252577166,1.0,0.125,187.015625
2793,-24.179465051392725,0.0024317176079526916,1.0,0.0625,187.078125
2794,-24.17946505762097,0.002427115811439934,1.0,0.171875,187.25
2795,-24.17946506337456,0.0024122942541156215,1.0,0.0625,187.3125
2796,-24.17946507110891,0.002403229803088203,1.0,0.03125,187.34375
2797,-24.17946507733118,0.0024089024766739955,1.0,0.140625,187.484375
2798,-24.17946508218791,0.0024083916018786565,1.0,0.03125,187.515625
2799,-24.17946508743783,0.002414955110789581,1.0,0.046875,187.5625
2800,-24.17946509314861,0.002437583710983918,1.0,0.046875,187.609375
2801,-24.179465098629457,0.002423368573646707,1.0,0.03125,187.640625
2802,-24.17946510416086,0.002389793020409156,1.0,0.140625,187.78125
2803,-24.179465111849442,0.002368812215872174,1.0,0.015625,187.796875
2804,-24.17946511704292,0.0023528272250561235,1.0,0.046875,187.84375
2805,-24.17946512285791,0.0023509636709460827,1.0,0.125,187.96875
2806,-24.179465128252733,0.0023452687801408965,1.0,0.140625,188.109375
2807,-24.179465133270995,0.002344012338986062,1.0,0.109375,188.21875
2808,-24.179465138086407,0.0023215308634197567,1.0,0.03125,188.25
2809,-24.17946514484974,0.0023203452605796804,1.0,0.046875,188.296875
2810,-24.179465149988413,0.002337026117611626,1.0,0.09375,188.390625
2811,-24.179465156336487,0.0023027971110655752,1.0,0.078125,188.46875
2812,-24.17946516122393,0.0023033355398642216,1.0,0.140625,188.609375
2813,-24.179465167355957,0.0022842750723387033,1.0,0.0625,188.671875
2814,-24.17946517326515,0.0022822004307467615,1.0,0.03125,188.703125
2815,-24.179465179634125,0.002264691027294019,1.0,0.109375,188.8125
2816,-24.179465185007697,0.0022840846774816277,1.0,0.03125,188.84375
2817,-24.17946519056319,0.0022737730606698005,1.0,0.03125,188.875
2818,-24.179465195438045,0.002309212452162427,1.0,0.046875,188.921875
2819,-24.17946520148588,0.0023248514833192806,1.0,0.109375,189.03125
2820,-24.179465206385114,0.002327966325940096,1.0,0.03125,189.0625
2821,-24.17946521148217,0.002338927979353545,1.0,0.125,189.1875
2822,-24.179465217201837,0.002314466157576096,1.0,0.0625,189.25
2823,-24.17946522250757,0.0023097240017160322,1.0,0.046875,189.296875
2824,-24.17946522723762,0.00228996408394687,1.0,0.03125,189.328125
2825,-24.179465233290873,0.002284238718950733,1.0,0.125,189.453125
2826,-24.17946523782335,0.0023208508148265476,1.0,0.046875,189.5
2827,-24.179465243514194,0.0022757712996640356,1.0,0.03125,189.53125
2828,-24.17946524863603,0.0022966710633007255,1.0,0.09375,189.625
2829,-24.179465254485027,0.002300111911914203,1.0,0.140625,189.765625
2830,-24.179465260666706,0.0022773666856383953,1.0,0.03125,189.796875
2831,-24.179465265633617,0.002266176909998699,1.0,0.109375,189.90625
2832,-24.179465271876133,0.002254819916236647,1.0,0.03125,189.9375
2833,-24.17946527587691,0.0022531560545580877,1.0,0.125,190.0625
2834,-24.179465282268,0.0022379133803707425,1.0,0.03125,190.09375
2835,-24.179465286978257,0.0022327358442313316,1.0,0.140625,190.234375
2836,-24.17946529411403,0.002211376291387244,1.0,0.046875,190.28125
2837,-24.17946530008984,0.002210640340707976,1.0,0.078125,190.359375
2838,-24.17946530485531,0.0022145564976467007,1.0,0.03125,190.390625
2839,-24.179465309387513,0.002213806145253141,1.0,0.140625,190.53125
2840,-24.179465315706004,0.002195314261404933,1.0,0.03125,190.5625
2841,-24.179465321787863,0.002199876197569794,1.0,0.03125,190.59375
2842,-24.17946532584396,0.002200945954709779,1.0,0.046875,190.640625
2843,-24.179465331374296,0.002166937589266711,1.0,0.046875,190.6875
2844,-24.17946533683109,0.00217114201692269,1.0,0.09375,190.78125
2845,-24.17946534109592,0.0021453408892088467,1.0,0.046875,190.828125
2846,-24.179465345496247,0.00214917253527882,1.0,0.140625,190.96875
2847,-24.179465350956843,0.00215394066398496,1.0,0.15625,191.125
2848,-24.179465355607615,0.0021580603104362937,1.0,0.078125,191.203125
2849,-24.179465359635852,0.002129946805017197,1.0,0.0625,191.265625
2850,-24.179465364378604,0.002133291208626742,1.0,0.140625,191.40625
2851,-24.179465369902697,0.002116065303099139,1.0,0.046875,191.453125
2852,-24.179465374276727,0.0020909960712418036,1.0,0.140625,191.59375
2853,-24.17946538009113,0.002096298647156616,1.0,0.0625,191.65625
2854,-24.179465384682306,0.002096708470093991,1.0,0.140625,191.796875
2855,-24.179465388762964,0.002105907050441555,1.0,0.078125,191.875
2856,-24.179465392973732,0.002120853410422563,1.0,0.046875,191.921875
2857,-24.17946539776354,0.002124252182518577,1.0,0.140625,192.0625
2858,-24.179465401958762,0.002121176571388896,1.0,0.03125,192.09375
2859,-24.179465407406216,0.0021216210282930686,1.0,0.109375,192.203125
2860,-24.17946541176825,0.002143725362628793,1.0,0.03125,192.234375
2861,-24.179465415837118,0.0021346182874929045,1.0,0.109375,192.34375
2862,-24.17946541996714,0.0021381314737609677,1.0,0.03125,192.375
2863,-24.179465425738996,0.002128572982313809,1.0,0.125,192.5
2864,-24.179465431241802,0.0021260591757224843,1.0,0.078125,192.578125
2865,-24.17946543553971,0.0021254297383369817,1.0,0.03125,192.609375
2866,-24.17946544171697,0.0021163855132073713,1.0,0.0625,192.671875
2867,-24.17946544565359,0.0020828995031196007,1.0,0.078125,192.75
2868,-24.179465450114783,0.0020692041260784817,1.0,0.046875,192.796875
2869,-24.179465453820246,0.0020609788323340135,1.0,0.078125,192.875
2870,-24.179465457087982,0.002060072959456648,1.0,0.109375,192.984375
2871,-24.179465460486973,0.0020486242807982104,1.0,0.078125,193.0625
2872,-24.17946546440378,0.002053601455488168,1.0,0.046875,193.109375
2873,-24.17946546827318,0.0020544978977165567,1.0,0.15625,193.265625
2874,-24.179465472043915,0.002027050314889857,1.0,0.046875,193.3125
2875,-24.179465477264444,0.002017359936818961,1.0,0.03125,193.34375
2876,-24.179465481185776,0.0019808637137328864,1.0,0.140625,193.484375
2877,-24.179465485889775,0.0019939822627723187,1.0,0.03125,193.515625
2878,-24.179465489355387,0.001993256999771215,1.0,0.0625,193.578125
2879,-24.179465493822736,0.0019872990456087257,1.0,0.0625,193.640625
2880,-24.179465497943113,0.0019940293345535754,1.0,0.046875,193.6875
2881,-24.17946550209564,0.001990467227420994,1.0,0.046875,193.734375
2882,-24.179465505867515,0.001974806993943165,1.0,0.078125,193.8125
2883,-24.179465510155275,0.001956358159445264,1.0,0.03125,193.84375
2884,-24.17946551400742,0.001958271853100556,1.0,0.0625,193.90625
2885,-24.17946551809742,0.001969539752000231,1.0,0.03125,193.9375
2886,-24.179465522233095,0.0019785127631994307,1.0,0.125,194.0625
2887,-24.179465526862025,0.00199491213236227,1.0,0.03125,194.09375
2888,-24.179465530560343,0.0019962566226894,1.0,0.03125,194.125
2889,-24.179465535712612,0.0019818340484543647,1.0,0.03125,194.15625
2890,-24.179465539202553,0.0019665107103157384,1.0,0.03125,194.1875
2891,-24.179465542979656,0.0019628850294865006,1.0,0.03125,194.21875
2892,-24.1794655461174,0.001969024558629795,1.0,0.03125,194.25
2893,-24.17946555082234,0.001960617913681704,1.0,0.03125,194.28125
2894,-24.179465555416332,0.001965781532072056,1.0,0.03125,194.3125
2895,-24.17946555904577,0.0019476670737401584,1.0,0.03125,194.34375
2896,-24.17946556235161,0.0019493226881796613,1.0,0.03125,194.375
2897,-24.179465565418404,0.0019459443725136053,1.0,0.0625,194.4375
2898,-24.179465569138667,0.0019393512081574184,1.0,0.046875,194.484375
2899,-24.179465573116325,0.0019216338886395405,1.0,0.03125,194.515625
2900,-24.179465576324464,0.0019429242037740894,1.0,0.03125,194.546875
2901,-24.179465580220782,0.0019357232821001415,1.0,0.03125,194.578125
2902,-24.179465584089062,0.0019208709679668088,1.0,0.03125,194.609375
2903,-24.179465589461543,0.0018954990863040886,1.0,0.03125,194.640625
2904,-24.17946559274536,0.0018788761671778426,1.0,0.03125,194.671875
2905,-24.179465596419224,0.0018624841497696955,1.0,0.0625,194.734375
2906,-24.17946560057806,0.0018692364080811967,1.0,0.03125,194.765625
2907,-24.179465604322786,0.0018783983999901015,1.0,0.03125,194.796875
2908,-24.17946560806749,0.001870373298669309,1.0,0.046875,194.84375
2909,-24.179465611762364,0.0018774596823408348,1.0,0.03125,194.875
2910,-24.179465615383116,0.001866032705756957,1.0,0.046875,194.921875
2911,-24.179465618689246,0.001870891629728661,1.0,0.03125,194.953125
2912,-24.179465622180725,0.001879998878744539,1.0,0.046875,195.0
2913,-24.179465624893993,0.001864040424856958,1.0,0.03125,195.03125
2914,-24.17946562880842,0.0018666419845743353,1.0,0.046875,195.078125
2915,-24.17946563332407,0.0018260956646873885,1.0,0.03125,195.109375
2916,-24.179465637621973,0.0018273181236767013,1.0,0.046875,195.15625
2917,-24.179465640566967,0.001850029798949176,1.0,0.03125,195.1875
2918,-24.179465643925507,0.0018252405186307387,1.0,0.03125,195.21875
2919,-24.179465646940912,0.0018083365815702017,1.0,0.078125,195.296875
2920,-24.17946565131058,0.001822633470307588,1.0,0.140625,195.4375
2921,-24.179465654178973,0.0018278916954041042,1.0,0.03125,195.46875
2922,-24.179465657974173,0.001833733479376043,1.0,0.03125,195.5
2923,-24.17946566091157,0.0018052826958146469,1.0,0.03125,195.53125
2924,-24.179465663986708,0.0017864527521231355,1.0,0.046875,195.578125
2925,-24.179465667026065,0.0017816306546247637,1.0,0.03125,195.609375
2926,-24.17946567062073,0.001769122315464443,1.0,0.03125,195.640625
2927,-24.179465674101973,0.0017469440142754361,1.0,0.03125,195.671875
2928,-24.179465677082618,0.0017564341059052033,1.0,0.046875,195.71875
2929,-24.179465680903647,0.0017657422786230576,1.0,0.03125,195.75
2930,-24.179465684613984,0.0017733263256620021,1.0,0.03125,195.78125
2931,-24.17946568850118,0.001775192948410374,1.0,0.03125,195.8125
2932,-24.179465691823417,0.0017749582133963836,1.0,0.140625,195.953125
2933,-24.179465696363913,0.0017944803321931894,1.0,0.140625,196.09375
2934,-24.179465698720666,0.0017805972758977782,1.0,0.046875,196.140625
2935,-24.179465702746672,0.001769665137131894,1.0,0.03125,196.171875
2936,-24.179465706182715,0.0017802442430661222,1.0,0.140625,196.3125
2937,-24.17946570961997,0.0017776061551068824,1.0,0.140625,196.453125
2938,-24.179465712786456,0.00177233181043043,1.0,0.140625,196.59375
2939,-24.17946571522699,0.001770416580448022,1.0,0.140625,196.734375
2940,-24.179465718127567,0.0017474785583553069,1.0,0.140625,196.875
2941,-24.179465721379543,0.0017358257859997539,1.0,0.140625,197.015625
2942,-24.179465724952667,0.0017495907641305387,1.0,0.140625,197.15625
2943,-24.179465728259505,0.0017438601643602802,1.0,0.140625,197.296875
2944,-24.179465731121667,0.0017254113355706932,1.0,0.140625,197.4375
2945,-24.17946573435236,0.0017205699642451108,1.0,0.03125,197.46875
2946,-24.179465737728783,0.0016956744685425042,1.0,0.09375,197.5625
2947,-24.17946574096992,0.0017137104221463656,1.0,0.015625,197.578125
2948,-24.17946574340281,0.0017066984221163796,1.0,0.03125,197.609375
2949,-24.17946574611816,0.0016915678264339505,1.0,0.03125,197.640625
2950,-24.179465749019982,0.001683278866422796,1.0,0.0625,197.703125
2951,-24.17946575221495,0.0016741078472657567,1.0,0.03125,197.734375
2952,-24.179465754610643,0.001654513165674783,1.0,0.03125,197.765625
2953,-24.17946575760757,0.0016607597681409607,1.0,0.03125,197.796875
2954,-24.179465761131407,0.0016742178848567603,1.0,0.015625,197.8125
2955,-24.179465764112532,0.001696132489537567,1.0,0.140625,197.953125
2956,-24.179465766777938,0.0017066841452455374,1.0,0.125,198.078125
2957,-24.17946577045316,0.0017010415437199804,1.0,0.140625,198.21875
2958,-24.179465774001017,0.001697883343340326,1.0,0.140625,198.359375
2959,-24.179465776215473,0.0016688980591018272,1.0,0.140625,198.5
2960,-24.179465778915805,0.0016677016625276358,1.0,0.140625,198.640625
2961,-24.179465781590746,0.0016549931518622905,1.0,0.140625,198.78125
2962,-24.179465784192384,0.0016316778745662786,1.0,0.140625,198.921875
2963,-24.179465787274605,0.0016636610477779772,1.0,0.03125,198.953125
2964,-24.179465790111333,0.001637663109779344,1.0,0.015625,198.96875
2965,-24.179465793616934,0.0016328374314301041,1.0,0.046875,199.015625
2966,-24.17946579647825,0.001626182903791772,1.0,0.03125,199.046875
2967,-24.17946579964853,0.0016291377363318205,1.0,0.03125,199.078125
2968,-24.179465802459095,0.0016304232773572144,1.0,0.03125,199.109375
2969,-24.179465805847087,0.001641969048045175,1.0,0.03125,199.140625
2970,-24.179465808551218,0.001623567682511518,1.0,0.03125,199.171875
2971,-24.179465811179355,0.0016074887903008868,1.0,0.03125,199.203125
2972,-24.179465813674064,0.0015996567058011966,1.0,0.03125,199.234375
2973,-24.179465816633154,0.0015872170608165728,1.0,0.03125,199.265625
2974,-24.179465819468543,0.001583452523920267,1.0,0.015625,199.28125
2975,-24.179465822838278,0.0015971960445495847,1.0,0.03125,199.3125
2976,-24.179465825665503,0.001628367415779736,1.0,0.0625,199.375
2977,-24.179465828360236,0.0016306445430463972,1.0,0.046875,199.421875
2978,-24.17946583093001,0.001609541620825226,1.0,0.03125,199.453125
2979,-24.17946583375285,0.0016059319792733225,1.0,0.203125,199.65625
2980,-24.179465836314996,0.0015808857717168558,1.0,0.015625,199.671875
2981,-24.179465838819837,0.0015663927202798791,1.0,0.125,199.796875
2982,-24.17946584157258,0.00153122808041957,1.0,0.109375,199.90625
2983,-24.179465843974015,0.0015206157190432062,1.0,0.0,199.90625
2984,-24.179465845940424,0.001511402550819319,1.0,0.21875,200.125
2985,-24.17946584853934,0.0015185123773634622,1.0,0.140625,200.265625
2986,-24.179465851130793,0.0015292677703686258,1.0,0.140625,200.40625
2987,-24.179465854256993,0.0015232897484072625,1.0,0.140625,200.546875
2988,-24.179465857097277,0.0015240418603404545,1.0,0.140625,200.6875
2989,-24.179465859371135,0.0015517117310096433,1.0,0.03125,200.71875
2990,-24.17946586210131,0.0015375544734560706,1.0,0.03125,200.75
2991,-24.17946586548581,0.0015709726779699225,1.0,0.140625,200.890625
2992,-24.1794658682929,0.0015444087378100831,1.0,0.140625,201.03125
2993,-24.179465870995013,0.0015326977964140365,1.0,0.140625,201.171875
2994,-24.179465873541456,0.0015320155283627625,1.0,0.140625,201.3125
2995,-24.179465875924034,0.001515618814009959,1.0,0.03125,201.34375
2996,-24.1794658779906,0.0015094335542220443,1.0,0.140625,201.484375
2997,-24.17946588062465,0.0014960069620373504,1.0,0.140625,201.625
2998,-24.179465882993107,0.0014845459708650866,1.0,0.140625,201.765625
2999,-24.179465885211926,0.0014921190020774602,1.0,0.140625,201.90625
3000,-24.179465888572544,0.0014776524324812922,1.0,0.140625,202.046875
3001,-24.17946589035693,0.0014695872496690641,1.0,0.140625,202.1875
3002,-24.179465892895774,0.001465711383546821,1.0,0.03125,202.21875
3003,-24.179465895369074,0.0014596054056388575,1.0,0.03125,202.25
3004,-24.17946589779455,0.00147477627266591,1.0,0.140625,202.390625
3005,-24.179465900547864,0.0014863393505848812,1.0,0.140625,202.53125
3006,-24.17946590271811,0.0014979799606835767,1.0,0.140625,202.671875
3007,-24.179465905739125,0.0014787619360106738,1.0,0.140625,202.8125
3008,-24.179465908161998,0.0014761394128698097,1.0,0.140625,202.953125
3009,-24.179465910301357,0.0014654881107957637,1.0,0.125,203.078125
3010,-24.179465912749713,0.0014787429151369145,1.0,0.03125,203.109375
3011,-24.179465914976333,0.00146587207131759,1.0,0.03125,203.140625
3012,-24.17946591721252,0.0014745664435137282,1.0,0.03125,203.171875
3013,-24.179465919801977,0.001482941707725194,1.0,0.03125,203.203125
3014,-24.179465922243722,0.001488052364330525,1.0,0.03125,203.234375
3015,-24.17946592434445,0.001477770090170504,1.0,0.0625,203.296875
3016,-24.179465926540672,0.001486058640265779,1.0,0.03125,203.328125
3017,-24.179465928868435,0.0014835664749603956,1.0,0.03125,203.359375
3018,-24.179465930943664,0.0014673117719439985,1.0,0.03125,203.390625
3019,-24.17946593310579,0.0014613337329874737,1.0,0.03125,203.421875
3020,-24.17946593604082,0.0014528553813005242,1.0,0.03125,203.453125
3021,-24.1794659376026,0.001440325689889843,1.0,0.046875,203.5
3022,-24.179465939503114,0.0014259580273237172,1.0,0.03125,203.53125
3023,-24.179465941711378,0.0014383005172020717,1.0,0.046875,203.578125
3024,-24.179465944249767,0.0014346428872610475,1.0,0.015625,203.59375
3025,-24.179465946297128,0.001431292542792295,1.0,0.046875,203.640625
3026,-24.17946594869392,0.0014225903289421288,1.0,0.015625,203.65625
3027,-24.17946595101529,0.0014192102060992529,1.0,0.03125,203.6875
3028,-24.17946595282573,0.0014249651887290056,1.0,0.03125,203.71875
3029,-24.179465955039586,0.0014144701833555863,1.0,0.046875,203.765625
3030,-24.17946595704138,0.0014014640173273566,1.0,0.03125,203.796875
3031,-24.179465959057506,0.0014173812458580352,1.0,0.0625,203.859375
3032,-24.179465960726514,0.0014187170254581312,1.0,0.046875,203.90625
3033,-24.17946596291208,0.001412265846254741,1.0,0.046875,203.953125
3034,-24.179465965111646,0.0014135858246848605,1.0,0.046875,204.0
3035,-24.179465966787408,0.0014063275923654854,1.0,0.03125,204.03125
3036,-24.179465968984886,0.0013952998091574082,1.0,0.0625,204.09375
3037,-24.17946597141389,0.0014005115056161344,1.0,0.015625,204.109375
3038,-24.179465973378782,0.001398607038712025,1.0,0.03125,204.140625
3039,-24.179465975530952,0.0013998402781282195,1.0,0.109375,204.25
3040,-24.17946597737075,0.0013898165020347077,1.0,0.03125,204.28125
3041,-24.179465979574466,0.0013911088655500473,1.0,0.125,204.40625
3042,-24.179465981127922,0.0013906647701209711,1.0,0.140625,204.546875
3043,-24.179465982623135,0.0013675873667178746,1.0,0.140625,204.6875
3044,-24.17946598493787,0.0013735853521480276,1.0,0.140625,204.828125
3045,-24.179465987120224,0.001378550411265059,1.0,0.015625,204.84375
3046,-24.179465989879276,0.0013498687438953485,1.0,0.046875,204.890625
3047,-24.179465991760107,0.001356198853123369,1.0,0.0625,204.953125
3048,-24.179465993767042,0.0013306894034815046,1.0,0.046875,205.0
3049,-24.179465995770364,0.0013157353026880929,1.0,0.03125,205.03125
3050,-24.179465997830246,0.0013173851115426015,1.0,0.03125,205.0625
3051,-24.17946599976199,0.001321349560350679,1.0,0.046875,205.109375
3052,-24.179466001685597,0.001315439186192028,1.0,0.03125,205.140625
3053,-24.17946600363997,0.00131798122307034,1.0,0.03125,205.171875
3054,-24.179466005489513,0.0013267811073167546,1.0,0.078125,205.25
3055,-24.179466007063183,0.0013024137616751135,1.0,0.015625,205.265625
3056,-24.179466009119327,0.001327734478071471,1.0,0.125,205.390625
3057,-24.17946601078896,0.0013349487699031613,1.0,0.140625,205.53125
3058,-24.179466012804205,0.0013129832934569664,1.0,0.03125,205.5625
3059,-24.179466014941166,0.0013121810557607096,1.0,0.03125,205.59375
3060,-24.179466016727666,0.0012820737417869735,1.0,0.03125,205.625
3061,-24.179466018572636,0.00128604914096299,1.0,0.046875,205.671875
3062,-24.179466020052413,0.0012896011433063677,1.0,0.015625,205.6875
3063,-24.17946602197189,0.001292581742856427,1.0,0.0625,205.75
3064,-24.179466024059288,0.001291417854893522,1.0,0.0625,205.8125
3065,-24.179466026245557,0.0012890237511411053,1.0,0.015625,205.828125
3066,-24.179466027603013,0.001285423030252665,1.0,0.03125,205.859375
3067,-24.179466029610094,0.001290326914362535,1.0,0.046875,205.90625
3068,-24.179466031517464,0.0012838295695636222,1.0,0.109375,206.015625
3069,-24.179466033108387,0.0012897985134426037,1.0,0.015625,206.03125
3070,-24.17946603472731,0.0012812241197935079,1.0,0.109375,206.140625
3071,-24.179466036774308,0.0012828706272178627,1.0,0.078125,206.21875
3072,-24.17946603837814,0.0012677186521359712,1.0,0.046875,206.265625
3073,-24.179466040348824,0.0012582188872744125,1.0,0.125,206.390625
3074,-24.179466042029222,0.0012567543211120969,1.0,0.109375,206.5
3075,-24.179466044152505,0.0012443675767226797,1.0,0.015625,206.515625
3076,-24.17946604560801,0.0012289590271980712,1.0,0.09375,206.609375
3077,-24.17946604715637,0.0012316786085873916,1.0,0.03125,206.640625
3078,-24.179466048563608,0.0012251934918887924,1.0,0.046875,206.6875
3079,-24.17946605026853,0.0012277659185888337,1.0,0.046875,206.734375
3080,-24.17946605146452,0.0012224438199114859,1.0,0.03125,206.765625
3081,-24.179466052847072,0.0012367326878362293,1.0,0.0625,206.828125
3082,-24.17946605470129,0.0012402128417131769,1.0,0.046875,206.875
3083,-24.17946605620463,0.0012413592582021836,1.0,0.046875,206.921875
3084,-24.179466057670872,0.0012406163604836962,1.0,0.03125,206.953125
3085,-24.179466059418427,0.0012284356930803363,1.0,0.03125,206.984375
3086,-24.179466061242575,0.0012255245176893297,1.0,0.03125,207.015625
3087,-24.179466062747334,0.0012218250537264271,1.0,0.03125,207.046875
3088,-24.179466064037396,0.0012106818608998361,1.0,0.1875,207.234375
3089,-24.17946606577958,0.001215148256951011,1.0,0.140625,207.375
3090,-24.179466067436746,0.0012118124043124176,1.0,0.140625,207.515625
3091,-24.179466069028283,0.0012030099177789953,1.0,0.140625,207.65625
3092,-24.179466070754312,0.0012224447702126836,1.0,0.046875,207.703125
3093,-24.179466072256545,0.0012179752206752015,1.0,0.140625,207.84375
3094,-24.179466073270387,0.0012169570941057545,1.0,0.140625,207.984375
3095,-24.179466074841844,0.0012113460351020427,1.0,0.140625,208.125
3096,-24.179466076313258,0.0012086621013363739,1.0,0.140625,208.265625
3097,-24.17946607801256,0.0011953170482026903,1.0,0.03125,208.296875
3098,-24.17946607950706,0.0011947035544544724,1.0,0.03125,208.328125
3099,-24.179466081331565,0.0011853783469061476,1.0,0.03125,208.359375
3100,-24.17946608283265,0.0012060987941820535,1.0,0.03125,208.390625
3101,-24.17946608407729,0.0012084469675203069,1.0,0.03125,208.421875
3102,-24.179466085769604,0.001210399081066044,1.0,0.046875,208.46875
3103,-24.17946608715258,0.0011932440230744794,1.0,0.03125,208.5
3104,-24.179466088538437,0.0011852837598798158,1.0,0.03125,208.53125
3105,-24.17946608999327,0.0011707473026529923,1.0,0.03125,208.5625
3106,-24.17946609154551,0.0011599217703694127,1.0,0.015625,208.578125
3107,-24.179466093172522,0.001147107442037224,1.0,0.0625,208.640625
3108,-24.179466094393497,0.0011452899112009266,1.0,0.03125,208.671875
3109,-24.179466095927413,0.0011436243011625276,1.0,0.0625,208.734375
3110,-24.179466097350495,0.0011523324975532647,1.0,0.03125,208.765625
3111,-24.179466098582715,0.0011559453942550633,1.0,0.046875,208.8125
3112,-24.17946609983862,0.0011532201649587068,1.0,0.03125,208.84375
3113,-24.179466101183515,0.0011519631096355847,1.0,0.03125,208.875
3114,-24.179466102965293,0.0011599918354775237,1.0,0.046875,208.921875
3115,-24.179466104308663,0.0011306941950521587,1.0,0.0625,208.984375
3116,-24.17946610547926,0.001134366365432877,1.0,0.03125,209.015625
3117,-24.179466106870528,0.001141371726964476,1.0,0.03125,209.046875
3118,-24.17946610860496,0.001134657082898694,1.0,0.03125,209.078125
3119,-24.17946611041056,0.0011314706746738353,1.0,0.046875,209.125
3120,-24.17946611191752,0.0011226424218559975,1.0,0.046875,209.171875
3121,-24.179466112792134,0.001115625033415364,1.0,0.03125,209.203125
3122,-24.179466114060702,0.001115350439480615,1.0,0.03125,209.234375
3123,-24.179466115745804,0.001127303989842595,1.0,0.03125,209.265625
3124,-24.179466117356927,0.0011212445465012477,1.0,0.046875,209.3125
3125,-24.179466118652822,0.0011171284793677714,1.0,0.125,209.4375
3126,-24.17946612002555,0.0011032666122669263,1.0,0.0625,209.5
3127,-24.179466121146206,0.0011068201262149247,1.0,0.015625,209.515625
3128,-24.179466122770393,0.0010971061918504462,1.0,0.0,209.515625
3129,-24.179466124190377,0.0011172849052056334,1.0,0.0625,209.578125
3130,-24.179466125665595,0.0011111713383481472,1.0,0.03125,209.609375
3131,-24.17946612698348,0.0011058494836575544,1.0,0.03125,209.640625
3132,-24.179466127987343,0.0010991418669361866,1.0,0.046875,209.6875
3133,-24.17946612949715,0.0010989901045504859,1.0,0.125,209.8125
3134,-24.179466130541595,0.0010926656432531144,1.0,0.140625,209.953125
3135,-24.17946613178506,0.0010925509156783195,1.0,0.140625,210.09375
3136,-24.179466132721647,0.0010853667886686529,1.0,0.140625,210.234375
3137,-24.17946613420262,0.0010842338358431672,1.0,0.140625,210.375
3138,-24.179466135647623,0.0010730963244471058,1.0,0.140625,210.515625
3139,-24.179466136465393,0.0010670673034442405,1.0,0.140625,210.65625
3140,-24.179466137891232,0.0010766246148841729,1.0,0.140625,210.796875
3141,-24.179466139097144,0.0010676450905669726,1.0,0.140625,210.9375
3142,-24.17946614012047,0.0010605039527525862,1.0,0.140625,211.078125
3143,-24.17946614118436,0.0010589832294947994,1.0,0.140625,211.21875
3144,-24.179466142415407,0.0010685433335059064,1.0,0.140625,211.359375
3145,-24.179466143402454,0.0010634270714735873,1.0,0.140625,211.5
3146,-24.179466144605883,0.0010700703672181441,1.0,0.140625,211.640625
3147,-24.17946614606533,0.0010534872758365165,1.0,0.140625,211.78125
3148,-24.179466147412807,0.0010646729802415017,1.0,0.140625,211.921875
3149,-24.17946614865705,0.0010607169207993712,1.0,0.109375,212.03125
3150,-24.17946614972237,0.0010599933221600091,1.0,0.0625,212.09375
3151,-24.179466150657284,0.001055584904113269,1.0,0.03125,212.125
3152,-24.179466151760703,0.0010510804045875343,1.0,0.03125,212.15625
3153,-24.17946615295687,0.0010422158636784991,1.0,0.046875,212.203125
3154,-24.179466154132488,0.0010310957250123465,1.0,0.03125,212.234375
3155,-24.179466155346052,0.0010298849862234085,1.0,0.046875,212.28125
3156,-24.179466156424372,0.0010233121824051578,1.0,0.03125,212.3125
3157,-24.17946615758228,0.0010166647765346528,1.0,0.03125,212.34375
3158,-24.179466158740816,0.0010324568161362295,1.0,0.03125,212.375
3159,-24.179466159818666,0.00103728496324888,1.0,0.03125,212.40625
3160,-24.17946616133923,0.0010361209057379113,1.0,0.03125,212.4375
3161,-24.17946616208923,0.001026145772308003,1.0,0.03125,212.46875
3162,-24.179466163183168,0.001030087750311834,1.0,0.03125,212.5
3163,-24.179466164160186,0.0010266821231946777,1.0,0.03125,212.53125
3164,-24.179466165292155,0.0010300958361142342,1.0,0.09375,212.625
3165,-24.179466166420028,0.0010198904355412353,1.0,0.125,212.75
3166,-24.17946616755507,0.0010142752131467774,1.0,0.0625,212.8125
3167,-24.179466168728343,0.0010125098861288456,1.0,0.03125,212.84375
3168,-24.179466169707542,0.0010039192537661704,1.0,0.03125,212.875
3169,-24.17946617079343,0.001014172878736844,1.0,0.078125,212.953125
3170,-24.179466171680787,0.0010060466342168394,1.0,0.03125,212.984375
3171,-24.1794661728438,0.0010079674987239194,1.0,0.046875,213.03125
3172,-24.17946617389468,0.0010079929899940632,1.0,0.03125,213.0625
3173,-24.17946617461371,0.00099822367615909,1.0,0.046875,213.109375
3174,-24.179466175560883,0.000992298592650376,1.0,0.03125,213.140625
3175,-24.179466176287974,0.0009928060744531428,1.0,0.0625,213.203125
3176,-24.179466177173865,0.0010084923629173808,1.0,0.0625,213.265625
3177,-24.179466178363946,0.0010213640195680636,1.0,0.03125,213.296875
3178,-24.179466179351373,0.0010083168072342363,1.0,0.03125,213.328125
3179,-24.179466180651207,0.000998603210425676,1.0,0.03125,213.359375
3180,-24.17946618175573,0.0009910620885118832,1.0,0.03125,213.390625
3181,-24.179466182853552,0.0009852205230388305,1.0,0.046875,213.4375
3182,-24.17946618391406,0.0009935094229055388,1.0,0.046875,213.484375
3183,-24.179466185016846,0.0009922407221046995,1.0,0.03125,213.515625
3184,-24.179466186107547,0.0009977173091495575,1.0,0.046875,213.5625
3185,-24.179466187330473,0.0009840252025059572,1.0,0.03125,213.59375
3186,-24.17946618812083,0.000983709683658624,1.0,0.03125,213.625
3187,-24.179466189395374,0.0009685430016423254,1.0,0.03125,213.65625
3188,-24.17946619020792,0.0009591311885431379,1.0,0.015625,213.671875
3189,-24.179466191016473,0.0009682274825921958,1.0,0.03125,213.703125
3190,-24.179466192173233,0.0009729003628508638,1.0,0.015625,213.71875
3191,-24.17946619298723,0.0009627828166133,1.0,0.03125,213.75
3192,-24.179466193924547,0.0009643563655858943,1.0,0.03125,213.78125
3193,-24.179466194952273,0.0009576982467807146,1.0,0.125,213.90625
3194,-24.179466196004316,0.0009648560222661748,1.0,0.03125,213.9375
3195,-24.17946619687313,0.0009611738299485265,1.0,0.0625,214.0
3196,-24.179466197984258,0.0009729296211050545,1.0,0.03125,214.03125
3197,-24.17946619894424,0.0009634565029163205,1.0,0.03125,214.0625
3198,-24.179466199991023,0.000956052923464599,1.0,0.03125,214.09375
3199,-24.17946620107013,0.0009420682971298082,1.0,0.21875,214.3125
3200,-24.179466202156128,0.0009411118385359719,1.0,0.140625,214.453125
3201,-24.179466203325244,0.0009552076419452879,1.0,0.03125,214.484375
3202,-24.17946620436098,0.0009599525030712916,1.0,0.0625,214.546875
3203,-24.179466205322896,0.0009493322438352601,1.0,0.0625,214.609375
3204,-24.179466206045053,0.0009408057934425789,1.0,0.03125,214.640625
3205,-24.179466206940088,0.0009348951880010371,1.0,0.03125,214.671875
3206,-24.179466208106817,0.0009168744764159805,1.0,0.125,214.796875
3207,-24.179466209118885,0.0009267612120045527,1.0,0.0625,214.859375
3208,-24.17946621010403,0.0009326801916797094,1.0,0.125,214.984375
3209,-24.179466211027943,0.0009300351080806233,1.0,0.03125,215.015625
3210,-24.179466211956676,0.0009228158163828623,1.0,0.046875,215.0625
3211,-24.179466212881653,0.0009149305849520682,1.0,0.125,215.1875
3212,-24.179466213560175,0.0009148912756925357,1.0,0.0625,215.25
3213,-24.17946621439465,0.0009144985554605138,1.0,0.140625,215.390625
3214,-24.179466215183496,0.0009119158910641715,1.0,0.140625,215.53125
3215,-24.17946621618114,0.0009217508374280362,1.0,0.140625,215.671875
3216,-24.179466217124084,0.0009135233314898662,1.0,0.140625,215.8125
3217,-24.179466218048063,0.0009156485431471066,1.0,0.140625,215.953125
3218,-24.179466218930706,0.0009139603987721437,1.0,0.140625,216.09375
3219,-24.179466219893733,0.0009081010350061399,1.0,0.140625,216.234375
3220,-24.179466220675444,0.0008972098818017533,1.0,0.140625,216.375
3221,-24.179466221609943,0.0008920920687357542,1.0,0.03125,216.40625
3222,-24.179466222676364,0.0008976538587007085,1.0,0.03125,216.4375
3223,-24.17946622347439,0.000881953435996495,1.0,0.03125,216.46875
3224,-24.179466224198364,0.0008898835273078398,1.0,0.03125,216.5
3225,-24.17946622488283,0.0008805800415867791,1.0,0.03125,216.53125
3226,-24.179466225636144,0.000877297008015637,1.0,0.015625,216.546875
3227,-24.17946622637381,0.00088248950606433,1.0,0.046875,216.59375
3228,-24.179466227251417,0.0008712241092279012,1.0,0.140625,216.734375
3229,-24.179466227858196,0.0008738045433428773,1.0,0.140625,216.875
3230,-24.17946622884189,0.0008572475221279921,1.0,0.03125,216.90625
3231,-24.179466229832826,0.0008676781289079083,1.0,0.0625,216.96875
3232,-24.179466230587977,0.000869702597697228,1.0,0.046875,217.015625
3233,-24.179466231277424,0.0008694203611097156,1.0,0.09375,217.109375
3234,-24.17946623209576,0.0008636316939232053,1.0,0.078125,217.1875
3235,-24.1794662328968,0.0008634758353022471,1.0,0.046875,217.234375
3236,-24.179466233750723,0.0008707581803725476,1.0,0.046875,217.28125
3237,-24.179466234563623,0.0008672938486401904,1.0,0.03125,217.3125
3238,-24.179466235259316,0.0008608202916151012,1.0,0.046875,217.359375
3239,-24.17946623599983,0.0008616924169503107,1.0,0.03125,217.390625
3240,-24.17946623699468,0.0008525654879043495,1.0,0.15625,217.546875
3241,-24.179466237746652,0.0008495159684103809,1.0,0.0,217.546875
3242,-24.179466238623267,0.0008575714488246584,1.0,0.046875,217.59375
3243,-24.179466239533486,0.000857007570704717,1.0,0.125,217.71875
3244,-24.179466240165084,0.0008553588016822514,1.0,0.109375,217.828125
3245,-24.17946624097924,0.0008490549910440539,1.0,0.03125,217.859375
3246,-24.17946624166142,0.0008496414604675213,1.0,0.03125,217.890625
3247,-24.179466242223267,0.0008421140810214801,1.0,0.046875,217.9375
3248,-24.179466242989047,0.0008303467021073324,1.0,0.015625,217.953125
3249,-24.179466243776975,0.0008194745855329227,1.0,0.0625,218.015625
3250,-24.17946624448825,0.0008095863535587553,1.0,0.046875,218.0625
3251,-24.179466245170893,0.0008173880394894527,1.0,0.03125,218.09375
3252,-24.17946624592921,0.000809327340242115,1.0,0.03125,218.125
3253,-24.17946624665419,0.0008048434404863641,1.0,0.046875,218.171875
3254,-24.17946624738205,0.0008106023212168367,1.0,0.078125,218.25
3255,-24.17946624813014,0.0008126662340188275,1.0,0.140625,218.390625
3256,-24.179466248800665,0.0008149954569708792,1.0,0.140625,218.53125
3257,-24.179466249548742,0.0008156593020927377,1.0,0.140625,218.671875
3258,-24.179466250336755,0.0008136590580717564,1.0,0.140625,218.8125
3259,-24.17946625097781,0.0008132596974859184,1.0,0.140625,218.953125
3260,-24.179466251714466,0.0008148735935646611,1.0,0.140625,219.09375
3261,-24.179466252435034,0.0008138371221837527,1.0,0.140625,219.234375
3262,-24.179466253098628,0.00080735343428606,1.0,0.140625,219.375
3263,-24.179466253761014,0.0008144529256698625,1.0,0.140625,219.515625
3264,-24.179466254705464,0.0008093133783745748,1.0,0.140625,219.65625
3265,-24.17946625523856,0.000814142330637662,1.0,0.125,219.78125
3266,-24.179466255926787,0.0008170307445403213,1.0,0.03125,219.8125
3267,-24.17946625675932,0.0008242373298695779,1.0,0.140625,219.953125
3268,-24.179466257374266,0.0008142003357934822,1.0,0.140625,220.09375
3269,-24.179466258083263,0.0008037114848622808,1.0,0.03125,220.125
3270,-24.17946625871532,0.0008047596147427,1.0,0.03125,220.15625
3271,-24.179466259258433,0.000794871524371256,1.0,0.0625,220.21875
3272,-24.179466259926645,0.000804996226202574,1.0,0.03125,220.25
3273,-24.17946626085623,0.0008103795452664523,1.0,0.03125,220.28125
3274,-24.179466261562872,0.0008090386969982228,1.0,0.140625,220.421875
3275,-24.17946626232284,0.0008086359721416178,1.0,0.046875,220.46875
3276,-24.179466263264974,0.0008073186054254184,1.0,0.046875,220.515625
3277,-24.179466263952254,0.0008065635621434811,1.0,0.03125,220.546875
3278,-24.179466264598894,0.0007920499233935065,1.0,0.046875,220.59375
3279,-24.179466265108914,0.0007896209018078462,1.0,0.03125,220.625
3280,-24.179466265868875,0.0007938676361480112,1.0,0.03125,220.65625
3281,-24.179466266420768,0.0007870972869818603,1.0,0.03125,220.6875
3282,-24.17946626709469,0.0007842964439041423,1.0,0.03125,220.71875
3283,-24.179466267769282,0.000783158062874573,1.0,0.0625,220.78125
3284,-24.17946626846849,0.0007826178355058044,1.0,0.03125,220.8125
3285,-24.179466269099056,0.0007791979278446807,1.0,0.140625,220.953125
3286,-24.17946626970952,0.0007844953331073857,1.0,0.03125,220.984375
3287,-24.179466270414636,0.0007834971456425273,1.0,0.046875,221.03125
3288,-24.17946627102356,0.000775895236574121,1.0,0.0625,221.09375
3289,-24.17946627155748,0.0007727264502368337,1.0,0.03125,221.125
3290,-24.179466272321854,0.0007651798691955084,1.0,0.0625,221.1875
3291,-24.179466273148655,0.0007557461794669738,1.0,0.046875,221.234375
3292,-24.17946627366976,0.0007551855038169699,1.0,0.03125,221.265625
3293,-24.179466274189238,0.000756014848824635,1.0,0.03125,221.296875
3294,-24.17946627480464,0.0007513675058872944,1.0,0.03125,221.328125
3295,-24.179466275326895,0.0007467982718606813,1.0,0.03125,221.359375
3296,-24.179466275995175,0.0007488078992186299,1.0,0.03125,221.390625
3297,-24.17946627645805,0.0007448449064572251,1.0,0.0625,221.453125
3298,-24.179466277065025,0.0007472580643659789,1.0,0.140625,221.59375
3299,-24.179466277672557,0.000748785422927896,1.0,0.0625,221.65625
3300,-24.179466278108197,0.0007429398399918305,1.0,0.046875,221.703125
3301,-24.179466278650484,0.000734700382184455,1.0,0.03125,221.734375
3302,-24.179466279122,0.0007332797991721537,1.0,0.078125,221.8125
3303,-24.179466279720288,0.0007277237974200599,1.0,0.125,221.9375
3304,-24.17946628029844,0.0007180946964013851,1.0,0.03125,221.96875
3305,-24.17946628090745,0.0007268960346419241,1.0,0.0625,222.03125
3306,-24.17946628146637,0.0007255563301801354,1.0,0.046875,222.078125
3307,-24.179466282220773,0.0007195526184520422,1.0,0.15625,222.234375
3308,-24.179466282662215,0.0007199823430348512,1.0,0.140625,222.375
3309,-24.17946628321942,0.0007188469493532252,1.0,0.03125,222.40625
3310,-24.17946628370086,0.0007220426897793214,1.0,0.0625,222.46875
3311,-24.179466284234298,0.0007201138006820564,1.0,0.03125,222.5
3312,-24.179466284810598,0.0007258428664999991,1.0,0.03125,222.53125
3313,-24.179466285385946,0.0007294171497798727,1.0,0.03125,222.5625
3314,-24.179466285883997,0.0007345707090652112,1.0,0.03125,222.59375
3315,-24.17946628633524,0.0007261416175629964,1.0,0.015625,222.609375
3316,-24.179466286766402,0.0007244119289645244,1.0,0.15625,222.765625
3317,-24.17946628724754,0.0007282745144827534,1.0,0.125,222.890625
3318,-24.179466287855774,0.000724131916867181,1.0,0.03125,222.921875
3319,-24.17946628838794,0.0007298552085182764,1.0,0.046875,222.96875
3320,-24.17946628886212,0.0007260254486645728,1.0,0.03125,223.0
3321,-24.17946628932207,0.000722896352578941,1.0,0.09375,223.09375
3322,-24.179466289904816,0.0007206029060635689,1.0,0.03125,223.125
3323,-24.179466290469524,0.0007239101211309905,1.0,0.046875,223.171875
3324,-24.179466291128087,0.0007157566044280972,1.0,0.078125,223.25
3325,-24.179466291675695,0.0007112083133718634,1.0,0.125,223.375
3326,-24.179466292206932,0.0007165588975197934,1.0,0.0625,223.4375
3327,-24.17946629271714,0.0007051962183501887,1.0,0.140625,223.578125
3328,-24.17946629324206,0.0007052612171711042,1.0,0.140625,223.71875
3329,-24.17946629378003,0.0007024605694659182,1.0,0.078125,223.796875
3330,-24.17946629426844,0.0006970864451407562,1.0,0.03125,223.828125
3331,-24.179466294680676,0.0006940720684196559,1.0,0.046875,223.875
3332,-24.179466295154786,0.0007013409929749367,1.0,0.03125,223.90625
3333,-24.17946629561389,0.0006949018997929568,1.0,0.140625,224.046875
3334,-24.179466296094837,0.0006831966406453543,1.0,0.03125,224.078125
3335,-24.179466296670622,0.0006923727471614111,1.0,0.03125,224.109375
3336,-24.17946629704996,0.0006841450914745803,1.0,0.03125,224.140625
3337,-24.179466297472256,0.0006872483815529319,1.0,0.03125,224.171875
3338,-24.179466298050066,0.0006873163853143104,1.0,0.03125,224.203125
3339,-24.179466298584472,0.0006860961966955954,1.0,0.046875,224.25
3340,-24.17946629900877,0.0006873016697914264,1.0,0.125,224.375
3341,-24.179466299394562,0.0006821515007491448,1.0,0.15625,224.53125
3342,-24.179466299884712,0.0006847097799949961,1.0,0.140625,224.671875
3343,-24.17946630037674,0.0006848141125276691,1.0,0.140625,224.8125
3344,-24.17946630096246,0.000674444145102395,1.0,0.140625,224.953125
3345,-24.179466301490102,0.0006757196924107703,1.0,0.140625,225.09375
3346,-24.179466302157127,0.0006683477093635409,1.0,0.140625,225.234375
3347,-24.179466302568915,0.0006674025156313756,1.0,0.125,225.359375
3348,-24.179466303134337,0.0006592537814616836,1.0,0.140625,225.5
3349,-24.17946630349569,0.0006617994500971646,1.0,0.03125,225.53125
3350,-24.179466303877504,0.000664016271419718,1.0,0.0625,225.59375
3351,-24.179466304369388,0.0006657394078558167,1.0,0.03125,225.625
3352,-24.179466304797298,0.0006646831568663731,1.0,0.0625,225.6875
3353,-24.1794663052231,0.0006584590586398238,1.0,0.03125,225.71875
3354,-24.179466305756574,0.0006531753345118026,1.0,0.03125,225.75
3355,-24.179466306121263,0.000652824372669106,1.0,0.09375,225.84375
3356,-24.179466306591582,0.0006503953463133992,1.0,0.0625,225.90625
3357,-24.1794663071517,0.000646444337725247,1.0,0.15625,226.0625
3358,-24.179466307529957,0.0006504565603912717,1.0,0.0625,226.125
3359,-24.179466308021308,0.0006414567876988752,1.0,0.046875,226.171875
3360,-24.179466308454803,0.0006473048900440805,1.0,0.03125,226.203125
3361,-24.1794663087358,0.0006365724596136457,1.0,0.03125,226.234375
3362,-24.17946630915377,0.0006428130609299621,1.0,0.0625,226.296875
3363,-24.179466309602116,0.0006364732996347215,1.0,0.03125,226.328125
3364,-24.179466310068676,0.0006354324401072147,1.0,0.046875,226.375
3365,-24.17946631051327,0.0006373751092541441,1.0,0.046875,226.421875
3366,-24.17946631098355,0.0006356617694146843,1.0,0.03125,226.453125
3367,-24.179466311402457,0.0006241849075609084,1.0,0.0625,226.515625
3368,-24.179466311857134,0.0006296817494322723,1.0,0.1875,226.703125
3369,-24.179466312303756,0.000632092548076906,1.0,0.046875,226.75
3370,-24.179466312689296,0.0006330629509234727,1.0,0.03125,226.78125
3371,-24.17946631301925,0.0006304220753013938,1.0,0.0625,226.84375
3372,-24.179466313430066,0.0006271256397735904,1.0,0.03125,226.875
3373,-24.17946631378217,0.0006227285312136603,1.0,0.03125,226.90625
3374,-24.179466314190584,0.0006186796941841874,1.0,0.03125,226.9375
3375,-24.1794663146232,0.000629722936384494,1.0,0.03125,226.96875
3376,-24.1794663150822,0.0006275014834327438,1.0,0.0625,227.03125
3377,-24.179466315528963,0.0006244603479718735,1.0,0.0625,227.09375
3378,-24.17946631587058,0.0006252518129728687,1.0,0.03125,227.125
3379,-24.17946631624863,0.0006308132539936523,1.0,0.015625,227.140625
3380,-24.179466316688075,0.00063366596058307,1.0,0.03125,227.171875
3381,-24.179466317074326,0.0006294467599774823,1.0,0.03125,227.203125
3382,-24.179466317501543,0.0006212839631481343,1.0,0.046875,227.25
3383,-24.179466317972203,0.0006178748617597337,1.0,0.140625,227.390625
3384,-24.179466318419216,0.0006087069849878924,1.0,0.140625,227.53125
3385,-24.1794663188341,0.0006057290788068812,1.0,0.140625,227.671875
3386,-24.17946631916783,0.0006013027186976374,1.0,0.140625,227.8125
3387,-24.17946631949087,0.000599748969436085,1.0,0.03125,227.84375
3388,-24.17946631991924,0.0005939022142043578,1.0,0.015625,227.859375
3389,-24.179466320273313,0.0005892387282072381,1.0,0.125,227.984375
3390,-24.179466320636667,0.0005845230630956138,1.0,0.03125,228.015625
3391,-24.179466321029388,0.000590325612725312,1.0,0.140625,228.15625
3392,-24.179466321294804,0.0005906475465813795,1.0,0.140625,228.296875
3393,-24.179466321563382,0.0005931368178843478,1.0,0.125,228.421875
3394,-24.17946632185549,0.0005917895314308622,1.0,0.109375,228.53125
3395,-24.179466322160277,0.0005948353619320137,1.0,0.046875,228.578125
3396,-24.179466322552415,0.0005998218389457946,1.0,0.03125,228.609375
3397,-24.1794663229706,0.0005929344623589239,1.0,0.03125,228.640625
3398,-24.1794663233114,0.0005886493093822354,1.0,0.078125,228.71875
3399,-24.17946632372555,0.0005798809815099493,1.0,0.046875,228.765625
3400,-24.179466324064386,0.0005861332146624127,1.0,0.03125,228.796875
3401,-24.179466324343345,0.0005832828077445481,1.0,0.046875,228.84375
3402,-24.1794663247563,0.0005812383049423221,1.0,0.046875,228.890625
3403,-24.17946632509246,0.0005882108413856799,1.0,0.03125,228.921875
3404,-24.179466325474145,0.0005896092341484807,1.0,0.03125,228.953125
3405,-24.179466325844828,0.0005886732980613352,1.0,0.03125,228.984375
3406,-24.17946632619074,0.0005837286062612019,1.0,0.125,229.109375
3407,-24.179466326554543,0.0005836920291428011,1.0,0.140625,229.25
3408,-24.17946632690545,0.000585984543477362,1.0,0.046875,229.296875
3409,-24.179466327318973,0.0005797190213567729,1.0,0.0625,229.359375
3410,-24.179466327688694,0.0005783037171861516,1.0,0.03125,229.390625
3411,-24.179466328056925,0.0005817426411805611,1.0,0.046875,229.4375
3412,-24.17946632844263,0.000584039214763881,1.0,0.0625,229.5
3413,-24.179466328738467,0.0005863455081438209,1.0,0.03125,229.53125
3414,-24.17946632912028,0.0005866610346658799,1.0,0.03125,229.5625
3415,-24.17946632944205,0.0005835599832032093,1.0,0.03125,229.59375
3416,-24.17946632982605,0.0005849115545730703,1.0,0.03125,229.625
3417,-24.179466330068664,0.000576088710095542,1.0,0.03125,229.65625
3418,-24.17946633047147,0.0005742863032740575,1.0,0.03125,229.6875
3419,-24.17946633078186,0.000571590492537968,1.0,0.140625,229.828125
3420,-24.1794663310903,0.0005629968079942739,1.0,0.125,229.953125
3421,-24.17946633144251,0.0005610979567063164,1.0,0.125,230.078125
3422,-24.179466331770218,0.0005602087831631309,1.0,0.0625,230.140625
3423,-24.179466332071705,0.0005635029982165264,1.0,0.078125,230.21875
3424,-24.179466332443603,0.0005645158976403203,1.0,0.09375,230.3125
3425,-24.179466332862027,0.0005579335141337667,1.0,0.140625,230.453125
3426,-24.179466333231023,0.0005631728707210599,1.0,0.140625,230.59375
3427,-24.17946633352669,0.0005662191655519135,1.0,0.140625,230.734375
3428,-24.17946633392436,0.0005593104814707881,1.0,0.03125,230.765625
3429,-24.179466334215984,0.0005610673418767773,1.0,0.046875,230.8125
3430,-24.17946633457284,0.0005557447009421027,1.0,0.0625,230.875
3431,-24.17946633483231,0.0005508837715458269,1.0,0.03125,230.90625
3432,-24.179466335155656,0.0005558229720811746,1.0,0.046875,230.953125
3433,-24.179466335462475,0.0005413430536164173,1.0,0.03125,230.984375
3434,-24.179466335660564,0.0005387672323009609,1.0,0.125,231.109375
3435,-24.1794663359836,0.0005413217174730449,1.0,0.03125,231.140625
3436,-24.179466336242164,0.0005420373822949354,1.0,0.03125,231.171875
3437,-24.179466336580976,0.0005364792725101875,1.0,0.046875,231.21875
3438,-24.17946633690232,0.0005377581865272453,1.0,0.03125,231.25
3439,-24.179466337268796,0.0005337329821899597,1.0,0.09375,231.34375
3440,-24.179466337555528,0.000539772508360258,1.0,0.15625,231.5
3441,-24.179466337831872,0.0005355754206648745,1.0,0.0,231.5
3442,-24.17946633815515,0.0005372014113125869,1.0,0.15625,231.65625
3443,-24.17946633846365,0.0005261424753936826,1.0,0.0625,231.71875
3444,-24.17946633876871,0.000522141539308199,1.0,0.03125,231.75
3445,-24.17946633898898,0.0005244182590656796,1.0,0.03125,231.78125
3446,-24.17946633928309,0.0005300304465990805,1.0,0.03125,231.8125
3447,-24.179466339637116,0.0005283659395199426,1.0,0.03125,231.84375
3448,-24.17946633992434,0.0005183675939852221,1.0,0.046875,231.890625
3449,-24.179466340168066,0.0005134830320951607,1.0,0.03125,231.921875
3450,-24.179466340442147,0.0005164962479732063,1.0,0.0625,231.984375
3451,-24.17946634068835,0.0005232901757964386,1.0,0.09375,232.078125
3452,-24.17946634100078,0.0005148681633592667,1.0,0.015625,232.09375
3453,-24.179466341232747,0.000515195158358731,1.0,0.078125,232.171875
3454,-24.179466341501197,0.0005132933277570812,1.0,0.125,232.296875
3455,-24.17946634172867,0.0005101943889367289,1.0,0.140625,232.4375
3456,-24.179466342048887,0.0005159420378742872,1.0,0.140625,232.578125
3457,-24.17946634235323,0.0005194020436892775,1.0,0.03125,232.609375
3458,-24.179466342728094,0.0005261713849295025,1.0,0.03125,232.640625
3459,-24.179466343010443,0.0005303976271588028,1.0,0.03125,232.671875
3460,-24.179466343291782,0.0005299502029850757,1.0,0.03125,232.703125
3461,-24.17946634352201,0.0005340195306266857,1.0,0.125,232.828125
3462,-24.179466343804286,0.0005283058619349862,1.0,0.03125,232.859375
3463,-24.179466344180575,0.0005157795509361231,1.0,0.0625,232.921875
3464,-24.179466344503695,0.000519295890864136,1.0,0.03125,232.953125
3465,-24.179466344748644,0.0005094015934453325,1.0,0.0625,233.015625
3466,-24.17946634504362,0.0005058537337747855,1.0,0.046875,233.0625
3467,-24.179466345303734,0.0005056659637563601,1.0,0.046875,233.109375
3468,-24.179466345548732,0.0005070249170886592,1.0,0.03125,233.140625
3469,-24.179466345823837,0.0005012739445397374,1.0,0.03125,233.171875
3470,-24.179466346172916,0.0005060106199753246,1.0,0.03125,233.203125
3471,-24.179466346393145,0.0005015147839322929,1.0,0.125,233.328125
3472,-24.179466346644194,0.0004994201178539779,1.0,0.03125,233.359375
3473,-24.1794663469534,0.0005033937080612613,1.0,0.03125,233.390625
3474,-24.179466347175072,0.0005007223363870298,1.0,0.0625,233.453125
3475,-24.179466347403125,0.0004978446196127575,1.0,0.03125,233.484375
3476,-24.179466347640837,0.0005034946604285977,1.0,0.03125,233.515625
3477,-24.17946634790165,0.0005008872255906455,1.0,0.03125,233.546875
3478,-24.179466348153305,0.0004955761327773193,1.0,0.03125,233.578125
3479,-24.179466348434286,0.0004891248030957887,1.0,0.15625,233.734375
3480,-24.17946634869673,0.0004881202783934191,1.0,0.109375,233.84375
3481,-24.179466348905997,0.00048240754026787836,1.0,0.078125,233.921875
3482,-24.179466349140306,0.0004818459952487592,1.0,0.078125,234.0
3483,-24.179466349396026,0.000491241055405295,1.0,0.078125,234.078125
3484,-24.179466349635003,0.0004843747255046374,1.0,0.125,234.203125
3485,-24.179466349887168,0.0004777217950638704,1.0,0.03125,234.234375
3486,-24.179466350161704,0.000473381008647115,1.0,0.03125,234.265625
3487,-24.179466350437774,0.000475055628363969,1.0,0.0625,234.328125
3488,-24.179466350736863,0.0004701412454036107,1.0,0.0625,234.390625
3489,-24.179466350946083,0.0004665251447004661,1.0,0.0625,234.453125
3490,-24.179466351182874,0.00047086943832763906,1.0,0.015625,234.46875
3491,-24.17946635140452,0.0004747430589485897,1.0,0.03125,234.5
3492,-24.179466351625525,0.0004753272845167916,1.0,0.03125,234.53125
3493,-24.179466351885697,0.0004698959312816508,1.0,0.046875,234.578125
3494,-24.179466352164265,0.0004696336379595366,1.0,0.125,234.703125
3495,-24.179466352455073,0.0004700604814147557,1.0,0.015625,234.71875
3496,-24.179466352683626,0.0004691009593121412,1.0,0.09375,234.8125
3497,-24.17946635292725,0.0004645738103162925,1.0,0.140625,234.953125
3498,-24.179466353103866,0.0004657210731401065,1.0,0.140625,235.09375
3499,-24.17946635334091,0.0004639895445804421,1.0,0.140625,235.234375
3500,-24.17946635362568,0.00046859787864808405,1.0,0.03125,235.265625
3501,-24.179466353840805,0.00046834451897677734,1.0,0.03125,235.296875
3502,-24.17946635408797,0.0004703432582149305,1.0,0.140625,235.4375
3503,-24.179466354305838,0.00046158739963178124,1.0,0.140625,235.578125
3504,-24.179466354549508,0.00046262923743326873,1.0,0.078125,235.65625
3505,-24.17946635469563,0.000461421627985675,1.0,0.09375,235.75
3506,-24.179466354923786,0.0004575187957349861,1.0,0.046875,235.796875
3507,-24.17946635516586,0.0004569257008061538,1.0,0.046875,235.84375
3508,-24.17946635537299,0.00046076251193092764,1.0,0.15625,236.0
3509,-24.17946635551911,0.0004614442236743845,1.0,0.125,236.125
3510,-24.17946635572085,0.0004575369420429773,1.0,0.03125,236.15625
3511,-24.179466355923537,0.00045530022038554164,1.0,0.046875,236.203125
3512,-24.179466356108986,0.0004529114874243152,1.0,0.03125,236.234375
3513,-24.17946635634187,0.00044931054928479367,1.0,0.046875,236.28125
3514,-24.17946635661142,0.0004473523531959442,1.0,0.03125,236.3125
3515,-24.179466356841587,0.0004460795988223079,1.0,0.03125,236.34375
3516,-24.17946635705411,0.00044175436777498,1.0,0.03125,236.375
3517,-24.179466357220157,0.00044269402312281143,1.0,0.0625,236.4375
3518,-24.179466357428687,0.0004404315713790431,1.0,0.03125,236.46875
3519,-24.179466357706357,0.00043970684347472496,1.0,0.109375,236.578125
3520,-24.179466357874222,0.00044475018321831107,1.0,0.109375,236.6875
3521,-24.179466358091215,0.0004392643438548919,1.0,0.03125,236.71875
3522,-24.17946635826613,0.000437410452491106,1.0,0.03125,236.75
3523,-24.179466358458008,0.00043431915683129737,1.0,0.125,236.875
3524,-24.179466358692693,0.0004353391676418521,1.0,0.03125,236.90625
3525,-24.179466358904058,0.000435946712228442,1.0,0.03125,236.9375
3526,-24.179466359117217,0.0004379910896873589,1.0,0.140625,237.078125
3527,-24.179466359344584,0.0004333686497297043,1.0,0.03125,237.109375
3528,-24.179466359608675,0.0004301720926157985,1.0,0.078125,237.1875
3529,-24.17946635980029,0.00043168444077894025,1.0,0.03125,237.21875
3530,-24.179466359993352,0.00042316431569774715,1.0,0.0625,237.28125
3531,-24.17946636023058,0.0004265545366065951,1.0,0.078125,237.359375
3532,-24.179466360462715,0.0004387897575643792,1.0,0.140625,237.5
3533,-24.17946636064459,0.000433664022383205,1.0,0.03125,237.53125
3534,-24.1794663608911,0.0004344907274778637,1.0,0.03125,237.5625
3535,-24.179466361045147,0.0004286142089009196,1.0,0.03125,237.59375
3536,-24.179466361245897,0.00042913687478241414,1.0,0.03125,237.625
3537,-24.17946636144848,0.00042647162648202353,1.0,0.03125,237.65625
3538,-24.17946636164015,0.00042451844165430284,1.0,0.15625,237.8125
3539,-24.179466361791835,0.000424766317598778,1.0,0.03125,237.84375
3540,-24.179466361958816,0.00042483640425383,1.0,0.03125,237.875
3541,-24.179466362137063,0.000424017096996741,1.0,0.03125,237.90625
3542,-24.179466362306332,0.00042135350847900826,1.0,0.03125,237.9375
3543,-24.17946636249342,0.00041795423358656264,1.0,0.046875,237.984375
3544,-24.17946636269328,0.00042393151752054964,1.0,0.0625,238.046875
3545,-24.179466362864254,0.0004245298442556187,1.0,0.03125,238.078125
3546,-24.179466363032358,0.0004206460221780701,1.0,0.0625,238.140625
3547,-24.179466363222343,0.0004203448578543653,1.0,0.03125,238.171875
3548,-24.179466363440138,0.00041507833804327657,1.0,0.0625,238.234375
3549,-24.179466363595164,0.0004130686109410526,1.0,0.03125,238.265625
3550,-24.179466363757893,0.00040890187508815416,1.0,0.03125,238.296875
3551,-24.179466363961904,0.0004134845070972782,1.0,0.15625,238.453125
3552,-24.179466364108805,0.00041449995853754895,1.0,0.140625,238.59375
3553,-24.179466364283055,0.00041785193418589,1.0,0.140625,238.734375
3554,-24.179466364455475,0.0004138078806396649,1.0,0.046875,238.78125
3555,-24.179466364646434,0.0004083758218659183,1.0,0.046875,238.828125
3556,-24.179466364844966,0.00041074457270201835,1.0,0.03125,238.859375
3557,-24.179466364980875,0.00040930054615259263,1.0,0.046875,238.90625
3558,-24.179466365173806,0.00040835966955018153,1.0,0.140625,239.046875
3559,-24.179466365349253,0.0004080117326862189,1.0,0.140625,239.1875
3560,-24.179466365514724,0.0004045066117075391,1.0,0.109375,239.296875
3561,-24.179466365662346,0.0004065940451335626,1.0,0.140625,239.4375
3562,-24.179466365810086,0.0004106578028473527,1.0,0.03125,239.46875
3563,-24.17946636604086,0.000413645919529827,1.0,0.03125,239.5
3564,-24.17946636619299,0.00040952107843483126,1.0,0.0625,239.5625
3565,-24.17946636640402,0.00040516088998790076,1.0,0.03125,239.59375
3566,-24.179466366539053,0.0003993320538883329,1.0,0.03125,239.625
3567,-24.179466366688214,0.0003996722063840219,1.0,0.03125,239.65625
3568,-24.17946636684887,0.00040181165815975973,1.0,0.0625,239.71875
3569,-24.179466366974406,0.0003995008059567327,1.0,0.140625,239.859375
3570,-24.179466367155097,0.00039710342285993733,1.0,0.03125,239.890625
3571,-24.17946636732691,0.00039673742474094606,1.0,0.046875,239.9375
3572,-24.179466367477918,0.0003947108287843639,1.0,0.03125,239.96875
3573,-24.179466367646313,0.00039579856499463777,1.0,0.0625,240.03125
3574,-24.17946636779392,0.0003970943463847581,1.0,0.140625,240.171875
3575,-24.17946636795277,0.00039357875251380773,1.0,0.046875,240.21875
3576,-24.17946636813666,0.00039066290581266365,1.0,0.03125,240.25
3577,-24.17946636831662,0.0003904794994678632,1.0,0.0625,240.3125
3578,-24.179466368503277,0.0003886865975500549,1.0,0.03125,240.34375
3579,-24.179466368652545,0.00039099926425665985,1.0,0.046875,240.390625
3580,-24.179466368824887,0.00038470457831214316,1.0,0.03125,240.421875
3581,-24.179466368969496,0.0003783025197121763,1.0,0.0625,240.484375
3582,-24.179466369128377,0.0003778262387222874,1.0,0.03125,240.515625
3583,-24.17946636926357,0.0003716716913036227,1.0,0.046875,240.5625
3584,-24.179466369414428,0.000375330315853358,1.0,0.0625,240.625
3585,-24.179466369567233,0.0003734598982389184,1.0,0.140625,240.765625
3586,-24.179466369701043,0.00037283386966345506,1.0,0.015625,240.78125
3587,-24.179466369846036,0.00037260881710147716,1.0,0.15625,240.9375
3588,-24.179466370029452,0.0003723792843999619,1.0,0.140625,241.078125
3589,-24.17946637016045,0.00037176241778600044,1.0,0.03125,241.109375
3590,-24.179466370296083,0.00036971548679583943,1.0,0.03125,241.140625
3591,-24.179466370432785,0.00036607440280856757,1.0,0.046875,241.1875
3592,-24.17946637059564,0.00036433870862671944,1.0,0.046875,241.234375
3593,-24.17946637073192,0.0003649111413159738,1.0,0.140625,241.375
3594,-24.17946637086255,0.0003609915870451051,1.0,0.03125,241.40625
3595,-24.17946637100593,0.00036200367688371126,1.0,0.046875,241.453125
3596,-24.17946637113739,0.00036557347248579697,1.0,0.046875,241.5
3597,-24.179466371261636,0.00036337694272558797,1.0,0.0625,241.5625
3598,-24.17946637141872,0.00037061845089373047,1.0,0.03125,241.59375
3599,-24.179466371549363,0.0003672603812922634,1.0,0.046875,241.640625
3600,-24.179466371673733,0.00036035253544664854,1.0,0.03125,241.671875
3601,-24.17946637179438,0.0003623859175429931,1.0,0.03125,241.703125
3602,-24.17946637192742,0.0003564975837676329,1.0,0.03125,241.734375
3603,-24.179466372084356,0.00035467019623163296,1.0,0.03125,241.765625
3604,-24.179466372243354,0.0003520235796172175,1.0,0.03125,241.796875
3605,-24.179466372364118,0.0003528856612705583,1.0,0.078125,241.875
3606,-24.17946637248682,0.0003496513506431917,1.0,0.140625,242.015625
3607,-24.179466372603823,0.00035221193099480973,1.0,0.0625,242.078125
3608,-24.17946637275225,0.00035104035280040255,1.0,0.078125,242.15625
3609,-24.17946637287555,0.0003500191847698029,1.0,0.0625,242.21875
3610,-24.1794663730057,0.00034608379252464526,1.0,0.0625,242.28125
3611,-24.179466373120302,0.00034998252951878633,1.0,0.0625,242.34375
3612,-24.17946637324445,0.00035237048724138023,1.0,0.046875,242.390625
3613,-24.17946637337543,0.00035044867494255747,1.0,0.03125,242.421875
3614,-24.17946637351035,0.00035105210803763485,1.0,0.03125,242.453125
3615,-24.179466373623402,0.0003537998931199195,1.0,0.03125,242.484375
3616,-24.17946637376287,0.00035325115412454685,1.0,0.046875,242.53125
3617,-24.17946637390426,0.0003536746476705296,1.0,0.03125,242.5625
3618,-24.179466374085468,0.000354027124939028,1.0,0.03125,242.59375
3619,-24.17946637426261,0.0003550257144465235,1.0,0.03125,242.625
3620,-24.17946637436406,0.00035347406257113637,1.0,0.0625,242.6875
3621,-24.1794663744691,0.00035537240735115775,1.0,0.03125,242.71875
3622,-24.179466374604278,0.00035747391589555615,1.0,0.046875,242.765625
3623,-24.179466374736116,0.00035411375680398816,1.0,0.046875,242.8125
3624,-24.179466374867825,0.00035223468693097997,1.0,0.03125,242.84375
3625,-24.179466375014833,0.0003493968797513818,1.0,0.03125,242.875
3626,-24.179466375147733,0.0003502646796059429,1.0,0.0625,242.9375
3627,-24.179466375294325,0.00034473417852985135,1.0,0.0625,243.0
3628,-24.179466375378585,0.0003465553598171235,1.0,0.03125,243.03125
3629,-24.179466375491096,0.00034649187956203626,1.0,0.0625,243.09375
3630,-24.17946637560978,0.00034168407145643146,1.0,0.03125,243.125
3631,-24.179466375737185,0.0003428061682467881,1.0,0.03125,243.15625
3632,-24.17946637590108,0.00034133465288932176,1.0,0.03125,243.1875
3633,-24.179466376023022,0.000338782362344873,1.0,0.03125,243.21875
3634,-24.1794663761357,0.0003403686056882532,1.0,0.03125,243.25
3635,-24.179466376274597,0.00034497312135974196,1.0,0.03125,243.28125
3636,-24.179466376402157,0.0003429563858803525,1.0,0.03125,243.3125
3637,-24.179466376586202,0.00034221526044625103,1.0,0.0625,243.375
3638,-24.179466376715713,0.000343694052845078,1.0,0.03125,243.40625
3639,-24.179466376826586,0.00034147319405568007,1.0,0.046875,243.453125
3640,-24.179466376948984,0.00033825602222408417,1.0,0.046875,243.5
3641,-24.17946637708815,0.00033878139289298515,1.0,0.03125,243.53125
3642,-24.179466377229716,0.0003374724444951024,1.0,0.046875,243.578125
3643,-24.17946637730227,0.0003336927775384816,1.0,0.078125,243.65625
3644,-24.17946637741818,0.00033214192055279566,1.0,0.03125,243.6875
3645,-24.179466377550806,0.00032927508877569304,1.0,0.046875,243.734375
3646,-24.17946637765782,0.00032917087060393556,1.0,0.03125,243.765625
3647,-24.17946637777676,0.0003280534160092041,1.0,0.03125,243.796875
3648,-24.179466377885117,0.0003280798075100387,1.0,0.046875,243.84375
3649,-24.179466378006378,0.00032687194437738864,1.0,0.046875,243.890625
3650,-24.17946637810902,0.00032535488905127225,1.0,0.03125,243.921875
3651,-24.179466378216414,0.00032479896792435,1.0,0.078125,244.0
3652,-24.17946637833063,0.0003273843389994355,1.0,0.078125,244.078125
3653,-24.179466378438708,0.0003219575523933413,1.0,0.09375,244.171875
3654,-24.179466378542426,0.00032098871108285213,1.0,0.140625,244.3125
3655,-24.179466378647497,0.0003201125272577564,1.0,0.140625,244.453125
3656,-24.179466378760793,0.0003215194702091143,1.0,0.140625,244.59375
3657,-24.1794663788647,0.00032308819092706655,1.0,0.125,244.71875
3658,-24.17946637895802,0.00032147205476511757,1.0,0.03125,244.75
3659,-24.179466379100983,0.0003242965864321211,1.0,0.03125,244.78125
3660,-24.179466379232878,0.0003264303323283232,1.0,0.078125,244.859375
3661,-24.17946637931319,0.0003218436602879301,1.0,0.015625,244.875
3662,-24.179466379445195,0.00032026201831228824,1.0,0.03125,244.90625
3663,-24.179466379547815,0.00032082654449986465,1.0,0.0625,244.96875
3664,-24.179466379676814,0.00031612417698621413,1.0,0.25,245.21875
3665,-24.179466379753,0.0003194149273924574,1.0,0.03125,245.25
3666,-24.179466379860465,0.0003221974153063639,1.0,0.03125,245.28125
3667,-24.179466379985794,0.0003219129278309823,1.0,0.03125,245.3125
3668,-24.17946638008706,0.00031563056888273076,1.0,0.03125,245.34375
3669,-24.17946638019335,0.000314206192495553,1.0,0.03125,245.375
3670,-24.179466380300955,0.0003175014009734079,1.0,0.046875,245.421875
3671,-24.17946638039943,0.0003144667707495909,1.0,0.03125,245.453125
3672,-24.17946638050447,0.00031331726386246635,1.0,0.03125,245.484375
3673,-24.17946638060497,0.00030979028098309264,1.0,0.03125,245.515625
3674,-24.17946638070294,0.00030803942083531795,1.0,0.03125,245.546875
3675,-24.179466380795724,0.0003068253461151996,1.0,0.03125,245.578125
3676,-24.179466380891004,0.0003088073878915315,1.0,0.140625,245.71875
3677,-24.179466380973963,0.00030856114097280304,1.0,0.078125,245.796875
3678,-24.179466381084126,0.0003092220978395283,1.0,0.046875,245.84375
3679,-24.179466381217704,0.0003082152590490195,1.0,0.046875,245.890625
3680,-24.179466381323593,0.0003079666624666454,1.0,0.03125,245.921875
3681,-24.179466381431823,0.00030383592579555195,1.0,0.03125,245.953125
3682,-24.17946638155027,0.00030018168770528107,1.0,0.03125,245.984375
3683,-24.17946638162789,0.00029616265131730894,1.0,0.03125,246.015625
3684,-24.17946638172199,0.0002990447325435892,1.0,0.03125,246.046875
3685,-24.179466381843195,0.0002979929013569359,1.0,0.015625,246.0625
3686,-24.179466381972723,0.00029994881364281455,1.0,0.125,246.1875
3687,-24.179466382053782,0.0003027605867939277,1.0,0.03125,246.21875
3688,-24.17946638216576,0.00030114254498652787,1.0,0.03125,246.25
3689,-24.179466382276118,0.00030124427031406436,1.0,0.046875,246.296875
3690,-24.17946638236938,0.0002989988662972123,1.0,0.03125,246.328125
3691,-24.179466382472302,0.0002952895904104422,1.0,0.03125,246.359375
3692,-24.179466382541534,0.00029698792984516465,1.0,0.046875,246.40625
3693,-24.179466382632118,0.0002974967132518818,1.0,0.03125,246.4375
3694,-24.179466382722495,0.0002982151194772501,1.0,0.0625,246.5
3695,-24.1794663828168,0.0002940110640026565,1.0,0.140625,246.640625
3696,-24.179466382916345,0.00029139990045644885,1.0,0.140625,246.78125
3697,-24.17946638300102,0.0002918360432059195,1.0,0.140625,246.921875
3698,-24.17946638308551,0.0002916306510004432,1.0,0.0625,246.984375
3699,-24.179466383193766,0.00029433838202716804,1.0,0.03125,247.015625
3700,-24.17946638327062,0.00029683523072985033,1.0,0.125,247.140625
3701,-24.179466383379058,0.0002945889418961564,1.0,0.0,247.140625
3702,-24.179466383499744,0.0002933805809029894,1.0,0.125,247.265625
3703,-24.17946638360303,0.0002897340881131041,1.0,0.078125,247.34375
3704,-24.179466383691494,0.00029406900727595625,1.0,0.140625,247.484375
3705,-24.179466383787183,0.0002909403067524251,1.0,0.140625,247.625
3706,-24.179466383878705,0.000286642735658328,1.0,0.140625,247.765625
3707,-24.17946638398038,0.0002889047644507257,1.0,0.046875,247.8125
3708,-24.179466384062994,0.0002881148940234186,1.0,0.046875,247.859375
3709,-24.17946638414406,0.0002883836187099023,1.0,0.125,247.984375
3710,-24.179466384243693,0.0002899485335223846,1.0,0.140625,248.125
3711,-24.179466384342966,0.000286681928827875,1.0,0.0625,248.1875
3712,-24.17946638443367,0.0002853179384720459,1.0,0.046875,248.234375
3713,-24.179466384523746,0.0002857017697343483,1.0,0.125,248.359375
3714,-24.17946638459959,0.00028638741444227676,1.0,0.046875,248.40625
3715,-24.17946638467335,0.00028819967063955154,1.0,0.046875,248.453125
3716,-24.179466384764993,0.0002871058449271395,1.0,0.03125,248.484375
3717,-24.179466384857133,0.0002865506434398349,1.0,0.03125,248.515625
3718,-24.179466384942764,0.0002837572522602392,1.0,0.046875,248.5625
3719,-24.17946638502526,0.00028662289188213184,1.0,0.03125,248.59375
3720,-24.17946638511093,0.0002814443504966746,1.0,0.046875,248.640625
3721,-24.17946638520816,0.0002826714760268668,1.0,0.03125,248.671875
3722,-24.179466385265275,0.00028267559434561426,1.0,0.03125,248.703125
3723,-24.17946638533443,0.0002792860567242309,1.0,0.046875,248.75
3724,-24.179466385406222,0.00027784286698933914,1.0,0.03125,248.78125
3725,-24.179466385486723,0.0002741104196809675,1.0,0.03125,248.8125
3726,-24.179466385585275,0.00027223333511392997,1.0,0.03125,248.84375
3727,-24.179466385657133,0.00027142815612041417,1.0,0.03125,248.875
3728,-24.17946638573642,0.00027256702716261844,1.0,0.109375,248.984375
3729,-24.179466385803657,0.0002727717409716428,1.0,0.046875,249.03125
3730,-24.17946638587681,0.0002699608904785083,1.0,0.0625,249.09375
3731,-24.1794663859546,0.00027116399561781193,1.0,0.09375,249.1875
3732,-24.17946638602705,0.000271402705913218,1.0,0.09375,249.28125
3733,-24.179466386094635,0.00027102609275321,1.0,0.03125,249.3125
3734,-24.179466386162005,0.0002681710828935414,1.0,0.125,249.4375
3735,-24.179466386221094,0.00026930639891264226,1.0,0.03125,249.46875
3736,-24.17946638630759,0.000270279159729194,1.0,0.03125,249.5
3737,-24.17946638637523,0.00027098681807443596,1.0,0.046875,249.546875
3738,-24.179466386456948,0.00026820876692975986,1.0,0.03125,249.578125
3739,-24.179466386524837,0.00026860373631957185,1.0,0.015625,249.59375
3740,-24.179466386614788,0.00026745973751634064,1.0,0.15625,249.75
3741,-24.179466386692035,0.00027127197179520085,1.0,0.078125,249.828125
3742,-24.17946638677753,0.0002676931855290267,1.0,0.140625,249.96875
3743,-24.17946638684616,0.00026438874236485,1.0,0.03125,250.0
3744,-24.179466386930528,0.00026263220535957776,1.0,0.046875,250.046875
3745,-24.17946638700245,0.000261254872537432,1.0,0.03125,250.078125
3746,-24.179466387053527,0.0002601331989107822,1.0,0.03125,250.109375
3747,-24.179466387113813,0.0002605435257730703,1.0,0.046875,250.15625
3748,-24.179466387183005,0.0002602182652314911,1.0,0.03125,250.1875
3749,-24.17946638723776,0.0002574895833060656,1.0,0.03125,250.21875
3750,-24.179466387323775,0.000255917111440205,1.0,0.046875,250.265625
3751,-24.179466387401405,0.0002583576720795818,1.0,0.046875,250.3125
3752,-24.179466387452955,0.0002565384353880756,1.0,0.03125,250.34375
3753,-24.17946638752019,0.0002573893597069656,1.0,0.03125,250.375
3754,-24.17946638760041,0.0002536393309404003,1.0,0.140625,250.515625
3755,-24.179466387676367,0.0002571734760455657,1.0,0.046875,250.5625
3756,-24.179466387749752,0.0002593080066426965,1.0,0.03125,250.59375
3757,-24.1794663878136,0.0002600822724416668,1.0,0.140625,250.734375
3758,-24.17946638786174,0.00026047180312247,1.0,0.03125,250.765625
3759,-24.179466387948377,0.00025672696316377447,1.0,0.125,250.890625
3760,-24.179466388006887,0.00025755053735680266,1.0,0.125,251.015625
3761,-24.179466388070146,0.0002541926042377838,1.0,0.03125,251.046875
3762,-24.179466388131647,0.0002526447095457533,1.0,0.125,251.171875
3763,-24.179466388191347,0.0002529456223723241,1.0,0.078125,251.25
3764,-24.179466388235284,0.00025295851354668723,1.0,0.03125,251.28125
3765,-24.179466388301027,0.00025025412027629434,1.0,0.09375,251.375
3766,-24.179466388366492,0.00024962184479093615,1.0,0.109375,251.484375
3767,-24.179466388443213,0.00025057083055100154,1.0,0.015625,251.5
3768,-24.179466388495502,0.00024944981729108377,1.0,0.078125,251.578125
3769,-24.179466388561966,0.00024965089884046524,1.0,0.0625,251.640625
3770,-24.17946638863609,0.00024808444247939436,1.0,0.03125,251.671875
3771,-24.17946638872151,0.0002474385282296457,1.0,0.03125,251.703125
3772,-24.179466388789766,0.00024715781869382505,1.0,0.265625,251.96875
3773,-24.17946638883299,0.00024829467139828525,1.0,0.140625,252.109375
3774,-24.179466388909454,0.00024921774466235287,1.0,0.140625,252.25
3775,-24.17946638896921,0.00024534004890453784,1.0,0.125,252.375
3776,-24.179466389045682,0.0002463087407437358,1.0,0.03125,252.40625
3777,-24.17946638911126,0.0002441528823527039,1.0,0.046875,252.453125
3778,-24.1794663891827,0.0002441919762466869,1.0,0.03125,252.484375
3779,-24.179466389250013,0.00024313520038728203,1.0,0.03125,252.515625
3780,-24.179466389314253,0.0002403566959701853,1.0,0.015625,252.53125
3781,-24.179466389377794,0.00024054442844231088,1.0,0.03125,252.5625
3782,-24.179466389445437,0.0002442121409593346,1.0,0.078125,252.640625
3783,-24.179466389511475,0.00024139632510788842,1.0,0.15625,252.796875
3784,-24.179466389570386,0.00023876773338365933,1.0,0.03125,252.828125
3785,-24.179466389619343,0.00023605785757177506,1.0,0.046875,252.875
3786,-24.17946638968502,0.0002359838964974813,1.0,0.046875,252.921875
3787,-24.179466389739876,0.00023352176137092485,1.0,0.125,253.046875
3788,-24.179466389811296,0.0002314110897499777,1.0,0.03125,253.078125
3789,-24.17946638987594,0.00022958997149806576,1.0,0.078125,253.15625
3790,-24.17946638991577,0.00023056678054167418,1.0,0.140625,253.296875
3791,-24.17946638996775,0.00023216747608773464,1.0,0.046875,253.34375
3792,-24.179466390018526,0.00023183887052520742,1.0,0.046875,253.390625
3793,-24.179466390081014,0.0002313725380277212,1.0,0.046875,253.4375
3794,-24.179466390137584,0.00023154848817130632,1.0,0.03125,253.46875
3795,-24.179466390204375,0.00023018790770784413,1.0,0.078125,253.546875
3796,-24.179466390276993,0.00023189854090486728,1.0,0.03125,253.578125
3797,-24.179466390358066,0.0002333695901502558,1.0,0.03125,253.609375
3798,-24.17946639041366,0.00023405497114896827,1.0,0.03125,253.640625
3799,-24.17946639045965,0.00023343068613557858,1.0,0.03125,253.671875
3800,-24.179466390514463,0.0002334609941207465,1.0,0.1875,253.859375
3801,-24.179466390572756,0.00023238129721926004,1.0,0.03125,253.890625
3802,-24.179466390619496,0.00022867620963536942,1.0,0.109375,254.0
3803,-24.179466390663144,0.00022613902193638227,1.0,0.03125,254.03125
3804,-24.179466390718492,0.00022569860045715815,1.0,0.03125,254.0625
3805,-24.179466390780732,0.00022606320137299421,1.0,0.03125,254.09375
3806,-24.179466390836378,0.00022504275985091548,1.0,0.0625,254.15625
3807,-24.17946639088257,0.00022236908093947836,1.0,0.03125,254.1875
3808,-24.1794663909376,0.00022620992582064137,1.0,0.15625,254.34375
3809,-24.17946639099134,0.0002234515028065617,1.0,0.03125,254.375
3810,-24.179466391042297,0.00022274434470559483,1.0,0.03125,254.40625
3811,-24.179466391093683,0.00022238435293444749,1.0,0.046875,254.453125
3812,-24.179466391137446,0.00021905117710937296,1.0,0.0625,254.515625
3813,-24.17946639119564,0.0002199649498383339,1.0,0.078125,254.59375
3814,-24.179466391245636,0.00022263934640433217,1.0,0.0625,254.65625
3815,-24.17946639128857,0.0002197712995151478,1.0,0.078125,254.734375
3816,-24.17946639132595,0.0002180486727451417,1.0,0.078125,254.8125
3817,-24.179466391366194,0.00022040478071256588,1.0,0.046875,254.859375
3818,-24.17946639141591,0.0002197339308319225,1.0,0.0625,254.921875
3819,-24.179466391468836,0.0002197674466608933,1.0,0.0625,254.984375
3820,-24.179466391524766,0.00022045647872891426,1.0,0.046875,255.03125
3821,-24.179466391598012,0.0002199793695517178,1.0,0.046875,255.078125
3822,-24.179466391654294,0.0002205370165053496,1.0,0.03125,255.109375
3823,-24.17946639170655,0.0002181625946474046,1.0,0.03125,255.140625
3824,-24.179466391753135,0.00021868070273875552,1.0,0.03125,255.171875
3825,-24.17946639181523,0.00021751817244061093,1.0,0.03125,255.203125
3826,-24.17946639185925,0.00021570299983447857,1.0,0.078125,255.28125
3827,-24.17946639190578,0.00021210168947539078,1.0,0.03125,255.3125
3828,-24.17946639196249,0.0002112197479685973,1.0,0.015625,255.328125
3829,-24.179466391998908,0.00021099119214285021,1.0,0.046875,255.375
3830,-24.17946639203921,0.00021349689435817455,1.0,0.03125,255.40625
3831,-24.179466392074076,0.00021427362439558503,1.0,0.0625,255.46875
3832,-24.179466392118275,0.00021208622707570004,1.0,0.03125,255.5
3833,-24.179466392182782,0.0002108693204322301,1.0,0.140625,255.640625
3834,-24.17946639223735,0.00021025639683898054,1.0,0.046875,255.6875
3835,-24.179466392284766,0.00020661971374487506,1.0,0.03125,255.71875
3836,-24.17946639233579,0.00021014808654041154,1.0,0.03125,255.75
3837,-24.179466392387255,0.0002066953215823428,1.0,0.0625,255.8125
3838,-24.179466392434666,0.00020585265481493805,1.0,0.046875,255.859375
3839,-24.179466392485853,0.00020534508893770302,1.0,0.0625,255.921875
3840,-24.179466392532575,0.00020680208333872244,1.0,0.03125,255.953125
3841,-24.17946639258324,0.00020644862922708846,1.0,0.03125,255.984375
3842,-24.179466392625688,0.00020592915370334631,1.0,0.03125,256.015625
3843,-24.179466392677828,0.0002065551137776002,1.0,0.03125,256.046875
3844,-24.17946639272458,0.0002074091484025143,1.0,0.078125,256.125
3845,-24.179466392761732,0.0002070020054451617,1.0,0.125,256.25
3846,-24.179466392802595,0.0002062111270999976,1.0,0.140625,256.390625
3847,-24.179466392847495,0.00020582960203469484,1.0,0.140625,256.53125
3848,-24.17946639289838,0.00020587097499079088,1.0,0.125,256.65625
3849,-24.17946639294304,0.0002048194272076753,1.0,0.140625,256.796875
3850,-24.17946639298642,0.00020537903930948923,1.0,0.046875,256.84375
3851,-24.17946639305005,0.0002041516455602452,1.0,0.0625,256.90625
3852,-24.179466393092852,0.0002025128706364485,1.0,0.046875,256.953125
3853,-24.179466393136575,0.0002012998983794247,1.0,0.046875,257.0
3854,-24.1794663931663,0.00020184485670029319,1.0,0.03125,257.03125
3855,-24.179466393191706,0.00020151084847541933,1.0,0.046875,257.078125
3856,-24.179466393232246,0.00019783241003223546,1.0,0.0625,257.140625
3857,-24.179466393268388,0.00019660998138281246,1.0,0.03125,257.171875
3858,-24.179466393305947,0.0001954453943993104,1.0,0.03125,257.203125
3859,-24.179466393344224,0.00019502653271792224,1.0,0.03125,257.234375
3860,-24.179466393383123,0.00019445506684817083,1.0,0.046875,257.28125
3861,-24.179466393419048,0.0001939334739831572,1.0,0.03125,257.3125
3862,-24.179466393459855,0.00019571537685225148,1.0,0.046875,257.359375
3863,-24.17946639349706,0.00019776135003870767,1.0,0.046875,257.40625
3864,-24.179466393539986,0.00019807942636872617,1.0,0.046875,257.453125
3865,-24.179466393576117,0.00019936003329584025,1.0,0.03125,257.484375
3866,-24.179466393616764,0.0001968412607651126,1.0,0.140625,257.625
3867,-24.17946639366036,0.00019405182478375195,1.0,0.140625,257.765625
3868,-24.17946639369884,0.00019412316782137047,1.0,0.140625,257.90625
3869,-24.179466393733446,0.00019403811623968522,1.0,0.140625,258.046875
3870,-24.179466393772564,0.00019439948352060647,1.0,0.140625,258.1875
3871,-24.17946639381055,0.0001944101397361069,1.0,0.140625,258.328125
3872,-24.179466393858977,0.00019241781102630616,1.0,0.140625,258.46875
3873,-24.179466393891744,0.00019177615806996958,1.0,0.140625,258.609375
3874,-24.179466393924304,0.0001913782265505605,1.0,0.140625,258.75
3875,-24.179466393955042,0.00019282993810361122,1.0,0.03125,258.78125
3876,-24.17946639400013,0.0001915197063786382,1.0,0.03125,258.8125
3877,-24.179466394034733,0.00019397128353710065,1.0,0.03125,258.84375
3878,-24.179466394069035,0.00019414105671323366,1.0,0.03125,258.875
3879,-24.1794663941088,0.0001928037068730519,1.0,0.03125,258.90625
3880,-24.179466394148346,0.00019215906830848158,1.0,0.140625,259.046875
3881,-24.17946639419016,0.0001930096273367696,1.0,0.140625,259.1875
3882,-24.179466394218178,0.00019184586116597024,1.0,0.046875,259.234375
3883,-24.179466394260388,0.00019100801724223916,1.0,0.0625,259.296875
3884,-24.17946639429282,0.0001894132189224948,1.0,0.03125,259.328125
3885,-24.179466394328852,0.00018997861751765503,1.0,0.140625,259.46875
3886,-24.17946639436419,0.0001880869010306118,1.0,0.140625,259.609375
3887,-24.179466394397373,0.00018835468085807053,1.0,0.09375,259.703125
3888,-24.17946639442742,0.00018638250999523503,1.0,0.140625,259.84375
3889,-24.179466394452913,0.00018668879284727672,1.0,0.0625,259.90625
3890,-24.179466394491676,0.00018551181951014144,1.0,0.0625,259.96875
3891,-24.179466394534604,0.00018627419615964075,1.0,0.125,260.09375
3892,-24.1794663945783,0.00018937556620887694,1.0,0.03125,260.125
3893,-24.17946639460743,0.00018559215619714026,1.0,0.140625,260.265625
3894,-24.179466394657307,0.00018354964317527208,1.0,0.109375,260.375
3895,-24.17946639468765,0.00018296041663394135,1.0,0.046875,260.421875
3896,-24.17946639471718,0.00018374895306887373,1.0,0.03125,260.453125
3897,-24.17946639475306,0.00018419202333259078,1.0,0.09375,260.546875
3898,-24.179466394789547,0.0001830217952726829,1.0,0.078125,260.625
3899,-24.179466394824928,0.00018416239079452082,1.0,0.046875,260.671875
3900,-24.17946639486176,0.00018382290714380987,1.0,0.03125,260.703125
3901,-24.17946639489519,0.00018463519287749801,1.0,0.03125,260.734375
3902,-24.17946639492891,0.0001842713046567848,1.0,0.03125,260.765625
3903,-24.179466394967633,0.00018226784031374966,1.0,0.125,260.890625
3904,-24.179466394999526,0.00018000166082061278,1.0,0.109375,261.0
3905,-24.179466395035035,0.00018161892664149537,1.0,0.140625,261.140625
3906,-24.179466395070754,0.0001816626000355894,1.0,0.140625,261.28125
3907,-24.179466395104086,0.00018204304412055875,1.0,0.140625,261.421875
3908,-24.179466395145525,0.00017972812611753277,1.0,0.140625,261.5625
3909,-24.17946639517918,0.0001793081136792869,1.0,0.140625,261.703125
3910,-24.17946639520944,0.00017828321918849036,1.0,0.140625,261.84375
3911,-24.17946639523885,0.0001771084185801997,1.0,0.109375,261.953125
3912,-24.17946639526896,0.00018023312331109085,1.0,0.03125,261.984375
3913,-24.17946639529871,0.00017958869701793315,1.0,0.03125,262.015625
3914,-24.179466395323647,0.00017901887357535311,1.0,0.03125,262.046875
3915,-24.179466395357185,0.00017799176788746695,1.0,0.140625,262.1875
3916,-24.179466395393362,0.00017926538781627826,1.0,0.03125,262.21875
3917,-24.179466395416433,0.000177242810315094,1.0,0.03125,262.25
3918,-24.179466395450785,0.00017593434684879267,1.0,0.03125,262.28125
3919,-24.179466395481217,0.00017668756423067263,1.0,0.03125,262.3125
3920,-24.179466395519533,0.00017672103606652047,1.0,0.046875,262.359375
3921,-24.179466395561555,0.00017832154420907944,1.0,0.03125,262.390625
3922,-24.1794663955975,0.00018003360441128612,1.0,0.046875,262.4375
3923,-24.17946639563452,0.00017980430873391947,1.0,0.140625,262.578125
3924,-24.17946639567422,0.0001781384981385234,1.0,0.140625,262.71875
3925,-24.179466395712037,0.0001755174728643764,1.0,0.140625,262.859375
3926,-24.17946639574748,0.00017655413973479472,1.0,0.140625,263.0
3927,-24.179466395778427,0.00017366316606972046,1.0,0.03125,263.03125
3928,-24.179466395805825,0.00017293043535069697,1.0,0.03125,263.0625
3929,-24.179466395841104,0.00016928710870789886,1.0,0.03125,263.09375
3930,-24.17946639586738,0.0001693443065836995,1.0,0.03125,263.125
3931,-24.179466395895407,0.0001687112890134337,1.0,0.03125,263.15625
3932,-24.179466395923786,0.0001687087654749582,1.0,0.078125,263.234375
3933,-24.17946639595761,0.00016918215631259262,1.0,0.09375,263.328125
3934,-24.17946639598896,0.0001687853756920811,1.0,0.046875,263.375
3935,-24.17946639601972,0.0001700798080578321,1.0,0.03125,263.40625
3936,-24.179466396049722,0.00017260121791315246,1.0,0.046875,263.453125
3937,-24.17946639607925,0.00017255223426349304,1.0,0.15625,263.609375
3938,-24.17946639610819,0.0001722826524904329,1.0,0.046875,263.65625
3939,-24.179466396140818,0.00017124660095654628,1.0,0.046875,263.703125
3940,-24.179466396168454,0.00017112976105018122,1.0,0.078125,263.78125
3941,-24.17946639619731,0.0001728353471900039,1.0,0.078125,263.859375
3942,-24.179466396230797,0.00016882884445421935,1.0,0.15625,264.015625
3943,-24.179466396266047,0.000167156936134452,1.0,0.03125,264.046875
3944,-24.179466396297006,0.0001652203178567107,1.0,0.03125,264.078125
3945,-24.179466396324152,0.00016487499393298729,1.0,0.140625,264.21875
3946,-24.179466396360624,0.00016710160468058377,1.0,0.03125,264.25
3947,-24.179466396385656,0.00016651236861452487,1.0,0.03125,264.28125
3948,-24.179466396411993,0.00016707696519382056,1.0,0.046875,264.328125
3949,-24.17946639643327,0.00016527973201875437,1.0,0.125,264.453125
3950,-24.179466396461372,0.00016334138590269723,1.0,0.03125,264.484375
3951,-24.179466396488756,0.0001635533497608847,1.0,0.046875,264.53125
3952,-24.17946639651773,0.00016236612930398367,1.0,0.03125,264.5625
3953,-24.17946639654248,0.00016366053742043076,1.0,0.140625,264.703125
3954,-24.179466396569627,0.000163992210735552,1.0,0.03125,264.734375
3955,-24.17946639660078,0.00016283358748491337,1.0,0.03125,264.765625
3956,-24.179466396630936,0.00016072643910022613,1.0,0.03125,264.796875
3957,-24.179466396662708,0.0001614247347992271,1.0,0.046875,264.84375
3958,-24.179466396694462,0.00016176070713163604,1.0,0.140625,264.984375
3959,-24.17946639671828,0.0001618405410043548,1.0,0.03125,265.015625
3960,-24.17946639674078,0.00016237988935336427,1.0,0.125,265.140625
3961,-24.17946639676214,0.0001621419389612006,1.0,0.03125,265.171875
3962,-24.179466396789007,0.0001628608575806665,1.0,0.046875,265.21875
3963,-24.179466396820228,0.00016308986491437796,1.0,0.046875,265.265625
3964,-24.1794663968494,0.00016180008107437337,1.0,0.03125,265.296875
3965,-24.17946639688122,0.00016267389649823286,1.0,0.046875,265.34375
3966,-24.179466396903475,0.00016051746432584456,1.0,0.078125,265.421875
3967,-24.179466396931705,0.00016050545858059418,1.0,0.078125,265.5
3968,-24.17946639695883,0.00015993016588474913,1.0,0.0625,265.5625
3969,-24.179466396985777,0.00015963070749092762,1.0,0.0625,265.625
3970,-24.179466397016153,0.00015969969208844706,1.0,0.140625,265.765625
3971,-24.179466397049556,0.00016047727727708325,1.0,0.109375,265.875
3972,-24.179466397070446,0.0001577697123323283,1.0,0.125,266.0
3973,-24.179466397092778,0.00015633765873867411,1.0,0.015625,266.015625
3974,-24.179466397120034,0.00015591517905672568,1.0,0.046875,266.0625
3975,-24.179466397145394,0.00015576198424637212,1.0,0.140625,266.203125
3976,-24.179466397168557,0.0001545268911312065,1.0,0.03125,266.234375
3977,-24.179466397190982,0.0001533562076370421,1.0,0.046875,266.28125
3978,-24.17946639722024,0.00015474535813333958,1.0,0.15625,266.4375
3979,-24.17946639724592,0.0001531670727809405,1.0,0.0625,266.5
3980,-24.17946639726958,0.00015171663679764856,1.0,0.046875,266.546875
3981,-24.179466397286625,0.00015368995805833868,1.0,0.171875,266.71875
3982,-24.179466397309447,0.00015269408240760362,1.0,0.140625,266.859375
3983,-24.17946639733312,0.00015129017033557214,1.0,0.046875,266.90625
3984,-24.17946639735529,0.00015093212520438028,1.0,0.03125,266.9375
3985,-24.17946639737976,0.00015027907305576843,1.0,0.03125,266.96875
3986,-24.179466397402546,0.0001509088564824994,1.0,0.046875,267.015625
3987,-24.179466397420793,0.00015107628863226673,1.0,0.0625,267.078125
3988,-24.17946639744517,0.00015229359818932158,1.0,0.046875,267.125
3989,-24.179466397469387,0.00015326064216036753,1.0,0.109375,267.234375
3990,-24.179466397497986,0.00015148011192343567,1.0,0.125,267.359375
3991,-24.17946639752376,0.00015160552781291693,1.0,0.1875,267.546875
3992,-24.17946639754067,0.00015008343489661242,1.0,0.0625,267.609375
3993,-24.179466397571336,0.00015063729509871626,1.0,0.125,267.734375
3994,-24.179466397590797,0.00014987820881226906,1.0,0.046875,267.78125
3995,-24.17946639761479,0.00014862203116560937,1.0,0.109375,267.890625
3996,-24.17946639764053,0.00014614287648767433,1.0,0.03125,267.921875
3997,-24.179466397662353,0.00014747267666844973,1.0,0.140625,268.0625
3998,-24.179466397681015,0.00014752016686205832,1.0,0.109375,268.171875
3999,-24.17946639770259,0.00014754721059272093,1.0,0.171875,268.34375
4000,-24.179466397725758,0.00014665742680389237,1.0,0.03125,268.375
4001,-24.179466397745085,0.00014697792648936557,1.0,0.125,268.5
4002,-24.179466397765726,0.00014597048710834955,1.0,0.15625,268.65625
4003,-24.179466397783624,0.0001472362201558387,1.0,0.03125,268.6875
4004,-24.179466397805857,0.00014832333914827807,1.0,0.046875,268.734375
4005,-24.179466397826072,0.00014714103630008004,1.0,0.03125,268.765625
4006,-24.179466397845463,0.00014804744302709277,1.0,0.15625,268.921875
4007,-24.17946639786416,0.00014687834296908637,1.0,0.0625,268.984375
4008,-24.179466397889136,0.00014660544082558443,1.0,0.046875,269.03125
4009,-24.1794663979113,0.00014729452945655273,1.0,0.109375,269.140625
4010,-24.179466397934448,0.00014710448346978957,1.0,0.140625,269.28125
4011,-24.179466397956343,0.00014497241721970724,1.0,0.015625,269.296875
4012,-24.179466397983987,0.0001459689292370833,1.0,0.0625,269.359375
4013,-24.17946639800652,0.0001444694235443986,1.0,0.03125,269.390625
4014,-24.179466398030545,0.0001431269879847554,1.0,0.03125,269.421875
4015,-24.179466398052156,0.00014371616157594794,1.0,0.046875,269.46875
4016,-24.179466398075128,0.00014324159568692614,1.0,0.03125,269.5
4017,-24.17946639809959,0.00014194938270169113,1.0,0.125,269.625
4018,-24.179466398116553,0.00014110220454682362,1.0,0.078125,269.703125
4019,-24.179466398137293,0.0001407293839056926,1.0,0.140625,269.84375
4020,-24.17946639815647,0.00014141788592138873,1.0,0.140625,269.984375
4021,-24.179466398178928,0.0001419738570719037,1.0,0.140625,270.125
4022,-24.179466398199843,0.00014071850726795322,1.0,0.125,270.25
4023,-24.17946639821481,0.00013898158369490363,1.0,0.03125,270.28125
4024,-24.179466398228662,0.00013858285719253472,1.0,0.09375,270.375
4025,-24.17946639824468,0.00013718036664987752,1.0,0.109375,270.484375
4026,-24.17946639826494,0.00013673090803941888,1.0,0.0625,270.546875
4027,-24.17946639828736,0.0001379584898113936,1.0,0.03125,270.578125
4028,-24.179466398306513,0.00013711763410982131,1.0,0.03125,270.609375
4029,-24.1794663983257,0.00013780339302734543,1.0,0.015625,270.625
4030,-24.1794663983457,0.00013757973164503544,1.0,0.03125,270.65625
4031,-24.179466398363413,0.00013847841782059665,1.0,0.03125,270.6875
4032,-24.1794663983779,0.00013888379228440935,1.0,0.125,270.8125
4033,-24.17946639839527,0.00013819276098086739,1.0,0.015625,270.828125
4034,-24.17946639841736,0.0001369453138682513,1.0,0.109375,270.9375
4035,-24.17946639843221,0.00013669443044418293,1.0,0.03125,270.96875
4036,-24.179466398449346,0.00013566768682230342,1.0,0.140625,271.109375
4037,-24.17946639846523,0.00013612320063537473,1.0,0.03125,271.140625
4038,-24.179466398479722,0.0001357285630954648,1.0,0.03125,271.171875
4039,-24.179466398502306,0.00013542806682997771,1.0,0.0625,271.234375
4040,-24.17946639852262,0.000137815510342733,1.0,0.03125,271.265625
4041,-24.179466398544584,0.0001377372025440581,1.0,0.03125,271.296875
4042,-24.179466398563825,0.00013515147881194123,1.0,0.03125,271.328125
4043,-24.179466398589405,0.0001343011634032781,1.0,0.03125,271.359375
4044,-24.17946639860932,0.00013251957653018207,1.0,0.0625,271.421875
4045,-24.17946639862149,0.00013227175257398186,1.0,0.03125,271.453125
4046,-24.1794663986473,0.00013202292875464888,1.0,0.03125,271.484375
4047,-24.179466398665717,0.00013117066207355815,1.0,0.046875,271.53125
4048,-24.179466398682543,0.00012969911414410738,1.0,0.046875,271.578125
4049,-24.179466398696462,0.00012941157126862047,1.0,0.03125,271.609375
4050,-24.179466398712982,0.00012969635870041944,1.0,0.03125,271.640625
4051,-24.179466398732952,0.00012895885031355067,1.0,0.03125,271.671875
4052,-24.17946639874732,0.00013013153035009334,1.0,0.03125,271.703125
4053,-24.17946639876506,0.0001314153856975433,1.0,0.03125,271.734375
4054,-24.179466398782857,0.00012963472796642317,1.0,0.03125,271.765625
4055,-24.17946639880212,0.00013136516426764345,1.0,0.03125,271.796875
4056,-24.179466398816047,0.0001301193852705188,1.0,0.03125,271.828125
4057,-24.179466398833757,0.0001292723345640729,1.0,0.03125,271.859375
4058,-24.17946639884874,0.00012917159103541627,1.0,0.03125,271.890625
4059,-24.17946639886569,0.00012710343502646292,1.0,0.03125,271.921875
4060,-24.179466398886465,0.00012754650587439107,1.0,0.03125,271.953125
4061,-24.17946639890399,0.0001267073062006823,1.0,0.046875,272.0
4062,-24.17946639892141,0.0001279113739173798,1.0,0.03125,272.03125
4063,-24.179466398942747,0.00012744218946954752,1.0,0.03125,272.0625
4064,-24.17946639895725,0.0001257539051602403,1.0,0.046875,272.109375
4065,-24.17946639897537,0.00012615105823314982,1.0,0.03125,272.140625
4066,-24.179466398993437,0.00012610052013415314,1.0,0.046875,272.1875
4067,-24.1794663990071,0.00012569522431582562,1.0,0.25,272.4375
4068,-24.179466399024612,0.0001246444612438077,1.0,0.046875,272.484375
4069,-24.179466399043097,0.00012449711392975883,1.0,0.140625,272.625
4070,-24.179466399059812,0.0001236552340623619,1.0,0.09375,272.71875
4071,-24.179466399077384,0.00012363667495894008,1.0,0.03125,272.75
4072,-24.17946639908972,0.00012429026094779244,1.0,0.046875,272.796875
4073,-24.179466399106076,0.00012331245423499496,1.0,0.03125,272.828125
4074,-24.17946639912524,0.0001221794825956716,1.0,0.015625,272.84375
4075,-24.179466399143994,0.00012181996844716204,1.0,0.03125,272.875
4076,-24.17946639916108,0.00012142705038840742,1.0,0.125,273.0
4077,-24.17946639917914,0.00012257496996797285,1.0,0.140625,273.140625
4078,-24.179466399192776,0.00012187989073241296,1.0,0.140625,273.28125
4079,-24.179466399204806,0.00012190745426450608,1.0,0.140625,273.421875
4080,-24.17946639922147,0.00012206767684066905,1.0,0.03125,273.453125
4081,-24.179466399237587,0.00012121697191147777,1.0,0.046875,273.5
4082,-24.179466399249936,0.00012072523934804896,1.0,0.078125,273.578125
4083,-24.17946639926509,0.00012037994832849727,1.0,0.140625,273.71875
4084,-24.179466399278454,0.00012018368833688516,1.0,0.078125,273.796875
4085,-24.179466399294782,0.00012038110776482256,1.0,0.046875,273.84375
4086,-24.179466399312712,0.0001220124809728311,1.0,0.109375,273.953125
4087,-24.17946639932894,0.00012163610951129169,1.0,0.140625,274.09375
4088,-24.179466399345916,0.00012038930189079488,1.0,0.078125,274.171875
4089,-24.17946639935915,0.00011958756330808971,1.0,0.046875,274.21875
4090,-24.179466399373396,0.00012073935467934694,1.0,0.03125,274.25
4091,-24.17946639938915,0.00012052000191963854,1.0,0.03125,274.28125
4092,-24.179466399404724,0.00012157002770114211,1.0,0.03125,274.3125
4093,-24.17946639942202,0.00012153168136351751,1.0,0.046875,274.359375
4094,-24.179466399437075,0.00012096069179297144,1.0,0.03125,274.390625
4095,-24.17946639945458,0.0001207165081566103,1.0,0.03125,274.421875
4096,-24.17946639946988,0.00011850148642177896,1.0,0.03125,274.453125
4097,-24.17946639948309,0.00011870314514135193,1.0,0.03125,274.484375
4098,-24.179466399499066,0.0001174717483091082,1.0,0.03125,274.515625
4099,-24.17946639951139,0.00011872983988052404,1.0,0.0625,274.578125
4100,-24.179466399525584,0.00011703282198211318,1.0,0.03125,274.609375
4101,-24.179466399542406,0.00011726702044135744,1.0,0.140625,274.75
4102,-24.17946639955378,0.00011686248082721536,1.0,0.140625,274.890625
4103,-24.17946639956707,0.00011605777110446223,1.0,0.140625,275.03125
4104,-24.179466399579816,0.00011662233722977542,1.0,0.03125,275.0625
4105,-24.179466399596315,0.00011645734696327482,1.0,0.140625,275.203125
4106,-24.179466399611048,0.00011564621014902284,1.0,0.140625,275.34375
4107,-24.17946639962328,0.00011378820904986172,1.0,0.140625,275.484375
4108,-24.179466399636453,0.00011371595289316705,1.0,0.140625,275.625
4109,-24.179466399647314,0.00011424743780564321,1.0,0.109375,275.734375
4110,-24.17946639966074,0.00011481845282107577,1.0,0.046875,275.78125
4111,-24.17946639967195,0.00011300341142691316,1.0,0.03125,275.8125
4112,-24.179466399686387,0.00011239813784801412,1.0,0.03125,275.84375
4113,-24.179466399702957,0.00011184032230830003,1.0,0.03125,275.875
4114,-24.17946639971308,0.00011296867110030011,1.0,0.03125,275.90625
4115,-24.179466399728145,0.00011321859982401404,1.0,0.03125,275.9375
4116,-24.1794663997416,0.00011281755633545177,1.0,0.03125,275.96875
4117,-24.179466399758244,0.0001132040686402753,1.0,0.046875,276.015625
4118,-24.179466399773084,0.00011132100675792388,1.0,0.03125,276.046875
4119,-24.17946639978852,0.00011129283393760855,1.0,0.140625,276.1875
4120,-24.179466399805577,0.0001134813987919462,1.0,0.140625,276.328125
4121,-24.179466399816107,0.00011237764867725534,1.0,0.140625,276.46875
4122,-24.179466399830286,0.00011232750445294298,1.0,0.140625,276.609375
4123,-24.179466399842656,0.00011165082370757229,1.0,0.140625,276.75
4124,-24.179466399857354,0.00011142744055995687,1.0,0.03125,276.78125
4125,-24.179466399871078,0.00010941789144580004,1.0,0.03125,276.8125
4126,-24.17946639988271,0.00010813254438351637,1.0,0.171875,276.984375
4127,-24.179466399894274,0.00010847964257091503,1.0,0.046875,277.03125
4128,-24.17946639990767,0.00010794965608315827,1.0,0.15625,277.1875
4129,-24.179466399919843,0.00010922708689036905,1.0,0.03125,277.21875
4130,-24.179466399930575,0.00010954644103241436,1.0,0.125,277.34375
4131,-24.17946639994045,0.0001093356821336537,1.0,0.125,277.46875
4132,-24.179466399953906,0.00010972965709006088,1.0,0.03125,277.5
4133,-24.179466399968586,0.00011024021073422236,1.0,0.140625,277.640625
4134,-24.179466399980463,0.00010994342189408689,1.0,0.140625,277.78125
4135,-24.179466399992954,0.00011010655725646925,1.0,0.015625,277.796875
4136,-24.179466400004948,0.00011078676709092109,1.0,0.140625,277.9375
4137,-24.179466400016103,0.00011125214966025026,1.0,0.078125,278.015625
4138,-24.17946640002948,0.00010887575946439172,1.0,0.03125,278.046875
4139,-24.179466400041516,0.00010815913111222685,1.0,0.046875,278.09375
4140,-24.179466400054174,0.00010826195918296176,1.0,0.03125,278.125
4141,-24.179466400066726,0.00010824162049657611,1.0,0.03125,278.15625
4142,-24.179466400078674,0.00010775250322489143,1.0,0.03125,278.1875
4143,-24.179466400092608,0.00010678876399434798,1.0,0.125,278.3125
4144,-24.179466400107277,0.00010687271670490631,1.0,0.140625,278.453125
4145,-24.179466400120795,0.00010650333629123578,1.0,0.03125,278.484375
4146,-24.179466400131805,0.00010462889897316929,1.0,0.046875,278.53125
4147,-24.179466400142893,0.00010491541415224151,1.0,0.03125,278.5625
4148,-24.179466400153526,0.00010425755976481171,1.0,0.046875,278.609375
4149,-24.179466400161672,0.00010378971580717266,1.0,0.09375,278.703125
4150,-24.179466400172984,0.00010361611925135288,1.0,0.03125,278.734375
4151,-24.179466400184833,0.00010288694224902752,1.0,0.03125,278.765625
4152,-24.17946640019665,0.0001034251581566481,1.0,0.03125,278.796875
4153,-24.179466400210366,0.0001026960529523152,1.0,0.046875,278.84375
4154,-24.179466400221617,0.0001020523683285282,1.0,0.015625,278.859375
4155,-24.17946640023114,0.00010301953861711616,1.0,0.046875,278.90625
4156,-24.179466400242152,0.0001033799619735361,1.0,0.03125,278.9375
4157,-24.17946640025472,0.00010486938928354878,1.0,0.1875,279.125
4158,-24.1794664002677,0.0001032629939117671,1.0,0.140625,279.265625
4159,-24.179466400276173,0.00010187475718688393,1.0,0.09375,279.359375
4160,-24.179466400290238,0.00010232660044781085,1.0,0.140625,279.5
4161,-24.17946640030237,0.0001007775769238497,1.0,0.078125,279.578125
4162,-24.179466400313782,0.00010174566358225662,1.0,0.046875,279.625
4163,-24.179466400325644,0.00010180394549343932,1.0,0.15625,279.78125
4164,-24.17946640033678,0.00010118734924185868,1.0,0.140625,279.921875
4165,-24.179466400346257,0.00010076002219662059,1.0,0.140625,280.0625
4166,-24.179466400357402,0.00010126454147769467,1.0,0.140625,280.203125
4167,-24.179466400368465,0.00010079317068148489,1.0,0.140625,280.34375
4168,-24.17946640037883,9.872256065514962e-05,1.0,0.09375,280.4375
4169,-24.179466400388428,9.965311926036542e-05,1.0,0.03125,280.46875
4170,-24.179466400399928,9.910904799957254e-05,1.0,0.03125,280.5
4171,-24.179466400408145,9.940207142460615e-05,1.0,0.03125,280.53125
4172,-24.179466400419358,9.876711058286502e-05,1.0,0.03125,280.5625
4173,-24.17946640042889,9.857245183000712e-05,1.0,0.03125,280.59375
4174,-24.17946640043772,9.795184635707279e-05,1.0,0.03125,280.625
4175,-24.17946640044791,9.799623796064898e-05,1.0,0.140625,280.765625
4176,-24.17946640046195,9.912888514590552e-05,1.0,0.125,280.890625
4177,-24.179466400471053,9.777952285094756e-05,1.0,0.03125,280.921875
4178,-24.17946640048373,9.747671644679858e-05,1.0,0.03125,280.953125
4179,-24.17946640049425,9.720013695331737e-05,1.0,0.03125,280.984375
4180,-24.17946640050502,9.76023386370106e-05,1.0,0.078125,281.0625
4181,-24.17946640051363,9.688502701256182e-05,1.0,0.03125,281.09375
4182,-24.17946640052489,9.724291247634354e-05,1.0,0.03125,281.125
4183,-24.179466400533467,9.707240666738044e-05,1.0,0.0625,281.1875
4184,-24.179466400542665,9.721768763940492e-05,1.0,0.03125,281.21875
4185,-24.179466400554606,9.752554637822666e-05,1.0,0.03125,281.25
4186,-24.179466400563804,9.858446485867429e-05,1.0,0.03125,281.28125
4187,-24.179466400572824,9.830327898814187e-05,1.0,0.03125,281.3125
4188,-24.179466400579983,9.695517691231303e-05,1.0,0.015625,281.328125
4189,-24.17946640059058,9.63847794416512e-05,1.0,0.015625,281.34375
4190,-24.179466400603328,9.663361677852801e-05,1.0,0.171875,281.515625
4191,-24.179466400610846,9.538179814566334e-05,1.0,0.140625,281.65625
4192,-24.17946640061902,9.512856499964599e-05,1.0,0.03125,281.6875
4193,-24.17946640062869,9.396514948183654e-05,1.0,0.078125,281.765625
4194,-24.17946640063722,9.35604414486791e-05,1.0,0.046875,281.8125
4195,-24.179466400645634,9.361355954545697e-05,1.0,0.0625,281.875
4196,-24.17946640065563,9.397630774640201e-05,1.0,0.03125,281.90625
4197,-24.179466400662307,9.357037287117445e-05,1.0,0.03125,281.9375
4198,-24.179466400672275,9.31501418919561e-05,1.0,0.0625,282.0
4199,-24.17946640068005,9.32132888657899e-05,1.0,0.03125,282.03125
4200,-24.179466400690213,9.361462576825976e-05,1.0,0.03125,282.0625
4201,-24.179466400700615,9.409748716617806e-05,1.0,0.015625,282.078125
4202,-24.17946640071104,9.368995702350415e-05,1.0,0.03125,282.109375
4203,-24.179466400719857,9.283529481386745e-05,1.0,0.03125,282.140625
4204,-24.17946640072949,9.323266222469722e-05,1.0,0.046875,282.1875
4205,-24.17946640073899,9.259832614213128e-05,1.0,0.03125,282.21875
4206,-24.179466400749302,9.24430530031275e-05,1.0,0.03125,282.25
4207,-24.179466400757565,9.316856637955431e-05,1.0,0.046875,282.296875
4208,-24.179466400766554,9.263955657949874e-05,1.0,0.03125,282.328125
4209,-24.179466400773993,9.235416540389219e-05,1.0,0.0625,282.390625
4210,-24.179466400784,9.176891870493745e-05,1.0,0.09375,282.484375
4211,-24.179466400793647,9.253458935029634e-05,1.0,0.03125,282.515625
4212,-24.17946640080102,9.37691262226631e-05,1.0,0.078125,282.59375
4213,-24.179466400810867,9.247227402013055e-05,1.0,0.0625,282.65625
4214,-24.179466400820857,9.210906091672304e-05,1.0,0.03125,282.6875
4215,-24.17946640082964,9.130038946516884e-05,1.0,0.09375,282.78125
4216,-24.179466400838734,9.04095415290658e-05,1.0,0.0625,282.84375
4217,-24.179466400847964,9.01512375188957e-05,1.0,0.046875,282.890625
4218,-24.179466400854565,9.025754187424648e-05,1.0,0.140625,283.03125
4219,-24.179466400860672,9.013263350017243e-05,1.0,0.03125,283.0625
4220,-24.179466400868474,9.022842584024926e-05,1.0,0.15625,283.21875
4221,-24.179466400876002,9.106389825103267e-05,1.0,0.03125,283.25
4222,-24.179466400885964,8.971089917413414e-05,1.0,0.03125,283.28125
4223,-24.179466400893183,8.885455489932908e-05,1.0,0.109375,283.390625
4224,-24.179466400900797,8.889431450416776e-05,1.0,0.0625,283.453125
4225,-24.179466400909877,8.854305854670256e-05,1.0,0.0625,283.515625
4226,-24.179466400919125,8.743299106462308e-05,1.0,0.078125,283.59375
4227,-24.17946640092679,8.728157925060077e-05,1.0,0.046875,283.640625
4228,-24.179466400934476,8.671277150704615e-05,1.0,0.046875,283.6875
4229,-24.17946640094336,8.717770215153869e-05,1.0,0.03125,283.71875
4230,-24.179466400950556,8.673700228707388e-05,1.0,0.03125,283.75
4231,-24.17946640095786,8.725850697565961e-05,1.0,0.15625,283.90625
4232,-24.179466400963932,8.740041520376122e-05,1.0,0.140625,284.046875
4233,-24.17946640097345,8.709958028294974e-05,1.0,0.109375,284.15625
4234,-24.17946640098336,8.710105586241714e-05,1.0,0.0625,284.21875
4235,-24.179466400991412,8.605513383822626e-05,1.0,0.03125,284.25
4236,-24.17946640099883,8.550982141571073e-05,1.0,0.03125,284.28125
4237,-24.17946640100671,8.624318539130315e-05,1.0,0.046875,284.328125
4238,-24.179466401014555,8.613866235514231e-05,1.0,0.03125,284.359375
4239,-24.179466401022037,8.444956472263908e-05,1.0,0.03125,284.390625
4240,-24.179466401028986,8.396235534235733e-05,1.0,0.03125,284.421875
4241,-24.179466401037644,8.423243771246125e-05,1.0,0.03125,284.453125
4242,-24.17946640104542,8.388864203670582e-05,1.0,0.03125,284.484375
4243,-24.179466401052753,8.356800988482755e-05,1.0,0.03125,284.515625
4244,-24.179466401060377,8.3099059055306e-05,1.0,0.109375,284.625
4245,-24.17946640106764,8.384743180318595e-05,1.0,0.03125,284.65625
4246,-24.179466401077395,8.280534783481608e-05,1.0,0.15625,284.8125
4247,-24.179466401084653,8.284572348632477e-05,1.0,0.09375,284.90625
4248,-24.1794664010912,8.28405791844522e-05,1.0,0.140625,285.046875
4249,-24.17946640109797,8.272079743375642e-05,1.0,0.03125,285.078125
4250,-24.17946640110478,8.216060429816806e-05,1.0,0.03125,285.109375
4251,-24.179466401111746,8.188582664612347e-05,1.0,0.03125,285.140625
4252,-24.179466401119004,8.197197169075979e-05,1.0,0.03125,285.171875
4253,-24.179466401127534,8.276130027057086e-05,1.0,0.09375,285.265625
4254,-24.179466401137184,8.305563059503078e-05,1.0,0.125,285.390625
4255,-24.17946640114446,8.354959024966294e-05,1.0,0.140625,285.53125
4256,-24.179466401152954,8.375885057532218e-05,1.0,0.0625,285.59375
4257,-24.179466401160532,8.46878749206455e-05,1.0,0.03125,285.625
4258,-24.17946640116928,8.304991312326732e-05,1.0,0.0625,285.6875
4259,-24.17946640117646,8.080071587129745e-05,1.0,0.03125,285.71875
4260,-24.179466401184293,8.204393948028792e-05,1.0,0.03125,285.75
4261,-24.179466401190062,8.151371429293207e-05,1.0,0.03125,285.78125
4262,-24.17946640119746,8.129990186843307e-05,1.0,0.03125,285.8125
4263,-24.179466401204934,8.040951485347322e-05,1.0,0.15625,285.96875
4264,-24.17946640121152,8.05640016099607e-05,1.0,0.140625,286.109375
4265,-24.179466401218544,8.07707157114771e-05,1.0,0.140625,286.25
4266,-24.179466401224513,8.065096892903346e-05,1.0,0.140625,286.390625
4267,-24.179466401230055,7.97729676120623e-05,1.0,0.03125,286.421875
4268,-24.17946640123787,7.874027187694181e-05,1.0,0.046875,286.46875
4269,-24.179466401244824,7.913187731021872e-05,1.0,0.03125,286.5
4270,-24.179466401252085,7.837289402508929e-05,1.0,0.109375,286.609375
4271,-24.179466401258917,7.905415749805655e-05,1.0,0.109375,286.71875
4272,-24.179466401265593,7.944782872030555e-05,1.0,0.109375,286.828125
4273,-24.179466401271526,7.799466797446305e-05,1.0,0.03125,286.859375
4274,-24.179466401277118,7.8327172656734e-05,1.0,0.140625,287.0
4275,-24.17946640128352,7.851753260572548e-05,1.0,0.09375,287.09375
4276,-24.179466401289766,7.775303077589579e-05,1.0,0.140625,287.234375
4277,-24.17946640129649,7.685010872815972e-05,1.0,0.03125,287.265625
4278,-24.179466401303383,7.630604874816695e-05,1.0,0.015625,287.28125
4279,-24.17946640130979,7.609876644567665e-05,1.0,0.0625,287.34375
4280,-24.179466401315715,7.562134802129214e-05,1.0,0.015625,287.359375
4281,-24.179466401322433,7.533656795752682e-05,1.0,0.03125,287.390625
4282,-24.1794664013297,7.516146426123364e-05,1.0,0.03125,287.421875
4283,-24.179466401336192,7.460161197624706e-05,1.0,0.140625,287.5625
4284,-24.179466401342818,7.53490483158965e-05,1.0,0.03125,287.59375
4285,-24.179466401348048,7.533004267845699e-05,1.0,0.078125,287.671875
4286,-24.179466401353306,7.543216505330081e-05,1.0,0.046875,287.71875
4287,-24.17946640135896,7.545484123632581e-05,1.0,0.046875,287.765625
4288,-24.179466401364376,7.506752888441302e-05,1.0,0.03125,287.796875
4289,-24.179466401369066,7.507323646062695e-05,1.0,0.046875,287.84375
4290,-24.179466401375432,7.593940258620553e-05,1.0,0.03125,287.875
4291,-24.17946640138083,7.582986375700007e-05,1.0,0.09375,287.96875
4292,-24.179466401386183,7.496480241803299e-05,1.0,0.0625,288.03125
4293,-24.179466401390677,7.518046986731356e-05,1.0,0.03125,288.0625
4294,-24.17946640139678,7.498124245077055e-05,1.0,0.03125,288.09375
4295,-24.17946640140394,7.45621332007848e-05,1.0,0.03125,288.125
4296,-24.179466401411,7.45553440938268e-05,1.0,0.03125,288.15625
4297,-24.17946640141805,7.542304083578515e-05,1.0,0.03125,288.1875
4298,-24.179466401424058,7.459024133666523e-05,1.0,0.03125,288.21875
4299,-24.179466401428762,7.48829595764951e-05,1.0,0.03125,288.25
4300,-24.179466401433487,7.436203735938747e-05,1.0,0.03125,288.28125
4301,-24.179466401439097,7.474057006713962e-05,1.0,0.0625,288.34375
4302,-24.179466401443914,7.485747200488408e-05,1.0,0.15625,288.5
4303,-24.17946640145033,7.481642310098175e-05,1.0,0.140625,288.640625
4304,-24.179466401456857,7.392370182218059e-05,1.0,0.140625,288.78125
4305,-24.17946640146235,7.342955672728285e-05,1.0,0.140625,288.921875
4306,-24.179466401468886,7.26589924424911e-05,1.0,0.140625,289.0625
4307,-24.179466401475494,7.275085350661314e-05,1.0,0.140625,289.203125
4308,-24.179466401480887,7.257217765796821e-05,1.0,0.140625,289.34375
4309,-24.179466401485413,7.244948411775407e-05,1.0,0.03125,289.375
4310,-24.179466401489975,7.297148945791092e-05,1.0,0.15625,289.53125
4311,-24.179466401495635,7.316597240221986e-05,1.0,0.140625,289.671875
4312,-24.179466401500182,7.32627513468136e-05,1.0,0.140625,289.8125
4313,-24.179466401505376,7.280105849084307e-05,1.0,0.03125,289.84375
4314,-24.179466401509274,7.322122375352754e-05,1.0,0.03125,289.875
4315,-24.179466401514436,7.269907292523996e-05,1.0,0.03125,289.90625
4316,-24.17946640152114,7.181053459334903e-05,1.0,0.046875,289.953125
4317,-24.17946640152669,7.068417356518267e-05,1.0,0.0625,290.015625
4318,-24.179466401532533,7.016218035083726e-05,1.0,0.03125,290.046875
4319,-24.17946640153606,7.118180388622738e-05,1.0,0.03125,290.078125
4320,-24.17946640154184,7.11853864811009e-05,1.0,0.046875,290.125
4321,-24.179466401546005,7.083569608104763e-05,1.0,0.046875,290.171875
4322,-24.179466401550734,7.088498530454685e-05,1.0,0.046875,290.21875
4323,-24.179466401556535,7.01068569461395e-05,1.0,0.03125,290.25
4324,-24.179466401561246,7.093610069175077e-05,1.0,0.078125,290.328125
4325,-24.17946640156599,7.089123698334939e-05,1.0,0.03125,290.359375
4326,-24.179466401571382,7.072549518984639e-05,1.0,0.03125,290.390625
4327,-24.17946640157689,7.042127605446753e-05,1.0,0.03125,290.421875
4328,-24.17946640158184,6.99739057969899e-05,1.0,0.03125,290.453125
4329,-24.17946640158643,6.994184424716259e-05,1.0,0.0625,290.515625
4330,-24.179466401591807,6.938198504108199e-05,1.0,0.03125,290.546875
4331,-24.17946640159637,6.850655510141821e-05,1.0,0.03125,290.578125
4332,-24.179466401600926,6.870802538076487e-05,1.0,0.046875,290.625
4333,-24.17946640160589,6.77570863024484e-05,1.0,0.140625,290.765625
4334,-24.179466401610014,6.775975882224674e-05,1.0,0.09375,290.859375
4335,-24.17946640161634,6.742167312429512e-05,1.0,0.0625,290.921875
4336,-24.179466401620175,6.810124254555314e-05,1.0,0.03125,290.953125
4337,-24.179466401623607,6.794870182373728e-05,1.0,0.03125,290.984375
4338,-24.179466401629202,6.772398737211503e-05,1.0,0.0625,291.046875
4339,-24.179466401634546,6.78761597131291e-05,1.0,0.03125,291.078125
4340,-24.179466401640163,6.833831064826587e-05,1.0,0.15625,291.234375
4341,-24.179466401645797,6.697901668477766e-05,1.0,0.140625,291.375
4342,-24.17946640165158,6.777576245147833e-05,1.0,0.03125,291.40625
4343,-24.179466401656303,6.72790957557329e-05,1.0,0.03125,291.4375
4344,-24.179466401661497,6.6572165486383e-05,1.0,0.125,291.5625
4345,-24.179466401667042,6.538569735689444e-05,1.0,0.171875,291.734375
4346,-24.17946640167171,6.559874122837529e-05,1.0,0.140625,291.875
4347,-24.179466401676166,6.562722528265387e-05,1.0,0.140625,292.015625
4348,-24.179466401679058,6.459034027115254e-05,1.0,0.03125,292.046875
4349,-24.179466401682497,6.446164590751145e-05,1.0,0.046875,292.09375
4350,-24.17946640168696,6.422617210042448e-05,1.0,0.03125,292.125
4351,-24.179466401692913,6.390571812758765e-05,1.0,0.03125,292.15625
4352,-24.179466401696903,6.400242000733906e-05,1.0,0.03125,292.1875
4353,-24.17946640170128,6.458803107508533e-05,1.0,0.0625,292.25
4354,-24.17946640170517,6.472028132600809e-05,1.0,0.046875,292.296875
4355,-24.17946640171014,6.435700644640907e-05,1.0,0.03125,292.328125
4356,-24.179466401714148,6.405770460076226e-05,1.0,0.03125,292.359375
4357,-24.17946640171772,6.453846388489367e-05,1.0,0.15625,292.515625
4358,-24.17946640172268,6.450157300706298e-05,1.0,0.03125,292.546875
4359,-24.179466401725858,6.383777240209868e-05,1.0,0.046875,292.59375
4360,-24.179466401731286,6.347178624881198e-05,1.0,0.015625,292.609375
4361,-24.17946640173629,6.342003968230315e-05,1.0,0.125,292.734375
4362,-24.179466401740246,6.278837125363598e-05,1.0,0.03125,292.765625
4363,-24.179466401744197,6.299146980734744e-05,1.0,0.03125,292.796875
4364,-24.179466401749167,6.371586471408614e-05,1.0,0.046875,292.84375
4365,-24.179466401752755,6.314984098582077e-05,1.0,0.0625,292.90625
4366,-24.179466401757622,6.263638006865245e-05,1.0,0.03125,292.9375
4367,-24.179466401761093,6.170530022577396e-05,1.0,0.046875,292.984375
4368,-24.17946640176418,6.215785757699392e-05,1.0,0.015625,293.0
4369,-24.179466401768135,6.266074787794317e-05,1.0,0.03125,293.03125
4370,-24.17946640177231,6.335409969105888e-05,1.0,0.078125,293.109375
4371,-24.17946640177568,6.227766617288968e-05,1.0,0.078125,293.1875
4372,-24.179466401779187,6.178622212510133e-05,1.0,0.125,293.3125
4373,-24.179466401783536,6.125752745690969e-05,1.0,0.140625,293.453125
4374,-24.179466401787952,6.166142423183294e-05,1.0,0.015625,293.46875
4375,-24.179466401791267,6.17069107576863e-05,1.0,0.03125,293.5
4376,-24.17946640179534,6.196965851617982e-05,1.0,0.03125,293.53125
4377,-24.179466401800255,6.236218699522566e-05,1.0,0.03125,293.5625
4378,-24.17946640180367,6.221886552928047e-05,1.0,0.03125,293.59375
4379,-24.179466401807723,6.16980374672843e-05,1.0,0.03125,293.625
4380,-24.179466401812014,6.216903173918902e-05,1.0,0.03125,293.65625
4381,-24.17946640181743,6.218277171371621e-05,1.0,0.046875,293.703125
4382,-24.179466401821795,6.214595522604564e-05,1.0,0.03125,293.734375
4383,-24.179466401825785,6.241495354928148e-05,1.0,0.03125,293.765625
4384,-24.17946640183153,6.24401307958559e-05,1.0,0.03125,293.796875
4385,-24.179466401835835,6.196383839455878e-05,1.0,0.03125,293.828125
4386,-24.17946640184061,6.168635580752783e-05,1.0,0.03125,293.859375
4387,-24.17946640184614,6.123110009515654e-05,1.0,0.046875,293.90625
4388,-24.179466401849265,6.0998789737818314e-05,1.0,0.078125,293.984375
4389,-24.179466401852288,6.0627953457244866e-05,1.0,0.0625,294.046875
4390,-24.179466401854864,6.0321231245415985e-05,1.0,0.078125,294.125
4391,-24.179466401859404,5.979333302114707e-05,1.0,0.0625,294.1875
4392,-24.17946640186274,5.951296740569456e-05,1.0,0.03125,294.21875
4393,-24.179466401866005,5.949056297171948e-05,1.0,0.046875,294.265625
4394,-24.179466401869323,6.013199768534602e-05,1.0,0.0625,294.328125
4395,-24.179466401872872,5.9351784923513815e-05,1.0,0.15625,294.484375
4396,-24.179466401876695,5.9517551312138634e-05,1.0,0.140625,294.625
4397,-24.179466401880646,5.934316571896713e-05,1.0,0.03125,294.65625
4398,-24.17946640188484,5.9277032629022065e-05,1.0,0.046875,294.703125
4399,-24.179466401889385,5.938947827042905e-05,1.0,0.046875,294.75
4400,-24.17946640189224,5.867120848038109e-05,1.0,0.046875,294.796875
4401,-24.17946640189588,5.8626597704492255e-05,1.0,0.0625,294.859375
4402,-24.179466401899116,5.858162057046114e-05,1.0,0.0625,294.921875
4403,-24.179466401903817,5.7954641044793374e-05,1.0,0.03125,294.953125
4404,-24.17946640190785,5.7824897316894136e-05,1.0,0.0625,295.015625
4405,-24.179466401911316,5.808318619519829e-05,1.0,0.03125,295.046875
4406,-24.17946640191444,5.783574333138874e-05,1.0,0.03125,295.078125
4407,-24.179466401918464,5.778818713622769e-05,1.0,0.03125,295.109375
4408,-24.179466401921953,5.7611400613555805e-05,1.0,0.03125,295.140625
4409,-24.179466401924554,5.774175089934525e-05,1.0,0.03125,295.171875
4410,-24.17946640192822,5.794981168040716e-05,1.0,0.046875,295.21875
4411,-24.17946640193191,5.785849286389628e-05,1.0,0.046875,295.265625
4412,-24.179466401935315,5.653620614086344e-05,1.0,0.046875,295.3125
4413,-24.179466401938885,5.6629983265915116e-05,1.0,0.03125,295.34375
4414,-24.179466401941838,5.70849757806694e-05,1.0,0.03125,295.375
4415,-24.17946640194589,5.6589713021793975e-05,1.0,0.03125,295.40625
4416,-24.179466401949448,5.6809281726988646e-05,1.0,0.03125,295.4375
4417,-24.179466401953288,5.678990957267065e-05,1.0,0.03125,295.46875
4418,-24.17946640195715,5.7401357150390894e-05,1.0,0.046875,295.515625
4419,-24.179466401961392,5.692318496851619e-05,1.0,0.140625,295.65625
4420,-24.17946640196484,5.651613141377633e-05,1.0,0.03125,295.6875
4421,-24.1794664019683,5.69145656787949e-05,1.0,0.03125,295.71875
4422,-24.17946640197171,5.631243204974992e-05,1.0,0.03125,295.75
4423,-24.179466401974665,5.662248117460842e-05,1.0,0.03125,295.78125
4424,-24.179466401979795,5.590263143797029e-05,1.0,0.03125,295.8125
4425,-24.17946640198279,5.6640108000283514e-05,1.0,0.15625,295.96875
4426,-24.179466401986627,5.6720769456344844e-05,1.0,0.140625,296.109375
4427,-24.179466401989394,5.588449154144219e-05,1.0,0.140625,296.25
4428,-24.179466401992265,5.6066716458616564e-05,1.0,0.140625,296.390625
4429,-24.1794664019953,5.568242844903203e-05,1.0,0.03125,296.421875
4430,-24.179466401998607,5.503594319568716e-05,1.0,0.03125,296.453125
4431,-24.179466402001978,5.46032094695472e-05,1.0,0.03125,296.484375
4432,-24.179466402004476,5.4971341726013066e-05,1.0,0.015625,296.5
4433,-24.179466402007385,5.432860435429249e-05,1.0,0.03125,296.53125
4434,-24.17946640201039,5.420006214129789e-05,1.0,0.046875,296.578125
4435,-24.179466402013162,5.3780695989457226e-05,1.0,0.0625,296.640625
4436,-24.179466402015233,5.363321715231571e-05,1.0,0.03125,296.671875
4437,-24.179466402018228,5.349281705025713e-05,1.0,0.046875,296.71875
4438,-24.179466402021315,5.3128441567650436e-05,1.0,0.03125,296.75
4439,-24.179466402024207,5.3384553461942674e-05,1.0,0.046875,296.796875
4440,-24.17946640202786,5.29795702180094e-05,1.0,0.140625,296.9375
4441,-24.179466402030265,5.322699542525913e-05,1.0,0.03125,296.96875
4442,-24.179466402032773,5.31000112896484e-05,1.0,0.046875,297.015625
4443,-24.179466402035096,5.2827696654023e-05,1.0,0.03125,297.046875
4444,-24.179466402037942,5.3028136551659684e-05,1.0,0.0625,297.109375
4445,-24.17946640204132,5.303063493609193e-05,1.0,0.03125,297.140625
4446,-24.179466402043964,5.324580070648441e-05,1.0,0.03125,297.171875
4447,-24.17946640204711,5.311290312726941e-05,1.0,0.03125,297.203125
4448,-24.17946640204987,5.3154453569109395e-05,1.0,0.03125,297.234375
4449,-24.179466402053002,5.3479192162166077e-05,1.0,0.0625,297.296875
4450,-24.17946640205522,5.395430306898487e-05,1.0,0.03125,297.328125
4451,-24.17946640205847,5.3341887192785454e-05,1.0,0.140625,297.46875
4452,-24.179466402061653,5.361589197396039e-05,1.0,0.046875,297.515625
4453,-24.17946640206486,5.335757482046961e-05,1.0,0.140625,297.65625
4454,-24.179466402068165,5.290432121032918e-05,1.0,0.125,297.78125
4455,-24.179466402071334,5.245848339103619e-05,1.0,0.09375,297.875
4456,-24.179466402074954,5.294565840600324e-05,1.0,0.140625,298.015625
4457,-24.179466402078717,5.2329575558363644e-05,1.0,0.03125,298.046875
4458,-24.17946640208171,5.2276804108973904e-05,1.0,0.03125,298.078125
4459,-24.179466402085904,5.189526714324348e-05,1.0,0.03125,298.109375
4460,-24.17946640208911,5.15263788479299e-05,1.0,0.03125,298.140625
4461,-24.179466402091517,5.17567669540483e-05,1.0,0.03125,298.171875
4462,-24.179466402094402,5.1767012379821256e-05,1.0,0.03125,298.203125
4463,-24.179466402097344,5.150685761041418e-05,1.0,0.03125,298.234375
4464,-24.17946640209998,5.162051049439487e-05,1.0,0.03125,298.265625
4465,-24.17946640210227,5.142359812052572e-05,1.0,0.046875,298.3125
4466,-24.179466402105305,5.0990913571702525e-05,1.0,0.03125,298.34375
4467,-24.179466402107494,5.074289310870572e-05,1.0,0.015625,298.359375
4468,-24.179466402109853,5.073963672990371e-05,1.0,0.03125,298.390625
4469,-24.179466402111856,5.0556207491903096e-05,1.0,0.03125,298.421875
4470,-24.17946640211512,5.0795145921416454e-05,1.0,0.03125,298.453125
4471,-24.179466402117704,5.034900810351046e-05,1.0,0.046875,298.5
4472,-24.179466402120223,5.086269407890804e-05,1.0,0.046875,298.546875
4473,-24.17946640212338,4.979571580360276e-05,1.0,0.046875,298.59375
4474,-24.179466402126014,4.944721077141917e-05,1.0,0.03125,298.625
4475,-24.17946640212854,4.947030650418733e-05,1.0,0.03125,298.65625
4476,-24.17946640213133,4.9182504021670874e-05,1.0,0.046875,298.703125
4477,-24.17946640213434,4.951021496704435e-05,1.0,0.015625,298.71875
4478,-24.179466402136647,4.961015078764456e-05,1.0,0.015625,298.734375
4479,-24.17946640213948,4.946333775111948e-05,1.0,0.21875,298.953125
4480,-24.179466402142122,4.901064610176941e-05,1.0,0.03125,298.984375
4481,-24.17946640214466,4.897128762216109e-05,1.0,0.0625,299.046875
4482,-24.17946640214743,4.827223659393955e-05,1.0,0.046875,299.09375
4483,-24.17946640215026,4.7937963459059914e-05,1.0,0.03125,299.125
4484,-24.1794664021526,4.760278609767158e-05,1.0,0.140625,299.265625
4485,-24.17946640215508,4.7526225124985486e-05,1.0,0.0625,299.328125
4486,-24.17946640215732,4.760561302626581e-05,1.0,0.140625,299.46875
4487,-24.179466402160198,4.782357220251024e-05,1.0,0.078125,299.546875
4488,-24.179466402163055,4.848854726586199e-05,1.0,0.015625,299.5625
4489,-24.1794664021652,4.8580942387486636e-05,1.0,0.0625,299.625
4490,-24.179466402167908,4.822790398058462e-05,1.0,0.078125,299.703125
4491,-24.17946640217048,4.828073294506798e-05,1.0,0.125,299.828125
4492,-24.179466402172967,4.87030651137672e-05,1.0,0.078125,299.90625
4493,-24.179466402175834,4.817560404128046e-05,1.0,0.09375,300.0
4494,-24.179466402178377,4.8407322116757366e-05,1.0,0.140625,300.140625
4495,-24.179466402180804,4.8236919631818285e-05,1.0,0.140625,300.28125
4496,-24.17946640218384,4.809344300983677e-05,1.0,0.140625,300.421875
4497,-24.179466402186446,4.785314412978886e-05,1.0,0.140625,300.5625
4498,-24.17946640218881,4.776559130257774e-05,1.0,0.03125,300.59375
4499,-24.179466402191096,4.762681871100264e-05,1.0,0.140625,300.734375
4500,-24.179466402192567,4.7369146555882454e-05,1.0,0.0,300.734375
4501,-24.179466402194826,4.682944764486857e-05,1.0,0.0625,300.796875
4502,-24.179466402197455,4.682224228225269e-05,1.0,0.046875,300.84375
4503,-24.17946640220035,4.735267898744656e-05,1.0,0.03125,300.875
4504,-24.179466402202447,4.670657457056171e-05,1.0,0.046875,300.921875
4505,-24.17946640220526,4.7689138996888886e-05,1.0,0.140625,301.0625
4506,-24.17946640220696,4.7313747377881404e-05,1.0,0.140625,301.203125
4507,-24.17946640220919,4.668751556659825e-05,1.0,0.078125,301.28125
4508,-24.17946640221142,4.7022383417043535e-05,1.0,0.046875,301.328125
4509,-24.179466402213443,4.699152884917865e-05,1.0,0.03125,301.359375
4510,-24.179466402215667,4.6526276739898136e-05,1.0,0.03125,301.390625
4511,-24.179466402217603,4.6226877445142106e-05,1.0,0.03125,301.421875
4512,-24.179466402219585,4.585276265546031e-05,1.0,0.03125,301.453125
4513,-24.1794664022222,4.636669021487431e-05,1.0,0.03125,301.484375
4514,-24.179466402224794,4.5763891660600636e-05,1.0,0.03125,301.515625
4515,-24.179466402226875,4.656060878652617e-05,1.0,0.03125,301.546875
4516,-24.179466402229167,4.6162648072231584e-05,1.0,0.03125,301.578125
4517,-24.17946640223127,4.627563355764273e-05,1.0,0.046875,301.625
4518,-24.179466402233235,4.619173904026628e-05,1.0,0.0625,301.6875
4519,-24.17946640223533,4.6009473486091324e-05,1.0,0.0625,301.75
4520,-24.179466402237704,4.550386478568959e-05,1.0,0.03125,301.78125
4521,-24.179466402239385,4.510953633007365e-05,1.0,0.0625,301.84375
4522,-24.179466402241655,4.4539069795630696e-05,1.0,0.03125,301.875
4523,-24.17946640224404,4.40442991760596e-05,1.0,0.03125,301.90625
4524,-24.17946640224629,4.402268746363378e-05,1.0,0.046875,301.953125
4525,-24.179466402248455,4.398840792614178e-05,1.0,0.0625,302.015625
4526,-24.179466402250302,4.387083931963305e-05,1.0,0.0625,302.078125
4527,-24.179466402252736,4.365440841616464e-05,1.0,0.078125,302.15625
4528,-24.179466402254626,4.370059070383111e-05,1.0,0.03125,302.1875
4529,-24.179466402256953,4.379812768972752e-05,1.0,0.140625,302.328125
4530,-24.179466402258573,4.311299151521297e-05,1.0,0.03125,302.359375
4531,-24.179466402260715,4.297409063891794e-05,1.0,0.046875,302.40625
4532,-24.17946640226239,4.350505661477466e-05,1.0,0.0625,302.46875
4533,-24.179466402264186,4.330094139883728e-05,1.0,0.03125,302.5
4534,-24.17946640226608,4.3402661477820336e-05,1.0,0.046875,302.546875
4535,-24.179466402268094,4.257614670622184e-05,1.0,0.03125,302.578125
4536,-24.179466402269732,4.222189526119558e-05,1.0,0.03125,302.609375
4537,-24.17946640227205,4.211021009521182e-05,1.0,0.046875,302.65625
4538,-24.179466402273867,4.2231197844046046e-05,1.0,0.03125,302.6875
4539,-24.17946640227523,4.2439764601827224e-05,1.0,0.03125,302.71875
4540,-24.179466402276756,4.2796167765761835e-05,1.0,0.046875,302.765625
4541,-24.17946640227876,4.318603965762975e-05,1.0,0.171875,302.9375
4542,-24.17946640228032,4.3095926135539e-05,1.0,0.140625,303.078125
4543,-24.17946640228246,4.3162873144960066e-05,1.0,0.03125,303.109375
4544,-24.17946640228435,4.270211353992995e-05,1.0,0.03125,303.140625
4545,-24.179466402286774,4.223507990934667e-05,1.0,0.03125,303.171875
4546,-24.179466402288877,4.223775070415916e-05,1.0,0.046875,303.21875
4547,-24.1794664022905,4.194722373160313e-05,1.0,0.0625,303.28125
4548,-24.1794664022924,4.134615285432443e-05,1.0,0.03125,303.3125
4549,-24.17946640229372,4.153899445921311e-05,1.0,0.0625,303.375
4550,-24.179466402295382,4.14460256249018e-05,1.0,0.03125,303.40625
4551,-24.179466402297294,4.1954772969327195e-05,1.0,0.046875,303.453125
4552,-24.179466402299,4.171932088090372e-05,1.0,0.03125,303.484375
4553,-24.17946640230063,4.1936793531181994e-05,1.0,0.03125,303.515625
4554,-24.179466402302463,4.1967543242673644e-05,1.0,0.03125,303.546875
4555,-24.1794664023042,4.202343949505469e-05,1.0,0.0625,303.609375
4556,-24.179466402305923,4.2207110227824526e-05,1.0,0.046875,303.65625
4557,-24.17946640230772,4.2050447452935576e-05,1.0,0.046875,303.703125
4558,-24.179466402309718,4.167668956694463e-05,1.0,0.046875,303.75
4559,-24.17946640231157,4.147370066768047e-05,1.0,0.09375,303.84375
4560,-24.17946640231341,4.0989783225826246e-05,1.0,0.046875,303.890625
4561,-24.17946640231543,4.084668493823619e-05,1.0,0.046875,303.9375
4562,-24.179466402317853,4.1983847889644896e-05,1.0,0.046875,303.984375
4563,-24.179466402319292,4.155525348392115e-05,1.0,0.0625,304.046875
4564,-24.17946640232113,4.1218508970952675e-05,1.0,0.0625,304.109375
4565,-24.17946640232346,4.1358341925210116e-05,1.0,0.0625,304.171875
4566,-24.17946640232536,4.144064090366226e-05,1.0,0.015625,304.1875
4567,-24.179466402327225,4.126000097119002e-05,1.0,0.046875,304.234375
4568,-24.179466402328938,4.05510537791805e-05,1.0,0.03125,304.265625
4569,-24.17946640233056,4.027481540021882e-05,1.0,0.03125,304.296875
4570,-24.17946640233214,4.059949913270087e-05,1.0,0.046875,304.34375
4571,-24.17946640233401,4.032973806209235e-05,1.0,0.046875,304.390625
4572,-24.179466402335652,4.016610814566567e-05,1.0,0.125,304.515625
4573,-24.179466402337244,4.006870428598746e-05,1.0,0.015625,304.53125
4574,-24.17946640233916,3.96545834284796e-05,1.0,0.03125,304.5625
4575,-24.179466402340452,3.939686602237495e-05,1.0,0.09375,304.65625
4576,-24.179466402342207,3.976468829245001e-05,1.0,0.0625,304.71875
4577,-24.179466402343543,3.967603634469287e-05,1.0,0.03125,304.75
4578,-24.179466402345138,3.953815811963748e-05,1.0,0.015625,304.765625
4579,-24.179466402346787,3.907712217342931e-05,1.0,0.03125,304.796875
4580,-24.179466402348755,3.893338195921133e-05,1.0,0.046875,304.84375
4581,-24.179466402350556,3.8692352267818514e-05,1.0,0.03125,304.875
4582,-24.179466402352002,3.857264303664829e-05,1.0,0.046875,304.921875
4583,-24.17946640235369,3.8193524003037404e-05,1.0,0.046875,304.96875
4584,-24.179466402355004,3.795032767488422e-05,1.0,0.046875,305.015625
4585,-24.179466402356756,3.832454985532964e-05,1.0,0.03125,305.046875
4586,-24.179466402358315,3.830379399565499e-05,1.0,0.03125,305.078125
4587,-24.179466402359687,3.892636783225509e-05,1.0,0.03125,305.109375
4588,-24.179466402361275,3.8730000470179895e-05,1.0,0.03125,305.140625
4589,-24.179466402362674,3.874550402449836e-05,1.0,0.03125,305.171875
4590,-24.179466402364127,3.8242529503978564e-05,1.0,0.03125,305.203125
4591,-24.179466402365804,3.7866507293946785e-05,1.0,0.03125,305.234375
4592,-24.179466402367268,3.775048532938128e-05,1.0,0.03125,305.265625
4593,-24.179466402368725,3.797367293877918e-05,1.0,0.03125,305.296875
4594,-24.1794664023707,3.7724061777344294e-05,1.0,0.140625,305.4375
4595,-24.179466402372338,3.812827631201912e-05,1.0,0.109375,305.546875
4596,-24.179466402373727,3.817776295108487e-05,1.0,0.046875,305.59375
4597,-24.17946640237527,3.7668529231629684e-05,1.0,0.046875,305.640625
4598,-24.179466402376722,3.76110205165238e-05,1.0,0.171875,305.8125
4599,-24.179466402378,3.745204324497533e-05,1.0,0.03125,305.84375
4600,-24.17946640237968,3.677374136348065e-05,1.0,0.046875,305.890625
4601,-24.179466402380843,3.635027710083192e-05,1.0,0.140625,306.03125
4602,-24.179466402382317,3.629230050366474e-05,1.0,0.015625,306.046875
4603,-24.179466402383397,3.5808571837649945e-05,1.0,0.0625,306.109375
4604,-24.179466402384865,3.555891439876445e-05,1.0,0.046875,306.15625
4605,-24.17946640238612,3.5878101017671995e-05,1.0,0.03125,306.1875
4606,-24.179466402387234,3.6088255488401584e-05,1.0,0.09375,306.28125
4607,-24.179466402388464,3.5800241164374165e-05,1.0,0.171875,306.453125
4608,-24.179466402389817,3.561070641854064e-05,1.0,0.03125,306.484375
4609,-24.17946640239136,3.549521882011299e-05,1.0,0.046875,306.53125
4610,-24.179466402392684,3.53378856420834e-05,1.0,0.0625,306.59375
4611,-24.179466402393732,3.584196535578297e-05,1.0,0.046875,306.640625
4612,-24.17946640239535,3.547807495462175e-05,1.0,0.09375,306.734375
4613,-24.179466402396713,3.50737376659484e-05,1.0,0.03125,306.765625
4614,-24.179466402397875,3.5082806863223344e-05,1.0,0.046875,306.8125
4615,-24.179466402398994,3.5245036382378324e-05,1.0,0.046875,306.859375
4616,-24.17946640240028,3.521379416433669e-05,1.0,0.03125,306.890625
4617,-24.179466402401733,3.566043389351866e-05,1.0,0.03125,306.921875
4618,-24.17946640240302,3.6344747839783734e-05,1.0,0.03125,306.953125
4619,-24.17946640240408,3.582560443312239e-05,1.0,0.25,307.203125
4620,-24.179466402405335,3.5724857307960386e-05,1.0,0.09375,307.296875
4621,-24.17946640240671,3.556211869021376e-05,1.0,0.046875,307.34375
4622,-24.179466402408043,3.527520350093635e-05,1.0,0.0625,307.40625
4623,-24.17946640240934,3.475695025962602e-05,1.0,0.0625,307.46875
4624,-24.179466402410664,3.4795365716341225e-05,1.0,0.03125,307.5
4625,-24.179466402411556,3.483887723353058e-05,1.0,0.03125,307.53125
4626,-24.179466402412736,3.5334573066602524e-05,1.0,0.09375,307.625
4627,-24.179466402414064,3.4875799067453394e-05,1.0,0.03125,307.65625
4628,-24.17946640241536,3.457637056440117e-05,1.0,0.046875,307.703125
4629,-24.179466402416697,3.434384825341469e-05,1.0,0.0625,307.765625
4630,-24.179466402417987,3.422140204190078e-05,1.0,0.046875,307.8125
4631,-24.179466402419035,3.404699227854821e-05,1.0,0.125,307.9375
4632,-24.17946640242027,3.385795930609911e-05,1.0,0.0625,308.0
4633,-24.179466402421117,3.3705382898108426e-05,1.0,0.0625,308.0625
4634,-24.17946640242261,3.411734106690676e-05,1.0,0.0625,308.125
4635,-24.179466402423806,3.370832490042132e-05,1.0,0.03125,308.15625
4636,-24.17946640242511,3.3766090926060994e-05,1.0,0.03125,308.1875
4637,-24.179466402426268,3.4142372383015394e-05,1.0,0.03125,308.21875
4638,-24.179466402427614,3.417761025827274e-05,1.0,0.015625,308.234375
4639,-24.17946640242898,3.4345361540160606e-05,1.0,0.140625,308.375
4640,-24.17946640243038,3.439730199809345e-05,1.0,0.140625,308.515625
4641,-24.179466402431693,3.429531867619697e-05,1.0,0.0625,308.578125
4642,-24.17946640243272,3.405570188839168e-05,1.0,0.03125,308.609375
4643,-24.17946640243385,3.435832489483816e-05,1.0,0.109375,308.71875
4644,-24.17946640243506,3.420966659311508e-05,1.0,0.03125,308.75
4645,-24.17946640243624,3.356792332126604e-05,1.0,0.046875,308.796875
4646,-24.17946640243724,3.352178239426214e-05,1.0,0.0625,308.859375
4647,-24.17946640243843,3.372112438457089e-05,1.0,0.0625,308.921875
4648,-24.179466402439562,3.357029907005674e-05,1.0,0.03125,308.953125
4649,-24.179466402440628,3.37769733456522e-05,1.0,0.125,309.078125
4650,-24.179466402441804,3.3645936627880954e-05,1.0,0.046875,309.125
4651,-24.179466402443126,3.347034849857733e-05,1.0,0.03125,309.15625
4652,-24.17946640244427,3.3405954164037355e-05,1.0,0.03125,309.1875
4653,-24.17946640244556,3.269251576819162e-05,1.0,0.0625,309.25
4654,-24.1794664024466,3.2704352953444355e-05,1.0,0.109375,309.359375
4655,-24.179466402448035,3.262870511781305e-05,1.0,0.046875,309.40625
4656,-24.179466402448842,3.2362556535988775e-05,1.0,0.046875,309.453125
4657,-24.17946640244988,3.2578563368633115e-05,1.0,0.03125,309.484375
4658,-24.179466402451244,3.252156695097618e-05,1.0,0.03125,309.515625
4659,-24.179466402452153,3.242223792656773e-05,1.0,0.03125,309.546875
4660,-24.179466402453357,3.316436250579551e-05,1.0,0.03125,309.578125
4661,-24.17946640245453,3.323654541246858e-05,1.0,0.125,309.703125
4662,-24.179466402455866,3.332837748958998e-05,1.0,0.140625,309.84375
4663,-24.179466402456825,3.315451657161945e-05,1.0,0.140625,309.984375
4664,-24.179466402457862,3.320453888033529e-05,1.0,0.140625,310.125
4665,-24.179466402459074,3.30661893488671e-05,1.0,0.078125,310.203125
4666,-24.17946640246022,3.293814101924849e-05,1.0,0.03125,310.234375
4667,-24.17946640246125,3.262125366785719e-05,1.0,0.03125,310.265625
4668,-24.179466402462513,3.280297993929788e-05,1.0,0.015625,310.28125
4669,-24.179466402463863,3.288271917927891e-05,1.0,0.046875,310.328125
4670,-24.17946640246511,3.273761887834923e-05,1.0,0.046875,310.375
4671,-24.179466402466197,3.256412839862585e-05,1.0,0.046875,310.421875
4672,-24.17946640246729,3.215628832000503e-05,1.0,0.03125,310.453125
4673,-24.179466402468282,3.2199942510078604e-05,1.0,0.0625,310.515625
4674,-24.17946640246915,3.1559294202639824e-05,1.0,0.03125,310.546875
4675,-24.179466402470094,3.167063017642568e-05,1.0,0.140625,310.6875
4676,-24.17946640247132,3.143670644560806e-05,1.0,0.03125,310.71875
4677,-24.179466402472386,3.102301763801504e-05,1.0,0.0625,310.78125
4678,-24.17946640247332,3.0912315191771525e-05,1.0,0.0625,310.84375
4679,-24.179466402474088,3.1025326080748844e-05,1.0,0.046875,310.890625
4680,-24.179466402475203,3.093608540828245e-05,1.0,0.140625,311.03125
4681,-24.17946640247614,3.068070388739521e-05,1.0,0.140625,311.171875
4682,-24.179466402477253,3.072148783332985e-05,1.0,0.140625,311.3125
4683,-24.179466402478557,3.095506121655336e-05,1.0,0.03125,311.34375
4684,-24.179466402479534,3.0701870734576404e-05,1.0,0.03125,311.375
4685,-24.1794664024804,3.071868981745438e-05,1.0,0.203125,311.578125
4686,-24.17946640248111,3.084717658197153e-05,1.0,0.125,311.703125
4687,-24.179466402482102,3.066848872506571e-05,1.0,0.140625,311.84375
4688,-24.179466402483115,3.0396482550134953e-05,1.0,0.140625,311.984375
4689,-24.179466402484135,3.082939032502995e-05,1.0,0.140625,312.125
4690,-24.17946640248522,3.076416310526119e-05,1.0,0.0625,312.1875
4691,-24.179466402486277,3.0507874500966522e-05,1.0,0.046875,312.234375
4692,-24.17946640248722,3.0433257649275085e-05,1.0,0.046875,312.28125
4693,-24.179466402488274,3.025277887192442e-05,1.0,0.0625,312.34375
4694,-24.179466402489265,3.0287193817004187e-05,1.0,0.03125,312.375
4695,-24.179466402490377,3.069747782428144e-05,1.0,0.03125,312.40625
4696,-24.17946640249132,3.048944731914687e-05,1.0,0.046875,312.453125
4697,-24.17946640249218,2.9937173251726365e-05,1.0,0.046875,312.5
4698,-24.179466402493173,3.003807376100612e-05,1.0,0.15625,312.65625
4699,-24.179466402494413,3.053371072819767e-05,1.0,0.03125,312.6875
4700,-24.17946640249518,3.041354293299383e-05,1.0,0.046875,312.734375
4701,-24.179466402496217,3.043242669786382e-05,1.0,0.03125,312.765625
4702,-24.179466402497418,2.991320016594006e-05,1.0,0.03125,312.796875
4703,-24.17946640249828,2.9202932562876035e-05,1.0,0.046875,312.84375
4704,-24.17946640249935,2.929234601768886e-05,1.0,0.09375,312.9375
4705,-24.1794664025003,2.9704759800473086e-05,1.0,0.03125,312.96875
4706,-24.179466402501177,2.957686964838532e-05,1.0,0.140625,313.109375
4707,-24.179466402501905,2.9784549673328147e-05,1.0,0.140625,313.25
4708,-24.179466402502683,2.9648607640508583e-05,1.0,0.140625,313.390625
4709,-24.17946640250384,2.960059151675793e-05,1.0,0.140625,313.53125
4710,-24.179466402504612,2.925413925754921e-05,1.0,0.109375,313.640625
4711,-24.179466402505664,2.9360959490151837e-05,1.0,0.046875,313.6875
4712,-24.179466402506492,2.9433521871197492e-05,1.0,0.03125,313.71875
4713,-24.179466402507398,2.9324836195281924e-05,1.0,0.03125,313.75
4714,-24.179466402508492,2.9340046532703282e-05,1.0,0.125,313.875
4715,-24.17946640250947,2.924010390040355e-05,1.0,0.03125,313.90625
4716,-24.1794664025102,2.9466385650511392e-05,1.0,0.03125,313.9375
4717,-24.179466402511192,2.9612586965245682e-05,1.0,0.03125,313.96875
4718,-24.17946640251204,2.9366470156625047e-05,1.0,0.21875,314.1875
4719,-24.179466402512798,2.906401313071853e-05,1.0,0.03125,314.21875
4720,-24.179466402513707,2.8544006975639748e-05,1.0,0.125,314.34375
4721,-24.179466402514468,2.8466295001481706e-05,1.0,0.078125,314.421875
4722,-24.179466402515317,2.8183828196566277e-05,1.0,0.140625,314.5625
4723,-24.179466402516308,2.8246057256778166e-05,1.0,0.140625,314.703125
4724,-24.179466402516965,2.8172817450489576e-05,1.0,0.140625,314.84375
4725,-24.17946640251787,2.7911825337304082e-05,1.0,0.140625,314.984375
4726,-24.17946640251865,2.7957852432454813e-05,1.0,0.140625,315.125
4727,-24.17946640251929,2.7872357514430075e-05,1.0,0.140625,315.265625
4728,-24.17946640252008,2.769006290820971e-05,1.0,0.0625,315.328125
4729,-24.179466402520855,2.775766292989706e-05,1.0,0.03125,315.359375
4730,-24.179466402521644,2.7541284820253682e-05,1.0,0.046875,315.40625
4731,-24.179466402522305,2.7367139162493016e-05,1.0,0.125,315.53125
4732,-24.179466402523172,2.750363598546072e-05,1.0,0.0625,315.59375
4733,-24.179466402524078,2.720298153084342e-05,1.0,0.140625,315.734375
4734,-24.179466402524906,2.708356223903858e-05,1.0,0.03125,315.765625
4735,-24.179466402525915,2.7272425643656662e-05,1.0,0.0625,315.828125
4736,-24.17946640252673,2.7479037068592976e-05,1.0,0.078125,315.90625
4737,-24.179466402527567,2.725865469930426e-05,1.0,0.015625,315.921875
4738,-24.179466402528327,2.682071474847963e-05,1.0,0.140625,316.0625
4739,-24.17946640252894,2.687853868330725e-05,1.0,0.03125,316.09375
4740,-24.17946640252959,2.715919300607144e-05,1.0,0.03125,316.125
4741,-24.179466402530124,2.7022990027627007e-05,1.0,0.03125,316.15625
4742,-24.179466402530974,2.6870571971107777e-05,1.0,0.140625,316.296875
4743,-24.17946640253177,2.705293074717785e-05,1.0,0.03125,316.328125
4744,-24.1794664025325,2.68401131762645e-05,1.0,0.03125,316.359375
4745,-24.179466402533212,2.6825279497611658e-05,1.0,0.046875,316.40625
4746,-24.179466402533944,2.682590309137612e-05,1.0,0.046875,316.453125
4747,-24.179466402534675,2.694034526819032e-05,1.0,0.03125,316.484375
4748,-24.179466402535347,2.694826808001402e-05,1.0,0.0625,316.546875
4749,-24.17946640253626,2.7130374562263326e-05,1.0,0.140625,316.6875
4750,-24.179466402537223,2.7065069391546653e-05,1.0,0.140625,316.828125
4751,-24.179466402537944,2.6791419561526104e-05,1.0,0.140625,316.96875
4752,-24.179466402538583,2.65580786889403e-05,1.0,0.03125,317.0
4753,-24.179466402539166,2.63114931778066e-05,1.0,0.015625,317.015625
4754,-24.179466402539727,2.6107441140958587e-05,1.0,0.125,317.140625
4755,-24.179466402540303,2.612844298060485e-05,1.0,0.03125,317.171875
4756,-24.179466402541046,2.645654317095702e-05,1.0,0.03125,317.203125
4757,-24.179466402541678,2.652251197067229e-05,1.0,0.03125,317.234375
4758,-24.179466402542396,2.6295375450608938e-05,1.0,0.03125,317.265625
4759,-24.179466402543135,2.6333419749865905e-05,1.0,0.109375,317.375
4760,-24.179466402543877,2.5903590209555866e-05,1.0,0.140625,317.515625
4761,-24.179466402544488,2.609338437380122e-05,1.0,0.03125,317.546875
4762,-24.179466402545145,2.5949452128986155e-05,1.0,0.03125,317.578125
4763,-24.17946640254567,2.5683644468483362e-05,1.0,0.15625,317.734375
4764,-24.179466402546385,2.5428976621808626e-05,1.0,0.140625,317.875
4765,-24.179466402547185,2.534237551213575e-05,1.0,0.140625,318.015625
4766,-24.179466402547853,2.5335555144933943e-05,1.0,0.140625,318.15625
4767,-24.179466402548577,2.5368733639519376e-05,1.0,0.125,318.28125
4768,-24.1794664025491,2.5423899394401196e-05,1.0,0.03125,318.3125
4769,-24.17946640254977,2.5053543556522995e-05,1.0,0.0625,318.375
4770,-24.179466402550354,2.498793006159093e-05,1.0,0.0625,318.4375
4771,-24.179466402551185,2.4855748113087312e-05,1.0,0.03125,318.46875
4772,-24.17946640255191,2.4912504023387993e-05,1.0,0.046875,318.515625
4773,-24.179466402552606,2.5065012832620774e-05,1.0,0.0625,318.578125
4774,-24.179466402553224,2.5074534615092377e-05,1.0,0.03125,318.609375
4775,-24.17946640255394,2.4953090907596504e-05,1.0,0.03125,318.640625
4776,-24.17946640255453,2.467894980532047e-05,1.0,0.03125,318.671875
4777,-24.17946640255511,2.4850969304963938e-05,1.0,0.03125,318.703125
4778,-24.17946640255581,2.485636138614089e-05,1.0,0.03125,318.734375
4779,-24.17946640255655,2.514072671434135e-05,1.0,0.125,318.859375
4780,-24.179466402557168,2.5089754117896018e-05,1.0,0.109375,318.96875
4781,-24.17946640255793,2.5320007640131103e-05,1.0,0.140625,319.109375
4782,-24.179466402558532,2.5195768726879615e-05,1.0,0.140625,319.25
4783,-24.179466402559086,2.5110286303752202e-05,1.0,0.03125,319.28125
4784,-24.179466402559623,2.5237182831704518e-05,1.0,0.09375,319.375
4785,-24.179466402560497,2.502687923552093e-05,1.0,0.03125,319.40625
4786,-24.17946640256115,2.501036247024638e-05,1.0,0.03125,319.4375
4787,-24.17946640256192,2.464375057646203e-05,1.0,0.0625,319.5
4788,-24.179466402562497,2.468775125771532e-05,1.0,0.046875,319.546875
4789,-24.179466402563033,2.4645282234872824e-05,1.0,0.03125,319.578125
4790,-24.179466402563637,2.4475548432474854e-05,1.0,0.03125,319.609375
4791,-24.179466402564405,2.449489545629694e-05,1.0,0.03125,319.640625
4792,-24.17946640256511,2.4536597692245872e-05,1.0,0.03125,319.671875
4793,-24.179466402565648,2.438314136150924e-05,1.0,0.03125,319.703125
4794,-24.179466402566185,2.4103914312157255e-05,1.0,0.109375,319.8125
4795,-24.179466402566778,2.3922780263150314e-05,1.0,0.0625,319.875
4796,-24.179466402567353,2.3973937769402434e-05,1.0,0.15625,320.03125
4797,-24.179466402567954,2.3903422049936013e-05,1.0,0.140625,320.171875
4798,-24.17946640256855,2.4070932601186724e-05,1.0,0.140625,320.3125
4799,-24.179466402569048,2.4026771029486083e-05,1.0,0.015625,320.328125
4800,-24.179466402569723,2.3943967495990814e-05,1.0,0.03125,320.359375
4801,-24.17946640257039,2.3807348374675618e-05,1.0,0.046875,320.40625
4802,-24.179466402571222,2.3985905125254418e-05,1.0,0.03125,320.4375
4803,-24.179466402571915,2.3869220284796465e-05,1.0,0.03125,320.46875
4804,-24.179466402572583,2.361304392268254e-05,1.0,0.046875,320.515625
4805,-24.17946640257318,2.3572816844322174e-05,1.0,0.125,320.640625
4806,-24.179466402573766,2.3437453005962114e-05,1.0,0.03125,320.671875
4807,-24.179466402574292,2.3069633062261435e-05,1.0,0.0625,320.734375
4808,-24.179466402574857,2.3039127703073608e-05,1.0,0.046875,320.78125
4809,-24.179466402575475,2.339672016327816e-05,1.0,0.03125,320.8125
4810,-24.179466402576008,2.3176169781554094e-05,1.0,0.0625,320.875
4811,-24.179466402576523,2.3093982838368525e-05,1.0,0.03125,320.90625
4812,-24.179466402576974,2.2683334649509007e-05,1.0,0.015625,320.921875
4813,-24.179466402577535,2.2516410931874174e-05,1.0,0.25,321.171875
4814,-24.179466402578004,2.246523421383605e-05,1.0,0.03125,321.203125
4815,-24.17946640257858,2.268303690478501e-05,1.0,0.140625,321.34375
4816,-24.179466402579056,2.2791493392672993e-05,1.0,0.03125,321.375
4817,-24.17946640257972,2.3022900579778114e-05,1.0,0.03125,321.40625
4818,-24.17946640258027,2.3013882952049536e-05,1.0,0.03125,321.4375
4819,-24.179466402580825,2.30906631037379e-05,1.0,0.25,321.6875
4820,-24.179466402581557,2.306742032250878e-05,1.0,0.125,321.8125
4821,-24.179466402582023,2.281430885240393e-05,1.0,0.140625,321.953125
4822,-24.179466402582502,2.2791572736613208e-05,1.0,0.140625,322.09375
4823,-24.179466402583152,2.257456370567605e-05,1.0,0.03125,322.125
4824,-24.17946640258378,2.240251230994354e-05,1.0,0.015625,322.140625
4825,-24.17946640258421,2.2340939801212156e-05,1.0,0.046875,322.1875
4826,-24.179466402584595,2.2313125600643274e-05,1.0,0.03125,322.21875
4827,-24.179466402585064,2.223109877093175e-05,1.0,0.03125,322.25
4828,-24.179466402585525,2.2108206693592132e-05,1.0,0.046875,322.296875
4829,-24.17946640258611,2.212826355784573e-05,1.0,0.03125,322.328125
4830,-24.17946640258665,2.2390373702154617e-05,1.0,0.03125,322.359375
4831,-24.17946640258724,2.20378279781141e-05,1.0,0.0625,322.421875
4832,-24.179466402587714,2.1836233720854213e-05,1.0,0.03125,322.453125
4833,-24.179466402588247,2.179681544340463e-05,1.0,0.03125,322.484375
4834,-24.179466402588766,2.170694772113666e-05,1.0,0.046875,322.53125
4835,-24.179466402589284,2.1446970644292363e-05,1.0,0.03125,322.5625
4836,-24.179466402589778,2.1588083529377148e-05,1.0,0.046875,322.609375
4837,-24.179466402590222,2.1539252967005556e-05,1.0,0.046875,322.65625
4838,-24.179466402590787,2.172012606145716e-05,1.0,0.046875,322.703125
4839,-24.179466402591352,2.147086071252356e-05,1.0,0.03125,322.734375
4840,-24.1794664025919,2.146210662706351e-05,1.0,0.0625,322.796875
4841,-24.17946640259242,2.146608673962255e-05,1.0,0.15625,322.953125
4842,-24.179466402592958,2.1487873406567017e-05,1.0,0.109375,323.0625
4843,-24.179466402593597,2.1189488754422995e-05,1.0,0.15625,323.21875
4844,-24.17946640259411,2.120965224673066e-05,1.0,0.078125,323.296875
4845,-24.179466402594596,2.1300970225219758e-05,1.0,0.03125,323.328125
4846,-24.179466402595136,2.1399817621361897e-05,1.0,0.15625,323.484375
4847,-24.17946640259557,2.1509177622328992e-05,1.0,0.03125,323.515625
4848,-24.179466402596038,2.1814277455182356e-05,1.0,0.078125,323.59375
4849,-24.179466402596596,2.1778117914381903e-05,1.0,0.09375,323.6875
4850,-24.179466402597093,2.1380561313041093e-05,1.0,0.015625,323.703125
4851,-24.17946640259756,2.1558099632573102e-05,1.0,0.0625,323.765625
4852,-24.179466402598095,2.1481073922770178e-05,1.0,0.078125,323.84375
4853,-24.17946640259862,2.1411819457619063e-05,1.0,0.046875,323.890625
4854,-24.1794664025991,2.133225778337483e-05,1.0,0.125,324.015625
4855,-24.179466402599612,2.1145029835135212e-05,1.0,0.03125,324.046875
4856,-24.179466402600077,2.084998607308449e-05,1.0,0.1875,324.234375
4857,-24.17946640260058,2.0531801485141595e-05,1.0,0.109375,324.34375
4858,-24.179466402601,2.054288709438449e-05,1.0,0.109375,324.453125
4859,-24.17946640260145,2.0558431971633518e-05,1.0,0.046875,324.5
4860,-24.179466402601953,2.072803583359185e-05,1.0,0.03125,324.53125
4861,-24.17946640260232,2.082559773271232e-05,1.0,0.046875,324.578125
4862,-24.1794664026028,2.0697954986182034e-05,1.0,0.046875,324.625
4863,-24.179466402603264,2.0684866639371524e-05,1.0,0.109375,324.734375
4864,-24.179466402603737,2.0846280729157426e-05,1.0,0.109375,324.84375
4865,-24.179466402604188,2.065285907923517e-05,1.0,0.125,324.96875
4866,-24.179466402604614,2.069494873395231e-05,1.0,0.03125,325.0
4867,-24.179466402605048,2.0805572164800912e-05,1.0,0.125,325.125
4868,-24.179466402605506,2.054791680712778e-05,1.0,0.140625,325.265625
4869,-24.179466402605918,2.0355224650423766e-05,1.0,0.046875,325.3125
4870,-24.17946640260638,2.0401184029909872e-05,1.0,0.1875,325.5
4871,-24.179466402606817,2.0522832870480788e-05,1.0,0.078125,325.578125
4872,-24.179466402607268,2.02658576264725e-05,1.0,0.078125,325.65625
4873,-24.179466402607662,2.014659637419923e-05,1.0,0.046875,325.703125
4874,-24.179466402608103,2.0305929348981685e-05,1.0,0.15625,325.859375
4875,-24.17946640260855,2.0254801046477844e-05,1.0,0.03125,325.890625
4876,-24.1794664026089,2.0179162611458398e-05,1.0,0.140625,326.03125
4877,-24.17946640260937,2.0493944891809583e-05,1.0,0.03125,326.0625
4878,-24.179466402609858,2.0290033715544317e-05,1.0,0.03125,326.09375
4879,-24.17946640261025,1.9730644207259537e-05,1.0,0.15625,326.25
4880,-24.179466402610736,1.9681142566823185e-05,1.0,0.03125,326.28125
4881,-24.17946640261118,1.96619688056132e-05,1.0,0.03125,326.3125
4882,-24.17946640261157,1.949761015025454e-05,1.0,0.15625,326.46875
4883,-24.17946640261205,1.927292773265116e-05,1.0,0.03125,326.5
4884,-24.17946640261243,1.9189132250805354e-05,1.0,0.03125,326.53125
4885,-24.17946640261275,1.9220907243005482e-05,1.0,0.046875,326.578125
4886,-24.179466402613073,1.9127535102755415e-05,1.0,0.140625,326.71875
4887,-24.179466402613546,1.8941925176714262e-05,1.0,0.03125,326.75
4888,-24.179466402613894,1.892948620851877e-05,1.0,0.015625,326.765625
4889,-24.179466402614334,1.9078888411981523e-05,1.0,0.078125,326.84375
4890,-24.179466402614732,1.8905441106560942e-05,1.0,0.140625,326.984375
4891,-24.17946640261504,1.918088544332986e-05,1.0,0.03125,327.015625
4892,-24.179466402615407,1.905580023194152e-05,1.0,0.03125,327.046875
4893,-24.179466402615777,1.8912184838783152e-05,1.0,0.03125,327.078125
4894,-24.179466402616143,1.8809830305943855e-05,1.0,0.03125,327.109375
4895,-24.1794664026165,1.873366350871424e-05,1.0,0.03125,327.140625
4896,-24.17946640261684,1.8985407861521245e-05,1.0,0.03125,327.171875
4897,-24.179466402617212,1.8847889732010867e-05,1.0,0.03125,327.203125
4898,-24.1794664026176,1.8795818992803272e-05,1.0,0.0625,327.265625
4899,-24.179466402617958,1.8726767288976218e-05,1.0,0.171875,327.4375
4900,-24.179466402618253,1.886569196382366e-05,1.0,0.125,327.5625
4901,-24.17946640261856,1.8649784680663135e-05,1.0,0.140625,327.703125
4902,-24.179466402618967,1.8550985686981282e-05,1.0,0.140625,327.84375
4903,-24.179466402619294,1.8527608169519903e-05,1.0,0.140625,327.984375
4904,-24.179466402619678,1.8476795285933812e-05,1.0,0.03125,328.015625
4905,-24.17946640262002,1.8405236493806618e-05,1.0,0.03125,328.046875
4906,-24.17946640262026,1.8480155785822897e-05,1.0,0.046875,328.09375
4907,-24.17946640262058,1.8616579275679063e-05,1.0,0.03125,328.125
4908,-24.17946640262099,1.8368570523108216e-05,1.0,0.03125,328.15625
4909,-24.17946640262143,1.8021677636559633e-05,1.0,0.03125,328.1875
4910,-24.179466402621742,1.7989012067109326e-05,1.0,0.0625,328.25
4911,-24.179466402622037,1.798561437350905e-05,1.0,0.015625,328.265625
4912,-24.17946640262233,1.8010121509794616e-05,1.0,0.125,328.390625
4913,-24.179466402622687,1.810963992567669e-05,1.0,0.140625,328.53125
4914,-24.17946640262307,1.810228589500956e-05,1.0,0.140625,328.671875
4915,-24.17946640262337,1.8216528091160292e-05,1.0,0.140625,328.8125
4916,-24.179466402623763,1.8590828919544814e-05,1.0,0.03125,328.84375
4917,-24.179466402624193,1.8515189001464003e-05,1.0,0.125,328.96875
4918,-24.179466402624634,1.8216237691753246e-05,1.0,0.140625,329.109375
4919,-24.179466402624897,1.7922918307966082e-05,1.0,0.03125,329.140625
4920,-24.179466402625277,1.7803007309501415e-05,1.0,0.046875,329.1875
4921,-24.179466402625486,1.7911074056584573e-05,1.0,0.03125,329.21875
4922,-24.17946640262585,1.7772736966603203e-05,1.0,0.03125,329.25
4923,-24.179466402626147,1.775282294928269e-05,1.0,0.03125,329.28125
4924,-24.17946640262652,1.7737717553173387e-05,1.0,0.03125,329.3125
4925,-24.179466402626833,1.771382322665002e-05,1.0,0.03125,329.34375
4926,-24.179466402627178,1.7789814440648462e-05,1.0,0.03125,329.375
4927,-24.17946640262754,1.7865430208101442e-05,1.0,0.125,329.5
4928,-24.179466402627835,1.7861882224782287e-05,1.0,0.03125,329.53125
4929,-24.17946640262819,1.773218695998989e-05,1.0,0.03125,329.5625
4930,-24.179466402628623,1.786890956943923e-05,1.0,0.0625,329.625
4931,-24.179466402628968,1.7712794886411832e-05,1.0,0.140625,329.765625
4932,-24.179466402629327,1.770412256980707e-05,1.0,0.03125,329.796875
4933,-24.179466402629632,1.76487540276138e-05,1.0,0.03125,329.828125
4934,-24.179466402629902,1.7713435957741107e-05,1.0,0.046875,329.875
4935,-24.17946640263026,1.7867394387640767e-05,1.0,0.03125,329.90625
4936,-24.17946640263058,1.7640333538360614e-05,1.0,0.0625,329.96875
4937,-24.17946640263087,1.7563104690519316e-05,1.0,0.03125,330.0
4938,-24.17946640263127,1.7480140054238892e-05,1.0,0.109375,330.109375
4939,-24.17946640263169,1.7567680718990405e-05,1.0,0.03125,330.140625
4940,-24.17946640263201,1.7711682995085612e-05,1.0,0.03125,330.171875
4941,-24.179466402632315,1.753531948927561e-05,1.0,0.25,330.421875
4942,-24.179466402632663,1.761829819222986e-05,1.0,0.140625,330.5625
4943,-24.179466402632993,1.7587224329992922e-05,1.0,0.046875,330.609375
4944,-24.17946640263324,1.7490809088464575e-05,1.0,0.03125,330.640625
4945,-24.179466402633544,1.7407610141078067e-05,1.0,0.046875,330.6875
4946,-24.179466402633917,1.7505315387055023e-05,1.0,0.03125,330.71875
4947,-24.179466402634198,1.7519912734482835e-05,1.0,0.25,330.96875
4948,-24.179466402634553,1.7279957725430234e-05,1.0,0.0625,331.03125
4949,-24.179466402634855,1.7229458584993534e-05,1.0,0.03125,331.0625
4950,-24.17946640263511,1.717228029500465e-05,1.0,0.140625,331.203125
4951,-24.17946640263535,1.714833558649621e-05,1.0,0.046875,331.25
4952,-24.17946640263568,1.7012894813781068e-05,1.0,0.09375,331.34375
4953,-24.17946640263599,1.6869562511362672e-05,1.0,0.140625,331.484375
4954,-24.17946640263628,1.6651779272820504e-05,1.0,0.03125,331.515625
4955,-24.179466402636578,1.673502302107756e-05,1.0,0.03125,331.546875
4956,-24.179466402636844,1.6724406361030004e-05,1.0,0.046875,331.59375
4957,-24.179466402637136,1.6880614418191595e-05,1.0,0.140625,331.734375
4958,-24.179466402637402,1.6787438188563664e-05,1.0,0.140625,331.875
4959,-24.179466402637733,1.674567533902907e-05,1.0,0.125,332.0
4960,-24.17946640263805,1.663606759921751e-05,1.0,0.140625,332.140625
4961,-24.1794664026383,1.6537170223767283e-05,1.0,0.03125,332.171875
4962,-24.179466402638575,1.6671431359639506e-05,1.0,0.03125,332.203125
4963,-24.179466402638933,1.667665637311187e-05,1.0,0.15625,332.359375
4964,-24.179466402639225,1.6579114540333098e-05,1.0,0.109375,332.46875
4965,-24.17946640263951,1.6655891642963313e-05,1.0,0.03125,332.5
4966,-24.179466402639772,1.6467406190508834e-05,1.0,0.03125,332.53125
4967,-24.179466402640042,1.6337264007831746e-05,1.0,0.140625,332.671875
4968,-24.179466402640298,1.6418653495770113e-05,1.0,0.03125,332.703125
4969,-24.179466402640536,1.6394398420356537e-05,1.0,0.125,332.828125
4970,-24.1794664026409,1.626307511449482e-05,1.0,0.078125,332.90625
4971,-24.179466402641143,1.6303761124823032e-05,1.0,0.046875,332.953125
4972,-24.17946640264144,1.6300146194636793e-05,1.0,0.03125,332.984375
4973,-24.1794664026417,1.6326365431855006e-05,1.0,0.15625,333.140625
4974,-24.17946640264195,1.6368819614641706e-05,1.0,0.078125,333.21875
4975,-24.17946640264227,1.6251264615687934e-05,1.0,0.03125,333.25
4976,-24.17946640264257,1.6397972801006615e-05,1.0,0.03125,333.28125
4977,-24.179466402642888,1.626460153061553e-05,1.0,0.140625,333.421875
4978,-24.179466402643193,1.6155841729463142e-05,1.0,0.046875,333.46875
4979,-24.179466402643452,1.6117706985479693e-05,1.0,0.03125,333.5
4980,-24.179466402643715,1.6154147680899744e-05,1.0,0.140625,333.640625
4981,-24.179466402644053,1.6357540401492563e-05,1.0,0.140625,333.78125
4982,-24.179466402644326,1.6550952169183782e-05,1.0,0.03125,333.8125
4983,-24.179466402644564,1.6410885528203395e-05,1.0,0.046875,333.859375
4984,-24.17946640264486,1.6310943557051046e-05,1.0,0.03125,333.890625
4985,-24.179466402645172,1.602489143011941e-05,1.0,0.03125,333.921875
4986,-24.179466402645435,1.5975429497855238e-05,1.0,0.0625,333.984375
4987,-24.179466402645687,1.5741417885393146e-05,1.0,0.140625,334.125
4988,-24.17946640264601,1.5612867127700253e-05,1.0,0.140625,334.265625
4989,-24.179466402646256,1.5501896967371803e-05,1.0,0.03125,334.296875
4990,-24.179466402646515,1.5510598993800736e-05,1.0,0.03125,334.328125
4991,-24.179466402646717,1.546529962378305e-05,1.0,0.03125,334.359375
4992,-24.179466402647016,1.5516926649276926e-05,1.0,0.03125,334.390625
4993,-24.17946640264724,1.526325065599365e-05,1.0,0.0625,334.453125
4994,-24.17946640264752,1.5204000985906342e-05,1.0,0.03125,334.484375
4995,-24.179466402647684,1.5104807158730157e-05,1.0,0.03125,334.515625
4996,-24.179466402647886,1.5292178625513854e-05,1.0,0.0625,334.578125
4997,-24.179466402648156,1.5058566913561114e-05,1.0,0.046875,334.625
4998,-24.179466402648444,1.51455653600754e-05,1.0,0.03125,334.65625
4999,-24.17946640264871,1.5062202653169406e-05,1.0,0.015625,334.671875
5000,-24.179466402648934,1.5079241723528842e-05,1.0,0.109375,334.78125
5001,-24.179466402649172,1.510559479461558e-05,1.0,0.03125,334.8125
5002,-24.179466402649393,1.5189734947630615e-05,1.0,0.03125,334.84375
5003,-24.179466402649584,1.5018527267740112e-05,1.0,0.03125,334.875
5004,-24.179466402649787,1.4913546970815035e-05,1.0,0.03125,334.90625
5005,-24.179466402649993,1.4964523486101244e-05,1.0,0.03125,334.9375
5006,-24.179466402650235,1.4932010818505382e-05,1.0,0.140625,335.078125
5007,-24.17946640265047,1.4855057297263685e-05,1.0,0.140625,335.21875
5008,-24.179466402650693,1.487297351553606e-05,1.0,0.140625,335.359375
5009,-24.17946640265091,1.5099175114893691e-05,1.0,0.140625,335.5
5010,-24.179466402651087,1.4916638540300053e-05,1.0,0.03125,335.53125
5011,-24.179466402651336,1.4785122626801532e-05,1.0,0.09375,335.625
5012,-24.179466402651578,1.4694432929839537e-05,1.0,0.03125,335.65625
5013,-24.179466402651812,1.4659024575910004e-05,1.0,0.140625,335.796875
5014,-24.179466402652057,1.4630813861616076e-05,1.0,0.140625,335.9375
5015,-24.17946640265225,1.4667621317311494e-05,1.0,0.125,336.0625
5016,-24.17946640265254,1.4801432921149903e-05,1.0,0.140625,336.203125
5017,-24.17946640265275,1.4838683509248789e-05,1.0,0.125,336.328125
5018,-24.17946640265299,1.456830696100269e-05,1.0,0.125,336.453125
5019,-24.179466402653183,1.4716380568429776e-05,1.0,0.015625,336.46875
5020,-24.17946640265344,1.456961110624583e-05,1.0,0.015625,336.484375
5021,-24.179466402653663,1.4573514879854261e-05,1.0,0.21875,336.703125
5022,-24.17946640265389,1.4646040914067327e-05,1.0,0.03125,336.734375
5023,-24.179466402654132,1.450881992083295e-05,1.0,0.09375,336.828125
5024,-24.179466402654334,1.433119772208751e-05,1.0,0.078125,336.90625
5025,-24.179466402654583,1.4260455120773932e-05,1.0,0.03125,336.9375
5026,-24.1794664026548,1.4233781877666916e-05,1.0,0.0625,337.0
5027,-24.179466402655,1.4241280378386266e-05,1.0,0.046875,337.046875
5028,-24.17946640265519,1.4226333224376161e-05,1.0,0.140625,337.1875
5029,-24.179466402655414,1.4246045437932026e-05,1.0,0.03125,337.21875
5030,-24.179466402655642,1.3978452678336897e-05,1.0,0.015625,337.234375
5031,-24.179466402655827,1.3845092543138026e-05,1.0,0.03125,337.265625
5032,-24.17946640265607,1.3904699354902161e-05,1.0,0.15625,337.421875
5033,-24.179466402656338,1.3822257785301085e-05,1.0,0.140625,337.5625
5034,-24.17946640265654,1.3840339153960519e-05,1.0,0.140625,337.703125
5035,-24.179466402656733,1.384506954101501e-05,1.0,0.140625,337.84375
5036,-24.17946640265693,1.3900455262940986e-05,1.0,0.15625,338.0
5037,-24.179466402657106,1.391523362912499e-05,1.0,0.140625,338.140625
5038,-24.179466402657315,1.3659890706226861e-05,1.0,0.140625,338.28125
5039,-24.179466402657443,1.3730095045209696e-05,1.0,0.140625,338.421875
5040,-24.17946640265764,1.3572732764617679e-05,1.0,0.046875,338.46875
5041,-24.179466402657866,1.3512724509129339e-05,1.0,0.015625,338.484375
5042,-24.17946640265807,1.3440574473450958e-05,1.0,0.078125,338.5625
5043,-24.179466402658292,1.3256305881936852e-05,1.0,0.046875,338.609375
5044,-24.179466402658452,1.3280428642477557e-05,1.0,0.0625,338.671875
5045,-24.17946640265863,1.328937892704893e-05,1.0,0.03125,338.703125
5046,-24.179466402658825,1.325661752377285e-05,1.0,0.03125,338.734375
5047,-24.17946640265905,1.343107187697996e-05,1.0,0.03125,338.765625
5048,-24.179466402659255,1.3447694975552366e-05,1.0,0.078125,338.84375
5049,-24.17946640265947,1.3351309441721494e-05,1.0,0.078125,338.921875
5050,-24.17946640265965,1.3168449718497371e-05,1.0,0.015625,338.9375
5051,-24.179466402659827,1.3220480232219983e-05,1.0,0.109375,339.046875
5052,-24.179466402660037,1.3242471807929381e-05,1.0,0.046875,339.09375
5053,-24.179466402660257,1.3272770291921276e-05,1.0,0.046875,339.140625
5054,-24.179466402660417,1.3285423840730303e-05,1.0,0.046875,339.1875
5055,-24.179466402660605,1.3333689095137618e-05,1.0,0.03125,339.21875
5056,-24.179466402660783,1.3376483016828363e-05,1.0,0.046875,339.265625
5057,-24.179466402660942,1.3478536286213495e-05,1.0,0.046875,339.3125
5058,-24.17946640266108,1.3366617469396931e-05,1.0,0.03125,339.34375
5059,-24.17946640266128,1.3386612352477827e-05,1.0,0.03125,339.375
5060,-24.17946640266146,1.338268295913497e-05,1.0,0.0625,339.4375
5061,-24.179466402661664,1.3258598808759296e-05,1.0,0.03125,339.46875
5062,-24.17946640266182,1.3407742414862689e-05,1.0,0.03125,339.5
5063,-24.179466402662026,1.331564063744482e-05,1.0,0.046875,339.546875
5064,-24.179466402662257,1.3086561724047139e-05,1.0,0.03125,339.578125
5065,-24.17946640266241,1.3174794404259178e-05,1.0,0.046875,339.625
5066,-24.179466402662598,1.3163535248895154e-05,1.0,0.03125,339.65625
5067,-24.179466402662783,1.30767010642956e-05,1.0,0.140625,339.796875
5068,-24.179466402663053,1.3165211358339432e-05,1.0,0.125,339.921875
5069,-24.179466402663294,1.3017641120674803e-05,1.0,0.140625,340.0625
5070,-24.179466402663483,1.286347329483043e-05,1.0,0.140625,340.203125
5071,-24.179466402663678,1.2677624289351147e-05,1.0,0.03125,340.234375
5072,-24.179466402663895,1.2713257661543982e-05,1.0,0.078125,340.3125
5073,-24.179466402664065,1.2822680859183403e-05,1.0,0.078125,340.390625
5074,-24.179466402664243,1.2888154352614478e-05,1.0,0.03125,340.421875
5075,-24.179466402664424,1.2819772855471195e-05,1.0,0.0,340.421875
5076,-24.17946640266464,1.282680822702561e-05,1.0,0.03125,340.453125
5077,-24.179466402664822,1.279649486588213e-05,1.0,0.015625,340.46875
5078,-24.17946640266498,1.2737313671525908e-05,1.0,0.046875,340.515625
5079,-24.179466402665202,1.2845358940393028e-05,1.0,0.015625,340.53125
5080,-24.179466402665398,1.2591055802046142e-05,1.0,0.078125,340.609375
5081,-24.179466402665533,1.2670518001122975e-05,1.0,0.015625,340.625
5082,-24.1794664026657,1.25143146823478e-05,1.0,0.015625,340.640625
5083,-24.17946640266586,1.2509976714585776e-05,1.0,0.109375,340.75
5084,-24.179466402666016,1.252507202677787e-05,1.0,0.015625,340.765625
5085,-24.179466402666176,1.2496057794441677e-05,1.0,0.046875,340.8125
5086,-24.179466402666336,1.2382985292144564e-05,1.0,0.03125,340.84375
5087,-24.179466402666534,1.2292479388005775e-05,1.0,0.046875,340.890625
5088,-24.179466402666716,1.2246581221865507e-05,1.0,0.0625,340.953125
5089,-24.17946640266684,1.2153999749625872e-05,1.0,0.03125,340.984375
5090,-24.17946640266701,1.208595043506627e-05,1.0,0.046875,341.03125
5091,-24.17946640266716,1.2037647693994267e-05,1.0,0.03125,341.0625
5092,-24.179466402667313,1.2113204207967487e-05,1.0,0.03125,341.09375
5093,-24.179466402667458,1.214791889123832e-05,1.0,0.03125,341.125
5094,-24.17946640266758,1.2073259091865563e-05,1.0,0.03125,341.15625
5095,-24.179466402667718,1.2278363989914215e-05,1.0,0.03125,341.1875
5096,-24.17946640266793,1.2393956500370832e-05,1.0,0.0625,341.25
5097,-24.17946640266806,1.2282034441972063e-05,1.0,0.03125,341.28125
5098,-24.17946640266822,1.202822754197904e-05,1.0,0.125,341.40625
5099,-24.179466402668343,1.1747395480625722e-05,1.0,0.140625,341.546875
5100,-24.17946640266849,1.168186543976415e-05,1.0,0.125,341.671875
5101,-24.17946640266858,1.1730109435394919e-05,1.0,0.140625,341.8125
5102,-24.179466402668723,1.1775805300106196e-05,1.0,0.03125,341.84375
5103,-24.179466402668883,1.1732029676335522e-05,1.0,0.03125,341.875
5104,-24.179466402669064,1.1869865948116022e-05,1.0,0.140625,342.015625
5105,-24.179466402669156,1.1835746122239318e-05,1.0,0.140625,342.15625
5106,-24.17946640266933,1.1950883289216176e-05,1.0,0.140625,342.296875
5107,-24.17946640266946,1.1978414319427282e-05,1.0,0.0625,342.359375
5108,-24.179466402669597,1.1860354477046759e-05,1.0,0.078125,342.4375
5109,-24.179466402669757,1.1816649831828095e-05,1.0,0.078125,342.515625
5110,-24.179466402669895,1.1709328632602238e-05,1.0,0.0,342.515625
5111,-24.179466402670045,1.1677797212112214e-05,1.0,0.03125,342.546875
5112,-24.17946640267017,1.1621742964143462e-05,1.0,0.03125,342.578125
5113,-24.179466402670325,1.1760494655227304e-05,1.0,0.0625,342.640625
5114,-24.179466402670446,1.1812090526967429e-05,1.0,0.046875,342.6875
5115,-24.179466402670553,1.1722968536668041e-05,1.0,0.03125,342.71875
5116,-24.17946640267074,1.1796763010373976e-05,1.0,0.0625,342.78125
5117,-24.1794664026709,1.167155794311489e-05,1.0,0.03125,342.8125
5118,-24.179466402671068,1.1735791064378825e-05,1.0,0.046875,342.859375
5119,-24.179466402671217,1.1635803150569726e-05,1.0,0.046875,342.90625
5120,-24.179466402671316,1.1583369041579646e-05,1.0,0.03125,342.9375
5121,-24.179466402671473,1.1694401173332476e-05,1.0,0.0625,343.0
5122,-24.179466402671675,1.1749946881721742e-05,1.0,0.03125,343.03125
5123,-24.17946640267177,1.167179268082467e-05,1.0,0.03125,343.0625
5124,-24.17946640267194,1.142897186518574e-05,1.0,0.03125,343.09375
5125,-24.179466402672112,1.1400204665173373e-05,1.0,0.046875,343.140625
5126,-24.17946640267228,1.139400168962078e-05,1.0,0.03125,343.171875
5127,-24.17946640267242,1.1301476626818863e-05,1.0,0.0625,343.234375
5128,-24.179466402672578,1.1403811614981145e-05,1.0,0.03125,343.265625
5129,-24.179466402672652,1.146761757820028e-05,1.0,0.03125,343.296875
5130,-24.179466402672812,1.142871019773338e-05,1.0,0.015625,343.3125
5131,-24.17946640267295,1.1367821024047327e-05,1.0,0.03125,343.34375
5132,-24.17946640267305,1.1450360991809228e-05,1.0,0.046875,343.390625
5133,-24.179466402673178,1.1332629938912185e-05,1.0,0.015625,343.40625
5134,-24.179466402673313,1.1315660875220443e-05,1.0,0.0625,343.46875
5135,-24.179466402673466,1.1283614978941606e-05,1.0,0.046875,343.515625
5136,-24.179466402673633,1.1216191208744177e-05,1.0,0.03125,343.546875
5137,-24.179466402673714,1.1113676791742756e-05,1.0,0.046875,343.59375
5138,-24.179466402673896,1.112040657435587e-05,1.0,0.03125,343.625
5139,-24.179466402674002,1.1220415745687677e-05,1.0,0.03125,343.65625
5140,-24.179466402674173,1.1423882199378478e-05,1.0,0.03125,343.6875
5141,-24.179466402674308,1.1491350408673937e-05,1.0,0.03125,343.71875
5142,-24.179466402674464,1.1427428626612664e-05,1.0,0.03125,343.75
5143,-24.179466402674585,1.1225582007410436e-05,1.0,0.140625,343.890625
5144,-24.179466402674702,1.0949645966136731e-05,1.0,0.140625,344.03125
5145,-24.179466402674826,1.0845223773469419e-05,1.0,0.140625,344.171875
5146,-24.17946640267499,1.0912819727526814e-05,1.0,0.078125,344.25
5147,-24.179466402675097,1.0902255135929763e-05,1.0,0.140625,344.390625
5148,-24.179466402675224,1.0855763477356242e-05,1.0,0.09375,344.484375
5149,-24.179466402675384,1.0919088867578259e-05,1.0,0.015625,344.5
5150,-24.1794664026755,1.0805924420143109e-05,1.0,0.046875,344.546875
5151,-24.179466402675573,1.0829584572145792e-05,1.0,0.109375,344.65625
5152,-24.17946640267571,1.0813512443123465e-05,1.0,0.125,344.78125
5153,-24.17946640267584,1.0813171076472803e-05,1.0,0.09375,344.875
5154,-24.179466402675974,1.074683461603811e-05,1.0,0.046875,344.921875
5155,-24.179466402676127,1.0832143280081715e-05,1.0,0.03125,344.953125
5156,-24.179466402676212,1.085704695386255e-05,1.0,0.046875,345.0
5157,-24.179466402676344,1.0807506593280697e-05,1.0,0.03125,345.03125
5158,-24.179466402676432,1.078200614255536e-05,1.0,0.03125,345.0625
5159,-24.17946640267652,1.0850946790215677e-05,1.0,0.03125,345.09375
5160,-24.17946640267668,1.0746204733968087e-05,1.0,0.03125,345.125
5161,-24.179466402676756,1.063027509398917e-05,1.0,0.03125,345.15625
5162,-24.179466402676915,1.0569891219173257e-05,1.0,0.03125,345.1875
5163,-24.17946640267702,1.0702105068362868e-05,1.0,0.03125,345.21875
5164,-24.17946640267716,1.053124889241821e-05,1.0,0.0625,345.28125
5165,-24.179466402677278,1.0460014143039075e-05,1.0,0.03125,345.3125
5166,-24.17946640267736,1.0399697223170542e-05,1.0,0.046875,345.359375
5167,-24.17946640267752,1.048363450287694e-05,1.0,0.03125,345.390625
5168,-24.179466402677612,1.0369873693474219e-05,1.0,0.046875,345.4375
5169,-24.179466402677768,1.0274170416146205e-05,1.0,0.03125,345.46875
5170,-24.17946640267789,1.0315299198675225e-05,1.0,0.03125,345.5
5171,-24.179466402678003,1.0337405014376938e-05,1.0,0.046875,345.546875
5172,-24.17946640267808,1.0356113707894295e-05,1.0,0.015625,345.5625
5173,-24.17946640267823,1.0320241130511523e-05,1.0,0.03125,345.59375
5174,-24.179466402678337,1.0340925148478175e-05,1.0,0.078125,345.671875
5175,-24.17946640267846,1.0229611887393323e-05,1.0,0.03125,345.703125
5176,-24.179466402678575,1.0090749744066234e-05,1.0,0.03125,345.734375
5177,-24.17946640267867,1.0070272212582353e-05,1.0,0.0625,345.796875
5178,-24.179466402678795,9.944454625323185e-06,1.0,0.015625,345.8125
5179,-24.17946640267886,9.857955372894669e-06,1.0,0.03125,345.84375
5180,-24.179466402678962,9.83633913950139e-06,1.0,0.03125,345.875
5181,-24.179466402679047,9.817006504347275e-06,1.0,0.03125,345.90625
5182,-24.17946640267915,9.7830542244503e-06,1.0,0.03125,345.9375
5183,-24.179466402679285,9.748808981049839e-06,1.0,0.03125,345.96875
5184,-24.17946640267936,9.753603061433493e-06,1.0,0.046875,346.015625
5185,-24.179466402679463,9.696425363598457e-06,1.0,0.03125,346.046875
5186,-24.17946640267955,9.750260607405096e-06,1.0,0.03125,346.078125
5187,-24.179466402679637,9.779348837218774e-06,1.0,0.0625,346.140625
5188,-24.179466402679722,9.791491156059225e-06,1.0,0.03125,346.171875
5189,-24.179466402679854,9.796298963264519e-06,1.0,0.046875,346.21875
5190,-24.179466402679985,9.756481294830783e-06,1.0,0.0625,346.28125
5191,-24.179466402680077,9.804766461679828e-06,1.0,0.046875,346.328125
5192,-24.179466402680124,9.7857433826201e-06,1.0,0.015625,346.34375
5193,-24.17946640268024,9.830667043592056e-06,1.0,0.046875,346.390625
5194,-24.179466402680323,9.769329033259966e-06,1.0,0.03125,346.421875
5195,-24.17946640268043,9.695812336761183e-06,1.0,0.03125,346.453125
5196,-24.179466402680525,9.658739084685767e-06,1.0,0.03125,346.484375
5197,-24.17946640268064,9.659064692914544e-06,1.0,0.03125,346.515625
5198,-24.17946640268075,9.6838290541033e-06,1.0,0.03125,346.546875
5199,-24.17946640268082,9.616956393511513e-06,1.0,0.03125,346.578125
5200,-24.17946640268092,9.440250933406962e-06,1.0,0.03125,346.609375
5201,-24.179466402681037,9.41287591873807e-06,1.0,0.03125,346.640625
5202,-24.179466402681154,9.432149971590927e-06,1.0,0.03125,346.671875
5203,-24.17946640268121,9.464374052632987e-06,1.0,0.03125,346.703125
5204,-24.1794664026813,9.399058375467994e-06,1.0,0.03125,346.734375
5205,-24.179466402681403,9.442652143394645e-06,1.0,0.03125,346.765625
5206,-24.1794664026815,9.373383620149607e-06,1.0,0.0625,346.828125
5207,-24.179466402681594,9.378594023201822e-06,1.0,0.03125,346.859375
5208,-24.179466402681683,9.369429423157455e-06,1.0,0.046875,346.90625
5209,-24.179466402681786,9.29663026716632e-06,1.0,0.03125,346.9375
5210,-24.179466402681886,9.310144507828305e-06,1.0,0.046875,346.984375
5211,-24.179466402681992,9.354524118671615e-06,1.0,0.03125,347.015625
5212,-24.179466402682092,9.245460792017985e-06,1.0,0.03125,347.046875
5213,-24.179466402682205,9.190364584329476e-06,1.0,0.046875,347.09375
5214,-24.179466402682284,9.217299574960862e-06,1.0,0.03125,347.125
5215,-24.179466402682362,9.183483877189019e-06,1.0,0.0625,347.1875
5216,-24.179466402682444,9.244554783651825e-06,1.0,0.0625,347.25
5217,-24.179466402682536,9.262204842029908e-06,1.0,0.0625,347.3125
5218,-24.179466402682642,9.150940497860532e-06,1.0,0.0625,347.375
5219,-24.17946640268271,9.145255359883265e-06,1.0,0.046875,347.421875
5220,-24.179466402682813,9.019557873516288e-06,1.0,0.03125,347.453125
5221,-24.179466402682895,8.968317355953007e-06,1.0,0.03125,347.484375
5222,-24.179466402683,8.874489835793228e-06,1.0,0.046875,347.53125
5223,-24.179466402683083,8.912334037892003e-06,1.0,0.03125,347.5625
5224,-24.179466402683193,8.789079921404037e-06,1.0,0.140625,347.703125
5225,-24.179466402683225,8.73712893432974e-06,1.0,0.140625,347.84375
5226,-24.17946640268331,8.7945761192141e-06,1.0,0.140625,347.984375
5227,-24.17946640268337,8.78040203508644e-06,1.0,0.140625,348.125
5228,-24.17946640268346,8.824302321601356e-06,1.0,0.140625,348.265625
5229,-24.17946640268356,8.710888761510736e-06,1.0,0.140625,348.40625
5230,-24.179466402683627,8.726145423900543e-06,1.0,0.140625,348.546875
5231,-24.179466402683705,8.784114750416054e-06,1.0,0.140625,348.6875
5232,-24.179466402683794,8.708174092276294e-06,1.0,0.140625,348.828125
5233,-24.17946640268387,8.629903303107945e-06,1.0,0.140625,348.96875
5234,-24.17946640268397,8.638660885999278e-06,1.0,0.078125,349.046875
5235,-24.179466402684007,8.698869389339608e-06,1.0,0.015625,349.0625
5236,-24.179466402684074,8.778572194090748e-06,1.0,0.03125,349.09375
5237,-24.179466402684174,8.746709146901285e-06,1.0,0.078125,349.171875
5238,-24.179466402684238,8.682280188090517e-06,1.0,0.0,349.171875
5239,-24.179466402684316,8.680767529957764e-06,1.0,0.078125,349.25
5240,-24.179466402684394,8.665661020467435e-06,1.0,0.046875,349.296875
5241,-24.179466402684486,8.642916128984494e-06,1.0,0.0625,349.359375
5242,-24.17946640268455,8.605782086229901e-06,1.0,0.03125,349.390625
5243,-24.179466402684618,8.640154217581165e-06,1.0,0.046875,349.4375
5244,-24.179466402684692,8.578853401398e-06,1.0,0.0625,349.5
5245,-24.179466402684785,8.53473552647343e-06,1.0,0.0625,349.5625
5246,-24.17946640268486,8.516377589035393e-06,1.0,0.03125,349.59375
5247,-24.179466402684923,8.544342841160751e-06,1.0,0.046875,349.640625
5248,-24.17946640268501,8.497719216368317e-06,1.0,0.0625,349.703125
5249,-24.17946640268507,8.372802390120192e-06,1.0,0.03125,349.734375
5250,-24.17946640268512,8.374282521792798e-06,1.0,0.03125,349.765625
5251,-24.17946640268522,8.363295921573886e-06,1.0,0.03125,349.796875
5252,-24.179466402685293,8.37935042548803e-06,1.0,0.03125,349.828125
5253,-24.179466402685367,8.380590247756158e-06,1.0,0.03125,349.859375
5254,-24.17946640268544,8.352714101271468e-06,1.0,0.03125,349.890625
5255,-24.179466402685485,8.396099765007733e-06,1.0,0.046875,349.9375
5256,-24.17946640268557,8.437806957680553e-06,1.0,0.03125,349.96875
5257,-24.17946640268565,8.40474504546607e-06,1.0,0.046875,350.015625
5258,-24.179466402685712,8.395385558376906e-06,1.0,0.046875,350.0625
5259,-24.17946640268576,8.477859551809229e-06,1.0,0.03125,350.09375
5260,-24.17946640268585,8.50441564690727e-06,1.0,0.03125,350.125
5261,-24.17946640268592,8.379435155466832e-06,1.0,0.03125,350.15625
5262,-24.17946640268599,8.282333151561383e-06,1.0,0.0625,350.21875
5263,-24.17946640268604,8.240746226281577e-06,1.0,0.0625,350.28125
5264,-24.179466402686145,8.297461004392658e-06,1.0,0.046875,350.328125
5265,-24.179466402686224,8.352550213507155e-06,1.0,0.03125,350.359375
5266,-24.179466402686284,8.255624762742139e-06,1.0,0.03125,350.390625
5267,-24.17946640268636,8.13628853441642e-06,1.0,0.03125,350.421875
5268,-24.179466402686433,8.15017110303748e-06,1.0,0.140625,350.5625
5269,-24.17946640268649,8.107867724748588e-06,1.0,0.140625,350.703125
5270,-24.179466402686536,8.113368880756373e-06,1.0,0.140625,350.84375
5271,-24.179466402686625,8.0811478966533e-06,1.0,0.140625,350.984375
5272,-24.17946640268668,7.999433385763316e-06,1.0,0.140625,351.125
5273,-24.179466402686764,8.051311056158815e-06,1.0,0.140625,351.265625
5274,-24.179466402686817,8.043388208288641e-06,1.0,0.140625,351.40625
5275,-24.17946640268687,7.976077395077703e-06,1.0,0.125,351.53125
5276,-24.17946640268695,8.00667412961537e-06,1.0,0.03125,351.5625
5277,-24.17946640268703,7.974318353604644e-06,1.0,0.03125,351.59375
5278,-24.179466402687094,8.005789325442542e-06,1.0,0.015625,351.609375
5279,-24.179466402687144,8.015959998737968e-06,1.0,0.03125,351.640625
5280,-24.179466402687215,8.08768637636443e-06,1.0,0.0625,351.703125
5281,-24.17946640268729,8.076708964109957e-06,1.0,0.0625,351.765625
5282,-24.179466402687353,7.987080455372284e-06,1.0,0.046875,351.8125
5283,-24.17946640268742,7.949929199201156e-06,1.0,0.03125,351.84375
5284,-24.179466402687492,7.888193195308407e-06,1.0,0.03125,351.875
5285,-24.179466402687538,7.917230732498578e-06,1.0,0.046875,351.921875
5286,-24.179466402687595,7.915952911010071e-06,1.0,0.03125,351.953125
5287,-24.179466402687662,7.833468679351621e-06,1.0,0.046875,352.0
5288,-24.179466402687723,7.920791004998349e-06,1.0,0.03125,352.03125
5289,-24.17946640268779,7.838335731096492e-06,1.0,0.03125,352.0625
5290,-24.179466402687854,7.712299724119176e-06,1.0,0.03125,352.09375
5291,-24.179466402687932,7.878368901557149e-06,1.0,0.03125,352.125
5292,-24.179466402688004,7.887663140477637e-06,1.0,0.046875,352.171875
5293,-24.179466402688053,7.87165578973296e-06,1.0,0.03125,352.203125
5294,-24.17946640268811,7.838251998149238e-06,1.0,0.03125,352.234375
5295,-24.17946640268819,7.792613052974228e-06,1.0,0.140625,352.375
5296,-24.17946640268824,7.839447524528998e-06,1.0,0.140625,352.515625
5297,-24.179466402688284,7.820659117473348e-06,1.0,0.140625,352.65625
5298,-24.179466402688355,7.755997754500878e-06,1.0,0.140625,352.796875
5299,-24.179466402688384,7.703725085705989e-06,1.0,0.140625,352.9375
5300,-24.179466402688455,7.643121694653969e-06,1.0,0.109375,353.046875
5301,-24.179466402688515,7.687464493018917e-06,1.0,0.015625,353.0625
5302,-24.179466402688575,7.589751232303048e-06,1.0,0.046875,353.109375
5303,-24.17946640268862,7.544044834337936e-06,1.0,0.03125,353.140625
5304,-24.179466402688686,7.53818390450098e-06,1.0,0.03125,353.171875
5305,-24.179466402688767,7.588080218551503e-06,1.0,0.03125,353.203125
5306,-24.179466402688824,7.482922492725133e-06,1.0,0.03125,353.234375
5307,-24.179466402688895,7.4715651697564325e-06,1.0,0.046875,353.28125
5308,-24.179466402688973,7.499033771605792e-06,1.0,0.03125,353.3125
5309,-24.179466402689027,7.4008186529010515e-06,1.0,0.03125,353.34375
5310,-24.179466402689098,7.4511061897856044e-06,1.0,0.046875,353.390625
5311,-24.179466402689133,7.45593308020511e-06,1.0,0.03125,353.421875
5312,-24.1794664026892,7.498592651128689e-06,1.0,0.046875,353.46875
5313,-24.17946640268926,7.563009775025636e-06,1.0,0.046875,353.515625
5314,-24.179466402689325,7.662938490663487e-06,1.0,0.03125,353.546875
5315,-24.17946640268941,7.5874180394642176e-06,1.0,0.03125,353.578125
5316,-24.179466402689492,7.584805314813611e-06,1.0,0.046875,353.625
5317,-24.179466402689542,7.4661003435352e-06,1.0,0.03125,353.65625
5318,-24.1794664026896,7.394894666021634e-06,1.0,0.03125,353.6875
5319,-24.179466402689634,7.380331020323316e-06,1.0,0.03125,353.71875
5320,-24.17946640268971,7.3873869071489014e-06,1.0,0.03125,353.75
5321,-24.179466402689737,7.378234990121519e-06,1.0,0.078125,353.828125
5322,-24.179466402689798,7.358380956948869e-06,1.0,0.03125,353.859375
5323,-24.179466402689847,7.429474822760041e-06,1.0,0.03125,353.890625
5324,-24.179466402689886,7.428944586483465e-06,1.0,0.03125,353.921875
5325,-24.179466402689947,7.28941460628857e-06,1.0,0.03125,353.953125
5326,-24.179466402690014,7.350063911617542e-06,1.0,0.03125,353.984375
5327,-24.179466402690064,7.267256968965472e-06,1.0,0.03125,354.015625
5328,-24.179466402690117,7.1823686125662975e-06,1.0,0.046875,354.0625
5329,-24.17946640269016,7.235090425878145e-06,1.0,0.078125,354.140625
5330,-24.179466402690228,7.163668172232018e-06,1.0,0.0625,354.203125
5331,-24.179466402690302,7.158899921306259e-06,1.0,0.046875,354.25
5332,-24.179466402690338,7.118503653649044e-06,1.0,0.03125,354.28125
5333,-24.179466402690405,7.128867644444278e-06,1.0,0.03125,354.3125
5334,-24.17946640269045,7.087089926626998e-06,1.0,0.03125,354.34375
5335,-24.179466402690508,7.148969974806745e-06,1.0,0.03125,354.375
5336,-24.17946640269054,7.1005182066732415e-06,1.0,0.03125,354.40625
5337,-24.179466402690593,7.0614060455482815e-06,1.0,0.03125,354.4375
5338,-24.17946640269066,7.056081730099359e-06,1.0,0.03125,354.46875
5339,-24.179466402690725,6.973980453627146e-06,1.0,0.03125,354.5
5340,-24.179466402690768,6.910666235730147e-06,1.0,0.125,354.625
5341,-24.179466402690846,6.872407824285691e-06,1.0,0.140625,354.765625
5342,-24.179466402690856,6.8612840207252075e-06,1.0,0.140625,354.90625
5343,-24.179466402690903,6.924536527171668e-06,1.0,0.140625,355.046875
5344,-24.179466402690977,6.867847711386239e-06,1.0,0.0625,355.109375
5345,-24.179466402691016,6.8681761951696775e-06,1.0,0.125,355.234375
5346,-24.17946640269107,6.810688609731386e-06,1.0,0.0,355.234375
5347,-24.179466402691144,6.895559399618031e-06,1.0,0.046875,355.28125
5348,-24.17946640269119,6.873754837522247e-06,1.0,0.03125,355.3125
5349,-24.17946640269123,6.916096382939287e-06,1.0,0.03125,355.34375
5350,-24.179466402691286,6.8318663718685635e-06,1.0,0.0625,355.40625
5351,-24.179466402691343,6.794592984533289e-06,1.0,0.03125,355.4375
5352,-24.179466402691375,6.743010931051867e-06,1.0,0.03125,355.46875
5353,-24.179466402691403,6.748632184137546e-06,1.0,0.03125,355.5
5354,-24.17946640269149,6.775202422291968e-06,1.0,0.03125,355.53125
5355,-24.179466402691506,6.748651780845873e-06,1.0,0.03125,355.5625
5356,-24.17946640269156,6.692381566134821e-06,1.0,0.0625,355.625
5357,-24.179466402691613,6.739079871068726e-06,1.0,0.03125,355.65625
5358,-24.179466402691652,6.699942826726948e-06,1.0,0.046875,355.703125
5359,-24.1794664026917,6.652095635862727e-06,1.0,0.03125,355.734375
5360,-24.179466402691748,6.5234624502325176e-06,1.0,0.046875,355.78125
5361,-24.179466402691794,6.543350109417049e-06,1.0,0.03125,355.8125
5362,-24.179466402691833,6.559983689373446e-06,1.0,0.109375,355.921875
5363,-24.1794664026919,6.518852285132044e-06,1.0,0.109375,356.03125
5364,-24.179466402691936,6.547042107054403e-06,1.0,0.015625,356.046875
5365,-24.179466402691983,6.456791152500386e-06,1.0,0.015625,356.0625
5366,-24.179466402692032,6.360082742827225e-06,1.0,0.03125,356.09375
5367,-24.179466402692064,6.364966904323201e-06,1.0,0.03125,356.125
5368,-24.179466402692118,6.443806245331358e-06,1.0,0.015625,356.140625
5369,-24.179466402692178,6.405530212716522e-06,1.0,0.03125,356.171875
5370,-24.17946640269222,6.385447344290324e-06,1.0,0.03125,356.203125
5371,-24.17946640269227,6.381055746561311e-06,1.0,0.03125,356.234375
5372,-24.17946640269233,6.4375546529000015e-06,1.0,0.0625,356.296875
5373,-24.179466402692363,6.4242830879942056e-06,1.0,0.046875,356.34375
5374,-24.17946640269242,6.560238177587636e-06,1.0,0.03125,356.375
5375,-24.17946640269244,6.531946542488686e-06,1.0,0.03125,356.40625
5376,-24.17946640269247,6.529973197711528e-06,1.0,0.03125,356.4375
5377,-24.179466402692526,6.547754763307496e-06,1.0,0.03125,356.46875
5378,-24.179466402692576,6.454024976913657e-06,1.0,0.0625,356.53125
5379,-24.179466402692622,6.416791501778001e-06,1.0,0.15625,356.6875
5380,-24.17946640269266,6.398347423128985e-06,1.0,0.140625,356.828125
5381,-24.17946640269271,6.319975822896093e-06,1.0,0.140625,356.96875
5382,-24.17946640269276,6.3590574706073835e-06,1.0,0.140625,357.109375
5383,-24.17946640269277,6.37315913107552e-06,1.0,0.140625,357.25
5384,-24.179466402692814,6.367396250923226e-06,1.0,0.140625,357.390625
5385,-24.179466402692867,6.319770845234619e-06,1.0,0.140625,357.53125
5386,-24.17946640269293,6.272435249688847e-06,1.0,0.078125,357.609375
5387,-24.17946640269296,6.341406733841218e-06,1.0,0.140625,357.75
5388,-24.179466402692995,6.341216736437772e-06,1.0,0.140625,357.890625
5389,-24.179466402693023,6.300117972756022e-06,1.0,0.140625,358.03125
5390,-24.179466402693055,6.2842767500968945e-06,1.0,0.09375,358.125
5391,-24.17946640269312,6.236707920742733e-06,1.0,0.046875,358.171875
5392,-24.179466402693137,6.206969421180628e-06,1.0,0.109375,358.28125
5393,-24.1794664026932,6.259992228843968e-06,1.0,0.0,358.28125
5394,-24.17946640269323,6.209953872666443e-06,1.0,0.015625,358.296875
5395,-24.179466402693304,6.1732064319566625e-06,1.0,0.078125,358.375
5396,-24.179466402693315,6.163630240291277e-06,1.0,0.078125,358.453125
5397,-24.179466402693365,6.2328263235664894e-06,1.0,0.0625,358.515625
5398,-24.179466402693446,6.13737251339207e-06,1.0,0.03125,358.546875
5399,-24.179466402693457,6.095601404991892e-06,1.0,0.046875,358.59375
5400,-24.179466402693492,6.093968439766896e-06,1.0,0.046875,358.640625
5401,-24.17946640269353,6.070793439284097e-06,1.0,0.03125,358.671875
5402,-24.17946640269358,6.098292526348049e-06,1.0,0.03125,358.703125
5403,-24.17946640269362,6.133779073477577e-06,1.0,0.03125,358.734375
5404,-24.17946640269365,6.0922945687500204e-06,1.0,0.03125,358.765625
5405,-24.179466402693695,6.091227115356559e-06,1.0,0.03125,358.796875
5406,-24.17946640269375,6.089191603329804e-06,1.0,0.03125,358.828125
5407,-24.179466402693787,6.057661396217118e-06,1.0,0.046875,358.875
5408,-24.17946640269383,6.0264076387057195e-06,1.0,0.03125,358.90625
5409,-24.179466402693876,5.966986748694018e-06,1.0,0.03125,358.9375
5410,-24.179466402693908,5.965313845514511e-06,1.0,0.03125,358.96875
5411,-24.17946640269395,5.9471460185753624e-06,1.0,0.03125,359.0
5412,-24.179466402693997,5.88129364276116e-06,1.0,0.03125,359.03125
5413,-24.179466402694025,5.8002409996709375e-06,1.0,0.0625,359.09375
5414,-24.17946640269408,5.817082749478613e-06,1.0,0.0625,359.15625
5415,-24.1794664026941,5.765319293883278e-06,1.0,0.046875,359.203125
5416,-24.17946640269413,5.7832661028196164e-06,1.0,0.0625,359.265625
5417,-24.179466402694164,5.757086825919047e-06,1.0,0.03125,359.296875
5418,-24.1794664026942,5.671697305727631e-06,1.0,0.140625,359.4375
5419,-24.17946640269423,5.69019372570292e-06,1.0,0.140625,359.578125
5420,-24.17946640269429,5.7023597026092864e-06,1.0,0.140625,359.71875
5421,-24.1794664026943,5.652157600305499e-06,1.0,0.140625,359.859375
5422,-24.179466402694324,5.648872109596034e-06,1.0,0.03125,359.890625
5423,-24.17946640269435,5.705853090380281e-06,1.0,0.015625,359.90625
5424,-24.17946640269442,5.6322304800444375e-06,0.00390625,0.09375,360.0
5425,-24.17946640269442,5.630560741825184e-06,1.0,0.109375,360.109375
5426,-24.179466402694427,5.612082070132449e-06,1.0,0.109375,360.21875
5427,-24.17946640269448,5.629174524572893e-06,1.0,0.0,360.21875
5428,-24.17946640269451,5.64301131974579e-06,1.0,0.046875,360.265625
5429,-24.17946640269452,5.650125135449565e-06,1.0,0.03125,360.296875
5430,-24.17946640269457,5.598222040138492e-06,1.0,0.0625,360.359375
5431,-24.179466402694608,5.581732088520292e-06,1.0,0.0625,360.421875
5432,-24.17946640269462,5.57647512819959e-06,1.0,0.0625,360.484375
5433,-24.17946640269466,5.567976229723328e-06,1.0,0.046875,360.53125
5434,-24.179466402694693,5.606571923804251e-06,1.0,0.03125,360.5625
5435,-24.17946640269471,5.58765260099602e-06,1.0,0.03125,360.59375
5436,-24.179466402694754,5.595994740326904e-06,1.0,0.015625,360.609375
5437,-24.179466402694793,5.593774374761921e-06,1.0,0.078125,360.6875
5438,-24.179466402694832,5.555377902437407e-06,1.0,0.03125,360.71875
5439,-24.179466402694835,5.49843205918596e-06,1.0,0.03125,360.75
5440,-24.1794664026949,5.41739445295946e-06,1.0,0.03125,360.78125
5441,-24.179466402694914,5.4737243328705e-06,1.0,0.046875,360.828125
5442,-24.179466402694956,5.498859241965812e-06,1.0,0.015625,360.84375
5443,-24.17946640269497,5.5359636071723964e-06,1.0,0.03125,360.875
5444,-24.17946640269498,5.533956818978895e-06,1.0,0.015625,360.890625
5445,-24.179466402695027,5.522995316481304e-06,1.0,0.03125,360.921875
5446,-24.179466402695088,5.475338035442695e-06,1.0,0.03125,360.953125
5447,-24.179466402695127,5.497691139724469e-06,1.0,0.03125,360.984375
5448,-24.179466402695144,5.532568036461172e-06,1.0,0.03125,361.015625
5449,-24.179466402695162,5.485688470353981e-06,1.0,0.03125,361.046875
5450,-24.179466402695166,5.467925041637895e-06,1.0,0.03125,361.078125
5451,-24.1794664026952,5.345660115776737e-06,1.0,0.03125,361.109375
5452,-24.179466402695255,5.346700272242959e-06,1.0,0.03125,361.140625
5453,-24.17946640269527,5.331427204713665e-06,1.0,0.03125,361.171875
5454,-24.17946640269532,5.307128363578757e-06,0.5,0.03125,361.203125
5455,-24.179466402695322,5.21367152980596e-06,1.0,0.03125,361.234375
5456,-24.179466402695375,5.246690912759896e-06,1.0,0.140625,361.375
5457,-24.179466402695382,5.246538973008607e-06,1.0,0.140625,361.515625
5458,-24.179466402695418,5.250508488937995e-06,1.0,0.140625,361.65625
5459,-24.179466402695446,5.222262753080345e-06,1.0,0.140625,361.796875
5460,-24.179466402695464,5.26426656814067e-06,1.0,0.125,361.921875
5461,-24.179466402695486,5.263478853953944e-06,1.0,0.03125,361.953125
5462,-24.179466402695518,5.193463279810596e-06,1.0,0.03125,361.984375
5463,-24.179466402695557,5.130993799222873e-06,1.0,0.03125,362.015625
5464,-24.179466402695596,5.1696053919052624e-06,1.0,0.03125,362.046875
5465,-24.179466402695613,5.217147390327679e-06,1.0,0.03125,362.078125
5466,-24.17946640269564,5.229130116788309e-06,1.0,0.046875,362.125
5467,-24.179466402695674,5.231559850887449e-06,1.0,0.03125,362.15625
5468,-24.17946640269569,5.223781455629715e-06,1.0,0.0625,362.21875
5469,-24.179466402695716,5.1809541530653885e-06,1.0,0.03125,362.25
5470,-24.17946640269573,5.20227733965225e-06,1.0,0.0625,362.3125
5471,-24.179466402695763,5.156456590558925e-06,1.0,0.03125,362.34375
5472,-24.17946640269579,5.1364666438223564e-06,1.0,0.046875,362.390625
5473,-24.17946640269581,5.068873885929486e-06,1.0,0.03125,362.421875
5474,-24.179466402695834,5.063449937661723e-06,1.0,0.03125,362.453125
5475,-24.179466402695876,5.039165874107388e-06,1.0,0.078125,362.53125
5476,-24.17946640269591,5.003597417147288e-06,1.0,0.015625,362.546875
5477,-24.179466402695944,5.0592014358007265e-06,1.0,0.046875,362.59375
5478,-24.17946640269595,5.015789446945275e-06,1.0,0.03125,362.625
5479,-24.179466402695986,5.039382283149326e-06,1.0,0.015625,362.640625
5480,-24.179466402696015,5.017853567356908e-06,1.0,0.03125,362.671875
5481,-24.17946640269604,5.029223816136798e-06,1.0,0.03125,362.703125
5482,-24.179466402696068,5.041106193724862e-06,1.0,0.0625,362.765625
5483,-24.179466402696082,5.012770414563881e-06,1.0,0.03125,362.796875
5484,-24.17946640269612,4.966773172696494e-06,1.0,0.03125,362.828125
5485,-24.17946640269615,4.962228741613832e-06,1.0,0.03125,362.859375
5486,-24.179466402696193,4.992565034629931e-06,1.0,0.03125,362.890625
5487,-24.179466402696207,4.989871339604565e-06,1.0,0.046875,362.9375
5488,-24.179466402696224,5.029662788804922e-06,1.0,0.015625,362.953125
5489,-24.179466402696256,5.0157408595334116e-06,1.0,0.03125,362.984375
5490,-24.179466402696292,4.974525782335807e-06,1.0,0.03125,363.015625
5491,-24.179466402696313,4.987654133373101e-06,1.0,0.03125,363.046875
5492,-24.17946640269636,4.976690374112193e-06,5.960464477539063e-08,0.078125,363.125
5493,-24.17946640269636,4.976690352032221e-06,0.5,0.078125,363.203125
5494,-24.179466402696384,4.898581455799585e-06,1.0,0.125,363.328125
5495,-24.179466402696402,4.990547013999998e-06,0.25,0.140625,363.46875
5496,-24.17946640269641,4.903712842122779e-06,1.0,0.015625,363.484375
5497,-24.179466402696427,4.840626175303147e-06,1.0,0.0,363.484375
5498,-24.179466402696455,4.78869661164764e-06,1.0,0.015625,363.5
5499,-24.17946640269647,4.7767386044914496e-06,1.0,0.109375,363.609375
5500,-24.17946640269647,4.808259850005663e-06,1.0,0.03125,363.640625
5501,-24.179466402696526,4.803977664726361e-06,1.0,0.046875,363.6875
5502,-24.17946640269654,4.788459102433119e-06,1.0,0.03125,363.71875
5503,-24.179466402696544,4.813569666042161e-06,1.0,0.03125,363.75
5504,-24.1794664026966,4.788456561649244e-06,1.0,0.09375,363.84375
5505,-24.179466402696626,4.825349022393002e-06,1.0,0.0,363.84375
5506,-24.179466402696647,4.844233028115295e-06,1.0,0.015625,363.859375
5507,-24.179466402696683,4.781885286312042e-06,1.0,0.046875,363.90625
5508,-24.179466402696708,4.7182603987391115e-06,1.0,0.03125,363.9375
5509,-24.17946640269672,4.763297331861418e-06,1.0,0.078125,364.015625
5510,-24.179466402696757,4.7951940086304895e-06,1.0,0.046875,364.0625
5511,-24.179466402696757,4.738970146449992e-06,1.0,0.0625,364.125
5512,-24.1794664026968,4.699854056751542e-06,1.0,0.03125,364.15625
5513,-24.179466402696843,4.7117446170284905e-06,0.5,0.03125,364.1875
5514,-24.179466402696843,4.631103850371987e-06,1.0,0.0625,364.25
5515,-24.17946640269687,4.620240404284232e-06,1.0,0.03125,364.28125
5516,-24.179466402696903,4.60786560411756e-06,1.0,0.046875,364.328125
5517,-24.179466402696903,4.52924218664223e-06,1.0,0.046875,364.375
5518,-24.17946640269695,4.550252101264388e-06,1.0,0.03125,364.40625
5519,-24.179466402696956,4.633903246371293e-06,1.0,0.03125,364.4375
5520,-24.17946640269698,4.6304001571739545e-06,1.0,0.03125,364.46875
5521,-24.179466402697013,4.6371151009964396e-06,1.0,0.03125,364.5
5522,-24.179466402697024,4.643773263268003e-06,1.0,0.03125,364.53125
5523,-24.179466402697045,4.588448299545229e-06,0.5,0.03125,364.5625
5524,-24.179466402697056,4.521620330343448e-06,1.0,0.046875,364.609375
5525,-24.17946640269708,4.556405689211151e-06,1.0,0.03125,364.640625
5526,-24.17946640269709,4.562925264285731e-06,1.0,0.0625,364.703125
5527,-24.179466402697113,4.539281041119331e-06,1.0,0.03125,364.734375
5528,-24.17946640269716,4.5806150332923005e-06,1.0,0.046875,364.78125
5529,-24.179466402697177,4.561169232986784e-06,1.0,0.03125,364.8125
5530,-24.17946640269719,4.50491535046946e-06,1.0,0.046875,364.859375
5531,-24.179466402697198,4.5289197675209695e-06,1.0,0.03125,364.890625
5532,-24.17946640269724,4.547774574420831e-06,1.0,0.03125,364.921875
5533,-24.17946640269725,4.5515900441443205e-06,1.0,0.0625,364.984375
5534,-24.179466402697283,4.488334291879276e-06,1.0,0.046875,365.03125
5535,-24.179466402697294,4.515004021023503e-06,1.0,0.03125,365.0625
5536,-24.179466402697315,4.510251485409581e-06,1.0,0.046875,365.109375
5537,-24.179466402697344,4.49300442273896e-06,1.0,0.046875,365.15625
5538,-24.17946640269736,4.474740643918858e-06,1.0,0.03125,365.1875
5539,-24.17946640269737,4.5075945988670085e-06,1.0,0.03125,365.21875
5540,-24.179466402697404,4.475449602690356e-06,1.0,0.046875,365.265625
5541,-24.179466402697415,4.436764902988792e-06,1.0,0.03125,365.296875
5542,-24.179466402697443,4.4595666105752305e-06,1.0,0.03125,365.328125
5543,-24.179466402697468,4.4072819536777e-06,1.0,0.03125,365.359375
5544,-24.179466402697475,4.37623481943637e-06,1.0,0.046875,365.40625
5545,-24.179466402697493,4.343069575269491e-06,1.0,0.03125,365.4375
5546,-24.17946640269752,4.390534248945781e-06,1.0,0.03125,365.46875
5547,-24.17946640269753,4.352441997976575e-06,1.0,0.046875,365.515625
5548,-24.179466402697575,4.34657981747083e-06,1.0,0.03125,365.546875
5549,-24.17946640269759,4.388342538417083e-06,1.0,0.046875,365.59375
5550,-24.17946640269761,4.3665933055769705e-06,1.0,0.03125,365.625
5551,-24.17946640269762,4.367916460401669e-06,1.0,0.03125,365.65625
5552,-24.179466402697656,4.3340960595839334e-06,1.0,0.03125,365.6875
5553,-24.179466402697656,4.389241947905117e-06,1.0,0.03125,365.71875
5554,-24.179466402697674,4.37183873036455e-06,1.0,0.03125,365.75
5555,-24.17946640269769,4.3408887910575744e-06,1.0,0.046875,365.796875
5556,-24.179466402697724,4.289820299893993e-06,1.0,0.03125,365.828125
5557,-24.17946640269774,4.24008610768503e-06,1.0,0.03125,365.859375
5558,-24.179466402697756,4.240631207018693e-06,1.0,0.03125,365.890625
5559,-24.179466402697784,4.175795618572819e-06,1.0,0.03125,365.921875
5560,-24.179466402697813,4.2049820690399084e-06,0.5,0.046875,365.96875
5561,-24.179466402697813,4.108081316152063e-06,1.0,0.03125,366.0
5562,-24.17946640269782,4.096216687026111e-06,1.0,0.03125,366.03125
5563,-24.179466402697845,4.115901868691581e-06,1.0,0.0625,366.09375
5564,-24.179466402697862,4.08302817157964e-06,1.0,0.046875,366.140625
5565,-24.179466402697877,4.1020214824600055e-06,1.0,0.03125,366.171875
5566,-24.179466402697905,4.121746812237855e-06,1.0,0.015625,366.1875
5567,-24.179466402697916,4.1249417969129165e-06,1.0,0.078125,366.265625
5568,-24.179466402697948,4.147531790054411e-06,1.0,0.125,366.390625
5569,-24.17946640269796,4.13234286243523e-06,0.25,0.046875,366.4375
5570,-24.179466402697972,4.062429686074921e-06,1.0,0.140625,366.578125
5571,-24.179466402697987,4.041592044707655e-06,1.0,0.09375,366.671875
5572,-24.179466402698004,4.041187268882903e-06,1.0,0.046875,366.71875
5573,-24.179466402698008,4.073321286654512e-06,1.0,0.015625,366.734375
5574,-24.179466402698036,4.043978493077509e-06,1.0,0.0,366.734375
5575,-24.179466402698047,4.11175917628106e-06,1.0,0.046875,366.78125
5576,-24.17946640269808,4.067482217414969e-06,1.0,0.109375,366.890625
5577,-24.179466402698086,4.038794421709856e-06,1.0,0.015625,366.90625
5578,-24.179466402698107,3.9693726602359715e-06,1.0,0.03125,366.9375
5579,-24.17946640269812,3.992222389624029e-06,1.0,0.03125,366.96875
5580,-24.17946640269814,3.978205303191657e-06,1.0,0.03125,367.0
5581,-24.179466402698147,3.997849699103739e-06,1.0,0.03125,367.03125
5582,-24.179466402698168,3.97149811142527e-06,1.0,0.046875,367.078125
5583,-24.17946640269818,3.976014000554398e-06,1.0,0.046875,367.125
5584,-24.179466402698207,3.979848822269778e-06,3.814697265625e-06,0.109375,367.234375
5585,-24.17946640269821,3.979847766493235e-06,1.0,0.140625,367.375
5586,-24.179466402698225,3.951057785940034e-06,1.0,0.140625,367.515625
5587,-24.179466402698235,3.961710775569498e-06,1.0,0.140625,367.65625
5588,-24.17946640269824,3.933854219790818e-06,1.0,0.140625,367.796875
5589,-24.179466402698274,3.914908800932619e-06,0.25,0.09375,367.890625
5590,-24.179466402698285,3.873443312884611e-06,0.5,0.140625,368.03125
5591,-24.179466402698292,3.822679905479668e-06,0.25,0.140625,368.171875
5592,-24.179466402698313,3.77777130541676e-06,1.0,0.140625,368.3125
5593,-24.17946640269832,3.792153979742089e-06,1.0,0.140625,368.453125
5594,-24.17946640269833,3.8029721597174324e-06,0.5,0.03125,368.484375
5595,-24.179466402698353,3.76971882189929e-06,3.725290298461914e-09,0.046875,368.53125
5596,-24.179466402698353,3.769718821524886e-06,1.0,0.03125,368.5625
5597,-24.179466402698353,3.8263715005436375e-06,1.0,0.03125,368.59375
5598,-24.179466402698377,3.801297652031504e-06,0.5,0.03125,368.625
5599,-24.17946640269839,3.7412980612612806e-06,1.0,0.046875,368.671875
5600,-24.1794664026984,3.7381113145400072e-06,1.0,0.03125,368.703125
5601,-24.17946640269841,3.727408966804867e-06,1.0,0.03125,368.734375
5602,-24.17946640269843,3.771620011845044e-06,1.0,0.046875,368.78125
5603,-24.179466402698438,3.7430907178984558e-06,1.0,0.03125,368.8125
5604,-24.179466402698456,3.727097827735695e-06,1.0,0.0625,368.875
5605,-24.17946640269848,3.747877094510526e-06,1.0,0.03125,368.90625
5606,-24.17946640269849,3.7749523508598973e-06,1.0,0.140625,369.046875
5607,-24.179466402698516,3.7577060288329712e-06,1.0,0.03125,369.078125
5608,-24.179466402698555,3.7649842779128584e-06,1.862645149230957e-09,0.140625,369.21875
5609,-24.179466402698555,3.764984277587278e-06,1.9073486328125e-06,0.046875,369.265625
5610,-24.179466402698555,3.764983798734667e-06,3.725290298461914e-09,0.140625,369.40625
5611,-24.17946640269856,3.7649837981956496e-06,1.862645149230957e-09,0.09375,369.5
5612,-24.17946640269856,3.764983798366972e-06,1.862645149230957e-09,0.140625,369.640625
5613,-24.17946640269856,3.764983798437329e-06,4.656612873077393e-10,0.109375,369.75
5614,-24.17946640269856,3.764983798357932e-06,9.313225746154785e-10,0.140625,369.890625
5615,-24.17946640269856,3.764983798342002e-06,1.1641532182693481e-10,0.09375,369.984375
5616,-24.17946640269856,3.764983798333635e-06,1.9073486328125e-06,0.140625,370.125
5617,-24.179466402698562,3.7649833927381624e-06,7.450580596923828e-09,0.03125,370.15625
5618,-24.179466402698562,3.7649833896970735e-06,2.9802322387695312e-08,0.140625,370.296875
5619,-24.179466402698566,3.7649833847139004e-06,1.4901161193847656e-08,0.03125,370.328125
5620,-24.179466402698566,3.7649833783681108e-06,3.725290298461914e-09,0.046875,370.375
5621,-24.179466402698566,3.764983378717465e-06,1.862645149230957e-09,0.140625,370.515625
5622,-24.179466402698566,3.764983378651696e-06,1.862645149230957e-09,0.09375,370.609375
5623,-24.179466402698566,3.764983378298419e-06,4.656612873077393e-10,0.125,370.734375
5624,-24.179466402698566,3.7649833782290974e-06,2.3283064365386963e-10,0.0625,370.796875
5625,-24.179466402698566,3.764983378131463e-06,9.313225746154785e-10,0.03125,370.828125
5626,-24.179466402698566,3.7649833780276874e-06,9.313225746154785e-10,0.078125,370.90625
5627,-24.179466402698566,3.764983378338138e-06,4.656612873077393e-10,0.15625,371.0625
5628,-24.179466402698566,3.764983378153453e-06,9.313225746154785e-10,0.0625,371.125
5629,-24.179466402698566,3.7649833778449155e-06,4.656612873077393e-10,0.171875,371.296875
5630,-24.179466402698566,3.764983377910746e-06,7.450580596923828e-09,0.125,371.421875
5631,-24.179466402698566,3.764983377027307e-06,1.862645149230957e-09,0.0625,371.484375
5632,-24.179466402698566,3.764983377280356e-06,1.862645149230957e-09,0.0625,371.546875
5633,-24.179466402698566,3.764983377180876e-06,9.313225746154785e-10,0.03125,371.578125
5634,-24.179466402698566,3.7649833770388992e-06,1.862645149230957e-09,0.078125,371.65625
5635,-24.179466402698566,3.7649833771774162e-06,2.9802322387695312e-08,0.09375,371.75
5636,-24.179466402698566,3.7649833688011574e-06,5.960464477539063e-08,0.140625,371.890625
5637,-24.179466402698566,3.764983354193413e-06,1.862645149230957e-09,0.09375,371.984375
5638,-24.179466402698566,3.7649833539203674e-06,3.725290298461914e-09,0.125,372.109375
5639,-24.179466402698566,3.7649833537644316e-06,7.450580596923828e-09,0.046875,372.15625
5640,-24.179466402698566,3.7649833507340285e-06,3.725290298461914e-09,0.03125,372.1875
5641,-24.179466402698566,3.76498335048994e-06,4.656612873077393e-10,0.046875,372.234375
5642,-24.179466402698566,3.7649833504835714e-06,1.862645149230957e-09,0.140625,372.375
5643,-24.179466402698566,3.7649833499629634e-06,1.862645149230957e-09,0.046875,372.421875
5644,-24.179466402698566,3.764983349512327e-06,1.4901161193847656e-08,0.140625,372.5625
5645,-24.179466402698566,3.764983347731316e-06,1.4901161193847656e-08,0.0625,372.625
5646,-24.179466402698566,3.764983346451993e-06,3.725290298461914e-09,0.140625,372.765625
5647,-24.179466402698566,3.7649833460497203e-06,3.725290298461914e-09,0.046875,372.8125
5648,-24.179466402698566,3.7649833449804585e-06,9.313225746154785e-10,0.125,372.9375
5649,-24.179466402698566,3.764983344739033e-06,9.313225746154785e-10,0.140625,373.078125
5650,-24.179466402698566,3.764983344579667e-06,4.656612873077393e-10,0.140625,373.21875
5651,-24.179466402698566,3.7649833445540973e-06,5.820766091346741e-11,0.0625,373.28125
5652,-24.179466402698566,3.7649833445365806e-06,1.1641532182693481e-10,0.0625,373.34375
5653,-24.179466402698566,3.764983344513678e-06,1.862645149230957e-09,0.125,373.46875
5654,-24.179466402698566,3.7649833443543597e-06,1.1641532182693481e-10,0.03125,373.5
5655,-24.179466402698566,3.7649833443543597e-06,5.820766091346741e-11,0.0625,373.5625
5656,-24.179466402698566,3.7649833443543597e-06,2.3283064365386963e-10,0.234375,373.796875
5657,-24.179466402698566,3.7649833443161086e-06,1.4901161193847656e-08,0.078125,373.875
5658,-24.179466402698566,3.7649833374730314e-06,4.656612873077393e-10,0.109375,373.984375
5659,-24.179466402698566,3.7649833374610904e-06,1.862645149230957e-09,0.140625,374.125
5660,-24.179466402698566,3.7649833370597425e-06,4.656612873077393e-10,0.0625,374.1875
5661,-24.179466402698566,3.7649833370315066e-06,1.862645149230957e-09,0.140625,374.328125
5662,-24.179466402698566,3.764983336961448e-06,2.384185791015625e-07,0.078125,374.40625
5663,-24.179466402698566,3.764983267331208e-06,2.3283064365386963e-10,0.0625,374.46875
5664,-24.179466402698566,3.7649832672837174e-06,1.4901161193847656e-08,0.0625,374.53125
5665,-24.179466402698566,3.7649832636962318e-06,1.862645149230957e-09,0.109375,374.640625
5666,-24.179466402698566,3.7649832634687056e-06,1.4901161193847656e-08,0.0625,374.703125
5667,-24.179466402698566,3.764983257579726e-06,2.9802322387695312e-08,0.140625,374.84375
5668,-24.179466402698566,3.7649832496103843e-06,0.5,0.140625,374.984375
5669,-24.179466402698566,3.694445166349795e-06,2.3283064365386963e-10,0.03125,375.015625
5670,-24.179466402698566,3.6944451663682233e-06,0.25,0.03125,375.046875
5671,-24.17946640269857,3.6300339914842425e-06,2.384185791015625e-07,0.140625,375.1875
5672,-24.179466402698576,3.6300339476526143e-06,2.9802322387695312e-08,0.046875,375.234375
5673,-24.179466402698576,3.630033938045327e-06,5.960464477539063e-08,0.140625,375.375
5674,-24.179466402698576,3.6300339251099132e-06,2.9802322387695312e-08,0.03125,375.40625
5675,-24.17946640269858,3.630033917713074e-06,2.9802322387695312e-08,0.03125,375.4375
5676,-24.17946640269858,3.6300339134977865e-06,7.450580596923828e-09,0.046875,375.484375
5677,-24.17946640269858,3.6300339110064703e-06,1.862645149230957e-09,0.03125,375.515625
5678,-24.17946640269858,3.630033911355899e-06,4.656612873077393e-10,0.109375,375.625
5679,-24.17946640269858,3.630033911184067e-06,1.4901161193847656e-08,0.03125,375.65625
5680,-24.17946640269858,3.630033909417262e-06,3.725290298461914e-09,0.046875,375.703125
5681,-24.17946640269858,3.6300339087412514e-06,1.862645149230957e-09,0.078125,375.78125
5682,-24.17946640269858,3.6300339092915886e-06,7.450580596923828e-09,0.09375,375.875
5683,-24.17946640269858,3.6300339059273444e-06,9.313225746154785e-10,0.0625,375.9375
5684,-24.17946640269858,3.630033906011643e-06,3.725290298461914e-09,0.03125,375.96875
5685,-24.17946640269858,3.630033905396045e-06,3.725290298461914e-09,0.0625,376.03125
5686,-24.17946640269858,3.6300339049900377e-06,1.862645149230957e-09,0.140625,376.171875
5687,-24.17946640269858,3.630033904974391e-06,4.656612873077393e-10,0.046875,376.21875
5688,-24.17946640269858,3.63003390501117e-06,0.25,0.03125,376.25
5689,-24.179466402698583,3.5961685046743154e-06,5.960464477539063e-08,0.0625,376.3125
5690,-24.179466402698583,3.5961684989278224e-06,7.450580596923828e-09,0.109375,376.421875
5691,-24.179466402698583,3.5961684977209038e-06,1.4901161193847656e-08,0.03125,376.453125
5692,-24.179466402698583,3.5961684938410194e-06,1.4901161193847656e-08,0.015625,376.46875
5693,-24.179466402698583,3.5961684899988622e-06,2.3283064365386963e-10,0.03125,376.5
5694,-24.179466402698583,3.5961684901526428e-06,2.9802322387695312e-08,0.0625,376.5625
5695,-24.179466402698583,3.5961684816180582e-06,4.656612873077393e-10,0.03125,376.59375
5696,-24.179466402698583,3.5961684816567e-06,2.3283064365386963e-10,0.078125,376.671875
5697,-24.179466402698583,3.596168481687471e-06,4.656612873077393e-10,0.03125,376.703125
5698,-24.179466402698583,3.5961684816823082e-06,4.656612873077393e-10,0.078125,376.78125
5699,-24.179466402698583,3.59616848165992e-06,9.313225746154785e-10,0.078125,376.859375
5700,-24.179466402698583,3.5961684813160177e-06,2.3283064365386963e-10,0.03125,376.890625
5701,-24.179466402698583,3.5961684813063133e-06,2.3283064365386963e-10,0.03125,376.921875
5702,-24.179466402698583,3.596168481320666e-06,9.313225746154785e-10,0.046875,376.96875
5703,-24.179466402698583,3.5961684811694996e-06,2.3283064365386963e-10,0.09375,377.0625
5704,-24.179466402698583,3.5961684811108553e-06,5.960464477539063e-08,0.15625,377.21875
5705,-24.179466402698583,3.5961684680703642e-06,3.725290298461914e-09,0.09375,377.3125
5706,-24.179466402698583,3.5961684676385155e-06,1.862645149230957e-09,0.125,377.4375
5707,-24.179466402698583,3.5961684672173457e-06,1.862645149230957e-09,0.0625,377.5
5708,-24.179466402698583,3.596168467355421e-06,0.25,0.046875,377.546875
5709,-24.179466402698594,3.566403997573237e-06,9.313225746154785e-10,0.078125,377.625
5710,-24.179466402698594,3.566403997603598e-06,9.313225746154785e-10,0.109375,377.734375
5711,-24.179466402698594,3.566403997592517e-06,1.862645149230957e-09,0.125,377.859375
5712,-24.179466402698594,3.566403997817497e-06,9.313225746154785e-10,0.0625,377.921875
5713,-24.179466402698594,3.5664039976095074e-06,9.313225746154785e-10,0.09375,378.015625
5714,-24.179466402698594,3.56640399778926e-06,1.862645149230957e-09,0.09375,378.109375
5715,-24.179466402698594,3.56640399755234e-06,3.725290298461914e-09,0.109375,378.21875
5716,-24.179466402698594,3.5664039967451463e-06,1.862645149230957e-09,0.09375,378.3125
5717,-24.179466402698594,3.5664039963760474e-06,1.862645149230957e-09,0.078125,378.390625
5718,-24.179466402698594,3.56640399617019e-06,7.450580596923828e-09,0.125,378.515625
5719,-24.179466402698594,3.5664039953800044e-06,1.862645149230957e-09,0.015625,378.53125
5720,-24.179466402698594,3.5664039949244934e-06,3.725290298461914e-09,0.171875,378.703125
5721,-24.179466402698594,3.5664039948490524e-06,4.656612873077393e-10,0.078125,378.78125
5722,-24.179466402698594,3.566403994908691e-06,4.656612873077393e-10,0.125,378.90625
5723,-24.179466402698594,3.5664039948100627e-06,9.313225746154785e-10,0.140625,379.046875
5724,-24.179466402698594,3.566403994922637e-06,1.862645149230957e-09,0.078125,379.125
5725,-24.179466402698594,3.5664039948019117e-06,9.313225746154785e-10,0.140625,379.265625
5726,-24.179466402698594,3.566403994846675e-06,1.1641532182693481e-10,0.09375,379.359375
5727,-24.179466402698594,3.5664039948489626e-06,1.862645149230957e-09,0.140625,379.5
5728,-24.179466402698594,3.566403994792096e-06,9.313225746154785e-10,0.125,379.625
5729,-24.179466402698594,3.5664039945736884e-06,1.1920928955078125e-07,0.03125,379.65625
5730,-24.179466402698594,3.56640396617625e-06,4.656612873077393e-10,0.0625,379.71875
5731,-24.179466402698594,3.5664039661855634e-06,2.9802322387695312e-08,0.03125,379.75
5732,-24.179466402698598,3.5664039596330567e-06,3.725290298461914e-09,0.0625,379.8125
5733,-24.179466402698598,3.5664039585643124e-06,1.862645149230957e-09,0.140625,379.953125
5734,-24.179466402698598,3.56640395836738e-06,9.313225746154785e-10,0.078125,380.03125
5735,-24.179466402698598,3.566403958197579e-06,1.862645149230957e-09,0.140625,380.171875
5736,-24.179466402698598,3.566403957821675e-06,2.9802322387695312e-08,0.046875,380.21875
5737,-24.179466402698598,3.5664039548772716e-06,3.725290298461914e-09,0.09375,380.3125
5738,-24.179466402698598,3.5664039543239274e-06,3.725290298461914e-09,0.171875,380.484375
5739,-24.1794664026986,3.566403953681242e-06,4.656612873077393e-10,0.140625,380.625
5740,-24.1794664026986,3.566403953689277e-06,1.862645149230957e-09,0.0625,380.6875
5741,-24.1794664026986,3.5664039535121455e-06,3.725290298461914e-09,0.046875,380.734375
5742,-24.1794664026986,3.566403952800097e-06,7.450580596923828e-09,0.03125,380.765625
5743,-24.1794664026986,3.5664039513723026e-06,3.725290298461914e-09,0.0625,380.828125
5744,-24.1794664026986,3.566403951825221e-06,9.313225746154785e-10,0.03125,380.859375
5745,-24.1794664026986,3.5664039518643974e-06,3.725290298461914e-09,0.09375,380.953125
5746,-24.1794664026986,3.566403951221378e-06,3.725290298461914e-09,0.078125,381.03125
5747,-24.1794664026986,3.5664039503493308e-06,7.450580596923828e-09,0.078125,381.109375
5748,-24.1794664026986,3.5664039489730094e-06,7.450580596923828e-09,0.15625,381.265625
5749,-24.1794664026986,3.5664039467439346e-06,9.313225746154785e-10,0.140625,381.40625
5750,-24.1794664026986,3.566403946961546e-06,3.725290298461914e-09,0.15625,381.5625
5751,-24.1794664026986,3.566403947747634e-06,9.313225746154785e-10,0.140625,381.703125
5752,-24.1794664026986,3.5664039474450738e-06,9.313225746154785e-10,0.109375,381.8125
5753,-24.1794664026986,3.5664039477182665e-06,2.3283064365386963e-10,0.140625,381.953125
5754,-24.1794664026986,3.566403947718427e-06,3.725290298461914e-09,0.125,382.078125
5755,-24.1794664026986,3.5664039469083933e-06,9.313225746154785e-10,0.03125,382.109375
5756,-24.1794664026986,3.5664039469859963e-06,1.862645149230957e-09,0.078125,382.1875
5757,-24.1794664026986,3.5664039467134537e-06,9.313225746154785e-10,0.0625,382.25
5758,-24.1794664026986,3.5664039466337975e-06,9.313225746154785e-10,0.09375,382.34375
5759,-24.1794664026986,3.5664039468640176e-06,2.3283064365386963e-10,0.046875,382.390625
5760,-24.1794664026986,3.5664039468697787e-06,3.725290298461914e-09,0.078125,382.46875
5761,-24.1794664026986,3.5664039473025092e-06,9.313225746154785e-10,0.03125,382.5
5762,-24.1794664026986,3.566403947225893e-06,4.656612873077393e-10,0.046875,382.546875
5763,-24.1794664026986,3.5664039472158467e-06,3.725290298461914e-09,0.03125,382.578125
5764,-24.1794664026986,3.56640394702333e-06,9.313225746154785e-10,0.0625,382.640625
5765,-24.1794664026986,3.5664039467170917e-06,9.313225746154785e-10,0.03125,382.671875
5766,-24.1794664026986,3.566403946779131e-06,9.313225746154785e-10,0.078125,382.75
5767,-24.1794664026986,3.566403946739839e-06,1.862645149230957e-09,0.03125,382.78125
5768,-24.1794664026986,3.5664039461120815e-06,1.1641532182693481e-10,0.09375,382.875
5769,-24.1794664026986,3.5664039461120815e-06,4.656612873077393e-10,0.078125,382.953125
5770,-24.1794664026986,3.5664039462405645e-06,3.725290298461914e-09,0.140625,383.09375
5771,-24.1794664026986,3.566403945882021e-06,4.656612873077393e-10,0.0625,383.15625
5772,-24.1794664026986,3.566403945897506e-06,3.725290298461914e-09,0.140625,383.296875
5773,-24.1794664026986,3.566403945166087e-06,1.862645149230957e-09,0.09375,383.390625
5774,-24.1794664026986,3.566403944764454e-06,9.313225746154785e-10,0.140625,383.53125
5775,-24.1794664026986,3.5664039446485987e-06,4.656612873077393e-10,0.0625,383.59375
5776,-24.1794664026986,3.566403944624786e-06,4.656612873077393e-10,0.1875,383.78125
5777,-24.1794664026986,3.5664039446720683e-06,1.862645149230957e-09,0.09375,383.875
5778,-24.1794664026986,3.566403944655415e-06,9.313225746154785e-10,0.109375,383.984375
5779,-24.1794664026986,3.5664039447491144e-06,4.656612873077393e-10,0.109375,384.09375
5780,-24.1794664026986,3.5664039446758673e-06,9.313225746154785e-10,0.109375,384.203125
5781,-24.1794664026986,3.566403944569258e-06,9.313225746154785e-10,0.0625,384.265625
5782,-24.1794664026986,3.5664039447538277e-06,9.313225746154785e-10,0.140625,384.40625
5783,-24.1794664026986,3.566403944974469e-06,4.656612873077393e-10,0.15625,384.5625
5784,-24.1794664026986,3.5664039448988737e-06,9.313225746154785e-10,0.0,384.5625
5785,-24.1794664026986,3.566403945139929e-06,4.656612873077393e-10,0.0625,384.625
5786,-24.1794664026986,3.566403945169238e-06,4.656612873077393e-10,0.125,384.75
5787,-24.1794664026986,3.566403945183499e-06,1.862645149230957e-09,0.1875,384.9375
5788,-24.1794664026986,3.566403945529076e-06,3.725290298461914e-09,0.0625,385.0
5789,-24.1794664026986,3.5664039438968527e-06,2.3283064365386963e-10,0.078125,385.078125
5790,-24.1794664026986,3.5664039438367414e-06,1.862645149230957e-09,0.109375,385.1875
5791,-24.1794664026986,3.566403943689351e-06,3.725290298461914e-09,0.15625,385.34375
5792,-24.1794664026986,3.5664039433919648e-06,3.725290298461914e-09,0.125,385.46875
5793,-24.1794664026986,3.56640394305316e-06,9.313225746154785e-10,0.09375,385.5625
5794,-24.1794664026986,3.5664039431813467e-06,3.725290298461914e-09,0.0625,385.625
5795,-24.1794664026986,3.5664039428130826e-06,9.313225746154785e-10,0.03125,385.65625
5796,-24.1794664026986,3.566403942741708e-06,4.656612873077393e-10,0.078125,385.734375
5797,-24.1794664026986,3.5664039427722556e-06,4.656612873077393e-10,0.140625,385.875
5798,-24.1794664026986,3.566403942748139e-06,1.862645149230957e-09,0.078125,385.953125
5799,-24.1794664026986,3.5664039430107093e-06,1.862645149230957e-09,0.140625,386.09375
5800,-24.1794664026986,3.566403943027737e-06,9.313225746154785e-10,0.09375,386.1875
5801,-24.1794664026986,3.5664039431506536e-06,2.3283064365386963e-10,0.140625,386.328125
5802,-24.1794664026986,3.566403943033852e-06,9.313225746154785e-10,0.140625,386.46875
5803,-24.1794664026986,3.5664039430345215e-06,9.313225746154785e-10,0.109375,386.578125
5804,-24.1794664026986,3.5664039427618405e-06,2.3283064365386963e-10,0.15625,386.734375
5805,-24.1794664026986,3.5664039427703904e-06,9.313225746154785e-10,0.0625,386.796875
5806,-24.1794664026986,3.5664039427450074e-06,7.450580596923828e-09,0.140625,386.9375
5807,-24.1794664026986,3.566403941545656e-06,4.656612873077393e-10,0.09375,387.03125
5808,-24.1794664026986,3.566403941577113e-06,3.725290298461914e-09,0.140625,387.171875
5809,-24.1794664026986,3.5664039411276276e-06,2.3283064365386963e-10,0.140625,387.3125
5810,-24.1794664026986,3.5664039411305257e-06,9.313225746154785e-10,0.0625,387.375
5811,-24.1794664026986,3.5664039411958874e-06,9.313225746154785e-10,0.09375,387.46875
5812,-24.1794664026986,3.566403941135283e-06,9.313225746154785e-10,0.140625,387.609375
5813,-24.1794664026986,3.566403941077904e-06,2.384185791015625e-07,0.078125,387.6875
5814,-24.1794664026986,3.5664038873747376e-06,7.450580596923828e-09,0.140625,387.828125
5815,-24.1794664026986,3.5664038860345862e-06,1.4901161193847656e-08,0.046875,387.875
5816,-24.1794664026986,3.56640388225628e-06,3.725290298461914e-09,0.015625,387.890625
5817,-24.1794664026986,3.5664038824876785e-06,7.450580596923828e-09,0.09375,387.984375
5818,-24.1794664026986,3.5664038817398408e-06,1.4901161193847656e-08,0.09375,388.078125
5819,-24.1794664026986,3.5664038780989916e-06,3.725290298461914e-09,0.15625,388.234375
5820,-24.1794664026986,3.5664038767040084e-06,1.4901161193847656e-08,0.09375,388.328125
5821,-24.1794664026986,3.5664038762259388e-06,7.450580596923828e-09,0.03125,388.359375
5822,-24.1794664026986,3.566403874441884e-06,3.725290298461914e-09,0.046875,388.40625
5823,-24.1794664026986,3.5664038746592696e-06,9.313225746154785e-10,0.140625,388.546875
5824,-24.1794664026986,3.5664038746777413e-06,1.862645149230957e-09,0.03125,388.578125
5825,-24.1794664026986,3.5664038743580744e-06,3.725290298461914e-09,0.109375,388.6875
5826,-24.1794664026986,3.566403873234002e-06,7.450580596923828e-09,0.078125,388.765625
5827,-24.1794664026986,3.5664038741230253e-06,9.313225746154785e-10,0.03125,388.796875
5828,-24.1794664026986,3.566403874106644e-06,7.450580596923828e-09,0.1875,388.984375
5829,-24.1794664026986,3.566403871198812e-06,4.656612873077393e-10,0.140625,389.125
5830,-24.1794664026986,3.5664038710975363e-06,4.656612873077393e-10,0.109375,389.234375
5831,-24.1794664026986,3.566403870964282e-06,1.862645149230957e-09,0.0625,389.296875
5832,-24.1794664026986,3.5664038715715258e-06,9.313225746154785e-10,0.140625,389.4375
5833,-24.1794664026986,3.566403871793267e-06,2.3283064365386963e-10,0.03125,389.46875
5834,-24.1794664026986,3.56640387178734e-06,4.656612873077393e-10,0.140625,389.609375
5835,-24.1794664026986,3.566403871805977e-06,4.76837158203125e-07,0.0625,389.671875
5836,-24.1794664026986,3.5664037568543313e-06,1.862645149230957e-09,0.0625,389.734375
5837,-24.1794664026986,3.566403757147014e-06,9.313225746154785e-10,0.109375,389.84375
5838,-24.1794664026986,3.5664037570217758e-06,3.725290298461914e-09,0.140625,389.984375
5839,-24.1794664026986,3.56640375591093e-06,3.725290298461914e-09,0.109375,390.09375
5840,-24.1794664026986,3.5664037561902113e-06,4.656612873077393e-10,0.015625,390.109375
5841,-24.1794664026986,3.566403756025638e-06,2.9802322387695312e-08,0.0625,390.171875
5842,-24.1794664026986,3.566403747514866e-06,1.4901161193847656e-08,0.0625,390.234375
5843,-24.1794664026986,3.566403743307149e-06,1.4901161193847656e-08,0.0625,390.296875
5844,-24.1794664026986,3.5664037405987484e-06,1.4901161193847656e-08,0.140625,390.4375
5845,-24.1794664026986,3.5664037370743887e-06,1.862645149230957e-09,0.140625,390.578125
5846,-24.1794664026986,3.566403737361275e-06,3.725290298461914e-09,0.078125,390.65625
5847,-24.1794664026986,3.566403736924809e-06,1.862645149230957e-09,0.078125,390.734375
5848,-24.1794664026986,3.5664037361080855e-06,7.450580596923828e-09,0.125,390.859375
5849,-24.1794664026986,3.5664037350638777e-06,9.313225746154785e-10,0.046875,390.90625
5850,-24.1794664026986,3.56640373484808e-06,9.313225746154785e-10,0.109375,391.015625
5851,-24.1794664026986,3.56640373483729e-06,1.862645149230957e-09,0.03125,391.046875
5852,-24.1794664026986,3.566403734411611e-06,1.862645149230957e-09,0.09375,391.140625
5853,-24.1794664026986,3.56640373443189e-06,1.862645149230957e-09,0.046875,391.1875
5854,-24.1794664026986,3.566403734493689e-06,1.862645149230957e-09,0.03125,391.21875
5855,-24.1794664026986,3.566403734367347e-06,2.9802322387695312e-08,0.0625,391.28125
5856,-24.1794664026986,3.5664037288036706e-06,9.313225746154785e-10,0.125,391.40625
5857,-24.1794664026986,3.5664037287433775e-06,9.313225746154785e-10,0.125,391.53125
5858,-24.1794664026986,3.566403728616305e-06,1.862645149230957e-09,0.0625,391.59375
5859,-24.1794664026986,3.56640372807407e-06,3.725290298461914e-09,0.140625,391.734375
5860,-24.1794664026986,3.5664037278413764e-06,2.3283064365386963e-10,0.0625,391.796875
5861,-24.1794664026986,3.5664037278553334e-06,4.656612873077393e-10,0.140625,391.9375
5862,-24.1794664026986,3.5664037279162393e-06,1.862645149230957e-09,0.078125,392.015625
5863,-24.1794664026986,3.566403727456545e-06,2.3283064365386963e-10,0.09375,392.109375
5864,-24.1794664026986,3.5664037275254687e-06,2.3283064365386963e-10,0.0625,392.171875
5865,-24.1794664026986,3.566403727548764e-06,1.1641532182693481e-10,0.140625,392.3125
5866,-24.1794664026986,3.566403727548764e-06,1.862645149230957e-09,0.046875,392.359375
5867,-24.1794664026986,3.5664037275174185e-06,1.862645149230957e-09,0.140625,392.5
5868,-24.1794664026986,3.5664037279025245e-06,9.313225746154785e-10,0.046875,392.546875
5869,-24.1794664026986,3.5664037277652633e-06,3.725290298461914e-09,0.125,392.671875
5870,-24.1794664026986,3.5664037275245213e-06,1.862645149230957e-09,0.0625,392.734375
5871,-24.1794664026986,3.566403727210355e-06,2.3283064365386963e-10,0.140625,392.875
5872,-24.1794664026986,3.566403727246966e-06,9.313225746154785e-10,0.09375,392.96875
5873,-24.1794664026986,3.566403727369841e-06,2.9802322387695312e-08,0.140625,393.109375
5874,-24.1794664026986,3.5664037192669656e-06,3.725290298461914e-09,0.09375,393.203125
5875,-24.1794664026986,3.5664037191380925e-06,1.4901161193847656e-08,0.140625,393.34375
5876,-24.1794664026986,3.5664037167471163e-06,1.862645149230957e-09,0.078125,393.421875
5877,-24.1794664026986,3.566403716734907e-06,1.1641532182693481e-10,0.140625,393.5625
5878,-24.1794664026986,3.566403716734012e-06,9.313225746154785e-10,0.0625,393.625
5879,-24.1794664026986,3.56640371658605e-06,9.313225746154785e-10,0.03125,393.65625
5880,-24.1794664026986,3.5664037165202224e-06,2.9802322387695312e-08,0.046875,393.703125
5881,-24.1794664026986,3.566403710131927e-06,7.450580596923828e-09,0.0625,393.765625
5882,-24.1794664026986,3.5664037105532374e-06,1.4901161193847656e-08,0.109375,393.875
5883,-24.1794664026986,3.5664037067327813e-06,1.862645149230957e-09,0.046875,393.921875
5884,-24.1794664026986,3.5664037069095655e-06,9.313225746154785e-10,0.03125,393.953125
5885,-24.1794664026986,3.5664037067441603e-06,3.725290298461914e-09,0.09375,394.046875
5886,-24.1794664026986,3.5664037062378477e-06,9.313225746154785e-10,0.140625,394.1875
5887,-24.1794664026986,3.5664037062552923e-06,1.862645149230957e-09,0.046875,394.234375
5888,-24.1794664026986,3.5664037059906343e-06,1.1920928955078125e-07,0.046875,394.28125
5889,-24.1794664026986,3.566403672791103e-06,3.725290298461914e-09,0.09375,394.375
5890,-24.1794664026986,3.566403672539955e-06,2.9802322387695312e-08,0.140625,394.515625
5891,-24.1794664026986,3.5664036712922477e-06,7.450580596923828e-09,0.046875,394.5625
5892,-24.1794664026986,3.566403668763592e-06,7.450580596923828e-09,0.140625,394.703125
5893,-24.1794664026986,3.566403667246091e-06,9.313225746154785e-10,0.125,394.828125
5894,-24.1794664026986,3.566403667340316e-06,7.450580596923828e-09,0.09375,394.921875
5895,-24.1794664026986,3.5664036654684066e-06,3.725290298461914e-09,0.109375,395.03125
5896,-24.1794664026986,3.566403665005602e-06,2.9802322387695312e-08,0.078125,395.109375
5897,-24.1794664026986,3.566403661751292e-06,7.450580596923828e-09,0.078125,395.1875
5898,-24.1794664026986,3.5664036613040424e-06,9.313225746154785e-10,0.015625,395.203125
5899,-24.1794664026986,3.566403661425306e-06,7.450580596923828e-09,0.0625,395.265625
5900,-24.1794664026986,3.5664036597634538e-06,3.725290298461914e-09,0.140625,395.40625
5901,-24.1794664026986,3.5664036598372198e-06,3.725290298461914e-09,0.03125,395.4375
5902,-24.1794664026986,3.5664036594375057e-06,2.9802322387695312e-08,0.0625,395.5
5903,-24.1794664026986,3.5664036520323587e-06,3.725290298461914e-09,0.140625,395.640625
5904,-24.1794664026986,3.5664036512497062e-06,3.725290298461914e-09,0.046875,395.6875
5905,-24.1794664026986,3.5664036513138995e-06,7.450580596923828e-09,0.140625,395.828125
5906,-24.1794664026986,3.5664036505841764e-06,3.725290298461914e-09,0.046875,395.875
5907,-24.1794664026986,3.566403649711136e-06,7.450580596923828e-09,0.140625,396.015625
5908,-24.1794664026986,3.566403648478537e-06,3.725290298461914e-09,0.046875,396.0625
5909,-24.1794664026986,3.566403648072343e-06,3.725290298461914e-09,0.140625,396.203125
5910,-24.1794664026986,3.5664036479450063e-06,7.450580596923828e-09,0.078125,396.28125
5911,-24.1794664026986,3.566403645834317e-06,1.4901161193847656e-08,0.140625,396.421875
5912,-24.1794664026986,3.5664036450820507e-06,5.960464477539063e-08,0.078125,396.5
5913,-24.1794664026986,3.5664036285696312e-06,3.725290298461914e-09,0.140625,396.640625
5914,-24.1794664026986,3.5664036286879346e-06,1.862645149230957e-09,0.0625,396.703125
5915,-24.1794664026986,3.566403628588264e-06,9.313225746154785e-10,0.140625,396.84375
5916,-24.1794664026986,3.566403628402774e-06,3.725290298461914e-09,0.109375,396.953125
5917,-24.1794664026986,3.5664036275918185e-06,1.862645149230957e-09,0.140625,397.09375
5918,-24.1794664026986,3.5664036276884773e-06,3.725290298461914e-09,0.109375,397.203125
5919,-24.1794664026986,3.5664036271820295e-06,3.725290298461914e-09,0.03125,397.234375
5920,-24.1794664026986,3.5664036268709007e-06,1.862645149230957e-09,0.140625,397.375
5921,-24.1794664026986,3.5664036269884816e-06,7.450580596923828e-09,0.109375,397.484375
5922,-24.1794664026986,3.5664036257655083e-06,1.4901161193847656e-08,0.125,397.609375
5923,-24.1794664026986,3.5664036219084616e-06,3.725290298461914e-09,0.09375,397.703125
5924,-24.1794664026986,3.5664036213644857e-06,7.450580596923828e-09,0.0625,397.765625
5925,-24.1794664026986,3.5664036194792893e-06,1.862645149230957e-09,0.046875,397.8125
5926,-24.1794664026986,3.5664036192041184e-06,3.725290298461914e-09,0.03125,397.84375
5927,-24.1794664026986,3.566403618779742e-06,4.656612873077393e-10,0.0625,397.90625
5928,-24.1794664026986,3.5664036187918374e-06,4.656612873077393e-10,0.0625,397.96875
5929,-24.1794664026986,3.5664036188264713e-06,9.313225746154785e-10,0.09375,398.0625
5930,-24.1794664026986,3.5664036188549816e-06,9.313225746154785e-10,0.1875,398.25
5931,-24.1794664026986,3.5664036187377187e-06,7.450580596923828e-09,0.125,398.375
5932,-24.1794664026986,3.566403618011996e-06,3.725290298461914e-09,0.046875,398.421875
5933,-24.1794664026986,3.566403617830196e-06,1.862645149230957e-09,0.140625,398.5625
5934,-24.1794664026986,3.5664036178035837e-06,9.313225746154785e-10,0.125,398.6875
5935,-24.1794664026986,3.566403618192231e-06,1.862645149230957e-09,0.0625,398.75
5936,-24.1794664026986,3.5664036180348974e-06,3.725290298461914e-09,0.109375,398.859375
5937,-24.1794664026986,3.5664036170554253e-06,1.862645149230957e-09,0.03125,398.890625
5938,-24.1794664026986,3.5664036167922725e-06,1.862645149230957e-09,0.109375,399.0
5939,-24.1794664026986,3.56640361713915e-06,9.313225746154785e-10,0.03125,399.03125
5940,-24.1794664026986,3.566403617180517e-06,1.862645149230957e-09,0.046875,399.078125
5941,-24.1794664026986,3.5664036172181103e-06,2.3283064365386963e-10,0.140625,399.21875
5942,-24.1794664026986,3.566403617163962e-06,2.3283064365386963e-10,0.078125,399.296875
5943,-24.1794664026986,3.5664036171456945e-06,2.3283064365386963e-10,0.140625,399.4375
5944,-24.1794664026986,3.5664036171582886e-06,1.862645149230957e-09,0.125,399.5625
5945,-24.1794664026986,3.5664036165048298e-06,3.725290298461914e-09,0.140625,399.703125
5946,-24.1794664026986,3.5664036158193785e-06,7.450580596923828e-09,0.109375,399.8125
5947,-24.1794664026986,3.5664036144112206e-06,3.725290298461914e-09,0.03125,399.84375
5948,-24.1794664026986,3.5664036140640573e-06,1.862645149230957e-09,0.0625,399.90625
5949,-24.1794664026986,3.5664036134077597e-06,7.450580596923828e-09,0.140625,400.046875
5950,-24.1794664026986,3.566403611500343e-06,7.450580596923828e-09,0.09375,400.140625
5951,-24.1794664026986,3.5664036102237925e-06,1.4901161193847656e-08,0.140625,400.28125
5952,-24.1794664026986,3.5664036073809932e-06,1.862645149230957e-09,0.046875,400.328125
5953,-24.1794664026986,3.566403607217629e-06,3.725290298461914e-09,0.09375,400.421875
5954,-24.1794664026986,3.566403606964714e-06,1.4901161193847656e-08,0.109375,400.53125
5955,-24.1794664026986,3.566403603988369e-06,3.725290298461914e-09,0.078125,400.609375
5956,-24.1794664026986,3.566403604250586e-06,1.4901161193847656e-08,0.03125,400.640625
5957,-24.1794664026986,3.5664036037367614e-06,1.862645149230957e-09,0.046875,400.6875
5958,-24.1794664026986,3.566403603986371e-06,2.3283064365386963e-10,0.03125,400.71875
5959,-24.1794664026986,3.5664036040418657e-06,3.725290298461914e-09,0.0625,400.78125
5960,-24.1794664026986,3.566403602233715e-06,1.862645149230957e-09,0.09375,400.875
5961,-24.1794664026986,3.5664036021137027e-06,1.862645149230957e-09,0.140625,401.015625
5962,-24.1794664026986,3.5664036022360427e-06,1.862645149230957e-09,0.078125,401.09375
5963,-24.1794664026986,3.5664036021416205e-06,1.0,0.015625,401.109375
5964,-24.1794664026986,3.6086155980344773e-06,7.450580596923828e-09,0.03125,401.140625
5965,-24.1794664026986,3.608615596457536e-06,2.3283064365386963e-10,0.03125,401.171875
5966,-24.1794664026986,3.608615596490968e-06,3.725290298461914e-09,0.09375,401.265625
5967,-24.1794664026986,3.608615596706907e-06,7.450580596923828e-09,0.03125,401.296875
5968,-24.1794664026986,3.6086155940085746e-06,7.450580596923828e-09,0.109375,401.40625
5969,-24.1794664026986,3.6086155937256842e-06,3.725290298461914e-09,0.140625,401.546875
5970,-24.1794664026986,3.608615592008712e-06,7.450580596923828e-09,0.125,401.671875
5971,-24.1794664026986,3.6086155912981073e-06,9.313225746154785e-10,0.140625,401.8125
5972,-24.1794664026986,3.608615591331695e-06,1.862645149230957e-09,0.078125,401.890625
5973,-24.1794664026986,3.6086155908355663e-06,3.725290298461914e-09,0.03125,401.921875
5974,-24.1794664026986,3.6086155913321843e-06,1.862645149230957e-09,0.0625,401.984375
5975,-24.1794664026986,3.608615590525498e-06,1.862645149230957e-09,0.078125,402.0625
5976,-24.1794664026986,3.6086155906272885e-06,1.862645149230957e-09,0.09375,402.15625
5977,-24.1794664026986,3.608615590409598e-06,3.725290298461914e-09,0.03125,402.1875
5978,-24.1794664026986,3.608615589894537e-06,1.862645149230957e-09,0.0625,402.25
5979,-24.1794664026986,3.6086155897225e-06,1.862645149230957e-09,0.03125,402.28125
5980,-24.1794664026986,3.60861558974724e-06,1.862645149230957e-09,0.078125,402.359375
5981,-24.1794664026986,3.608615590018221e-06,1.862645149230957e-09,0.140625,402.5
5982,-24.1794664026986,3.608615590104603e-06,0.0625,0.046875,402.546875
5983,-24.1794664026986,3.5941084645250336e-06,1.1920928955078125e-07,0.078125,402.625
5984,-24.17946640269861,3.594108444411814e-06,9.313225746154785e-10,0.140625,402.765625
5985,-24.17946640269861,3.5941084444989276e-06,4.656612873077393e-10,0.03125,402.796875
5986,-24.17946640269861,3.5941084445254765e-06,4.656612873077393e-10,0.140625,402.9375
5987,-24.17946640269861,3.5941084445329203e-06,0.00048828125,0.03125,402.96875
5988,-24.17946640269861,3.594021201062284e-06,2.9802322387695312e-08,0.140625,403.109375
5989,-24.17946640269861,3.594021197463653e-06,1.0,0.03125,403.140625
5990,-24.17946640269861,3.636326898588191e-06,1.0,0.03125,403.171875
5991,-24.179466402698612,3.6307302863819036e-06,0.5,0.046875,403.21875
5992,-24.17946640269862,3.583450615022673e-06,0.5,0.03125,403.25
5993,-24.179466402698626,3.5391656982749975e-06,0.5,0.046875,403.296875
5994,-24.17946640269865,3.4994106804432753e-06,2.9802322387695312e-08,0.109375,403.40625
5995,-24.17946640269865,3.49941067370406e-06,0.0001220703125,0.140625,403.546875
5996,-24.179466402698658,3.4993868429757928e-06,2.9802322387695312e-08,0.03125,403.578125
5997,-24.179466402698658,3.499386835823193e-06,0.25,0.046875,403.625
5998,-24.179466402698658,3.4591515512496176e-06,1.0,0.078125,403.703125
5999,-24.17946640269866,3.5155710976530644e-06,0.015625,0.0625,403.765625
6000,-24.179466402698672,3.5124403136587854e-06,2.9802322387695312e-08,0.109375,403.875
6001,-24.179466402698676,3.512440310862788e-06,9.313225746154785e-10,0.046875,403.921875
6002,-24.179466402698676,3.512440311060931e-06,0.015625,0.03125,403.953125
6003,-24.17946640269868,3.509483074623802e-06,0.0625,0.03125,403.984375
6004,-24.179466402698683,3.4986331949864306e-06,1.9073486328125e-06,0.109375,404.09375
6005,-24.179466402698687,3.498632901885556e-06,2.9802322387695312e-08,0.078125,404.171875
6006,-24.179466402698694,3.498632894886992e-06,3.725290298461914e-09,0.09375,404.265625
6007,-24.1794664026987,3.4986328940237804e-06,9.313225746154785e-10,0.03125,404.296875
6008,-24.1794664026987,3.4986328938320007e-06,4.656612873077393e-10,0.03125,404.328125
6009,-24.1794664026987,3.4986328937849412e-06,1.862645149230957e-09,0.15625,404.484375
6010,-24.1794664026987,3.4986328934513674e-06,1.862645149230957e-09,0.125,404.609375
6011,-24.1794664026987,3.498632893639756e-06,9.313225746154785e-10,0.078125,404.6875
6012,-24.1794664026987,3.4986328937561934e-06,9.313225746154785e-10,0.109375,404.796875
6013,-24.1794664026987,3.498632893827812e-06,3.725290298461914e-09,0.015625,404.8125
6014,-24.1794664026987,3.498632893685038e-06,9.313225746154785e-10,0.109375,404.921875
6015,-24.1794664026987,3.4986328936781562e-06,9.313225746154785e-10,0.03125,404.953125
6016,-24.1794664026987,3.4986328935698897e-06,9.313225746154785e-10,0.0625,405.015625
6017,-24.1794664026987,3.4986328935718197e-06,1.862645149230957e-09,0.140625,405.15625
6018,-24.1794664026987,3.498632893504354e-06,3.725290298461914e-09,0.09375,405.25
6019,-24.1794664026987,3.498632893405199e-06,1.862645149230957e-09,0.140625,405.390625
6020,-24.1794664026987,3.498632893159118e-06,4.656612873077393e-10,0.0625,405.453125
6021,-24.1794664026987,3.4986328932360897e-06,4.656612873077393e-10,0.140625,405.59375
6022,-24.1794664026987,3.4986328934987364e-06,4.656612873077393e-10,0.046875,405.640625
6023,-24.1794664026987,3.498632893542901e-06,4.656612873077393e-10,0.046875,405.6875
6024,-24.1794664026987,3.498632893552857e-06,9.313225746154785e-10,0.03125,405.71875
6025,-24.1794664026987,3.498632893754819e-06,2.3283064365386963e-10,0.03125,405.75
6026,-24.1794664026987,3.498632893773574e-06,9.313225746154785e-10,0.109375,405.859375
6027,-24.1794664026987,3.49863289389513e-06,2.3283064365386963e-10,0.0625,405.921875
6028,-24.1794664026987,3.4986328939037452e-06,1.862645149230957e-09,0.140625,406.0625
6029,-24.1794664026987,3.4986328937628117e-06,4.656612873077393e-10,0.0625,406.125
6030,-24.1794664026987,3.498632893866919e-06,1.1641532182693481e-10,0.03125,406.15625
6031,-24.1794664026987,3.4986328939502207e-06,4.656612873077393e-10,0.140625,406.296875
6032,-24.1794664026987,3.4986328938721285e-06,1.1641532182693481e-10,0.09375,406.390625
6033,-24.1794664026987,3.4986328938721285e-06,1.1641532182693481e-10,0.125,406.515625
6034,-24.1794664026987,3.4986328938721285e-06,4.656612873077393e-10,0.0625,406.578125
6035,-24.1794664026987,3.4986328939013778e-06,2.3283064365386963e-10,0.140625,406.71875
6036,-24.1794664026987,3.4986328939213453e-06,4.656612873077393e-10,0.109375,406.828125
6037,-24.1794664026987,3.4986328938199144e-06,1.0,0.140625,406.96875
6038,-24.17946640269871,3.5816196683500854e-06,2.9802322387695312e-08,0.140625,407.109375
6039,-24.17946640269871,3.5816196632611174e-06,1.4901161193847656e-08,0.046875,407.15625
6040,-24.17946640269871,3.581619660506237e-06,7.450580596923828e-09,0.03125,407.1875
6041,-24.17946640269871,3.5816196595363493e-06,1.862645149230957e-09,0.046875,407.234375
6042,-24.17946640269871,3.581619659345515e-06,3.725290298461914e-09,0.140625,407.375
6043,-24.17946640269871,3.581619657899076e-06,1.4901161193847656e-08,0.046875,407.421875
6044,-24.17946640269871,3.581619655285683e-06,1.862645149230957e-09,0.140625,407.5625
6045,-24.17946640269871,3.581619654837979e-06,3.725290298461914e-09,0.0625,407.625
6046,-24.17946640269871,3.581619654833555e-06,4.656612873077393e-10,0.109375,407.734375
6047,-24.17946640269871,3.581619654874118e-06,7.450580596923828e-09,0.03125,407.765625
6048,-24.17946640269871,3.5816196537894717e-06,7.450580596923828e-09,0.046875,407.8125
6049,-24.17946640269871,3.5816196520233835e-06,4.656612873077393e-10,0.140625,407.953125
6050,-24.17946640269871,3.5816196521113512e-06,3.725290298461914e-09,0.078125,408.03125
6051,-24.17946640269871,3.581619652195962e-06,7.450580596923828e-09,0.03125,408.0625
6052,-24.17946640269871,3.581619651137383e-06,2.9802322387695312e-08,0.0625,408.125
6053,-24.17946640269871,3.5816196449039797e-06,9.313225746154785e-10,0.03125,408.15625
6054,-24.17946640269871,3.581619644901632e-06,5.960464477539063e-08,0.09375,408.25
6055,-24.17946640269871,3.5816196290779826e-06,2.9802322387695312e-08,0.03125,408.28125
6056,-24.17946640269871,3.581619626599062e-06,1.862645149230957e-09,0.078125,408.359375
6057,-24.17946640269871,3.581619626877814e-06,1.862645149230957e-09,0.140625,408.5
6058,-24.17946640269871,3.581619626935939e-06,1.4901161193847656e-08,0.09375,408.59375
6059,-24.17946640269871,3.581619622490449e-06,7.450580596923828e-09,0.140625,408.734375
6060,-24.17946640269871,3.581619620227921e-06,5.960464477539063e-08,0.09375,408.828125
6061,-24.17946640269871,3.581619605392708e-06,2.9802322387695312e-08,0.140625,408.96875
6062,-24.17946640269871,3.5816196006108396e-06,9.313225746154785e-10,0.0625,409.03125
6063,-24.17946640269871,3.581619600488563e-06,2.3283064365386963e-10,0.15625,409.1875
6064,-24.17946640269871,3.5816196004458465e-06,1.862645149230957e-09,0.03125,409.21875
6065,-24.17946640269871,3.581619600475806e-06,1.4901161193847656e-08,0.03125,409.25
6066,-24.17946640269871,3.5816195947952867e-06,7.450580596923828e-09,0.046875,409.296875
6067,-24.17946640269871,3.5816195939207028e-06,9.313225746154785e-10,0.140625,409.4375
6068,-24.17946640269871,3.581619593715558e-06,1.862645149230957e-09,0.046875,409.484375
6069,-24.17946640269871,3.5816195938449704e-06,9.313225746154785e-10,0.140625,409.625
6070,-24.17946640269871,3.581619593938451e-06,3.725290298461914e-09,0.109375,409.734375
6071,-24.17946640269871,3.581619594275503e-06,4.656612873077393e-10,0.140625,409.875
6072,-24.17946640269871,3.581619594216079e-06,3.725290298461914e-09,0.046875,409.921875
6073,-24.17946640269871,3.5816195941961884e-06,9.313225746154785e-10,0.125,410.046875
6074,-24.17946640269871,3.5816195945339173e-06,1.862645149230957e-09,0.140625,410.1875
6075,-24.17946640269871,3.5816195949307383e-06,3.725290298461914e-09,0.140625,410.328125
6076,-24.17946640269871,3.5816195937880227e-06,4.656612873077393e-10,0.078125,410.40625
6077,-24.17946640269871,3.5816195937523715e-06,2.9802322387695312e-08,0.0625,410.46875
6078,-24.17946640269871,3.5816195845125456e-06,1.862645149230957e-09,0.0625,410.53125
6079,-24.17946640269871,3.5816195843258418e-06,2.384185791015625e-07,0.03125,410.5625
6080,-24.17946640269871,3.58161952918088e-06,1.862645149230957e-09,0.125,410.6875
6081,-24.17946640269871,3.5816195288236814e-06,2.3283064365386963e-10,0.140625,410.828125
6082,-24.17946640269871,3.5816195288107175e-06,5.960464477539063e-08,0.046875,410.875
6083,-24.179466402698715,3.5816195109235526e-06,1.4901161193847656e-08,0.140625,411.015625
6084,-24.179466402698715,3.581619505046214e-06,1.0,0.03125,411.046875
6085,-24.179466402698722,3.6141569120482377e-06,1.1641532182693481e-10,0.125,411.171875
6086,-24.179466402698722,3.6141569120084466e-06,2.3283064365386963e-10,0.140625,411.3125
6087,-24.179466402698722,3.6141569120063574e-06,3.725290298461914e-09,0.0625,411.375
6088,-24.179466402698722,3.614156911298329e-06,9.313225746154785e-10,0.140625,411.515625
6089,-24.179466402698722,3.6141569112883297e-06,2.9802322387695312e-08,0.09375,411.609375
6090,-24.179466402698722,3.614156906108952e-06,1.1920928955078125e-07,0.140625,411.75
6091,-24.179466402698722,3.6141568743176595e-06,1.0,0.03125,411.78125
6092,-24.179466402698722,3.6366718977178514e-06,0.5,0.03125,411.8125
6093,-24.17946640269873,3.580932845425187e-06,3.725290298461914e-09,0.046875,411.859375
6094,-24.179466402698733,3.580932845498758e-06,4.656612873077393e-10,0.140625,412.0
6095,-24.179466402698733,3.5809328454648486e-06,0.5,0.03125,412.03125
6096,-24.179466402698758,3.501900959196665e-06,2.9802322387695312e-08,0.078125,412.109375
6097,-24.179466402698758,3.501900954866432e-06,2.384185791015625e-07,0.140625,412.25
6098,-24.179466402698758,3.501900905008221e-06,2.384185791015625e-07,0.03125,412.28125
6099,-24.179466402698758,3.5019008494279993e-06,4.656612873077393e-10,0.078125,412.359375
6100,-24.179466402698758,3.501900849449709e-06,1.0,0.0625,412.421875
6101,-24.179466402698758,3.513815874285785e-06,0.015625,0.03125,412.453125
6102,-24.179466402698765,3.5107855386650735e-06,9.5367431640625e-07,0.03125,412.484375
6103,-24.17946640269877,3.5107853779662013e-06,4.656612873077393e-10,0.09375,412.578125
6104,-24.17946640269877,3.5107853779237145e-06,9.313225746154785e-10,0.046875,412.625
6105,-24.17946640269877,3.510785377778791e-06,7.450580596923828e-09,0.046875,412.671875
6106,-24.17946640269877,3.510785375454419e-06,1.862645149230957e-09,0.0625,412.734375
6107,-24.17946640269877,3.5107853753863532e-06,7.450580596923828e-09,0.046875,412.78125
6108,-24.17946640269877,3.5107853754127087e-06,3.725290298461914e-09,0.0625,412.84375
6109,-24.17946640269877,3.5107853749602503e-06,0.000244140625,0.046875,412.890625
6110,-24.17946640269877,3.510744926452084e-06,1.0,0.015625,412.90625
6111,-24.17946640269878,3.544557667828061e-06,0.125,0.015625,412.921875
6112,-24.179466402698782,3.525005304976837e-06,0.5,0.140625,413.0625
6113,-24.17946640269879,3.476212038388642e-06,0.001953125,0.046875,413.109375
6114,-24.17946640269879,3.475874713271881e-06,0.03125,0.140625,413.25
6115,-24.17946640269879,3.4674202184873035e-06,9.5367431640625e-07,0.078125,413.328125
6116,-24.179466402698793,3.467420064004309e-06,2.384185791015625e-07,0.046875,413.375
6117,-24.179466402698797,3.4674200198466322e-06,3.725290298461914e-09,0.140625,413.515625
6118,-24.179466402698797,3.467420018880708e-06,7.450580596923828e-09,0.046875,413.5625
6119,-24.179466402698797,3.4674200188646513e-06,7.450580596923828e-09,0.140625,413.703125
6120,-24.179466402698797,3.467420017392537e-06,4.76837158203125e-07,0.078125,413.78125
6121,-24.179466402698797,3.4674199203044303e-06,1.0,0.140625,413.921875
6122,-24.179466402698797,3.5288225003325907e-06,1.0,0.140625,414.0625
6123,-24.179466402698804,3.5913910208345706e-06,1.0,0.140625,414.203125
6124,-24.179466402698804,3.593543388444639e-06,1.0,0.140625,414.34375
6125,-24.179466402698807,3.5842274173428368e-06,1.0,0.140625,414.484375
6126,-24.179466402698853,3.5492798829771767e-06,1.0,0.140625,414.625
6127,-24.179466402698853,3.5404998076402032e-06,1.0,0.140625,414.765625
6128,-24.17946640269886,3.548347170845058e-06,1.0,0.140625,414.90625
6129,-24.17946640269888,3.5065109381060853e-06,1.0,0.046875,414.953125
6130,-24.179466402698893,3.4929229712554355e-06,1.0,0.0625,415.015625
6131,-24.1794664026989,3.529496379047574e-06,1.0,0.046875,415.0625
6132,-24.179466402698903,3.5306631656204385e-06,1.0,0.125,415.1875
6133,-24.179466402698942,3.524199210630267e-06,0.5,0.078125,415.265625
6134,-24.179466402698953,3.432568363613265e-06,0.03125,0.078125,415.34375
6135,-24.179466402698953,3.4279234587499698e-06,0.5,0.140625,415.484375
6136,-24.17946640269896,3.3514826479821866e-06,1.0,0.125,415.609375
6137,-24.179466402698974,3.383772224052223e-06,1.0,0.140625,415.75
6138,-24.17946640269902,3.4428145672837957e-06,2.9802322387695312e-08,0.140625,415.890625
6139,-24.179466402699024,3.4428145612354274e-06,5.960464477539063e-08,0.046875,415.9375
6140,-24.179466402699024,3.4428145485251483e-06,5.960464477539063e-08,0.140625,416.078125
6141,-24.179466402699024,3.4428145363798596e-06,0.0001220703125,0.046875,416.125
6142,-24.179466402699024,3.442779072903591e-06,3.725290298461914e-09,0.078125,416.203125
6143,-24.179466402699024,3.442779072361374e-06,9.313225746154785e-10,0.03125,416.234375
6144,-24.179466402699024,3.442779072306531e-06,2.3283064365386963e-10,0.109375,416.34375
6145,-24.179466402699024,3.4427790723559866e-06,1.862645149230957e-09,0.03125,416.375
6146,-24.179466402699024,3.4427790724269836e-06,4.656612873077393e-10,0.046875,416.421875
6147,-24.179466402699024,3.442779072471325e-06,2.3283064365386963e-10,0.03125,416.453125
6148,-24.179466402699024,3.442779072450792e-06,4.656612873077393e-10,0.140625,416.59375
6149,-24.179466402699024,3.4427790725242983e-06,3.725290298461914e-09,0.046875,416.640625
6150,-24.179466402699024,3.4427790722204566e-06,1.1641532182693481e-10,0.140625,416.78125
6151,-24.179466402699024,3.4427790722294305e-06,4.656612873077393e-10,0.0625,416.84375
6152,-24.179466402699024,3.442779072174245e-06,9.313225746154785e-10,0.140625,416.984375
6153,-24.179466402699024,3.4427790720490248e-06,1.862645149230957e-09,0.03125,417.015625
6154,-24.179466402699024,3.4427790720079225e-06,9.313225746154785e-10,0.140625,417.15625
6155,-24.179466402699024,3.442779072176251e-06,2.3283064365386963e-10,0.078125,417.234375
6156,-24.179466402699024,3.4427790723227583e-06,2.3283064365386963e-10,0.078125,417.3125
6157,-24.179466402699024,3.442779072286338e-06,3.725290298461914e-09,0.171875,417.484375
6158,-24.179466402699024,3.4427790716621916e-06,5.960464477539063e-08,0.140625,417.625
6159,-24.179466402699028,3.442779062819699e-06,1.4901161193847656e-08,0.0625,417.6875
6160,-24.17946640269903,3.442779058851326e-06,3.725290298461914e-09,0.140625,417.828125
6161,-24.17946640269903,3.4427790588093954e-06,3.725290298461914e-09,0.125,417.953125
6162,-24.17946640269903,3.4427790588087915e-06,7.450580596923828e-09,0.03125,417.984375
6163,-24.17946640269903,3.4427790570951117e-06,4.656612873077393e-10,0.046875,418.03125
6164,-24.17946640269903,3.4427790572523998e-06,4.656612873077393e-10,0.0625,418.09375
6165,-24.17946640269903,3.442779057312427e-06,3.725290298461914e-09,0.03125,418.125
6166,-24.17946640269903,3.442779057182672e-06,2.9802322387695312e-08,0.0625,418.1875
6167,-24.17946640269903,3.442779048599831e-06,3.725290298461914e-09,0.078125,418.265625
6168,-24.17946640269903,3.4427790491016474e-06,3.725290298461914e-09,0.0625,418.328125
6169,-24.17946640269903,3.442779048119959e-06,9.313225746154785e-10,0.046875,418.375
6170,-24.17946640269903,3.4427790480612537e-06,4.656612873077393e-10,0.140625,418.515625
6171,-24.17946640269903,3.442779048068408e-06,4.656612873077393e-10,0.140625,418.65625
6172,-24.17946640269903,3.442779047760534e-06,7.450580596923828e-09,0.046875,418.703125
6173,-24.17946640269903,3.442779045619737e-06,2.3283064365386963e-10,0.0625,418.765625
6174,-24.17946640269903,3.4427790455616383e-06,1.1641532182693481e-10,0.078125,418.84375
6175,-24.17946640269903,3.442779045575651e-06,1.862645149230957e-09,0.0625,418.90625
6176,-24.17946640269903,3.4427790455133587e-06,1.862645149230957e-09,0.140625,419.046875
6177,-24.17946640269903,3.442779044653535e-06,1.862645149230957e-09,0.046875,419.09375
6178,-24.17946640269903,3.4427790447953484e-06,4.656612873077393e-10,0.03125,419.125
6179,-24.17946640269903,3.4427790448134444e-06,1.862645149230957e-09,0.25,419.375
6180,-24.17946640269903,3.442779044929274e-06,4.656612873077393e-10,0.125,419.5
6181,-24.17946640269903,3.4427790449184697e-06,9.313225746154785e-10,0.109375,419.609375
6182,-24.17946640269903,3.4427790451158733e-06,4.656612873077393e-10,0.078125,419.6875
6183,-24.17946640269903,3.4427790451083715e-06,9.313225746154785e-10,0.125,419.8125
6184,-24.17946640269903,3.4427790450191124e-06,4.656612873077393e-10,0.046875,419.859375
6185,-24.17946640269903,3.4427790450650094e-06,4.656612873077393e-10,0.140625,420.0
6186,-24.17946640269903,3.4427790449910015e-06,2.3283064365386963e-10,0.046875,420.046875
6187,-24.17946640269903,3.4427790449760662e-06,3.725290298461914e-09,0.046875,420.09375
6188,-24.17946640269903,3.442779044884809e-06,1.862645149230957e-09,0.15625,420.25
6189,-24.17946640269903,3.4427790450053575e-06,9.313225746154785e-10,0.15625,420.40625
6190,-24.17946640269903,3.4427790450225035e-06,9.313225746154785e-10,0.125,420.53125
6191,-24.17946640269903,3.4427790448353364e-06,9.313225746154785e-10,0.125,420.65625
6192,-24.17946640269903,3.4427790448141796e-06,3.725290298461914e-09,0.046875,420.703125
6193,-24.17946640269903,3.4427790440497235e-06,2.3283064365386963e-10,0.15625,420.859375
6194,-24.17946640269903,3.4427790439872573e-06,4.656612873077393e-10,0.125,420.984375
6195,-24.17946640269903,3.4427790440470087e-06,1.1641532182693481e-10,0.171875,421.15625
6196,-24.17946640269903,3.442779044062885e-06,2.3283064365386963e-10,0.140625,421.296875
6197,-24.17946640269903,3.44277904409853e-06,9.313225746154785e-10,0.203125,421.5
6198,-24.17946640269903,3.4427790440718865e-06,2.3283064365386963e-10,0.125,421.625
6199,-24.17946640269903,3.4427790441079e-06,9.313225746154785e-10,0.09375,421.71875
6200,-24.17946640269903,3.4427790440492186e-06,4.656612873077393e-10,0.109375,421.828125
6201,-24.17946640269903,3.442779043965849e-06,9.313225746154785e-10,0.03125,421.859375
6202,-24.17946640269903,3.4427790436849835e-06,9.313225746154785e-10,0.15625,422.015625
6203,-24.17946640269903,3.4427790436851757e-06,9.313225746154785e-10,0.125,422.140625
6204,-24.17946640269903,3.4427790437268565e-06,2.3283064365386963e-10,0.1875,422.328125
6205,-24.17946640269903,3.4427790436484454e-06,2.3283064365386963e-10,0.171875,422.5
6206,-24.17946640269903,3.4427790437275253e-06,4.656612873077393e-10,0.234375,422.734375
6207,-24.17946640269903,3.442779043611721e-06,4.656612873077393e-10,0.046875,422.78125
6208,-24.17946640269903,3.4427790436785913e-06,9.313225746154785e-10,0.046875,422.828125
6209,-24.17946640269903,3.4427790437367384e-06,9.313225746154785e-10,0.125,422.953125
6210,-24.17946640269903,3.442779043710586e-06,1.862645149230957e-09,0.140625,423.09375
6211,-24.17946640269903,3.4427790440000696e-06,4.656612873077393e-10,0.078125,423.171875
6212,-24.17946640269903,3.44277904393242e-06,4.656612873077393e-10,0.078125,423.25
6213,-24.17946640269903,3.4427790438956634e-06,1.862645149230957e-09,0.125,423.375
6214,-24.17946640269903,3.4427790438818623e-06,9.313225746154785e-10,0.140625,423.515625
6215,-24.17946640269903,3.4427790438174505e-06,9.313225746154785e-10,0.125,423.640625
6216,-24.17946640269903,3.4427790439249475e-06,4.656612873077393e-10,0.046875,423.6875
6217,-24.17946640269903,3.442779043760905e-06,2.3283064365386963e-10,0.0625,423.75
6218,-24.17946640269903,3.44277904375469e-06,1.1641532182693481e-10,0.234375,423.984375
6219,-24.17946640269903,3.44277904373022e-06,2.9802322387695312e-08,0.03125,424.015625
6220,-24.17946640269903,3.4427790383532245e-06,9.313225746154785e-10,0.15625,424.171875
6221,-24.17946640269903,3.4427790381122144e-06,3.725290298461914e-09,0.0625,424.234375
6222,-24.17946640269903,3.44277903679682e-06,4.656612873077393e-10,0.03125,424.265625
6223,-24.17946640269903,3.442779036857478e-06,1.4901161193847656e-08,0.15625,424.421875
6224,-24.17946640269903,3.4427790340570395e-06,3.725290298461914e-09,0.125,424.546875
6225,-24.17946640269903,3.442779033329337e-06,9.313225746154785e-10,0.125,424.671875
6226,-24.17946640269903,3.4427790332575285e-06,4.656612873077393e-10,0.078125,424.75
6227,-24.17946640269903,3.4427790331512364e-06,9.313225746154785e-10,0.125,424.875
6228,-24.17946640269903,3.4427790333156726e-06,2.3283064365386963e-10,0.140625,425.015625
6229,-24.17946640269903,3.442779033327386e-06,9.313225746154785e-10,0.09375,425.109375
6230,-24.17946640269903,3.442779033396757e-06,9.313225746154785e-10,0.0625,425.171875
6231,-24.17946640269903,3.4427790330863833e-06,1.862645149230957e-09,0.140625,425.3125
6232,-24.17946640269903,3.442779033021664e-06,4.656612873077393e-10,0.125,425.4375
6233,-24.17946640269903,3.442779032947152e-06,4.656612873077393e-10,0.0625,425.5
6234,-24.17946640269903,3.442779032952154e-06,9.313225746154785e-10,0.140625,425.640625
6235,-24.17946640269903,3.4427790328827295e-06,4.656612873077393e-10,0.140625,425.78125
6236,-24.17946640269903,3.442779032923501e-06,4.656612873077393e-10,0.140625,425.921875
6237,-24.17946640269903,3.4427790328537856e-06,4.656612873077393e-10,0.03125,425.953125
6238,-24.17946640269903,3.442779032950035e-06,2.3283064365386963e-10,0.078125,426.03125
6239,-24.17946640269903,3.442779032963049e-06,4.656612873077393e-10,0.140625,426.171875
6240,-24.17946640269903,3.4427790328783516e-06,9.313225746154785e-10,0.046875,426.21875
6241,-24.17946640269903,3.442779032831067e-06,4.656612873077393e-10,0.140625,426.359375
6242,-24.17946640269903,3.442779032853111e-06,4.656612873077393e-10,0.046875,426.40625
6243,-24.17946640269903,3.4427790329003694e-06,4.656612873077393e-10,0.0625,426.46875
6244,-24.17946640269903,3.4427790330503196e-06,9.313225746154785e-10,0.125,426.59375
6245,-24.17946640269903,3.442779032856613e-06,2.3283064365386963e-10,0.15625,426.75
6246,-24.17946640269903,3.4427790328792287e-06,4.656612873077393e-10,0.015625,426.765625
6247,-24.17946640269903,3.442779032885984e-06,4.656612873077393e-10,0.109375,426.875
6248,-24.17946640269903,3.4427790328208343e-06,1.862645149230957e-09,0.140625,427.015625
6249,-24.17946640269903,3.442779032730342e-06,4.656612873077393e-10,0.078125,427.09375
6250,-24.17946640269903,3.442779032583285e-06,9.313225746154785e-10,0.140625,427.234375
6251,-24.17946640269903,3.442779032506683e-06,9.313225746154785e-10,0.078125,427.3125
6252,-24.17946640269903,3.4427790323086517e-06,2.3283064365386963e-10,0.046875,427.359375
6253,-24.17946640269903,3.4427790323153623e-06,4.656612873077393e-10,0.078125,427.4375
6254,-24.17946640269903,3.4427790325057202e-06,2.3283064365386963e-10,0.078125,427.515625
6255,-24.17946640269903,3.4427790324502544e-06,9.313225746154785e-10,0.03125,427.546875
6256,-24.17946640269903,3.442779032237599e-06,1.1641532182693481e-10,0.03125,427.578125
6257,-24.17946640269903,3.4427790322334525e-06,2.3283064365386963e-10,0.046875,427.625
6258,-24.17946640269903,3.4427790322633845e-06,2.3283064365386963e-10,0.046875,427.671875
6259,-24.17946640269903,3.442779032306817e-06,1.1641532182693481e-10,0.140625,427.8125
6260,-24.17946640269903,3.44277903227015e-06,1.1641532182693481e-10,0.078125,427.890625
6261,-24.17946640269903,3.442779032254072e-06,9.313225746154785e-10,0.0625,427.953125
6262,-24.17946640269903,3.442779032383532e-06,9.313225746154785e-10,0.140625,428.09375
6263,-24.17946640269903,3.44277903241239e-06,2.3283064365386963e-10,0.046875,428.140625
6264,-24.17946640269903,3.4427790324274946e-06,7.450580596923828e-09,0.015625,428.15625
6265,-24.17946640269903,3.442779031645487e-06,1.862645149230957e-09,0.15625,428.3125
6266,-24.17946640269903,3.442779032024228e-06,1.862645149230957e-09,0.140625,428.453125
6267,-24.17946640269903,3.4427790322590223e-06,2.9802322387695312e-08,0.140625,428.59375
6268,-24.17946640269903,3.4427790277163016e-06,1.862645149230957e-09,0.140625,428.734375
6269,-24.17946640269903,3.442779027426226e-06,1.862645149230957e-09,0.046875,428.78125
6270,-24.17946640269903,3.442779027709614e-06,1.862645149230957e-09,0.140625,428.921875
6271,-24.17946640269903,3.4427790276877045e-06,1.862645149230957e-09,0.078125,429.0
6272,-24.17946640269903,3.442779027758208e-06,1.862645149230957e-09,0.140625,429.140625
6273,-24.179466402699035,3.4427790274424974e-06,9.313225746154785e-10,0.109375,429.25
6274,-24.179466402699035,3.4427790273374322e-06,2.3283064365386963e-10,0.140625,429.390625
6275,-24.179466402699035,3.4427790273768963e-06,7.450580596923828e-09,0.0625,429.453125
6276,-24.179466402699035,3.442779025289972e-06,9.313225746154785e-10,0.140625,429.59375
6277,-24.179466402699035,3.4427790250691686e-06,9.313225746154785e-10,0.09375,429.6875
6278,-24.179466402699035,3.4427790251223077e-06,9.313225746154785e-10,0.140625,429.828125
6279,-24.179466402699035,3.4427790252545744e-06,9.313225746154785e-10,0.0625,429.890625
6280,-24.179466402699035,3.442779025182765e-06,9.313225746154785e-10,0.140625,430.03125
6281,-24.179466402699035,3.442779025104937e-06,9.313225746154785e-10,0.078125,430.109375
6282,-24.179466402699035,3.4427790252191977e-06,9.313225746154785e-10,0.03125,430.140625
6283,-24.179466402699035,3.4427790250716297e-06,4.656612873077393e-10,0.09375,430.234375
6284,-24.179466402699035,3.4427790250245427e-06,1.1641532182693481e-10,0.140625,430.375
6285,-24.179466402699035,3.4427790250245427e-06,2.9103830456733704e-11,0.09375,430.46875
6286,-24.179466402699035,3.4427790250245427e-06,5.820766091346741e-11,0.125,430.59375
6287,-24.179466402699035,3.4427790250103833e-06,1.1641532182693481e-10,0.078125,430.671875
6288,-24.179466402699035,3.4427790250222112e-06,1.4551915228366852e-11,0.140625,430.8125
6289,-24.179466402699035,3.4427790250222112e-06,1.862645149230957e-09,0.140625,430.953125
6290,-24.179466402699035,3.4427790250353987e-06,2.3283064365386963e-10,0.09375,431.046875
6291,-24.179466402699035,3.442779025026722e-06,9.313225746154785e-10,0.078125,431.125
6292,-24.179466402699035,3.4427790250710503e-06,9.313225746154785e-10,0.203125,431.328125
6293,-24.179466402699035,3.442779025225452e-06,4.656612873077393e-10,0.03125,431.359375
6294,-24.179466402699035,3.442779025161268e-06,2.3283064365386963e-10,0.09375,431.453125
6295,-24.179466402699035,3.4427790252093467e-06,4.656612873077393e-10,0.140625,431.59375
6296,-24.179466402699035,3.442779025134255e-06,2.3283064365386963e-10,0.109375,431.703125
6297,-24.179466402699035,3.4427790251839636e-06,9.313225746154785e-10,0.0625,431.765625
6298,-24.179466402699035,3.442779025253631e-06,4.656612873077393e-10,0.140625,431.90625
6299,-24.179466402699035,3.442779025405574e-06,2.3283064365386963e-10,0.046875,431.953125
6300,-24.179466402699035,3.4427790254311202e-06,4.656612873077393e-10,0.03125,431.984375
6301,-24.179466402699035,3.4427790254516006e-06,2.3283064365386963e-10,0.078125,432.0625
6302,-24.179466402699035,3.442779025382823e-06,9.313225746154785e-10,0.03125,432.09375
6303,-24.179466402699035,3.4427790250348536e-06,2.3283064365386963e-10,0.140625,432.234375
6304,-24.179466402699035,3.4427790250516135e-06,1.1641532182693481e-10,0.140625,432.375
6305,-24.179466402699035,3.4427790250759377e-06,1.1641532182693481e-10,0.140625,432.515625
6306,-24.179466402699035,3.4427790250604162e-06,4.656612873077393e-10,0.125,432.640625
6307,-24.179466402699035,3.4427790251056186e-06,4.656612873077393e-10,0.09375,432.734375
6308,-24.179466402699035,3.4427790251464905e-06,9.313225746154785e-10,0.078125,432.8125
6309,-24.179466402699035,3.44277902554221e-06,4.656612873077393e-10,0.09375,432.90625
6310,-24.179466402699035,3.4427790254479122e-06,9.313225746154785e-10,0.046875,432.953125
6311,-24.179466402699035,3.442779025431343e-06,2.3283064365386963e-10,0.078125,433.03125
6312,-24.179466402699035,3.4427790253928674e-06,9.313225746154785e-10,0.0625,433.09375
6313,-24.179466402699035,3.442779025226763e-06,4.656612873077393e-10,0.125,433.21875
6314,-24.179466402699035,3.4427790252175205e-06,1.1641532182693481e-10,0.140625,433.359375
6315,-24.179466402699035,3.4427790252009348e-06,4.656612873077393e-10,0.09375,433.453125
6316,-24.179466402699035,3.442779025128664e-06,2.3283064365386963e-10,0.03125,433.484375
6317,-24.179466402699035,3.4427790250969433e-06,4.656612873077393e-10,0.078125,433.5625
6318,-24.179466402699035,3.442779025005165e-06,1.862645149230957e-09,0.0625,433.625
6319,-24.179466402699035,3.442779024286488e-06,4.656612873077393e-10,0.15625,433.78125
6320,-24.179466402699035,3.4427790243370713e-06,2.3283064365386963e-10,0.109375,433.890625
6321,-24.179466402699035,3.4427790243306423e-06,1.862645149230957e-09,0.140625,434.03125
6322,-24.179466402699035,3.4427790243683196e-06,2.3283064365386963e-10,0.046875,434.078125
6323,-24.179466402699035,3.4427790243148473e-06,9.313225746154785e-10,0.140625,434.21875
6324,-24.179466402699035,3.442779024029095e-06,9.313225746154785e-10,0.078125,434.296875
6325,-24.179466402699035,3.442779023878121e-06,1.862645149230957e-09,0.03125,434.328125
6326,-24.179466402699035,3.442779024039688e-06,9.313225746154785e-10,0.109375,434.4375
6327,-24.179466402699035,3.4427790242804658e-06,9.313225746154785e-10,0.125,434.5625
6328,-24.179466402699035,3.442779024157401e-06,4.656612873077393e-10,0.0625,434.625
6329,-24.179466402699035,3.4427790240777945e-06,4.656612873077393e-10,0.03125,434.65625
6330,-24.179466402699035,3.442779024145823e-06,4.656612873077393e-10,0.078125,434.734375
6331,-24.179466402699035,3.4427790240675924e-06,9.313225746154785e-10,0.03125,434.765625
6332,-24.179466402699035,3.442779024043389e-06,4.656612873077393e-10,0.046875,434.8125
6333,-24.179466402699035,3.442779024065106e-06,2.3283064365386963e-10,0.0625,434.875
6334,-24.179466402699035,3.4427790240615086e-06,4.656612873077393e-10,0.046875,434.921875
6335,-24.179466402699035,3.442779024021352e-06,4.656612873077393e-10,0.03125,434.953125
6336,-24.179466402699035,3.4427790239652e-06,4.656612873077393e-10,0.03125,434.984375
6337,-24.179466402699035,3.4427790241601668e-06,9.313225746154785e-10,0.078125,435.0625
6338,-24.179466402699035,3.442779024080638e-06,4.656612873077393e-10,0.125,435.1875
6339,-24.179466402699035,3.4427790240351138e-06,4.656612873077393e-10,0.109375,435.296875
6340,-24.179466402699035,3.442779024203138e-06,4.656612873077393e-10,0.03125,435.328125
6341,-24.179466402699035,3.4427790241760376e-06,9.313225746154785e-10,0.046875,435.375
6342,-24.179466402699035,3.44277902412597e-06,4.656612873077393e-10,0.09375,435.46875
6343,-24.179466402699035,3.4427790240738223e-06,4.656612873077393e-10,0.09375,435.5625
6344,-24.179466402699035,3.4427790241893907e-06,4.656612873077393e-10,0.0625,435.625
6345,-24.179466402699035,3.4427790243181816e-06,2.3283064365386963e-10,0.140625,435.765625
6346,-24.179466402699035,3.4427790242430383e-06,4.656612873077393e-10,0.125,435.890625
6347,-24.179466402699035,3.4427790242401356e-06,4.656612873077393e-10,0.140625,436.03125
6348,-24.179466402699035,3.442779024208112e-06,9.313225746154785e-10,0.046875,436.078125
6349,-24.179466402699035,3.4427790241151004e-06,9.313225746154785e-10,0.140625,436.21875
6350,-24.179466402699035,3.4427790242957755e-06,4.656612873077393e-10,0.109375,436.328125
6351,-24.179466402699035,3.4427790243496616e-06,2.3283064365386963e-10,0.0625,436.390625
6352,-24.179466402699035,3.4427790244349337e-06,4.656612873077393e-10,0.078125,436.46875
6353,-24.179466402699035,3.442779024243801e-06,4.656612873077393e-10,0.0625,436.53125
6354,-24.179466402699035,3.4427790241235512e-06,4.656612873077393e-10,0.078125,436.609375
6355,-24.179466402699035,3.4427790242010823e-06,2.3283064365386963e-10,0.140625,436.75
6356,-24.179466402699035,3.4427790241548343e-06,2.3283064365386963e-10,0.0625,436.8125
6357,-24.179466402699035,3.4427790241683305e-06,4.656612873077393e-10,0.140625,436.953125
6358,-24.179466402699035,3.442779024149103e-06,2.3283064365386963e-10,0.109375,437.0625
6359,-24.179466402699035,3.442779024216112e-06,2.3283064365386963e-10,0.03125,437.09375
6360,-24.179466402699035,3.4427790241908078e-06,2.3283064365386963e-10,0.078125,437.171875
6361,-24.179466402699035,3.44277902421382e-06,4.656612873077393e-10,0.03125,437.203125
6362,-24.179466402699035,3.4427790241448054e-06,2.3283064365386963e-10,0.03125,437.234375
6363,-24.179466402699035,3.4427790240965847e-06,4.656612873077393e-10,0.0625,437.296875
6364,-24.179466402699035,3.442779024162575e-06,4.656612873077393e-10,0.03125,437.328125
6365,-24.179466402699035,3.44277902423288e-06,4.656612873077393e-10,0.046875,437.375
6366,-24.179466402699035,3.4427790242098203e-06,1.862645149230957e-09,0.03125,437.40625
6367,-24.179466402699035,3.4427790241010405e-06,4.656612873077393e-10,0.109375,437.515625
6368,-24.179466402699035,3.4427790243009695e-06,2.3283064365386963e-10,0.03125,437.546875
6369,-24.179466402699035,3.4427790243020312e-06,4.656612873077393e-10,0.09375,437.640625
6370,-24.179466402699035,3.442779024264747e-06,2.3283064365386963e-10,0.046875,437.6875
6371,-24.179466402699035,3.442779024178039e-06,1.862645149230957e-09,0.046875,437.734375
6372,-24.179466402699035,3.442779024238288e-06,2.3283064365386963e-10,0.140625,437.875
6373,-24.179466402699035,3.4427790242579703e-06,4.656612873077393e-10,0.140625,438.015625
6374,-24.179466402699035,3.4427790242436647e-06,1.1641532182693481e-10,0.046875,438.0625
6375,-24.179466402699035,3.442779024238232e-06,4.656612873077393e-10,0.140625,438.203125
6376,-24.179466402699035,3.442779024310407e-06,4.656612873077393e-10,0.09375,438.296875
6377,-24.179466402699035,3.4427790243567576e-06,4.656612873077393e-10,0.140625,438.4375
6378,-24.179466402699035,3.4427790243789795e-06,4.656612873077393e-10,0.171875,438.609375
6379,-24.179466402699035,3.442779024328122e-06,4.656612873077393e-10,0.03125,438.640625
6380,-24.179466402699035,3.4427790244397385e-06,9.313225746154785e-10,0.078125,438.71875
6381,-24.179466402699035,3.4427790243715925e-06,9.313225746154785e-10,0.03125,438.75
6382,-24.179466402699035,3.44277902405247e-06,4.656612873077393e-10,0.046875,438.796875
6383,-24.179466402699035,3.4427790240870907e-06,4.656612873077393e-10,0.03125,438.828125
6384,-24.179466402699035,3.44277902404014e-06,9.313225746154785e-10,0.09375,438.921875
6385,-24.179466402699035,3.4427790240137474e-06,4.656612873077393e-10,0.046875,438.96875
6386,-24.179466402699035,3.4427790240267383e-06,1.862645149230957e-09,0.109375,439.078125
6387,-24.179466402699035,3.442779024328315e-06,4.656612873077393e-10,0.0625,439.140625
6388,-24.179466402699035,3.4427790243071448e-06,1.1641532182693481e-10,0.09375,439.234375
6389,-24.179466402699035,3.442779024309596e-06,1.1641532182693481e-10,0.046875,439.28125
6390,-24.179466402699035,3.442779024308288e-06,1.1641532182693481e-10,0.140625,439.421875
6391,-24.179466402699035,3.4427790243149214e-06,4.656612873077393e-10,0.078125,439.5
6392,-24.179466402699035,3.4427790243088033e-06,2.3283064365386963e-10,0.0625,439.5625
6393,-24.179466402699035,3.4427790243155753e-06,2.3283064365386963e-10,0.078125,439.640625
6394,-24.179466402699035,3.4427790242528677e-06,2.3283064365386963e-10,0.09375,439.734375
6395,-24.179466402699035,3.442779024238907e-06,2.3283064365386963e-10,0.03125,439.765625
6396,-24.179466402699035,3.4427790242252346e-06,9.313225746154785e-10,0.109375,439.875
6397,-24.179466402699035,3.4427790243720567e-06,4.656612873077393e-10,0.03125,439.90625
6398,-24.179466402699035,3.4427790242605025e-06,1.862645149230957e-09,0.046875,439.953125
6399,-24.179466402699035,3.4427790239424136e-06,9.313225746154785e-10,0.03125,439.984375
6400,-24.179466402699035,3.4427790238159855e-06,1.1641532182693481e-10,0.03125,440.015625
6401,-24.179466402699035,3.4427790238159855e-06,2.3283064365386963e-10,0.046875,440.0625
6402,-24.179466402699035,3.4427790237956576e-06,2.3283064365386963e-10,0.140625,440.203125
6403,-24.179466402699035,3.4427790237637295e-06,2.3283064365386963e-10,0.078125,440.28125
6404,-24.179466402699035,3.4427790237577863e-06,2.3283064365386963e-10,0.140625,440.421875
6405,-24.179466402699035,3.442779023667919e-06,2.3283064365386963e-10,0.046875,440.46875
6406,-24.179466402699035,3.4427790236772784e-06,2.3283064365386963e-10,0.0625,440.53125
6407,-24.179466402699035,3.442779023675062e-06,2.3283064365386963e-10,0.0625,440.59375
6408,-24.179466402699035,3.4427790237594173e-06,2.3283064365386963e-10,0.046875,440.640625
6409,-24.179466402699035,3.442779023712453e-06,1.1641532182693481e-10,0.078125,440.71875
6410,-24.179466402699035,3.4427790237186487e-06,2.3283064365386963e-10,0.046875,440.765625
6411,-24.179466402699035,3.4427790236347387e-06,2.3283064365386963e-10,0.140625,440.90625
6412,-24.179466402699035,3.442779023712803e-06,2.3283064365386963e-10,0.046875,440.953125
6413,-24.179466402699035,3.4427790236383835e-06,2.3283064365386963e-10,0.140625,441.09375
6414,-24.179466402699035,3.4427790237130642e-06,4.656612873077393e-10,0.078125,441.171875
6415,-24.179466402699035,3.442779023731826e-06,2.3283064365386963e-10,0.140625,441.3125
6416,-24.179466402699035,3.442779023743548e-06,2.3283064365386963e-10,0.0625,441.375
6417,-24.179466402699035,3.442779023740903e-06,4.656612873077393e-10,0.140625,441.515625
6418,-24.179466402699035,3.44277902371479e-06,1.1641532182693481e-10,0.09375,441.609375
6419,-24.179466402699035,3.442779023741087e-06,2.3283064365386963e-10,0.03125,441.640625
6420,-24.179466402699035,3.4427790236756995e-06,4.656612873077393e-10,0.140625,441.78125
6421,-24.179466402699035,3.4427790237457347e-06,2.3283064365386963e-10,0.078125,441.859375
6422,-24.179466402699035,3.4427790237321466e-06,9.313225746154785e-10,0.046875,441.90625
6423,-24.179466402699035,3.4427790237103245e-06,9.313225746154785e-10,0.109375,442.015625
6424,-24.179466402699035,3.442779023841328e-06,1.1641532182693481e-10,0.125,442.140625
6425,-24.179466402699035,3.442779023850991e-06,9.313225746154785e-10,0.0625,442.203125
6426,-24.179466402699035,3.4427790238706975e-06,2.3283064365386963e-10,0.078125,442.28125
6427,-24.179466402699035,3.4427790238789226e-06,3.725290298461914e-09,0.140625,442.421875
6428,-24.179466402699035,3.4427790224258715e-06,9.313225746154785e-10,0.078125,442.5
6429,-24.179466402699035,3.4427790224818942e-06,1.862645149230957e-09,0.140625,442.640625
6430,-24.179466402699035,3.442779022507904e-06,7.450580596923828e-09,0.0625,442.703125
6431,-24.179466402699035,3.44277902065323e-06,9.313225746154785e-10,0.140625,442.84375
6432,-24.179466402699035,3.442779020770198e-06,9.313225746154785e-10,0.09375,442.9375
6433,-24.179466402699035,3.442779020636605e-06,9.313225746154785e-10,0.140625,443.078125
6434,-24.179466402699035,3.4427790207270728e-06,9.313225746154785e-10,0.078125,443.15625
6435,-24.179466402699035,3.442779020737533e-06,9.313225746154785e-10,0.03125,443.1875
6436,-24.179466402699035,3.442779020386064e-06,9.313225746154785e-10,0.0625,443.25
6437,-24.179466402699035,3.4427790202778027e-06,9.313225746154785e-10,0.03125,443.28125
6438,-24.179466402699035,3.442779020241692e-06,4.656612873077393e-10,0.140625,443.421875
6439,-24.179466402699035,3.4427790201373676e-06,9.313225746154785e-10,0.09375,443.515625
6440,-24.179466402699035,3.4427790200911607e-06,9.313225746154785e-10,0.03125,443.546875
6441,-24.179466402699035,3.442779019868413e-06,2.3283064365386963e-10,0.078125,443.625
6442,-24.179466402699035,3.4427790198634803e-06,9.313225746154785e-10,0.0625,443.6875
6443,-24.179466402699035,3.442779019969077e-06,4.656612873077393e-10,0.15625,443.84375
6444,-24.179466402699035,3.4427790199716574e-06,1.862645149230957e-09,0.140625,443.984375
6445,-24.179466402699035,3.4427790196364437e-06,4.656612873077393e-10,0.046875,444.03125
6446,-24.179466402699035,3.4427790195558977e-06,4.656612873077393e-10,0.03125,444.0625
6447,-24.179466402699035,3.442779019504806e-06,1.4551915228366852e-11,0.203125,444.265625
6448,-24.179466402699035,3.442779019504806e-06,1.1641532182693481e-10,0.0625,444.328125
6449,-24.179466402699035,3.4427790194922372e-06,4.656612873077393e-10,0.03125,444.359375
6450,-24.179466402699035,3.442779019508295e-06,9.313225746154785e-10,0.078125,444.4375
6451,-24.179466402699035,3.4427790194742268e-06,4.656612873077393e-10,0.03125,444.46875
6452,-24.179466402699035,3.442779019483081e-06,2.3283064365386963e-10,0.171875,444.640625
6453,-24.179466402699035,3.442779019461306e-06,2.3283064365386963e-10,0.078125,444.71875
6454,-24.179466402699035,3.4427790194399766e-06,1.1641532182693481e-10,0.046875,444.765625
6455,-24.179466402699035,3.442779019428327e-06,2.3283064365386963e-10,0.046875,444.8125
6456,-24.179466402699035,3.4427790194649674e-06,4.656612873077393e-10,0.078125,444.890625
6457,-24.179466402699035,3.4427790194659724e-06,3.725290298461914e-09,0.078125,444.96875
6458,-24.179466402699035,3.442779018749869e-06,2.3283064365386963e-10,0.125,445.09375
6459,-24.179466402699035,3.4427790187237594e-06,4.656612873077393e-10,0.140625,445.234375
6460,-24.179466402699035,3.4427790187561076e-06,2.3283064365386963e-10,0.078125,445.3125
6461,-24.179466402699035,3.4427790187558767e-06,4.656612873077393e-10,0.140625,445.453125
6462,-24.179466402699035,3.4427790187728064e-06,4.656612873077393e-10,0.109375,445.5625
6463,-24.179466402699035,3.4427790187759997e-06,2.3283064365386963e-10,0.140625,445.703125
6464,-24.179466402699035,3.442779018744637e-06,4.656612873077393e-10,0.046875,445.75
6465,-24.179466402699035,3.4427790187965208e-06,4.656612873077393e-10,0.140625,445.890625
6466,-24.179466402699035,3.4427790188373156e-06,4.656612873077393e-10,0.078125,445.96875
6467,-24.179466402699035,3.4427790188892438e-06,2.3283064365386963e-10,0.140625,446.109375
6468,-24.179466402699035,3.4427790188743394e-06,2.3283064365386963e-10,0.125,446.234375
6469,-24.179466402699035,3.442779018914635e-06,4.656612873077393e-10,0.03125,446.265625
6470,-24.179466402699035,3.4427790188829516e-06,4.656612873077393e-10,0.046875,446.3125
6471,-24.179466402699035,3.4427790189111955e-06,4.656612873077393e-10,0.109375,446.421875
6472,-24.179466402699035,3.442779019074362e-06,9.313225746154785e-10,0.03125,446.453125
6473,-24.179466402699035,3.442779018800259e-06,2.3283064365386963e-10,0.0625,446.515625
6474,-24.179466402699035,3.442779018859863e-06,1.862645149230957e-09,0.140625,446.65625
6475,-24.179466402699035,3.442779018419071e-06,1.4551915228366852e-11,0.09375,446.75
6476,-24.179466402699035,3.442779018419071e-06,2.9103830456733704e-11,0.046875,446.796875
6477,-24.179466402699035,3.442779018419071e-06,4.656612873077393e-10,0.078125,446.875
6478,-24.179466402699035,3.44277901836811e-06,9.313225746154785e-10,0.140625,447.015625
6479,-24.179466402699035,3.442779018403282e-06,4.656612873077393e-10,0.09375,447.109375
6480,-24.179466402699035,3.4427790183539452e-06,4.656612873077393e-10,0.03125,447.140625
6481,-24.179466402699035,3.4427790182536946e-06,1.862645149230957e-09,0.046875,447.1875
6482,-24.179466402699035,3.4427790183909567e-06,2.3283064365386963e-10,0.15625,447.34375
6483,-24.179466402699035,3.4427790183985487e-06,2.3283064365386963e-10,0.078125,447.421875
6484,-24.179466402699035,3.442779018371809e-06,4.656612873077393e-10,0.046875,447.46875
6485,-24.179466402699035,3.4427790183253197e-06,2.3283064365386963e-10,0.140625,447.609375
6486,-24.179466402699035,3.442779018350216e-06,9.313225746154785e-10,0.09375,447.703125
6487,-24.179466402699035,3.442779018403328e-06,4.656612873077393e-10,0.140625,447.84375
6488,-24.179466402699035,3.442779018526962e-06,5.820766091346741e-11,0.046875,447.890625
6489,-24.179466402699035,3.442779018526962e-06,1.4551915228366852e-11,0.078125,447.96875
6490,-24.179466402699035,3.442779018526962e-06,2.9103830456733704e-11,0.140625,448.109375
6491,-24.179466402699035,3.442779018526962e-06,1.862645149230957e-09,0.109375,448.21875
6492,-24.179466402699035,3.4427790184542504e-06,4.656612873077393e-10,0.140625,448.359375
6493,-24.179466402699035,3.442779018359322e-06,4.656612873077393e-10,0.140625,448.5
6494,-24.179466402699035,3.4427790184288437e-06,9.313225746154785e-10,0.140625,448.640625
6495,-24.179466402699035,3.4427790183594886e-06,1.1641532182693481e-10,0.109375,448.75
6496,-24.179466402699035,3.442779018326068e-06,4.656612873077393e-10,0.140625,448.890625
6497,-24.179466402699035,3.4427790184141455e-06,1.1641532182693481e-10,0.078125,448.96875
6498,-24.179466402699035,3.4427790184141455e-06,2.3283064365386963e-10,0.03125,449.0
6499,-24.179466402699035,3.4427790184365585e-06,4.656612873077393e-10,0.03125,449.03125
6500,-24.179466402699035,3.4427790184756643e-06,1.1641532182693481e-10,0.03125,449.0625
6501,-24.179466402699035,3.4427790184756643e-06,2.3283064365386963e-10,0.046875,449.109375
6502,-24.179466402699035,3.442779018460871e-06,1.1641532182693481e-10,0.03125,449.140625
6503,-24.179466402699035,3.4427790184566916e-06,2.3283064365386963e-10,0.09375,449.234375
6504,-24.179466402699035,3.442779018457507e-06,1.1641532182693481e-10,0.09375,449.328125
6505,-24.179466402699035,3.4427790184536486e-06,5.820766091346741e-11,0.046875,449.375
6506,-24.179466402699035,3.4427790184553838e-06,5.820766091346741e-11,0.078125,449.453125
6507,-24.179466402699035,3.4427790184553838e-06,1.1641532182693481e-10,0.140625,449.59375
6508,-24.179466402699035,3.442779018450779e-06,1.1641532182693481e-10,0.0625,449.65625
6509,-24.179466402699035,3.442779018459179e-06,2.3283064365386963e-10,0.03125,449.6875
6510,-24.179466402699035,3.4427790184832304e-06,1.1641532182693481e-10,0.109375,449.796875
6511,-24.179466402699035,3.442779018476112e-06,5.820766091346741e-11,0.0625,449.859375
6512,-24.179466402699035,3.442779018483248e-06,5.820766091346741e-11,0.140625,450.0
6513,-24.179466402699035,3.442779018483248e-06,1.1641532182693481e-10,0.03125,450.03125
6514,-24.179466402699035,3.4427790184868824e-06,1.1641532182693481e-10,0.15625,450.1875
6515,-24.179466402699035,3.442779018484012e-06,4.656612873077393e-10,0.015625,450.203125
6516,-24.179466402699035,3.4427790184276256e-06,5.820766091346741e-11,0.0625,450.265625
6517,-24.179466402699035,3.4427790184218574e-06,3.725290298461914e-09,0.109375,450.375
6518,-24.179466402699035,3.4427790181393393e-06,1.862645149230957e-09,0.171875,450.546875
6519,-24.179466402699035,3.44277901850083e-06,9.313225746154785e-10,0.03125,450.578125
6520,-24.179466402699035,3.442779018535271e-06,2.3283064365386963e-10,0.0625,450.640625
6521,-24.179466402699035,3.4427790184467517e-06,2.3283064365386963e-10,0.109375,450.75
6522,-24.179466402699035,3.4427790184595804e-06,2.3283064365386963e-10,0.09375,450.84375
6523,-24.179466402699035,3.442779018359141e-06,4.656612873077393e-10,0.078125,450.921875
6524,-24.179466402699035,3.4427790183786705e-06,4.656612873077393e-10,0.109375,451.03125
6525,-24.179466402699035,3.442779018350269e-06,3.725290298461914e-09,0.0625,451.09375
6526,-24.179466402699035,3.4427790178344104e-06,2.3283064365386963e-10,0.078125,451.171875
6527,-24.179466402699035,3.4427790178948673e-06,9.313225746154785e-10,0.140625,451.3125
6528,-24.179466402699035,3.4427790178139227e-06,9.313225746154785e-10,0.046875,451.359375
6529,-24.179466402699035,3.4427790176845846e-06,1.862645149230957e-09,0.140625,451.5
6530,-24.179466402699035,3.4427790179362864e-06,1.862645149230957e-09,0.140625,451.640625
6531,-24.179466402699035,3.4427790179650732e-06,4.656612873077393e-10,0.140625,451.78125
6532,-24.179466402699035,3.4427790180125744e-06,9.313225746154785e-10,0.109375,451.890625
6533,-24.179466402699035,3.4427790179862817e-06,9.313225746154785e-10,0.140625,452.03125
6534,-24.179466402699035,3.442779017720692e-06,4.656612873077393e-10,0.0625,452.09375
6535,-24.179466402699035,3.4427790176333095e-06,4.656612873077393e-10,0.140625,452.234375
6536,-24.179466402699035,3.4427790175396518e-06,4.656612873077393e-10,0.0625,452.296875
6537,-24.179466402699035,3.4427790175848215e-06,9.313225746154785e-10,0.0625,452.359375
6538,-24.179466402699035,3.442779017608672e-06,4.656612873077393e-10,0.0625,452.421875
6539,-24.179466402699035,3.4427790174875152e-06,9.313225746154785e-10,0.140625,452.5625
6540,-24.179466402699035,3.4427790175541136e-06,9.313225746154785e-10,0.125,452.6875
6541,-24.179466402699035,3.442779017516229e-06,4.656612873077393e-10,0.0625,452.75
6542,-24.179466402699035,3.4427790174500853e-06,4.656612873077393e-10,0.125,452.875
6543,-24.179466402699035,3.4427790175100272e-06,4.656612873077393e-10,0.046875,452.921875
6544,-24.179466402699035,3.4427790173557707e-06,9.313225746154785e-10,0.046875,452.96875
6545,-24.179466402699035,3.4427790173546827e-06,4.656612873077393e-10,0.140625,453.109375
6546,-24.179466402699035,3.442779017452419e-06,9.313225746154785e-10,0.046875,453.15625
6547,-24.179466402699035,3.442779017537083e-06,2.3283064365386963e-10,0.078125,453.234375
6548,-24.179466402699035,3.4427790174705343e-06,2.9802322387695312e-08,0.078125,453.3125
6549,-24.179466402699035,3.442779013852256e-06,4.656612873077393e-10,0.03125,453.34375
6550,-24.179466402699035,3.4427790138342545e-06,1.862645149230957e-09,0.0625,453.40625
6551,-24.179466402699035,3.4427790138054943e-06,3.725290298461914e-09,0.09375,453.5
6552,-24.179466402699035,3.442779013429028e-06,3.725290298461914e-09,0.046875,453.546875
6553,-24.179466402699035,3.4427790122889356e-06,4.656612873077393e-10,0.140625,453.6875
6554,-24.179466402699035,3.4427790122170475e-06,1.862645149230957e-09,0.140625,453.828125
6555,-24.179466402699035,3.442779011833274e-06,4.656612873077393e-10,0.140625,453.96875
6556,-24.179466402699035,3.4427790117328746e-06,9.313225746154785e-10,0.046875,454.015625
6557,-24.179466402699035,3.44277901162504e-06,3.725290298461914e-09,0.078125,454.09375
6558,-24.179466402699035,3.4427790119986994e-06,7.450580596923828e-09,0.046875,454.140625
6559,-24.179466402699035,3.442779009356686e-06,1.862645149230957e-09,0.0625,454.203125
6560,-24.179466402699035,3.4427790094660823e-06,1.862645149230957e-09,0.125,454.328125
6561,-24.179466402699035,3.442779009510446e-06,3.725290298461914e-09,0.046875,454.375
6562,-24.179466402699035,3.4427790088731126e-06,4.656612873077393e-10,0.125,454.5
6563,-24.179466402699035,3.442779008739994e-06,4.656612873077393e-10,0.140625,454.640625
6564,-24.179466402699035,3.4427790086573623e-06,9.313225746154785e-10,0.109375,454.75
6565,-24.179466402699035,3.4427790084820502e-06,7.450580596923828e-09,0.0625,454.8125
6566,-24.179466402699035,3.4427790081063623e-06,9.313225746154785e-10,0.140625,454.953125
6567,-24.179466402699035,3.4427790078197213e-06,9.313225746154785e-10,0.109375,455.0625
6568,-24.179466402699035,3.4427790079350575e-06,9.313225746154785e-10,0.0625,455.125
6569,-24.179466402699035,3.4427790078794087e-06,2.3283064365386963e-10,0.0625,455.1875
6570,-24.179466402699035,3.442779007840054e-06,4.656612873077393e-10,0.046875,455.234375
6571,-24.179466402699035,3.442779007923178e-06,1.4901161193847656e-08,0.09375,455.328125
6572,-24.179466402699035,3.442779003747126e-06,9.313225746154785e-10,0.140625,455.46875
6573,-24.179466402699035,3.442779003675252e-06,3.725290298461914e-09,0.140625,455.609375
6574,-24.179466402699035,3.4427790037267357e-06,1.862645149230957e-09,0.125,455.734375
6575,-24.179466402699035,3.4427790037800776e-06,1.862645149230957e-09,0.09375,455.828125
6576,-24.179466402699035,3.442779003582845e-06,9.313225746154785e-10,0.078125,455.90625
6577,-24.179466402699035,3.4427790036120546e-06,4.656612873077393e-10,0.140625,456.046875
6578,-24.179466402699035,3.4427790034877708e-06,1.862645149230957e-09,0.046875,456.09375
6579,-24.179466402699035,3.442779003060465e-06,1.862645149230957e-09,0.03125,456.125
6580,-24.179466402699035,3.442779003186661e-06,3.725290298461914e-09,0.109375,456.234375
6581,-24.179466402699035,3.442779001951992e-06,7.450580596923828e-09,0.109375,456.34375
6582,-24.179466402699035,3.4427790013240213e-06,3.725290298461914e-09,0.109375,456.453125
6583,-24.179466402699035,3.442779001857963e-06,1.862645149230957e-09,0.078125,456.53125
6584,-24.179466402699035,3.442779001478865e-06,3.725290298461914e-09,0.015625,456.546875
6585,-24.179466402699035,3.4427790010488584e-06,9.313225746154785e-10,0.046875,456.59375
6586,-24.179466402699035,3.442779001186531e-06,1.862645149230957e-09,0.140625,456.734375
6587,-24.179466402699035,3.4427790010615774e-06,1.862645149230957e-09,0.046875,456.78125
6588,-24.179466402699035,3.4427790010471114e-06,9.313225746154785e-10,0.140625,456.921875
6589,-24.179466402699035,3.442779001202083e-06,1.862645149230957e-09,0.109375,457.03125
6590,-24.179466402699035,3.4427790009389758e-06,7.450580596923828e-09,0.140625,457.171875
6591,-24.179466402699035,3.4427789993950465e-06,9.313225746154785e-10,0.125,457.296875
6592,-24.179466402699035,3.442778999471744e-06,3.725290298461914e-09,0.140625,457.4375
6593,-24.179466402699035,3.442778998984324e-06,1.862645149230957e-09,0.046875,457.484375
6594,-24.179466402699035,3.442778998677656e-06,9.313225746154785e-10,0.046875,457.53125
6595,-24.179466402699035,3.4427789986476534e-06,3.725290298461914e-09,0.140625,457.671875
6596,-24.179466402699035,3.4427789983435423e-06,1.862645149230957e-09,0.109375,457.78125
6597,-24.179466402699035,3.4427789986094467e-06,3.725290298461914e-09,0.140625,457.921875
6598,-24.179466402699035,3.442778997509504e-06,3.725290298461914e-09,0.0625,457.984375
6599,-24.179466402699035,3.442778998501679e-06,1.862645149230957e-09,0.140625,458.125
6600,-24.179466402699035,3.4427789983807745e-06,3.725290298461914e-09,0.109375,458.234375
6601,-24.179466402699035,3.4427789980069047e-06,3.725290298461914e-09,0.03125,458.265625
6602,-24.179466402699035,3.4427789957741136e-06,9.313225746154785e-10,0.0625,458.328125
6603,-24.179466402699035,3.442778995675588e-06,7.450580596923828e-09,0.078125,458.40625
6604,-24.179466402699035,3.4427789953971263e-06,9.313225746154785e-10,0.0625,458.46875
6605,-24.179466402699035,3.442778995093358e-06,4.656612873077393e-10,0.140625,458.609375
6606,-24.179466402699035,3.442778995070833e-06,9.313225746154785e-10,0.125,458.734375
6607,-24.179466402699035,3.4427789950131443e-06,1.862645149230957e-09,0.0625,458.796875
6608,-24.179466402699035,3.442778995534731e-06,3.725290298461914e-09,0.109375,458.90625
6609,-24.179466402699035,3.442778994865742e-06,9.313225746154785e-10,0.140625,459.046875
6610,-24.179466402699035,3.442778995133628e-06,9.313225746154785e-10,0.109375,459.15625
6611,-24.179466402699035,3.442778995063013e-06,1.862645149230957e-09,0.140625,459.296875
6612,-24.179466402699035,3.4427789950622883e-06,1.1641532182693481e-10,0.140625,459.4375
6613,-24.179466402699035,3.442778995049916e-06,3.725290298461914e-09,0.03125,459.46875
6614,-24.179466402699035,3.4427789948272887e-06,3.725290298461914e-09,0.109375,459.578125
6615,-24.179466402699035,3.442778993956395e-06,1.862645149230957e-09,0.140625,459.71875
6616,-24.179466402699035,3.442778993914043e-06,4.656612873077393e-10,0.0625,459.78125
6617,-24.179466402699035,3.4427789938721926e-06,1.862645149230957e-09,0.140625,459.921875
6618,-24.179466402699035,3.4427789938771223e-06,1.862645149230957e-09,0.0625,459.984375
6619,-24.179466402699035,3.4427789936416535e-06,9.313225746154785e-10,0.140625,460.125
6620,-24.179466402699035,3.4427789934684594e-06,3.725290298461914e-09,0.140625,460.265625
6621,-24.179466402699035,3.442778992907452e-06,2.3283064365386963e-10,0.0625,460.328125
6622,-24.179466402699035,3.4427789929513467e-06,4.656612873077393e-10,0.109375,460.4375
6623,-24.179466402699035,3.4427789928825104e-06,9.313225746154785e-10,0.140625,460.578125
6624,-24.179466402699035,3.4427789926812554e-06,2.3283064365386963e-10,0.03125,460.609375
6625,-24.179466402699035,3.442778992684746e-06,9.313225746154785e-10,0.140625,460.75
6626,-24.179466402699035,3.4427789926384557e-06,4.656612873077393e-10,0.0625,460.8125
6627,-24.179466402699035,3.442778992627815e-06,4.656612873077393e-10,0.140625,460.953125
6628,-24.179466402699035,3.442778992589094e-06,1.862645149230957e-09,0.0625,461.015625
6629,-24.179466402699035,3.442778992237235e-06,4.656612873077393e-10,0.03125,461.046875
6630,-24.179466402699035,3.442778992323627e-06,4.656612873077393e-10,0.0625,461.109375
6631,-24.179466402699035,3.4427789922363848e-06,4.656612873077393e-10,0.078125,461.1875
6632,-24.179466402699035,3.442778992256028e-06,3.725290298461914e-09,0.140625,461.328125
6633,-24.179466402699035,3.4427789920588454e-06,9.313225746154785e-10,0.046875,461.375
6634,-24.179466402699035,3.4427789919057006e-06,4.656612873077393e-10,0.09375,461.46875
6635,-24.179466402699035,3.4427789918913463e-06,2.3283064365386963e-10,0.046875,461.515625
6636,-24.179466402699035,3.442778991945452e-06,9.313225746154785e-10,0.03125,461.546875
6637,-24.179466402699035,3.4427789920292577e-06,4.656612873077393e-10,0.09375,461.640625
6638,-24.179466402699035,3.442778991911154e-06,3.725290298461914e-09,0.078125,461.71875
6639,-24.179466402699035,3.442778991941055e-06,9.313225746154785e-10,0.140625,461.859375
6640,-24.179466402699035,3.442778991810131e-06,1.862645149230957e-09,0.09375,461.953125
6641,-24.179466402699035,3.442778992221032e-06,9.313225746154785e-10,0.140625,462.09375
6642,-24.179466402699035,3.442778992240091e-06,9.313225746154785e-10,0.078125,462.171875
6643,-24.179466402699035,3.442778991843416e-06,9.313225746154785e-10,0.140625,462.3125
6644,-24.179466402699035,3.4427789919129207e-06,9.313225746154785e-10,0.125,462.4375
6645,-24.179466402699035,3.4427789917028197e-06,9.313225746154785e-10,0.140625,462.578125
6646,-24.179466402699035,3.442778991868554e-06,9.313225746154785e-10,0.0625,462.640625
6647,-24.179466402699035,3.442778991952156e-06,9.313225746154785e-10,0.140625,462.78125
6648,-24.179466402699035,3.4427789918669878e-06,4.656612873077393e-10,0.046875,462.828125
6649,-24.179466402699035,3.44277899176006e-06,1.1641532182693481e-10,0.140625,462.96875
6650,-24.179466402699035,3.44277899176006e-06,2.3283064365386963e-10,0.125,463.09375
6651,-24.179466402699035,3.4427789916885184e-06,4.656612873077393e-10,0.046875,463.140625
6652,-24.179466402699035,3.442778991873765e-06,9.313225746154785e-10,0.140625,463.28125
6653,-24.179466402699035,3.4427789919713245e-06,9.313225746154785e-10,0.09375,463.375
6654,-24.179466402699035,3.4427789918502877e-06,4.656612873077393e-10,0.03125,463.40625
6655,-24.179466402699035,3.442778991890691e-06,1.862645149230957e-09,0.046875,463.453125
6656,-24.179466402699035,3.442778991599048e-06,2.3283064365386963e-10,0.03125,463.484375
6657,-24.179466402699035,3.442778991602995e-06,2.3283064365386963e-10,0.171875,463.65625
6658,-24.179466402699035,3.4427789915998895e-06,1.862645149230957e-09,0.03125,463.6875
6659,-24.179466402699035,3.442778991318973e-06,9.313225746154785e-10,0.109375,463.796875
6660,-24.179466402699035,3.4427789916168335e-06,9.313225746154785e-10,0.046875,463.84375
6661,-24.179466402699035,3.44277899141756e-06,3.725290298461914e-09,0.109375,463.953125
6662,-24.179466402699035,3.4427789902413757e-06,9.313225746154785e-10,0.0625,464.015625
6663,-24.179466402699035,3.4427789905121548e-06,9.313225746154785e-10,0.140625,464.15625
6664,-24.179466402699035,3.4427789906743696e-06,9.313225746154785e-10,0.046875,464.203125
6665,-24.179466402699035,3.4427789907644097e-06,4.656612873077393e-10,0.140625,464.34375
6666,-24.179466402699035,3.442778990630709e-06,9.313225746154785e-10,0.09375,464.4375
6667,-24.179466402699035,3.442778990745962e-06,3.725290298461914e-09,0.140625,464.578125
6668,-24.179466402699035,3.4427789908277343e-06,3.725290298461914e-09,0.078125,464.65625
6669,-24.179466402699035,3.4427789899356904e-06,9.313225746154785e-10,0.140625,464.796875
6670,-24.179466402699035,3.4427789898933858e-06,1.862645149230957e-09,0.046875,464.84375
6671,-24.179466402699035,3.442778989761457e-06,9.313225746154785e-10,0.140625,464.984375
6672,-24.179466402699035,3.4427789896570865e-06,9.313225746154785e-10,0.109375,465.09375
6673,-24.179466402699035,3.442778989767841e-06,1.862645149230957e-09,0.03125,465.125
6674,-24.179466402699035,3.4427789892754774e-06,1.862645149230957e-09,0.03125,465.15625
6675,-24.179466402699035,3.4427789891278666e-06,1.862645149230957e-09,0.03125,465.1875
6676,-24.179466402699035,3.442778989034659e-06,4.656612873077393e-10,0.109375,465.296875
6677,-24.179466402699035,3.44277898897658e-06,9.313225746154785e-10,0.0625,465.359375
6678,-24.179466402699035,3.442778988854894e-06,3.725290298461914e-09,0.015625,465.375
6679,-24.179466402699035,3.4427789885274672e-06,1.862645149230957e-09,0.03125,465.40625
6680,-24.179466402699035,3.4427789885330526e-06,9.313225746154785e-10,0.109375,465.515625
6681,-24.179466402699035,3.44277898856963e-06,9.313225746154785e-10,0.03125,465.546875
6682,-24.179466402699035,3.4427789888003613e-06,4.656612873077393e-10,0.109375,465.65625
6683,-24.179466402699035,3.442778988899362e-06,9.313225746154785e-10,0.078125,465.734375
6684,-24.179466402699035,3.4427789888363e-06,9.313225746154785e-10,0.125,465.859375
6685,-24.179466402699035,3.4427789887289344e-06,4.656612873077393e-10,0.0625,465.921875
6686,-24.179466402699035,3.442778988637318e-06,4.656612873077393e-10,0.0625,465.984375
6687,-24.179466402699035,3.442778988378895e-06,3.725290298461914e-09,0.046875,466.03125
6688,-24.179466402699035,3.442778987145176e-06,1.862645149230957e-09,0.140625,466.171875
6689,-24.179466402699035,3.442778986868146e-06,1.862645149230957e-09,0.15625,466.328125
6690,-24.179466402699035,3.4427789868914756e-06,1.862645149230957e-09,0.03125,466.359375
6691,-24.179466402699035,3.4427789871957396e-06,2.9802322387695312e-08,0.03125,466.390625
6692,-24.179466402699035,3.442778978620109e-06,1.1641532182693481e-10,0.15625,466.546875
6693,-24.179466402699035,3.442778978620109e-06,9.313225746154785e-10,0.125,466.671875
6694,-24.179466402699035,3.4427789786517153e-06,1.862645149230957e-09,0.140625,466.8125
6695,-24.179466402699035,3.442778978267492e-06,1.862645149230957e-09,0.046875,466.859375
6696,-24.179466402699035,3.4427789776767994e-06,3.725290298461914e-09,0.03125,466.890625
6697,-24.179466402699035,3.4427789777847686e-06,4.656612873077393e-10,0.0625,466.953125
6698,-24.179466402699035,3.4427789777580654e-06,2.3283064365386963e-10,0.140625,467.09375
6699,-24.179466402699035,3.442778977712995e-06,9.313225746154785e-10,0.125,467.21875
6700,-24.179466402699035,3.442778977677846e-06,3.725290298461914e-09,0.140625,467.359375
6701,-24.179466402699035,3.4427789774943815e-06,2.3283064365386963e-10,0.078125,467.4375
6702,-24.179466402699035,3.4427789774596206e-06,1.862645149230957e-09,0.03125,467.46875
6703,-24.179466402699035,3.4427789770764813e-06,4.656612873077393e-10,0.0625,467.53125
6704,-24.179466402699035,3.442778977201707e-06,2.3283064365386963e-10,0.0625,467.59375
6705,-24.179466402699035,3.442778977189602e-06,9.313225746154785e-10,0.046875,467.640625
6706,-24.179466402699035,3.4427789771432423e-06,2.3283064365386963e-10,0.046875,467.6875
6707,-24.179466402699035,3.44277897716996e-06,4.656612873077393e-10,0.140625,467.828125
6708,-24.179466402699035,3.4427789771136843e-06,4.656612873077393e-10,0.09375,467.921875
6709,-24.179466402699035,3.4427789771465144e-06,9.313225746154785e-10,0.140625,468.0625
6710,-24.179466402699035,3.4427789770944935e-06,2.3283064365386963e-10,0.09375,468.15625
6711,-24.179466402699035,3.442778977104945e-06,2.3283064365386963e-10,0.140625,468.296875
6712,-24.179466402699035,3.442778977109435e-06,2.3283064365386963e-10,0.109375,468.40625
6713,-24.179466402699035,3.442778977062622e-06,2.9103830456733704e-11,0.140625,468.546875
6714,-24.179466402699035,3.442778977062622e-06,5.820766091346741e-11,0.046875,468.59375
6715,-24.179466402699035,3.442778977065505e-06,1.4551915228366852e-11,0.046875,468.640625
6716,-24.179466402699035,3.442778977065505e-06,1.1641532182693481e-10,0.140625,468.78125
6717,-24.179466402699035,3.4427789770906115e-06,1.4901161193847656e-08,0.078125,468.859375
6718,-24.179466402699035,3.4427789767775354e-06,3.725290298461914e-09,0.125,468.984375
6719,-24.179466402699035,3.4427789756558326e-06,1.862645149230957e-09,0.046875,469.03125
6720,-24.179466402699035,3.442778976025945e-06,3.725290298461914e-09,0.140625,469.171875
6721,-24.179466402699035,3.4427789755866626e-06,1.862645149230957e-09,0.046875,469.21875
6722,-24.179466402699035,3.442778974954516e-06,7.450580596923828e-09,0.140625,469.359375
6723,-24.179466402699035,3.4427789727965517e-06,7.450580596923828e-09,0.0625,469.421875
6724,-24.179466402699035,3.4427789729650702e-06,3.725290298461914e-09,0.140625,469.5625
6725,-24.179466402699035,3.442778970947271e-06,1.862645149230957e-09,0.09375,469.65625
6726,-24.179466402699035,3.4427789709129266e-06,7.450580596923828e-09,0.140625,469.796875
6727,-24.179466402699035,3.4427789699579076e-06,3.725290298461914e-09,0.078125,469.875
6728,-24.179466402699035,3.442778968940578e-06,1.862645149230957e-09,0.015625,469.890625
6729,-24.179466402699035,3.4427789688026834e-06,9.313225746154785e-10,0.078125,469.96875
6730,-24.179466402699035,3.4427789684010674e-06,3.725290298461914e-09,0.0625,470.03125
6731,-24.179466402699035,3.44277896831239e-06,1.862645149230957e-09,0.140625,470.171875
6732,-24.179466402699035,3.4427789679081404e-06,9.313225746154785e-10,0.140625,470.3125
6733,-24.179466402699035,3.442778967952273e-06,9.313225746154785e-10,0.078125,470.390625
6734,-24.179466402699035,3.4427789678074057e-06,1.862645149230957e-09,0.09375,470.484375
6735,-24.179466402699035,3.4427789677200254e-06,3.725290298461914e-09,0.078125,470.5625
6736,-24.179466402699035,3.44277896718427e-06,3.725290298461914e-09,0.0625,470.625
6737,-24.179466402699035,3.442778967295064e-06,1.862645149230957e-09,0.046875,470.671875
6738,-24.179466402699035,3.4427789674413037e-06,3.725290298461914e-09,0.03125,470.703125
6739,-24.179466402699035,3.4427789664688633e-06,9.313225746154785e-10,0.140625,470.84375
6740,-24.179466402699035,3.4427789665611666e-06,1.862645149230957e-09,0.03125,470.875
6741,-24.179466402699035,3.4427789667731666e-06,1.862645149230957e-09,0.078125,470.953125
6742,-24.179466402699035,3.442778966040995e-06,1.862645149230957e-09,0.140625,471.09375
6743,-24.179466402699035,3.442778966329986e-06,3.725290298461914e-09,0.046875,471.140625
6744,-24.179466402699035,3.4427789645385205e-06,1.862645149230957e-09,0.0625,471.203125
6745,-24.179466402699035,3.4427789646810185e-06,3.725290298461914e-09,0.046875,471.25
6746,-24.179466402699035,3.4427789642752093e-06,9.313225746154785e-10,0.140625,471.390625
6747,-24.179466402699035,3.4427789640894194e-06,4.656612873077393e-10,0.109375,471.5
6748,-24.179466402699035,3.442778964113375e-06,4.656612873077393e-10,0.140625,471.640625
6749,-24.179466402699035,3.4427789641099015e-06,4.656612873077393e-10,0.109375,471.75
6750,-24.179466402699035,3.442778964154063e-06,1.862645149230957e-09,0.046875,471.796875
6751,-24.179466402699035,3.4427789642945958e-06,9.313225746154785e-10,0.109375,471.90625
6752,-24.179466402699035,3.4427789641895963e-06,9.313225746154785e-10,0.046875,471.953125
6753,-24.179466402699035,3.4427789640657224e-06,2.3283064365386963e-10,0.125,472.078125
6754,-24.179466402699035,3.442778964100573e-06,9.313225746154785e-10,0.125,472.203125
6755,-24.179466402699035,3.442778963926484e-06,4.656612873077393e-10,0.140625,472.34375
6756,-24.179466402699035,3.442778963971299e-06,4.656612873077393e-10,0.03125,472.375
6757,-24.179466402699035,3.442778964017983e-06,4.656612873077393e-10,0.140625,472.515625
6758,-24.179466402699035,3.442778963917214e-06,9.313225746154785e-10,0.0625,472.578125
6759,-24.179466402699035,3.4427789639155316e-06,4.656612873077393e-10,0.03125,472.609375
6760,-24.179466402699035,3.442778964055549e-06,9.313225746154785e-10,0.125,472.734375
6761,-24.179466402699035,3.4427789641148177e-06,1.1641532182693481e-10,0.03125,472.765625
6762,-24.179466402699035,3.4427789641427613e-06,9.313225746154785e-10,0.0625,472.828125
6763,-24.179466402699035,3.4427789641026594e-06,4.656612873077393e-10,0.1875,473.015625
6764,-24.179466402699035,3.4427789641170945e-06,4.656612873077393e-10,0.125,473.140625
6765,-24.179466402699035,3.442778964272869e-06,4.656612873077393e-10,0.109375,473.25
6766,-24.179466402699035,3.4427789642267984e-06,4.656612873077393e-10,0.125,473.375
6767,-24.179466402699035,3.4427789642085e-06,4.656612873077393e-10,0.125,473.5
6768,-24.179466402699035,3.4427789641704127e-06,4.656612873077393e-10,0.078125,473.578125
6769,-24.179466402699035,3.44277896410684e-06,4.656612873077393e-10,0.140625,473.71875
6770,-24.179466402699035,3.4427789640311846e-06,9.313225746154785e-10,0.140625,473.859375
6771,-24.179466402699035,3.4427789639889587e-06,4.656612873077393e-10,0.125,473.984375
6772,-24.179466402699035,3.4427789638516776e-06,2.3283064365386963e-10,0.140625,474.125
6773,-24.179466402699035,3.442778963719252e-06,1.1641532182693481e-10,0.125,474.25
6774,-24.179466402699035,3.442778963717994e-06,2.3283064365386963e-10,0.046875,474.296875
6775,-24.179466402699035,3.442778963712703e-06,2.3283064365386963e-10,0.109375,474.40625
6776,-24.179466402699035,3.4427789637103548e-06,4.656612873077393e-10,0.140625,474.546875
6777,-24.179466402699035,3.4427789637470847e-06,2.3283064365386963e-10,0.109375,474.65625
6778,-24.179466402699035,3.442778963708739e-06,9.313225746154785e-10,0.109375,474.765625
6779,-24.179466402699035,3.44277896360599e-06,1.1641532182693481e-10,0.140625,474.90625
6780,-24.179466402699035,3.4427789635943036e-06,4.656612873077393e-10,0.125,475.03125
6781,-24.179466402699035,3.4427789636184894e-06,1.1641532182693481e-10,0.140625,475.171875
6782,-24.179466402699035,3.4427789636236194e-06,2.3283064365386963e-10,0.0625,475.234375
6783,-24.179466402699035,3.442778963637198e-06,1.1641532182693481e-10,0.140625,475.375
6784,-24.179466402699035,3.4427789636466693e-06,1.862645149230957e-09,0.0625,475.4375
6785,-24.179466402699035,3.4427789632359566e-06,9.313225746154785e-10,0.0625,475.5
6786,-24.179466402699035,3.442778963236568e-06,4.656612873077393e-10,0.078125,475.578125
6787,-24.179466402699035,3.4427789630969094e-06,9.313225746154785e-10,0.0625,475.640625
6788,-24.179466402699035,3.4427789629066416e-06,9.313225746154785e-10,0.046875,475.6875
6789,-24.179466402699035,3.442778962659574e-06,1.862645149230957e-09,0.140625,475.828125
6790,-24.179466402699035,3.4427789629422357e-06,9.313225746154785e-10,0.109375,475.9375
6791,-24.179466402699035,3.4427789629378175e-06,4.656612873077393e-10,0.015625,475.953125
6792,-24.179466402699035,3.442778962935461e-06,4.656612873077393e-10,0.078125,476.03125
6793,-24.179466402699035,3.4427789629085724e-06,3.725290298461914e-09,0.0625,476.09375
6794,-24.179466402699035,3.442778962681722e-06,3.725290298461914e-09,0.03125,476.125
6795,-24.179466402699035,3.4427789618578734e-06,3.725290298461914e-09,0.03125,476.15625
6796,-24.179466402699035,3.4427789613569013e-06,9.313225746154785e-10,0.03125,476.1875
6797,-24.179466402699035,3.442778961487887e-06,1.4901161193847656e-08,0.0625,476.25
6798,-24.179466402699035,3.4427789583676064e-06,9.313225746154785e-10,0.125,476.375
6799,-24.179466402699035,3.4427789584660015e-06,1.862645149230957e-09,0.046875,476.421875
6800,-24.179466402699035,3.442778958553197e-06,1.862645149230957e-09,0.046875,476.46875
6801,-24.179466402699035,3.44277895816495e-06,9.313225746154785e-10,0.046875,476.515625
6802,-24.179466402699035,3.44277895832691e-06,3.725290298461914e-09,0.0625,476.578125
6803,-24.179466402699035,3.4427789586014396e-06,9.313225746154785e-10,0.046875,476.625
6804,-24.179466402699035,3.4427789583796364e-06,1.862645149230957e-09,0.0625,476.6875
6805,-24.179466402699035,3.4427789581708254e-06,1.862645149230957e-09,0.125,476.8125
6806,-24.179466402699035,3.442778958047063e-06,9.313225746154785e-10,0.078125,476.890625
6807,-24.179466402699035,3.4427789581465354e-06,4.656612873077393e-10,0.109375,477.0
6808,-24.179466402699035,3.442778958150893e-06,9.313225746154785e-10,0.09375,477.09375
6809,-24.179466402699035,3.44277895793551e-06,1.862645149230957e-09,0.140625,477.234375
6810,-24.179466402699035,3.442778957764381e-06,9.313225746154785e-10,0.171875,477.40625
6811,-24.179466402699035,3.4427789576570834e-06,4.656612873077393e-10,0.140625,477.546875
6812,-24.179466402699035,3.4427789576769865e-06,1.862645149230957e-09,0.0625,477.609375
6813,-24.179466402699035,3.442778957561934e-06,7.450580596923828e-09,0.140625,477.75
6814,-24.179466402699035,3.442778956837245e-06,9.313225746154785e-10,0.078125,477.828125
6815,-24.179466402699035,3.4427789567716807e-06,2.3283064365386963e-10,0.140625,477.96875
6816,-24.179466402699035,3.4427789567959062e-06,1.862645149230957e-09,0.046875,478.015625
6817,-24.179466402699035,3.442778957159716e-06,9.313225746154785e-10,0.140625,478.15625
6818,-24.179466402699035,3.442778957192376e-06,9.313225746154785e-10,0.03125,478.1875
6819,-24.179466402699035,3.442778956917966e-06,2.3283064365386963e-10,0.046875,478.234375
6820,-24.179466402699035,3.442778956911564e-06,1.862645149230957e-09,0.09375,478.328125
6821,-24.179466402699035,3.4427789566221434e-06,4.656612873077393e-10,0.09375,478.421875
6822,-24.179466402699035,3.4427789566104797e-06,4.656612873077393e-10,0.03125,478.453125
6823,-24.179466402699035,3.442778956709468e-06,9.313225746154785e-10,0.046875,478.5
6824,-24.179466402699035,3.4427789567542072e-06,9.313225746154785e-10,0.140625,478.640625
6825,-24.179466402699035,3.4427789565364783e-06,2.3283064365386963e-10,0.046875,478.6875
6826,-24.179466402699035,3.442778956534165e-06,4.656612873077393e-10,0.140625,478.828125
6827,-24.179466402699035,3.442778956597696e-06,4.656612873077393e-10,0.0625,478.890625
6828,-24.179466402699035,3.4427789565774963e-06,4.656612873077393e-10,0.03125,478.921875
6829,-24.179466402699035,3.442778956582433e-06,9.313225746154785e-10,0.125,479.046875
6830,-24.179466402699035,3.442778956642283e-06,1.1641532182693481e-10,0.109375,479.15625
6831,-24.179466402699035,3.4427789566771374e-06,5.820766091346741e-11,0.140625,479.296875
6832,-24.179466402699035,3.442778956685089e-06,4.656612873077393e-10,0.140625,479.4375
6833,-24.179466402699035,3.4427789567778704e-06,9.313225746154785e-10,0.015625,479.453125
6834,-24.179466402699035,3.442778957081283e-06,9.313225746154785e-10,0.046875,479.5
6835,-24.179466402699035,3.4427789569217033e-06,4.656612873077393e-10,0.03125,479.53125
6836,-24.179466402699035,3.4427789569367505e-06,9.313225746154785e-10,0.046875,479.578125
6837,-24.179466402699035,3.442778956987586e-06,2.3283064365386963e-10,0.078125,479.65625
6838,-24.179466402699035,3.4427789568951916e-06,4.656612873077393e-10,0.125,479.78125
6839,-24.179466402699035,3.4427789568579624e-06,2.9103830456733704e-11,0.125,479.90625
6840,-24.179466402699035,3.4427789568579624e-06,4.656612873077393e-10,0.109375,480.015625
6841,-24.179466402699035,3.442778956844645e-06,1.862645149230957e-09,0.125,480.140625
6842,-24.179466402699035,3.442778956783341e-06,1.862645149230957e-09,0.015625,480.15625
6843,-24.179466402699035,3.4427789569207013e-06,4.656612873077393e-10,0.0625,480.21875
6844,-24.179466402699035,3.442778956583676e-06,3.725290298461914e-09,0.109375,480.328125
6845,-24.179466402699035,3.4427789567846496e-06,1.862645149230957e-09,0.046875,480.375
6846,-24.179466402699035,3.4427789566684553e-06,4.656612873077393e-10,0.140625,480.515625
6847,-24.179466402699035,3.4427789567148486e-06,1.1641532182693481e-10,0.125,480.640625
6848,-24.179466402699035,3.4427789567067903e-06,1.1641532182693481e-10,0.015625,480.65625
6849,-24.179466402699035,3.442778956699365e-06,1.862645149230957e-09,0.0625,480.71875
6850,-24.179466402699035,3.4427789564913115e-06,9.313225746154785e-10,0.140625,480.859375
6851,-24.179466402699035,3.442778956432421e-06,4.656612873077393e-10,0.15625,481.015625
6852,-24.179466402699035,3.442778956480433e-06,1.1641532182693481e-10,0.078125,481.09375
6853,-24.179466402699035,3.442778956485433e-06,4.656612873077393e-10,0.046875,481.140625
6854,-24.179466402699035,3.4427789564266304e-06,5.820766091346741e-11,0.03125,481.171875
6855,-24.179466402699035,3.4427789564191058e-06,5.820766091346741e-11,0.078125,481.25
6856,-24.179466402699035,3.4427789564171724e-06,1.1641532182693481e-10,0.140625,481.390625
6857,-24.179466402699035,3.4427789564253014e-06,5.820766091346741e-11,0.046875,481.4375
6858,-24.179466402699035,3.4427789564253014e-06,1.1641532182693481e-10,0.03125,481.46875
6859,-24.179466402699035,3.4427789564125607e-06,5.820766091346741e-11,0.046875,481.515625
6860,-24.179466402699035,3.4427789564070554e-06,2.3283064365386963e-10,0.046875,481.5625
6861,-24.179466402699035,3.4427789564078584e-06,5.820766091346741e-11,0.125,481.6875
6862,-24.179466402699035,3.4427789564078584e-06,5.820766091346741e-11,0.078125,481.765625
6863,-24.179466402699035,3.4427789564078584e-06,5.820766091346741e-11,0.078125,481.84375
6864,-24.179466402699035,3.4427789564078584e-06,1.862645149230957e-09,0.125,481.96875
6865,-24.179466402699035,3.442778956492278e-06,9.313225746154785e-10,0.03125,482.0
6866,-24.179466402699035,3.442778956316439e-06,1.1641532182693481e-10,0.078125,482.078125
6867,-24.179466402699035,3.442778956319252e-06,1.1641532182693481e-10,0.078125,482.15625
6868,-24.179466402699035,3.442778956347458e-06,1.1641532182693481e-10,0.140625,482.296875
6869,-24.179466402699035,3.4427789563077108e-06,2.9103830456733704e-11,0.15625,482.453125
6870,-24.179466402699035,3.4427789563077108e-06,4.656612873077393e-10,0.140625,482.59375
6871,-24.179466402699035,3.4427789563064622e-06,2.3283064365386963e-10,0.078125,482.671875
6872,-24.179466402699035,3.4427789563061675e-06,1.862645149230957e-09,0.140625,482.8125
6873,-24.179466402699035,3.442778955574009e-06,9.313225746154785e-10,0.046875,482.859375
6874,-24.179466402699035,3.4427789556867357e-06,2.3283064365386963e-10,0.140625,483.0
6875,-24.179466402699035,3.4427789556916404e-06,1.862645149230957e-09,0.125,483.125
6876,-24.179466402699035,3.4427789556636193e-06,2.3283064365386963e-10,0.140625,483.265625
6877,-24.179466402699035,3.4427789556843775e-06,2.3283064365386963e-10,0.109375,483.375
6878,-24.179466402699035,3.4427789557286007e-06,3.725290298461914e-09,0.03125,483.40625
6879,-24.179466402699035,3.442778955889143e-06,1.862645149230957e-09,0.046875,483.453125
6880,-24.179466402699035,3.4427789556406067e-06,1.1641532182693481e-10,0.171875,483.625
6881,-24.179466402699035,3.4427789556312457e-06,2.3283064365386963e-10,0.09375,483.71875
6882,-24.179466402699035,3.442778955616428e-06,2.3283064365386963e-10,0.15625,483.875
6883,-24.179466402699035,3.4427789555626343e-06,9.313225746154785e-10,0.140625,484.015625
6884,-24.179466402699035,3.4427789556622623e-06,4.656612873077393e-10,0.15625,484.171875
6885,-24.179466402699035,3.4427789555743026e-06,2.3283064365386963e-10,0.140625,484.3125
6886,-24.179466402699035,3.442778955616549e-06,1.862645149230957e-09,0.09375,484.40625
6887,-24.179466402699035,3.442778955776394e-06,5.820766091346741e-11,0.140625,484.546875
6888,-24.179466402699035,3.442778955776394e-06,4.656612873077393e-10,0.140625,484.6875
6889,-24.179466402699035,3.442778955817753e-06,1.1641532182693481e-10,0.03125,484.71875
6890,-24.179466402699035,3.442778955794331e-06,5.820766091346741e-11,0.09375,484.8125
6891,-24.179466402699035,3.442778955794331e-06,2.3283064365386963e-10,0.03125,484.84375
6892,-24.179466402699035,3.4427789558300392e-06,1.1641532182693481e-10,0.15625,485.0
6893,-24.179466402699035,3.44277895583097e-06,1.1641532182693481e-10,0.140625,485.140625
6894,-24.179466402699035,3.4427789558449826e-06,2.3283064365386963e-10,0.015625,485.15625
6895,-24.179466402699035,3.4427789558050475e-06,1.1641532182693481e-10,0.15625,485.3125
6896,-24.179466402699035,3.44277895580969e-06,4.656612873077393e-10,0.03125,485.34375
6897,-24.179466402699035,3.442778955781853e-06,2.3283064365386963e-10,0.109375,485.453125
6898,-24.179466402699035,3.4427789558185954e-06,1.1641532182693481e-10,0.140625,485.59375
6899,-24.179466402699035,3.442778955823682e-06,4.656612873077393e-10,0.125,485.71875
6900,-24.179466402699035,3.442778955758456e-06,4.656612873077393e-10,0.03125,485.75
6901,-24.179466402699035,3.4427789557324314e-06,2.3283064365386963e-10,0.09375,485.84375
6902,-24.179466402699035,3.4427789557139093e-06,4.656612873077393e-10,0.125,485.96875
6903,-24.179466402699035,3.4427789556585002e-06,9.313225746154785e-10,0.1875,486.15625
6904,-24.179466402699035,3.4427789557038525e-06,9.313225746154785e-10,0.046875,486.203125
6905,-24.179466402699035,3.442778955579445e-06,4.656612873077393e-10,0.15625,486.359375
6906,-24.179466402699035,3.4427789556555e-06,2.3283064365386963e-10,0.125,486.484375
6907,-24.179466402699035,3.4427789556389075e-06,1.1641532182693481e-10,0.15625,486.640625
6908,-24.179466402699035,3.4427789556442074e-06,5.820766091346741e-11,0.0625,486.703125
6909,-24.179466402699035,3.4427789556442074e-06,2.3283064365386963e-10,0.109375,486.8125
6910,-24.179466402699035,3.4427789556597306e-06,1.1641532182693481e-10,0.09375,486.90625
6911,-24.179466402699035,3.4427789556510366e-06,5.820766091346741e-11,0.125,487.03125
6912,-24.179466402699035,3.4427789556510366e-06,1.1641532182693481e-10,0.09375,487.125
6913,-24.179466402699035,3.4427789556510366e-06,2.9103830456733704e-11,0.140625,487.265625
6914,-24.179466402699035,3.4427789556510366e-06,9.313225746154785e-10,0.140625,487.40625
6915,-24.179466402699035,3.4427789555344586e-06,9.313225746154785e-10,0.125,487.53125
6916,-24.179466402699035,3.442778955286914e-06,4.656612873077393e-10,0.0625,487.59375
6917,-24.179466402699035,3.4427789552815303e-06,2.3283064365386963e-10,0.15625,487.75
6918,-24.179466402699035,3.4427789552770406e-06,4.656612873077393e-10,0.046875,487.796875
6919,-24.179466402699035,3.442778955224412e-06,5.820766091346741e-11,0.171875,487.96875
6920,-24.179466402699035,3.4427789551937354e-06,5.820766091346741e-11,0.125,488.09375
6921,-24.179466402699035,3.4427789551937354e-06,2.3283064365386963e-10,0.078125,488.171875
6922,-24.179466402699035,3.442778955251304e-06,1.862645149230957e-09,0.125,488.296875
6923,-24.179466402699035,3.442778955257326e-06,1.862645149230957e-09,0.140625,488.4375
6924,-24.179466402699035,3.442778955063675e-06,5.820766091346741e-11,0.140625,488.578125
6925,-24.179466402699035,3.4427789550774123e-06,4.656612873077393e-10,0.109375,488.6875
6926,-24.179466402699035,3.4427789550788917e-06,4.656612873077393e-10,0.03125,488.71875
6927,-24.179466402699035,3.442778954988871e-06,4.656612873077393e-10,0.140625,488.859375
6928,-24.179466402699035,3.442778954980386e-06,2.3283064365386963e-10,0.078125,488.9375
6929,-24.179466402699035,3.442778954927808e-06,9.313225746154785e-10,0.046875,488.984375
6930,-24.179466402699035,3.442778954728893e-06,4.656612873077393e-10,0.109375,489.09375
6931,-24.179466402699035,3.442778954887136e-06,2.3283064365386963e-10,0.140625,489.234375
6932,-24.179466402699035,3.442778954915451e-06,5.820766091346741e-11,0.078125,489.3125
6933,-24.179466402699035,3.4427789549171795e-06,5.820766091346741e-11,0.09375,489.40625
6934,-24.179466402699035,3.4427789549171795e-06,1.1641532182693481e-10,0.140625,489.546875
6935,-24.179466402699035,3.442778954939255e-06,2.3283064365386963e-10,0.09375,489.640625
6936,-24.179466402699035,3.442778954980195e-06,5.820766091346741e-11,0.140625,489.78125
6937,-24.179466402699035,3.442778954980195e-06,4.656612873077393e-10,0.046875,489.828125
6938,-24.179466402699035,3.4427789550631614e-06,2.3283064365386963e-10,0.140625,489.96875
6939,-24.179466402699035,3.442778955074322e-06,1.1641532182693481e-10,0.140625,490.109375
6940,-24.179466402699035,3.442778955068794e-06,2.3283064365386963e-10,0.109375,490.21875
6941,-24.179466402699035,3.4427789550753397e-06,2.3283064365386963e-10,0.078125,490.296875
6942,-24.179466402699035,3.4427789550601655e-06,4.656612873077393e-10,0.140625,490.4375
6943,-24.179466402699035,3.442778955031267e-06,5.820766091346741e-11,0.078125,490.515625
6944,-24.179466402699035,3.442778955031267e-06,9.313225746154785e-10,0.140625,490.65625
6945,-24.179466402699035,3.442778955023071e-06,4.656612873077393e-10,0.0625,490.71875
6946,-24.179466402699035,3.4427789550852453e-06,2.3283064365386963e-10,0.03125,490.75
6947,-24.179466402699035,3.4427789550669985e-06,9.313225746154785e-10,0.046875,490.796875
6948,-24.179466402699035,3.442778954727661e-06,1.1641532182693481e-10,0.078125,490.875
6949,-24.179466402699035,3.442778954727661e-06,1.862645149230957e-09,0.0625,490.9375
6950,-24.179466402699035,3.4427789548258004e-06,1.862645149230957e-09,0.09375,491.03125
6951,-24.179466402699035,3.4427789547550494e-06,9.313225746154785e-10,0.0625,491.09375
6952,-24.179466402699035,3.4427789544811515e-06,4.656612873077393e-10,0.046875,491.140625
6953,-24.179466402699035,3.4427789545111043e-06,2.3283064365386963e-10,0.140625,491.28125
6954,-24.179466402699035,3.442778954570406e-06,5.820766091346741e-11,0.078125,491.359375
6955,-24.179466402699035,3.442778954570406e-06,2.3283064365386963e-10,0.09375,491.453125
6956,-24.179466402699035,3.442778954572363e-06,9.313225746154785e-10,0.0625,491.515625
6957,-24.179466402699035,3.4427789545999433e-06,4.656612873077393e-10,0.09375,491.609375
6958,-24.179466402699035,3.442778954542293e-06,4.656612873077393e-10,0.140625,491.75
6959,-24.179466402699035,3.442778954412613e-06,1.1641532182693481e-10,0.046875,491.796875
6960,-24.179466402699035,3.4427789544280388e-06,1.1641532182693481e-10,0.140625,491.9375
6961,-24.179466402699035,3.4427789544400277e-06,5.820766091346741e-11,0.046875,491.984375
6962,-24.179466402699035,3.4427789544340332e-06,9.313225746154785e-10,0.046875,492.03125
6963,-24.179466402699035,3.442778954346902e-06,5.820766091346741e-11,0.09375,492.125
6964,-24.179466402699035,3.442778954346902e-06,5.820766091346741e-11,0.09375,492.21875
6965,-24.179466402699035,3.442778954346902e-06,1.1641532182693481e-10,0.03125,492.25
6966,-24.179466402699035,3.4427789543638388e-06,1.1641532182693481e-10,0.09375,492.34375
6967,-24.179466402699035,3.4427789543602007e-06,5.820766091346741e-11,0.140625,492.484375
6968,-24.179466402699035,3.4427789543602007e-06,1.1641532182693481e-10,0.0625,492.546875
6969,-24.179466402699035,3.4427789543638388e-06,4.656612873077393e-10,0.0625,492.609375
6970,-24.179466402699035,3.442778954423084e-06,9.313225746154785e-10,0.140625,492.75
6971,-24.179466402699035,3.4427789541780717e-06,2.3283064365386963e-10,0.140625,492.890625
6972,-24.179466402699035,3.4427789541735337e-06,5.820766091346741e-11,0.15625,493.046875
6973,-24.179466402699035,3.442778954175068e-06,9.313225746154785e-10,0.0625,493.109375
6974,-24.179466402699035,3.4427789542198165e-06,5.820766091346741e-11,0.109375,493.21875
6975,-24.179466402699035,3.4427789542198165e-06,1.1641532182693481e-10,0.140625,493.359375
6976,-24.179466402699035,3.4427789542221725e-06,5.820766091346741e-11,0.09375,493.453125
6977,-24.179466402699035,3.4427789542221725e-06,5.820766091346741e-11,0.140625,493.59375
6978,-24.179466402699035,3.4427789542221725e-06,2.3283064365386963e-10,0.078125,493.671875
6979,-24.179466402699035,3.4427789541412504e-06,1.1641532182693481e-10,0.03125,493.703125
6980,-24.179466402699035,3.4427789542143802e-06,1.1641532182693481e-10,0.046875,493.75
6981,-24.179466402699035,3.4427789542169162e-06,1.1641532182693481e-10,0.140625,493.890625
6982,-24.179466402699035,3.4427789542169162e-06,5.820766091346741e-11,0.03125,493.921875
6983,-24.179466402699035,3.4427789542169162e-06,4.656612873077393e-10,0.0625,493.984375
6984,-24.179466402699035,3.442778954259976e-06,5.820766091346741e-11,0.140625,494.125
6985,-24.179466402699035,3.442778954259976e-06,5.820766091346741e-11,0.0625,494.1875
6986,-24.179466402699035,3.4427789542645165e-06,2.3283064365386963e-10,0.140625,494.328125
6987,-24.179466402699035,3.4427789542017416e-06,9.313225746154785e-10,0.03125,494.359375
6988,-24.179466402699035,3.442778954236838e-06,4.656612873077393e-10,0.03125,494.390625
6989,-24.179466402699035,3.4427789541951886e-06,2.3283064365386963e-10,0.109375,494.5
6990,-24.179466402699035,3.442778954233736e-06,2.3283064365386963e-10,0.078125,494.578125
6991,-24.179466402699035,3.442778954304784e-06,2.3283064365386963e-10,0.125,494.703125
6992,-24.179466402699035,3.442778954313953e-06,2.3283064365386963e-10,0.078125,494.78125
6993,-24.179466402699035,3.4427789543970183e-06,5.820766091346741e-11,0.046875,494.828125
6994,-24.179466402699035,3.4427789543977734e-06,1.1641532182693481e-10,0.0625,494.890625
6995,-24.179466402699035,3.4427789543977734e-06,5.820766091346741e-11,0.078125,494.96875
6996,-24.179466402699035,3.4427789543977734e-06,4.656612873077393e-10,0.140625,495.109375
6997,-24.179466402699035,3.44277895451708e-06,1.1641532182693481e-10,0.0625,495.171875
6998,-24.179466402699035,3.442778954519616e-06,1.1641532182693481e-10,0.03125,495.203125
6999,-24.179466402699035,3.442778954509811e-06,1.1641532182693481e-10,0.09375,495.296875
7000,-24.179466402699035,3.4427789545228666e-06,2.3283064365386963e-10,0.03125,495.328125
7001,-24.179466402699035,3.442778954529997e-06,2.3283064365386963e-10,0.125,495.453125
7002,-24.179466402699035,3.4427789545391504e-06,2.3283064365386963e-10,0.03125,495.484375
7003,-24.179466402699035,3.4427789545077166e-06,2.3283064365386963e-10,0.140625,495.625
7004,-24.179466402699035,3.442778954504049e-06,5.820766091346741e-11,0.046875,495.671875
7005,-24.179466402699035,3.4427789545114008e-06,5.820766091346741e-11,0.0625,495.734375
7006,-24.179466402699035,3.442778954514831e-06,5.820766091346741e-11,0.125,495.859375
7007,-24.179466402699035,3.442778954514831e-06,2.3283064365386963e-10,0.078125,495.9375
7008,-24.179466402699035,3.4427789544961436e-06,5.820766091346741e-11,0.09375,496.03125
7009,-24.179466402699035,3.4427789544961436e-06,5.820766091346741e-11,0.046875,496.078125
7010,-24.179466402699035,3.4427789544986796e-06,5.820766091346741e-11,0.15625,496.234375
7011,-24.179466402699035,3.4427789544986796e-06,2.3283064365386963e-10,0.140625,496.375
7012,-24.179466402699035,3.442778954452899e-06,1.1641532182693481e-10,0.0625,496.4375
7013,-24.179466402699035,3.442778954452899e-06,9.313225746154785e-10,0.03125,496.46875
7014,-24.179466402699035,3.442778954417696e-06,2.3283064365386963e-10,0.109375,496.578125
7015,-24.179466402699035,3.4427789544085604e-06,2.3283064365386963e-10,0.078125,496.65625
7016,-24.179466402699035,3.4427789544146925e-06,4.656612873077393e-10,0.046875,496.703125
7017,-24.179466402699035,3.4427789543761982e-06,1.1641532182693481e-10,0.078125,496.78125
7018,-24.179466402699035,3.4427789543694817e-06,4.656612873077393e-10,0.109375,496.890625
7019,-24.179466402699035,3.4427789544139187e-06,4.656612873077393e-10,0.140625,497.03125
7020,-24.179466402699035,3.442778954365116e-06,4.656612873077393e-10,0.078125,497.109375
7021,-24.179466402699035,3.442778954374193e-06,1.1641532182693481e-10,0.140625,497.25
7022,-24.179466402699035,3.4427789543825404e-06,1.1641532182693481e-10,0.078125,497.328125
7023,-24.179466402699035,3.4427789543501825e-06,5.820766091346741e-11,0.125,497.453125
7024,-24.179466402699035,3.4427789543501825e-06,7.450580596923828e-09,0.125,497.578125
7025,-24.179466402699035,3.442778951663535e-06,2.3283064365386963e-10,0.046875,497.625
7026,-24.179466402699035,3.4427789516767402e-06,1.862645149230957e-09,0.046875,497.671875
7027,-24.179466402699035,3.442778951384084e-06,3.725290298461914e-09,0.140625,497.8125
7028,-24.179466402699035,3.4427789518842074e-06,3.725290298461914e-09,0.046875,497.859375
7029,-24.179466402699035,3.4427789522284437e-06,9.313225746154785e-10,0.140625,498.0
7030,-24.179466402699035,3.4427789519960145e-06,3.725290298461914e-09,0.046875,498.046875
7031,-24.179466402699035,3.4427789512364563e-06,9.313225746154785e-10,0.140625,498.1875
7032,-24.179466402699035,3.442778950950431e-06,2.3283064365386963e-10,0.0625,498.25
7033,-24.179466402699035,3.4427789509456593e-06,2.3283064365386963e-10,0.03125,498.28125
7034,-24.179466402699035,3.4427789509019118e-06,9.313225746154785e-10,0.0625,498.34375
7035,-24.179466402699035,3.4427789508343905e-06,9.313225746154785e-10,0.03125,498.375
7036,-24.179466402699035,3.4427789506078317e-06,2.3283064365386963e-10,0.078125,498.453125
7037,-24.179466402699035,3.44277895067471e-06,4.656612873077393e-10,0.046875,498.5
7038,-24.179466402699035,3.442778950672728e-06,1.862645149230957e-09,0.1875,498.6875
7039,-24.179466402699035,3.442778950670195e-06,4.656612873077393e-10,0.078125,498.765625
7040,-24.179466402699035,3.4427789506784403e-06,1.862645149230957e-09,0.015625,498.78125
7041,-24.179466402699035,3.4427789508496333e-06,7.450580596923828e-09,0.125,498.90625
7042,-24.179466402699035,3.4427789488380635e-06,9.313225746154785e-10,0.0625,498.96875
7043,-24.179466402699035,3.442778949198631e-06,9.313225746154785e-10,0.046875,499.015625
7044,-24.179466402699035,3.442778949244322e-06,1.862645149230957e-09,0.109375,499.125
7045,-24.179466402699035,3.442778949502215e-06,4.656612873077393e-10,0.078125,499.203125
7046,-24.179466402699035,3.4427789494713684e-06,4.656612873077393e-10,0.0625,499.265625
7047,-24.179466402699035,3.4427789494838964e-06,9.313225746154785e-10,0.03125,499.296875
7048,-24.179466402699035,3.4427789494468917e-06,9.313225746154785e-10,0.109375,499.40625
7049,-24.179466402699035,3.4427789493564917e-06,4.656612873077393e-10,0.109375,499.515625
7050,-24.179466402699035,3.442778949290672e-06,9.313225746154785e-10,0.15625,499.671875
7051,-24.179466402699035,3.4427789492751376e-06,4.656612873077393e-10,0.125,499.796875
7052,-24.179466402699035,3.4427789492681605e-06,4.656612873077393e-10,0.171875,499.96875
7053,-24.179466402699035,3.4427789494651813e-06,4.656612873077393e-10,0.125,500.09375
7054,-24.179466402699035,3.442778949428504e-06,4.656612873077393e-10,0.09375,500.1875
7055,-24.179466402699035,3.4427789493506116e-06,4.656612873077393e-10,0.140625,500.328125
7056,-24.179466402699035,3.4427789493424995e-06,4.656612873077393e-10,0.03125,500.359375
7057,-24.179466402699035,3.442778949366943e-06,4.656612873077393e-10,0.03125,500.390625
7058,-24.179466402699035,3.4427789493472874e-06,4.656612873077393e-10,0.09375,500.484375
7059,-24.179466402699035,3.4427789494500427e-06,2.3283064365386963e-10,0.0625,500.546875
7060,-24.179466402699035,3.442778949487502e-06,9.313225746154785e-10,0.140625,500.6875
7061,-24.179466402699035,3.442778949460517e-06,9.313225746154785e-10,0.046875,500.734375
7062,-24.179466402699035,3.442778949590185e-06,4.656612873077393e-10,0.140625,500.875
7063,-24.179466402699035,3.442778949508077e-06,1.862645149230957e-09,0.03125,500.90625
7064,-24.179466402699035,3.442778949527667e-06,4.656612873077393e-10,0.140625,501.046875
7065,-24.179466402699035,3.4427789496061623e-06,2.3283064365386963e-10,0.125,501.171875
7066,-24.179466402699035,3.442778949591723e-06,9.313225746154785e-10,0.03125,501.203125
7067,-24.179466402699035,3.4427789496878688e-06,2.3283064365386963e-10,0.125,501.328125
7068,-24.179466402699035,3.4427789497230147e-06,2.3283064365386963e-10,0.046875,501.375
7069,-24.179466402699035,3.442778949670107e-06,1.862645149230957e-09,0.046875,501.421875
7070,-24.179466402699035,3.4427789497925608e-06,4.656612873077393e-10,0.03125,501.453125
7071,-24.179466402699035,3.4427789497360666e-06,2.3283064365386963e-10,0.140625,501.59375
7072,-24.179466402699035,3.442778949780883e-06,2.3283064365386963e-10,0.0625,501.65625
7073,-24.179466402699035,3.442778949792031e-06,1.1641532182693481e-10,0.140625,501.796875
7074,-24.179466402699035,3.442778949797155e-06,4.656612873077393e-10,0.09375,501.890625
7075,-24.179466402699035,3.442778949810988e-06,4.656612873077393e-10,0.140625,502.03125
7076,-24.179466402699035,3.4427789497433846e-06,7.450580596923828e-09,0.03125,502.0625
7077,-24.179466402699035,3.4427789481621236e-06,1.862645149230957e-09,0.03125,502.09375
7078,-24.179466402699035,3.4427789473821926e-06,4.656612873077393e-10,0.078125,502.171875
7079,-24.179466402699035,3.4427789474420367e-06,2.3283064365386963e-10,0.109375,502.28125
7080,-24.179466402699035,3.442778947473722e-06,3.725290298461914e-09,0.140625,502.421875
7081,-24.179466402699035,3.442778947101622e-06,4.656612873077393e-10,0.0625,502.484375
7082,-24.179466402699035,3.4427789470564178e-06,4.656612873077393e-10,0.140625,502.625
7083,-24.179466402699035,3.442778947007834e-06,9.313225746154785e-10,0.046875,502.671875
7084,-24.179466402699035,3.4427789471839377e-06,4.656612873077393e-10,0.03125,502.703125
7085,-24.179466402699035,3.442778947198733e-06,4.656612873077393e-10,0.046875,502.75
7086,-24.179466402699035,3.4427789471769213e-06,9.313225746154785e-10,0.03125,502.78125
7087,-24.179466402699035,3.4427789469415567e-06,9.313225746154785e-10,0.0625,502.84375
7088,-24.179466402699035,3.4427789468927566e-06,9.313225746154785e-10,0.046875,502.890625
7089,-24.179466402699035,3.44277894717461e-06,4.656612873077393e-10,0.078125,502.96875
7090,-24.179466402699035,3.4427789471845315e-06,9.313225746154785e-10,0.0625,503.03125
7091,-24.179466402699035,3.442778946850183e-06,2.3283064365386963e-10,0.140625,503.171875
7092,-24.179466402699035,3.4427789468554105e-06,4.656612873077393e-10,0.0625,503.234375
7093,-24.179466402699035,3.4427789469264096e-06,9.313225746154785e-10,0.140625,503.375
7094,-24.179466402699035,3.4427789468290826e-06,1.862645149230957e-09,0.0625,503.4375
7095,-24.179466402699035,3.442778947061971e-06,2.3283064365386963e-10,0.140625,503.578125
7096,-24.179466402699035,3.442778947031049e-06,2.3283064365386963e-10,0.046875,503.625
7097,-24.179466402699035,3.442778947019558e-06,1.862645149230957e-09,0.140625,503.765625
7098,-24.179466402699035,3.4427789468987455e-06,9.313225746154785e-10,0.078125,503.84375
7099,-24.179466402699035,3.442778946885108e-06,1.862645149230957e-09,0.046875,503.890625
7100,-24.179466402699035,3.442778946485809e-06,9.313225746154785e-10,0.03125,503.921875
7101,-24.179466402699035,3.442778946426497e-06,3.725290298461914e-09,0.046875,503.96875
7102,-24.179466402699035,3.442778945796875e-06,4.656612873077393e-10,0.046875,504.015625
7103,-24.179466402699035,3.4427789457882036e-06,9.313225746154785e-10,0.078125,504.09375
7104,-24.179466402699035,3.4427789456714736e-06,4.656612873077393e-10,0.078125,504.171875
7105,-24.179466402699035,3.442778945601662e-06,9.313225746154785e-10,0.1875,504.359375
7106,-24.179466402699035,3.4427789457298104e-06,2.3283064365386963e-10,0.109375,504.46875
7107,-24.179466402699035,3.442778945711695e-06,9.313225746154785e-10,0.09375,504.5625
7108,-24.179466402699035,3.4427789455546893e-06,2.3283064365386963e-10,0.109375,504.671875
7109,-24.179466402699035,3.442778945578079e-06,4.656612873077393e-10,0.0625,504.734375
7110,-24.179466402699035,3.4427789455743545e-06,9.313225746154785e-10,0.140625,504.875
7111,-24.179466402699035,3.4427789457543253e-06,1.862645149230957e-09,0.078125,504.953125
7112,-24.179466402699035,3.4427789459602068e-06,4.656612873077393e-10,0.140625,505.09375
7113,-24.179466402699035,3.4427789458805607e-06,4.656612873077393e-10,0.109375,505.203125
7114,-24.179466402699035,3.442778945845244e-06,4.656612873077393e-10,0.140625,505.34375
7115,-24.179466402699035,3.4427789458402906e-06,3.725290298461914e-09,0.03125,505.375
7116,-24.179466402699035,3.4427789449153446e-06,9.313225746154785e-10,0.140625,505.515625
7117,-24.179466402699035,3.4427789448897617e-06,1.862645149230957e-09,0.125,505.640625
7118,-24.179466402699035,3.4427789444823524e-06,1.862645149230957e-09,0.109375,505.75
7119,-24.179466402699035,3.4427789441316553e-06,1.862645149230957e-09,0.03125,505.78125
7120,-24.179466402699035,3.4427789443158494e-06,9.313225746154785e-10,0.15625,505.9375
7121,-24.179466402699035,3.442778944540338e-06,4.656612873077393e-10,0.125,506.0625
7122,-24.179466402699035,3.4427789445582385e-06,3.725290298461914e-09,0.078125,506.140625
7123,-24.179466402699035,3.4427789436771125e-06,2.3283064365386963e-10,0.078125,506.21875
7124,-24.179466402699035,3.4427789436571183e-06,2.3283064365386963e-10,0.0625,506.28125
7125,-24.179466402699035,3.4427789435702876e-06,9.313225746154785e-10,0.078125,506.359375
7126,-24.179466402699035,3.442778943511302e-06,2.3283064365386963e-10,0.0625,506.421875
7127,-24.179466402699035,3.442778943553703e-06,2.3283064365386963e-10,0.03125,506.453125
7128,-24.179466402699035,3.4427789435333985e-06,4.656612873077393e-10,0.0625,506.515625
7129,-24.179466402699035,3.442778943665165e-06,1.1641532182693481e-10,0.046875,506.5625
7130,-24.179466402699035,3.442778943665165e-06,1.1641532182693481e-10,0.125,506.6875
7131,-24.179466402699035,3.4427789436606606e-06,1.1641532182693481e-10,0.140625,506.828125
7132,-24.179466402699035,3.4427789436342776e-06,1.1641532182693481e-10,0.03125,506.859375
7133,-24.179466402699035,3.4427789436423977e-06,1.1641532182693481e-10,0.03125,506.890625
7134,-24.179466402699035,3.4427789436413596e-06,5.820766091346741e-11,0.015625,506.90625
7135,-24.179466402699035,3.4427789436413596e-06,2.3283064365386963e-10,0.078125,506.984375
7136,-24.179466402699035,3.4427789436189366e-06,2.3283064365386963e-10,0.015625,507.0
7137,-24.179466402699035,3.442778943627443e-06,1.862645149230957e-09,0.09375,507.09375
7138,-24.179466402699035,3.442778943652532e-06,4.656612873077393e-10,0.140625,507.234375
7139,-24.179466402699035,3.442778943632927e-06,4.656612873077393e-10,0.046875,507.28125
7140,-24.179466402699035,3.4427789437399394e-06,1.862645149230957e-09,0.140625,507.421875
7141,-24.179466402699035,3.4427789438547022e-06,9.313225746154785e-10,0.09375,507.515625
7142,-24.179466402699035,3.4427789439825238e-06,9.313225746154785e-10,0.140625,507.65625
7143,-24.179466402699035,3.4427789438863614e-06,4.656612873077393e-10,0.0625,507.71875
7144,-24.179466402699035,3.442778943896673e-06,1.862645149230957e-09,0.140625,507.859375
7145,-24.179466402699035,3.4427789438402345e-06,1.1641532182693481e-10,0.078125,507.9375
7146,-24.179466402699035,3.4427789438402345e-06,4.656612873077393e-10,0.109375,508.046875
7147,-24.179466402699035,3.442778943846624e-06,4.656612873077393e-10,0.140625,508.1875
7148,-24.179466402699035,3.442778943794972e-06,4.656612873077393e-10,0.0625,508.25
7149,-24.179466402699035,3.4427789438218607e-06,2.3283064365386963e-10,0.140625,508.390625
7150,-24.179466402699035,3.442778943821821e-06,4.656612873077393e-10,0.15625,508.546875
7151,-24.179466402699035,3.4427789436633105e-06,2.3283064365386963e-10,0.046875,508.59375
7152,-24.179466402699035,3.4427789437391517e-06,4.656612873077393e-10,0.125,508.71875
7153,-24.179466402699035,3.4427789437418144e-06,9.313225746154785e-10,0.109375,508.828125
7154,-24.179466402699035,3.4427789438303886e-06,4.656612873077393e-10,0.03125,508.859375
7155,-24.179466402699035,3.4427789439242636e-06,9.313225746154785e-10,0.109375,508.96875
7156,-24.179466402699035,3.4427789436920817e-06,4.656612873077393e-10,0.140625,509.109375
7157,-24.179466402699035,3.442778943702594e-06,9.313225746154785e-10,0.046875,509.15625
7158,-24.179466402699035,3.442778943827184e-06,4.656612873077393e-10,0.140625,509.296875
7159,-24.179466402699035,3.4427789436468814e-06,9.313225746154785e-10,0.109375,509.40625
7160,-24.179466402699035,3.4427789438054464e-06,1.1641532182693481e-10,0.03125,509.4375
7161,-24.179466402699035,3.4427789438054464e-06,4.656612873077393e-10,0.046875,509.484375
7162,-24.179466402699035,3.4427789437651213e-06,2.3283064365386963e-10,0.046875,509.53125
7163,-24.179466402699035,3.4427789438157087e-06,2.3283064365386963e-10,0.0625,509.59375
7164,-24.179466402699035,3.44277894385076e-06,4.656612873077393e-10,0.0625,509.65625
7165,-24.179466402699035,3.4427789437890915e-06,4.656612873077393e-10,0.0625,509.71875
7166,-24.179466402699035,3.4427789438847063e-06,1.1641532182693481e-10,0.046875,509.765625
7167,-24.179466402699035,3.442778943900363e-06,4.656612873077393e-10,0.140625,509.90625
7168,-24.179466402699035,3.442778943878773e-06,9.313225746154785e-10,0.0625,509.96875
7169,-24.179466402699035,3.4427789440358966e-06,4.656612873077393e-10,0.140625,510.109375
7170,-24.179466402699035,3.4427789438713325e-06,9.313225746154785e-10,0.078125,510.1875
7171,-24.179466402699035,3.4427789436351056e-06,4.656612873077393e-10,0.140625,510.328125
7172,-24.179466402699035,3.4427789436885927e-06,4.656612873077393e-10,0.046875,510.375
7173,-24.179466402699035,3.4427789436629984e-06,2.3283064365386963e-10,0.0625,510.4375
7174,-24.179466402699035,3.442778943672423e-06,4.656612873077393e-10,0.109375,510.546875
7175,-24.179466402699035,3.4427789436926267e-06,2.3283064365386963e-10,0.046875,510.59375
7176,-24.179466402699035,3.4427789436850572e-06,2.3283064365386963e-10,0.140625,510.734375
7177,-24.179466402699035,3.4427789436894453e-06,1.862645149230957e-09,0.0625,510.796875
7178,-24.179466402699035,3.4427789433967225e-06,2.3283064365386963e-10,0.140625,510.9375
7179,-24.179466402699035,3.442778943403818e-06,4.656612873077393e-10,0.09375,511.03125
7180,-24.179466402699035,3.4427789434002055e-06,9.313225746154785e-10,0.140625,511.171875
7181,-24.179466402699035,3.442778943342384e-06,9.313225746154785e-10,0.078125,511.25
7182,-24.179466402699035,3.4427789431813818e-06,4.656612873077393e-10,0.140625,511.390625
7183,-24.179466402699035,3.442778943178477e-06,1.862645149230957e-09,0.078125,511.46875
7184,-24.179466402699035,3.442778943393026e-06,9.313225746154785e-10,0.03125,511.5
7185,-24.179466402699035,3.4427789434745916e-06,9.313225746154785e-10,0.0625,511.5625
7186,-24.179466402699035,3.4427789435107027e-06,4.656612873077393e-10,0.140625,511.703125
7187,-24.179466402699035,3.442778943418804e-06,4.656612873077393e-10,0.140625,511.84375
7188,-24.179466402699035,3.4427789435087664e-06,1.1641532182693481e-10,0.125,511.96875
7189,-24.179466402699035,3.4427789434863183e-06,1.1641532182693481e-10,0.125,512.09375
7190,-24.179466402699035,3.4427789434863183e-06,1.862645149230957e-09,0.140625,512.234375
7191,-24.179466402699035,3.442778943062285e-06,9.313225746154785e-10,0.140625,512.375
7192,-24.179466402699035,3.442778942928937e-06,2.3283064365386963e-10,0.046875,512.421875
7193,-24.179466402699035,3.4427789429272304e-06,1.1641532182693481e-10,0.140625,512.5625
7194,-24.179466402699035,3.442778942897029e-06,4.656612873077393e-10,0.0625,512.625
7195,-24.179466402699035,3.4427789429600284e-06,9.313225746154785e-10,0.046875,512.671875
7196,-24.179466402699035,3.442778942869102e-06,9.313225746154785e-10,0.140625,512.8125
7197,-24.179466402699035,3.4427789430337113e-06,9.313225746154785e-10,0.109375,512.921875
7198,-24.179466402699035,3.442778942806375e-06,9.313225746154785e-10,0.03125,512.953125
7199,-24.179466402699035,3.4427789429987416e-06,4.656612873077393e-10,0.0625,513.015625
7200,-24.179466402699035,3.442778943175943e-06,9.313225746154785e-10,0.140625,513.15625
7201,-24.179466402699035,3.442778942972174e-06,9.313225746154785e-10,0.109375,513.265625
7202,-24.179466402699035,3.442778943050513e-06,1.862645149230957e-09,0.140625,513.40625
7203,-24.179466402699035,3.4427789432587765e-06,1.862645149230957e-09,0.046875,513.453125
7204,-24.179466402699035,3.44277894340643e-06,1.1641532182693481e-10,0.03125,513.484375
7205,-24.179466402699035,3.4427789434085632e-06,5.820766091346741e-11,0.09375,513.578125
7206,-24.179466402699035,3.4427789434085632e-06,1.1641532182693481e-10,0.03125,513.609375
7207,-24.179466402699035,3.4427789434085632e-06,4.656612873077393e-10,0.078125,513.6875
7208,-24.179466402699035,3.442778943413935e-06,2.3283064365386963e-10,0.125,513.8125
7209,-24.179466402699035,3.442778943379571e-06,1.1641532182693481e-10,0.109375,513.921875
7210,-24.179466402699035,3.4427789433828227e-06,4.656612873077393e-10,0.046875,513.96875
7211,-24.179466402699035,3.4427789433145163e-06,1.1641532182693481e-10,0.140625,514.109375
7212,-24.179466402699035,3.442778943309063e-06,5.820766091346741e-11,0.046875,514.15625
7213,-24.179466402699035,3.442778943309063e-06,1.1641532182693481e-10,0.140625,514.296875
7214,-24.179466402699035,3.4427789433353317e-06,1.1641532182693481e-10,0.09375,514.390625
7215,-24.179466402699035,3.4427789433281493e-06,1.1641532182693481e-10,0.125,514.515625
7216,-24.179466402699035,3.4427789433033312e-06,4.656612873077393e-10,0.046875,514.5625
7217,-24.179466402699035,3.442778943176615e-06,2.3283064365386963e-10,0.125,514.6875
7218,-24.179466402699035,3.4427789432139167e-06,9.313225746154785e-10,0.140625,514.828125
7219,-24.179466402699035,3.44277894326124e-06,9.313225746154785e-10,0.09375,514.921875
7220,-24.179466402699035,3.4427789429391177e-06,9.313225746154785e-10,0.046875,514.96875
7221,-24.179466402699035,3.4427789429367375e-06,4.656612873077393e-10,0.140625,515.109375
7222,-24.179466402699035,3.4427789429171566e-06,9.313225746154785e-10,0.109375,515.21875
7223,-24.179466402699035,3.4427789430065254e-06,2.3283064365386963e-10,0.09375,515.3125
7224,-24.179466402699035,3.4427789430361563e-06,2.3283064365386963e-10,0.140625,515.453125
7225,-24.179466402699035,3.442778943050049e-06,9.313225746154785e-10,0.0625,515.515625
7226,-24.179466402699035,3.4427789429949473e-06,4.656612873077393e-10,0.140625,515.65625
7227,-24.179466402699035,3.4427789429880105e-06,4.656612873077393e-10,0.15625,515.8125
7228,-24.179466402699035,3.442778943014424e-06,4.656612873077393e-10,0.140625,515.953125
7229,-24.179466402699035,3.442778942996112e-06,4.656612873077393e-10,0.046875,516.0
7230,-24.179466402699035,3.4427789429897503e-06,2.3283064365386963e-10,0.140625,516.140625
7231,-24.179466402699035,3.4427789429467553e-06,2.3283064365386963e-10,0.0625,516.203125
7232,-24.179466402699035,3.442778942951913e-06,2.3283064365386963e-10,0.140625,516.34375
7233,-24.179466402699035,3.4427789429573085e-06,4.656612873077393e-10,0.0625,516.40625
7234,-24.179466402699035,3.4427789429634775e-06,9.313225746154785e-10,0.046875,516.453125
7235,-24.179466402699035,3.442778943029415e-06,2.3283064365386963e-10,0.09375,516.546875
7236,-24.179466402699035,3.4427789430221442e-06,2.3283064365386963e-10,0.03125,516.578125
7237,-24.179466402699035,3.4427789430380697e-06,1.1641532182693481e-10,0.046875,516.625
7238,-24.179466402699035,3.4427789430063505e-06,2.3283064365386963e-10,0.109375,516.734375
7239,-24.179466402699035,3.44277894300681e-06,5.820766091346741e-11,0.125,516.859375
7240,-24.179466402699035,3.44277894300681e-06,1.1641532182693481e-10,0.078125,516.9375
7241,-24.179466402699035,3.44277894300681e-06,4.656612873077393e-10,0.140625,517.078125
7242,-24.179466402699035,3.4427789427982133e-06,1.1641532182693481e-10,0.0625,517.140625
7243,-24.179466402699035,3.442778942777569e-06,2.9103830456733704e-11,0.140625,517.28125
7244,-24.179466402699035,3.442778942777569e-06,1.1641532182693481e-10,0.0625,517.34375
7245,-24.179466402699035,3.4427789428264496e-06,1.1641532182693481e-10,0.078125,517.421875
7246,-24.179466402699035,3.4427789428127916e-06,4.656612873077393e-10,0.078125,517.5
7247,-24.179466402699035,3.4427789428692764e-06,2.3283064365386963e-10,0.15625,517.65625
7248,-24.179466402699035,3.442778942912855e-06,1.1641532182693481e-10,0.046875,517.703125
7249,-24.179466402699035,3.442778942931182e-06,4.656612873077393e-10,0.09375,517.796875
7250,-24.179466402699035,3.4427789428723346e-06,2.3283064365386963e-10,0.109375,517.90625
7251,-24.179466402699035,3.4427789428735734e-06,4.656612873077393e-10,0.078125,517.984375
7252,-24.179466402699035,3.442778942855352e-06,5.820766091346741e-11,0.140625,518.125
7253,-24.179466402699035,3.442778942855352e-06,1.1641532182693481e-10,0.15625,518.28125
7254,-24.179466402699035,3.442778942846256e-06,1.1641532182693481e-10,0.078125,518.359375
7255,-24.179466402699035,3.4427789428502266e-06,5.820766091346741e-11,0.03125,518.390625
7256,-24.179466402699035,3.4427789428502266e-06,1.1641532182693481e-10,0.0625,518.453125
7257,-24.179466402699035,3.442778942914309e-06,1.1641532182693481e-10,0.125,518.578125
7258,-24.179466402699035,3.4427789429095964e-06,2.3283064365386963e-10,0.078125,518.65625
7259,-24.179466402699035,3.4427789428507683e-06,2.3283064365386963e-10,0.03125,518.6875
7260,-24.179466402699035,3.442778942871075e-06,2.3283064365386963e-10,0.09375,518.78125
7261,-24.179466402699035,3.4427789428436668e-06,2.3283064365386963e-10,0.0625,518.84375
7262,-24.179466402699035,3.4427789429003392e-06,1.1641532182693481e-10,0.046875,518.890625
7263,-24.179466402699035,3.4427789428990737e-06,4.656612873077393e-10,0.140625,519.03125
7264,-24.179466402699035,3.4427789427854104e-06,1.1641532182693481e-10,0.0625,519.09375
7265,-24.179466402699035,3.442778942786676e-06,4.656612873077393e-10,0.03125,519.125
7266,-24.179466402699035,3.4427789428639375e-06,5.820766091346741e-11,0.078125,519.203125
7267,-24.179466402699035,3.4427789428639375e-06,1.1641532182693481e-10,0.125,519.328125
7268,-24.179466402699035,3.4427789428535428e-06,9.313225746154785e-10,0.0625,519.390625
7269,-24.179466402699035,3.44277894276761e-06,4.656612873077393e-10,0.078125,519.46875
7270,-24.179466402699035,3.44277894269723e-06,4.656612873077393e-10,0.140625,519.609375
7271,-24.179466402699035,3.442778942692597e-06,4.656612873077393e-10,0.09375,519.703125
7272,-24.179466402699035,3.4427789426896203e-06,2.3283064365386963e-10,0.046875,519.75
7273,-24.179466402699035,3.4427789426510333e-06,4.656612873077393e-10,0.125,519.875
7274,-24.179466402699035,3.442778942588695e-06,1.1641532182693481e-10,0.015625,519.890625
7275,-24.179466402699035,3.442778942588695e-06,5.820766091346741e-11,0.140625,520.03125
7276,-24.179466402699035,3.4427789426070244e-06,2.3283064365386963e-10,0.046875,520.078125
7277,-24.179466402699035,3.44277894256729e-06,4.656612873077393e-10,0.140625,520.21875
7278,-24.179466402699035,3.4427789425845874e-06,2.3283064365386963e-10,0.078125,520.296875
7279,-24.179466402699035,3.442778942551921e-06,4.656612873077393e-10,0.140625,520.4375
7280,-24.179466402699035,3.442778942597814e-06,4.656612873077393e-10,0.046875,520.484375
7281,-24.179466402699035,3.442778942597302e-06,2.3283064365386963e-10,0.09375,520.578125
7282,-24.179466402699035,3.4427789425199685e-06,2.3283064365386963e-10,0.078125,520.65625
7283,-24.179466402699035,3.4427789424576836e-06,1.1641532182693481e-10,0.140625,520.796875
7284,-24.179466402699035,3.4427789424511263e-06,5.820766091346741e-11,0.078125,520.875
7285,-24.179466402699035,3.4427789424511263e-06,1.1641532182693481e-10,0.09375,520.96875
7286,-24.179466402699035,3.442778942465804e-06,1.1641532182693481e-10,0.046875,521.015625
7287,-24.179466402699035,3.4427789424566197e-06,4.656612873077393e-10,0.125,521.140625
7288,-24.179466402699035,3.4427789424349306e-06,1.1641532182693481e-10,0.015625,521.15625
7289,-24.179466402699035,3.442778942501783e-06,2.3283064365386963e-10,0.140625,521.296875
7290,-24.179466402699035,3.4427789425376317e-06,1.1641532182693481e-10,0.03125,521.328125
7291,-24.179466402699035,3.4427789425405014e-06,2.3283064365386963e-10,0.046875,521.375
7292,-24.179466402699035,3.4427789425416347e-06,2.3283064365386963e-10,0.0625,521.4375
7293,-24.179466402699035,3.442778942517986e-06,4.656612873077393e-10,0.078125,521.515625
7294,-24.179466402699035,3.442778942499551e-06,2.3283064365386963e-10,0.140625,521.65625
7295,-24.179466402699035,3.4427789424165555e-06,2.3283064365386963e-10,0.078125,521.734375
7296,-24.179466402699035,3.4427789423518333e-06,1.1641532182693481e-10,0.03125,521.765625
7297,-24.179466402699035,3.442778942363558e-06,5.820766091346741e-11,0.0625,521.828125
7298,-24.179466402699035,3.442778942363558e-06,1.1641532182693481e-10,0.046875,521.875
7299,-24.179466402699035,3.442778942394978e-06,2.3283064365386963e-10,0.125,522.0
7300,-24.179466402699035,3.4427789424021864e-06,2.3283064365386963e-10,0.078125,522.078125
7301,-24.179466402699035,3.4427789424531914e-06,1.1641532182693481e-10,0.140625,522.21875
7302,-24.179466402699035,3.4427789424710307e-06,2.3283064365386963e-10,0.140625,522.359375
7303,-24.179466402699035,3.4427789423976014e-06,1.1641532182693481e-10,0.03125,522.390625
7304,-24.179466402699035,3.4427789424229074e-06,1.1641532182693481e-10,0.140625,522.53125
7305,-24.179466402699035,3.4427789424655072e-06,4.656612873077393e-10,0.171875,522.703125
7306,-24.179466402699035,3.442778942412317e-06,2.3283064365386963e-10,0.109375,522.8125
7307,-24.179466402699035,3.4427789423676897e-06,1.1641532182693481e-10,0.140625,522.953125
7308,-24.179466402699035,3.442778942400828e-06,2.3283064365386963e-10,0.015625,522.96875
7309,-24.179466402699035,3.44277894245766e-06,1.1641532182693481e-10,0.03125,523.0
7310,-24.179466402699035,3.442778942460402e-06,1.1641532182693481e-10,0.046875,523.046875
7311,-24.179466402699035,3.4427789424428686e-06,5.820766091346741e-11,0.03125,523.078125
7312,-24.179466402699035,3.4427789424301533e-06,2.9103830456733704e-11,0.15625,523.234375
7313,-24.179466402699035,3.4427789424301533e-06,1.1641532182693481e-10,0.09375,523.328125
7314,-24.179466402699035,3.4427789424428686e-06,5.820766091346741e-11,0.125,523.453125
7315,-24.179466402699035,3.442778942427046e-06,1.1641532182693481e-10,0.046875,523.5
7316,-24.179466402699035,3.4427789424275737e-06,1.1641532182693481e-10,0.03125,523.53125
7317,-24.179466402699035,3.442778942411751e-06,4.656612873077393e-10,0.09375,523.625
7318,-24.179466402699035,3.4427789423506114e-06,1.1641532182693481e-10,0.03125,523.65625
7319,-24.179466402699035,3.4427789423743635e-06,4.656612873077393e-10,0.09375,523.75
7320,-24.179466402699035,3.4427789424191445e-06,4.656612873077393e-10,0.078125,523.828125
7321,-24.179466402699035,3.4427789425298123e-06,4.656612873077393e-10,0.140625,523.96875
7322,-24.179466402699035,3.4427789425213157e-06,2.3283064365386963e-10,0.09375,524.0625
7323,-24.179466402699035,3.4427789425479303e-06,5.820766091346741e-11,0.140625,524.203125
7324,-24.179466402699035,3.4427789425479303e-06,2.3283064365386963e-10,0.109375,524.3125
7325,-24.179466402699035,3.442778942543226e-06,1.1641532182693481e-10,0.046875,524.359375
7326,-24.179466402699035,3.4427789425201095e-06,4.656612873077393e-10,0.078125,524.4375
7327,-24.179466402699035,3.4427789423766314e-06,2.3283064365386963e-10,0.125,524.5625
7328,-24.179466402699035,3.4427789423881524e-06,2.3283064365386963e-10,0.109375,524.671875
7329,-24.179466402699035,3.4427789424306793e-06,1.1641532182693481e-10,0.046875,524.71875
7330,-24.179466402699035,3.4427789424306793e-06,1.1641532182693481e-10,0.0625,524.78125
7331,-24.179466402699035,3.4427789424306793e-06,2.3283064365386963e-10,0.078125,524.859375
7332,-24.179466402699035,3.442778942409506e-06,2.3283064365386963e-10,0.140625,525.0
7333,-24.179466402699035,3.442778942456619e-06,9.313225746154785e-10,0.078125,525.078125
7334,-24.179466402699035,3.4427789427532392e-06,2.3283064365386963e-10,0.140625,525.21875
7335,-24.179466402699035,3.4427789428066493e-06,4.656612873077393e-10,0.109375,525.328125
7336,-24.179466402699035,3.442778942823468e-06,5.820766091346741e-11,0.046875,525.375
7337,-24.179466402699035,3.442778942821116e-06,4.656612873077393e-10,0.09375,525.46875
7338,-24.179466402699035,3.442778942838739e-06,5.820766091346741e-11,0.09375,525.5625
7339,-24.179466402699035,3.4427789428432543e-06,4.656612873077393e-10,0.09375,525.65625
7340,-24.179466402699035,3.442778942903514e-06,2.3283064365386963e-10,0.09375,525.75
7341,-24.179466402699035,3.4427789428871594e-06,4.656612873077393e-10,0.140625,525.890625
7342,-24.179466402699035,3.442778942882942e-06,2.3283064365386963e-10,0.125,526.015625
7343,-24.179466402699035,3.4427789427855912e-06,1.1641532182693481e-10,0.03125,526.046875
7344,-24.179466402699035,3.4427789427855912e-06,2.3283064365386963e-10,0.078125,526.125
7345,-24.179466402699035,3.4427789427569645e-06,1.1641532182693481e-10,0.109375,526.234375
7346,-24.179466402699035,3.442778942759131e-06,1.1641532182693481e-10,0.0625,526.296875
7347,-24.179466402699035,3.442778942759131e-06,2.3283064365386963e-10,0.078125,526.375
7348,-24.179466402699035,3.4427789427599367e-06,1.1641532182693481e-10,0.140625,526.515625
7349,-24.179466402699035,3.4427789427927233e-06,4.656612873077393e-10,0.046875,526.5625
7350,-24.179466402699035,3.44277894280102e-06,1.1641532182693481e-10,0.046875,526.609375
7351,-24.179466402699035,3.4427789427853727e-06,2.3283064365386963e-10,0.078125,526.6875
7352,-24.179466402699035,3.442778942781708e-06,1.1641532182693481e-10,0.125,526.8125
7353,-24.179466402699035,3.4427789427759706e-06,2.3283064365386963e-10,0.0625,526.875
7354,-24.179466402699035,3.442778942750108e-06,5.820766091346741e-11,0.046875,526.921875
7355,-24.179466402699035,3.442778942750108e-06,5.820766091346741e-11,0.09375,527.015625
7356,-24.179466402699035,3.442778942750108e-06,5.820766091346741e-11,0.140625,527.15625
7357,-24.179466402699035,3.442778942750108e-06,1.1641532182693481e-10,0.09375,527.25
7358,-24.179466402699035,3.4427789427541744e-06,4.656612873077393e-10,0.140625,527.390625
7359,-24.179466402699035,3.442778942757175e-06,1.1641532182693481e-10,0.140625,527.53125
7360,-24.179466402699035,3.4427789427435564e-06,1.1641532182693481e-10,0.140625,527.671875
7361,-24.179466402699035,3.4427789427459514e-06,2.3283064365386963e-10,0.078125,527.75
7362,-24.179466402699035,3.4427789427702998e-06,4.656612873077393e-10,0.03125,527.78125
7363,-24.179466402699035,3.442778942778848e-06,4.656612873077393e-10,0.0625,527.84375
7364,-24.179466402699035,3.4427789427790936e-06,1.1641532182693481e-10,0.03125,527.875
7365,-24.179466402699035,3.4427789427878647e-06,2.3283064365386963e-10,0.109375,527.984375
7366,-24.179466402699035,3.4427789427224894e-06,1.1641532182693481e-10,0.140625,528.125
7367,-24.179466402699035,3.4427789427224894e-06,2.3283064365386963e-10,0.125,528.25
7368,-24.179466402699035,3.4427789427165856e-06,4.656612873077393e-10,0.15625,528.40625
7369,-24.179466402699035,3.442778942697248e-06,9.313225746154785e-10,0.078125,528.484375
7370,-24.179466402699035,3.4427789427709215e-06,4.656612873077393e-10,0.125,528.609375
7371,-24.179466402699035,3.442778942848551e-06,4.656612873077393e-10,0.015625,528.625
7372,-24.179466402699035,3.4427789428497866e-06,4.656612873077393e-10,0.109375,528.734375
7373,-24.179466402699035,3.442778942882722e-06,9.313225746154785e-10,0.09375,528.828125
7374,-24.179466402699035,3.4427789428083764e-06,9.313225746154785e-10,0.078125,528.90625
7375,-24.179466402699035,3.4427789427781725e-06,4.656612873077393e-10,0.140625,529.046875
7376,-24.179466402699035,3.442778942562266e-06,9.313225746154785e-10,0.046875,529.09375
7377,-24.179466402699035,3.442778942574244e-06,1.862645149230957e-09,0.140625,529.234375
7378,-24.179466402699035,3.442778942533642e-06,4.656612873077393e-10,0.109375,529.34375
7379,-24.179466402699035,3.442778942587089e-06,5.820766091346741e-11,0.078125,529.421875
7380,-24.179466402699035,3.442778942580908e-06,5.820766091346741e-11,0.046875,529.46875
7381,-24.179466402699035,3.442778942580908e-06,5.820766091346741e-11,0.0625,529.53125
7382,-24.179466402699035,3.442778942580908e-06,1.1641532182693481e-10,0.125,529.65625
7383,-24.179466402699035,3.442778942581759e-06,2.3283064365386963e-10,0.078125,529.734375
7384,-24.179466402699035,3.442778942608361e-06,4.656612873077393e-10,0.078125,529.8125
7385,-24.179466402699035,3.442778942603131e-06,4.656612873077393e-10,0.109375,529.921875
7386,-24.179466402699035,3.4427789425683307e-06,1.862645149230957e-09,0.078125,530.0
7387,-24.179466402699035,3.442778942252574e-06,2.3283064365386963e-10,0.078125,530.078125
7388,-24.179466402699035,3.4427789422273296e-06,4.656612873077393e-10,0.125,530.203125
7389,-24.179466402699035,3.4427789421816186e-06,1.1641532182693481e-10,0.078125,530.28125
7390,-24.179466402699035,3.442778942178666e-06,5.820766091346741e-11,0.09375,530.375
7391,-24.179466402699035,3.442778942178666e-06,1.1641532182693481e-10,0.125,530.5
7392,-24.179466402699035,3.4427789421825677e-06,1.1641532182693481e-10,0.046875,530.546875
7393,-24.179466402699035,3.4427789421732872e-06,5.820766091346741e-11,0.140625,530.6875
7394,-24.179466402699035,3.4427789421640948e-06,5.820766091346741e-11,0.109375,530.796875
7395,-24.179466402699035,3.4427789421458607e-06,5.820766091346741e-11,0.140625,530.9375
7396,-24.179466402699035,3.442778942146636e-06,2.3283064365386963e-10,0.125,531.0625
7397,-24.179466402699035,3.4427789421511424e-06,9.313225746154785e-10,0.140625,531.203125
7398,-24.179466402699035,3.4427789422589595e-06,2.3283064365386963e-10,0.03125,531.234375
7399,-24.179466402699035,3.442778942201681e-06,2.3283064365386963e-10,0.140625,531.375
7400,-24.179466402699035,3.442778942225084e-06,5.820766091346741e-11,0.078125,531.453125
7401,-24.179466402699035,3.442778942225084e-06,4.656612873077393e-10,0.046875,531.5
7402,-24.179466402699035,3.442778942238248e-06,2.3283064365386963e-10,0.03125,531.53125
7403,-24.179466402699035,3.4427789422335354e-06,1.1641532182693481e-10,0.109375,531.640625
7404,-24.179466402699035,3.4427789422633247e-06,5.820766091346741e-11,0.140625,531.78125
7405,-24.179466402699035,3.4427789422633247e-06,5.820766091346741e-11,0.078125,531.859375
7406,-24.179466402699035,3.4427789422633247e-06,2.3283064365386963e-10,0.140625,532.0
7407,-24.179466402699035,3.442778942254396e-06,2.9103830456733704e-11,0.140625,532.140625
7408,-24.179466402699035,3.442778942254396e-06,5.820766091346741e-11,0.140625,532.28125
7409,-24.179466402699035,3.442778942275861e-06,2.3283064365386963e-10,0.078125,532.359375
7410,-24.179466402699035,3.4427789422737123e-06,1.862645149230957e-09,0.046875,532.40625
7411,-24.179466402699035,3.442778942527259e-06,9.313225746154785e-10,0.09375,532.5
7412,-24.179466402699035,3.4427789426300828e-06,2.3283064365386963e-10,0.09375,532.59375
7413,-24.179466402699035,3.442778942639041e-06,4.656612873077393e-10,0.09375,532.6875
7414,-24.179466402699035,3.442778942709874e-06,4.656612873077393e-10,0.03125,532.71875
7415,-24.179466402699035,3.4427789426334133e-06,2.3283064365386963e-10,0.09375,532.8125
7416,-24.179466402699035,3.4427789425816884e-06,5.820766091346741e-11,0.046875,532.859375
7417,-24.179466402699035,3.4427789425751772e-06,1.862645149230957e-09,0.09375,532.953125
7418,-24.179466402699035,3.442778942588543e-06,9.313225746154785e-10,0.140625,533.09375
7419,-24.179466402699035,3.4427789423352327e-06,4.656612873077393e-10,0.09375,533.1875
7420,-24.179466402699035,3.442778942406149e-06,2.3283064365386963e-10,0.03125,533.21875
7421,-24.179466402699035,3.4427789424131915e-06,2.3283064365386963e-10,0.03125,533.25
7422,-24.179466402699035,3.4427789425274334e-06,4.656612873077393e-10,0.09375,533.34375
7423,-24.179466402699035,3.4427789425735615e-06,4.656612873077393e-10,0.03125,533.375
7424,-24.179466402699035,3.4427789425795793e-06,4.656612873077393e-10,0.125,533.5
7425,-24.179466402699035,3.442778942548136e-06,2.3283064365386963e-10,0.0625,533.5625
7426,-24.179466402699035,3.442778942502604e-06,4.656612873077393e-10,0.109375,533.671875
7427,-24.179466402699035,3.442778942511437e-06,2.3283064365386963e-10,0.0625,533.734375
7428,-24.179466402699035,3.4427789425268426e-06,9.313225746154785e-10,0.078125,533.8125
7429,-24.179466402699035,3.442778942355134e-06,5.820766091346741e-11,0.09375,533.90625
7430,-24.179466402699035,3.4427789423192924e-06,1.1641532182693481e-10,0.140625,534.046875
7431,-24.179466402699035,3.4427789423166988e-06,2.3283064365386963e-10,0.0625,534.109375
7432,-24.179466402699035,3.442778942317985e-06,2.3283064365386963e-10,0.03125,534.140625
7433,-24.179466402699035,3.4427789423625334e-06,1.1641532182693481e-10,0.125,534.265625
7434,-24.179466402699035,3.4427789423671112e-06,2.3283064365386963e-10,0.140625,534.40625
7435,-24.179466402699035,3.4427789423453967e-06,1.862645149230957e-09,0.109375,534.515625
7436,-24.179466402699035,3.442778942058842e-06,9.313225746154785e-10,0.046875,534.5625
7437,-24.179466402699035,3.442778941957404e-06,2.3283064365386963e-10,0.09375,534.65625
7438,-24.179466402699035,3.4427789419734827e-06,4.656612873077393e-10,0.109375,534.765625
7439,-24.179466402699035,3.4427789418777252e-06,9.313225746154785e-10,0.09375,534.859375
7440,-24.179466402699035,3.4427789416315283e-06,1.862645149230957e-09,0.046875,534.90625
7441,-24.179466402699035,3.4427789415545606e-06,2.3283064365386963e-10,0.09375,535.0
7442,-24.179466402699035,3.4427789415894393e-06,1.1641532182693481e-10,0.0625,535.0625
7443,-24.179466402699035,3.442778941596627e-06,4.656612873077393e-10,0.046875,535.109375
7444,-24.179466402699035,3.4427789416818717e-06,4.656612873077393e-10,0.09375,535.203125
7445,-24.179466402699035,3.442778941712601e-06,2.3283064365386963e-10,0.234375,535.4375
7446,-24.179466402699035,3.4427789417067444e-06,2.3283064365386963e-10,0.078125,535.515625
7447,-24.179466402699035,3.442778941715254e-06,1.1641532182693481e-10,0.046875,535.5625
7448,-24.179466402699035,3.4427789417113184e-06,2.3283064365386963e-10,0.125,535.6875
7449,-24.179466402699035,3.4427789416863458e-06,2.3283064365386963e-10,0.09375,535.78125
7450,-24.179466402699035,3.4427789417035448e-06,4.656612873077393e-10,0.15625,535.9375
7451,-24.179466402699035,3.4427789416404925e-06,2.9103830456733704e-11,0.140625,536.078125
7452,-24.179466402699035,3.4427789416404925e-06,2.9103830456733704e-11,0.09375,536.171875
7453,-24.179466402699035,3.4427789416404925e-06,1.4551915228366852e-11,0.125,536.296875
7454,-24.179466402699035,3.4427789416404925e-06,2.9103830456733704e-11,0.140625,536.4375
7455,-24.179466402699035,3.4427789416404925e-06,5.820766091346741e-11,0.03125,536.46875
7456,-24.179466402699035,3.4427789416404925e-06,4.656612873077393e-10,0.09375,536.5625
7457,-24.179466402699035,3.442778941548078e-06,9.313225746154785e-10,0.09375,536.65625
7458,-24.179466402699035,3.4427789412648334e-06,1.862645149230957e-09,0.046875,536.703125
7459,-24.179466402699035,3.442778941438236e-06,1.1641532182693481e-10,0.140625,536.84375
7460,-24.179466402699035,3.442778941438486e-06,2.3283064365386963e-10,0.09375,536.9375
7461,-24.179466402699035,3.4427789413788135e-06,4.656612873077393e-10,0.0625,537.0
7462,-24.179466402699035,3.442778941411759e-06,4.656612873077393e-10,0.03125,537.03125
7463,-24.179466402699035,3.442778941421735e-06,4.656612873077393e-10,0.0625,537.09375
7464,-24.179466402699035,3.442778941401124e-06,9.313225746154785e-10,0.046875,537.140625
7465,-24.179466402699035,3.442778941100866e-06,9.313225746154785e-10,0.125,537.265625
7466,-24.179466402699035,3.4427789410088405e-06,1.862645149230957e-09,0.015625,537.28125
7467,-24.179466402699035,3.4427789404228144e-06,2.3283064365386963e-10,0.078125,537.359375
7468,-24.179466402699035,3.442778940460656e-06,5.820766091346741e-11,0.140625,537.5
7469,-24.179466402699035,3.442778940460656e-06,5.820766091346741e-11,0.15625,537.65625
7470,-24.179466402699035,3.442778940460656e-06,9.313225746154785e-10,0.09375,537.75
7471,-24.179466402699035,3.4427789405718884e-06,4.656612873077393e-10,0.140625,537.890625
7472,-24.179466402699035,3.4427789405234923e-06,4.656612873077393e-10,0.125,538.015625
7473,-24.179466402699035,3.4427789406287616e-06,4.656612873077393e-10,0.140625,538.15625
7474,-24.179466402699035,3.442778940618096e-06,1.862645149230957e-09,0.0625,538.21875
7475,-24.179466402699035,3.442778940499335e-06,9.313225746154785e-10,0.140625,538.359375
7476,-24.179466402699035,3.442778940636537e-06,4.656612873077393e-10,0.078125,538.4375
7477,-24.179466402699035,3.442778940539537e-06,2.3283064365386963e-10,0.109375,538.546875
7478,-24.179466402699035,3.4427789405354486e-06,2.3283064365386963e-10,0.015625,538.5625
7479,-24.179466402699035,3.4427789405548753e-06,9.313225746154785e-10,0.09375,538.65625
7480,-24.179466402699035,3.4427789405986767e-06,4.656612873077393e-10,0.140625,538.796875
7481,-24.179466402699035,3.442778940698367e-06,9.313225746154785e-10,0.03125,538.828125
7482,-24.179466402699035,3.442778940589997e-06,9.313225746154785e-10,0.140625,538.96875
7483,-24.179466402699035,3.442778940585995e-06,2.3283064365386963e-10,0.046875,539.015625
7484,-24.179466402699035,3.4427789405747544e-06,9.313225746154785e-10,0.140625,539.15625
7485,-24.179466402699035,3.442778940545538e-06,1.1641532182693481e-10,0.078125,539.234375
7486,-24.179466402699035,3.442778940543182e-06,2.3283064365386963e-10,0.140625,539.375
7487,-24.179466402699035,3.4427789405499376e-06,4.656612873077393e-10,0.0625,539.4375
7488,-24.179466402699035,3.4427789406700735e-06,2.3283064365386963e-10,0.140625,539.578125
7489,-24.179466402699035,3.4427789406788543e-06,9.313225746154785e-10,0.078125,539.65625
7490,-24.179466402699035,3.4427789406329337e-06,2.3283064365386963e-10,0.09375,539.75
7491,-24.179466402699035,3.4427789405870092e-06,1.862645149230957e-09,0.03125,539.78125
7492,-24.179466402699035,3.442778940763022e-06,9.313225746154785e-10,0.125,539.90625
7493,-24.179466402699035,3.4427789407973576e-06,4.656612873077393e-10,0.109375,540.015625
7494,-24.179466402699035,3.442778940881356e-06,4.656612873077393e-10,0.140625,540.15625
7495,-24.179466402699035,3.4427789408437686e-06,9.313225746154785e-10,0.03125,540.1875
7496,-24.179466402699035,3.442778940798906e-06,1.862645149230957e-09,0.046875,540.234375
7497,-24.179466402699035,3.4427789401643516e-06,9.313225746154785e-10,0.09375,540.328125
7498,-24.179466402699035,3.442778940042714e-06,9.313225746154785e-10,0.0625,540.390625
7499,-24.179466402699035,3.442778939978818e-06,4.656612873077393e-10,0.078125,540.46875
7500,-24.179466402699035,3.442778939968164e-06,4.656612873077393e-10,0.03125,540.5
7501,-24.179466402699035,3.442778940058621e-06,2.3283064365386963e-10,0.0625,540.5625
7502,-24.179466402699035,3.44277894004809e-06,1.1641532182693481e-10,0.125,540.6875
7503,-24.179466402699035,3.44277894004809e-06,2.3283064365386963e-10,0.171875,540.859375
7504,-24.179466402699035,3.4427789400261896e-06,2.3283064365386963e-10,0.140625,541.0
7505,-24.179466402699035,3.442778939986084e-06,1.1641532182693481e-10,0.09375,541.09375
7506,-24.179466402699035,3.442778939985199e-06,4.656612873077393e-10,0.140625,541.234375
7507,-24.179466402699035,3.4427789400503507e-06,9.313225746154785e-10,0.09375,541.328125
7508,-24.179466402699035,3.442778940197292e-06,9.313225746154785e-10,0.140625,541.46875
7509,-24.179466402699035,3.442778940297224e-06,9.313225746154785e-10,0.046875,541.515625
7510,-24.179466402699035,3.4427789403303235e-06,9.313225746154785e-10,0.03125,541.546875
7511,-24.179466402699035,3.4427789402288574e-06,9.313225746154785e-10,0.0625,541.609375
7512,-24.179466402699035,3.442778939967647e-06,1.862645149230957e-09,0.03125,541.640625
7513,-24.179466402699035,3.4427789398327526e-06,4.656612873077393e-10,0.203125,541.84375
7514,-24.179466402699035,3.4427789398609055e-06,4.656612873077393e-10,0.109375,541.953125
7515,-24.179466402699035,3.442778939874599e-06,4.656612873077393e-10,0.09375,542.046875
7516,-24.179466402699035,3.442778939849704e-06,9.313225746154785e-10,0.140625,542.1875
7517,-24.179466402699035,3.442778939940318e-06,1.862645149230957e-09,0.140625,542.328125
7518,-24.179466402699035,3.4427789398647027e-06,4.656612873077393e-10,0.078125,542.40625
7519,-24.179466402699035,3.442778939850008e-06,2.3283064365386963e-10,0.140625,542.546875
7520,-24.179466402699035,3.4427789398436544e-06,1.862645149230957e-09,0.09375,542.640625
7521,-24.179466402699035,3.4427789400782952e-06,1.1641532182693481e-10,0.140625,542.78125
7522,-24.179466402699035,3.442778940079508e-06,1.1641532182693481e-10,0.0625,542.84375
7523,-24.179466402699035,3.4427789400784036e-06,9.313225746154785e-10,0.140625,542.984375
7524,-24.179466402699035,3.4427789401212135e-06,2.3283064365386963e-10,0.078125,543.0625
7525,-24.179466402699035,3.4427789401066475e-06,1.862645149230957e-09,0.140625,543.203125
7526,-24.179466402699035,3.442778939540235e-06,4.656612873077393e-10,0.0625,543.265625
7527,-24.179466402699035,3.442778939502239e-06,4.656612873077393e-10,0.140625,543.40625
7528,-24.179466402699035,3.442778939592194e-06,4.656612873077393e-10,0.0625,543.46875
7529,-24.179466402699035,3.442778939567279e-06,4.656612873077393e-10,0.09375,543.5625
7530,-24.179466402699035,3.442778939527953e-06,4.656612873077393e-10,0.125,543.6875
7531,-24.179466402699035,3.442778939434485e-06,4.656612873077393e-10,0.078125,543.765625
7532,-24.179466402699035,3.442778939444228e-06,1.862645149230957e-09,0.015625,543.78125
7533,-24.179466402699035,3.4427789391386934e-06,1.862645149230957e-09,0.0625,543.84375
7534,-24.179466402699035,3.4427789391558035e-06,2.3283064365386963e-10,0.140625,543.984375
7535,-24.179466402699035,3.4427789391502597e-06,2.3283064365386963e-10,0.046875,544.03125
7536,-24.179466402699035,3.4427789391202993e-06,9.313225746154785e-10,0.125,544.15625
7537,-24.179466402699035,3.44277893903192e-06,9.313225746154785e-10,0.09375,544.25
7538,-24.179466402699035,3.442778938965148e-06,9.313225746154785e-10,0.140625,544.390625
7539,-24.179466402699035,3.4427789388432615e-06,2.3283064365386963e-10,0.046875,544.4375
7540,-24.179466402699035,3.4427789388626695e-06,9.313225746154785e-10,0.03125,544.46875
7541,-24.179466402699035,3.4427789388356555e-06,4.656612873077393e-10,0.03125,544.5
7542,-24.179466402699035,3.4427789388433593e-06,1.1641532182693481e-10,0.03125,544.53125
7543,-24.179466402699035,3.442778938848937e-06,5.820766091346741e-11,0.046875,544.578125
7544,-24.179466402699035,3.4427789388512104e-06,2.3283064365386963e-10,0.15625,544.734375
7545,-24.179466402699035,3.442778938792851e-06,9.313225746154785e-10,0.109375,544.84375
7546,-24.179466402699035,3.4427789385335604e-06,9.313225746154785e-10,0.046875,544.890625
7547,-24.179466402699035,3.442778938558844e-06,2.3283064365386963e-10,0.03125,544.921875
7548,-24.179466402699035,3.4427789385750595e-06,4.656612873077393e-10,0.046875,544.96875
7549,-24.179466402699035,3.4427789385818345e-06,9.313225746154785e-10,0.140625,545.109375
7550,-24.179466402699035,3.4427789385038346e-06,2.3283064365386963e-10,0.171875,545.28125
7551,-24.179466402699035,3.442778938488206e-06,2.3283064365386963e-10,0.0625,545.34375
7552,-24.179466402699035,3.4427789385214114e-06,4.656612873077393e-10,0.109375,545.453125
7553,-24.179466402699035,3.4427789386138638e-06,4.656612873077393e-10,0.109375,545.5625
7554,-24.179466402699035,3.442778938591737e-06,4.656612873077393e-10,0.078125,545.640625
7555,-24.179466402699035,3.4427789385382627e-06,1.862645149230957e-09,0.0625,545.703125
7556,-24.179466402699035,3.4427789387838806e-06,2.3283064365386963e-10,0.046875,545.75
7557,-24.179466402699035,3.442778938734484e-06,9.313225746154785e-10,0.0625,545.8125
7558,-24.179466402699035,3.4427789388502673e-06,2.3283064365386963e-10,0.140625,545.953125
7559,-24.179466402699035,3.4427789388142463e-06,2.3283064365386963e-10,0.125,546.078125
7560,-24.179466402699035,3.4427789388303573e-06,4.656612873077393e-10,0.1875,546.265625
7561,-24.179466402699035,3.442778938628518e-06,4.656612873077393e-10,0.046875,546.3125
7562,-24.179466402699035,3.4427789386834115e-06,4.656612873077393e-10,0.0625,546.375
7563,-24.179466402699035,3.44277893863691e-06,4.656612873077393e-10,0.03125,546.40625
7564,-24.179466402699035,3.4427789385842595e-06,2.3283064365386963e-10,0.140625,546.546875
7565,-24.179466402699035,3.4427789386347363e-06,4.656612873077393e-10,0.078125,546.625
7566,-24.179466402699035,3.4427789385508767e-06,4.656612873077393e-10,0.09375,546.71875
7567,-24.179466402699035,3.442778938597341e-06,2.3283064365386963e-10,0.015625,546.734375
7568,-24.179466402699035,3.4427789385502956e-06,2.9103830456733704e-11,0.15625,546.890625
7569,-24.179466402699035,3.4427789385502956e-06,9.313225746154785e-10,0.140625,547.03125
7570,-24.179466402699035,3.442778938686196e-06,1.1641532182693481e-10,0.0625,547.09375
7571,-24.179466402699035,3.442778938674851e-06,2.3283064365386963e-10,0.125,547.21875
7572,-24.179466402699035,3.4427789387078412e-06,2.3283064365386963e-10,0.03125,547.25
7573,-24.179466402699035,3.4427789387410153e-06,4.656612873077393e-10,0.046875,547.296875
7574,-24.179466402699035,3.4427789386608237e-06,2.3283064365386963e-10,0.140625,547.4375
7575,-24.179466402699035,3.4427789386274324e-06,1.1641532182693481e-10,0.09375,547.53125
7576,-24.179466402699035,3.4427789386390215e-06,4.656612873077393e-10,0.109375,547.640625
7577,-24.179466402699035,3.4427789386345987e-06,4.656612873077393e-10,0.046875,547.6875
7578,-24.179466402699035,3.442778938622793e-06,2.3283064365386963e-10,0.140625,547.828125
7579,-24.179466402699035,3.4427789386536332e-06,2.3283064365386963e-10,0.09375,547.921875
7580,-24.179466402699035,3.4427789386831976e-06,4.656612873077393e-10,0.046875,547.96875
7581,-24.179466402699035,3.4427789385161924e-06,4.656612873077393e-10,0.125,548.09375
7582,-24.179466402699035,3.442778938417086e-06,4.656612873077393e-10,0.0625,548.15625
7583,-24.179466402699035,3.442778938446209e-06,2.3283064365386963e-10,0.0625,548.21875
7584,-24.179466402699035,3.4427789384080856e-06,1.1641532182693481e-10,0.078125,548.296875
7585,-24.179466402699035,3.4427789384019683e-06,2.3283064365386963e-10,0.03125,548.328125
7586,-24.179466402699035,3.4427789383885517e-06,4.656612873077393e-10,0.109375,548.4375
7587,-24.179466402699035,3.4427789384940717e-06,4.656612873077393e-10,0.015625,548.453125
7588,-24.179466402699035,3.4427789385376532e-06,2.3283064365386963e-10,0.15625,548.609375
7589,-24.179466402699035,3.442778938525938e-06,1.1641532182693481e-10,0.140625,548.75
7590,-24.179466402699035,3.442778938525938e-06,2.3283064365386963e-10,0.09375,548.84375
7591,-24.179466402699035,3.4427789385194395e-06,4.656612873077393e-10,0.140625,548.984375
7592,-24.179466402699035,3.442778938606703e-06,4.656612873077393e-10,0.046875,549.03125
7593,-24.179466402699035,3.4427789385726264e-06,2.3283064365386963e-10,0.140625,549.171875
7594,-24.179466402699035,3.4427789385918663e-06,2.9103830456733704e-11,0.09375,549.265625
7595,-24.179466402699035,3.4427789385918663e-06,1.1641532182693481e-10,0.046875,549.3125
7596,-24.179466402699035,3.4427789385937967e-06,1.1641532182693481e-10,0.046875,549.359375
7597,-24.179466402699035,3.442778938587818e-06,2.3283064365386963e-10,0.09375,549.453125
7598,-24.179466402699035,3.442778938609448e-06,2.3283064365386963e-10,0.140625,549.59375
7599,-24.179466402699035,3.4427789386077977e-06,5.820766091346741e-11,0.140625,549.734375
7600,-24.179466402699035,3.4427789386032763e-06,4.656612873077393e-10,0.140625,549.875
7601,-24.179466402699035,3.4427789385610873e-06,4.656612873077393e-10,0.046875,549.921875
7602,-24.179466402699035,3.442778938602464e-06,2.3283064365386963e-10,0.140625,550.0625
7603,-24.179466402699035,3.4427789386105845e-06,4.656612873077393e-10,0.09375,550.15625
7604,-24.179466402699035,3.4427789385753932e-06,1.1641532182693481e-10,0.0625,550.21875
7605,-24.179466402699035,3.4427789385753932e-06,1.1641532182693481e-10,0.09375,550.3125
7606,-24.179466402699035,3.4427789385983715e-06,2.3283064365386963e-10,0.03125,550.34375
7607,-24.179466402699035,3.4427789385944968e-06,9.313225746154785e-10,0.0625,550.40625
7608,-24.179466402699035,3.442778938861517e-06,4.656612873077393e-10,0.140625,550.546875
7609,-24.179466402699035,3.44277893879023e-06,4.656612873077393e-10,0.0,550.546875
7610,-24.179466402699035,3.4427789387058587e-06,2.3283064365386963e-10,0.09375,550.640625
7611,-24.179466402699035,3.442778938758295e-06,4.656612873077393e-10,0.09375,550.734375
7612,-24.179466402699035,3.4427789386948312e-06,1.4551915228366852e-11,0.109375,550.84375
7613,-24.179466402699035,3.4427789386948312e-06,1.4551915228366852e-11,0.03125,550.875
7614,-24.179466402699035,3.4427789386948312e-06,2.3283064365386963e-10,0.125,551.0
7615,-24.179466402699035,3.442778938589685e-06,4.656612873077393e-10,0.140625,551.140625
7616,-24.179466402699035,3.4427789385368803e-06,2.3283064365386963e-10,0.109375,551.25
7617,-24.179466402699035,3.4427789385154284e-06,4.656612873077393e-10,0.140625,551.390625
7618,-24.179466402699035,3.442778938262263e-06,2.3283064365386963e-10,0.046875,551.4375
7619,-24.179466402699035,3.4427789382661343e-06,2.3283064365386963e-10,0.140625,551.578125
7620,-24.179466402699035,3.4427789383968687e-06,4.656612873077393e-10,0.046875,551.625
7621,-24.179466402699035,3.4427789383910937e-06,4.656612873077393e-10,0.140625,551.765625
7622,-24.179466402699035,3.4427789385158286e-06,4.656612873077393e-10,0.078125,551.84375
7623,-24.179466402699035,3.442778938461342e-06,4.656612873077393e-10,0.140625,551.984375
7624,-24.179466402699035,3.442778938428846e-06,2.3283064365386963e-10,0.078125,552.0625
7625,-24.179466402699035,3.442778938415566e-06,2.3283064365386963e-10,0.109375,552.171875
7626,-24.179466402699035,3.4427789384722564e-06,1.1641532182693481e-10,0.03125,552.203125
7627,-24.179466402699035,3.4427789384641215e-06,9.313225746154785e-10,0.078125,552.28125
7628,-24.179466402699035,3.442778938140742e-06,2.3283064365386963e-10,0.03125,552.3125
7629,-24.179466402699035,3.442778938134401e-06,9.313225746154785e-10,0.0625,552.375
7630,-24.179466402699035,3.4427789382015014e-06,2.3283064365386963e-10,0.140625,552.515625
7631,-24.179466402699035,3.4427789382788347e-06,2.3283064365386963e-10,0.0625,552.578125
7632,-24.179466402699035,3.442778938272237e-06,2.3283064365386963e-10,0.140625,552.71875
7633,-24.179466402699035,3.4427789382860967e-06,1.1641532182693481e-10,0.078125,552.796875
7634,-24.179466402699035,3.4427789382733e-06,2.3283064365386963e-10,0.140625,552.9375
7635,-24.179466402699035,3.442778938283064e-06,4.656612873077393e-10,0.109375,553.046875
7636,-24.179466402699035,3.4427789382814724e-06,5.820766091346741e-11,0.140625,553.1875
7637,-24.179466402699035,3.4427789382814724e-06,1.4551915228366852e-11,0.046875,553.234375
7638,-24.179466402699035,3.4427789382814724e-06,2.9103830456733704e-11,0.03125,553.265625
7639,-24.179466402699035,3.4427789382814724e-06,1.4551915228366852e-11,0.15625,553.421875
7640,-24.179466402699035,3.4427789382814724e-06,4.656612873077393e-10,0.109375,553.53125
7641,-24.179466402699035,3.442778938245119e-06,4.656612873077393e-10,0.140625,553.671875
7642,-24.179466402699035,3.4427789381499163e-06,2.3283064365386963e-10,0.078125,553.75
7643,-24.179466402699035,3.4427789381716677e-06,5.820766091346741e-11,0.140625,553.890625
7644,-24.179466402699035,3.4427789381674067e-06,2.3283064365386963e-10,0.09375,553.984375
7645,-24.179466402699035,3.442778938169135e-06,2.3283064365386963e-10,0.140625,554.125
7646,-24.179466402699035,3.442778938152433e-06,2.3283064365386963e-10,0.140625,554.265625
7647,-24.179466402699035,3.4427789381782356e-06,4.656612873077393e-10,0.109375,554.375
7648,-24.179466402699035,3.442778938097353e-06,5.820766091346741e-11,0.140625,554.515625
7649,-24.179466402699035,3.4427789380971398e-06,5.820766091346741e-11,0.09375,554.609375
7650,-24.179466402699035,3.4427789380971398e-06,2.3283064365386963e-10,0.03125,554.640625
7651,-24.179466402699035,3.442778938159759e-06,1.1641532182693481e-10,0.0625,554.703125
7652,-24.179466402699035,3.4427789381850267e-06,4.656612873077393e-10,0.046875,554.75
7653,-24.179466402699035,3.442778938052784e-06,4.656612873077393e-10,0.1875,554.9375
7654,-24.179466402699035,3.4427789381023867e-06,4.656612873077393e-10,0.109375,555.046875
7655,-24.179466402699035,3.4427789381174266e-06,4.656612873077393e-10,0.125,555.171875
7656,-24.179466402699035,3.442778938102016e-06,4.656612873077393e-10,0.078125,555.25
7657,-24.179466402699035,3.4427789382953476e-06,2.3283064365386963e-10,0.09375,555.34375
7658,-24.179466402699035,3.4427789382793895e-06,1.1641532182693481e-10,0.078125,555.421875
7659,-24.179466402699035,3.4427789382704453e-06,4.656612873077393e-10,0.140625,555.5625
7660,-24.179466402699035,3.4427789382478528e-06,1.1641532182693481e-10,0.078125,555.640625
7661,-24.179466402699035,3.442778938213932e-06,4.656612873077393e-10,0.140625,555.78125
7662,-24.179466402699035,3.44277893831695e-06,4.656612873077393e-10,0.140625,555.921875
7663,-24.179466402699035,3.442778938190385e-06,4.656612873077393e-10,0.140625,556.0625
7664,-24.179466402699035,3.442778938196921e-06,5.820766091346741e-11,0.078125,556.140625
7665,-24.179466402699035,3.4427789381954113e-06,1.1641532182693481e-10,0.140625,556.28125
7666,-24.179466402699035,3.4427789381954113e-06,2.3283064365386963e-10,0.046875,556.328125
7667,-24.179466402699035,3.442778938159793e-06,2.3283064365386963e-10,0.140625,556.46875
7668,-24.179466402699035,3.442778938169634e-06,4.656612873077393e-10,0.109375,556.578125
7669,-24.179466402699035,3.442778938225393e-06,4.656612873077393e-10,0.140625,556.71875
7670,-24.179466402699035,3.4427789381381586e-06,9.313225746154785e-10,0.09375,556.8125
7671,-24.179466402699035,3.4427789378142786e-06,1.1641532182693481e-10,0.140625,556.953125
7672,-24.179466402699035,3.442778937808341e-06,2.3283064365386963e-10,0.109375,557.0625
7673,-24.179466402699035,3.4427789378435097e-06,4.656612873077393e-10,0.03125,557.09375
7674,-24.179466402699035,3.4427789377868835e-06,2.3283064365386963e-10,0.078125,557.171875
7675,-24.179466402699035,3.4427789377679e-06,2.3283064365386963e-10,0.03125,557.203125
7676,-24.179466402699035,3.4427789377787956e-06,4.656612873077393e-10,0.078125,557.28125
7677,-24.179466402699035,3.4427789376890935e-06,2.3283064365386963e-10,0.09375,557.375
7678,-24.179466402699035,3.4427789376704787e-06,2.3283064365386963e-10,0.046875,557.421875
7679,-24.179466402699035,3.4427789376797643e-06,4.656612873077393e-10,0.09375,557.515625
7680,-24.179466402699035,3.4427789376808832e-06,2.3283064365386963e-10,0.140625,557.65625
7681,-24.179466402699035,3.4427789376643364e-06,2.3283064365386963e-10,0.140625,557.796875
7682,-24.179466402699035,3.4427789376792616e-06,2.3283064365386963e-10,0.125,557.921875
7683,-24.179466402699035,3.442778937674777e-06,4.656612873077393e-10,0.140625,558.0625
7684,-24.179466402699035,3.442778937730728e-06,2.3283064365386963e-10,0.0625,558.125
7685,-24.179466402699035,3.442778937692028e-06,2.3283064365386963e-10,0.140625,558.265625
7686,-24.179466402699035,3.4427789376805067e-06,4.656612873077393e-10,0.0625,558.328125
7687,-24.179466402699035,3.4427789376574263e-06,2.3283064365386963e-10,0.109375,558.4375
7688,-24.179466402699035,3.442778937689787e-06,2.3283064365386963e-10,0.046875,558.484375
7689,-24.179466402699035,3.4427789376970908e-06,4.656612873077393e-10,0.078125,558.5625
7690,-24.179466402699035,3.4427789377599847e-06,2.3283064365386963e-10,0.078125,558.640625
7691,-24.179466402699035,3.442778937699131e-06,4.656612873077393e-10,0.03125,558.671875
7692,-24.179466402699035,3.4427789378035302e-06,2.3283064365386963e-10,0.140625,558.8125
7693,-24.179466402699035,3.44277893777377e-06,2.3283064365386963e-10,0.0625,558.875
7694,-24.179466402699035,3.4427789377788417e-06,2.3283064365386963e-10,0.125,559.0
7695,-24.179466402699035,3.4427789378272315e-06,4.656612873077393e-10,0.046875,559.046875
7696,-24.179466402699035,3.442778937953375e-06,2.3283064365386963e-10,0.046875,559.09375
7697,-24.179466402699035,3.4427789379926545e-06,4.656612873077393e-10,0.09375,559.1875
7698,-24.179466402699035,3.4427789378378177e-06,4.656612873077393e-10,0.078125,559.265625
7699,-24.179466402699035,3.4427789377297236e-06,2.3283064365386963e-10,0.109375,559.375
7700,-24.179466402699035,3.4427789376727238e-06,2.3283064365386963e-10,0.015625,559.390625
7701,-24.179466402699035,3.4427789376404522e-06,2.3283064365386963e-10,0.078125,559.46875
7702,-24.179466402699035,3.44277893763095e-06,2.3283064365386963e-10,0.125,559.59375
7703,-24.179466402699035,3.442778937590633e-06,5.820766091346741e-11,0.0625,559.65625
7704,-24.179466402699035,3.442778937590633e-06,2.3283064365386963e-10,0.078125,559.734375
7705,-24.179466402699035,3.442778937633012e-06,1.1641532182693481e-10,0.078125,559.8125
7706,-24.179466402699035,3.442778937598141e-06,1.1641532182693481e-10,0.140625,559.953125
7707,-24.179466402699035,3.442778937636606e-06,5.820766091346741e-11,0.03125,559.984375
7708,-24.179466402699035,3.442778937636606e-06,2.3283064365386963e-10,0.03125,560.015625
7709,-24.179466402699035,3.4427789375931645e-06,4.656612873077393e-10,0.140625,560.15625
7710,-24.179466402699035,3.4427789376477274e-06,2.3283064365386963e-10,0.109375,560.265625
7711,-24.179466402699035,3.4427789375100214e-06,4.656612873077393e-10,0.09375,560.359375
7712,-24.179466402699035,3.4427789374886398e-06,1.1641532182693481e-10,0.140625,560.5
7713,-24.179466402699035,3.442778937474131e-06,2.3283064365386963e-10,0.140625,560.640625
7714,-24.179466402699035,3.442778937456816e-06,2.3283064365386963e-10,0.0625,560.703125
7715,-24.179466402699035,3.442778937538442e-06,2.3283064365386963e-10,0.140625,560.84375
7716,-24.179466402699035,3.4427789375920722e-06,4.656612873077393e-10,0.046875,560.890625
7717,-24.179466402699035,3.4427789375843986e-06,2.3283064365386963e-10,0.140625,561.03125
7718,-24.179466402699035,3.442778937563143e-06,1.1641532182693481e-10,0.0625,561.09375
7719,-24.179466402699035,3.442778937563143e-06,9.313225746154785e-10,0.03125,561.125
7720,-24.179466402699035,3.4427789376832723e-06,2.3283064365386963e-10,0.078125,561.203125
7721,-24.179466402699035,3.4427789376678474e-06,4.656612873077393e-10,0.140625,561.34375
7722,-24.179466402699035,3.442778937667462e-06,1.1641532182693481e-10,0.140625,561.484375
7723,-24.179466402699035,3.442778937667462e-06,1.1641532182693481e-10,0.046875,561.53125
7724,-24.179466402699035,3.442778937670539e-06,2.3283064365386963e-10,0.140625,561.671875
7725,-24.179466402699035,3.44277893769946e-06,1.1641532182693481e-10,0.046875,561.71875
7726,-24.179466402699035,3.4427789376903387e-06,2.3283064365386963e-10,0.03125,561.75
7727,-24.179466402699035,3.442778937690128e-06,2.3283064365386963e-10,0.046875,561.796875
7728,-24.179466402699035,3.442778937725402e-06,2.3283064365386963e-10,0.15625,561.953125
7729,-24.179466402699035,3.442778937663206e-06,2.3283064365386963e-10,0.125,562.078125
7730,-24.179466402699035,3.4427789376788656e-06,2.3283064365386963e-10,0.078125,562.15625
7731,-24.179466402699035,3.442778937670987e-06,4.656612873077393e-10,0.125,562.28125
7732,-24.179466402699035,3.4427789375781407e-06,1.1641532182693481e-10,0.0625,562.34375
7733,-24.179466402699035,3.4427789375708033e-06,4.656612873077393e-10,0.03125,562.375
7734,-24.179466402699035,3.4427789375908928e-06,2.3283064365386963e-10,0.09375,562.46875
7735,-24.179466402699035,3.4427789375814564e-06,2.3283064365386963e-10,0.046875,562.515625
7736,-24.179466402699035,3.442778937636124e-06,2.3283064365386963e-10,0.046875,562.5625
7737,-24.179466402699035,3.442778937617758e-06,2.3283064365386963e-10,0.046875,562.609375
7738,-24.179466402699035,3.4427789376372483e-06,9.313225746154785e-10,0.0625,562.671875
7739,-24.179466402699035,3.4427789373876167e-06,4.656612873077393e-10,0.109375,562.78125
7740,-24.179466402699035,3.4427789376705037e-06,9.313225746154785e-10,0.109375,562.890625
7741,-24.179466402699035,3.4427789375815013e-06,4.656612873077393e-10,0.0625,562.953125
7742,-24.179466402699035,3.4427789376125967e-06,2.3283064365386963e-10,0.125,563.078125
7743,-24.179466402699035,3.4427789376080896e-06,2.3283064365386963e-10,0.0625,563.140625
7744,-24.179466402699035,3.4427789376062973e-06,4.656612873077393e-10,0.03125,563.171875
7745,-24.179466402699035,3.442778937523791e-06,5.820766091346741e-11,0.078125,563.25
7746,-24.179466402699035,3.442778937523791e-06,4.656612873077393e-10,0.03125,563.28125
7747,-24.179466402699035,3.4427789375721924e-06,4.656612873077393e-10,0.109375,563.390625
7748,-24.179466402699035,3.4427789376376964e-06,5.820766091346741e-11,0.03125,563.421875
7749,-24.179466402699035,3.4427789376376964e-06,2.3283064365386963e-10,0.078125,563.5
7750,-24.179466402699035,3.442778937640308e-06,2.3283064365386963e-10,0.046875,563.546875
7751,-24.179466402699035,3.442778937594496e-06,1.1641532182693481e-10,0.03125,563.578125
7752,-24.179466402699035,3.4427789376176065e-06,5.820766091346741e-11,0.046875,563.625
7753,-24.179466402699035,3.442778937621753e-06,4.656612873077393e-10,0.03125,563.65625
7754,-24.179466402699035,3.4427789377009215e-06,1.1641532182693481e-10,0.03125,563.6875
7755,-24.179466402699035,3.442778937695655e-06,1.1641532182693481e-10,0.125,563.8125
7756,-24.179466402699035,3.442778937697068e-06,2.3283064365386963e-10,0.0625,563.875
7757,-24.179466402699035,3.4427789377047158e-06,2.3283064365386963e-10,0.140625,564.015625
7758,-24.179466402699035,3.4427789377166585e-06,5.820766091346741e-11,0.140625,564.15625
7759,-24.179466402699035,3.4427789377166585e-06,1.1641532182693481e-10,0.109375,564.265625
7760,-24.179466402699035,3.442778937704587e-06,5.820766091346741e-11,0.203125,564.46875
7761,-24.179466402699035,3.442778937704587e-06,1.4551915228366852e-11,0.140625,564.609375
7762,-24.179466402699035,3.442778937704587e-06,5.820766091346741e-11,0.0625,564.671875
7763,-24.179466402699035,3.442778937704587e-06,2.3283064365386963e-10,0.03125,564.703125
7764,-24.179466402699035,3.4427789377318513e-06,1.1641532182693481e-10,0.15625,564.859375
7765,-24.179466402699035,3.4427789377121337e-06,4.656612873077393e-10,0.109375,564.96875
7766,-24.179466402699035,3.442778937594711e-06,1.1641532182693481e-10,0.078125,565.046875
7767,-24.179466402699035,3.442778937594711e-06,1.1641532182693481e-10,0.046875,565.09375
7768,-24.179466402699035,3.442778937567798e-06,1.1641532182693481e-10,0.015625,565.109375
7769,-24.179466402699035,3.442778937567798e-06,2.3283064365386963e-10,0.046875,565.15625
7770,-24.179466402699035,3.442778937533418e-06,4.656612873077393e-10,0.03125,565.1875
7771,-24.179466402699035,3.4427789377341167e-06,1.862645149230957e-09,0.109375,565.296875
7772,-24.179466402699035,3.4427789375650972e-06,5.820766091346741e-11,0.140625,565.4375
7773,-24.179466402699035,3.442778937560392e-06,4.656612873077393e-10,0.046875,565.484375
7774,-24.179466402699035,3.442778937582909e-06,4.656612873077393e-10,0.140625,565.625
7775,-24.179466402699035,3.44277893759007e-06,2.3283064365386963e-10,0.0625,565.6875
7776,-24.179466402699035,3.4427789376515488e-06,2.3283064365386963e-10,0.140625,565.828125
7777,-24.179466402699035,3.44277893761904e-06,1.1641532182693481e-10,0.046875,565.875
7778,-24.179466402699035,3.44277893761904e-06,2.3283064365386963e-10,0.140625,566.015625
7779,-24.179466402699035,3.442778937611977e-06,2.3283064365386963e-10,0.0625,566.078125
7780,-24.179466402699035,3.4427789376296204e-06,4.656612873077393e-10,0.03125,566.109375
7781,-24.179466402699035,3.4427789375931666e-06,4.656612873077393e-10,0.109375,566.21875
7782,-24.179466402699035,3.442778937596594e-06,2.3283064365386963e-10,0.109375,566.328125
7783,-24.179466402699035,3.4427789375737518e-06,4.656612873077393e-10,0.046875,566.375
7784,-24.179466402699035,3.442778937625205e-06,2.3283064365386963e-10,0.15625,566.53125
7785,-24.179466402699035,3.442778937584788e-06,9.313225746154785e-10,0.0625,566.59375
7786,-24.179466402699035,3.4427789376508313e-06,2.3283064365386963e-10,0.046875,566.640625
7787,-24.179466402699035,3.4427789376301193e-06,9.313225746154785e-10,0.109375,566.75
7788,-24.179466402699035,3.4427789375708477e-06,9.313225746154785e-10,0.0625,566.8125
7789,-24.179466402699035,3.442778937784187e-06,4.656612873077393e-10,0.140625,566.953125
7790,-24.179466402699035,3.4427789377440693e-06,1.1641532182693481e-10,0.09375,567.046875
7791,-24.179466402699035,3.4427789377636455e-06,4.656612873077393e-10,0.09375,567.140625
7792,-24.179466402699035,3.4427789378163767e-06,3.725290298461914e-09,0.03125,567.171875
7793,-24.179466402699035,3.442778936887313e-06,9.313225746154785e-10,0.078125,567.25
7794,-24.179466402699035,3.442778936635605e-06,9.313225746154785e-10,0.0625,567.3125
7795,-24.179466402699035,3.442778936773119e-06,9.313225746154785e-10,0.03125,567.34375
7796,-24.179466402699035,3.442778936636728e-06,2.3283064365386963e-10,0.140625,567.484375
7797,-24.179466402699035,3.442778936620295e-06,4.656612873077393e-10,0.125,567.609375
7798,-24.179466402699035,3.4427789366665257e-06,9.313225746154785e-10,0.0625,567.671875
7799,-24.179466402699035,3.442778936355251e-06,1.862645149230957e-09,0.140625,567.8125
7800,-24.179466402699035,3.4427789364539967e-06,2.3283064365386963e-10,0.046875,567.859375
7801,-24.179466402699035,3.4427789364359807e-06,2.3283064365386963e-10,0.015625,567.875
7802,-24.179466402699035,3.4427789364712736e-06,4.656612873077393e-10,0.078125,567.953125
7803,-24.179466402699035,3.4427789365163696e-06,9.313225746154785e-10,0.140625,568.09375
7804,-24.179466402699035,3.4427789363544347e-06,4.656612873077393e-10,0.046875,568.140625
7805,-24.179466402699035,3.44277893642622e-06,9.313225746154785e-10,0.140625,568.28125
7806,-24.179466402699035,3.44277893639801e-06,4.656612873077393e-10,0.125,568.40625
7807,-24.179466402699035,3.442778936313657e-06,9.313225746154785e-10,0.125,568.53125
7808,-24.179466402699035,3.442778936370546e-06,2.3283064365386963e-10,0.078125,568.609375
7809,-24.179466402699035,3.4427789363944346e-06,2.3283064365386963e-10,0.140625,568.75
7810,-24.179466402699035,3.44277893637828e-06,4.656612873077393e-10,0.125,568.875
7811,-24.179466402699035,3.4427789364272745e-06,2.3283064365386963e-10,0.140625,569.015625
7812,-24.179466402699035,3.442778936364747e-06,4.656612873077393e-10,0.078125,569.09375
7813,-24.179466402699035,3.442778936357942e-06,4.656612873077393e-10,0.03125,569.125
7814,-24.179466402699035,3.4427789362483485e-06,4.656612873077393e-10,0.078125,569.203125
7815,-24.179466402699035,3.4427789364405187e-06,4.656612873077393e-10,0.046875,569.25
7816,-24.179466402699035,3.4427789364747524e-06,4.656612873077393e-10,0.125,569.375
7817,-24.179466402699035,3.4427789364875794e-06,4.656612873077393e-10,0.046875,569.421875
7818,-24.179466402699035,3.4427789363880204e-06,9.313225746154785e-10,0.078125,569.5
7819,-24.179466402699035,3.4427789361347893e-06,4.656612873077393e-10,0.15625,569.65625
7820,-24.179466402699035,3.4427789362521707e-06,4.656612873077393e-10,0.140625,569.796875
7821,-24.179466402699035,3.4427789362276267e-06,1.862645149230957e-09,0.078125,569.875
7822,-24.179466402699035,3.442778936128336e-06,2.3283064365386963e-10,0.03125,569.90625
7823,-24.179466402699035,3.442778936208286e-06,2.3283064365386963e-10,0.078125,569.984375
7824,-24.179466402699035,3.442778936142824e-06,4.656612873077393e-10,0.078125,570.0625
7825,-24.179466402699035,3.4427789361641077e-06,4.656612873077393e-10,0.0625,570.125
7826,-24.179466402699035,3.442778936232569e-06,9.313225746154785e-10,0.03125,570.15625
7827,-24.179466402699035,3.442778936348238e-06,9.313225746154785e-10,0.046875,570.203125
7828,-24.179466402699035,3.442778936099869e-06,4.656612873077393e-10,0.03125,570.234375
7829,-24.179466402699035,3.442778936162716e-06,9.313225746154785e-10,0.0625,570.296875
7830,-24.179466402699035,3.442778936194832e-06,9.313225746154785e-10,0.046875,570.34375
7831,-24.179466402699035,3.442778936156319e-06,4.656612873077393e-10,0.140625,570.484375
7832,-24.179466402699035,3.4427789359080356e-06,1.1641532182693481e-10,0.0625,570.546875
7833,-24.179466402699035,3.4427789359314675e-06,4.656612873077393e-10,0.0625,570.609375
7834,-24.179466402699035,3.4427789360104635e-06,1.1641532182693481e-10,0.125,570.734375
7835,-24.179466402699035,3.4427789360119166e-06,1.1641532182693481e-10,0.046875,570.78125
7836,-24.179466402699035,3.4427789360119166e-06,4.656612873077393e-10,0.140625,570.921875
7837,-24.179466402699035,3.442778936087959e-06,4.656612873077393e-10,0.0625,570.984375
7838,-24.179466402699035,3.442778936197875e-06,1.1641532182693481e-10,0.0625,571.046875
7839,-24.179466402699035,3.442778936197875e-06,9.313225746154785e-10,0.09375,571.140625
7840,-24.179466402699035,3.4427789361187143e-06,5.820766091346741e-11,0.09375,571.234375
7841,-24.179466402699035,3.4427789361187143e-06,1.1641532182693481e-10,0.03125,571.265625
7842,-24.179466402699035,3.44277893611882e-06,1.1641532182693481e-10,0.109375,571.375
7843,-24.179466402699035,3.442778936130378e-06,9.313225746154785e-10,0.0625,571.4375
7844,-24.179466402699035,3.4427789358969882e-06,4.656612873077393e-10,0.078125,571.515625
7845,-24.179466402699035,3.4427789360114092e-06,2.3283064365386963e-10,0.0625,571.578125
7846,-24.179466402699035,3.4427789359660104e-06,4.656612873077393e-10,0.125,571.703125
7847,-24.179466402699035,3.442778935949008e-06,4.656612873077393e-10,0.03125,571.734375
7848,-24.179466402699035,3.442778936009223e-06,4.656612873077393e-10,0.078125,571.8125
7849,-24.179466402699035,3.4427789359579166e-06,2.3283064365386963e-10,0.140625,571.953125
7850,-24.179466402699035,3.4427789359330354e-06,2.3283064365386963e-10,0.078125,572.03125
7851,-24.179466402699035,3.4427789359268813e-06,2.3283064365386963e-10,0.03125,572.0625
7852,-24.179466402699035,3.44277893596714e-06,1.1641532182693481e-10,0.0625,572.125
7853,-24.179466402699035,3.4427789360357335e-06,4.656612873077393e-10,0.0625,572.1875
7854,-24.179466402699035,3.4427789359923154e-06,2.3283064365386963e-10,0.140625,572.328125
7855,-24.179466402699035,3.4427789360405294e-06,2.3283064365386963e-10,0.109375,572.4375
7856,-24.179466402699035,3.4427789360652793e-06,2.3283064365386963e-10,0.03125,572.46875
7857,-24.179466402699035,3.44277893599366e-06,5.820766091346741e-11,0.046875,572.515625
7858,-24.179466402699035,3.44277893599366e-06,2.3283064365386963e-10,0.09375,572.609375
7859,-24.179466402699035,3.442778936032134e-06,1.4551915228366852e-11,0.140625,572.75
7860,-24.179466402699035,3.442778936032134e-06,2.9103830456733704e-11,0.125,572.875
7861,-24.179466402699035,3.4427789360653547e-06,2.9103830456733704e-11,0.046875,572.921875
7862,-24.179466402699035,3.4427789360653547e-06,4.656612873077393e-10,0.15625,573.078125
7863,-24.179466402699035,3.442778936080708e-06,2.3283064365386963e-10,0.109375,573.1875
7864,-24.179466402699035,3.4427789360729763e-06,2.3283064365386963e-10,0.046875,573.234375
7865,-24.179466402699035,3.442778936080607e-06,1.1641532182693481e-10,0.140625,573.375
7866,-24.179466402699035,3.4427789360745026e-06,5.820766091346741e-11,0.03125,573.40625
7867,-24.179466402699035,3.442778936085058e-06,4.656612873077393e-10,0.03125,573.4375
7868,-24.179466402699035,3.4427789361028727e-06,1.1641532182693481e-10,0.140625,573.578125
7869,-24.179466402699035,3.4427789361028727e-06,4.656612873077393e-10,0.09375,573.671875
7870,-24.179466402699035,3.4427789360584166e-06,2.3283064365386963e-10,0.046875,573.71875
7871,-24.179466402699035,3.4427789360002233e-06,2.3283064365386963e-10,0.03125,573.75
7872,-24.179466402699035,3.4427789359883585e-06,5.820766091346741e-11,0.046875,573.796875
7873,-24.179466402699035,3.4427789359883585e-06,1.1641532182693481e-10,0.140625,573.9375
7874,-24.179466402699035,3.442778935991627e-06,1.1641532182693481e-10,0.140625,574.078125
7875,-24.179466402699035,3.442778935991627e-06,1.1641532182693481e-10,0.109375,574.1875
7876,-24.179466402699035,3.4427789359884983e-06,5.820766091346741e-11,0.046875,574.234375
7877,-24.179466402699035,3.4427789359938456e-06,5.820766091346741e-11,0.109375,574.34375
7878,-24.179466402699035,3.4427789359938456e-06,1.1641532182693481e-10,0.03125,574.375
7879,-24.179466402699035,3.4427789360024595e-06,1.1641532182693481e-10,0.078125,574.453125
7880,-24.179466402699035,3.4427789360067205e-06,1.1641532182693481e-10,0.03125,574.484375
7881,-24.179466402699035,3.4427789360024595e-06,2.3283064365386963e-10,0.078125,574.5625
7882,-24.179466402699035,3.442778935935146e-06,2.3283064365386963e-10,0.03125,574.59375
7883,-24.179466402699035,3.4427789359894516e-06,2.3283064365386963e-10,0.140625,574.734375
7884,-24.179466402699035,3.442778935989785e-06,4.656612873077393e-10,0.078125,574.8125
7885,-24.179466402699035,3.4427789358872588e-06,2.3283064365386963e-10,0.140625,574.953125
7886,-24.179466402699035,3.4427789358506094e-06,2.3283064365386963e-10,0.0625,575.015625
7887,-24.179466402699035,3.442778935832037e-06,2.3283064365386963e-10,0.03125,575.046875
7888,-24.179466402699035,3.442778935832613e-06,1.1641532182693481e-10,0.03125,575.078125
7889,-24.179466402699035,3.442778935824071e-06,1.1641532182693481e-10,0.0625,575.140625
7890,-24.179466402699035,3.442778935838846e-06,1.1641532182693481e-10,0.015625,575.15625
7891,-24.179466402699035,3.4427789358796376e-06,2.3283064365386963e-10,0.140625,575.296875
7892,-24.179466402699035,3.442778935910665e-06,1.1641532182693481e-10,0.125,575.421875
7893,-24.179466402699035,3.4427789359021886e-06,2.3283064365386963e-10,0.15625,575.578125
7894,-24.179466402699035,3.4427789358277933e-06,1.1641532182693481e-10,0.140625,575.71875
7895,-24.179466402699035,3.442778935823739e-06,5.820766091346741e-11,0.0625,575.78125
7896,-24.179466402699035,3.4427789358151437e-06,1.1641532182693481e-10,0.03125,575.8125
7897,-24.179466402699035,3.4427789358218094e-06,2.3283064365386963e-10,0.046875,575.859375
7898,-24.179466402699035,3.4427789357506184e-06,5.820766091346741e-11,0.09375,575.953125
7899,-24.179466402699035,3.4427789357214025e-06,9.313225746154785e-10,0.078125,576.03125
7900,-24.179466402699035,3.4427789355764582e-06,4.656612873077393e-10,0.046875,576.078125
7901,-24.179466402699035,3.4427789356662878e-06,2.3283064365386963e-10,0.140625,576.21875
7902,-24.179466402699035,3.442778935659818e-06,2.3283064365386963e-10,0.03125,576.25
7903,-24.179466402699035,3.4427789356317847e-06,5.820766091346741e-11,0.140625,576.390625
7904,-24.179466402699035,3.4427789356317847e-06,4.656612873077393e-10,0.0625,576.453125
7905,-24.179466402699035,3.4427789355939516e-06,2.3283064365386963e-10,0.140625,576.59375
7906,-24.179466402699035,3.4427789355949083e-06,1.1641532182693481e-10,0.078125,576.671875
7907,-24.179466402699035,3.4427789355497233e-06,5.820766091346741e-11,0.09375,576.765625
7908,-24.179466402699035,3.4427789355497233e-06,5.820766091346741e-11,0.140625,576.90625
7909,-24.179466402699035,3.442778935555718e-06,2.3283064365386963e-10,0.09375,577.0
7910,-24.179466402699035,3.442778935563279e-06,4.656612873077393e-10,0.078125,577.078125
7911,-24.179466402699035,3.4427789356305527e-06,2.3283064365386963e-10,0.09375,577.171875
7912,-24.179466402699035,3.4427789356024194e-06,2.3283064365386963e-10,0.125,577.296875
7913,-24.179466402699035,3.4427789356006923e-06,4.656612873077393e-10,0.09375,577.390625
7914,-24.179466402699035,3.4427789355217962e-06,1.1641532182693481e-10,0.078125,577.46875
7915,-24.179466402699035,3.442778935484038e-06,2.3283064365386963e-10,0.09375,577.5625
7916,-24.179466402699035,3.4427789355677406e-06,1.1641532182693481e-10,0.125,577.6875
7917,-24.179466402699035,3.4427789355618097e-06,2.3283064365386963e-10,0.109375,577.796875
7918,-24.179466402699035,3.442778935556185e-06,4.656612873077393e-10,0.0625,577.859375
7919,-24.179466402699035,3.4427789355547873e-06,2.3283064365386963e-10,0.140625,578.0
7920,-24.179466402699035,3.4427789355764832e-06,1.1641532182693481e-10,0.046875,578.046875
7921,-24.179466402699035,3.4427789355956325e-06,2.3283064365386963e-10,0.1875,578.234375
7922,-24.179466402699035,3.442778935534009e-06,1.1641532182693481e-10,0.125,578.359375
7923,-24.179466402699035,3.4427789355375676e-06,4.656612873077393e-10,0.0625,578.421875
7924,-24.179466402699035,3.4427789355838685e-06,2.3283064365386963e-10,0.171875,578.59375
7925,-24.179466402699035,3.442778935588469e-06,2.3283064365386963e-10,0.125,578.71875
7926,-24.179466402699035,3.442778935609125e-06,9.313225746154785e-10,0.0625,578.78125
7927,-24.179466402699035,3.4427789356314087e-06,2.3283064365386963e-10,0.140625,578.921875
7928,-24.179466402699035,3.4427789356534332e-06,4.656612873077393e-10,0.09375,579.015625
7929,-24.179466402699035,3.44277893559952e-06,2.3283064365386963e-10,0.03125,579.046875
7930,-24.179466402699035,3.442778935620773e-06,2.3283064365386963e-10,0.046875,579.09375
7931,-24.179466402699035,3.4427789355638917e-06,2.3283064365386963e-10,0.0625,579.15625
7932,-24.179466402699035,3.4427789355324854e-06,2.3283064365386963e-10,0.03125,579.1875
7933,-24.179466402699035,3.4427789355737007e-06,2.3283064365386963e-10,0.078125,579.265625
7934,-24.179466402699035,3.4427789356583596e-06,2.3283064365386963e-10,0.109375,579.375
7935,-24.179466402699035,3.442778935663847e-06,9.313225746154785e-10,0.125,579.5
7936,-24.179466402699035,3.442778935712115e-06,2.3283064365386963e-10,0.140625,579.640625
7937,-24.179466402699035,3.4427789356258487e-06,4.656612873077393e-10,0.046875,579.6875
7938,-24.179466402699035,3.442778935646843e-06,2.3283064365386963e-10,0.140625,579.828125
7939,-24.179466402699035,3.4427789355998215e-06,2.3283064365386963e-10,0.03125,579.859375
7940,-24.179466402699035,3.4427789356059375e-06,4.656612873077393e-10,0.046875,579.90625
7941,-24.179466402699035,3.442778935649834e-06,4.656612873077393e-10,0.109375,580.015625
7942,-24.179466402699035,3.4427789355156836e-06,4.656612873077393e-10,0.03125,580.046875
7943,-24.179466402699035,3.4427789355514475e-06,2.3283064365386963e-10,0.046875,580.09375
7944,-24.179466402699035,3.442778935531916e-06,1.862645149230957e-09,0.078125,580.171875
7945,-24.179466402699035,3.442778935402804e-06,2.3283064365386963e-10,0.109375,580.28125
7946,-24.179466402699035,3.442778935402935e-06,1.1641532182693481e-10,0.0625,580.34375
7947,-24.179466402699035,3.442778935389538e-06,2.3283064365386963e-10,0.109375,580.453125
7948,-24.179466402699035,3.4427789354099252e-06,4.656612873077393e-10,0.0625,580.515625
7949,-24.179466402699035,3.4427789354485957e-06,4.656612873077393e-10,0.03125,580.546875
7950,-24.179466402699035,3.4427789354085204e-06,4.656612873077393e-10,0.046875,580.59375
7951,-24.179466402699035,3.442778935406034e-06,4.656612873077393e-10,0.140625,580.734375
7952,-24.179466402699035,3.4427789353792194e-06,5.820766091346741e-11,0.046875,580.78125
7953,-24.179466402699035,3.4427789353792194e-06,4.656612873077393e-10,0.0625,580.84375
7954,-24.179466402699035,3.4427789353783936e-06,4.656612873077393e-10,0.140625,580.984375
7955,-24.179466402699035,3.442778935446041e-06,4.656612873077393e-10,0.140625,581.125
7956,-24.179466402699035,3.442778935408813e-06,2.3283064365386963e-10,0.140625,581.265625
7957,-24.179466402699035,3.442778935428632e-06,2.3283064365386963e-10,0.109375,581.375
7958,-24.179466402699035,3.4427789354269506e-06,4.656612873077393e-10,0.03125,581.40625
7959,-24.179466402699035,3.4427789354910295e-06,9.313225746154785e-10,0.140625,581.546875
7960,-24.179466402699035,3.4427789354339013e-06,9.313225746154785e-10,0.03125,581.578125
7961,-24.179466402699035,3.4427789353643388e-06,4.656612873077393e-10,0.125,581.703125
7962,-24.179466402699035,3.442778935313621e-06,4.656612873077393e-10,0.125,581.828125
7963,-24.179466402699035,3.442778935235898e-06,4.656612873077393e-10,0.09375,581.921875
7964,-24.179466402699035,3.4427789353610366e-06,4.656612873077393e-10,0.09375,582.015625
7965,-24.179466402699035,3.442778935387517e-06,2.3283064365386963e-10,0.125,582.140625
7966,-24.179466402699035,3.4427789353842775e-06,2.3283064365386963e-10,0.171875,582.3125
7967,-24.179466402699035,3.442778935418098e-06,4.656612873077393e-10,0.046875,582.359375
7968,-24.179466402699035,3.4427789354861573e-06,9.313225746154785e-10,0.109375,582.46875
7969,-24.179466402699035,3.442778935246413e-06,4.656612873077393e-10,0.046875,582.515625
7970,-24.179466402699035,3.4427789352927585e-06,4.656612873077393e-10,0.109375,582.625
7971,-24.179466402699035,3.442778935253209e-06,2.3283064365386963e-10,0.15625,582.78125
7972,-24.179466402699035,3.4427789352146477e-06,4.656612873077393e-10,0.09375,582.875
7973,-24.179466402699035,3.4427789351751755e-06,2.3283064365386963e-10,0.046875,582.921875
7974,-24.179466402699035,3.4427789352131345e-06,4.656612873077393e-10,0.125,583.046875
7975,-24.179466402699035,3.442778935271132e-06,2.3283064365386963e-10,0.140625,583.1875
7976,-24.179466402699035,3.4427789352962085e-06,2.3283064365386963e-10,0.171875,583.359375
7977,-24.179466402699035,3.4427789352831375e-06,4.656612873077393e-10,0.0625,583.421875
7978,-24.179466402699035,3.442778935183348e-06,4.656612873077393e-10,0.046875,583.46875
7979,-24.179466402699035,3.442778935402269e-06,4.656612873077393e-10,0.140625,583.609375
7980,-24.179466402699035,3.4427789352697027e-06,4.656612873077393e-10,0.125,583.734375
7981,-24.179466402699035,3.4427789351144954e-06,2.3283064365386963e-10,0.046875,583.78125
7982,-24.179466402699035,3.4427789351332732e-06,9.313225746154785e-10,0.046875,583.828125
7983,-24.179466402699035,3.4427789351053106e-06,4.656612873077393e-10,0.078125,583.90625
7984,-24.179466402699035,3.4427789351795526e-06,2.3283064365386963e-10,0.109375,584.015625
7985,-24.179466402699035,3.4427789350958945e-06,4.656612873077393e-10,0.140625,584.15625
7986,-24.179466402699035,3.4427789351751887e-06,9.313225746154785e-10,0.109375,584.265625
7987,-24.179466402699035,3.442778935274428e-06,4.656612873077393e-10,0.125,584.390625
7988,-24.179466402699035,3.44277893536451e-06,4.656612873077393e-10,0.046875,584.4375
7989,-24.179466402699035,3.4427789353380833e-06,2.3283064365386963e-10,0.125,584.5625
7990,-24.179466402699035,3.442778935368708e-06,2.3283064365386963e-10,0.140625,584.703125
7991,-24.179466402699035,3.44277893539195e-06,1.1641532182693481e-10,0.03125,584.734375
7992,-24.179466402699035,3.44277893539195e-06,2.3283064365386963e-10,0.125,584.859375
7993,-24.179466402699035,3.4427789353790475e-06,4.656612873077393e-10,0.125,584.984375
7994,-24.179466402699035,3.4427789354098655e-06,4.656612873077393e-10,0.140625,585.125
7995,-24.179466402699035,3.4427789353444593e-06,4.656612873077393e-10,0.203125,585.328125
7996,-24.179466402699035,3.4427789353928397e-06,4.656612873077393e-10,0.125,585.453125
7997,-24.179466402699035,3.4427789352447263e-06,2.3283064365386963e-10,0.0625,585.515625
7998,-24.179466402699035,3.4427789352299942e-06,4.656612873077393e-10,0.125,585.640625
7999,-24.179466402699035,3.442778935378187e-06,2.3283064365386963e-10,0.15625,585.796875
8000,-24.179466402699035,3.442778935381954e-06,4.656612873077393e-10,0.09375,585.890625
8001,-24.179466402699035,3.4427789351782782e-06,4.656612873077393e-10,0.15625,586.046875
8002,-24.179466402699035,3.4427789351266215e-06,2.3283064365386963e-10,0.28125,586.328125
8003,-24.179466402699035,3.4427789351836116e-06,9.313225746154785e-10,0.078125,586.40625
8004,-24.179466402699035,3.442778934968655e-06,4.656612873077393e-10,0.140625,586.546875
8005,-24.179466402699035,3.442778934966296e-06,4.656612873077393e-10,0.109375,586.65625
8006,-24.179466402699035,3.442778934941916e-06,1.1641532182693481e-10,0.140625,586.796875
8007,-24.179466402699035,3.442778934941916e-06,4.656612873077393e-10,0.09375,586.890625
8008,-24.179466402699035,3.4427789350256035e-06,2.3283064365386963e-10,0.046875,586.9375
8009,-24.179466402699035,3.4427789350346638e-06,9.313225746154785e-10,0.15625,587.09375
8010,-24.179466402699035,3.4427789348741413e-06,2.3283064365386963e-10,0.171875,587.265625
8011,-24.179466402699035,3.4427789348516255e-06,2.3283064365386963e-10,0.078125,587.34375
8012,-24.179466402699035,3.4427789348598218e-06,4.656612873077393e-10,0.203125,587.546875
8013,-24.179466402699035,3.4427789347476518e-06,2.3283064365386963e-10,0.15625,587.703125
8014,-24.179466402699035,3.4427789347582947e-06,2.3283064365386963e-10,0.171875,587.875
8015,-24.179466402699035,3.4427789347501094e-06,9.313225746154785e-10,0.125,588.0
8016,-24.179466402699035,3.442778934868638e-06,4.656612873077393e-10,0.109375,588.109375
8017,-24.179466402699035,3.4427789348341855e-06,2.3283064365386963e-10,0.09375,588.203125
8018,-24.179466402699035,3.442778934816102e-06,2.3283064365386963e-10,0.046875,588.25
8019,-24.179466402699035,3.442778934827888e-06,2.3283064365386963e-10,0.25,588.5
8020,-24.179466402699035,3.4427789348418427e-06,4.656612873077393e-10,0.125,588.625
8021,-24.179466402699035,3.4427789348511435e-06,4.656612873077393e-10,0.21875,588.84375
8022,-24.179466402699035,3.442778934913451e-06,9.313225746154785e-10,0.1875,589.03125
8023,-24.179466402699035,3.44277893470455e-06,4.656612873077393e-10,0.0625,589.09375
8024,-24.179466402699035,3.442778934768079e-06,1.1641532182693481e-10,0.09375,589.1875
8025,-24.179466402699035,3.442778934768079e-06,1.1641532182693481e-10,0.171875,589.359375
8026,-24.179466402699035,3.4427789347783173e-06,2.3283064365386963e-10,0.140625,589.5
8027,-24.179466402699035,3.442778934785306e-06,4.656612873077393e-10,0.046875,589.546875
8028,-24.179466402699035,3.4427789348695944e-06,5.820766091346741e-11,0.15625,589.703125
8029,-24.179466402699035,3.4427789348839245e-06,1.1641532182693481e-10,0.125,589.828125
8030,-24.179466402699035,3.4427789348839245e-06,1.1641532182693481e-10,0.140625,589.96875
8031,-24.179466402699035,3.442778934892671e-06,1.1641532182693481e-10,0.078125,590.046875
8032,-24.179466402699035,3.442778934902222e-06,0.00390625,0.03125,590.078125
8033,-24.179466402699035,3.441811377969713e-06,5.960464477539063e-08,0.109375,590.1875
8034,-24.179466402699035,3.4418113687110015e-06,3.725290298461914e-09,0.03125,590.21875
8035,-24.179466402699035,3.441811368091646e-06,7.450580596923828e-09,0.09375,590.3125
8036,-24.179466402699035,3.4418113668686943e-06,1.862645149230957e-09,0.046875,590.359375
8037,-24.17946640269904,3.441811366413028e-06,9.313225746154785e-10,0.078125,590.4375
8038,-24.17946640269904,3.441811366383456e-06,3.725290298461914e-09,0.078125,590.515625
8039,-24.17946640269904,3.4418113670012854e-06,7.450580596923828e-09,0.140625,590.65625
8040,-24.17946640269904,3.4418113641592235e-06,1.862645149230957e-09,0.046875,590.703125
8041,-24.17946640269904,3.4418113637875344e-06,4.656612873077393e-10,0.109375,590.8125
8042,-24.17946640269904,3.4418113638264145e-06,9.313225746154785e-10,0.046875,590.859375
8043,-24.17946640269904,3.4418113640451544e-06,3.725290298461914e-09,0.09375,590.953125
8044,-24.17946640269904,3.4418113633282342e-06,7.450580596923828e-09,0.140625,591.09375
8045,-24.17946640269904,3.4418113624828246e-06,9.313225746154785e-10,0.078125,591.171875
8046,-24.17946640269904,3.441811362514203e-06,7.450580596923828e-09,0.140625,591.3125
8047,-24.17946640269904,3.4418113610497274e-06,1.862645149230957e-09,0.046875,591.359375
8048,-24.17946640269904,3.441811361270125e-06,3.725290298461914e-09,0.015625,591.375
8049,-24.17946640269904,3.4418113605879696e-06,1.862645149230957e-09,0.0625,591.4375
8050,-24.17946640269904,3.4418113608015036e-06,1.862645149230957e-09,0.140625,591.578125
8051,-24.17946640269904,3.441811360461032e-06,1.862645149230957e-09,0.0625,591.640625
8052,-24.17946640269904,3.4418113599651102e-06,1.862645149230957e-09,0.140625,591.78125
8053,-24.17946640269904,3.441811360413807e-06,3.725290298461914e-09,0.0625,591.84375
8054,-24.17946640269904,3.44181136011262e-06,9.313225746154785e-10,0.03125,591.875
8055,-24.17946640269904,3.441811360043376e-06,1.1641532182693481e-10,0.0625,591.9375
8056,-24.17946640269904,3.44181136002794e-06,4.656612873077393e-10,0.078125,592.015625
8057,-24.17946640269904,3.4418113600954356e-06,5.820766091346741e-11,0.140625,592.15625
8058,-24.17946640269904,3.4418113600954356e-06,3.725290298461914e-09,0.09375,592.25
8059,-24.17946640269904,3.4418113594842556e-06,4.656612873077393e-10,0.109375,592.359375
8060,-24.17946640269904,3.4418113595459433e-06,1.862645149230957e-09,0.09375,592.453125
8061,-24.17946640269904,3.441811359602505e-06,9.313225746154785e-10,0.109375,592.5625
8062,-24.17946640269904,3.4418113594802482e-06,9.313225746154785e-10,0.109375,592.671875
8063,-24.17946640269904,3.441811359252205e-06,9.313225746154785e-10,0.109375,592.78125
8064,-24.17946640269904,3.4418113592571207e-06,9.313225746154785e-10,0.03125,592.8125
8065,-24.17946640269904,3.441811359210279e-06,4.656612873077393e-10,0.0625,592.875
8066,-24.17946640269904,3.441811359227888e-06,9.313225746154785e-10,0.140625,593.015625
8067,-24.17946640269904,3.441811359201172e-06,9.313225746154785e-10,0.03125,593.046875
8068,-24.17946640269904,3.441811359037781e-06,9.313225746154785e-10,0.140625,593.1875
8069,-24.17946640269904,3.4418113591881904e-06,7.450580596923828e-09,0.0625,593.25
8070,-24.17946640269904,3.441811357869103e-06,9.313225746154785e-10,0.140625,593.390625
8071,-24.17946640269904,3.4418113577596063e-06,1.862645149230957e-09,0.109375,593.5
8072,-24.17946640269904,3.4418113578424965e-06,1.862645149230957e-09,0.140625,593.640625
8073,-24.17946640269904,3.4418113574722707e-06,4.656612873077393e-10,0.046875,593.6875
8074,-24.17946640269904,3.4418113573869008e-06,1.862645149230957e-09,0.015625,593.703125
8075,-24.17946640269904,3.441811357238987e-06,3.725290298461914e-09,0.046875,593.75
8076,-24.17946640269904,3.441811357590189e-06,3.725290298461914e-09,0.03125,593.78125
8077,-24.17946640269904,3.4418113567095726e-06,2.3283064365386963e-10,0.046875,593.828125
8078,-24.17946640269904,3.441811356715569e-06,9.313225746154785e-10,0.0625,593.890625
8079,-24.17946640269904,3.441811356581739e-06,4.656612873077393e-10,0.078125,593.96875
8080,-24.17946640269904,3.4418113565526457e-06,9.313225746154785e-10,0.0625,594.03125
8081,-24.17946640269904,3.441811356540931e-06,1.862645149230957e-09,0.03125,594.0625
8082,-24.17946640269904,3.4418113560079726e-06,9.313225746154785e-10,0.15625,594.21875
8083,-24.17946640269904,3.441811356067425e-06,9.313225746154785e-10,0.140625,594.359375
8084,-24.17946640269904,3.441811355854775e-06,9.313225746154785e-10,0.15625,594.515625
8085,-24.17946640269904,3.441811355882801e-06,4.656612873077393e-10,0.03125,594.546875
8086,-24.17946640269904,3.4418113558957945e-06,4.656612873077393e-10,0.078125,594.625
8087,-24.17946640269904,3.4418113560225793e-06,9.313225746154785e-10,0.140625,594.765625
8088,-24.17946640269904,3.441811356004527e-06,2.3283064365386963e-10,0.140625,594.90625
8089,-24.17946640269904,3.441811355968901e-06,1.862645149230957e-09,0.0625,594.96875
8090,-24.17946640269904,3.44181135580277e-06,4.656612873077393e-10,0.09375,595.0625
8091,-24.17946640269904,3.44181135567752e-06,4.656612873077393e-10,0.046875,595.109375
8092,-24.17946640269904,3.441811355708398e-06,2.3283064365386963e-10,0.140625,595.25
8093,-24.17946640269904,3.4418113556849816e-06,1.1641532182693481e-10,0.046875,595.296875
8094,-24.17946640269904,3.441811355684081e-06,2.3283064365386963e-10,0.078125,595.375
8095,-24.17946640269904,3.4418113557782475e-06,1.1641532182693481e-10,0.078125,595.453125
8096,-24.17946640269904,3.4418113557343666e-06,1.1641532182693481e-10,0.078125,595.53125
8097,-24.17946640269904,3.441811355778763e-06,1.1641532182693481e-10,0.140625,595.671875
8098,-24.17946640269904,3.4418113557778355e-06,2.3283064365386963e-10,0.09375,595.765625
8099,-24.17946640269904,3.441811355746608e-06,2.3283064365386963e-10,0.140625,595.90625
8100,-24.17946640269904,3.4418113557321728e-06,2.3283064365386963e-10,0.125,596.03125
8101,-24.17946640269904,3.441811355748469e-06,2.3283064365386963e-10,0.140625,596.171875
8102,-24.17946640269904,3.4418113557651334e-06,1.1641532182693481e-10,0.078125,596.25
8103,-24.17946640269904,3.441811355727506e-06,2.3283064365386963e-10,0.140625,596.390625
8104,-24.17946640269904,3.4418113557778943e-06,3.725290298461914e-09,0.078125,596.46875
8105,-24.17946640269904,3.4418113551124445e-06,4.656612873077393e-10,0.0625,596.53125
8106,-24.17946640269904,3.4418113551710516e-06,3.725290298461914e-09,0.046875,596.578125
8107,-24.17946640269904,3.441811354500671e-06,2.3283064365386963e-10,0.03125,596.609375
8108,-24.17946640269904,3.441811354482535e-06,1.862645149230957e-09,0.0625,596.671875
8109,-24.17946640269904,3.4418113542951877e-06,7.450580596923828e-09,0.0625,596.734375
8110,-24.17946640269904,3.441811353705875e-06,1.1641532182693481e-10,0.0625,596.796875
8111,-24.17946640269904,3.441811353705831e-06,2.3283064365386963e-10,0.109375,596.90625
8112,-24.17946640269904,3.4418113537063503e-06,2.3283064365386963e-10,0.140625,597.046875
8113,-24.17946640269904,3.441811353703331e-06,4.656612873077393e-10,0.078125,597.125
8114,-24.17946640269904,3.4418113537664918e-06,2.3283064365386963e-10,0.0625,597.1875
8115,-24.17946640269904,3.441811353782428e-06,3.725290298461914e-09,0.125,597.3125
8116,-24.17946640269904,3.4418113532733835e-06,1.862645149230957e-09,0.140625,597.453125
8117,-24.17946640269904,3.4418113526939833e-06,9.313225746154785e-10,0.078125,597.53125
8118,-24.17946640269904,3.441811352821698e-06,2.3283064365386963e-10,0.078125,597.609375
8119,-24.17946640269904,3.441811352788188e-06,9.313225746154785e-10,0.046875,597.65625
8120,-24.17946640269904,3.4418113529834467e-06,9.313225746154785e-10,0.140625,597.796875
8121,-24.17946640269904,3.441811352801475e-06,9.313225746154785e-10,0.046875,597.84375
8122,-24.17946640269904,3.4418113527243236e-06,4.656612873077393e-10,0.140625,597.984375
8123,-24.17946640269904,3.44181135269558e-06,9.313225746154785e-10,0.109375,598.09375
8124,-24.17946640269904,3.4418113528990792e-06,1.4901161193847656e-08,0.03125,598.125
8125,-24.17946640269904,3.4418113497332343e-06,1.862645149230957e-09,0.046875,598.171875
8126,-24.17946640269904,3.4418113500432636e-06,1.862645149230957e-09,0.140625,598.3125
8127,-24.17946640269904,3.4418113497946484e-06,9.313225746154785e-10,0.0625,598.375
8128,-24.17946640269904,3.4418113496655686e-06,3.725290298461914e-09,0.0625,598.4375
8129,-24.17946640269904,3.4418113493375594e-06,1.862645149230957e-09,0.046875,598.484375
8130,-24.17946640269904,3.441811349842892e-06,1.862645149230957e-09,0.03125,598.515625
8131,-24.17946640269904,3.4418113497903777e-06,4.656612873077393e-10,0.046875,598.5625
8132,-24.17946640269904,3.4418113499452894e-06,3.725290298461914e-09,0.140625,598.703125
8133,-24.17946640269904,3.441811349398683e-06,3.725290298461914e-09,0.125,598.828125
8134,-24.17946640269904,3.4418113491987154e-06,3.725290298461914e-09,0.03125,598.859375
8135,-24.17946640269904,3.441811348320738e-06,2.3283064365386963e-10,0.09375,598.953125
8136,-24.17946640269904,3.44181134833969e-06,1.862645149230957e-09,0.03125,598.984375
8137,-24.17946640269904,3.4418113478094556e-06,9.313225746154785e-10,0.21875,599.203125
8138,-24.17946640269904,3.4418113477745235e-06,3.725290298461914e-09,0.046875,599.25
8139,-24.17946640269904,3.4418113475737323e-06,3.725290298461914e-09,0.125,599.375
8140,-24.17946640269904,3.441811347386539e-06,9.313225746154785e-10,0.046875,599.421875
8141,-24.17946640269904,3.4418113474846163e-06,9.313225746154785e-10,0.03125,599.453125
8142,-24.17946640269904,3.441811347547334e-06,1.862645149230957e-09,0.109375,599.5625
8143,-24.17946640269904,3.441811347588309e-06,1.862645149230957e-09,0.03125,599.59375
8144,-24.17946640269904,3.4418113475176904e-06,9.313225746154785e-10,0.046875,599.640625
8145,-24.17946640269904,3.4418113475822733e-06,3.725290298461914e-09,0.03125,599.671875
8146,-24.17946640269904,3.441811347306044e-06,2.9802322387695312e-08,0.140625,599.8125
8147,-24.17946640269904,3.441811338256877e-06,1.862645149230957e-09,0.140625,599.953125
8148,-24.17946640269904,3.441811338735301e-06,7.450580596923828e-09,0.078125,600.03125
8149,-24.17946640269904,3.4418113365755308e-06,3.725290298461914e-09,0.03125,600.0625
8150,-24.17946640269904,3.441811336581503e-06,7.450580596923828e-09,0.0625,600.125
8151,-24.17946640269904,3.4418113362911543e-06,1.4901161193847656e-08,0.03125,600.15625
8152,-24.17946640269904,3.441811331844487e-06,9.313225746154785e-10,0.0625,600.21875
8153,-24.17946640269904,3.4418113320025185e-06,1.862645149230957e-09,0.140625,600.359375
8154,-24.17946640269904,3.44181133214622e-06,2.3283064365386963e-10,0.0625,600.421875
8155,-24.17946640269904,3.4418113321442974e-06,1.862645149230957e-09,0.03125,600.453125
8156,-24.17946640269904,3.4418113320216144e-06,9.313225746154785e-10,0.078125,600.53125
8157,-24.17946640269904,3.441811331895636e-06,4.656612873077393e-10,0.140625,600.671875
8158,-24.17946640269904,3.4418113319556695e-06,4.656612873077393e-10,0.03125,600.703125
8159,-24.17946640269904,3.441811332035879e-06,4.656612873077393e-10,0.03125,600.734375
8160,-24.17946640269904,3.441811332108577e-06,4.656612873077393e-10,0.125,600.859375
8161,-24.17946640269904,3.4418113321896187e-06,4.656612873077393e-10,0.0625,600.921875
8162,-24.17946640269904,3.441811332174272e-06,2.3283064365386963e-10,0.140625,601.0625
8163,-24.17946640269904,3.4418113321615527e-06,4.656612873077393e-10,0.078125,601.140625
8164,-24.17946640269904,3.441811332117197e-06,2.3283064365386963e-10,0.046875,601.1875
8165,-24.17946640269904,3.4418113321142853e-06,2.3283064365386963e-10,0.09375,601.28125
8166,-24.17946640269904,3.441811332139163e-06,9.313225746154785e-10,0.140625,601.421875
8167,-24.17946640269904,3.4418113323767474e-06,2.3283064365386963e-10,0.0625,601.484375
8168,-24.17946640269904,3.4418113322965406e-06,4.656612873077393e-10,0.046875,601.53125
8169,-24.17946640269904,3.4418113323465363e-06,2.3283064365386963e-10,0.0625,601.59375
8170,-24.17946640269904,3.441811332365089e-06,5.820766091346741e-11,0.046875,601.640625
8171,-24.17946640269904,3.441811332365089e-06,1.1641532182693481e-10,0.046875,601.6875
8172,-24.17946640269904,3.44181133235074e-06,2.3283064365386963e-10,0.03125,601.71875
8173,-24.17946640269904,3.4418113323091745e-06,9.313225746154785e-10,0.109375,601.828125
8174,-24.17946640269904,3.441811332220564e-06,9.313225746154785e-10,0.09375,601.921875
8175,-24.17946640269904,3.441811332278173e-06,2.3283064365386963e-10,0.015625,601.9375
8176,-24.17946640269904,3.441811332253655e-06,4.656612873077393e-10,0.09375,602.03125
8177,-24.17946640269904,3.44181133221765e-06,4.656612873077393e-10,0.078125,602.109375
8178,-24.17946640269904,3.441811332270095e-06,4.656612873077393e-10,0.09375,602.203125
8179,-24.17946640269904,3.4418113323413766e-06,4.656612873077393e-10,0.140625,602.34375
8180,-24.17946640269904,3.4418113322558343e-06,1.1641532182693481e-10,0.046875,602.390625
8181,-24.17946640269904,3.441811332294468e-06,9.313225746154785e-10,0.140625,602.53125
8182,-24.17946640269904,3.4418113323530914e-06,2.3283064365386963e-10,0.09375,602.625
8183,-24.17946640269904,3.4418113323114547e-06,1.1641532182693481e-10,0.03125,602.65625
8184,-24.17946640269904,3.441811332297703e-06,4.656612873077393e-10,0.078125,602.734375
8185,-24.17946640269904,3.44181133241606e-06,3.725290298461914e-09,0.03125,602.765625
8186,-24.17946640269904,3.441811331720976e-06,4.656612873077393e-10,0.078125,602.84375
8187,-24.17946640269904,3.4418113317052595e-06,4.656612873077393e-10,0.109375,602.953125
8188,-24.17946640269904,3.4418113317627493e-06,2.3283064365386963e-10,0.125,603.078125
8189,-24.17946640269904,3.4418113317493306e-06,4.656612873077393e-10,0.09375,603.171875
8190,-24.17946640269904,3.4418113316648687e-06,4.656612873077393e-10,0.140625,603.3125
8191,-24.17946640269904,3.4418113316181354e-06,2.3283064365386963e-10,0.15625,603.46875
8192,-24.17946640269904,3.441811331612861e-06,2.9802322387695312e-08,0.046875,603.515625
8193,-24.17946640269904,3.441811326634229e-06,3.725290298461914e-09,0.140625,603.65625
8194,-24.17946640269904,3.4418113260228373e-06,1.862645149230957e-09,0.03125,603.6875
8195,-24.17946640269904,3.4418113260922013e-06,1.862645149230957e-09,0.046875,603.734375
8196,-24.17946640269904,3.441811326033269e-06,4.656612873077393e-10,0.171875,603.90625
8197,-24.17946640269904,3.4418113259628276e-06,1.862645149230957e-09,0.015625,603.921875
8198,-24.17946640269904,3.4418113257384663e-06,4.656612873077393e-10,0.046875,603.96875
8199,-24.17946640269904,3.4418113258109706e-06,7.450580596923828e-09,0.125,604.09375
8200,-24.17946640269904,3.441811324411932e-06,4.656612873077393e-10,0.03125,604.125
8201,-24.17946640269904,3.4418113244420256e-06,7.450580596923828e-09,0.046875,604.171875
8202,-24.17946640269904,3.4418113226325786e-06,3.725290298461914e-09,0.046875,604.21875
8203,-24.17946640269904,3.4418113216156457e-06,4.656612873077393e-10,0.0625,604.28125
8204,-24.17946640269904,3.441811321507824e-06,1.862645149230957e-09,0.15625,604.4375
8205,-24.17946640269904,3.441811321769428e-06,4.656612873077393e-10,0.09375,604.53125
8206,-24.17946640269904,3.4418113218507177e-06,1.862645149230957e-09,0.09375,604.625
8207,-24.17946640269904,3.441811321776123e-06,4.656612873077393e-10,0.109375,604.734375
8208,-24.17946640269904,3.441811321774432e-06,3.725290298461914e-09,0.046875,604.78125
8209,-24.17946640269904,3.441811320521479e-06,4.656612873077393e-10,0.09375,604.875
8210,-24.17946640269904,3.441811320565772e-06,4.656612873077393e-10,0.140625,605.015625
8211,-24.17946640269904,3.4418113204674434e-06,7.450580596923828e-09,0.046875,605.0625
8212,-24.17946640269904,3.441811320255032e-06,9.313225746154785e-10,0.140625,605.203125
8213,-24.17946640269904,3.441811320309359e-06,1.862645149230957e-09,0.0625,605.265625
8214,-24.17946640269904,3.441811320089359e-06,3.725290298461914e-09,0.140625,605.40625
8215,-24.17946640269904,3.441811320039963e-06,4.656612873077393e-10,0.0625,605.46875
8216,-24.17946640269904,3.441811319944845e-06,1.4901161193847656e-08,0.140625,605.609375
8217,-24.17946640269904,3.4418113181613115e-06,9.313225746154785e-10,0.078125,605.6875
8218,-24.17946640269904,3.4418113181522364e-06,9.313225746154785e-10,0.140625,605.828125
8219,-24.17946640269904,3.441811318048288e-06,4.656612873077393e-10,0.046875,605.875
8220,-24.17946640269904,3.441811318157989e-06,2.3283064365386963e-10,0.140625,606.015625
8221,-24.17946640269904,3.441811318149458e-06,1.862645149230957e-09,0.09375,606.109375
8222,-24.179466402699042,3.4418113185259524e-06,1.862645149230957e-09,0.140625,606.25
8223,-24.179466402699042,3.441811317930893e-06,3.725290298461914e-09,0.046875,606.296875
8224,-24.179466402699042,3.441811318003762e-06,2.3283064365386963e-10,0.140625,606.4375
8225,-24.179466402699042,3.4418113180216637e-06,3.725290298461914e-09,0.0625,606.5
8226,-24.179466402699042,3.441811317677569e-06,4.656612873077393e-10,0.140625,606.640625
8227,-24.179466402699042,3.4418113176137763e-06,1.1641532182693481e-10,0.09375,606.734375
8228,-24.179466402699042,3.441811317611987e-06,4.656612873077393e-10,0.03125,606.765625
8229,-24.179466402699042,3.441811317943546e-06,4.656612873077393e-10,0.046875,606.8125
8230,-24.179466402699042,3.4418113178687438e-06,4.656612873077393e-10,0.046875,606.859375
8231,-24.179466402699042,3.441811317898697e-06,2.3283064365386963e-10,0.0625,606.921875
8232,-24.179466402699042,3.4418113178668837e-06,4.656612873077393e-10,0.078125,607.0
8233,-24.179466402699042,3.441811317939538e-06,2.3283064365386963e-10,0.09375,607.09375
8234,-24.179466402699042,3.4418113179914395e-06,2.3283064365386963e-10,0.09375,607.1875
8235,-24.179466402699042,3.4418113180016348e-06,2.3283064365386963e-10,0.015625,607.203125
8236,-24.179466402699042,3.4418113179833367e-06,4.656612873077393e-10,0.046875,607.25
8237,-24.179466402699042,3.441811318058477e-06,2.3283064365386963e-10,0.09375,607.34375
8238,-24.179466402699042,3.4418113180669232e-06,2.3283064365386963e-10,0.09375,607.4375
8239,-24.179466402699042,3.44181131807173e-06,9.313225746154785e-10,0.140625,607.578125
8240,-24.179466402699042,3.4418113177478374e-06,4.656612873077393e-10,0.0625,607.640625
8241,-24.179466402699042,3.4418113179564464e-06,2.3283064365386963e-10,0.140625,607.78125
8242,-24.179466402699042,3.441811317848478e-06,2.3283064365386963e-10,0.125,607.90625
8243,-24.179466402699042,3.4418113178520263e-06,4.656612873077393e-10,0.0625,607.96875
8244,-24.179466402699042,3.441811317781332e-06,1.1641532182693481e-10,0.078125,608.046875
8245,-24.179466402699042,3.4418113178033588e-06,1.1641532182693481e-10,0.03125,608.078125
8246,-24.179466402699042,3.4418113178033588e-06,9.313225746154785e-10,0.078125,608.15625
8247,-24.179466402699042,3.4418113178526413e-06,1.1641532182693481e-10,0.03125,608.1875
8248,-24.179466402699042,3.441811317845494e-06,5.820766091346741e-11,0.09375,608.28125
8249,-24.179466402699042,3.441811317845494e-06,2.3283064365386963e-10,0.109375,608.390625
8250,-24.179466402699042,3.4418113178449184e-06,1.1641532182693481e-10,0.125,608.515625
8251,-24.179466402699042,3.441811317847263e-06,4.656612873077393e-10,0.046875,608.5625
8252,-24.179466402699042,3.4418113178543633e-06,2.3283064365386963e-10,0.140625,608.703125
8253,-24.179466402699042,3.4418113178755992e-06,4.656612873077393e-10,0.109375,608.8125
8254,-24.179466402699042,3.4418113177762304e-06,1.1641532182693481e-10,0.140625,608.953125
8255,-24.179466402699042,3.441811317775303e-06,4.656612873077393e-10,0.046875,609.0
8256,-24.179466402699042,3.441811317667947e-06,2.3283064365386963e-10,0.140625,609.140625
8257,-24.179466402699042,3.441811317676912e-06,3.725290298461914e-09,0.046875,609.1875
8258,-24.179466402699042,3.4418113175574918e-06,2.3283064365386963e-10,0.140625,609.328125
8259,-24.179466402699042,3.4418113175636815e-06,1.1641532182693481e-10,0.109375,609.4375
8260,-24.179466402699042,3.4418113175636815e-06,4.656612873077393e-10,0.140625,609.578125
8261,-24.179466402699042,3.4418113175976805e-06,1.862645149230957e-09,0.0,609.578125
8262,-24.179466402699042,3.4418113170840148e-06,1.4901161193847656e-08,0.03125,609.609375
8263,-24.179466402699042,3.4418113121146258e-06,2.3283064365386963e-10,0.03125,609.640625
8264,-24.179466402699042,3.4418113121468456e-06,5.820766091346741e-11,0.0625,609.703125
8265,-24.179466402699042,3.4418113121468456e-06,4.656612873077393e-10,0.109375,609.8125
8266,-24.179466402699042,3.441811311994863e-06,2.3283064365386963e-10,0.140625,609.953125
8267,-24.179466402699042,3.441811312065153e-06,1.1641532182693481e-10,0.09375,610.046875
8268,-24.179466402699042,3.4418113120755636e-06,1.862645149230957e-09,0.0625,610.109375
8269,-24.179466402699042,3.4418113123379066e-06,9.313225746154785e-10,0.03125,610.140625
8270,-24.179466402699042,3.4418113123308817e-06,1.862645149230957e-09,0.046875,610.1875
8271,-24.179466402699042,3.441811312132794e-06,2.3283064365386963e-10,0.140625,610.328125
8272,-24.179466402699042,3.4418113121279814e-06,9.313225746154785e-10,0.0625,610.390625
8273,-24.179466402699042,3.4418113121446057e-06,2.3283064365386963e-10,0.140625,610.53125
8274,-24.179466402699042,3.4418113121295712e-06,1.1641532182693481e-10,0.125,610.65625
8275,-24.179466402699042,3.4418113121315834e-06,2.3283064365386963e-10,0.140625,610.796875
8276,-24.179466402699042,3.441811312114319e-06,4.656612873077393e-10,0.078125,610.875
8277,-24.179466402699042,3.4418113121314686e-06,4.656612873077393e-10,0.03125,610.90625
8278,-24.179466402699042,3.441811312101314e-06,4.656612873077393e-10,0.078125,610.984375
8279,-24.179466402699042,3.441811312082196e-06,4.656612873077393e-10,0.03125,611.015625
8280,-24.179466402699042,3.4418113121229297e-06,4.656612873077393e-10,0.078125,611.09375
8281,-24.179466402699042,3.4418113121150522e-06,2.3283064365386963e-10,0.140625,611.234375
8282,-24.179466402699042,3.441811312085598e-06,2.3283064365386963e-10,0.109375,611.34375
8283,-24.179466402699042,3.441811312060499e-06,1.1641532182693481e-10,0.0625,611.40625
8284,-24.179466402699042,3.4418113120645454e-06,4.656612873077393e-10,0.140625,611.546875
8285,-24.179466402699042,3.4418113119571797e-06,1.1641532182693481e-10,0.15625,611.703125
8286,-24.179466402699042,3.4418113119382964e-06,1.1641532182693481e-10,0.140625,611.84375
8287,-24.179466402699042,3.4418113119484747e-06,4.656612873077393e-10,0.0625,611.90625
8288,-24.179466402699042,3.441811311883482e-06,1.1641532182693481e-10,0.0625,611.96875
8289,-24.179466402699042,3.4418113118853915e-06,2.9103830456733704e-11,0.078125,612.046875
8290,-24.179466402699042,3.4418113118853915e-06,1.4551915228366852e-11,0.0625,612.109375
8291,-24.179466402699042,3.4418113118853915e-06,9.313225746154785e-10,0.078125,612.1875
8292,-24.179466402699042,3.441811311885502e-06,2.3283064365386963e-10,0.125,612.3125
8293,-24.179466402699042,3.4418113118545e-06,2.3283064365386963e-10,0.140625,612.453125
8294,-24.179466402699042,3.4418113118402316e-06,4.656612873077393e-10,0.046875,612.5
8295,-24.179466402699042,3.4418113119079624e-06,4.656612873077393e-10,0.140625,612.640625
8296,-24.179466402699042,3.441811311797487e-06,9.313225746154785e-10,0.046875,612.6875
8297,-24.179466402699042,3.4418113118092623e-06,9.313225746154785e-10,0.140625,612.828125
8298,-24.179466402699042,3.4418113118028795e-06,2.3283064365386963e-10,0.0625,612.890625
8299,-24.179466402699042,3.4418113118095613e-06,7.275957614183426e-12,0.140625,613.03125
8300,-24.179466402699042,3.4418113118095613e-06,1.862645149230957e-09,0.0625,613.09375
8301,-24.179466402699042,3.4418113119936385e-06,1.1641532182693481e-10,0.140625,613.234375
8302,-24.179466402699042,3.4418113119704785e-06,4.656612873077393e-10,0.15625,613.390625
8303,-24.179466402699042,3.4418113120443995e-06,2.3283064365386963e-10,0.046875,613.4375
8304,-24.179466402699042,3.441811312048833e-06,5.820766091346741e-11,0.125,613.5625
8305,-24.179466402699042,3.441811312048833e-06,9.313225746154785e-10,0.046875,613.609375
8306,-24.179466402699042,3.441811312187757e-06,1.1641532182693481e-10,0.140625,613.75
8307,-24.179466402699042,3.441811312178306e-06,1.4551915228366852e-11,0.03125,613.78125
8308,-24.179466402699042,3.441811312178306e-06,1.4551915228366852e-11,0.046875,613.828125
8309,-24.179466402699042,3.441811312178306e-06,9.313225746154785e-10,0.0625,613.890625
8310,-24.179466402699042,3.441811312164185e-06,4.656612873077393e-10,0.03125,613.921875
8311,-24.179466402699042,3.4418113121086694e-06,4.656612873077393e-10,0.109375,614.03125
8312,-24.179466402699042,3.441811312156621e-06,1.1641532182693481e-10,0.109375,614.140625
8313,-24.179466402699042,3.4418113121645473e-06,2.3283064365386963e-10,0.046875,614.1875
8314,-24.179466402699042,3.441811312084691e-06,5.820766091346741e-11,0.046875,614.234375
8315,-24.179466402699042,3.441811312084691e-06,1.4551915228366852e-11,0.140625,614.375
8316,-24.179466402699042,3.441811312084691e-06,1.1641532182693481e-10,0.09375,614.46875
8317,-24.179466402699042,3.441811312105642e-06,9.313225746154785e-10,0.046875,614.515625
8318,-24.179466402699042,3.4418113120232944e-06,2.3283064365386963e-10,0.15625,614.671875
8319,-24.179466402699042,3.4418113120103454e-06,2.3283064365386963e-10,0.046875,614.71875
8320,-24.179466402699042,3.4418113120053217e-06,5.820766091346741e-11,0.140625,614.859375
8321,-24.179466402699042,3.4418113120051044e-06,2.9103830456733704e-11,0.109375,614.96875
8322,-24.179466402699042,3.4418113120051044e-06,4.656612873077393e-10,0.140625,615.109375
8323,-24.179466402699042,3.441811312051412e-06,2.3283064365386963e-10,0.078125,615.1875
8324,-24.179466402699042,3.441811312038223e-06,4.656612873077393e-10,0.140625,615.328125
8325,-24.179466402699042,3.4418113120730373e-06,9.313225746154785e-10,0.09375,615.421875
8326,-24.179466402699042,3.4418113119758885e-06,4.656612873077393e-10,0.140625,615.5625
8327,-24.179466402699042,3.441811311844115e-06,2.3283064365386963e-10,0.078125,615.640625
8328,-24.179466402699042,3.44181131185655e-06,1.1641532182693481e-10,0.140625,615.78125
8329,-24.179466402699042,3.4418113118356245e-06,2.3283064365386963e-10,0.09375,615.875
8330,-24.179466402699042,3.441811311793403e-06,1.4551915228366852e-11,0.03125,615.90625
8331,-24.179466402699042,3.441811311793403e-06,1.1641532182693481e-10,0.078125,615.984375
8332,-24.179466402699042,3.4418113118030667e-06,5.820766091346741e-11,0.078125,616.0625
8333,-24.179466402699042,3.4418113118030667e-06,1.4551915228366852e-11,0.140625,616.203125
8334,-24.179466402699042,3.4418113118030667e-06,9.313225746154785e-10,0.046875,616.25
8335,-24.179466402699042,3.4418113117880293e-06,1.862645149230957e-09,0.140625,616.390625
8336,-24.179466402699042,3.4418113116986767e-06,2.3283064365386963e-10,0.0625,616.453125
8337,-24.179466402699042,3.4418113116619426e-06,4.656612873077393e-10,0.140625,616.59375
8338,-24.179466402699042,3.441811311648565e-06,2.3283064365386963e-10,0.0625,616.65625
8339,-24.179466402699042,3.4418113116690327e-06,1.862645149230957e-09,0.03125,616.6875
8340,-24.179466402699042,3.441811311810579e-06,1.862645149230957e-09,0.046875,616.734375
8341,-24.179466402699042,3.4418113121670978e-06,2.3283064365386963e-10,0.03125,616.765625
8342,-24.179466402699042,3.441811312166206e-06,1.1641532182693481e-10,0.046875,616.8125
8343,-24.179466402699042,3.4418113121876337e-06,5.820766091346741e-11,0.0625,616.875
8344,-24.179466402699042,3.4418113121876337e-06,2.9103830456733704e-11,0.140625,617.015625
8345,-24.179466402699042,3.4418113121876337e-06,2.9103830456733704e-11,0.09375,617.109375
8346,-24.179466402699042,3.4418113121876337e-06,2.9103830456733704e-11,0.078125,617.1875
8347,-24.179466402699042,3.4418113121774748e-06,2.9103830456733704e-11,0.09375,617.28125
8348,-24.179466402699042,3.4418113121774748e-06,9.313225746154785e-10,0.109375,617.390625
8349,-24.179466402699042,3.441811311919665e-06,9.313225746154785e-10,0.03125,617.421875
8350,-24.179466402699042,3.441811311744305e-06,9.313225746154785e-10,0.09375,617.515625
8351,-24.179466402699042,3.4418113119040746e-06,2.3283064365386963e-10,0.078125,617.59375
8352,-24.179466402699042,3.441811311882254e-06,2.3283064365386963e-10,0.03125,617.625
8353,-24.179466402699042,3.4418113118534944e-06,5.820766091346741e-11,0.140625,617.765625
8354,-24.179466402699042,3.4418113118534944e-06,9.313225746154785e-10,0.078125,617.84375
8355,-24.179466402699042,3.4418113117499586e-06,4.656612873077393e-10,0.140625,617.984375
8356,-24.179466402699042,3.4418113117435207e-06,1.4551915228366852e-11,0.125,618.109375
8357,-24.179466402699042,3.4418113117435207e-06,5.820766091346741e-11,0.078125,618.1875
8358,-24.179466402699042,3.44181131174242e-06,9.313225746154785e-10,0.078125,618.265625
8359,-24.179466402699042,3.4418113117888683e-06,5.820766091346741e-11,0.140625,618.40625
8360,-24.179466402699042,3.4418113117968817e-06,4.656612873077393e-10,0.0625,618.46875
8361,-24.179466402699042,3.4418113118304695e-06,2.3283064365386963e-10,0.140625,618.609375
8362,-24.179466402699042,3.4418113118257384e-06,1.4551915228366852e-11,0.0625,618.671875
8363,-24.179466402699042,3.4418113118257384e-06,2.9103830456733704e-11,0.0625,618.734375
8364,-24.179466402699042,3.4418113118246377e-06,5.820766091346741e-11,0.046875,618.78125
8365,-24.179466402699042,3.4418113118301404e-06,5.820766091346741e-11,0.0625,618.84375
8366,-24.179466402699042,3.441811311832851e-06,1.4551915228366852e-11,0.140625,618.984375
8367,-24.179466402699042,3.441811311832851e-06,1.4551915228366852e-11,0.03125,619.015625
8368,-24.179466402699042,3.441811311832851e-06,9.313225746154785e-10,0.125,619.140625
8369,-24.179466402699042,3.441811311631967e-06,4.656612873077393e-10,0.140625,619.28125
8370,-24.179466402699042,3.4418113116321516e-06,4.656612873077393e-10,0.09375,619.375
8371,-24.179466402699042,3.4418113118122325e-06,2.9103830456733704e-11,0.140625,619.515625
8372,-24.179466402699042,3.4418113118122325e-06,2.9103830456733704e-11,0.078125,619.59375
8373,-24.179466402699042,3.4418113118202454e-06,4.656612873077393e-10,0.03125,619.625
8374,-24.179466402699042,3.441811311627937e-06,1.1641532182693481e-10,0.078125,619.703125
8375,-24.179466402699042,3.4418113116170125e-06,1.1641532182693481e-10,0.03125,619.734375
8376,-24.179466402699042,3.4418113116170125e-06,1.4551915228366852e-11,0.046875,619.78125
8377,-24.179466402699042,3.4418113116170125e-06,5.820766091346741e-11,0.171875,619.953125
8378,-24.179466402699042,3.4418113116250255e-06,2.9103830456733704e-11,0.140625,620.09375
8379,-24.179466402699042,3.4418113116250255e-06,9.313225746154785e-10,0.0625,620.15625
8380,-24.179466402699042,3.4418113115003727e-06,2.3283064365386963e-10,0.046875,620.203125
8381,-24.179466402699042,3.4418113115953217e-06,9.313225746154785e-10,0.15625,620.359375
8382,-24.179466402699042,3.4418113113339778e-06,1.4551915228366852e-11,0.140625,620.5
8383,-24.179466402699042,3.4418113113339778e-06,9.313225746154785e-10,0.125,620.625
8384,-24.179466402699042,3.4418113113444136e-06,1.1641532182693481e-10,0.09375,620.71875
8385,-24.179466402699042,3.4418113113444136e-06,9.313225746154785e-10,0.140625,620.859375
8386,-24.179466402699042,3.4418113112959112e-06,2.3283064365386963e-10,0.046875,620.90625
8387,-24.179466402699042,3.4418113113252203e-06,2.3283064365386963e-10,0.140625,621.046875
8388,-24.179466402699042,3.441811311318664e-06,4.656612873077393e-10,0.0625,621.109375
8389,-24.179466402699042,3.441811311423078e-06,1.1641532182693481e-10,0.140625,621.25
8390,-24.179466402699042,3.4418113114285807e-06,2.3283064365386963e-10,0.0625,621.3125
8391,-24.179466402699042,3.441811311429689e-06,5.820766091346741e-11,0.125,621.4375
8392,-24.179466402699042,3.441811311429689e-06,4.656612873077393e-10,0.125,621.5625
8393,-24.179466402699042,3.4418113114083727e-06,2.3283064365386963e-10,0.0625,621.625
8394,-24.179466402699042,3.4418113113767063e-06,2.3283064365386963e-10,0.078125,621.703125
8395,-24.179466402699042,3.4418113113294017e-06,4.656612873077393e-10,0.03125,621.734375
8396,-24.179466402699042,3.4418113114440793e-06,2.3283064365386963e-10,0.140625,621.875
8397,-24.179466402699042,3.4418113114139546e-06,2.3283064365386963e-10,0.03125,621.90625
8398,-24.179466402699042,3.441811311438957e-06,5.820766091346741e-11,0.21875,622.125
8399,-24.179466402699042,3.4418113113772323e-06,9.313225746154785e-10,0.09375,622.21875
8400,-24.179466402699042,3.4418113109356817e-06,4.656612873077393e-10,0.046875,622.265625
8401,-24.179466402699042,3.441811311055352e-06,4.656612873077393e-10,0.078125,622.34375
8402,-24.179466402699042,3.441811311030386e-06,4.656612873077393e-10,0.046875,622.390625
8403,-24.179466402699042,3.4418113109904436e-06,4.656612873077393e-10,0.0625,622.453125
8404,-24.179466402699042,3.4418113110819994e-06,9.313225746154785e-10,0.109375,622.5625
8405,-24.179466402699042,3.4418113110817555e-06,4.656612873077393e-10,0.03125,622.59375
8406,-24.179466402699042,3.441811310987276e-06,2.3283064365386963e-10,0.0625,622.65625
8407,-24.179466402699042,3.4418113108331687e-06,5.820766091346741e-11,0.03125,622.6875
8408,-24.179466402699042,3.4418113108211645e-06,1.1641532182693481e-10,0.03125,622.71875
8409,-24.179466402699042,3.441811310830095e-06,1.1641532182693481e-10,0.046875,622.765625
8410,-24.179466402699042,3.4418113108180275e-06,5.820766091346741e-11,0.140625,622.90625
8411,-24.179466402699042,3.4418113108178103e-06,9.313225746154785e-10,0.078125,622.984375
8412,-24.179466402699042,3.4418113108301715e-06,2.3283064365386963e-10,0.140625,623.125
8413,-24.179466402699042,3.4418113107869427e-06,4.656612873077393e-10,0.046875,623.171875
8414,-24.179466402699042,3.441811310775345e-06,2.3283064365386963e-10,0.140625,623.3125
8415,-24.179466402699042,3.4418113107703e-06,1.1641532182693481e-10,0.109375,623.421875
8416,-24.179466402699042,3.4418113107518963e-06,4.656612873077393e-10,0.03125,623.453125
8417,-24.179466402699042,3.4418113108556265e-06,1.1641532182693481e-10,0.03125,623.484375
8418,-24.179466402699042,3.441811310847322e-06,2.3283064365386963e-10,0.09375,623.578125
8419,-24.179466402699042,3.44181131084368e-06,1.1641532182693481e-10,0.0625,623.640625
8420,-24.179466402699042,3.44181131084368e-06,4.656612873077393e-10,0.03125,623.671875
8421,-24.179466402699042,3.441811310848346e-06,1.1641532182693481e-10,0.0625,623.734375
8422,-24.179466402699042,3.4418113108360973e-06,5.820766091346741e-11,0.109375,623.84375
8423,-24.179466402699042,3.44181131083588e-06,5.820766091346741e-11,0.140625,623.984375
8424,-24.179466402699042,3.44181131083588e-06,1.4551915228366852e-11,0.0625,624.046875
8425,-24.179466402699042,3.44181131083588e-06,4.656612873077393e-10,0.03125,624.078125
8426,-24.179466402699042,3.441811310915756e-06,1.1641532182693481e-10,0.140625,624.21875
8427,-24.179466402699042,3.441811310915756e-06,4.656612873077393e-10,0.046875,624.265625
8428,-24.179466402699042,3.4418113107975823e-06,2.3283064365386963e-10,0.125,624.390625
8429,-24.179466402699042,3.441811310820308e-06,2.3283064365386963e-10,0.09375,624.484375
8430,-24.179466402699042,3.441811310876226e-06,1.1641532182693481e-10,0.140625,624.625
8431,-24.179466402699042,3.4418113108623405e-06,1.1641532182693481e-10,0.0625,624.6875
8432,-24.179466402699042,3.4418113108634243e-06,4.656612873077393e-10,0.046875,624.734375
8433,-24.179466402699042,3.4418113108956767e-06,1.1641532182693481e-10,0.078125,624.8125
8434,-24.179466402699042,3.4418113108867456e-06,9.313225746154785e-10,0.078125,624.890625
8435,-24.179466402699042,3.4418113108990674e-06,2.3283064365386963e-10,0.140625,625.03125
8436,-24.179466402699042,3.441811310898697e-06,4.656612873077393e-10,0.046875,625.078125
8437,-24.179466402699042,3.4418113110474943e-06,1.1641532182693481e-10,0.140625,625.21875
8438,-24.179466402699042,3.441811311059456e-06,4.656612873077393e-10,0.09375,625.3125
8439,-24.179466402699042,3.4418113109787876e-06,4.656612873077393e-10,0.125,625.4375
8440,-24.179466402699042,3.441811310963683e-06,1.1641532182693481e-10,0.046875,625.484375
8441,-24.179466402699042,3.441811310955167e-06,4.656612873077393e-10,0.046875,625.53125
8442,-24.179466402699042,3.441811310838895e-06,4.656612873077393e-10,0.078125,625.609375
8443,-24.179466402699042,3.441811310780307e-06,9.313225746154785e-10,0.0625,625.671875
8444,-24.179466402699042,3.4418113111359482e-06,1.1641532182693481e-10,0.125,625.796875
8445,-24.179466402699042,3.441811311135456e-06,4.656612873077393e-10,0.109375,625.90625
8446,-24.179466402699042,3.441811311038227e-06,2.3283064365386963e-10,0.140625,626.046875
8447,-24.179466402699042,3.4418113110583947e-06,1.4551915228366852e-11,0.0625,626.109375
8448,-24.179466402699042,3.4418113110583947e-06,9.313225746154785e-10,0.140625,626.25
8449,-24.179466402699042,3.44181131102755e-06,5.820766091346741e-11,0.0625,626.3125
8450,-24.179466402699042,3.441811311026128e-06,5.820766091346741e-11,0.140625,626.453125
8451,-24.179466402699042,3.44181131102755e-06,1.1641532182693481e-10,0.046875,626.5
8452,-24.179466402699042,3.441811311020765e-06,5.820766091346741e-11,0.03125,626.53125
8453,-24.179466402699042,3.441811311021141e-06,2.9103830456733704e-11,0.140625,626.671875
8454,-24.179466402699042,3.441811311021141e-06,1.1641532182693481e-10,0.09375,626.765625
8455,-24.179466402699042,3.4418113110358404e-06,4.656612873077393e-10,0.03125,626.796875
8456,-24.179466402699042,3.4418113110205387e-06,5.820766091346741e-11,0.09375,626.890625
8457,-24.179466402699042,3.4418113110205387e-06,1.1641532182693481e-10,0.03125,626.921875
8458,-24.179466402699042,3.4418113110205387e-06,1.862645149230957e-09,0.078125,627.0
8459,-24.179466402699042,3.441811310593533e-06,5.820766091346741e-11,0.09375,627.09375
8460,-24.179466402699042,3.4418113105898652e-06,2.9103830456733704e-11,0.15625,627.25
8461,-24.179466402699042,3.4418113105898652e-06,2.9103830456733704e-11,0.109375,627.359375
8462,-24.179466402699042,3.4418113105898652e-06,2.9103830456733704e-11,0.015625,627.375
8463,-24.179466402699042,3.4418113105898652e-06,1.1641532182693481e-10,0.09375,627.46875
8464,-24.179466402699042,3.441811310581894e-06,9.313225746154785e-10,0.140625,627.609375
8465,-24.179466402699042,3.4418113106346335e-06,9.313225746154785e-10,0.15625,627.765625
8466,-24.179466402699042,3.441811310538862e-06,9.313225746154785e-10,0.03125,627.796875
8467,-24.179466402699042,3.44181131050698e-06,9.313225746154785e-10,0.09375,627.890625
8468,-24.179466402699042,3.4418113105063715e-06,9.313225746154785e-10,0.140625,628.03125
8469,-24.179466402699042,3.441811310548122e-06,2.3283064365386963e-10,0.078125,628.109375
8470,-24.179466402699042,3.441811310557953e-06,4.656612873077393e-10,0.109375,628.21875
8471,-24.179466402699042,3.441811310542765e-06,1.1641532182693481e-10,0.078125,628.296875
8472,-24.179466402699042,3.441811310564938e-06,4.656612873077393e-10,0.125,628.421875
8473,-24.179466402699042,3.441811310719736e-06,5.820766091346741e-11,0.140625,628.5625
8474,-24.179466402699042,3.441811310719736e-06,9.313225746154785e-10,0.046875,628.609375
8475,-24.179466402699042,3.4418113102923936e-06,1.1641532182693481e-10,0.140625,628.75
8476,-24.179466402699042,3.44181131028611e-06,2.3283064365386963e-10,0.046875,628.796875
8477,-24.179466402699042,3.4418113102991576e-06,2.3283064365386963e-10,0.03125,628.828125
8478,-24.179466402699042,3.4418113101819867e-06,2.3283064365386963e-10,0.046875,628.875
8479,-24.179466402699042,3.4418113101843724e-06,4.656612873077393e-10,0.046875,628.921875
8480,-24.179466402699042,3.44181131023905e-06,2.3283064365386963e-10,0.078125,629.0
8481,-24.179466402699042,3.441811310271119e-06,9.313225746154785e-10,0.078125,629.078125
8482,-24.179466402699042,3.4418113102501576e-06,2.9103830456733704e-11,0.015625,629.09375
8483,-24.179466402699042,3.4418113102499403e-06,1.4551915228366852e-11,0.109375,629.203125
8484,-24.179466402699042,3.4418113102499403e-06,2.9103830456733704e-11,0.140625,629.34375
8485,-24.179466402699042,3.441811310245376e-06,1.4551915228366852e-11,0.25,629.59375
8486,-24.179466402699042,3.441811310245376e-06,2.9103830456733704e-11,0.0625,629.65625
8487,-24.179466402699042,3.441811310245376e-06,4.656612873077393e-10,0.15625,629.8125
8488,-24.179466402699042,3.441811310271762e-06,2.9103830456733704e-11,0.046875,629.859375
8489,-24.179466402699042,3.4418113102715448e-06,4.656612873077393e-10,0.125,629.984375
8490,-24.179466402699042,3.441811310249203e-06,2.3283064365386963e-10,0.109375,630.09375
8491,-24.179466402699042,3.441811310226771e-06,1.4551915228366852e-11,0.0625,630.15625
8492,-24.179466402699042,3.441811310226771e-06,1.1641532182693481e-10,0.15625,630.3125
8493,-24.179466402699042,3.4418113101659265e-06,5.820766091346741e-11,0.125,630.4375
8494,-24.179466402699042,3.4418113101692507e-06,2.9103830456733704e-11,0.046875,630.484375
8495,-24.179466402699042,3.4418113101692507e-06,2.9103830456733704e-11,0.109375,630.59375
8496,-24.179466402699042,3.4418113101692507e-06,5.820766091346741e-11,0.140625,630.734375
8497,-24.179466402699042,3.441811310174032e-06,2.9103830456733704e-11,0.03125,630.765625
8498,-24.179466402699042,3.441811310174032e-06,1.1641532182693481e-10,0.125,630.890625
8499,-24.179466402699042,3.441811310173815e-06,2.9103830456733704e-11,0.125,631.015625
8500,-24.179466402699042,3.441811310173815e-06,2.9103830456733704e-11,0.171875,631.1875
8501,-24.179466402699042,3.441811310173815e-06,2.9103830456733704e-11,0.125,631.3125
8502,-24.179466402699042,3.441811310173815e-06,2.9103830456733704e-11,0.140625,631.453125
8503,-24.179466402699042,3.441811310173815e-06,2.9103830456733704e-11,0.125,631.578125
8504,-24.179466402699042,3.441811310173815e-06,1.1641532182693481e-10,0.046875,631.625
8505,-24.179466402699042,3.441811310174032e-06,5.820766091346741e-11,0.09375,631.71875
8506,-24.179466402699042,3.441811310174032e-06,2.3283064365386963e-10,0.140625,631.859375
8507,-24.179466402699042,3.441811310199681e-06,4.656612873077393e-10,0.125,631.984375
8508,-24.179466402699042,3.4418113102750197e-06,2.3283064365386963e-10,0.125,632.109375
8509,-24.179466402699042,3.441811310237083e-06,4.656612873077393e-10,0.15625,632.265625
8510,-24.179466402699042,3.441811310102963e-06,1.1641532182693481e-10,0.140625,632.40625
8511,-24.179466402699042,3.4418113100997186e-06,2.3283064365386963e-10,0.046875,632.453125
8512,-24.179466402699042,3.441811310124779e-06,4.656612873077393e-10,0.171875,632.625
8513,-24.179466402699042,3.4418113101445377e-06,1.1641532182693481e-10,0.109375,632.734375
8514,-24.179466402699042,3.441811310106798e-06,2.3283064365386963e-10,0.140625,632.875
8515,-24.179466402699042,3.441811310057152e-06,2.3283064365386963e-10,0.109375,632.984375
8516,-24.179466402699042,3.4418113100950714e-06,2.3283064365386963e-10,0.0625,633.046875
8517,-24.179466402699042,3.4418113100966164e-06,5.820766091346741e-11,0.09375,633.140625
8518,-24.179466402699042,3.4418113099677754e-06,5.820766091346741e-11,0.046875,633.1875
8519,-24.179466402699042,3.441811310096399e-06,1.1641532182693481e-10,0.03125,633.21875
8520,-24.179466402699042,3.4418113099675586e-06,2.3283064365386963e-10,0.125,633.34375
8521,-24.179466402699042,3.4418113099852434e-06,1.1641532182693481e-10,0.09375,633.4375
8522,-24.179466402699042,3.4418113100039742e-06,1.4551915228366852e-11,0.109375,633.546875
8523,-24.179466402699042,3.4418113100039742e-06,2.9103830456733704e-11,0.03125,633.578125
8524,-24.179466402699042,3.4418113100039742e-06,1.1641532182693481e-10,0.234375,633.8125
8525,-24.179466402699042,3.4418113100039742e-06,4.656612873077393e-10,0.0625,633.875
8526,-24.179466402699042,3.4418113099364577e-06,2.3283064365386963e-10,0.1875,634.0625
8527,-24.179466402699042,3.441811309904572e-06,4.656612873077393e-10,0.046875,634.109375
8528,-24.179466402699042,3.441811310059084e-06,2.9103830456733704e-11,0.0625,634.171875
8529,-24.179466402699042,3.441811310059084e-06,1.4551915228366852e-11,0.046875,634.21875
8530,-24.179466402699042,3.441811310059084e-06,1.1641532182693481e-10,0.03125,634.25
8531,-24.179466402699042,3.4418113101153506e-06,2.3283064365386963e-10,0.0625,634.3125
8532,-24.179466402699042,3.4418113101073123e-06,5.820766091346741e-11,0.078125,634.390625
8533,-24.179466402699042,3.4418113101073123e-06,5.820766091346741e-11,0.078125,634.46875
8534,-24.179466402699042,3.4418113100705735e-06,2.9103830456733704e-11,0.03125,634.5
8535,-24.179466402699042,3.4418113100705735e-06,2.9103830456733704e-11,0.046875,634.546875
8536,-24.179466402699042,3.4418113100705735e-06,4.656612873077393e-10,0.03125,634.578125
8537,-24.179466402699042,3.441811310056028e-06,4.656612873077393e-10,0.140625,634.71875
8538,-24.179466402699042,3.4418113100216743e-06,2.3283064365386963e-10,0.109375,634.828125
8539,-24.179466402699042,3.4418113099177183e-06,4.656612873077393e-10,0.109375,634.9375
8540,-24.179466402699042,3.441811309914175e-06,2.3283064365386963e-10,0.125,635.0625
8541,-24.179466402699042,3.4418113099309007e-06,1.1641532182693481e-10,0.140625,635.203125
8542,-24.179466402699042,3.4418113099309007e-06,2.9103830456733704e-11,0.046875,635.25
8543,-24.179466402699042,3.4418113099309007e-06,2.3283064365386963e-10,0.078125,635.328125
8544,-24.179466402699042,3.4418113099291342e-06,1.1641532182693481e-10,0.046875,635.375
8545,-24.179466402699042,3.4418113099028627e-06,2.9103830456733704e-11,0.078125,635.453125
8546,-24.179466402699042,3.4418113099028627e-06,5.820766091346741e-11,0.0625,635.515625
8547,-24.179466402699042,3.4418113099028627e-06,1.4551915228366852e-11,0.078125,635.59375
8548,-24.179466402699042,3.4418113099028627e-06,1.1641532182693481e-10,0.140625,635.734375
8549,-24.179466402699042,3.4418113098919965e-06,1.1641532182693481e-10,0.078125,635.8125
8550,-24.179466402699042,3.441811309935137e-06,1.4551915228366852e-11,0.046875,635.859375
8551,-24.179466402699042,3.441811309935137e-06,5.820766091346741e-11,0.046875,635.90625
8552,-24.179466402699042,3.441811309935137e-06,1.1641532182693481e-10,0.140625,636.046875
8553,-24.179466402699042,3.441811309870634e-06,5.820766091346741e-11,0.140625,636.1875
8554,-24.179466402699042,3.441811309870634e-06,2.3283064365386963e-10,0.078125,636.265625
8555,-24.179466402699042,3.441811309837723e-06,2.3283064365386963e-10,0.140625,636.40625
8556,-24.179466402699042,3.441811309830859e-06,1.1641532182693481e-10,0.109375,636.515625
8557,-24.179466402699042,3.4418113098486055e-06,2.3283064365386963e-10,0.078125,636.59375
8558,-24.179466402699042,3.4418113098664635e-06,1.4551915228366852e-11,0.140625,636.734375
8559,-24.179466402699042,3.4418113098664635e-06,5.820766091346741e-11,0.046875,636.78125
8560,-24.179466402699042,3.4418113098664635e-06,2.3283064365386963e-10,0.140625,636.921875
8561,-24.179466402699042,3.4418113098782343e-06,1.4551915228366852e-11,0.046875,636.96875
8562,-24.179466402699042,3.4418113098782343e-06,2.3283064365386963e-10,0.0625,637.03125
8563,-24.179466402699042,3.4418113098634184e-06,2.9103830456733704e-11,0.140625,637.171875
8564,-24.179466402699042,3.4418113098634184e-06,1.1641532182693481e-10,0.046875,637.21875
8565,-24.179466402699042,3.44181130986279e-06,2.9103830456733704e-11,0.140625,637.359375
8566,-24.179466402699042,3.44181130986279e-06,2.9103830456733704e-11,0.15625,637.515625
8567,-24.179466402699042,3.44181130986279e-06,2.9103830456733704e-11,0.03125,637.546875
8568,-24.179466402699042,3.44181130986279e-06,2.3283064365386963e-10,0.140625,637.6875
8569,-24.179466402699042,3.441811309877304e-06,5.820766091346741e-11,0.109375,637.796875
8570,-24.179466402699042,3.441811309877304e-06,1.1641532182693481e-10,0.03125,637.828125
8571,-24.179466402699042,3.4418113098766758e-06,2.3283064365386963e-10,0.03125,637.859375
8572,-24.179466402699042,3.4418113098773716e-06,1.4551915228366852e-11,0.125,637.984375
8573,-24.179466402699042,3.441811309865585e-06,1.4551915228366852e-11,0.125,638.109375
8574,-24.179466402699042,3.441811309865585e-06,2.9103830456733704e-11,0.078125,638.1875
8575,-24.179466402699042,3.441811309865585e-06,1.1641532182693481e-10,0.09375,638.28125
8576,-24.179466402699042,3.4418113098938113e-06,1.4551915228366852e-11,0.046875,638.328125
8577,-24.179466402699042,3.4418113098938113e-06,2.9103830456733704e-11,0.09375,638.421875
8578,-24.179466402699042,3.4418113098938113e-06,2.9103830456733704e-11,0.140625,638.5625
8579,-24.179466402699042,3.4418113098938113e-06,4.656612873077393e-10,0.078125,638.640625
8580,-24.179466402699042,3.441811310010076e-06,7.275957614183426e-12,0.140625,638.78125
8581,-24.179466402699042,3.441811310010076e-06,5.820766091346741e-11,0.09375,638.875
8582,-24.179466402699042,3.441811310011003e-06,5.820766091346741e-11,0.140625,639.015625
8583,-24.179466402699042,3.441811310015955e-06,7.275957614183426e-12,0.046875,639.0625
8584,-24.179466402699042,3.441811310015955e-06,2.9103830456733704e-11,0.0625,639.125
8585,-24.179466402699042,3.441811310015955e-06,2.9103830456733704e-11,0.03125,639.15625
8586,-24.179466402699042,3.441811310015955e-06,2.9103830456733704e-11,0.09375,639.25
8587,-24.179466402699042,3.441811310015955e-06,5.820766091346741e-11,0.140625,639.390625
8588,-24.179466402699042,3.441811310015955e-06,2.3283064365386963e-10,0.078125,639.46875
8589,-24.179466402699042,3.4418113100967968e-06,5.820766091346741e-11,0.140625,639.609375
8590,-24.179466402699042,3.441811310101749e-06,1.1641532182693481e-10,0.0625,639.671875
8591,-24.179466402699042,3.441811310106148e-06,1.1641532182693481e-10,0.0625,639.734375
8592,-24.179466402699042,3.441811310106148e-06,1.1641532182693481e-10,0.046875,639.78125
8593,-24.179466402699042,3.441811310136996e-06,2.9103830456733704e-11,0.03125,639.8125
8594,-24.179466402699042,3.441811310136996e-06,2.9103830456733704e-11,0.125,639.9375
8595,-24.179466402699042,3.441811310136996e-06,2.9103830456733704e-11,0.03125,639.96875
8596,-24.179466402699042,3.4418113101379223e-06,2.3283064365386963e-10,0.109375,640.078125
8597,-24.179466402699042,3.4418113101298213e-06,1.1641532182693481e-10,0.03125,640.109375
8598,-24.179466402699042,3.4418113101298213e-06,4.656612873077393e-10,0.09375,640.203125
8599,-24.179466402699042,3.4418113101285304e-06,2.3283064365386963e-10,0.125,640.328125
8600,-24.179466402699042,3.4418113100705167e-06,4.656612873077393e-10,0.03125,640.359375
8601,-24.179466402699042,3.441811310121604e-06,2.3283064365386963e-10,0.046875,640.40625
8602,-24.179466402699042,3.441811310101731e-06,4.656612873077393e-10,0.03125,640.4375
8603,-24.179466402699042,3.441811309938583e-06,9.313225746154785e-10,0.046875,640.484375
8604,-24.179466402699042,3.441811309966545e-06,4.656612873077393e-10,0.140625,640.625
8605,-24.179466402699042,3.4418113099607366e-06,4.656612873077393e-10,0.03125,640.65625
8606,-24.179466402699042,3.4418113100432135e-06,2.3283064365386963e-10,0.140625,640.796875
8607,-24.179466402699042,3.4418113100586536e-06,9.313225746154785e-10,0.109375,640.90625
8608,-24.179466402699042,3.441811309844496e-06,9.313225746154785e-10,0.03125,640.9375
8609,-24.179466402699042,3.4418113099686094e-06,4.656612873077393e-10,0.078125,641.015625
8610,-24.179466402699042,3.4418113098454355e-06,2.3283064365386963e-10,0.03125,641.046875
8611,-24.179466402699042,3.4418113098927897e-06,4.656612873077393e-10,0.0625,641.109375
8612,-24.179466402699042,3.4418113099210662e-06,2.3283064365386963e-10,0.046875,641.15625
8613,-24.179466402699042,3.4418113098620268e-06,1.1641532182693481e-10,0.03125,641.1875
8614,-24.179466402699042,3.441811309952475e-06,2.3283064365386963e-10,0.09375,641.28125
8615,-24.179466402699042,3.441811309942385e-06,2.3283064365386963e-10,0.125,641.40625
8616,-24.179466402699042,3.44181130994497e-06,4.656612873077393e-10,0.046875,641.453125
8617,-24.179466402699042,3.4418113100655506e-06,1.1641532182693481e-10,0.140625,641.59375
8618,-24.179466402699042,3.441811310093126e-06,2.9103830456733704e-11,0.109375,641.703125
8619,-24.179466402699042,3.441811310093126e-06,1.4551915228366852e-11,0.03125,641.734375
8620,-24.179466402699042,3.441811310093126e-06,2.3283064365386963e-10,0.078125,641.8125
8621,-24.179466402699042,3.4418113101629602e-06,2.3283064365386963e-10,0.03125,641.84375
8622,-24.179466402699042,3.4418113101168994e-06,1.1641532182693481e-10,0.109375,641.953125
8623,-24.179466402699042,3.441811310118308e-06,4.656612873077393e-10,0.046875,642.0
8624,-24.179466402699042,3.4418113100091738e-06,2.9103830456733704e-11,0.0625,642.0625
8625,-24.179466402699042,3.4418113100091738e-06,1.1641532182693481e-10,0.078125,642.140625
8626,-24.179466402699042,3.4418113100091738e-06,5.820766091346741e-11,0.140625,642.28125
8627,-24.179466402699042,3.4418113100091738e-06,1.4551915228366852e-11,0.078125,642.359375
8628,-24.179466402699042,3.4418113100091738e-06,1.4551915228366852e-11,0.078125,642.4375
8629,-24.179466402699042,3.4418113100091738e-06,5.820766091346741e-11,0.09375,642.53125
8630,-24.179466402699042,3.4418113100091738e-06,9.313225746154785e-10,0.046875,642.578125
8631,-24.179466402699042,3.441811310037285e-06,1.1641532182693481e-10,0.09375,642.671875
8632,-24.179466402699042,3.441811310055807e-06,2.3283064365386963e-10,0.109375,642.78125
8633,-24.179466402699042,3.4418113102519326e-06,4.656612873077393e-10,0.03125,642.8125
8634,-24.179466402699042,3.441811310294012e-06,4.656612873077393e-10,0.0625,642.875
8635,-24.179466402699042,3.4418113102443597e-06,2.3283064365386963e-10,0.0625,642.9375
8636,-24.179466402699042,3.4418113102147063e-06,5.820766091346741e-11,0.09375,643.03125
8637,-24.179466402699042,3.4418113102147063e-06,2.3283064365386963e-10,0.0625,643.09375
8638,-24.179466402699042,3.441811310220185e-06,1.1641532182693481e-10,0.03125,643.125
8639,-24.179466402699042,3.441811310227908e-06,5.820766091346741e-11,0.03125,643.15625
8640,-24.179466402699042,3.441811310227908e-06,2.3283064365386963e-10,0.0625,643.21875
8641,-24.179466402699042,3.4418113102282093e-06,2.3283064365386963e-10,0.140625,643.359375
8642,-24.179466402699042,3.441811310140901e-06,1.1641532182693481e-10,0.109375,643.46875
8643,-24.179466402699042,3.4418113101454186e-06,7.275957614183426e-12,0.140625,643.609375
8644,-24.179466402699042,3.4418113101454186e-06,1.1641532182693481e-10,0.109375,643.71875
8645,-24.179466402699042,3.4418113101454186e-06,2.9103830456733704e-11,0.140625,643.859375
8646,-24.179466402699042,3.4418113101454186e-06,2.3283064365386963e-10,0.0625,643.921875
8647,-24.179466402699042,3.4418113103091822e-06,4.656612873077393e-10,0.140625,644.0625
8648,-24.179466402699042,3.441811310300169e-06,2.3283064365386963e-10,0.0625,644.125
8649,-24.179466402699042,3.4418113103896372e-06,2.3283064365386963e-10,0.03125,644.15625
8650,-24.179466402699042,3.441811310376166e-06,1.1641532182693481e-10,0.109375,644.265625
8651,-24.179466402699042,3.4418113103746486e-06,4.656612873077393e-10,0.109375,644.375
8652,-24.179466402699042,3.4418113104162836e-06,2.3283064365386963e-10,0.140625,644.515625
8653,-24.179466402699042,3.4418113104744515e-06,2.3283064365386963e-10,0.0625,644.578125
8654,-24.179466402699042,3.441811310434599e-06,5.820766091346741e-11,0.140625,644.71875
8655,-24.179466402699042,3.441811310434599e-06,2.3283064365386963e-10,0.15625,644.875
8656,-24.179466402699042,3.4418113105027454e-06,5.820766091346741e-11,0.03125,644.90625
8657,-24.179466402699042,3.4418113105027454e-06,5.820766091346741e-11,0.125,645.03125
8658,-24.179466402699042,3.4418113105026365e-06,7.275957614183426e-12,0.0625,645.09375
8659,-24.179466402699042,3.4418113105026365e-06,2.3283064365386963e-10,0.15625,645.25
8660,-24.179466402699042,3.4418113106046057e-06,2.9103830456733704e-11,0.078125,645.328125
8661,-24.179466402699042,3.4418113106046057e-06,1.1641532182693481e-10,0.078125,645.40625
8662,-24.179466402699042,3.4418113105442898e-06,4.656612873077393e-10,0.078125,645.484375
8663,-24.179466402699042,3.4418113104522245e-06,2.9103830456733704e-11,0.140625,645.625
8664,-24.179466402699042,3.4418113104522245e-06,1.1641532182693481e-10,0.09375,645.71875
8665,-24.179466402699042,3.4418113104522245e-06,1.4551915228366852e-11,0.046875,645.765625
8666,-24.179466402699042,3.4418113104522245e-06,2.9103830456733704e-11,0.03125,645.796875
8667,-24.179466402699042,3.4418113104453995e-06,5.820766091346741e-11,0.125,645.921875
8668,-24.179466402699042,3.4418113104444085e-06,4.656612873077393e-10,0.140625,646.0625
8669,-24.179466402699042,3.4418113103905906e-06,1.1641532182693481e-10,0.078125,646.140625
8670,-24.179466402699042,3.4418113103905906e-06,2.9103830456733704e-11,0.140625,646.28125
8671,-24.179466402699042,3.4418113103842357e-06,2.3283064365386963e-10,0.078125,646.359375
8672,-24.179466402699042,3.4418113103896982e-06,2.3283064365386963e-10,0.03125,646.390625
8673,-24.179466402699042,3.4418113103197392e-06,5.820766091346741e-11,0.0625,646.453125
8674,-24.179466402699042,3.441811310325877e-06,5.820766091346741e-11,0.078125,646.53125
8675,-24.179466402699042,3.441811310325877e-06,1.4551915228366852e-11,0.046875,646.578125
8676,-24.179466402699042,3.441811310325877e-06,1.4551915228366852e-11,0.078125,646.65625
8677,-24.179466402699042,3.441811310325877e-06,2.3283064365386963e-10,0.140625,646.796875
8678,-24.179466402699042,3.441811310336282e-06,1.4551915228366852e-11,0.171875,646.96875
8679,-24.179466402699042,3.441811310336282e-06,1.1641532182693481e-10,0.03125,647.0
8680,-24.179466402699042,3.441811310335181e-06,5.820766091346741e-11,0.09375,647.09375
8681,-24.179466402699042,3.441811310335181e-06,1.4551915228366852e-11,0.0625,647.15625
8682,-24.179466402699042,3.441811310335181e-06,2.3283064365386963e-10,0.109375,647.265625
8683,-24.179466402699042,3.441811310263683e-06,1.4551915228366852e-11,0.15625,647.421875
8684,-24.179466402699042,3.441811310263683e-06,2.9103830456733704e-11,0.078125,647.5
8685,-24.179466402699042,3.441811310263683e-06,1.4551915228366852e-11,0.0625,647.5625
8686,-24.179466402699042,3.441811310263683e-06,5.820766091346741e-11,0.109375,647.671875
8687,-24.179466402699042,3.441811310263683e-06,5.820766091346741e-11,0.15625,647.828125
8688,-24.179466402699042,3.441811310261982e-06,5.820766091346741e-11,0.03125,647.859375
8689,-24.179466402699042,3.441811310261982e-06,1.1641532182693481e-10,0.0625,647.921875
8690,-24.179466402699042,3.441811310253375e-06,1.4551915228366852e-11,0.0625,647.984375
8691,-24.179466402699042,3.441811310253375e-06,1.4551915228366852e-11,0.140625,648.125
8692,-24.179466402699042,3.441811310253375e-06,4.656612873077393e-10,0.0625,648.1875
8693,-24.179466402699042,3.441811310291929e-06,2.3283064365386963e-10,0.125,648.3125
8694,-24.179466402699042,3.4418113103295347e-06,1.1641532182693481e-10,0.140625,648.453125
8695,-24.179466402699042,3.441811310343205e-06,1.1641532182693481e-10,0.09375,648.546875
8696,-24.179466402699042,3.441811310341063e-06,1.4551915228366852e-11,0.140625,648.6875
8697,-24.179466402699042,3.441811310341063e-06,1.4551915228366852e-11,0.0625,648.75
8698,-24.179466402699042,3.441811310341063e-06,2.9103830456733704e-11,0.03125,648.78125
8699,-24.179466402699042,3.441811310341063e-06,1.4551915228366852e-11,0.03125,648.8125
8700,-24.179466402699042,3.441811310341063e-06,4.656612873077393e-10,0.140625,648.953125
8701,-24.179466402699042,3.4418113105457416e-06,1.1641532182693481e-10,0.03125,648.984375
8702,-24.179466402699042,3.441811310531369e-06,2.3283064365386963e-10,0.09375,649.078125
8703,-24.179466402699042,3.441811310508995e-06,5.820766091346741e-11,0.125,649.203125
8704,-24.179466402699042,3.441811310508995e-06,1.1641532182693481e-10,0.078125,649.28125
8705,-24.179466402699042,3.4418113105081587e-06,5.820766091346741e-11,0.140625,649.421875
8706,-24.179466402699042,3.4418113105081587e-06,2.3283064365386963e-10,0.125,649.546875
8707,-24.179466402699042,3.441811310481296e-06,5.820766091346741e-11,0.140625,649.6875
8708,-24.179466402699042,3.441811310481296e-06,5.820766091346741e-11,0.0625,649.75
8709,-24.179466402699042,3.441811310481296e-06,2.3283064365386963e-10,0.03125,649.78125
8710,-24.179466402699042,3.4418113104647907e-06,5.820766091346741e-11,0.0625,649.84375
8711,-24.179466402699042,3.4418113104647907e-06,2.3283064365386963e-10,0.15625,650.0
8712,-24.179466402699042,3.4418113104866284e-06,4.656612873077393e-10,0.015625,650.015625
8713,-24.179466402699042,3.441811310490088e-06,1.1641532182693481e-10,0.046875,650.0625
8714,-24.179466402699042,3.441811310490088e-06,1.1641532182693481e-10,0.03125,650.09375
8715,-24.179466402699042,3.441811310483848e-06,1.1641532182693481e-10,0.09375,650.1875
8716,-24.179466402699042,3.4418113104846875e-06,2.3283064365386963e-10,0.03125,650.21875
8717,-24.179466402699042,3.4418113104701655e-06,5.820766091346741e-11,0.046875,650.265625
8718,-24.179466402699042,3.441811310464403e-06,1.1641532182693481e-10,0.03125,650.296875
8719,-24.179466402699042,3.4418113104701655e-06,7.275957614183426e-12,0.125,650.421875
8720,-24.179466402699042,3.4418113104701655e-06,2.9103830456733704e-11,0.09375,650.515625
8721,-24.179466402699042,3.4418113104701655e-06,1.4551915228366852e-11,0.03125,650.546875
8722,-24.179466402699042,3.4418113104701655e-06,1.1641532182693481e-10,0.046875,650.59375
8723,-24.179466402699042,3.441811310466108e-06,1.4551915228366852e-11,0.078125,650.671875
8724,-24.179466402699042,3.441811310466108e-06,1.1641532182693481e-10,0.09375,650.765625
8725,-24.179466402699042,3.4418113104558235e-06,2.9103830456733704e-11,0.15625,650.921875
8726,-24.179466402699042,3.4418113104558235e-06,5.820766091346741e-11,0.03125,650.953125
8727,-24.179466402699042,3.4418113104558235e-06,2.9103830456733704e-11,0.078125,651.03125
8728,-24.179466402699042,3.4418113104558235e-06,5.820766091346741e-11,0.140625,651.171875
8729,-24.179466402699042,3.4418113104558235e-06,2.3283064365386963e-10,0.078125,651.25
8730,-24.179466402699042,3.4418113104482163e-06,1.1641532182693481e-10,0.03125,651.28125
8731,-24.179466402699042,3.4418113104451975e-06,4.656612873077393e-10,0.078125,651.359375
8732,-24.179466402699042,3.441811310561167e-06,9.313225746154785e-10,0.03125,651.390625
8733,-24.179466402699042,3.4418113104548008e-06,2.3283064365386963e-10,0.078125,651.46875
8734,-24.179466402699042,3.4418113104641545e-06,1.1641532182693481e-10,0.140625,651.609375
8735,-24.179466402699042,3.4418113104616533e-06,2.3283064365386963e-10,0.0625,651.671875
8736,-24.179466402699042,3.4418113104180463e-06,2.3283064365386963e-10,0.03125,651.703125
8737,-24.179466402699042,3.44181131042327e-06,2.3283064365386963e-10,0.109375,651.8125
8738,-24.179466402699042,3.441811310438561e-06,4.656612873077393e-10,0.046875,651.859375
8739,-24.179466402699042,3.441811310484932e-06,1.1641532182693481e-10,0.140625,652.0
8740,-24.179466402699042,3.441811310502478e-06,4.656612873077393e-10,0.046875,652.046875
8741,-24.179466402699042,3.4418113105391386e-06,2.3283064365386963e-10,0.140625,652.1875
8742,-24.179466402699042,3.4418113105129873e-06,1.1641532182693481e-10,0.046875,652.234375
8743,-24.179466402699042,3.4418113105014363e-06,2.9103830456733704e-11,0.140625,652.375
8744,-24.179466402699042,3.4418113105014363e-06,2.9103830456733704e-11,0.046875,652.421875
8745,-24.179466402699042,3.4418113105014363e-06,2.9103830456733704e-11,0.125,652.546875
8746,-24.179466402699042,3.4418113105014363e-06,5.820766091346741e-11,0.078125,652.625
8747,-24.179466402699042,3.4418113105014363e-06,2.3283064365386963e-10,0.03125,652.65625
8748,-24.179466402699042,3.4418113105054842e-06,2.9103830456733704e-11,0.125,652.78125
8749,-24.179466402699042,3.4418113105054842e-06,1.4551915228366852e-11,0.0625,652.84375
8750,-24.179466402699042,3.4418113105054842e-06,1.4551915228366852e-11,0.140625,652.984375
8751,-24.179466402699042,3.4418113105054842e-06,5.820766091346741e-11,0.03125,653.015625
8752,-24.179466402699042,3.4418113105054842e-06,2.9103830456733704e-11,0.015625,653.03125
8753,-24.179466402699042,3.4418113105054842e-06,5.820766091346741e-11,0.046875,653.078125
8754,-24.179466402699042,3.4418113105054842e-06,2.9103830456733704e-11,0.046875,653.125
8755,-24.179466402699042,3.4418113105054842e-06,2.3283064365386963e-10,0.109375,653.234375
8756,-24.179466402699042,3.4418113105332436e-06,2.9103830456733704e-11,0.140625,653.375
8757,-24.179466402699042,3.4418113105332436e-06,1.1641532182693481e-10,0.078125,653.453125
8758,-24.179466402699042,3.4418113105332436e-06,1.4551915228366852e-11,0.140625,653.59375
8759,-24.179466402699042,3.4418113105332436e-06,2.3283064365386963e-10,0.0625,653.65625
8760,-24.179466402699042,3.4418113105115566e-06,5.820766091346741e-11,0.03125,653.6875
8761,-24.179466402699042,3.4418113105115566e-06,1.4551915228366852e-11,0.09375,653.78125
8762,-24.179466402699042,3.4418113105115566e-06,2.9103830456733704e-11,0.109375,653.890625
8763,-24.179466402699042,3.4418113105115566e-06,2.3283064365386963e-10,0.140625,654.03125
8764,-24.179466402699042,3.4418113105317774e-06,2.3283064365386963e-10,0.046875,654.078125
8765,-24.179466402699042,3.4418113104673267e-06,2.9103830456733704e-11,0.03125,654.109375
8766,-24.179466402699042,3.4418113104673267e-06,1.4551915228366852e-11,0.0625,654.171875
8767,-24.179466402699042,3.4418113104673267e-06,2.9103830456733704e-11,0.03125,654.203125
8768,-24.179466402699042,3.4418113104673267e-06,1.4551915228366852e-11,0.078125,654.28125
8769,-24.179466402699042,3.4418113104673267e-06,5.820766091346741e-11,0.109375,654.390625
8770,-24.179466402699042,3.4418113104673267e-06,5.820766091346741e-11,0.140625,654.53125
8771,-24.179466402699042,3.4418113104673267e-06,5.820766091346741e-11,0.0625,654.59375
8772,-24.179466402699042,3.4418113104673267e-06,2.3283064365386963e-10,0.140625,654.734375
8773,-24.179466402699042,3.441811310473432e-06,1.4551915228366852e-11,0.046875,654.78125
8774,-24.179466402699042,3.441811310473432e-06,2.3283064365386963e-10,0.03125,654.8125
8775,-24.179466402699042,3.441811310498331e-06,4.656612873077393e-10,0.046875,654.859375
8776,-24.179466402699042,3.441811310528642e-06,2.3283064365386963e-10,0.078125,654.9375
8777,-24.179466402699042,3.441811310548564e-06,1.4551915228366852e-11,0.0625,655.0
8778,-24.179466402699042,3.441811310548564e-06,5.820766091346741e-11,0.125,655.125
8779,-24.179466402699042,3.441811310548564e-06,2.3283064365386963e-10,0.140625,655.265625
8780,-24.179466402699042,3.4418113105358538e-06,5.820766091346741e-11,0.0625,655.328125
8781,-24.179466402699042,3.4418113105358538e-06,9.313225746154785e-10,0.140625,655.46875
8782,-24.179466402699042,3.4418113104542337e-06,2.3283064365386963e-10,0.0625,655.53125
8783,-24.179466402699042,3.441811310433378e-06,1.1641532182693481e-10,0.03125,655.5625
8784,-24.179466402699042,3.4418113104336436e-06,1.4551915228366852e-11,0.046875,655.609375
8785,-24.179466402699042,3.4418113104336436e-06,2.9103830456733704e-11,0.140625,655.75
8786,-24.179466402699042,3.4418113104336436e-06,4.656612873077393e-10,0.25,656.0
8787,-24.179466402699042,3.4418113103807464e-06,2.3283064365386963e-10,0.078125,656.078125
8788,-24.179466402699042,3.4418113103806024e-06,4.656612873077393e-10,0.125,656.203125
8789,-24.179466402699042,3.441811310476005e-06,4.656612873077393e-10,0.0625,656.265625
8790,-24.179466402699042,3.441811310554268e-06,1.4551915228366852e-11,0.0625,656.328125
8791,-24.179466402699042,3.441811310554268e-06,4.656612873077393e-10,0.140625,656.46875
8792,-24.179466402699042,3.4418113106024547e-06,1.1641532182693481e-10,0.078125,656.546875
8793,-24.179466402699042,3.4418113106024547e-06,2.3283064365386963e-10,0.109375,656.65625
8794,-24.179466402699042,3.4418113105824033e-06,2.3283064365386963e-10,0.046875,656.703125
8795,-24.179466402699042,3.4418113105727446e-06,2.3283064365386963e-10,0.140625,656.84375
8796,-24.179466402699042,3.4418113105358893e-06,2.3283064365386963e-10,0.046875,656.890625
8797,-24.179466402699042,3.441811310567175e-06,1.1641532182693481e-10,0.140625,657.03125
8798,-24.179466402699042,3.441811310572264e-06,4.656612873077393e-10,0.0625,657.09375
8799,-24.179466402699042,3.441811310573495e-06,2.3283064365386963e-10,0.03125,657.125
8800,-24.179466402699042,3.4418113105644805e-06,2.3283064365386963e-10,0.125,657.25
8801,-24.179466402699042,3.4418113106272385e-06,1.1641532182693481e-10,0.15625,657.40625
8802,-24.179466402699042,3.4418113106272385e-06,2.3283064365386963e-10,0.046875,657.453125
8803,-24.179466402699042,3.441811310650882e-06,5.820766091346741e-11,0.140625,657.59375
8804,-24.179466402699042,3.4418113106506653e-06,5.820766091346741e-11,0.140625,657.734375
8805,-24.179466402699042,3.4418113106506653e-06,4.656612873077393e-10,0.140625,657.875
8806,-24.179466402699042,3.4418113106622607e-06,2.3283064365386963e-10,0.109375,657.984375
8807,-24.179466402699042,3.4418113106762863e-06,1.1641532182693481e-10,0.140625,658.125
8808,-24.179466402699042,3.441811310662327e-06,2.9103830456733704e-11,0.140625,658.265625
8809,-24.179466402699042,3.441811310662327e-06,1.4551915228366852e-11,0.125,658.390625
8810,-24.179466402699042,3.441811310662327e-06,5.820766091346741e-11,0.140625,658.53125
8811,-24.179466402699042,3.441811310662327e-06,1.4551915228366852e-11,0.046875,658.578125
8812,-24.179466402699042,3.441811310662327e-06,2.9103830456733704e-11,0.125,658.703125
8813,-24.179466402699042,3.441811310662327e-06,2.9103830456733704e-11,0.140625,658.84375
8814,-24.179466402699042,3.441811310662327e-06,1.1641532182693481e-10,0.078125,658.921875
8815,-24.179466402699042,3.4418113106470578e-06,5.820766091346741e-11,0.125,659.046875
8816,-24.179466402699042,3.441811310649927e-06,5.820766091346741e-11,0.109375,659.15625
8817,-24.179466402699042,3.441811310649927e-06,2.9103830456733704e-11,0.140625,659.296875
8818,-24.179466402699042,3.441811310649927e-06,2.3283064365386963e-10,0.046875,659.34375
8819,-24.179466402699042,3.4418113106600504e-06,2.9103830456733704e-11,0.140625,659.484375
8820,-24.179466402699042,3.441811310646724e-06,2.9103830456733704e-11,0.09375,659.578125
8821,-24.179466402699042,3.441811310646724e-06,4.656612873077393e-10,0.03125,659.609375
8822,-24.179466402699042,3.4418113106161787e-06,2.9103830456733704e-11,0.109375,659.71875
8823,-24.179466402699042,3.4418113106161787e-06,5.820766091346741e-11,0.125,659.84375
8824,-24.179466402699042,3.4418113106161787e-06,1.1641532182693481e-10,0.140625,659.984375
8825,-24.179466402699042,3.441811310616396e-06,2.3283064365386963e-10,0.046875,660.03125
8826,-24.179466402699042,3.441811310628691e-06,2.9103830456733704e-11,0.109375,660.140625
8827,-24.179466402699042,3.441811310628691e-06,2.3283064365386963e-10,0.140625,660.28125
8828,-24.179466402699042,3.44181131066969e-06,2.3283064365386963e-10,0.078125,660.359375
8829,-24.179466402699042,3.4418113106365685e-06,2.3283064365386963e-10,0.140625,660.5
8830,-24.179466402699042,3.441811310622285e-06,5.820766091346741e-11,0.046875,660.546875
8831,-24.179466402699042,3.441811310604654e-06,1.1641532182693481e-10,0.140625,660.6875
8832,-24.179466402699042,3.4418113106040492e-06,5.820766091346741e-11,0.0625,660.75
8833,-24.179466402699042,3.4418113106040492e-06,2.9103830456733704e-11,0.046875,660.796875
8834,-24.179466402699042,3.4418113106040492e-06,2.3283064365386963e-10,0.09375,660.890625
8835,-24.179466402699042,3.441811310621684e-06,5.820766091346741e-11,0.046875,660.9375
8836,-24.179466402699042,3.441811310621684e-06,2.3283064365386963e-10,0.015625,660.953125
8837,-24.179466402699042,3.4418113106173417e-06,1.1641532182693481e-10,0.078125,661.03125
8838,-24.179466402699042,3.4418113105997874e-06,2.3283064365386963e-10,0.140625,661.171875
8839,-24.179466402699042,3.441811310571997e-06,4.656612873077393e-10,0.046875,661.21875
8840,-24.179466402699042,3.441811310525857e-06,2.3283064365386963e-10,0.140625,661.359375
8841,-24.179466402699042,3.441811310530281e-06,5.820766091346741e-11,0.0625,661.421875
8842,-24.179466402699042,3.441811310530281e-06,2.9103830456733704e-11,0.109375,661.53125
8843,-24.179466402699042,3.4418113105341237e-06,1.1641532182693481e-10,0.109375,661.640625
8844,-24.179466402699042,3.4418113105364022e-06,2.3283064365386963e-10,0.09375,661.734375
8845,-24.179466402699042,3.441811310585133e-06,2.3283064365386963e-10,0.140625,661.875
8846,-24.179466402699042,3.441811310556664e-06,5.820766091346741e-11,0.09375,661.96875
8847,-24.179466402699042,3.441811310556664e-06,2.3283064365386963e-10,0.140625,662.109375
8848,-24.179466402699042,3.44181131049012e-06,1.1641532182693481e-10,0.09375,662.203125
8849,-24.179466402699042,3.441811310477206e-06,1.1641532182693481e-10,0.09375,662.296875
8850,-24.179466402699042,3.4418113104684854e-06,7.275957614183426e-12,0.125,662.421875
8851,-24.179466402699042,3.4418113104684854e-06,5.820766091346741e-11,0.0625,662.484375
8852,-24.179466402699042,3.4418113104684854e-06,5.820766091346741e-11,0.046875,662.53125
8853,-24.179466402699042,3.4418113104684854e-06,1.4551915228366852e-11,0.078125,662.609375
8854,-24.179466402699042,3.4418113104684854e-06,1.1641532182693481e-10,0.046875,662.65625
8855,-24.179466402699042,3.4418113104696315e-06,1.4551915228366852e-11,0.125,662.78125
8856,-24.179466402699042,3.4418113104696315e-06,5.820766091346741e-11,0.0625,662.84375
8857,-24.179466402699042,3.4418113104696315e-06,1.1641532182693481e-10,0.125,662.96875
8858,-24.179466402699042,3.4418113104696315e-06,5.820766091346741e-11,0.125,663.09375
8859,-24.179466402699042,3.4418113104701435e-06,2.3283064365386963e-10,0.046875,663.140625
8860,-24.179466402699042,3.4418113104784554e-06,5.820766091346741e-11,0.078125,663.21875
8861,-24.179466402699042,3.4418113104784554e-06,1.4551915228366852e-11,0.0625,663.28125
8862,-24.179466402699042,3.4418113104784554e-06,2.9103830456733704e-11,0.140625,663.421875
8863,-24.179466402699042,3.4418113104784554e-06,1.4551915228366852e-11,0.0625,663.484375
8864,-24.179466402699042,3.4418113104784554e-06,2.9103830456733704e-11,0.140625,663.625
8865,-24.179466402699042,3.4418113104784554e-06,7.275957614183426e-12,0.140625,663.765625
8866,-24.179466402699042,3.4418113104784554e-06,5.820766091346741e-11,0.09375,663.859375
8867,-24.179466402699042,3.4418113104784554e-06,2.3283064365386963e-10,0.015625,663.875
8868,-24.179466402699042,3.44181131046148e-06,1.1641532182693481e-10,0.03125,663.90625
8869,-24.179466402699042,3.4418113104392602e-06,2.9103830456733704e-11,0.109375,664.015625
8870,-24.179466402699042,3.4418113104392602e-06,5.820766091346741e-11,0.015625,664.03125
8871,-24.179466402699042,3.4418113104392602e-06,1.4551915228366852e-11,0.078125,664.109375
8872,-24.179466402699042,3.4418113104392602e-06,1.1641532182693481e-10,0.140625,664.25
8873,-24.179466402699042,3.4418113104392602e-06,1.1641532182693481e-10,0.125,664.375
8874,-24.179466402699042,3.4418113104394775e-06,2.3283064365386963e-10,0.03125,664.40625
8875,-24.179466402699042,3.4418113103841603e-06,5.820766091346741e-11,0.078125,664.484375
8876,-24.179466402699042,3.441811310394514e-06,5.820766091346741e-11,0.03125,664.515625
8877,-24.179466402699042,3.441811310394514e-06,5.820766091346741e-11,0.046875,664.5625
8878,-24.179466402699042,3.441811310394514e-06,2.3283064365386963e-10,0.0625,664.625
8879,-24.179466402699042,3.4418113104244067e-06,2.3283064365386963e-10,0.03125,664.65625
8880,-24.179466402699042,3.441811310428355e-06,1.1641532182693481e-10,0.0625,664.71875
8881,-24.179466402699042,3.441811310428355e-06,1.1641532182693481e-10,0.046875,664.765625
8882,-24.179466402699042,3.441811310435582e-06,1.1641532182693481e-10,0.0625,664.828125
8883,-24.179466402699042,3.441811310450859e-06,2.3283064365386963e-10,0.078125,664.90625
8884,-24.179466402699042,3.44181131044434e-06,1.1641532182693481e-10,0.15625,665.0625
8885,-24.179466402699042,3.4418113104415786e-06,1.1641532182693481e-10,0.0625,665.125
8886,-24.179466402699042,3.4418113104425438e-06,5.820766091346741e-11,0.046875,665.171875
8887,-24.179466402699042,3.441811310441777e-06,5.820766091346741e-11,0.140625,665.3125
8888,-24.179466402699042,3.4418113104413613e-06,2.9103830456733704e-11,0.0625,665.375
8889,-24.179466402699042,3.4418113104413613e-06,1.4551915228366852e-11,0.03125,665.40625
8890,-24.179466402699042,3.4418113104413613e-06,2.9103830456733704e-11,0.0625,665.46875
8891,-24.179466402699042,3.4418113104413613e-06,2.3283064365386963e-10,0.09375,665.5625
8892,-24.179466402699042,3.4418113105020173e-06,1.1641532182693481e-10,0.140625,665.703125
8893,-24.179466402699042,3.441811310459773e-06,1.1641532182693481e-10,0.09375,665.796875
8894,-24.179466402699042,3.4418113104905303e-06,5.820766091346741e-11,0.140625,665.9375
8895,-24.179466402699042,3.441811310446224e-06,2.3283064365386963e-10,0.0625,666.0
8896,-24.179466402699042,3.4418113104357095e-06,4.656612873077393e-10,0.109375,666.109375
8897,-24.179466402699042,3.4418113104623377e-06,4.656612873077393e-10,0.046875,666.15625
8898,-24.179466402699042,3.4418113103994467e-06,1.1641532182693481e-10,0.046875,666.203125
8899,-24.179466402699042,3.4418113104204006e-06,1.1641532182693481e-10,0.140625,666.34375
8900,-24.179466402699042,3.4418113104129717e-06,2.3283064365386963e-10,0.109375,666.453125
8901,-24.179466402699042,3.4418113103008584e-06,2.3283064365386963e-10,0.140625,666.59375
8902,-24.179466402699042,3.4418113103842857e-06,2.9103830456733704e-11,0.0625,666.65625
8903,-24.179466402699042,3.4418113103842857e-06,5.820766091346741e-11,0.0625,666.71875
8904,-24.179466402699042,3.441811310414826e-06,5.820766091346741e-11,0.09375,666.8125
8905,-24.179466402699042,3.441811310414826e-06,2.3283064365386963e-10,0.109375,666.921875
8906,-24.179466402699042,3.441811310350749e-06,5.820766091346741e-11,0.09375,667.015625
8907,-24.179466402699042,3.441811310350749e-06,3.725290298461914e-09,0.140625,667.15625
8908,-24.179466402699042,3.4418113097919615e-06,4.656612873077393e-10,0.0625,667.21875
8909,-24.179466402699042,3.441811309677297e-06,2.3283064365386963e-10,0.09375,667.3125
8910,-24.179466402699042,3.441811309787905e-06,1.1641532182693481e-10,0.0625,667.375
8911,-24.179466402699042,3.4418113097795952e-06,5.820766091346741e-11,0.078125,667.453125
8912,-24.179466402699042,3.4418113097645934e-06,2.3283064365386963e-10,0.09375,667.546875
8913,-24.179466402699042,3.441811309761318e-06,9.313225746154785e-10,0.109375,667.65625
8914,-24.179466402699042,3.441811309893614e-06,9.313225746154785e-10,0.078125,667.734375
8915,-24.179466402699042,3.441811309839495e-06,2.3283064365386963e-10,0.046875,667.78125
8916,-24.179466402699042,3.4418113098311706e-06,9.313225746154785e-10,0.140625,667.921875
8917,-24.179466402699042,3.4418113099159137e-06,2.3283064365386963e-10,0.078125,668.0
8918,-24.179466402699042,3.4418113098950738e-06,1.1641532182693481e-10,0.078125,668.078125
8919,-24.179466402699042,3.4418113099075455e-06,2.9103830456733704e-11,0.125,668.203125
8920,-24.179466402699042,3.4418113099075455e-06,1.862645149230957e-09,0.109375,668.3125
8921,-24.179466402699042,3.441811309785433e-06,2.3283064365386963e-10,0.09375,668.40625
8922,-24.179466402699042,3.4418113098211473e-06,2.3283064365386963e-10,0.109375,668.515625
8923,-24.179466402699042,3.4418113098089246e-06,4.656612873077393e-10,0.140625,668.65625
8924,-24.179466402699042,3.4418113099348237e-06,3.725290298461914e-09,0.140625,668.796875
8925,-24.179466402699042,3.441811309333801e-06,9.313225746154785e-10,0.140625,668.9375
8926,-24.179466402699042,3.4418113093270217e-06,4.656612873077393e-10,0.109375,669.046875
8927,-24.179466402699042,3.44181130934062e-06,9.313225746154785e-10,0.140625,669.1875
8928,-24.179466402699042,3.441811309223751e-06,9.313225746154785e-10,0.125,669.3125
8929,-24.179466402699042,3.4418113092550476e-06,4.656612873077393e-10,0.140625,669.453125
8930,-24.179466402699042,3.4418113092886185e-06,9.313225746154785e-10,0.046875,669.5
8931,-24.179466402699042,3.4418113094659736e-06,4.656612873077393e-10,0.140625,669.640625
8932,-24.179466402699042,3.441811309400565e-06,1.862645149230957e-09,0.09375,669.734375
8933,-24.179466402699042,3.4418113087592627e-06,1.1641532182693481e-10,0.140625,669.875
8934,-24.179466402699042,3.4418113087773392e-06,4.656612873077393e-10,0.03125,669.90625
8935,-24.179466402699042,3.4418113087574365e-06,4.656612873077393e-10,0.140625,670.046875
8936,-24.179466402699042,3.441811308717379e-06,2.3283064365386963e-10,0.09375,670.140625
8937,-24.179466402699042,3.4418113087035106e-06,4.656612873077393e-10,0.03125,670.171875
8938,-24.179466402699042,3.4418113089697123e-06,9.313225746154785e-10,0.03125,670.203125
8939,-24.179466402699042,3.441811308831178e-06,9.313225746154785e-10,0.03125,670.234375
8940,-24.179466402699042,3.4418113087110593e-06,2.3283064365386963e-10,0.0625,670.296875
8941,-24.179466402699042,3.4418113086962854e-06,2.3283064365386963e-10,0.078125,670.375
8942,-24.179466402699042,3.4418113087115964e-06,1.862645149230957e-09,0.03125,670.40625
8943,-24.179466402699042,3.441811309165758e-06,9.313225746154785e-10,0.0625,670.46875
8944,-24.179466402699042,3.4418113091685003e-06,4.656612873077393e-10,0.046875,670.515625
8945,-24.179466402699042,3.4418113092772907e-06,4.656612873077393e-10,0.03125,670.546875
8946,-24.179466402699042,3.441811309299865e-06,9.313225746154785e-10,0.046875,670.59375
8947,-24.179466402699042,3.441811309088055e-06,9.313225746154785e-10,0.03125,670.625
8948,-24.179466402699045,3.441811308853583e-06,4.656612873077393e-10,0.09375,670.71875
8949,-24.179466402699045,3.4418113088048784e-06,4.656612873077393e-10,0.03125,670.75
8950,-24.179466402699045,3.4418113087665315e-06,5.820766091346741e-11,0.09375,670.84375
8951,-24.179466402699045,3.441811308796604e-06,5.820766091346741e-11,0.109375,670.953125
8952,-24.179466402699045,3.441811308783323e-06,9.313225746154785e-10,0.140625,671.09375
8953,-24.179466402699045,3.441811308834449e-06,5.820766091346741e-11,0.046875,671.140625
8954,-24.179466402699045,3.441811308834232e-06,1.4551915228366852e-11,0.03125,671.171875
8955,-24.179466402699045,3.441811308834232e-06,2.9103830456733704e-11,0.09375,671.265625
8956,-24.179466402699045,3.441811308834232e-06,2.9103830456733704e-11,0.046875,671.3125
8957,-24.179466402699045,3.441811308834232e-06,2.9103830456733704e-11,0.140625,671.453125
8958,-24.179466402699045,3.441811308834232e-06,5.820766091346741e-11,0.046875,671.5
8959,-24.179466402699045,3.441811308834232e-06,1.4551915228366852e-11,0.140625,671.640625
8960,-24.179466402699045,3.441811308834232e-06,1.4551915228366852e-11,0.046875,671.6875
8961,-24.179466402699045,3.441811308834232e-06,2.9103830456733704e-11,0.0625,671.75
8962,-24.179466402699045,3.441811308834232e-06,2.9103830456733704e-11,0.15625,671.90625
8963,-24.179466402699045,3.441811308834232e-06,4.656612873077393e-10,0.15625,672.0625
8964,-24.179466402699045,3.441811308893215e-06,2.9103830456733704e-11,0.046875,672.109375
8965,-24.179466402699045,3.441811308893215e-06,2.9103830456733704e-11,0.125,672.234375
8966,-24.179466402699045,3.441811308893215e-06,1.4551915228366852e-11,0.140625,672.375
8967,-24.179466402699045,3.441811308893215e-06,4.656612873077393e-10,0.15625,672.53125
8968,-24.179466402699045,3.4418113087808472e-06,4.656612873077393e-10,0.03125,672.5625
8969,-24.179466402699045,3.4418113087083632e-06,9.313225746154785e-10,0.125,672.6875
8970,-24.179466402699045,3.441811308595523e-06,2.3283064365386963e-10,0.109375,672.796875
8971,-24.179466402699045,3.441811308665987e-06,1.1641532182693481e-10,0.09375,672.890625
8972,-24.179466402699045,3.44181130871092e-06,5.820766091346741e-11,0.046875,672.9375
8973,-24.179466402699045,3.44181130871092e-06,2.3283064365386963e-10,0.140625,673.078125
8974,-24.179466402699045,3.4418113086833686e-06,1.1641532182693481e-10,0.0625,673.140625
8975,-24.179466402699045,3.4418113086831513e-06,1.4551915228366852e-11,0.125,673.265625
8976,-24.179466402699045,3.4418113086831513e-06,7.275957614183426e-12,0.03125,673.296875
8977,-24.179466402699045,3.4418113086831513e-06,5.820766091346741e-11,0.125,673.421875
8978,-24.179466402699045,3.4418113086831513e-06,1.4551915228366852e-11,0.140625,673.5625
8979,-24.179466402699045,3.4418113086831513e-06,1.4551915228366852e-11,0.046875,673.609375
8980,-24.179466402699045,3.4418113086831513e-06,5.820766091346741e-11,0.046875,673.65625
8981,-24.179466402699045,3.4418113086831513e-06,9.313225746154785e-10,0.03125,673.6875
8982,-24.179466402699045,3.4418113085716517e-06,9.313225746154785e-10,0.0625,673.75
8983,-24.179466402699045,3.4418113085205582e-06,1.1641532182693481e-10,0.125,673.875
8984,-24.179466402699045,3.4418113085229054e-06,4.656612873077393e-10,0.125,674.0
8985,-24.179466402699045,3.441811308509359e-06,1.1641532182693481e-10,0.140625,674.140625
8986,-24.179466402699045,3.441811308509359e-06,2.3283064365386963e-10,0.046875,674.1875
8987,-24.179466402699045,3.4418113085333277e-06,2.3283064365386963e-10,0.03125,674.21875
8988,-24.179466402699045,3.441811308519824e-06,4.656612873077393e-10,0.046875,674.265625
8989,-24.179466402699045,3.4418113085940295e-06,2.3283064365386963e-10,0.0625,674.328125
8990,-24.179466402699045,3.4418113086025498e-06,5.820766091346741e-11,0.046875,674.375
8991,-24.179466402699045,3.4418113085941015e-06,2.3283064365386963e-10,0.078125,674.453125
8992,-24.179466402699045,3.4418113084879615e-06,4.656612873077393e-10,0.140625,674.59375
8993,-24.179466402699045,3.44181130865119e-06,4.656612873077393e-10,0.0625,674.65625
8994,-24.179466402699045,3.4418113085622005e-06,1.1641532182693481e-10,0.03125,674.6875
8995,-24.179466402699045,3.4418113085603574e-06,4.656612873077393e-10,0.140625,674.828125
8996,-24.179466402699045,3.4418113085711206e-06,4.656612873077393e-10,0.03125,674.859375
8997,-24.179466402699045,3.4418113085977797e-06,1.1641532182693481e-10,0.046875,674.90625
8998,-24.179466402699045,3.441811308592285e-06,1.4551915228366852e-11,0.09375,675.0
8999,-24.179466402699045,3.441811308592285e-06,2.9103830456733704e-11,0.140625,675.140625
9000,-24.179466402699045,3.441811308592285e-06,2.9103830456733704e-11,0.09375,675.234375
9001,-24.179466402699045,3.441811308592285e-06,5.820766091346741e-11,0.125,675.359375
9002,-24.179466402699045,3.441811308592285e-06,2.3283064365386963e-10,0.078125,675.4375
9003,-24.179466402699045,3.4418113085972613e-06,1.1641532182693481e-10,0.078125,675.515625
9004,-24.179466402699045,3.4418113085972613e-06,1.1641532182693481e-10,0.140625,675.65625
9005,-24.179466402699045,3.4418113085697615e-06,4.656612873077393e-10,0.0625,675.71875
9006,-24.179466402699045,3.4418113087013473e-06,1.1641532182693481e-10,0.140625,675.859375
9007,-24.179466402699045,3.441811308707262e-06,5.820766091346741e-11,0.046875,675.90625
9008,-24.179466402699045,3.441811308707262e-06,1.1641532182693481e-10,0.1875,676.09375
9009,-24.179466402699045,3.4418113087029664e-06,1.1641532182693481e-10,0.015625,676.109375
9010,-24.179466402699045,3.441811308707262e-06,1.1641532182693481e-10,0.078125,676.1875
9011,-24.179466402699045,3.4418113086965285e-06,5.820766091346741e-11,0.046875,676.234375
9012,-24.179466402699045,3.4418113086965285e-06,5.820766091346741e-11,0.125,676.359375
9013,-24.179466402699045,3.4418113086965285e-06,5.820766091346741e-11,0.109375,676.46875
9014,-24.179466402699045,3.4418113087029664e-06,5.820766091346741e-11,0.125,676.59375
9015,-24.179466402699045,3.4418113087027487e-06,1.1641532182693481e-10,0.125,676.71875
9016,-24.179466402699045,3.441811308699533e-06,4.656612873077393e-10,0.140625,676.859375
9017,-24.179466402699045,3.4418113086501488e-06,5.820766091346741e-11,0.125,676.984375
9018,-24.179466402699045,3.4418113086499315e-06,2.9103830456733704e-11,0.046875,677.03125
9019,-24.179466402699045,3.4418113086542272e-06,5.820766091346741e-11,0.15625,677.1875
9020,-24.179466402699045,3.4418113086542272e-06,5.820766091346741e-11,0.015625,677.203125
9021,-24.179466402699045,3.4418113086542272e-06,5.820766091346741e-11,0.125,677.328125
9022,-24.179466402699045,3.4418113086353473e-06,1.4551915228366852e-11,0.140625,677.46875
9023,-24.179466402699045,3.4418113086353473e-06,1.4551915228366852e-11,0.03125,677.5
9024,-24.179466402699045,3.4418113086353473e-06,1.4551915228366852e-11,0.109375,677.609375
9025,-24.179466402699045,3.4418113086542272e-06,1.4551915228366852e-11,0.046875,677.65625
9026,-24.179466402699045,3.4418113086542272e-06,1.1641532182693481e-10,0.140625,677.796875
9027,-24.179466402699045,3.4418113086501488e-06,2.3283064365386963e-10,0.09375,677.890625
9028,-24.179466402699045,3.4418113086586416e-06,2.3283064365386963e-10,0.140625,678.03125
9029,-24.179466402699045,3.441811308671127e-06,5.820766091346741e-11,0.109375,678.140625
9030,-24.179466402699045,3.441811308671127e-06,5.820766091346741e-11,0.03125,678.171875
9031,-24.179466402699045,3.441811308653075e-06,5.820766091346741e-11,0.09375,678.265625
9032,-24.179466402699045,3.441811308653075e-06,2.3283064365386963e-10,0.09375,678.359375
9033,-24.179466402699045,3.4418113086915357e-06,5.820766091346741e-11,0.046875,678.40625
9034,-24.179466402699045,3.4418113086915357e-06,5.820766091346741e-11,0.109375,678.515625
9035,-24.179466402699045,3.4418113086913184e-06,2.9103830456733704e-11,0.09375,678.609375
9036,-24.179466402699045,3.4418113086870227e-06,1.4551915228366852e-11,0.125,678.734375
9037,-24.179466402699045,3.4418113086870227e-06,1.1641532182693481e-10,0.03125,678.765625
9038,-24.179466402699045,3.4418113086628598e-06,1.4551915228366852e-11,0.078125,678.84375
9039,-24.179466402699045,3.4418113086628598e-06,2.9103830456733704e-11,0.15625,679.0
9040,-24.179466402699045,3.4418113086628598e-06,5.820766091346741e-11,0.015625,679.015625
9041,-24.179466402699045,3.4418113086628598e-06,9.313225746154785e-10,0.046875,679.0625
9042,-24.179466402699045,3.441811308806152e-06,1.1641532182693481e-10,0.015625,679.078125
9043,-24.179466402699045,3.441811308805935e-06,4.656612873077393e-10,0.0625,679.140625
9044,-24.179466402699045,3.4418113087542686e-06,4.656612873077393e-10,0.0625,679.203125
9045,-24.179466402699045,3.4418113089040863e-06,2.3283064365386963e-10,0.046875,679.25
9046,-24.179466402699045,3.4418113089180517e-06,5.820766091346741e-11,0.140625,679.390625
9047,-24.179466402699045,3.441811308877037e-06,2.9103830456733704e-11,0.140625,679.53125
9048,-24.179466402699045,3.44181130887682e-06,1.4551915228366852e-11,0.046875,679.578125
9049,-24.179466402699045,3.4418113089195667e-06,5.820766091346741e-11,0.0625,679.640625
9050,-24.179466402699045,3.44181130887682e-06,2.9103830456733704e-11,0.140625,679.78125
9051,-24.179466402699045,3.44181130887682e-06,1.4551915228366852e-11,0.09375,679.875
9052,-24.179466402699045,3.44181130887682e-06,2.9103830456733704e-11,0.140625,680.015625
9053,-24.179466402699045,3.44181130887682e-06,7.275957614183426e-12,0.0625,680.078125
9054,-24.179466402699045,3.44181130887682e-06,7.275957614183426e-12,0.046875,680.125
9055,-24.179466402699045,3.44181130887682e-06,2.9103830456733704e-11,0.140625,680.265625
9056,-24.179466402699045,3.44181130887682e-06,5.820766091346741e-11,0.078125,680.34375
9057,-24.179466402699045,3.44181130887682e-06,5.820766091346741e-11,0.03125,680.375
9058,-24.179466402699045,3.44181130887682e-06,2.9103830456733704e-11,0.0625,680.4375
9059,-24.179466402699045,3.44181130887682e-06,1.4551915228366852e-11,0.03125,680.46875
9060,-24.179466402699045,3.44181130887682e-06,2.9103830456733704e-11,0.125,680.59375
9061,-24.179466402699045,3.44181130887682e-06,1.4551915228366852e-11,0.125,680.71875
9062,-24.179466402699045,3.44181130887682e-06,1.1641532182693481e-10,0.140625,680.859375
9063,-24.179466402699045,3.4418113088790154e-06,1.4551915228366852e-11,0.046875,680.90625
9064,-24.179466402699045,3.4418113088790154e-06,5.820766091346741e-11,0.0625,680.96875
9065,-24.179466402699045,3.4418113088750877e-06,5.820766091346741e-11,0.109375,681.078125
9066,-24.179466402699045,3.441811308880747e-06,5.820766091346741e-11,0.0625,681.140625
9067,-24.179466402699045,3.44181130887682e-06,2.9103830456733704e-11,0.140625,681.28125
9068,-24.179466402699045,3.441811308880747e-06,1.4551915228366852e-11,0.03125,681.3125
9069,-24.179466402699045,3.441811308880747e-06,2.9103830456733704e-11,0.078125,681.390625
9070,-24.179466402699045,3.4418113088430038e-06,2.9103830456733704e-11,0.0625,681.453125
9071,-24.179466402699045,3.4418113088430038e-06,5.820766091346741e-11,0.0625,681.515625
9072,-24.179466402699045,3.4418113088432215e-06,1.1641532182693481e-10,0.140625,681.65625
9073,-24.179466402699045,3.4418113088471487e-06,1.1641532182693481e-10,0.109375,681.765625
9074,-24.179466402699045,3.441811308874639e-06,2.9103830456733704e-11,0.140625,681.90625
9075,-24.179466402699045,3.4418113089084544e-06,1.4551915228366852e-11,0.09375,682.0
9076,-24.179466402699045,3.4418113089084544e-06,1.4551915228366852e-11,0.03125,682.03125
9077,-24.179466402699045,3.4418113089084544e-06,5.820766091346741e-11,0.046875,682.078125
9078,-24.179466402699045,3.4418113089084544e-06,2.3283064365386963e-10,0.109375,682.1875
9079,-24.179466402699045,3.4418113088783805e-06,5.820766091346741e-11,0.125,682.3125
9080,-24.179466402699045,3.4418113088783805e-06,5.820766091346741e-11,0.0625,682.375
9081,-24.179466402699045,3.4418113088781633e-06,1.1641532182693481e-10,0.140625,682.515625
9082,-24.179466402699045,3.441811308851608e-06,4.656612873077393e-10,0.140625,682.65625
9083,-24.179466402699045,3.4418113089362155e-06,5.820766091346741e-11,0.140625,682.796875
9084,-24.179466402699045,3.441811308914345e-06,1.1641532182693481e-10,0.0625,682.859375
9085,-24.179466402699045,3.441811308862612e-06,4.656612873077393e-10,0.0625,682.921875
9086,-24.179466402699045,3.441811308908952e-06,1.1641532182693481e-10,0.09375,683.015625
9087,-24.179466402699045,3.4418113089798928e-06,5.820766091346741e-11,0.03125,683.046875
9088,-24.179466402699045,3.4418113089656016e-06,2.3283064365386963e-10,0.109375,683.15625
9089,-24.179466402699045,3.441811308952283e-06,2.9103830456733704e-11,0.046875,683.203125
9090,-24.179466402699045,3.441811308952283e-06,5.820766091346741e-11,0.0625,683.265625
9091,-24.179466402699045,3.4418113089516286e-06,1.4551915228366852e-11,0.140625,683.40625
9092,-24.179466402699045,3.4418113089516286e-06,1.4551915228366852e-11,0.140625,683.546875
9093,-24.179466402699045,3.4418113089516286e-06,2.3283064365386963e-10,0.0625,683.609375
9094,-24.179466402699045,3.4418113089617654e-06,2.3283064365386963e-10,0.03125,683.640625
9095,-24.179466402699045,3.441811308945728e-06,1.1641532182693481e-10,0.0625,683.703125
9096,-24.179466402699045,3.441811308928639e-06,1.4551915228366852e-11,0.109375,683.8125
9097,-24.179466402699045,3.441811308928639e-06,7.275957614183426e-12,0.109375,683.921875
9098,-24.179466402699045,3.441811308928639e-06,2.3283064365386963e-10,0.078125,684.0
9099,-24.179466402699045,3.441811308961577e-06,4.656612873077393e-10,0.140625,684.140625
9100,-24.179466402699045,3.4418113090043115e-06,4.656612873077393e-10,0.125,684.265625
9101,-24.179466402699045,3.44181130892249e-06,1.1641532182693481e-10,0.078125,684.34375
9102,-24.179466402699045,3.441811308923418e-06,2.9103830456733704e-11,0.140625,684.484375
9103,-24.179466402699045,3.441811308923201e-06,1.4551915228366852e-11,0.046875,684.53125
9104,-24.179466402699045,3.441811308923201e-06,1.4551915228366852e-11,0.109375,684.640625
9105,-24.179466402699045,3.441811308923201e-06,5.820766091346741e-11,0.078125,684.71875
9106,-24.179466402699045,3.441811308923201e-06,2.9103830456733704e-11,0.078125,684.796875
9107,-24.179466402699045,3.441811308923201e-06,2.9103830456733704e-11,0.140625,684.9375
9108,-24.179466402699045,3.441811308923201e-06,1.4551915228366852e-11,0.046875,684.984375
9109,-24.179466402699045,3.441811308923201e-06,2.9103830456733704e-11,0.0625,685.046875
9110,-24.179466402699045,3.441811308923201e-06,4.656612873077393e-10,0.0625,685.109375
9111,-24.179466402699045,3.4418113088309314e-06,1.862645149230957e-09,0.046875,685.15625
9112,-24.179466402699045,3.4418113091274417e-06,2.3283064365386963e-10,0.109375,685.265625
9113,-24.179466402699045,3.4418113091543735e-06,2.3283064365386963e-10,0.0625,685.328125
9114,-24.179466402699045,3.4418113091438597e-06,2.3283064365386963e-10,0.140625,685.46875
9115,-24.179466402699045,3.4418113091134627e-06,9.313225746154785e-10,0.09375,685.5625
9116,-24.179466402699045,3.4418113090008336e-06,4.656612873077393e-10,0.03125,685.59375
9117,-24.179466402699045,3.441811308868531e-06,4.656612873077393e-10,0.0625,685.65625
9118,-24.179466402699045,3.441811308812183e-06,2.3283064365386963e-10,0.015625,685.671875
9119,-24.179466402699045,3.4418113088526117e-06,4.656612873077393e-10,0.078125,685.75
9120,-24.179466402699045,3.441811308675249e-06,9.313225746154785e-10,0.125,685.875
9121,-24.179466402699045,3.4418113087074946e-06,1.1641532182693481e-10,0.140625,686.015625
9122,-24.179466402699045,3.441811308727624e-06,4.656612873077393e-10,0.109375,686.125
9123,-24.179466402699045,3.4418113086572376e-06,2.3283064365386963e-10,0.03125,686.15625
9124,-24.179466402699045,3.4418113086780085e-06,2.3283064365386963e-10,0.125,686.28125
9125,-24.179466402699045,3.4418113086142473e-06,2.3283064365386963e-10,0.03125,686.3125
9126,-24.179466402699045,3.44181130862667e-06,2.3283064365386963e-10,0.078125,686.390625
9127,-24.179466402699045,3.441811308579724e-06,4.656612873077393e-10,0.046875,686.4375
9128,-24.179466402699045,3.441811308667221e-06,4.656612873077393e-10,0.046875,686.484375
9129,-24.179466402699045,3.4418113086329494e-06,4.656612873077393e-10,0.140625,686.625
9130,-24.179466402699045,3.4418113085428026e-06,4.656612873077393e-10,0.03125,686.65625
9131,-24.179466402699045,3.441811308445259e-06,4.656612873077393e-10,0.09375,686.75
9132,-24.179466402699045,3.4418113084981767e-06,2.3283064365386963e-10,0.125,686.875
9133,-24.179466402699045,3.441811308500782e-06,2.3283064365386963e-10,0.125,687.0
9134,-24.179466402699045,3.4418113084422543e-06,2.3283064365386963e-10,0.140625,687.140625
9135,-24.179466402699045,3.441811308444175e-06,5.820766091346741e-11,0.09375,687.234375
9136,-24.179466402699045,3.441811308444175e-06,2.9103830456733704e-11,0.140625,687.375
9137,-24.179466402699045,3.441811308444175e-06,5.820766091346741e-11,0.171875,687.546875
9138,-24.179466402699045,3.4418113084411858e-06,2.9103830456733704e-11,0.171875,687.71875
9139,-24.179466402699045,3.4418113084411858e-06,2.9103830456733704e-11,0.078125,687.796875
9140,-24.179466402699045,3.4418113084411858e-06,1.4551915228366852e-11,0.0625,687.859375
9141,-24.179466402699045,3.4418113084411858e-06,2.3283064365386963e-10,0.03125,687.890625
9142,-24.179466402699045,3.4418113083592256e-06,2.3283064365386963e-10,0.03125,687.921875
9143,-24.179466402699045,3.441811308367671e-06,2.3283064365386963e-10,0.03125,687.953125
9144,-24.179466402699045,3.4418113083873322e-06,2.3283064365386963e-10,0.140625,688.09375
9145,-24.179466402699045,3.441811308387132e-06,1.1641532182693481e-10,0.046875,688.140625
9146,-24.179466402699045,3.4418113083772733e-06,2.3283064365386963e-10,0.125,688.265625
9147,-24.179466402699045,3.4418113083866e-06,2.9103830456733704e-11,0.140625,688.40625
9148,-24.179466402699045,3.4418113083866e-06,2.3283064365386963e-10,0.015625,688.421875
9149,-24.179466402699045,3.441811308463681e-06,1.1641532182693481e-10,0.109375,688.53125
9150,-24.179466402699045,3.441811308455705e-06,2.9103830456733704e-11,0.125,688.65625
9151,-24.179466402699045,3.441811308455705e-06,1.4551915228366852e-11,0.140625,688.796875
9152,-24.179466402699045,3.441811308455705e-06,2.3283064365386963e-10,0.0625,688.859375
9153,-24.179466402699045,3.4418113085169613e-06,2.3283064365386963e-10,0.03125,688.890625
9154,-24.179466402699045,3.441811308501878e-06,2.3283064365386963e-10,0.171875,689.0625
9155,-24.179466402699045,3.4418113084843954e-06,1.1641532182693481e-10,0.15625,689.21875
9156,-24.179466402699045,3.4418113084836086e-06,9.313225746154785e-10,0.140625,689.359375
9157,-24.179466402699045,3.44181130857528e-06,2.3283064365386963e-10,0.046875,689.40625
9158,-24.179466402699045,3.441811308585678e-06,2.3283064365386963e-10,0.140625,689.546875
9159,-24.179466402699045,3.441811308564504e-06,2.3283064365386963e-10,0.125,689.671875
9160,-24.179466402699045,3.4418113085755353e-06,4.656612873077393e-10,0.140625,689.8125
9161,-24.179466402699045,3.4418113086077548e-06,2.3283064365386963e-10,0.046875,689.859375
9162,-24.179466402699045,3.4418113086359923e-06,1.1641532182693481e-10,0.03125,689.890625
9163,-24.179466402699045,3.441811308606769e-06,1.4551915228366852e-11,0.03125,689.921875
9164,-24.179466402699045,3.441811308606769e-06,4.656612873077393e-10,0.125,690.046875
9165,-24.179466402699045,3.441811308595584e-06,1.1641532182693481e-10,0.03125,690.078125
9166,-24.179466402699045,3.4418113086387032e-06,1.1641532182693481e-10,0.0625,690.140625
9167,-24.179466402699045,3.441811308638486e-06,5.820766091346741e-11,0.109375,690.25
9168,-24.179466402699045,3.441811308638486e-06,2.3283064365386963e-10,0.078125,690.328125
9169,-24.179466402699045,3.4418113086298988e-06,4.656612873077393e-10,0.09375,690.421875
9170,-24.179466402699045,3.441811308809808e-06,2.9103830456733704e-11,0.0625,690.484375
9171,-24.179466402699045,3.441811308809591e-06,2.9103830456733704e-11,0.0625,690.546875
9172,-24.179466402699045,3.441811308809591e-06,1.4551915228366852e-11,0.03125,690.578125
9173,-24.179466402699045,3.441811308809591e-06,2.9103830456733704e-11,0.09375,690.671875
9174,-24.179466402699045,3.441811308814775e-06,1.4551915228366852e-11,0.125,690.796875
9175,-24.179466402699045,3.441811308814775e-06,2.3283064365386963e-10,0.140625,690.9375
9176,-24.179466402699045,3.441811308756848e-06,4.656612873077393e-10,0.03125,690.96875
9177,-24.179466402699045,3.4418113086647186e-06,2.3283064365386963e-10,0.140625,691.109375
9178,-24.179466402699045,3.441811308689569e-06,5.820766091346741e-11,0.0625,691.171875
9179,-24.179466402699045,3.4418113086893516e-06,5.820766091346741e-11,0.03125,691.203125
9180,-24.179466402699045,3.4418113086893516e-06,1.1641532182693481e-10,0.078125,691.28125
9181,-24.179466402699045,3.4418113086657054e-06,5.820766091346741e-11,0.140625,691.421875
9182,-24.179466402699045,3.4418113086658972e-06,2.3283064365386963e-10,0.03125,691.453125
9183,-24.179466402699045,3.441811308604637e-06,5.820766091346741e-11,0.078125,691.53125
9184,-24.179466402699045,3.441811308604637e-06,2.3283064365386963e-10,0.03125,691.5625
9185,-24.179466402699045,3.441811308566174e-06,5.820766091346741e-11,0.171875,691.734375
9186,-24.179466402699045,3.4418113085659567e-06,4.656612873077393e-10,0.03125,691.765625
9187,-24.179466402699045,3.44181130846528e-06,2.3283064365386963e-10,0.046875,691.8125
9188,-24.179466402699045,3.4418113085369217e-06,2.3283064365386963e-10,0.03125,691.84375
9189,-24.179466402699045,3.4418113085677337e-06,2.3283064365386963e-10,0.0625,691.90625
9190,-24.179466402699045,3.4418113086155263e-06,2.3283064365386963e-10,0.09375,692.0
9191,-24.179466402699045,3.441811308634632e-06,4.656612873077393e-10,0.140625,692.140625
9192,-24.179466402699045,3.4418113085152545e-06,1.1641532182693481e-10,0.078125,692.21875
9193,-24.179466402699045,3.4418113085152545e-06,2.9103830456733704e-11,0.140625,692.359375
9194,-24.179466402699045,3.4418113085150373e-06,2.9103830456733704e-11,0.046875,692.40625
9195,-24.179466402699045,3.4418113085150373e-06,1.4551915228366852e-11,0.078125,692.484375
9196,-24.179466402699045,3.4418113085150373e-06,5.820766091346741e-11,0.109375,692.59375
9197,-24.179466402699045,3.4418113085150373e-06,2.3283064365386963e-10,0.140625,692.734375
9198,-24.179466402699045,3.441811308492481e-06,1.1641532182693481e-10,0.09375,692.828125
9199,-24.179466402699045,3.4418113084922635e-06,4.656612873077393e-10,0.140625,692.96875
9200,-24.179466402699045,3.4418113084933177e-06,2.3283064365386963e-10,0.09375,693.0625
9201,-24.179466402699045,3.441811308452656e-06,2.3283064365386963e-10,0.15625,693.21875
9202,-24.179466402699045,3.441811308464475e-06,5.820766091346741e-11,0.109375,693.328125
9203,-24.179466402699045,3.4418113084642577e-06,2.3283064365386963e-10,0.046875,693.375
9204,-24.179466402699045,3.441811308450737e-06,2.9103830456733704e-11,0.125,693.5
9205,-24.179466402699045,3.441811308450737e-06,2.9103830456733704e-11,0.109375,693.609375
9206,-24.179466402699045,3.441811308450737e-06,2.3283064365386963e-10,0.140625,693.75
9207,-24.179466402699045,3.4418113084413636e-06,2.3283064365386963e-10,0.078125,693.828125
9208,-24.179466402699045,3.4418113083794375e-06,2.3283064365386963e-10,0.046875,693.875
9209,-24.179466402699045,3.441811308310705e-06,1.1641532182693481e-10,0.046875,693.921875
9210,-24.179466402699045,3.441811308310705e-06,2.3283064365386963e-10,0.03125,693.953125
9211,-24.179466402699045,3.441811308335934e-06,1.1641532182693481e-10,0.125,694.078125
9212,-24.179466402699045,3.441811308335934e-06,2.3283064365386963e-10,0.109375,694.1875
9213,-24.179466402699045,3.441811308415211e-06,2.3283064365386963e-10,0.140625,694.328125
9214,-24.179466402699045,3.4418113084386396e-06,2.3283064365386963e-10,0.046875,694.375
9215,-24.179466402699045,3.4418113084440017e-06,5.820766091346741e-11,0.140625,694.515625
9216,-24.179466402699045,3.4418113084440017e-06,1.1641532182693481e-10,0.140625,694.65625
9217,-24.179466402699045,3.4418113084222317e-06,5.820766091346741e-11,0.140625,694.796875
9218,-24.179466402699045,3.4418113084222317e-06,2.3283064365386963e-10,0.046875,694.84375
9219,-24.179466402699045,3.441811308410652e-06,1.1641532182693481e-10,0.078125,694.921875
9220,-24.179466402699045,3.441811308419392e-06,5.820766091346741e-11,0.0625,694.984375
9221,-24.179466402699045,3.4418113084239952e-06,4.656612873077393e-10,0.125,695.109375
9222,-24.179466402699045,3.441811308322212e-06,2.3283064365386963e-10,0.0625,695.171875
9223,-24.179466402699045,3.4418113083809892e-06,2.3283064365386963e-10,0.046875,695.21875
9224,-24.179466402699045,3.4418113083363913e-06,1.1641532182693481e-10,0.140625,695.359375
9225,-24.179466402699045,3.4418113083363913e-06,4.656612873077393e-10,0.09375,695.453125
9226,-24.179466402699045,3.4418113083444385e-06,5.820766091346741e-11,0.140625,695.59375
9227,-24.179466402699045,3.4418113083722318e-06,1.1641532182693481e-10,0.0625,695.65625
9228,-24.179466402699045,3.4418113083799995e-06,1.1641532182693481e-10,0.109375,695.765625
9229,-24.179466402699045,3.4418113083780034e-06,2.9103830456733704e-11,0.109375,695.875
9230,-24.179466402699045,3.4418113083780034e-06,2.3283064365386963e-10,0.0625,695.9375
9231,-24.179466402699045,3.44181130839575e-06,2.3283064365386963e-10,0.140625,696.078125
9232,-24.179466402699045,3.441811308363043e-06,5.820766091346741e-11,0.046875,696.125
9233,-24.179466402699045,3.441811308362826e-06,2.9103830456733704e-11,0.03125,696.15625
9234,-24.179466402699045,3.441811308362826e-06,2.9103830456733704e-11,0.140625,696.296875
9235,-24.179466402699045,3.441811308362826e-06,2.9103830456733704e-11,0.046875,696.34375
9236,-24.179466402699045,3.441811308362826e-06,1.4551915228366852e-11,0.0625,696.40625
9237,-24.179466402699045,3.441811308362826e-06,5.820766091346741e-11,0.140625,696.546875
9238,-24.179466402699045,3.441811308362826e-06,5.820766091346741e-11,0.15625,696.703125
9239,-24.179466402699045,3.441811308362826e-06,7.275957614183426e-12,0.140625,696.84375
9240,-24.179466402699045,3.441811308362826e-06,2.9103830456733704e-11,0.046875,696.890625
9241,-24.179466402699045,3.441811308362826e-06,1.1641532182693481e-10,0.03125,696.921875
9242,-24.179466402699045,3.4418113083702218e-06,5.820766091346741e-11,0.078125,697.0
9243,-24.179466402699045,3.441811308372e-06,1.4551915228366852e-11,0.046875,697.046875
9244,-24.179466402699045,3.441811308372e-06,5.820766091346741e-11,0.078125,697.125
9245,-24.179466402699045,3.441811308372217e-06,2.9103830456733704e-11,0.078125,697.203125
9246,-24.179466402699045,3.441811308372217e-06,5.820766091346741e-11,0.140625,697.34375
9247,-24.179466402699045,3.441811308372e-06,1.4551915228366852e-11,0.078125,697.421875
9248,-24.179466402699045,3.441811308372e-06,2.9103830456733704e-11,0.046875,697.46875
9249,-24.179466402699045,3.441811308372e-06,2.9103830456733704e-11,0.125,697.59375
9250,-24.179466402699045,3.441811308372e-06,5.820766091346741e-11,0.140625,697.734375
9251,-24.179466402699045,3.441811308372217e-06,2.9103830456733704e-11,0.03125,697.765625
9252,-24.179466402699045,3.4418113083700045e-06,1.4551915228366852e-11,0.125,697.890625
9253,-24.179466402699045,3.4418113083700045e-06,1.4551915228366852e-11,0.078125,697.96875
9254,-24.179466402699045,3.4418113083700045e-06,1.4551915228366852e-11,0.140625,698.109375
9255,-24.179466402699045,3.4418113083700045e-06,1.4551915228366852e-11,0.078125,698.1875
9256,-24.179466402699045,3.4418113083700045e-06,1.4551915228366852e-11,0.046875,698.234375
9257,-24.179466402699045,3.4418113083700045e-06,1.1641532182693481e-10,0.109375,698.34375
9258,-24.179466402699045,3.4418113083686645e-06,1.4551915228366852e-11,0.140625,698.484375
9259,-24.179466402699045,3.4418113083686645e-06,2.9103830456733704e-11,0.140625,698.625
9260,-24.179466402699045,3.4418113083719417e-06,2.9103830456733704e-11,0.0625,698.6875
9261,-24.179466402699045,3.4418113083719417e-06,2.9103830456733704e-11,0.125,698.8125
9262,-24.179466402699045,3.4418113083719417e-06,1.4551915228366852e-11,0.109375,698.921875
9263,-24.179466402699045,3.4418113083719417e-06,1.4551915228366852e-11,0.046875,698.96875
9264,-24.179466402699045,3.4418113083719417e-06,1.4551915228366852e-11,0.140625,699.109375
9265,-24.179466402699045,3.4418113083719417e-06,1.4551915228366852e-11,0.078125,699.1875
9266,-24.179466402699045,3.4418113083719417e-06,1.4551915228366852e-11,0.0625,699.25
9267,-24.179466402699045,3.4418113083719417e-06,5.820766091346741e-11,0.109375,699.359375
9268,-24.179466402699045,3.441811308371373e-06,1.4551915228366852e-11,0.109375,699.46875
9269,-24.179466402699045,3.441811308371373e-06,1.1641532182693481e-10,0.078125,699.546875
9270,-24.179466402699045,3.44181130837465e-06,4.656612873077393e-10,0.078125,699.625
9271,-24.179466402699045,3.44181130837663e-06,2.9103830456733704e-11,0.046875,699.671875
9272,-24.179466402699045,3.44181130837663e-06,2.3283064365386963e-10,0.140625,699.8125
9273,-24.179466402699045,3.441811308357407e-06,1.1641532182693481e-10,0.109375,699.921875
9274,-24.179466402699045,3.441811308355336e-06,1.1641532182693481e-10,0.140625,700.0625
9275,-24.179466402699045,3.4418113083526276e-06,5.820766091346741e-11,0.046875,700.109375
9276,-24.179466402699045,3.441811308355336e-06,2.3283064365386963e-10,0.171875,700.28125
9277,-24.179466402699045,3.4418113083733986e-06,1.1641532182693481e-10,0.125,700.40625
9278,-24.179466402699045,3.441811308366516e-06,1.1641532182693481e-10,0.0625,700.46875
9279,-24.179466402699045,3.441811308362e-06,5.820766091346741e-11,0.140625,700.609375
9280,-24.179466402699045,3.4418113083617828e-06,1.4551915228366852e-11,0.078125,700.6875
9281,-24.179466402699045,3.4418113083617828e-06,2.3283064365386963e-10,0.140625,700.828125
9282,-24.179466402699045,3.4418113083481273e-06,1.1641532182693481e-10,0.0625,700.890625
9283,-24.179466402699045,3.441811308345807e-06,5.820766091346741e-11,0.15625,701.046875
9284,-24.179466402699045,3.441811308341511e-06,1.1641532182693481e-10,0.109375,701.15625
9285,-24.179466402699045,3.4418113083438316e-06,1.1641532182693481e-10,0.125,701.28125
9286,-24.179466402699045,3.4418113083481273e-06,5.820766091346741e-11,0.09375,701.375
9287,-24.179466402699045,3.4418113083436143e-06,5.820766091346741e-11,0.0625,701.4375
9288,-24.179466402699045,3.4418113083438316e-06,2.3283064365386963e-10,0.140625,701.578125
9289,-24.179466402699045,3.4418113083570415e-06,2.9103830456733704e-11,0.078125,701.65625
9290,-24.179466402699045,3.4418113083570415e-06,1.1641532182693481e-10,0.03125,701.6875
9291,-24.179466402699045,3.4418113083570415e-06,1.1641532182693481e-10,0.046875,701.734375
9292,-24.179466402699045,3.4418113083572588e-06,1.1641532182693481e-10,0.0625,701.796875
9293,-24.179466402699045,3.4418113083235303e-06,4.656612873077393e-10,0.015625,701.8125
9294,-24.179466402699045,3.4418113083253845e-06,2.3283064365386963e-10,0.109375,701.921875
9295,-24.179466402699045,3.441811308311643e-06,2.3283064365386963e-10,0.015625,701.9375
9296,-24.179466402699045,3.4418113083358106e-06,2.3283064365386963e-10,0.09375,702.03125
9297,-24.179466402699045,3.441811308331951e-06,2.9103830456733704e-11,0.140625,702.171875
9298,-24.179466402699045,3.441811308331951e-06,4.656612873077393e-10,0.078125,702.25
9299,-24.179466402699045,3.4418113083223534e-06,2.9103830456733704e-11,0.03125,702.28125
9300,-24.179466402699045,3.4418113083223534e-06,1.4551915228366852e-11,0.046875,702.328125
9301,-24.179466402699045,3.4418113083223534e-06,1.4551915228366852e-11,0.109375,702.4375
9302,-24.179466402699045,3.4418113083223534e-06,5.820766091346741e-11,0.140625,702.578125
9303,-24.179466402699045,3.4418113083223534e-06,1.4551915228366852e-11,0.09375,702.671875
9304,-24.179466402699045,3.4418113083223534e-06,1.4551915228366852e-11,0.140625,702.8125
9305,-24.179466402699045,3.4418113083223534e-06,5.820766091346741e-11,0.15625,702.96875
9306,-24.179466402699045,3.4418113083223534e-06,1.4551915228366852e-11,0.046875,703.015625
9307,-24.179466402699045,3.4418113083223534e-06,2.9103830456733704e-11,0.140625,703.15625
9308,-24.179466402699045,3.4418113083223534e-06,5.820766091346741e-11,0.125,703.28125
9309,-24.179466402699045,3.4418113083137564e-06,1.1641532182693481e-10,0.03125,703.3125
9310,-24.179466402699045,3.4418113082886944e-06,2.3283064365386963e-10,0.0625,703.375
9311,-24.179466402699045,3.441811308265534e-06,1.1641532182693481e-10,0.03125,703.40625
9312,-24.179466402699045,3.441811308299807e-06,1.1641532182693481e-10,0.109375,703.515625
9313,-24.179466402699045,3.441811308329286e-06,1.1641532182693481e-10,0.03125,703.546875
9314,-24.179466402699045,3.4418113083259994e-06,1.1641532182693481e-10,0.140625,703.6875
9315,-24.179466402699045,3.4418113083086713e-06,2.9103830456733704e-11,0.078125,703.765625
9316,-24.179466402699045,3.4418113083086713e-06,1.4551915228366852e-11,0.046875,703.8125
9317,-24.179466402699045,3.4418113083086713e-06,2.3283064365386963e-10,0.1875,704.0
9318,-24.179466402699045,3.441811308280878e-06,5.820766091346741e-11,0.140625,704.140625
9319,-24.179466402699045,3.441811308280661e-06,2.3283064365386963e-10,0.046875,704.1875
9320,-24.179466402699045,3.4418113082878965e-06,2.9103830456733704e-11,0.1875,704.375
9321,-24.179466402699045,3.4418113082878965e-06,2.9103830456733704e-11,0.09375,704.46875
9322,-24.179466402699045,3.4418113082878965e-06,2.9103830456733704e-11,0.0625,704.53125
9323,-24.179466402699045,3.4418113082878965e-06,2.9103830456733704e-11,0.140625,704.671875
9324,-24.179466402699045,3.441811308286258e-06,1.1641532182693481e-10,0.0625,704.734375
9325,-24.179466402699045,3.4418113083121377e-06,2.3283064365386963e-10,0.171875,704.90625
9326,-24.179466402699045,3.441811308310197e-06,1.4551915228366852e-11,0.125,705.03125
9327,-24.179466402699045,3.441811308310197e-06,1.4551915228366852e-11,0.046875,705.078125
9328,-24.179466402699045,3.441811308310197e-06,5.820766091346741e-11,0.046875,705.125
9329,-24.179466402699045,3.441811308310197e-06,1.4551915228366852e-11,0.09375,705.21875
9330,-24.179466402699045,3.441811308310197e-06,5.820766091346741e-11,0.09375,705.3125
9331,-24.179466402699045,3.441811308310197e-06,5.820766091346741e-11,0.03125,705.34375
9332,-24.179466402699045,3.441811308310197e-06,5.820766091346741e-11,0.109375,705.453125
9333,-24.179466402699045,3.441811308310197e-06,2.9103830456733704e-11,0.125,705.578125
9334,-24.179466402699045,3.441811308310197e-06,4.656612873077393e-10,0.140625,705.71875
9335,-24.179466402699045,3.4418113082224314e-06,1.4551915228366852e-11,0.046875,705.765625
9336,-24.179466402699045,3.4418113082224314e-06,5.820766091346741e-11,0.03125,705.796875
9337,-24.179466402699045,3.4418113082177287e-06,1.1641532182693481e-10,0.0625,705.859375
9338,-24.179466402699045,3.4418113082177287e-06,7.275957614183426e-12,0.140625,706.0
9339,-24.179466402699045,3.4418113082177287e-06,5.820766091346741e-11,0.140625,706.140625
9340,-24.179466402699045,3.4418113082177287e-06,1.4551915228366852e-11,0.09375,706.234375
9341,-24.179466402699045,3.4418113082177287e-06,2.9103830456733704e-11,0.03125,706.265625
9342,-24.179466402699045,3.4418113082177287e-06,2.9103830456733704e-11,0.046875,706.3125
9343,-24.179466402699045,3.4418113082177287e-06,2.3283064365386963e-10,0.03125,706.34375
9344,-24.179466402699045,3.4418113082266014e-06,5.820766091346741e-11,0.15625,706.5
9345,-24.179466402699045,3.441811308226384e-06,2.9103830456733704e-11,0.109375,706.609375
9346,-24.179466402699045,3.441811308226384e-06,1.4551915228366852e-11,0.140625,706.75
9347,-24.179466402699045,3.441811308226384e-06,1.4551915228366852e-11,0.078125,706.828125
9348,-24.179466402699045,3.441811308226384e-06,1.1641532182693481e-10,0.140625,706.96875
9349,-24.179466402699045,3.441811308224406e-06,2.3283064365386963e-10,0.125,707.09375
9350,-24.179466402699045,3.441811308242444e-06,2.3283064365386963e-10,0.140625,707.234375
9351,-24.179466402699045,3.4418113082202876e-06,1.1641532182693481e-10,0.046875,707.28125
9352,-24.179466402699045,3.441811308225905e-06,2.9103830456733704e-11,0.15625,707.4375
9353,-24.179466402699045,3.441811308225905e-06,1.1641532182693481e-10,0.09375,707.53125
9354,-24.179466402699045,3.441811308225905e-06,5.820766091346741e-11,0.109375,707.640625
9355,-24.179466402699045,3.441811308225905e-06,2.9103830456733704e-11,0.140625,707.78125
9356,-24.179466402699045,3.441811308225905e-06,5.820766091346741e-11,0.0625,707.84375
9357,-24.179466402699045,3.441811308225905e-06,5.820766091346741e-11,0.03125,707.875
9358,-24.179466402699045,3.441811308225905e-06,1.4551915228366852e-11,0.046875,707.921875
9359,-24.179466402699045,3.441811308225905e-06,1.1641532182693481e-10,0.03125,707.953125
9360,-24.179466402699045,3.441811308225905e-06,2.3283064365386963e-10,0.125,708.078125
9361,-24.179466402699045,3.441811308228093e-06,1.1641532182693481e-10,0.046875,708.125
9362,-24.179466402699045,3.441811308228093e-06,1.1641532182693481e-10,0.125,708.25
9363,-24.179466402699045,3.4418113082283107e-06,1.1641532182693481e-10,0.109375,708.359375
9364,-24.179466402699045,3.4418113082226928e-06,1.1641532182693481e-10,0.140625,708.5
9365,-24.179466402699045,3.4418113082502688e-06,5.820766091346741e-11,0.0625,708.5625
9366,-24.179466402699045,3.4418113082502688e-06,1.1641532182693481e-10,0.09375,708.65625
9367,-24.179466402699045,3.4418113082653307e-06,5.820766091346741e-11,0.109375,708.765625
9368,-24.179466402699045,3.4418113082653307e-06,2.9103830456733704e-11,0.140625,708.90625
9369,-24.179466402699045,3.4418113082653307e-06,1.1641532182693481e-10,0.140625,709.046875
9370,-24.179466402699045,3.4418113082653307e-06,1.4551915228366852e-11,0.078125,709.125
9371,-24.179466402699045,3.4418113082653307e-06,5.820766091346741e-11,0.03125,709.15625
9372,-24.179466402699045,3.4418113082653307e-06,2.9103830456733704e-11,0.0625,709.21875
9373,-24.179466402699045,3.441811308265548e-06,1.4551915228366852e-11,0.0625,709.28125
9374,-24.179466402699045,3.441811308265548e-06,5.820766091346741e-11,0.140625,709.421875
9375,-24.179466402699045,3.4418113082653307e-06,1.4551915228366852e-11,0.109375,709.53125
9376,-24.179466402699045,3.4418113082653307e-06,7.275957614183426e-12,0.140625,709.671875
9377,-24.179466402699045,3.4418113082653307e-06,2.9103830456733704e-11,0.09375,709.765625
9378,-24.179466402699045,3.4418113082653307e-06,2.9103830456733704e-11,0.109375,709.875
9379,-24.179466402699045,3.4418113082653307e-06,5.820766091346741e-11,0.125,710.0
9380,-24.179466402699045,3.4418113082653307e-06,2.9103830456733704e-11,0.046875,710.046875
9381,-24.179466402699045,3.4418113082558863e-06,2.9103830456733704e-11,0.03125,710.078125
9382,-24.179466402699045,3.4418113082558863e-06,1.4551915228366852e-11,0.0625,710.140625
9383,-24.179466402699045,3.4418113082558863e-06,1.4551915228366852e-11,0.046875,710.1875
9384,-24.179466402699045,3.4418113082558863e-06,2.9103830456733704e-11,0.140625,710.328125
9385,-24.179466402699045,3.4418113082558863e-06,2.9103830456733704e-11,0.125,710.453125
9386,-24.179466402699045,3.4418113082558863e-06,2.9103830456733704e-11,0.078125,710.53125
9387,-24.179466402699045,3.4418113082558863e-06,7.275957614183426e-12,0.03125,710.5625
9388,-24.179466402699045,3.4418113082558863e-06,1.4551915228366852e-11,0.140625,710.703125
9389,-24.179466402699045,3.4418113082558863e-06,5.820766091346741e-11,0.140625,710.84375
9390,-24.179466402699045,3.4418113082558863e-06,1.4551915228366852e-11,0.109375,710.953125
9391,-24.179466402699045,3.4418113082558863e-06,2.9103830456733704e-11,0.078125,711.03125
9392,-24.179466402699045,3.4418113082558863e-06,2.9103830456733704e-11,0.109375,711.140625
9393,-24.179466402699045,3.4418113082558863e-06,2.9103830456733704e-11,0.0625,711.203125
9394,-24.179466402699045,3.4418113082558863e-06,1.4551915228366852e-11,0.046875,711.25
9395,-24.179466402699045,3.4418113082558863e-06,1.4551915228366852e-11,0.046875,711.296875
9396,-24.179466402699045,3.4418113082558863e-06,2.9103830456733704e-11,0.09375,711.390625
9397,-24.179466402699045,3.4418113082558863e-06,5.820766091346741e-11,0.140625,711.53125
9398,-24.179466402699045,3.4418113082558863e-06,2.9103830456733704e-11,0.03125,711.5625
9399,-24.179466402699045,3.4418113082558863e-06,5.820766091346741e-11,0.15625,711.71875
9400,-24.179466402699045,3.4418113082558863e-06,1.1641532182693481e-10,0.0625,711.78125
9401,-24.179466402699045,3.441811308243416e-06,5.820766091346741e-11,0.09375,711.875
9402,-24.179466402699045,3.4418113082561035e-06,5.820766091346741e-11,0.140625,712.015625
9403,-24.179466402699045,3.4418113082431986e-06,1.1641532182693481e-10,0.140625,712.15625
9404,-24.179466402699045,3.441811308243416e-06,2.9103830456733704e-11,0.140625,712.296875
9405,-24.179466402699045,3.4418113082431986e-06,2.9103830456733704e-11,0.03125,712.328125
9406,-24.179466402699045,3.4418113082431986e-06,1.1641532182693481e-10,0.078125,712.40625
9407,-24.179466402699045,3.4418113082360547e-06,2.9103830456733704e-11,0.140625,712.546875
9408,-24.179466402699045,3.4418113082360547e-06,5.820766091346741e-11,0.078125,712.625
9409,-24.179466402699045,3.441811308208262e-06,1.1641532182693481e-10,0.03125,712.65625
9410,-24.179466402699045,3.4418113082311097e-06,1.1641532182693481e-10,0.078125,712.734375
9411,-24.179466402699045,3.4418113082403365e-06,2.9103830456733704e-11,0.03125,712.765625
9412,-24.179466402699045,3.4418113082403365e-06,5.820766091346741e-11,0.109375,712.875
9413,-24.179466402699045,3.4418113082405537e-06,1.1641532182693481e-10,0.09375,712.96875
9414,-24.179466402699045,3.441811308251663e-06,2.9103830456733704e-11,0.015625,712.984375
9415,-24.179466402699045,3.441811308251663e-06,1.1641532182693481e-10,0.109375,713.09375
9416,-24.179466402699045,3.4418113082280477e-06,2.3283064365386963e-10,0.140625,713.234375
9417,-24.179466402699045,3.4418113082135452e-06,2.3283064365386963e-10,0.046875,713.28125
9418,-24.179466402699045,3.4418113082422846e-06,1.1641532182693481e-10,0.03125,713.3125
9419,-24.179466402699045,3.441811308232872e-06,2.3283064365386963e-10,0.15625,713.46875
9420,-24.179466402699045,3.4418113082520496e-06,1.1641532182693481e-10,0.09375,713.5625
9421,-24.179466402699045,3.4418113082476527e-06,1.1641532182693481e-10,0.140625,713.703125
9422,-24.179466402699045,3.4418113082423914e-06,5.820766091346741e-11,0.09375,713.796875
9423,-24.179466402699045,3.4418113082423914e-06,1.1641532182693481e-10,0.03125,713.828125
9424,-24.179466402699045,3.4418113082423914e-06,1.4551915228366852e-11,0.109375,713.9375
9425,-24.179466402699045,3.4418113082423914e-06,2.9103830456733704e-11,0.09375,714.03125
9426,-24.179466402699045,3.441811308242174e-06,1.1641532182693481e-10,0.140625,714.171875
9427,-24.179466402699045,3.4418113082641554e-06,1.1641532182693481e-10,0.046875,714.21875
9428,-24.179466402699045,3.441811308249919e-06,1.1641532182693481e-10,0.140625,714.359375
9429,-24.179466402699045,3.441811308232464e-06,1.4551915228366852e-11,0.046875,714.40625
9430,-24.179466402699045,3.441811308232464e-06,1.1641532182693481e-10,0.171875,714.578125
9431,-24.179466402699045,3.4418113082419085e-06,1.1641532182693481e-10,0.03125,714.609375
9432,-24.179466402699045,3.4418113082511044e-06,1.1641532182693481e-10,0.0625,714.671875
9433,-24.179466402699045,3.441811308232464e-06,2.3283064365386963e-10,0.140625,714.8125
9434,-24.179466402699045,3.441811308300014e-06,7.275957614183426e-12,0.078125,714.890625
9435,-24.179466402699045,3.441811308300014e-06,2.3283064365386963e-10,0.140625,715.03125
9436,-24.179466402699045,3.44181130824007e-06,5.820766091346741e-11,0.09375,715.125
9437,-24.179466402699045,3.44181130824007e-06,1.1641532182693481e-10,0.03125,715.15625
9438,-24.179466402699045,3.44181130824007e-06,1.1641532182693481e-10,0.109375,715.265625
9439,-24.179466402699045,3.4418113082669634e-06,2.3283064365386963e-10,0.03125,715.296875
9440,-24.179466402699045,3.4418113082802258e-06,2.3283064365386963e-10,0.140625,715.4375
9441,-24.179466402699045,3.441811308318766e-06,1.1641532182693481e-10,0.046875,715.484375
9442,-24.179466402699045,3.441811308404911e-06,1.1641532182693481e-10,0.078125,715.5625
9443,-24.179466402699045,3.4418113084138495e-06,2.3283064365386963e-10,0.078125,715.640625
9444,-24.179466402699045,3.4418113083996244e-06,1.1641532182693481e-10,0.140625,715.78125
9445,-24.179466402699045,3.4418113083761052e-06,1.1641532182693481e-10,0.078125,715.859375
9446,-24.179466402699045,3.4418113083731864e-06,1.1641532182693481e-10,0.109375,715.96875
9447,-24.179466402699045,3.441811308308766e-06,1.1641532182693481e-10,0.078125,716.046875
9448,-24.179466402699045,3.441811308336559e-06,1.1641532182693481e-10,0.046875,716.09375
9449,-24.179466402699045,3.441811308353529e-06,5.820766091346741e-11,0.140625,716.234375
9450,-24.179466402699045,3.441811308353529e-06,2.3283064365386963e-10,0.03125,716.265625
9451,-24.179466402699045,3.441811308328759e-06,2.9103830456733704e-11,0.140625,716.40625
9452,-24.179466402699045,3.441811308328759e-06,1.4551915228366852e-11,0.078125,716.484375
9453,-24.179466402699045,3.441811308328759e-06,1.1641532182693481e-10,0.03125,716.515625
9454,-24.179466402699045,3.441811308393397e-06,5.820766091346741e-11,0.21875,716.734375
9455,-24.179466402699045,3.4418113083289763e-06,5.820766091346741e-11,0.09375,716.828125
9456,-24.179466402699045,3.441811308328759e-06,2.9103830456733704e-11,0.09375,716.921875
9457,-24.179466402699045,3.4418113083931797e-06,2.9103830456733704e-11,0.0625,716.984375
9458,-24.179466402699045,3.4418113083931797e-06,2.9103830456733704e-11,0.140625,717.125
9459,-24.179466402699045,3.4418113083931797e-06,5.820766091346741e-11,0.09375,717.21875
9460,-24.179466402699045,3.4418113083931797e-06,2.9103830456733704e-11,0.140625,717.359375
9461,-24.179466402699045,3.4418113083931797e-06,7.275957614183426e-12,0.125,717.484375
9462,-24.179466402699045,3.4418113083931797e-06,1.4551915228366852e-11,0.140625,717.625
9463,-24.179466402699045,3.4418113083931797e-06,5.820766091346741e-11,0.078125,717.703125
9464,-24.179466402699045,3.4418113084101496e-06,1.4551915228366852e-11,0.09375,717.796875
9465,-24.179466402699045,3.4418113084101496e-06,2.9103830456733704e-11,0.078125,717.875
9466,-24.179466402699045,3.4418113084101496e-06,1.4551915228366852e-11,0.03125,717.90625
9467,-24.179466402699045,3.4418113084101496e-06,2.9103830456733704e-11,0.125,718.03125
9468,-24.179466402699045,3.4418113084101496e-06,1.4551915228366852e-11,0.140625,718.171875
9469,-24.179466402699045,3.4418113084101496e-06,1.4551915228366852e-11,0.046875,718.21875
9470,-24.179466402699045,3.4418113084101496e-06,1.1641532182693481e-10,0.03125,718.25
9471,-24.179466402699045,3.441811308419088e-06,2.3283064365386963e-10,0.03125,718.28125
9472,-24.179466402699045,3.441811308417267e-06,5.820766091346741e-11,0.03125,718.3125
9473,-24.179466402699045,3.441811308417267e-06,2.9103830456733704e-11,0.171875,718.484375
9474,-24.179466402699045,3.441811308417267e-06,1.1641532182693481e-10,0.078125,718.5625
9475,-24.179466402699045,3.4418113084081117e-06,2.9103830456733704e-11,0.109375,718.671875
9476,-24.179466402699045,3.4418113084081117e-06,2.9103830456733704e-11,0.125,718.796875
9477,-24.179466402699045,3.4418113084081117e-06,1.4551915228366852e-11,0.03125,718.828125
9478,-24.179466402699045,3.4418113084081117e-06,1.4551915228366852e-11,0.03125,718.859375
9479,-24.179466402699045,3.4418113084081117e-06,2.9103830456733704e-11,0.046875,718.90625
9480,-24.179466402699045,3.4418113084081117e-06,1.1641532182693481e-10,0.140625,719.046875
9481,-24.179466402699045,3.441811308408329e-06,5.820766091346741e-11,0.171875,719.21875
9482,-24.179466402699045,3.441811308408329e-06,1.1641532182693481e-10,0.03125,719.25
9483,-24.179466402699045,3.441811308408329e-06,2.3283064365386963e-10,0.125,719.375
9484,-24.179466402699045,3.441811308516368e-06,2.9103830456733704e-11,0.140625,719.515625
9485,-24.179466402699045,3.441811308516368e-06,1.1641532182693481e-10,0.109375,719.625
9486,-24.179466402699045,3.441811308516368e-06,1.1641532182693481e-10,0.140625,719.765625
9487,-24.179466402699045,3.4418113084614468e-06,1.4551915228366852e-11,0.078125,719.84375
9488,-24.179466402699045,3.4418113084614468e-06,2.3283064365386963e-10,0.109375,719.953125
9489,-24.179466402699045,3.4418113083654635e-06,1.1641532182693481e-10,0.140625,720.09375
9490,-24.179466402699045,3.441811308393257e-06,2.9103830456733704e-11,0.0625,720.15625
9491,-24.179466402699045,3.4418113083930396e-06,2.3283064365386963e-10,0.03125,720.1875
9492,-24.179466402699045,3.4418113084023124e-06,2.9103830456733704e-11,0.078125,720.265625
9493,-24.179466402699045,3.441811308406608e-06,2.9103830456733704e-11,0.09375,720.359375
9494,-24.179466402699045,3.4418113084023124e-06,5.820766091346741e-11,0.125,720.484375
9495,-24.179466402699045,3.4418113084023124e-06,1.1641532182693481e-10,0.109375,720.59375
9496,-24.179466402699045,3.441811308415928e-06,5.820766091346741e-11,0.03125,720.625
9497,-24.179466402699045,3.441811308415711e-06,1.4551915228366852e-11,0.0625,720.6875
9498,-24.179466402699045,3.441811308415711e-06,2.9103830456733704e-11,0.109375,720.796875
9499,-24.179466402699045,3.441811308415711e-06,2.9103830456733704e-11,0.09375,720.890625
9500,-24.179466402699045,3.441811308415711e-06,5.820766091346741e-11,0.03125,720.921875
9501,-24.179466402699045,3.441811308415711e-06,7.275957614183426e-12,0.140625,721.0625
9502,-24.179466402699045,3.441811308415711e-06,5.820766091346741e-11,0.078125,721.140625
9503,-24.179466402699045,3.441811308415711e-06,2.9103830456733704e-11,0.03125,721.171875
9504,-24.179466402699045,3.441811308415711e-06,1.4551915228366852e-11,0.09375,721.265625
9505,-24.179466402699045,3.441811308415711e-06,7.275957614183426e-12,0.109375,721.375
9506,-24.179466402699045,3.441811308415711e-06,4.656612873077393e-10,0.140625,721.515625
9507,-24.179466402699045,3.4418113083459585e-06,2.3283064365386963e-10,0.109375,721.625
9508,-24.179466402699045,3.441811308455086e-06,1.1641532182693481e-10,0.03125,721.65625
9509,-24.179466402699045,3.4418113084582844e-06,5.820766091346741e-11,0.078125,721.734375
9510,-24.179466402699045,3.4418113084582844e-06,1.1641532182693481e-10,0.0625,721.796875
9511,-24.179466402699045,3.4418113084559377e-06,1.1641532182693481e-10,0.015625,721.8125
9512,-24.179466402699045,3.4418113084601614e-06,5.820766091346741e-11,0.140625,721.953125
9513,-24.179466402699045,3.4418113084601614e-06,1.1641532182693481e-10,0.0625,722.015625
9514,-24.179466402699045,3.4418113084879547e-06,1.1641532182693481e-10,0.078125,722.09375
9515,-24.179466402699045,3.4418113084787644e-06,5.820766091346741e-11,0.03125,722.125
9516,-24.179466402699045,3.4418113084787644e-06,2.9103830456733704e-11,0.125,722.25
9517,-24.179466402699045,3.4418113084787644e-06,5.820766091346741e-11,0.125,722.375
9518,-24.179466402699045,3.4418113084787644e-06,1.1641532182693481e-10,0.046875,722.421875
9519,-24.179466402699045,3.441811308456495e-06,1.1641532182693481e-10,0.15625,722.578125
9520,-24.179466402699045,3.441811308456495e-06,5.820766091346741e-11,0.125,722.703125
9521,-24.179466402699045,3.441811308456495e-06,1.1641532182693481e-10,0.15625,722.859375
9522,-24.179466402699045,3.441811308456495e-06,5.820766091346741e-11,0.140625,723.0
9523,-24.179466402699045,3.441811308456495e-06,5.820766091346741e-11,0.125,723.125
9524,-24.179466402699045,3.441811308456495e-06,2.9103830456733704e-11,0.140625,723.265625
9525,-24.179466402699045,3.441811308456495e-06,1.1641532182693481e-10,0.046875,723.3125
9526,-24.179466402699045,3.4418113084616666e-06,2.3283064365386963e-10,0.0625,723.375
9527,-24.179466402699045,3.4418113084541216e-06,1.1641532182693481e-10,0.125,723.5
9528,-24.179466402699045,3.4418113084541216e-06,1.1641532182693481e-10,0.046875,723.546875
9529,-24.179466402699045,3.4418113084498975e-06,5.820766091346741e-11,0.1875,723.734375
9530,-24.179466402699045,3.4418113084498975e-06,5.820766091346741e-11,0.03125,723.765625
9531,-24.179466402699045,3.4418113084498975e-06,2.3283064365386963e-10,0.140625,723.90625
9532,-24.179466402699045,3.4418113084499983e-06,1.1641532182693481e-10,0.0625,723.96875
9533,-24.179466402699045,3.4418113084499983e-06,5.820766091346741e-11,0.03125,724.0
9534,-24.179466402699045,3.4418113084499983e-06,5.820766091346741e-11,0.109375,724.109375
9535,-24.179466402699045,3.441811308454005e-06,2.9103830456733704e-11,0.046875,724.15625
9536,-24.179466402699045,3.441811308454005e-06,1.4551915228366852e-11,0.046875,724.203125
9537,-24.179466402699045,3.441811308454005e-06,1.4551915228366852e-11,0.0625,724.265625
9538,-24.179466402699045,3.441811308454005e-06,5.820766091346741e-11,0.140625,724.40625
9539,-24.179466402699045,3.4418113084542224e-06,5.820766091346741e-11,0.125,724.53125
9540,-24.179466402699045,3.441811308454005e-06,1.1641532182693481e-10,0.03125,724.5625
9541,-24.179466402699045,3.441811308449781e-06,2.9103830456733704e-11,0.078125,724.640625
9542,-24.179466402699045,3.441811308449781e-06,4.656612873077393e-10,0.03125,724.671875
9543,-24.179466402699045,3.441811308487852e-06,2.3283064365386963e-10,0.125,724.796875
9544,-24.179466402699045,3.441811308588282e-06,4.656612873077393e-10,0.109375,724.90625
9545,-24.179466402699045,3.441811308576599e-06,2.3283064365386963e-10,0.0625,724.96875
9546,-24.179466402699045,3.4418113085888854e-06,1.1641532182693481e-10,0.140625,725.109375
9547,-24.179466402699045,3.441811308625617e-06,1.1641532182693481e-10,0.0625,725.171875
9548,-24.179466402699045,3.4418113086317423e-06,1.1641532182693481e-10,0.03125,725.203125
9549,-24.179466402699045,3.4418113085822248e-06,2.3283064365386963e-10,0.078125,725.28125
9550,-24.179466402699045,3.441811308609999e-06,1.1641532182693481e-10,0.09375,725.375
9551,-24.179466402699045,3.441811308637792e-06,1.1641532182693481e-10,0.140625,725.515625
9552,-24.179466402699045,3.4418113086450056e-06,5.820766091346741e-11,0.09375,725.609375
9553,-24.179466402699045,3.4418113086450056e-06,5.820766091346741e-11,0.03125,725.640625
9554,-24.179466402699045,3.4418113086447883e-06,4.656612873077393e-10,0.03125,725.671875
9555,-24.179466402699045,3.4418113086875817e-06,1.1641532182693481e-10,0.09375,725.765625
9556,-24.179466402699045,3.441811308678352e-06,1.1641532182693481e-10,0.03125,725.796875
9557,-24.179466402699045,3.4418113086758647e-06,2.9103830456733704e-11,0.046875,725.84375
9558,-24.179466402699045,3.4418113086758647e-06,5.820766091346741e-11,0.140625,725.984375
9559,-24.179466402699045,3.441811308679988e-06,4.656612873077393e-10,0.09375,726.078125
9560,-24.179466402699045,3.4418113086596906e-06,2.9103830456733704e-11,0.140625,726.21875
9561,-24.179466402699045,3.4418113086594738e-06,5.820766091346741e-11,0.0625,726.28125
9562,-24.179466402699045,3.4418113086594738e-06,2.3283064365386963e-10,0.03125,726.3125
9563,-24.179466402699045,3.44181130872321e-06,2.3283064365386963e-10,0.0625,726.375
9564,-24.179466402699045,3.441811308773428e-06,2.9103830456733704e-11,0.140625,726.515625
9565,-24.179466402699045,3.441811308773428e-06,5.820766091346741e-11,0.125,726.640625
9566,-24.179466402699045,3.441811308773428e-06,2.9103830456733704e-11,0.140625,726.78125
9567,-24.179466402699045,3.441811308773428e-06,7.275957614183426e-12,0.0625,726.84375
9568,-24.179466402699045,3.441811308773428e-06,1.4551915228366852e-11,0.125,726.96875
9569,-24.179466402699045,3.441811308773428e-06,1.4551915228366852e-11,0.046875,727.015625
9570,-24.179466402699045,3.441811308773428e-06,2.3283064365386963e-10,0.140625,727.15625
9571,-24.179466402699045,3.441811308766851e-06,5.820766091346741e-11,0.0625,727.21875
9572,-24.179466402699045,3.4418113087666336e-06,2.3283064365386963e-10,0.140625,727.359375
9573,-24.179466402699045,3.4418113087037948e-06,2.3283064365386963e-10,0.09375,727.453125
9574,-24.179466402699045,3.4418113086840746e-06,1.1641532182693481e-10,0.078125,727.53125
9575,-24.179466402699045,3.441811308649234e-06,2.3283064365386963e-10,0.140625,727.671875
9576,-24.179466402699045,3.441811308710962e-06,2.3283064365386963e-10,0.09375,727.765625
9577,-24.179466402699045,3.4418113087043267e-06,5.820766091346741e-11,0.125,727.890625
9578,-24.179466402699045,3.4418113087041094e-06,2.9103830456733704e-11,0.078125,727.96875
9579,-24.179466402699045,3.441811308725834e-06,1.4551915228366852e-11,0.03125,728.0
9580,-24.179466402699045,3.441811308725834e-06,1.1641532182693481e-10,0.078125,728.078125
9581,-24.179466402699045,3.4418113087142383e-06,1.1641532182693481e-10,0.140625,728.21875
9582,-24.179466402699045,3.4418113086793977e-06,2.9103830456733704e-11,0.109375,728.328125
9583,-24.179466402699045,3.4418113086793977e-06,1.4551915228366852e-11,0.109375,728.4375
9584,-24.179466402699045,3.4418113086793977e-06,2.9103830456733704e-11,0.140625,728.578125
9585,-24.179466402699045,3.4418113086793977e-06,1.1641532182693481e-10,0.078125,728.65625
9586,-24.179466402699045,3.4418113087144555e-06,2.3283064365386963e-10,0.046875,728.703125
9587,-24.179466402699045,3.441811308677363e-06,2.3283064365386963e-10,0.046875,728.75
9588,-24.179466402699045,3.441811308668081e-06,1.1641532182693481e-10,0.140625,728.890625
9589,-24.179466402699045,3.441811308668298e-06,5.820766091346741e-11,0.09375,728.984375
9590,-24.179466402699045,3.441811308668081e-06,2.3283064365386963e-10,0.03125,729.015625
9591,-24.179466402699045,3.4418113086409017e-06,2.3283064365386963e-10,0.078125,729.09375
9592,-24.179466402699045,3.441811308606158e-06,1.1641532182693481e-10,0.078125,729.171875
9593,-24.179466402699045,3.441811308619892e-06,2.3283064365386963e-10,0.03125,729.203125
9594,-24.179466402699045,3.441811308601963e-06,1.1641532182693481e-10,0.0625,729.265625
9595,-24.179466402699045,3.441811308591192e-06,5.820766091346741e-11,0.125,729.390625
9596,-24.179466402699045,3.441811308591192e-06,2.9103830456733704e-11,0.125,729.515625
9597,-24.179466402699045,3.441811308591192e-06,5.820766091346741e-11,0.140625,729.65625
9598,-24.179466402699045,3.441811308591192e-06,2.3283064365386963e-10,0.046875,729.703125
9599,-24.179466402699045,3.441811308616336e-06,2.3283064365386963e-10,0.109375,729.8125
9600,-24.179466402699045,3.441811308610049e-06,1.1641532182693481e-10,0.125,729.9375
9601,-24.179466402699045,3.441811308610049e-06,9.313225746154785e-10,0.109375,730.046875
9602,-24.179466402699045,3.441811308599026e-06,2.3283064365386963e-10,0.109375,730.15625
9603,-24.179466402699045,3.4418113085774585e-06,1.4551915228366852e-11,0.140625,730.296875
9604,-24.179466402699045,3.4418113085774585e-06,1.4551915228366852e-11,0.140625,730.4375
9605,-24.179466402699045,3.4418113085774585e-06,1.4551915228366852e-11,0.09375,730.53125
9606,-24.179466402699045,3.4418113085774585e-06,2.9103830456733704e-11,0.140625,730.671875
9607,-24.179466402699045,3.4418113085774585e-06,2.3283064365386963e-10,0.046875,730.71875
9608,-24.179466402699045,3.441811308703272e-06,2.3283064365386963e-10,0.125,730.84375
9609,-24.179466402699045,3.4418113085835826e-06,2.3283064365386963e-10,0.03125,730.875
9610,-24.179466402699045,3.441811308668447e-06,4.656612873077393e-10,0.125,731.0
9611,-24.179466402699045,3.4418113085999384e-06,5.820766091346741e-11,0.125,731.125
9612,-24.179466402699045,3.4418113085999384e-06,1.1641532182693481e-10,0.078125,731.203125
9613,-24.179466402699045,3.4418113086027e-06,2.9103830456733704e-11,0.140625,731.34375
9614,-24.179466402699045,3.4418113086027e-06,2.3283064365386963e-10,0.0625,731.40625
9615,-24.179466402699045,3.441811308562697e-06,2.3283064365386963e-10,0.03125,731.4375
9616,-24.179466402699045,3.4418113086178705e-06,2.3283064365386963e-10,0.09375,731.53125
9617,-24.179466402699045,3.441811308634716e-06,1.1641532182693481e-10,0.078125,731.609375
9618,-24.179466402699045,3.441811308613535e-06,5.820766091346741e-11,0.140625,731.75
9619,-24.179466402699045,3.441811308613535e-06,1.1641532182693481e-10,0.0625,731.8125
9620,-24.179466402699045,3.4418113086274945e-06,2.9103830456733704e-11,0.140625,731.953125
9621,-24.179466402699045,3.4418113086274945e-06,1.4551915228366852e-11,0.109375,732.0625
9622,-24.179466402699045,3.4418113086274945e-06,2.3283064365386963e-10,0.140625,732.203125
9623,-24.179466402699045,3.4418113086506744e-06,1.1641532182693481e-10,0.078125,732.28125
9624,-24.179466402699045,3.4418113086506744e-06,2.3283064365386963e-10,0.046875,732.328125
9625,-24.179466402699045,3.441811308712093e-06,2.3283064365386963e-10,0.125,732.453125
9626,-24.179466402699045,3.4418113087332266e-06,1.1641532182693481e-10,0.140625,732.59375
9627,-24.179466402699045,3.441811308736295e-06,4.656612873077393e-10,0.109375,732.703125
9628,-24.179466402699045,3.4418113086514905e-06,1.1641532182693481e-10,0.140625,732.84375
9629,-24.179466402699045,3.4418113086284427e-06,4.656612873077393e-10,0.09375,732.9375
9630,-24.179466402699045,3.4418113086130826e-06,2.3283064365386963e-10,0.046875,732.984375
9631,-24.179466402699045,3.44181130857501e-06,1.1641532182693481e-10,0.078125,733.0625
9632,-24.179466402699045,3.4418113085763193e-06,1.4551915228366852e-11,0.078125,733.140625
9633,-24.179466402699045,3.4418113085763193e-06,4.656612873077393e-10,0.078125,733.21875
9634,-24.179466402699045,3.4418113084400948e-06,2.3283064365386963e-10,0.046875,733.265625
9635,-24.179466402699045,3.4418113084162715e-06,1.1641532182693481e-10,0.09375,733.359375
9636,-24.179466402699045,3.4418113084008712e-06,2.9103830456733704e-11,0.09375,733.453125
9637,-24.179466402699045,3.4418113084008712e-06,1.4551915228366852e-11,0.0625,733.515625
9638,-24.179466402699045,3.4418113084008712e-06,1.1641532182693481e-10,0.046875,733.5625
9639,-24.179466402699045,3.4418113084116345e-06,2.9103830456733704e-11,0.09375,733.65625
9640,-24.179466402699045,3.4418113084116345e-06,2.3283064365386963e-10,0.078125,733.734375
9641,-24.179466402699045,3.441811308398028e-06,2.9103830456733704e-11,0.140625,733.875
9642,-24.179466402699045,3.441811308398028e-06,1.4551915228366852e-11,0.140625,734.015625
9643,-24.179466402699045,3.441811308398028e-06,1.1641532182693481e-10,0.0625,734.078125
9644,-24.179466402699045,3.4418113083957462e-06,5.820766091346741e-11,0.03125,734.109375
9645,-24.179466402699045,3.441811308391859e-06,2.9103830456733704e-11,0.03125,734.140625
9646,-24.179466402699045,3.441811308391859e-06,2.9103830456733704e-11,0.0625,734.203125
9647,-24.179466402699045,3.441811308391859e-06,2.3283064365386963e-10,0.140625,734.34375
9648,-24.179466402699045,3.441811308390385e-06,4.656612873077393e-10,0.109375,734.453125
9649,-24.179466402699045,3.4418113084505175e-06,5.820766091346741e-11,0.140625,734.59375
9650,-24.179466402699045,3.4418113084505175e-06,2.3283064365386963e-10,0.15625,734.75
9651,-24.179466402699045,3.441811308453184e-06,2.3283064365386963e-10,0.140625,734.890625
9652,-24.179466402699045,3.441811308472286e-06,2.3283064365386963e-10,0.046875,734.9375
9653,-24.179466402699045,3.4418113084788914e-06,2.3283064365386963e-10,0.03125,734.96875
9654,-24.179466402699045,3.4418113084255127e-06,1.1641532182693481e-10,0.046875,735.015625
9655,-24.179466402699045,3.4418113084252954e-06,1.4551915228366852e-11,0.03125,735.046875
9656,-24.179466402699045,3.4418113084252954e-06,2.3283064365386963e-10,0.09375,735.140625
9657,-24.179466402699045,3.441811308443447e-06,5.820766091346741e-11,0.03125,735.171875
9658,-24.179466402699045,3.441811308443447e-06,1.1641532182693481e-10,0.125,735.296875
9659,-24.179466402699045,3.441811308442969e-06,2.3283064365386963e-10,0.0625,735.359375
9660,-24.179466402699045,3.441811308430232e-06,2.3283064365386963e-10,0.03125,735.390625
9661,-24.179466402699045,3.4418113084298397e-06,2.3283064365386963e-10,0.046875,735.4375
9662,-24.179466402699045,3.4418113084295416e-06,1.1641532182693481e-10,0.109375,735.546875
9663,-24.179466402699045,3.4418113083715054e-06,1.1641532182693481e-10,0.09375,735.640625
9664,-24.179466402699045,3.441811308429802e-06,2.9103830456733704e-11,0.078125,735.71875
9665,-24.179466402699045,3.441811308429802e-06,2.9103830456733704e-11,0.125,735.84375
9666,-24.179466402699045,3.441811308429802e-06,1.1641532182693481e-10,0.03125,735.875
9667,-24.179466402699045,3.4418113084494943e-06,1.1641532182693481e-10,0.15625,736.03125
9668,-24.179466402699045,3.4418113084497116e-06,1.1641532182693481e-10,0.09375,736.125
9669,-24.179466402699045,3.441811308434094e-06,2.9103830456733704e-11,0.09375,736.21875
9670,-24.179466402699045,3.441811308434094e-06,5.820766091346741e-11,0.125,736.34375
9671,-24.179466402699045,3.4418113084193704e-06,1.1641532182693481e-10,0.03125,736.375
9672,-24.179466402699045,3.441811308419471e-06,1.4551915228366852e-11,0.078125,736.453125
9673,-24.179466402699045,3.441811308419471e-06,1.4551915228366852e-11,0.0625,736.515625
9674,-24.179466402699045,3.441811308419471e-06,1.1641532182693481e-10,0.109375,736.625
9675,-24.179466402699045,3.4418113084196885e-06,2.3283064365386963e-10,0.078125,736.703125
9676,-24.179466402699045,3.44181130838967e-06,5.820766091346741e-11,0.046875,736.75
9677,-24.179466402699045,3.44181130838967e-06,2.9103830456733704e-11,0.15625,736.90625
9678,-24.179466402699045,3.44181130838967e-06,1.1641532182693481e-10,0.046875,736.953125
9679,-24.179466402699045,3.441811308406577e-06,1.1641532182693481e-10,0.140625,737.09375
9680,-24.179466402699045,3.4418113083916606e-06,5.820766091346741e-11,0.078125,737.171875
9681,-24.179466402699045,3.441811308391443e-06,1.4551915228366852e-11,0.03125,737.203125
9682,-24.179466402699045,3.441811308391443e-06,2.9103830456733704e-11,0.125,737.328125
9683,-24.179466402699045,3.441811308391443e-06,1.4551915228366852e-11,0.09375,737.421875
9684,-24.179466402699045,3.441811308391443e-06,2.9103830456733704e-11,0.0625,737.484375
9685,-24.179466402699045,3.441811308391443e-06,5.820766091346741e-11,0.140625,737.625
9686,-24.179466402699045,3.441811308391443e-06,2.3283064365386963e-10,0.140625,737.765625
9687,-24.179466402699045,3.441811308376285e-06,1.4551915228366852e-11,0.125,737.890625
9688,-24.179466402699045,3.441811308376285e-06,5.820766091346741e-11,0.03125,737.921875
9689,-24.179466402699045,3.4418113083780958e-06,5.820766091346741e-11,0.125,738.046875
9690,-24.179466402699045,3.4418113083780958e-06,5.820766091346741e-11,0.078125,738.125
9691,-24.179466402699045,3.44181130839183e-06,1.4551915228366852e-11,0.140625,738.265625
9692,-24.179466402699045,3.44181130839183e-06,2.9103830456733704e-11,0.0625,738.328125
9693,-24.179466402699045,3.4418113083900186e-06,2.3283064365386963e-10,0.0625,738.390625
9694,-24.179466402699045,3.4418113083829065e-06,2.3283064365386963e-10,0.0625,738.453125
9695,-24.179466402699045,3.441811308387554e-06,2.3283064365386963e-10,0.015625,738.46875
9696,-24.179466402699045,3.4418113083905078e-06,1.4551915228366852e-11,0.0625,738.53125
9697,-24.179466402699045,3.4418113083905078e-06,2.3283064365386963e-10,0.125,738.65625
9698,-24.179466402699045,3.441811308494085e-06,2.3283064365386963e-10,0.09375,738.75
9699,-24.179466402699045,3.4418113084789905e-06,7.275957614183426e-12,0.09375,738.84375
9700,-24.179466402699045,3.4418113084789905e-06,2.3283064365386963e-10,0.0625,738.90625
9701,-24.179466402699045,3.4418113084708196e-06,1.1641532182693481e-10,0.046875,738.953125
9702,-24.179466402699045,3.441811308459119e-06,5.820766091346741e-11,0.03125,738.984375
9703,-24.179466402699045,3.441811308459119e-06,1.4551915228366852e-11,0.203125,739.1875
9704,-24.179466402699045,3.441811308459119e-06,1.4551915228366852e-11,0.109375,739.296875
9705,-24.179466402699045,3.441811308459119e-06,1.1641532182693481e-10,0.140625,739.4375
9706,-24.179466402699045,3.44181130847432e-06,2.9103830456733704e-11,0.0625,739.5
9707,-24.179466402699045,3.44181130847432e-06,7.275957614183426e-12,0.140625,739.640625
9708,-24.179466402699045,3.44181130847432e-06,1.4551915228366852e-11,0.109375,739.75
9709,-24.179466402699045,3.44181130847432e-06,1.4551915228366852e-11,0.09375,739.84375
9710,-24.179466402699045,3.44181130847432e-06,1.4551915228366852e-11,0.015625,739.859375
9711,-24.179466402699045,3.44181130847432e-06,1.1641532182693481e-10,0.078125,739.9375
9712,-24.179466402699045,3.441811308461408e-06,5.820766091346741e-11,0.140625,740.078125
9713,-24.179466402699045,3.441811308461408e-06,5.820766091346741e-11,0.046875,740.125
9714,-24.179466402699045,3.44181130846093e-06,1.1641532182693481e-10,0.03125,740.15625
9715,-24.179466402699045,3.44181130846093e-06,1.1641532182693481e-10,0.03125,740.1875
9716,-24.179466402699045,3.44181130846093e-06,5.820766091346741e-11,0.140625,740.328125
9717,-24.179466402699045,3.44181130846093e-06,1.1641532182693481e-10,0.0625,740.390625
9718,-24.179466402699045,3.44181130846093e-06,1.1641532182693481e-10,0.015625,740.40625
9719,-24.179466402699045,3.44181130846093e-06,2.9103830456733704e-11,0.125,740.53125
9720,-24.179466402699045,3.44181130846093e-06,1.1641532182693481e-10,0.15625,740.6875
9721,-24.179466402699045,3.441811308472631e-06,2.3283064365386963e-10,0.15625,740.84375
9722,-24.179466402699045,3.441811308457345e-06,1.1641532182693481e-10,0.15625,741.0
9723,-24.179466402699045,3.4418113084655244e-06,2.3283064365386963e-10,0.140625,741.140625
9724,-24.179466402699045,3.4418113084594584e-06,1.1641532182693481e-10,0.046875,741.1875
9725,-24.179466402699045,3.441811308458468e-06,2.9103830456733704e-11,0.03125,741.21875
9726,-24.179466402699045,3.441811308458468e-06,5.820766091346741e-11,0.078125,741.296875
9727,-24.179466402699045,3.441811308458468e-06,1.4551915228366852e-11,0.125,741.421875
9728,-24.179466402699045,3.441811308458468e-06,1.1641532182693481e-10,0.140625,741.5625
9729,-24.179466402699045,3.441811308458468e-06,1.1641532182693481e-10,0.078125,741.640625
9730,-24.179466402699045,3.4418113084594584e-06,1.1641532182693481e-10,0.140625,741.78125
9731,-24.179466402699045,3.4418113084677114e-06,5.820766091346741e-11,0.046875,741.828125
9732,-24.179466402699045,3.4418113084677114e-06,5.820766091346741e-11,0.203125,742.03125
9733,-24.179466402699045,3.4418113084677114e-06,2.9103830456733704e-11,0.125,742.15625
9734,-24.179466402699045,3.4418113084677114e-06,1.4551915228366852e-11,0.0625,742.21875
9735,-24.179466402699045,3.4418113084677114e-06,1.4551915228366852e-11,0.140625,742.359375
9736,-24.179466402699045,3.4418113084677114e-06,1.1641532182693481e-10,0.125,742.484375
9737,-24.179466402699045,3.4418113084749006e-06,1.1641532182693481e-10,0.0625,742.546875
9738,-24.179466402699045,3.4418113084749006e-06,2.3283064365386963e-10,0.0625,742.609375
9739,-24.179466402699045,3.441811308474549e-06,1.1641532182693481e-10,0.03125,742.640625
9740,-24.179466402699045,3.4418113084673684e-06,5.820766091346741e-11,0.078125,742.71875
9741,-24.179466402699045,3.4418113084673684e-06,1.1641532182693481e-10,0.09375,742.8125
9742,-24.179466402699045,3.4418113084673684e-06,1.1641532182693481e-10,0.015625,742.828125
9743,-24.179466402699045,3.4418113084673684e-06,1.1641532182693481e-10,0.0625,742.890625
9744,-24.179466402699045,3.4418113084497162e-06,1.1641532182693481e-10,0.140625,743.03125
9745,-24.179466402699045,3.4418113084539654e-06,1.1641532182693481e-10,0.0625,743.09375
9746,-24.179466402699045,3.4418113084448127e-06,5.820766091346741e-11,0.03125,743.125
9747,-24.179466402699045,3.4418113084448127e-06,1.4551915228366852e-11,0.0625,743.1875
9748,-24.179466402699045,3.4418113084448127e-06,1.1641532182693481e-10,0.046875,743.234375
9749,-24.179466402699045,3.441811308490185e-06,5.820766091346741e-11,0.15625,743.390625
9750,-24.179466402699045,3.441811308490185e-06,1.4551915228366852e-11,0.109375,743.5
9751,-24.179466402699045,3.441811308490185e-06,1.4551915228366852e-11,0.109375,743.609375
9752,-24.179466402699045,3.441811308490185e-06,5.820766091346741e-11,0.0625,743.671875
9753,-24.179466402699045,3.441811308490185e-06,1.4551915228366852e-11,0.078125,743.75
9754,-24.179466402699045,3.441811308490185e-06,2.9103830456733704e-11,0.03125,743.78125
9755,-24.179466402699045,3.441811308490185e-06,2.9103830456733704e-11,0.046875,743.828125
9756,-24.179466402699045,3.441811308490185e-06,5.820766091346741e-11,0.15625,743.984375
9757,-24.179466402699045,3.441811308490185e-06,4.656612873077393e-10,0.140625,744.125
9758,-24.179466402699045,3.4418113085077287e-06,1.1641532182693481e-10,0.109375,744.234375
9759,-24.179466402699045,3.4418113085005484e-06,1.1641532182693481e-10,0.09375,744.328125
9760,-24.179466402699045,3.441811308498347e-06,1.1641532182693481e-10,0.15625,744.484375
9761,-24.179466402699045,3.441811308498347e-06,5.820766091346741e-11,0.140625,744.625
9762,-24.179466402699045,3.441811308498347e-06,1.4551915228366852e-11,0.046875,744.671875
9763,-24.179466402699045,3.441811308498347e-06,1.1641532182693481e-10,0.046875,744.71875
9764,-24.179466402699045,3.4418113084482437e-06,5.820766091346741e-11,0.140625,744.859375
9765,-24.179466402699045,3.4418113084482437e-06,1.4551915228366852e-11,0.078125,744.9375
9766,-24.179466402699045,3.4418113084482437e-06,2.9103830456733704e-11,0.046875,744.984375
9767,-24.179466402699045,3.4418113084482437e-06,1.4551915228366852e-11,0.09375,745.078125
9768,-24.179466402699045,3.4418113084482437e-06,1.1641532182693481e-10,0.046875,745.125
9769,-24.179466402699045,3.4418113084482437e-06,2.3283064365386963e-10,0.140625,745.265625
9770,-24.179466402699045,3.4418113084585965e-06,1.1641532182693481e-10,0.0625,745.328125
9771,-24.179466402699045,3.441811308455176e-06,1.4551915228366852e-11,0.078125,745.40625
9772,-24.179466402699045,3.441811308455176e-06,2.9103830456733704e-11,0.03125,745.4375
9773,-24.179466402699045,3.441811308455176e-06,5.820766091346741e-11,0.15625,745.59375
9774,-24.179466402699045,3.441811308455176e-06,1.1641532182693481e-10,0.046875,745.640625
9775,-24.179466402699045,3.4418113085159995e-06,5.820766091346741e-11,0.0625,745.703125
9776,-24.179466402699045,3.441811308498347e-06,5.820766091346741e-11,0.140625,745.84375
9777,-24.179466402699045,3.441811308498347e-06,1.1641532182693481e-10,0.125,745.96875
9778,-24.179466402699045,3.4418113085087913e-06,1.1641532182693481e-10,0.171875,746.140625
9779,-24.179466402699045,3.441811308499796e-06,2.3283064365386963e-10,0.140625,746.28125
9780,-24.179466402699045,3.4418113084839563e-06,1.1641532182693481e-10,0.09375,746.375
9781,-24.179466402699045,3.4418113084911366e-06,2.3283064365386963e-10,0.140625,746.515625
9782,-24.179466402699045,3.4418113085693202e-06,7.275957614183426e-12,0.046875,746.5625
9783,-24.179466402699045,3.4418113085693202e-06,4.656612873077393e-10,0.03125,746.59375
9784,-24.179466402699045,3.441811308576505e-06,2.9103830456733704e-11,0.078125,746.671875
9785,-24.179466402699045,3.441811308576505e-06,2.9103830456733704e-11,0.046875,746.71875
9786,-24.179466402699045,3.441811308576505e-06,1.4551915228366852e-11,0.125,746.84375
9787,-24.179466402699045,3.441811308576505e-06,1.1641532182693481e-10,0.0625,746.90625
9788,-24.179466402699045,3.4418113086118756e-06,2.9103830456733704e-11,0.0625,746.96875
9789,-24.179466402699045,3.4418113086118756e-06,2.3283064365386963e-10,0.03125,747.0
9790,-24.179466402699045,3.4418113086135777e-06,5.820766091346741e-11,0.046875,747.046875
9791,-24.179466402699045,3.4418113086135777e-06,5.820766091346741e-11,0.046875,747.09375
9792,-24.179466402699045,3.4418113086135777e-06,2.3283064365386963e-10,0.140625,747.234375
9793,-24.179466402699045,3.441811308632471e-06,1.1641532182693481e-10,0.0625,747.296875
9794,-24.179466402699045,3.441811308632471e-06,1.1641532182693481e-10,0.140625,747.4375
9795,-24.179466402699045,3.4418113086323132e-06,2.9103830456733704e-11,0.109375,747.546875
9796,-24.179466402699045,3.4418113086292444e-06,1.1641532182693481e-10,0.046875,747.59375
9797,-24.179466402699045,3.4418113086334152e-06,1.1641532182693481e-10,0.03125,747.625
9798,-24.179466402699045,3.441811308637931e-06,2.9103830456733704e-11,0.015625,747.640625
9799,-24.179466402699045,3.441811308637931e-06,5.820766091346741e-11,0.046875,747.6875
9800,-24.179466402699045,3.441811308613069e-06,1.1641532182693481e-10,0.03125,747.71875
9801,-24.179466402699045,3.441811308613069e-06,1.1641532182693481e-10,0.09375,747.8125
9802,-24.179466402699045,3.4418113085828427e-06,1.1641532182693481e-10,0.109375,747.921875
9803,-24.179466402699045,3.4418113085642135e-06,1.1641532182693481e-10,0.046875,747.96875
9804,-24.179466402699045,3.4418113085631483e-06,2.3283064365386963e-10,0.140625,748.109375
9805,-24.179466402699045,3.4418113085925023e-06,5.820766091346741e-11,0.140625,748.25
9806,-24.179466402699045,3.4418113085925023e-06,2.3283064365386963e-10,0.0625,748.3125
9807,-24.179466402699045,3.4418113085696324e-06,2.3283064365386963e-10,0.140625,748.453125
9808,-24.179466402699045,3.441811308556628e-06,5.820766091346741e-11,0.109375,748.5625
9809,-24.179466402699045,3.441811308556628e-06,1.1641532182693481e-10,0.140625,748.703125
9810,-24.179466402699045,3.441811308544054e-06,1.1641532182693481e-10,0.09375,748.796875
9811,-24.179466402699045,3.4418113085801974e-06,1.1641532182693481e-10,0.03125,748.828125
9812,-24.179466402699045,3.441811308585015e-06,2.9103830456733704e-11,0.078125,748.90625
9813,-24.179466402699045,3.441811308585015e-06,1.4551915228366852e-11,0.109375,749.015625
9814,-24.179466402699045,3.441811308585015e-06,1.4551915228366852e-11,0.140625,749.15625
9815,-24.179466402699045,3.441811308585015e-06,1.4551915228366852e-11,0.09375,749.25
9816,-24.179466402699045,3.441811308585015e-06,2.3283064365386963e-10,0.03125,749.28125
9817,-24.179466402699045,3.4418113085540664e-06,2.3283064365386963e-10,0.046875,749.328125
9818,-24.179466402699045,3.4418113085373846e-06,2.3283064365386963e-10,0.078125,749.40625
9819,-24.179466402699045,3.441811308545836e-06,5.820766091346741e-11,0.046875,749.453125
9820,-24.179466402699045,3.441811308545836e-06,1.1641532182693481e-10,0.125,749.578125
9821,-24.179466402699045,3.4418113085614517e-06,1.1641532182693481e-10,0.140625,749.71875
9822,-24.179466402699045,3.441811308550687e-06,4.656612873077393e-10,0.125,749.84375
9823,-24.179466402699045,3.4418113085794033e-06,2.3283064365386963e-10,0.0625,749.90625
9824,-24.179466402699045,3.4418113085858272e-06,1.1641532182693481e-10,0.046875,749.953125
9825,-24.179466402699045,3.4418113085858272e-06,1.1641532182693481e-10,0.109375,750.0625
9826,-24.179466402699045,3.4418113086008112e-06,2.3283064365386963e-10,0.109375,750.171875
9827,-24.179466402699045,3.4418113085918416e-06,1.1641532182693481e-10,0.046875,750.21875
9828,-24.179466402699045,3.441811308606565e-06,1.1641532182693481e-10,0.109375,750.328125
9829,-24.179466402699045,3.441811308594647e-06,1.1641532182693481e-10,0.140625,750.46875
9830,-24.179466402699045,3.441811308594864e-06,1.1641532182693481e-10,0.125,750.59375
9831,-24.179466402699045,3.4418113085647725e-06,5.820766091346741e-11,0.078125,750.671875
9832,-24.179466402699045,3.4418113085647725e-06,5.820766091346741e-11,0.140625,750.8125
9833,-24.179466402699045,3.4418113085645553e-06,1.1641532182693481e-10,0.09375,750.90625
9834,-24.179466402699045,3.4418113085645553e-06,1.1641532182693481e-10,0.140625,751.046875
9835,-24.179466402699045,3.441811308588772e-06,2.9103830456733704e-11,0.125,751.171875
9836,-24.179466402699045,3.441811308588772e-06,1.1641532182693481e-10,0.109375,751.28125
9837,-24.179466402699045,3.441811308622766e-06,1.4551915228366852e-11,0.125,751.40625
9838,-24.179466402699045,3.441811308622766e-06,5.820766091346741e-11,0.109375,751.515625
9839,-24.179466402699045,3.441811308622766e-06,1.1641532182693481e-10,0.078125,751.59375
9840,-24.179466402699045,3.4418113086215026e-06,2.3283064365386963e-10,0.046875,751.640625
9841,-24.179466402699045,3.44181130851972e-06,1.1641532182693481e-10,0.140625,751.78125
9842,-24.179466402699045,3.4418113085159995e-06,5.820766091346741e-11,0.140625,751.921875
9843,-24.179466402699045,3.4418113085157827e-06,1.4551915228366852e-11,0.078125,752.0
9844,-24.179466402699045,3.4418113085157827e-06,2.9103830456733704e-11,0.109375,752.109375
9845,-24.179466402699045,3.4418113085157827e-06,5.820766091346741e-11,0.125,752.234375
9846,-24.179466402699045,3.441811308508602e-06,1.1641532182693481e-10,0.078125,752.3125
9847,-24.179466402699045,3.4418113085157827e-06,2.9103830456733704e-11,0.15625,752.46875
9848,-24.179466402699045,3.441811308508602e-06,1.1641532182693481e-10,0.09375,752.5625
9849,-24.179466402699045,3.4418113085516545e-06,2.3283064365386963e-10,0.125,752.6875
9850,-24.179466402699045,3.4418113085229147e-06,2.3283064365386963e-10,0.171875,752.859375
9851,-24.179466402699045,3.4418113085274175e-06,1.1641532182693481e-10,0.0625,752.921875
9852,-24.179466402699045,3.441811308496355e-06,1.1641532182693481e-10,0.203125,753.125
9853,-24.179466402699045,3.441811308496355e-06,1.1641532182693481e-10,0.140625,753.265625
9854,-24.179466402699045,3.441811308496355e-06,5.820766091346741e-11,0.15625,753.421875
9855,-24.179466402699045,3.441811308494073e-06,5.820766091346741e-11,0.125,753.546875
9856,-24.179466402699045,3.4418113084938555e-06,2.9103830456733704e-11,0.171875,753.71875
9857,-24.179466402699045,3.441811308501302e-06,1.4551915228366852e-11,0.09375,753.8125
9858,-24.179466402699045,3.441811308501302e-06,2.9103830456733704e-11,0.125,753.9375
9859,-24.179466402699045,3.441811308501302e-06,1.1641532182693481e-10,0.078125,754.015625
9860,-24.179466402699045,3.4418113085030755e-06,2.9103830456733704e-11,0.15625,754.171875
9861,-24.179466402699045,3.4418113085028582e-06,2.9103830456733704e-11,0.125,754.296875
9862,-24.179466402699045,3.4418113085028582e-06,2.9103830456733704e-11,0.140625,754.4375
9863,-24.179466402699045,3.4418113085028582e-06,1.4551915228366852e-11,0.1875,754.625
9864,-24.179466402699045,3.4418113085028582e-06,2.3283064365386963e-10,0.234375,754.859375
9865,-24.179466402699045,3.4418113084926083e-06,1.4551915228366852e-11,0.21875,755.078125
9866,-24.179466402699045,3.4418113084926083e-06,7.275957614183426e-12,0.140625,755.21875
9867,-24.179466402699045,3.4418113084926083e-06,2.9103830456733704e-11,0.0625,755.28125
9868,-24.179466402699045,3.4418113084926083e-06,5.820766091346741e-11,0.0625,755.34375
9869,-24.179466402699045,3.4418113084926083e-06,2.9103830456733704e-11,0.078125,755.421875
9870,-24.179466402699045,3.4418113084926083e-06,2.3283064365386963e-10,0.078125,755.5
9871,-24.179466402699045,3.4418113084632374e-06,1.1641532182693481e-10,0.09375,755.59375
9872,-24.179466402699045,3.44181130845107e-06,1.1641532182693481e-10,0.140625,755.734375
9873,-24.179466402699045,3.441811308470035e-06,5.820766091346741e-11,0.140625,755.875
9874,-24.179466402699045,3.4418113084698176e-06,2.9103830456733704e-11,0.046875,755.921875
9875,-24.179466402699045,3.4418113084698176e-06,2.9103830456733704e-11,0.140625,756.0625
9876,-24.179466402699045,3.4418113084698176e-06,2.9103830456733704e-11,0.125,756.1875
9877,-24.179466402699045,3.4418113084698176e-06,1.4551915228366852e-11,0.078125,756.265625
9878,-24.179466402699045,3.4418113084698176e-06,2.3283064365386963e-10,0.09375,756.359375
9879,-24.179466402699045,3.4418113085090797e-06,1.1641532182693481e-10,0.03125,756.390625
9880,-24.179466402699045,3.4418113085090797e-06,1.4551915228366852e-11,0.21875,756.609375
9881,-24.179466402699045,3.4418113085090797e-06,5.820766091346741e-11,0.09375,756.703125
9882,-24.179466402699045,3.4418113085090797e-06,5.820766091346741e-11,0.09375,756.796875
9883,-24.179466402699045,3.4418113085090797e-06,5.820766091346741e-11,0.171875,756.96875
9884,-24.179466402699045,3.4418113084965055e-06,2.9103830456733704e-11,0.15625,757.125
9885,-24.179466402699045,3.4418113084965055e-06,1.1641532182693481e-10,0.171875,757.296875
9886,-24.179466402699045,3.4418113085090797e-06,2.9103830456733704e-11,0.171875,757.46875
9887,-24.179466402699045,3.4418113085090797e-06,5.820766091346741e-11,0.125,757.59375
9888,-24.179466402699045,3.4418113085090797e-06,1.1641532182693481e-10,0.046875,757.640625
9889,-24.179466402699045,3.441811308512228e-06,1.1641532182693481e-10,0.21875,757.859375
9890,-24.179466402699045,3.4418113085237117e-06,2.9103830456733704e-11,0.140625,758.0
9891,-24.179466402699045,3.4418113085237117e-06,2.9103830456733704e-11,0.15625,758.15625
9892,-24.179466402699045,3.4418113085237117e-06,5.820766091346741e-11,0.046875,758.203125
9893,-24.179466402699045,3.4418113085214294e-06,1.4551915228366852e-11,0.234375,758.4375
9894,-24.179466402699045,3.4418113085214294e-06,1.4551915228366852e-11,0.15625,758.59375
9895,-24.179466402699045,3.4418113085214294e-06,1.4551915228366852e-11,0.125,758.71875
9896,-24.179466402699045,3.4418113085214294e-06,1.4551915228366852e-11,0.140625,758.859375
9897,-24.179466402699045,3.4418113085214294e-06,2.3283064365386963e-10,0.25,759.109375
9898,-24.179466402699045,3.4418113084945116e-06,2.9103830456733704e-11,0.09375,759.203125
9899,-24.179466402699045,3.4418113084945116e-06,5.820766091346741e-11,0.171875,759.375
9900,-24.179466402699045,3.441811308494294e-06,1.4551915228366852e-11,0.078125,759.453125
9901,-24.179466402699045,3.441811308494294e-06,2.9103830456733704e-11,0.125,759.578125
9902,-24.179466402699045,3.441811308494294e-06,5.820766091346741e-11,0.15625,759.734375
9903,-24.179466402699045,3.441811308494294e-06,2.9103830456733704e-11,0.140625,759.875
9904,-24.179466402699045,3.441811308494294e-06,1.4551915228366852e-11,0.15625,760.03125
9905,-24.179466402699045,3.441811308494294e-06,2.9103830456733704e-11,0.078125,760.109375
9906,-24.179466402699045,3.4418113084911387e-06,2.9103830456733704e-11,0.15625,760.265625
9907,-24.179466402699045,3.4418113084911387e-06,1.4551915228366852e-11,0.140625,760.40625
9908,-24.179466402699045,3.4418113084911387e-06,2.9103830456733704e-11,0.046875,760.453125
9909,-24.179466402699045,3.4418113084911387e-06,1.4551915228366852e-11,0.125,760.578125
9910,-24.179466402699045,3.4418113084911387e-06,2.9103830456733704e-11,0.09375,760.671875
9911,-24.179466402699045,3.4418113084911387e-06,1.4551915228366852e-11,0.125,760.796875
9912,-24.179466402699045,3.4418113084911387e-06,1.4551915228366852e-11,0.109375,760.90625
9913,-24.179466402699045,3.4418113084911387e-06,2.9103830456733704e-11,0.078125,760.984375
9914,-24.179466402699045,3.441811308495901e-06,1.4551915228366852e-11,0.140625,761.125
9915,-24.179466402699045,3.441811308495901e-06,1.4551915228366852e-11,0.03125,761.15625
9916,-24.179466402699045,3.441811308495901e-06,5.820766091346741e-11,0.078125,761.234375
9917,-24.179466402699045,3.4418113084984003e-06,1.4551915228366852e-11,0.140625,761.375
9918,-24.179466402699045,3.4418113084984003e-06,5.820766091346741e-11,0.0625,761.4375
9919,-24.179466402699045,3.4418113084981834e-06,2.9103830456733704e-11,0.03125,761.46875
9920,-24.179466402699045,3.441811308495314e-06,5.820766091346741e-11,0.125,761.59375
9921,-24.179466402699045,3.441811308499815e-06,2.9103830456733704e-11,0.140625,761.734375
9922,-24.179466402699045,3.441811308499815e-06,1.1641532182693481e-10,0.078125,761.8125
9923,-24.179466402699045,3.441811308497163e-06,1.1641532182693481e-10,0.0625,761.875
9924,-24.179466402699045,3.441811308497163e-06,1.1641532182693481e-10,0.03125,761.90625
9925,-24.179466402699045,3.441811308496946e-06,1.1641532182693481e-10,0.203125,762.109375
9926,-24.179466402699045,3.441811308500032e-06,2.3283064365386963e-10,0.03125,762.140625
9927,-24.179466402699045,3.4418113085183695e-06,2.3283064365386963e-10,0.046875,762.1875
9928,-24.179466402699045,3.441811308544511e-06,4.656612873077393e-10,0.0625,762.25
9929,-24.179466402699045,3.441811308523689e-06,2.3283064365386963e-10,0.0625,762.3125
9930,-24.179466402699045,3.4418113085201847e-06,2.3283064365386963e-10,0.078125,762.390625
9931,-24.179466402699045,3.441811308477609e-06,2.3283064365386963e-10,0.140625,762.53125
9932,-24.179466402699045,3.44181130847979e-06,1.1641532182693481e-10,0.109375,762.640625
9933,-24.179466402699045,3.441811308478057e-06,2.3283064365386963e-10,0.046875,762.6875
9934,-24.179466402699045,3.441811308483535e-06,5.820766091346741e-11,0.25,762.9375
9935,-24.179466402699045,3.441811308483535e-06,1.4551915228366852e-11,0.09375,763.03125
9936,-24.179466402699045,3.441811308483535e-06,2.3283064365386963e-10,0.125,763.15625
9937,-24.179466402699045,3.4418113084546997e-06,5.820766091346741e-11,0.140625,763.296875
9938,-24.179466402699045,3.4418113084852747e-06,2.3283064365386963e-10,0.0625,763.359375
9939,-24.179466402699045,3.441811308423972e-06,1.1641532182693481e-10,0.15625,763.515625
9940,-24.179466402699045,3.441811308423972e-06,2.9103830456733704e-11,0.046875,763.5625
9941,-24.179466402699045,3.441811308423972e-06,5.820766091346741e-11,0.109375,763.671875
9942,-24.179466402699045,3.441811308423972e-06,1.1641532182693481e-10,0.140625,763.8125
9943,-24.179466402699045,3.441811308419798e-06,1.4551915228366852e-11,0.125,763.9375
9944,-24.179466402699045,3.441811308419798e-06,5.820766091346741e-11,0.140625,764.078125
9945,-24.179466402699045,3.441811308419798e-06,2.3283064365386963e-10,0.09375,764.171875
9946,-24.179466402699045,3.441811308437501e-06,5.820766091346741e-11,0.125,764.296875
9947,-24.179466402699045,3.441811308437501e-06,2.9103830456733704e-11,0.125,764.421875
9948,-24.179466402699045,3.441811308437501e-06,1.1641532182693481e-10,0.171875,764.59375
9949,-24.179466402699045,3.4418113084353306e-06,2.3283064365386963e-10,0.203125,764.796875
9950,-24.179466402699045,3.4418113084002423e-06,1.1641532182693481e-10,0.15625,764.953125
9951,-24.179466402699045,3.441811308409287e-06,1.1641532182693481e-10,0.125,765.078125
9952,-24.179466402699045,3.4418113084124425e-06,5.820766091346741e-11,0.0625,765.140625
9953,-24.179466402699045,3.441811308409287e-06,2.9103830456733704e-11,0.109375,765.25
9954,-24.179466402699045,3.441811308411965e-06,1.4551915228366852e-11,0.078125,765.328125
9955,-24.179466402699045,3.441811308411965e-06,4.656612873077393e-10,0.125,765.453125
9956,-24.179466402699045,3.4418113084058903e-06,2.3283064365386963e-10,0.046875,765.5
9957,-24.179466402699045,3.4418113084683967e-06,1.4551915228366852e-11,0.0625,765.5625
9958,-24.179466402699045,3.4418113084683967e-06,1.1641532182693481e-10,0.046875,765.609375
9959,-24.179466402699045,3.441811308471552e-06,1.4551915228366852e-11,0.046875,765.65625
9960,-24.179466402699045,3.441811308471552e-06,1.4551915228366852e-11,0.109375,765.765625
9961,-24.179466402699045,3.441811308471552e-06,2.9103830456733704e-11,0.15625,765.921875
9962,-24.179466402699045,3.441811308471552e-06,2.3283064365386963e-10,0.09375,766.015625
9963,-24.179466402699045,3.441811308465925e-06,2.3283064365386963e-10,0.046875,766.0625
9964,-24.179466402699045,3.4418113084888076e-06,1.1641532182693481e-10,0.046875,766.109375
9965,-24.179466402699045,3.4418113084814457e-06,5.820766091346741e-11,0.15625,766.265625
9966,-24.179466402699045,3.4418113084814457e-06,1.4551915228366852e-11,0.078125,766.34375
9967,-24.179466402699045,3.4418113084814457e-06,2.9103830456733704e-11,0.15625,766.5
9968,-24.179466402699045,3.4418113084814457e-06,1.862645149230957e-09,0.140625,766.640625
9969,-24.179466402699045,3.4418113080972586e-06,2.3283064365386963e-10,0.125,766.765625
9970,-24.179466402699045,3.4418113082194274e-06,2.9103830456733704e-11,0.140625,766.90625
9971,-24.179466402699045,3.4418113082194274e-06,4.656612873077393e-10,0.15625,767.0625
9972,-24.179466402699045,3.441811308187158e-06,1.1641532182693481e-10,0.109375,767.171875
9973,-24.179466402699045,3.441811308180052e-06,9.313225746154785e-10,0.109375,767.28125
9974,-24.179466402699045,3.441811308171555e-06,4.656612873077393e-10,0.140625,767.421875
9975,-24.179466402699045,3.441811308099776e-06,4.656612873077393e-10,0.1875,767.609375
9976,-24.179466402699045,3.4418113081520566e-06,4.656612873077393e-10,0.0625,767.671875
9977,-24.179466402699045,3.441811308167893e-06,1.1641532182693481e-10,0.109375,767.78125
9978,-24.179466402699045,3.4418113081861352e-06,2.3283064365386963e-10,0.03125,767.8125
9979,-24.179466402699045,3.4418113081884836e-06,4.656612873077393e-10,0.171875,767.984375
9980,-24.179466402699045,3.4418113080846306e-06,2.3283064365386963e-10,0.109375,768.09375
9981,-24.179466402699045,3.4418113080852477e-06,5.820766091346741e-11,0.078125,768.171875
9982,-24.179466402699045,3.4418113080852477e-06,2.9103830456733704e-11,0.125,768.296875
9983,-24.179466402699045,3.4418113080852477e-06,5.820766091346741e-11,0.125,768.421875
9984,-24.179466402699045,3.441811308121986e-06,4.656612873077393e-10,0.046875,768.46875
9985,-24.179466402699045,3.4418113080682054e-06,2.3283064365386963e-10,0.046875,768.515625
9986,-24.179466402699045,3.441811308044484e-06,2.3283064365386963e-10,0.171875,768.6875
9987,-24.179466402699045,3.4418113080471346e-06,2.3283064365386963e-10,0.0625,768.75
9988,-24.179466402699045,3.4418113080217117e-06,2.3283064365386963e-10,0.078125,768.828125
9989,-24.179466402699045,3.441811308028082e-06,4.656612873077393e-10,0.125,768.953125
9990,-24.179466402699045,3.4418113080762327e-06,4.656612873077393e-10,0.140625,769.09375
9991,-24.179466402699045,3.4418113079014487e-06,2.3283064365386963e-10,0.140625,769.234375
9992,-24.179466402699045,3.441811307904736e-06,5.820766091346741e-11,0.03125,769.265625
9993,-24.179466402699045,3.441811307904736e-06,2.3283064365386963e-10,0.125,769.390625
9994,-24.179466402699045,3.4418113079638268e-06,1.1641532182693481e-10,0.046875,769.4375
9995,-24.179466402699045,3.4418113079539965e-06,1.1641532182693481e-10,0.15625,769.59375
9996,-24.179466402699045,3.4418113079539965e-06,2.3283064365386963e-10,0.140625,769.734375
9997,-24.179466402699045,3.4418113079470064e-06,4.656612873077393e-10,0.078125,769.8125
9998,-24.179466402699045,3.4418113077973814e-06,2.3283064365386963e-10,0.03125,769.84375
9999,-24.179466402699045,3.44181130772989e-06,4.656612873077393e-10,0.21875,770.0625
