k,f,grad_norm,x_norm,alpha,subspace_dim_s,inner_dim_r,L,rs_reg,rk_reg,rk_iters,rk_residual
0,0.0,32.048512665192554,0.0,1.0,11,10,200,0.0,0.0,200,0.35374336458600053
1,-450.25516284196686,11.251526046144752,30.00850422270215,1.0,11,10,200,0.0,0.0,200,0.4799214434289622
2,-499.9146051258948,5.222830056513148,32.71212722783427,1.0,11,10,200,0.0,0.0,200,0.48122386411063606
3,-510.5621596998693,2.4459854151791145,32.486556208513726,1.0,11,10,200,0.0,0.0,200,0.48025471980603734
4,-512.9000406790183,1.1432771724174837,32.1048606022477,1.0,11,10,200,0.0,0.0,200,0.46740021263837733
5,-513.4184221253661,0.5199228791611681,32.03445416397923,1.0,11,10,200,0.0,0.0,200,0.49087238208862627
6,-513.5224627464463,0.2494765682680514,32.03501187791699,1.0,11,10,200,0.0,0.0,200,0.49677737184050746
7,-513.5462860949561,0.12079677601408119,32.04807362015054,1.0,11,10,200,0.0,0.0,200,0.45898378569386755
8,-513.5521222640605,0.05403260947901631,32.04779285774692,1.0,11,10,200,0.0,0.0,200,0.486525574038379
9,-513.5532560265635,0.025534249172717176,32.04803429013855,1.0,11,10,200,0.0,0.0,200,0.49414414410392643
10,-513.5535051084878,0.012402984801544935,32.048476040616485,1.0,11,10,200,0.0,0.0,200,0.4760549471502668
11,-513.5535654835287,0.005751864931935585,32.048335576151125,1.0,11,10,200,0.0,0.0,200,0.49044510480833303
12,-513.5535783241621,0.002720787287549671,32.048506508460854,1.0,11,10,200,0.0,0.0,200,0.47787746267762954
13,-513.553581224561,0.0012656561966780456,32.048548896756216,1.0,11,10,200,0.0,0.0,200,0.47787074670255
14,-513.5535818518845,0.0005892697827627886,32.048537384590745,1.0,11,10,200,0.0,0.0,200,0.48631358069969977
15,-513.5535819870049,0.00027748553384098325,32.04851881618832,1.0,11,10,200,0.0,0.0,200,0.4977887350487677
16,-513.5535820163794,0.00013508672963133948,32.04851771810493,1.0,11,10,200,0.0,0.0,200,0.48858972727065336
17,-513.5535820234551,6.401346209550203e-05,32.048513430100236,1.0,11,10,200,0.0,0.0,200,0.46382999853264895
18,-513.553582025091,2.871840378496483e-05,32.04851203036387,1.0,11,10,200,0.0,0.0,200,0.5086737126702755
19,-513.553582025406,1.4005191963656268e-05,32.04851187171073,1.0,11,10,200,0.0,0.0,200,0.48460732623834574
20,-513.5535820254819,6.641532495099879e-06,32.0485123304447,1.0,11,10,200,0.0,0.0,200,0.49158857961387464
21,-513.5535820254987,3.2036191581398222e-06,32.04851257097445,1.0,11,10,200,0.0,0.0,200,0.47958796737289405
22,-513.5535820255027,1.5091232434850585e-06,32.048512646315324,1.0,11,10,200,0.0,0.0,200,0.4822358866634763
23,-513.5535820255036,7.070836532899228e-07,32.04851265600236,1.0,11,10,200,0.0,0.0,200,0.5051896476088784
24,-513.5535820255037,3.4614370633313303e-07,32.048512660767294,1.0,11,10,200,0.0,0.0,200,0.469875922284109
25,-513.5535820255037,1.5793525068747375e-07,32.04851267283918,0.0625,11,10,200,0.0,0.0,200,0.47295589777967384
26,-513.5535820255037,1.502258795899268e-07,32.04851267240253,1.0,11,10,200,0.0,0.0,200,0.17330885539653315
27,-513.5535820255038,2.5972385557423005e-08,32.04851266540714,1.0,11,10,200,0.0,0.0,200,0.5006363640960839
28,-513.5535820255039,1.2601293451313602e-08,32.04851266564763,0.03125,11,10,200,0.0,0.0,200,0.45742762357979855
29,-513.5535820255042,1.2286973040319246e-08,32.048512665638846,3.0517578125e-05,11,10,200,0.0,0.0,200,0.17190315710774423
30,-513.5535820255042,1.2286608830359476e-08,32.04851266563883,1.0,11,10,200,0.0,0.0,200,0.06309228070900477
31,-513.5535820255042,7.699193624914824e-10,32.04851266518431,3.0517578125e-05,11,10,200,0.0,0.0,200,0.39100018922845675
32,-513.5535820255042,7.698993893066564e-10,32.04851266518431,3.0517578125e-05,11,10,200,0.0,0.0,200,0.14871535729339236
33,-513.5535820255042,7.69876456042202e-10,32.04851266518431,1.52587890625e-05,11,10,200,0.0,0.0,200,0.05443599074530001
34,-513.5535820255042,7.698646792367796e-10,32.04851266518431,3.814697265625e-06,11,10,200,0.0,0.0,200,0.020058349004982174
35,-513.5535820255042,7.69861956627738e-10,32.04851266518431,3.814697265625e-06,11,10,200,0.0,0.0,200,0.0074840712921823895
36,-513.5535820255042,7.698592192597621e-10,32.04851266518431,4.76837158203125e-07,11,10,200,0.0,0.0,200,0.002800155371691321
37,-513.5535820255042,7.698591365011484e-10,32.04851266518431,4.76837158203125e-07,11,10,200,0.0,0.0,200,0.0010774454797150314
38,-513.5535820255042,7.698590537463853e-10,32.04851266518431,4.76837158203125e-07,11,10,200,0.0,0.0,200,0.0004209854468940527
39,-513.5535820255042,7.698589709911053e-10,32.04851266518431,4.76837158203125e-07,11,10,200,0.0,0.0,200,0.00015619482248619698
40,-513.5535820255042,7.698588882358701e-10,32.04851266518431,4.76837158203125e-07,11,10,200,0.0,0.0,200,5.799618949302146e-05
41,-513.5535820255042,7.698588054806802e-10,32.04851266518431,4.76837158203125e-07,11,10,200,0.0,0.0,200,2.071997765822821e-05
42,-513.5535820255042,7.698587227255352e-10,32.04851266518431,4.76837158203125e-07,11,10,200,0.0,0.0,200,7.818066938979615e-06
43,-513.5535820255042,7.698586399704351e-10,32.04851266518431,4.76837158203125e-07,11,10,200,0.0,0.0,200,2.870351505755199e-06
44,-513.5535820255042,7.6985855721538e-10,32.04851266518431,4.76837158203125e-07,11,10,200,0.0,0.0,200,1.0686309085649232e-06
45,-513.5535820255042,7.6985847446037e-10,32.04851266518431,4.76837158203125e-07,11,10,200,0.0,0.0,200,3.994591487749443e-07
46,-513.5535820255042,7.698583917054048e-10,32.04851266518431,4.76837158203125e-07,11,10,200,0.0,0.0,200,1.5325606199230097e-07
47,-513.5535820255042,7.698583089504847e-10,32.04851266518431,4.76837158203125e-07,11,10,200,0.0,0.0,200,6.875882328294938e-08
48,-513.5535820255042,7.698582261956096e-10,32.04851266518431,4.76837158203125e-07,11,10,200,0.0,0.0,200,5.391015909668362e-08
49,-513.5535820255042,7.698581434407795e-10,32.04851266518431,4.76837158203125e-07,11,10,200,0.0,0.0,200,4.64222070742533e-08
50,-513.5535820255042,7.698580606859944e-10,32.04851266518431,4.76837158203125e-07,11,10,200,0.0,0.0,200,4.6289918189805743e-08
51,-513.5535820255042,7.698579779312542e-10,32.04851266518431,4.76837158203125e-07,11,10,200,0.0,0.0,200,4.6812935401775037e-08
52,-513.5535820255042,7.69857895176559e-10,32.04851266518431,4.76837158203125e-07,11,10,200,0.0,0.0,200,4.714118214468188e-08
53,-513.5535820255042,7.698578124219089e-10,32.04851266518431,2.384185791015625e-07,11,10,200,0.0,0.0,200,4.762027346935401e-08
54,-513.5535820255042,7.698577907259183e-10,32.04851266518431,2.384185791015625e-07,11,10,200,0.0,0.0,200,2.413121637963353e-08
55,-513.5535820255042,7.69857769029934e-10,32.04851266518431,2.384185791015625e-07,11,10,200,0.0,0.0,200,1.5439836645110856e-08
56,-513.5535820255042,7.69857747333956e-10,32.04851266518431,2.384185791015625e-07,11,10,200,0.0,0.0,200,1.2828221684798676e-08
57,-513.5535820255042,7.698577256379843e-10,32.04851266518431,2.384185791015625e-07,11,10,200,0.0,0.0,200,1.2518234974267345e-08
58,-513.5535820255042,7.69857703942019e-10,32.04851266518431,2.384185791015625e-07,11,10,200,0.0,0.0,200,1.2448387361617593e-08
59,-513.5535820255042,7.698576822460599e-10,32.04851266518431,2.384185791015625e-07,11,10,200,0.0,0.0,200,1.293146371923926e-08
60,-513.5535820255042,7.698576605501071e-10,32.04851266518431,2.384185791015625e-07,11,10,200,0.0,0.0,200,1.2209466846220376e-08
61,-513.5535820255042,7.698576388541607e-10,32.04851266518431,2.384185791015625e-07,11,10,200,0.0,0.0,200,1.2100685496940913e-08
62,-513.5535820255042,7.698576171582204e-10,32.04851266518431,2.384185791015625e-07,11,10,200,0.0,0.0,200,1.221012358106306e-08
63,-513.5535820255042,7.698575954622865e-10,32.04851266518431,2.384185791015625e-07,11,10,200,0.0,0.0,200,1.1765076521068051e-08
64,-513.5535820255042,7.698575737663589e-10,32.04851266518431,2.384185791015625e-07,11,10,200,0.0,0.0,200,1.2691324390203096e-08
65,-513.5535820255042,7.698575520704376e-10,32.04851266518431,2.384185791015625e-07,11,10,200,0.0,0.0,200,1.2332244959686285e-08
66,-513.5535820255042,7.698575303745226e-10,32.04851266518431,2.384185791015625e-07,11,10,200,0.0,0.0,200,1.1392917145386945e-08
67,-513.5535820255042,7.698575086786139e-10,32.04851266518431,2.384185791015625e-07,11,10,200,0.0,0.0,200,1.2473116519497737e-08
68,-513.5535820255042,7.698574869827114e-10,32.04851266518431,2.384185791015625e-07,11,10,200,0.0,0.0,200,1.2525123875118556e-08
69,-513.5535820255042,7.698574652868153e-10,32.04851266518431,2.384185791015625e-07,11,10,200,0.0,0.0,200,1.2024848301901005e-08
70,-513.5535820255042,7.698574435909255e-10,32.04851266518431,2.384185791015625e-07,11,10,200,0.0,0.0,200,1.2128640496502356e-08
71,-513.5535820255042,7.69857421895042e-10,32.04851266518431,2.384185791015625e-07,11,10,200,0.0,0.0,200,1.3635423850664487e-08
72,-513.5535820255042,7.698574001991647e-10,32.04851266518431,2.384185791015625e-07,11,10,200,0.0,0.0,200,1.2830531218540832e-08
73,-513.5535820255042,7.698573785032938e-10,32.04851266518431,2.384185791015625e-07,11,10,200,0.0,0.0,200,1.2769198236750985e-08
74,-513.5535820255042,7.698573568074291e-10,32.04851266518431,2.384185791015625e-07,11,10,200,0.0,0.0,200,1.2529514745997062e-08
75,-513.5535820255042,7.698573351115707e-10,32.04851266518431,2.384185791015625e-07,11,10,200,0.0,0.0,200,1.2615238300192317e-08
76,-513.5535820255042,7.698573134157187e-10,32.04851266518431,2.384185791015625e-07,11,10,200,0.0,0.0,200,1.289923466439311e-08
77,-513.5535820255042,7.69857291719873e-10,32.04851266518431,2.384185791015625e-07,11,10,200,0.0,0.0,200,1.2563228888912152e-08
78,-513.5535820255042,7.698572700240334e-10,32.04851266518431,2.384185791015625e-07,11,10,200,0.0,0.0,200,1.2618625250084949e-08
79,-513.5535820255042,7.698572483282003e-10,32.04851266518431,2.384185791015625e-07,11,10,200,0.0,0.0,200,1.3362323439480745e-08
80,-513.5535820255042,7.698572266323734e-10,32.04851266518431,2.384185791015625e-07,11,10,200,0.0,0.0,200,1.2815632437324898e-08
81,-513.5535820255042,7.698572049365528e-10,32.04851266518431,2.384185791015625e-07,11,10,200,0.0,0.0,200,1.3337893042088588e-08
82,-513.5535820255042,7.698571832407386e-10,32.04851266518431,2.384185791015625e-07,11,10,200,0.0,0.0,200,1.2929881094071429e-08
83,-513.5535820255042,7.698571615449304e-10,32.04851266518431,2.384185791015625e-07,11,10,200,0.0,0.0,200,1.2595659247565831e-08
84,-513.5535820255042,7.698571398491288e-10,32.04851266518431,2.384185791015625e-07,11,10,200,0.0,0.0,200,1.2221353529269582e-08
85,-513.5535820255042,7.698571181533334e-10,32.04851266518431,2.384185791015625e-07,11,10,200,0.0,0.0,200,1.3072400228462428e-08
86,-513.5535820255042,7.698570964575443e-10,32.04851266518431,2.384185791015625e-07,11,10,200,0.0,0.0,200,1.2835539367284772e-08
87,-513.5535820255042,7.698570747617615e-10,32.04851266518431,2.384185791015625e-07,11,10,200,0.0,0.0,200,1.2854268864042229e-08
88,-513.5535820255042,7.69857053065985e-10,32.04851266518431,2.384185791015625e-07,11,10,200,0.0,0.0,200,1.2772536486698258e-08
89,-513.5535820255042,7.698570313702148e-10,32.04851266518431,2.384185791015625e-07,11,10,200,0.0,0.0,200,1.2624900858785728e-08
90,-513.5535820255042,7.698570096744509e-10,32.04851266518431,2.384185791015625e-07,11,10,200,0.0,0.0,200,1.252705992349561e-08
91,-513.5535820255042,7.698569879786933e-10,32.04851266518431,2.384185791015625e-07,11,10,200,0.0,0.0,200,1.2546197943427562e-08
92,-513.5535820255042,7.698569662829419e-10,32.04851266518431,2.384185791015625e-07,11,10,200,0.0,0.0,200,1.2036619160799841e-08
93,-513.5535820255042,7.698569445871968e-10,32.04851266518431,2.384185791015625e-07,11,10,200,0.0,0.0,200,1.2403412545169909e-08
94,-513.5535820255042,7.698569228914581e-10,32.04851266518431,2.384185791015625e-07,11,10,200,0.0,0.0,200,1.2146619492688404e-08
95,-513.5535820255042,7.698569011957257e-10,32.04851266518431,2.384185791015625e-07,11,10,200,0.0,0.0,200,1.2508317864060297e-08
96,-513.5535820255042,7.698568794999995e-10,32.04851266518431,2.384185791015625e-07,11,10,200,0.0,0.0,200,1.3175924916616319e-08
97,-513.5535820255042,7.698568578042796e-10,32.04851266518431,2.384185791015625e-07,11,10,200,0.0,0.0,200,1.3053792374288984e-08
98,-513.5535820255042,7.698568361085661e-10,32.04851266518431,2.384185791015625e-07,11,10,200,0.0,0.0,200,1.3024121177394438e-08
99,-513.5535820255042,7.698568144128589e-10,32.04851266518431,2.384185791015625e-07,11,10,200,0.0,0.0,200,1.3132778570141124e-08
100,-513.5535820255042,7.698567927171579e-10,32.04851266518431,2.384185791015625e-07,11,10,200,0.0,0.0,200,1.2564818899792779e-08
101,-513.5535820255042,7.698567710214632e-10,32.04851266518431,2.384185791015625e-07,11,10,200,0.0,0.0,200,1.2175669292307043e-08
102,-513.5535820255042,7.698567493257749e-10,32.04851266518431,2.384185791015625e-07,11,10,200,0.0,0.0,200,1.2750045150832139e-08
103,-513.5535820255042,7.698567276300928e-10,32.04851266518431,2.384185791015625e-07,11,10,200,0.0,0.0,200,1.1779808050732337e-08
104,-513.5535820255042,7.69856705934417e-10,32.04851266518431,2.384185791015625e-07,11,10,200,0.0,0.0,200,1.2046129909205168e-08
105,-513.5535820255042,7.698566842387475e-10,32.04851266518431,2.384185791015625e-07,11,10,200,0.0,0.0,200,1.2699878350453609e-08
106,-513.5535820255042,7.698566625430843e-10,32.04851266518431,2.384185791015625e-07,11,10,200,0.0,0.0,200,1.2142704116023532e-08
107,-513.5535820255042,7.698566408474274e-10,32.04851266518431,2.384185791015625e-07,11,10,200,0.0,0.0,200,1.2447702309337744e-08
108,-513.5535820255042,7.698566191517767e-10,32.04851266518431,2.384185791015625e-07,11,10,200,0.0,0.0,200,1.2089265455122466e-08
109,-513.5535820255042,7.698565974561325e-10,32.04851266518431,2.384185791015625e-07,11,10,200,0.0,0.0,200,1.1976017248151311e-08
110,-513.5535820255042,7.698565757604945e-10,32.04851266518431,2.384185791015625e-07,11,10,200,0.0,0.0,200,1.2648917625095027e-08
111,-513.5535820255042,7.698565540648627e-10,32.04851266518431,2.384185791015625e-07,11,10,200,0.0,0.0,200,1.2542259640434788e-08
112,-513.5535820255042,7.698565323692373e-10,32.04851266518431,2.384185791015625e-07,11,10,200,0.0,0.0,200,1.294072287350448e-08
113,-513.5535820255042,7.698565106736183e-10,32.04851266518431,2.384185791015625e-07,11,10,200,0.0,0.0,200,1.248173815557675e-08
114,-513.5535820255042,7.698564889780054e-10,32.04851266518431,2.384185791015625e-07,11,10,200,0.0,0.0,200,1.2351588866920182e-08
115,-513.5535820255042,7.698564672823989e-10,32.04851266518431,2.384185791015625e-07,11,10,200,0.0,0.0,200,1.2748775000722713e-08
116,-513.5535820255042,7.698564455867987e-10,32.04851266518431,2.384185791015625e-07,11,10,200,0.0,0.0,200,1.3158078185590277e-08
117,-513.5535820255042,7.698564238912047e-10,32.04851266518431,2.384185791015625e-07,11,10,200,0.0,0.0,200,1.3267508946916309e-08
118,-513.5535820255042,7.69856402195617e-10,32.04851266518431,2.384185791015625e-07,11,10,200,0.0,0.0,200,1.2283541323235979e-08
119,-513.5535820255042,7.698563805000357e-10,32.04851266518431,2.384185791015625e-07,11,10,200,0.0,0.0,200,1.1683446488821496e-08
120,-513.5535820255042,7.698563588044606e-10,32.04851266518431,2.384185791015625e-07,11,10,200,0.0,0.0,200,1.2780346206696006e-08
121,-513.5535820255042,7.698563371088919e-10,32.04851266518431,2.384185791015625e-07,11,10,200,0.0,0.0,200,1.2899837685120631e-08
122,-513.5535820255042,7.698563154133294e-10,32.04851266518431,2.384185791015625e-07,11,10,200,0.0,0.0,200,1.2408689250368228e-08
123,-513.5535820255042,7.698562937177733e-10,32.04851266518431,2.384185791015625e-07,11,10,200,0.0,0.0,200,1.1695902278463019e-08
124,-513.5535820255042,7.698562720222233e-10,32.04851266518431,2.384185791015625e-07,11,10,200,0.0,0.0,200,1.220381805471145e-08
125,-513.5535820255042,7.698562503266798e-10,32.04851266518431,2.384185791015625e-07,11,10,200,0.0,0.0,200,1.2072490033527226e-08
126,-513.5535820255042,7.698562286311426e-10,32.04851266518431,2.384185791015625e-07,11,10,200,0.0,0.0,200,1.255696390274755e-08
127,-513.5535820255042,7.698562069356115e-10,32.04851266518431,2.384185791015625e-07,11,10,200,0.0,0.0,200,1.2033297395985226e-08
128,-513.5535820255042,7.698561852400868e-10,32.04851266518431,2.384185791015625e-07,11,10,200,0.0,0.0,200,1.2215557471231723e-08
129,-513.5535820255042,7.698561635445684e-10,32.04851266518431,2.384185791015625e-07,11,10,200,0.0,0.0,200,1.2641492673115506e-08
130,-513.5535820255042,7.698561418490563e-10,32.04851266518431,2.384185791015625e-07,11,10,200,0.0,0.0,200,1.3403579212569693e-08
131,-513.5535820255042,7.698561201535505e-10,32.04851266518431,2.384185791015625e-07,11,10,200,0.0,0.0,200,1.2667752737087742e-08
132,-513.5535820255042,7.69856098458051e-10,32.04851266518431,2.384185791015625e-07,11,10,200,0.0,0.0,200,1.2869063160562816e-08
133,-513.5535820255042,7.698560767625579e-10,32.04851266518431,2.384185791015625e-07,11,10,200,0.0,0.0,200,1.2966851389655218e-08
134,-513.5535820255042,7.69856055067071e-10,32.04851266518431,2.384185791015625e-07,11,10,200,0.0,0.0,200,1.2378006149972238e-08
135,-513.5535820255042,7.698560333715903e-10,32.04851266518431,2.384185791015625e-07,11,10,200,0.0,0.0,200,1.2045630547917364e-08
136,-513.5535820255042,7.69856011676116e-10,32.04851266518431,2.384185791015625e-07,11,10,200,0.0,0.0,200,1.2245808028772167e-08
137,-513.5535820255042,7.698559899806479e-10,32.04851266518431,2.384185791015625e-07,11,10,200,0.0,0.0,200,1.2842663914535236e-08
138,-513.5535820255042,7.698559682851861e-10,32.04851266518431,2.384185791015625e-07,11,10,200,0.0,0.0,200,1.274521380266823e-08
139,-513.5535820255042,7.698559465897308e-10,32.04851266518431,2.384185791015625e-07,11,10,200,0.0,0.0,200,1.325744069798918e-08
140,-513.5535820255042,7.698559248942817e-10,32.04851266518431,2.384185791015625e-07,11,10,200,0.0,0.0,200,1.2767863799526835e-08
141,-513.5535820255042,7.698559031988387e-10,32.04851266518431,2.384185791015625e-07,11,10,200,0.0,0.0,200,1.2251482985048851e-08
142,-513.5535820255042,7.698558815034022e-10,32.04851266518431,2.384185791015625e-07,11,10,200,0.0,0.0,200,1.2801286681128617e-08
143,-513.5535820255042,7.69855859807972e-10,32.04851266518431,2.384185791015625e-07,11,10,200,0.0,0.0,200,1.2550006923589933e-08
144,-513.5535820255042,7.69855838112548e-10,32.04851266518431,2.384185791015625e-07,11,10,200,0.0,0.0,200,1.2471690295985002e-08
145,-513.5535820255042,7.698558164171304e-10,32.04851266518431,2.384185791015625e-07,11,10,200,0.0,0.0,200,1.2150623724534691e-08
146,-513.5535820255042,7.69855794721719e-10,32.04851266518431,2.384185791015625e-07,11,10,200,0.0,0.0,200,1.198312638308696e-08
147,-513.5535820255042,7.698557730263139e-10,32.04851266518431,2.384185791015625e-07,11,10,200,0.0,0.0,200,1.261274522711403e-08
148,-513.5535820255042,7.698557513309152e-10,32.04851266518431,2.384185791015625e-07,11,10,200,0.0,0.0,200,1.2616696081171983e-08
149,-513.5535820255042,7.698557296355227e-10,32.04851266518431,2.384185791015625e-07,11,10,200,0.0,0.0,200,1.1944049199189581e-08
150,-513.5535820255042,7.698557079401365e-10,32.04851266518431,2.384185791015625e-07,11,10,200,0.0,0.0,200,1.3367238887436508e-08
151,-513.5535820255042,7.698556862447567e-10,32.04851266518431,2.384185791015625e-07,11,10,200,0.0,0.0,200,1.3123694570450651e-08
152,-513.5535820255042,7.69855664549383e-10,32.04851266518431,2.384185791015625e-07,11,10,200,0.0,0.0,200,1.3062812773217979e-08
153,-513.5535820255042,7.698556428540158e-10,32.04851266518431,2.384185791015625e-07,11,10,200,0.0,0.0,200,1.315008684347167e-08
154,-513.5535820255042,7.698556211586547e-10,32.04851266518431,2.384185791015625e-07,11,10,200,0.0,0.0,200,1.2507619716140206e-08
155,-513.5535820255042,7.698555994633e-10,32.04851266518431,2.384185791015625e-07,11,10,200,0.0,0.0,200,1.3061494090390576e-08
156,-513.5535820255042,7.698555777679517e-10,32.04851266518431,2.384185791015625e-07,11,10,200,0.0,0.0,200,1.2315121167477416e-08
157,-513.5535820255042,7.698555560726096e-10,32.04851266518431,2.384185791015625e-07,11,10,200,0.0,0.0,200,1.2185438903491915e-08
158,-513.5535820255042,7.698555343772737e-10,32.04851266518431,2.384185791015625e-07,11,10,200,0.0,0.0,200,1.1600376649440353e-08
159,-513.5535820255042,7.698555126819443e-10,32.04851266518431,2.384185791015625e-07,11,10,200,0.0,0.0,200,1.2452645848008107e-08
160,-513.5535820255042,7.69855490986621e-10,32.04851266518431,2.384185791015625e-07,11,10,200,0.0,0.0,200,1.3024092909527004e-08
161,-513.5535820255042,7.698554692913041e-10,32.04851266518431,2.384185791015625e-07,11,10,200,0.0,0.0,200,1.2279481968725522e-08
162,-513.5535820255042,7.698554475959934e-10,32.04851266518431,2.384185791015625e-07,11,10,200,0.0,0.0,200,1.2155907383260728e-08
163,-513.5535820255042,7.69855425900689e-10,32.04851266518431,2.384185791015625e-07,11,10,200,0.0,0.0,200,1.2486447461433128e-08
164,-513.5535820255042,7.69855404205391e-10,32.04851266518431,2.384185791015625e-07,11,10,200,0.0,0.0,200,1.2774751112654934e-08
165,-513.5535820255042,7.698553825100993e-10,32.04851266518431,2.384185791015625e-07,11,10,200,0.0,0.0,200,1.326206964086523e-08
166,-513.5535820255042,7.698553608148138e-10,32.04851266518431,2.384185791015625e-07,11,10,200,0.0,0.0,200,1.317637653919654e-08
167,-513.5535820255042,7.698553391195347e-10,32.04851266518431,2.384185791015625e-07,11,10,200,0.0,0.0,200,1.2452490917557976e-08
168,-513.5535820255042,7.698553174242617e-10,32.04851266518431,2.384185791015625e-07,11,10,200,0.0,0.0,200,1.299483427387927e-08
169,-513.5535820255042,7.698552957289952e-10,32.04851266518431,2.384185791015625e-07,11,10,200,0.0,0.0,200,1.327605131306378e-08
170,-513.5535820255042,7.69855274033735e-10,32.04851266518431,2.384185791015625e-07,11,10,200,0.0,0.0,200,1.2630920577019912e-08
171,-513.5535820255042,7.69855252338481e-10,32.04851266518431,2.384185791015625e-07,11,10,200,0.0,0.0,200,1.1855269484029262e-08
172,-513.5535820255042,7.698552306432333e-10,32.04851266518431,2.384185791015625e-07,11,10,200,0.0,0.0,200,1.2177040061860098e-08
173,-513.5535820255042,7.698552089479919e-10,32.04851266518431,2.384185791015625e-07,11,10,200,0.0,0.0,200,1.2500680927328254e-08
174,-513.5535820255042,7.698551872527568e-10,32.04851266518431,2.384185791015625e-07,11,10,200,0.0,0.0,200,1.2207718823706914e-08
175,-513.5535820255042,7.69855165557528e-10,32.04851266518431,2.384185791015625e-07,11,10,200,0.0,0.0,200,1.2039062935907419e-08
176,-513.5535820255042,7.698551438623056e-10,32.04851266518431,2.384185791015625e-07,11,10,200,0.0,0.0,200,1.2493285309941457e-08
177,-513.5535820255042,7.698551221670894e-10,32.04851266518431,2.384185791015625e-07,11,10,200,0.0,0.0,200,1.2013535862716563e-08
178,-513.5535820255042,7.698551004718794e-10,32.04851266518431,2.384185791015625e-07,11,10,200,0.0,0.0,200,1.2358377737215063e-08
179,-513.5535820255042,7.698550787766758e-10,32.04851266518431,2.384185791015625e-07,11,10,200,0.0,0.0,200,1.2789767721295794e-08
180,-513.5535820255042,7.698550570814785e-10,32.04851266518431,2.384185791015625e-07,11,10,200,0.0,0.0,200,1.2758190262881225e-08
181,-513.5535820255042,7.698550353862875e-10,32.04851266518431,2.384185791015625e-07,11,10,200,0.0,0.0,200,1.2991630055603366e-08
182,-513.5535820255042,7.698550136911028e-10,32.04851266518431,2.384185791015625e-07,11,10,200,0.0,0.0,200,1.2960299403587695e-08
183,-513.5535820255042,7.698549919959243e-10,32.04851266518431,2.384185791015625e-07,11,10,200,0.0,0.0,200,1.3636341133261493e-08
184,-513.5535820255042,7.698549703007522e-10,32.04851266518431,2.384185791015625e-07,11,10,200,0.0,0.0,200,1.2784473640837309e-08
185,-513.5535820255042,7.698549486055864e-10,32.04851266518431,2.384185791015625e-07,11,10,200,0.0,0.0,200,1.3218489438428957e-08
186,-513.5535820255042,7.698549269104269e-10,32.04851266518431,2.384185791015625e-07,11,10,200,0.0,0.0,200,1.3154921958818627e-08
187,-513.5535820255042,7.698549052152736e-10,32.04851266518431,2.384185791015625e-07,11,10,200,0.0,0.0,200,1.2889866603171194e-08
188,-513.5535820255042,7.698548835201267e-10,32.04851266518431,2.384185791015625e-07,11,10,200,0.0,0.0,200,1.2607105763044622e-08
189,-513.5535820255042,7.69854861824986e-10,32.04851266518431,2.384185791015625e-07,11,10,200,0.0,0.0,200,1.2027573343106589e-08
190,-513.5535820255042,7.698548401298517e-10,32.04851266518431,2.384185791015625e-07,11,10,200,0.0,0.0,200,1.254596767622778e-08
191,-513.5535820255042,7.698548184347236e-10,32.04851266518431,2.384185791015625e-07,11,10,200,0.0,0.0,200,1.2290541880161946e-08
192,-513.5535820255042,7.698547967396019e-10,32.04851266518431,2.384185791015625e-07,11,10,200,0.0,0.0,200,1.2466286286878637e-08
193,-513.5535820255042,7.698547750444865e-10,32.04851266518431,2.384185791015625e-07,11,10,200,0.0,0.0,200,1.2919219657276285e-08
194,-513.5535820255042,7.698547533493772e-10,32.04851266518431,2.384185791015625e-07,11,10,200,0.0,0.0,200,1.2343681054699974e-08
195,-513.5535820255042,7.698547316542743e-10,32.04851266518431,2.384185791015625e-07,11,10,200,0.0,0.0,200,1.2473399086549398e-08
196,-513.5535820255042,7.698547099591778e-10,32.04851266518431,2.384185791015625e-07,11,10,200,0.0,0.0,200,1.240254671219441e-08
197,-513.5535820255042,7.698546882640874e-10,32.04851266518431,2.384185791015625e-07,11,10,200,0.0,0.0,200,1.2051151189277547e-08
198,-513.5535820255042,7.698546665690035e-10,32.04851266518431,2.384185791015625e-07,11,10,200,0.0,0.0,200,1.2272249478919166e-08
199,-513.5535820255042,7.698546448739258e-10,32.04851266518431,2.384185791015625e-07,11,10,200,0.0,0.0,200,1.2618909559728887e-08
200,-513.5535820255042,7.698546231788545e-10,32.04851266518431,2.384185791015625e-07,11,10,200,0.0,0.0,200,1.2699679565961624e-08
201,-513.5535820255042,7.698546014837892e-10,32.04851266518431,2.384185791015625e-07,11,10,200,0.0,0.0,200,1.332739505261804e-08
202,-513.5535820255042,7.698545797887304e-10,32.04851266518431,2.384185791015625e-07,11,10,200,0.0,0.0,200,1.2924094482707388e-08
203,-513.5535820255042,7.698545580936779e-10,32.04851266518431,2.384185791015625e-07,11,10,200,0.0,0.0,200,1.2572411695443245e-08
204,-513.5535820255042,7.698545363986317e-10,32.04851266518431,2.384185791015625e-07,11,10,200,0.0,0.0,200,1.2724217631143848e-08
205,-513.5535820255042,7.698545147035919e-10,32.04851266518431,2.384185791015625e-07,11,10,200,0.0,0.0,200,1.2977973748507026e-08
206,-513.5535820255042,7.698544930085582e-10,32.04851266518431,2.384185791015625e-07,11,10,200,0.0,0.0,200,1.2477233760664093e-08
207,-513.5535820255042,7.698544713135309e-10,32.04851266518431,2.384185791015625e-07,11,10,200,0.0,0.0,200,1.2393610884673094e-08
208,-513.5535820255042,7.698544496185098e-10,32.04851266518431,2.384185791015625e-07,11,10,200,0.0,0.0,200,1.206046767138044e-08
209,-513.5535820255042,7.698544279234951e-10,32.04851266518431,2.384185791015625e-07,11,10,200,0.0,0.0,200,1.2713254734018151e-08
210,-513.5535820255042,7.698544062284866e-10,32.04851266518431,2.384185791015625e-07,11,10,200,0.0,0.0,200,1.2659222656906057e-08
211,-513.5535820255042,7.698543845334846e-10,32.04851266518431,2.384185791015625e-07,11,10,200,0.0,0.0,200,1.2199136412722285e-08
212,-513.5535820255042,7.698543628384886e-10,32.04851266518431,2.384185791015625e-07,11,10,200,0.0,0.0,200,1.2051640386309318e-08
213,-513.5535820255042,7.698543411434991e-10,32.04851266518431,2.384185791015625e-07,11,10,200,0.0,0.0,200,1.1389481091770825e-08
214,-513.5535820255042,7.698543194485158e-10,32.04851266518431,2.384185791015625e-07,11,10,200,0.0,0.0,200,1.2096347559889502e-08
215,-513.5535820255042,7.69854297753539e-10,32.04851266518431,2.384185791015625e-07,11,10,200,0.0,0.0,200,1.230754023691197e-08
216,-513.5535820255042,7.698542760585682e-10,32.04851266518431,2.384185791015625e-07,11,10,200,0.0,0.0,200,1.293371389376895e-08
217,-513.5535820255042,7.698542543636039e-10,32.04851266518431,2.384185791015625e-07,11,10,200,0.0,0.0,200,1.244082812688104e-08
218,-513.5535820255042,7.698542326686458e-10,32.04851266518431,2.384185791015625e-07,11,10,200,0.0,0.0,200,1.3204726586988165e-08
219,-513.5535820255042,7.69854210973694e-10,32.04851266518431,2.384185791015625e-07,11,10,200,0.0,0.0,200,1.2880579835782807e-08
220,-513.5535820255042,7.698541892787485e-10,32.04851266518431,2.384185791015625e-07,11,10,200,0.0,0.0,200,1.3326520961496938e-08
221,-513.5535820255042,7.698541675838093e-10,32.04851266518431,2.384185791015625e-07,11,10,200,0.0,0.0,200,1.3251382664346956e-08
222,-513.5535820255042,7.698541458888764e-10,32.04851266518431,2.384185791015625e-07,11,10,200,0.0,0.0,200,1.2896436902957131e-08
223,-513.5535820255042,7.698541241939498e-10,32.04851266518431,2.384185791015625e-07,11,10,200,0.0,0.0,200,1.250570346392373e-08
224,-513.5535820255042,7.698541024990295e-10,32.04851266518431,2.384185791015625e-07,11,10,200,0.0,0.0,200,1.2354074601848993e-08
225,-513.5535820255042,7.698540808041156e-10,32.04851266518431,2.384185791015625e-07,11,10,200,0.0,0.0,200,1.2885842361042352e-08
226,-513.5535820255042,7.698540591092078e-10,32.04851266518431,2.384185791015625e-07,11,10,200,0.0,0.0,200,1.1530209597436892e-08
227,-513.5535820255042,7.698540374143064e-10,32.04851266518431,2.384185791015625e-07,11,10,200,0.0,0.0,200,1.2108160161860106e-08
228,-513.5535820255042,7.698540157194113e-10,32.04851266518431,2.384185791015625e-07,11,10,200,0.0,0.0,200,1.2818842741395977e-08
229,-513.5535820255042,7.698539940245224e-10,32.04851266518431,2.384185791015625e-07,11,10,200,0.0,0.0,200,1.275558070666227e-08
230,-513.5535820255042,7.698539723296399e-10,32.04851266518431,2.384185791015625e-07,11,10,200,0.0,0.0,200,1.3226392818902215e-08
231,-513.5535820255042,7.698539506347637e-10,32.04851266518431,2.384185791015625e-07,11,10,200,0.0,0.0,200,1.2471320458548515e-08
232,-513.5535820255042,7.698539289398937e-10,32.04851266518431,2.384185791015625e-07,11,10,200,0.0,0.0,200,1.2821766946115988e-08
233,-513.5535820255042,7.698539072450301e-10,32.04851266518431,2.384185791015625e-07,11,10,200,0.0,0.0,200,1.3212689809951296e-08
234,-513.5535820255042,7.698538855501728e-10,32.04851266518431,2.384185791015625e-07,11,10,200,0.0,0.0,200,1.2499333748912494e-08
235,-513.5535820255042,7.698538638553218e-10,32.04851266518431,2.384185791015625e-07,11,10,200,0.0,0.0,200,1.271449990653659e-08
236,-513.5535820255042,7.69853842160477e-10,32.04851266518431,2.384185791015625e-07,11,10,200,0.0,0.0,200,1.2975425868346373e-08
237,-513.5535820255042,7.698538204656385e-10,32.04851266518431,2.384185791015625e-07,11,10,200,0.0,0.0,200,1.3934451953853383e-08
238,-513.5535820255042,7.698537987708064e-10,32.04851266518431,2.384185791015625e-07,11,10,200,0.0,0.0,200,1.2001460484746803e-08
239,-513.5535820255042,7.698537770759805e-10,32.04851266518431,2.384185791015625e-07,11,10,200,0.0,0.0,200,1.3112264916477188e-08
240,-513.5535820255042,7.698537553811609e-10,32.04851266518431,2.384185791015625e-07,11,10,200,0.0,0.0,200,1.2838543792001119e-08
241,-513.5535820255042,7.698537336863476e-10,32.04851266518431,2.384185791015625e-07,11,10,200,0.0,0.0,200,1.2346356253081703e-08
242,-513.5535820255042,7.698537119915407e-10,32.04851266518431,2.384185791015625e-07,11,10,200,0.0,0.0,200,1.2162644118919978e-08
243,-513.5535820255042,7.6985369029674e-10,32.04851266518431,2.384185791015625e-07,11,10,200,0.0,0.0,200,1.2503076215319199e-08
244,-513.5535820255042,7.698536686019456e-10,32.04851266518431,2.384185791015625e-07,11,10,200,0.0,0.0,200,1.2266916808206986e-08
245,-513.5535820255042,7.698536469071575e-10,32.04851266518431,2.384185791015625e-07,11,10,200,0.0,0.0,200,1.2908432104754978e-08
246,-513.5535820255042,7.698536252123757e-10,32.04851266518431,2.384185791015625e-07,11,10,200,0.0,0.0,200,1.2844382607396327e-08
247,-513.5535820255042,7.698536035176002e-10,32.04851266518431,2.384185791015625e-07,11,10,200,0.0,0.0,200,1.3592572403051113e-08
248,-513.5535820255042,7.698535818228309e-10,32.04851266518431,2.384185791015625e-07,11,10,200,0.0,0.0,200,1.2767118727236476e-08
249,-513.5535820255042,7.698535601280682e-10,32.04851266518431,2.384185791015625e-07,11,10,200,0.0,0.0,200,1.2471183664751138e-08
250,-513.5535820255042,7.698535384333115e-10,32.04851266518431,2.384185791015625e-07,11,10,200,0.0,0.0,200,1.2490885541383276e-08
251,-513.5535820255042,7.698535167385612e-10,32.04851266518431,2.384185791015625e-07,11,10,200,0.0,0.0,200,1.233865326229001e-08
252,-513.5535820255042,7.698534950438171e-10,32.04851266518431,2.384185791015625e-07,11,10,200,0.0,0.0,200,1.2819068149108895e-08
253,-513.5535820255042,7.698534733490794e-10,32.04851266518431,2.384185791015625e-07,11,10,200,0.0,0.0,200,1.2572727546105044e-08
254,-513.5535820255042,7.69853451654348e-10,32.04851266518431,2.384185791015625e-07,11,10,200,0.0,0.0,200,1.195319270021911e-08
255,-513.5535820255042,7.698534299596229e-10,32.04851266518431,2.384185791015625e-07,11,10,200,0.0,0.0,200,1.2247272793411734e-08
256,-513.5535820255042,7.698534082649041e-10,32.04851266518431,2.384185791015625e-07,11,10,200,0.0,0.0,200,1.2162715887368633e-08
257,-513.5535820255042,7.698533865701915e-10,32.04851266518431,2.384185791015625e-07,11,10,200,0.0,0.0,200,1.2409455396011934e-08
258,-513.5535820255042,7.698533648754852e-10,32.04851266518431,2.384185791015625e-07,11,10,200,0.0,0.0,200,1.2365931310274492e-08
259,-513.5535820255042,7.698533431807854e-10,32.04851266518431,2.384185791015625e-07,11,10,200,0.0,0.0,200,1.2371809994409135e-08
260,-513.5535820255042,7.698533214860917e-10,32.04851266518431,2.384185791015625e-07,11,10,200,0.0,0.0,200,1.2564757398592925e-08
261,-513.5535820255042,7.698532997914043e-10,32.04851266518431,2.384185791015625e-07,11,10,200,0.0,0.0,200,1.2682189473475734e-08
262,-513.5535820255042,7.698532780967232e-10,32.04851266518431,2.384185791015625e-07,11,10,200,0.0,0.0,200,1.3125928554630498e-08
263,-513.5535820255042,7.698532564020485e-10,32.04851266518431,2.384185791015625e-07,11,10,200,0.0,0.0,200,1.3166091267858324e-08
264,-513.5535820255042,7.698532347073799e-10,32.04851266518431,2.384185791015625e-07,11,10,200,0.0,0.0,200,1.2458415766091853e-08
265,-513.5535820255042,7.698532130127178e-10,32.04851266518431,2.384185791015625e-07,11,10,200,0.0,0.0,200,1.2742022550080207e-08
266,-513.5535820255042,7.698531913180619e-10,32.04851266518431,2.384185791015625e-07,11,10,200,0.0,0.0,200,1.2913558912858965e-08
267,-513.5535820255042,7.698531696234123e-10,32.04851266518431,2.384185791015625e-07,11,10,200,0.0,0.0,200,1.283695416267366e-08
268,-513.5535820255042,7.698531479287691e-10,32.04851266518431,2.384185791015625e-07,11,10,200,0.0,0.0,200,1.2707888437397957e-08
269,-513.5535820255042,7.698531262341321e-10,32.04851266518431,2.384185791015625e-07,11,10,200,0.0,0.0,200,1.3042977620973544e-08
270,-513.5535820255042,7.698531045395014e-10,32.04851266518431,2.384185791015625e-07,11,10,200,0.0,0.0,200,1.2868619385797584e-08
271,-513.5535820255042,7.698530828448769e-10,32.04851266518431,2.384185791015625e-07,11,10,200,0.0,0.0,200,1.2266097557873544e-08
272,-513.5535820255042,7.698530611502589e-10,32.04851266518431,2.384185791015625e-07,11,10,200,0.0,0.0,200,1.3806612193858304e-08
273,-513.5535820255042,7.698530394556471e-10,32.04851266518431,2.384185791015625e-07,11,10,200,0.0,0.0,200,1.2471406251580333e-08
274,-513.5535820255042,7.698530177610415e-10,32.04851266518431,2.384185791015625e-07,11,10,200,0.0,0.0,200,1.2720010546711132e-08
275,-513.5535820255042,7.698529960664423e-10,32.04851266518431,2.384185791015625e-07,11,10,200,0.0,0.0,200,1.2321888646916805e-08
276,-513.5535820255042,7.698529743718494e-10,32.04851266518431,2.384185791015625e-07,11,10,200,0.0,0.0,200,1.3077173981663662e-08
277,-513.5535820255042,7.698529526772628e-10,32.04851266518431,2.384185791015625e-07,11,10,200,0.0,0.0,200,1.3087825394091092e-08
278,-513.5535820255042,7.698529309826824e-10,32.04851266518431,2.384185791015625e-07,11,10,200,0.0,0.0,200,1.2579409158886835e-08
279,-513.5535820255042,7.698529092881084e-10,32.04851266518431,2.384185791015625e-07,11,10,200,0.0,0.0,200,1.2681008150875905e-08
280,-513.5535820255042,7.698528875935407e-10,32.04851266518431,2.384185791015625e-07,11,10,200,0.0,0.0,200,1.1876819223699282e-08
281,-513.5535820255042,7.698528658989792e-10,32.04851266518431,2.384185791015625e-07,11,10,200,0.0,0.0,200,1.238560342838645e-08
282,-513.5535820255042,7.69852844204424e-10,32.04851266518431,2.384185791015625e-07,11,10,200,0.0,0.0,200,1.2103064618484558e-08
283,-513.5535820255042,7.698528225098752e-10,32.04851266518431,2.384185791015625e-07,11,10,200,0.0,0.0,200,1.2616873590733067e-08
284,-513.5535820255042,7.698528008153326e-10,32.04851266518431,2.384185791015625e-07,11,10,200,0.0,0.0,200,1.2854683480040878e-08
285,-513.5535820255042,7.698527791207964e-10,32.04851266518431,2.384185791015625e-07,11,10,200,0.0,0.0,200,1.2137536964881804e-08
286,-513.5535820255042,7.698527574262664e-10,32.04851266518431,2.384185791015625e-07,11,10,200,0.0,0.0,200,1.2102885570793957e-08
287,-513.5535820255042,7.698527357317428e-10,32.04851266518431,2.384185791015625e-07,11,10,200,0.0,0.0,200,1.3025310003306041e-08
288,-513.5535820255042,7.698527140372254e-10,32.04851266518431,2.384185791015625e-07,11,10,200,0.0,0.0,200,1.2569480018341588e-08
289,-513.5535820255042,7.698526923427143e-10,32.04851266518431,2.384185791015625e-07,11,10,200,0.0,0.0,200,1.2115578249877853e-08
290,-513.5535820255042,7.698526706482095e-10,32.04851266518431,2.384185791015625e-07,11,10,200,0.0,0.0,200,1.2158440176175597e-08
291,-513.5535820255042,7.698526489537111e-10,32.04851266518431,2.384185791015625e-07,11,10,200,0.0,0.0,200,1.2551452107227798e-08
292,-513.5535820255042,7.698526272592188e-10,32.04851266518431,2.384185791015625e-07,11,10,200,0.0,0.0,200,1.3242642273514075e-08
293,-513.5535820255042,7.69852605564733e-10,32.04851266518431,2.384185791015625e-07,11,10,200,0.0,0.0,200,1.3270278938587804e-08
294,-513.5535820255042,7.698525838702534e-10,32.04851266518431,2.384185791015625e-07,11,10,200,0.0,0.0,200,1.258475860655914e-08
295,-513.5535820255042,7.698525621757801e-10,32.04851266518431,2.384185791015625e-07,11,10,200,0.0,0.0,200,1.228295015929779e-08
296,-513.5535820255042,7.698525404813131e-10,32.04851266518431,2.384185791015625e-07,11,10,200,0.0,0.0,200,1.2870085291968666e-08
297,-513.5535820255042,7.698525187868523e-10,32.04851266518431,2.384185791015625e-07,11,10,200,0.0,0.0,200,1.2585270328186442e-08
298,-513.5535820255042,7.698524970923979e-10,32.04851266518431,2.384185791015625e-07,11,10,200,0.0,0.0,200,1.2414825993763448e-08
299,-513.5535820255042,7.698524753979498e-10,32.04851266518431,2.384185791015625e-07,11,10,200,0.0,0.0,200,1.2702290522144006e-08
300,-513.5535820255042,7.69852453703508e-10,32.04851266518431,2.384185791015625e-07,11,10,200,0.0,0.0,200,1.2184614425982447e-08
301,-513.5535820255042,7.698524320090725e-10,32.04851266518431,2.384185791015625e-07,11,10,200,0.0,0.0,200,1.1661470363130095e-08
302,-513.5535820255042,7.698524103146432e-10,32.04851266518431,2.384185791015625e-07,11,10,200,0.0,0.0,200,1.2019285660172317e-08
303,-513.5535820255042,7.698523886202203e-10,32.04851266518431,2.384185791015625e-07,11,10,200,0.0,0.0,200,1.2427402776830916e-08
304,-513.5535820255042,7.698523669258036e-10,32.04851266518431,2.384185791015625e-07,11,10,200,0.0,0.0,200,1.2328856088176392e-08
305,-513.5535820255042,7.698523452313933e-10,32.04851266518431,2.384185791015625e-07,11,10,200,0.0,0.0,200,1.2612966715421382e-08
306,-513.5535820255042,7.698523235369892e-10,32.04851266518431,2.384185791015625e-07,11,10,200,0.0,0.0,200,1.2221211741941733e-08
307,-513.5535820255042,7.698523018425914e-10,32.04851266518431,2.384185791015625e-07,11,10,200,0.0,0.0,200,1.1750202470414887e-08
308,-513.5535820255042,7.698522801482001e-10,32.04851266518431,2.384185791015625e-07,11,10,200,0.0,0.0,200,1.298875804869064e-08
309,-513.5535820255042,7.698522584538148e-10,32.04851266518431,2.384185791015625e-07,11,10,200,0.0,0.0,200,1.3296822194872732e-08
310,-513.5535820255042,7.69852236759436e-10,32.04851266518431,2.384185791015625e-07,11,10,200,0.0,0.0,200,1.2816848215224838e-08
311,-513.5535820255042,7.698522150650634e-10,32.04851266518431,2.384185791015625e-07,11,10,200,0.0,0.0,200,1.260544374584399e-08
312,-513.5535820255042,7.698521933706971e-10,32.04851266518431,2.384185791015625e-07,11,10,200,0.0,0.0,200,1.2485681389065286e-08
313,-513.5535820255042,7.698521716763372e-10,32.04851266518431,2.384185791015625e-07,11,10,200,0.0,0.0,200,1.2102444750676583e-08
314,-513.5535820255042,7.698521499819834e-10,32.04851266518431,2.384185791015625e-07,11,10,200,0.0,0.0,200,1.1933714472524266e-08
315,-513.5535820255042,7.698521282876361e-10,32.04851266518431,2.384185791015625e-07,11,10,200,0.0,0.0,200,1.2661966012132748e-08
316,-513.5535820255042,7.69852106593295e-10,32.04851266518431,2.384185791015625e-07,11,10,200,0.0,0.0,200,1.2114942679420945e-08
317,-513.5535820255042,7.698520848989602e-10,32.04851266518431,2.384185791015625e-07,11,10,200,0.0,0.0,200,1.2529955269053429e-08
318,-513.5535820255042,7.698520632046317e-10,32.04851266518431,2.384185791015625e-07,11,10,200,0.0,0.0,200,1.2974591125525916e-08
319,-513.5535820255042,7.698520415103095e-10,32.04851266518431,2.384185791015625e-07,11,10,200,0.0,0.0,200,1.1909727344158724e-08
320,-513.5535820255042,7.698520198159937e-10,32.04851266518431,2.384185791015625e-07,11,10,200,0.0,0.0,200,1.1581302184842329e-08
321,-513.5535820255042,7.69851998121684e-10,32.04851266518431,2.384185791015625e-07,11,10,200,0.0,0.0,200,1.2035152399306104e-08
322,-513.5535820255042,7.698519764273807e-10,32.04851266518431,2.384185791015625e-07,11,10,200,0.0,0.0,200,1.2647027682137602e-08
323,-513.5535820255042,7.698519547330836e-10,32.04851266518431,2.384185791015625e-07,11,10,200,0.0,0.0,200,1.2489065457860192e-08
324,-513.5535820255042,7.698519330387928e-10,32.04851266518431,2.384185791015625e-07,11,10,200,0.0,0.0,200,1.2384579277496503e-08
325,-513.5535820255042,7.698519113445085e-10,32.04851266518431,2.384185791015625e-07,11,10,200,0.0,0.0,200,1.2027548544503664e-08
326,-513.5535820255042,7.698518896502303e-10,32.04851266518431,2.384185791015625e-07,11,10,200,0.0,0.0,200,1.2066609807801398e-08
327,-513.5535820255042,7.698518679559585e-10,32.04851266518431,2.384185791015625e-07,11,10,200,0.0,0.0,200,1.1256787361366028e-08
328,-513.5535820255042,7.698518462616929e-10,32.04851266518431,2.384185791015625e-07,11,10,200,0.0,0.0,200,1.2462487290179814e-08
329,-513.5535820255042,7.698518245674337e-10,32.04851266518431,2.384185791015625e-07,11,10,200,0.0,0.0,200,1.2533414804286735e-08
330,-513.5535820255042,7.698518028731807e-10,32.04851266518431,2.384185791015625e-07,11,10,200,0.0,0.0,200,1.2483221599546809e-08
331,-513.5535820255042,7.698517811789342e-10,32.04851266518431,2.384185791015625e-07,11,10,200,0.0,0.0,200,1.3129125234709698e-08
332,-513.5535820255042,7.698517594846937e-10,32.04851266518431,2.384185791015625e-07,11,10,200,0.0,0.0,200,1.2805437282359353e-08
333,-513.5535820255042,7.698517377904597e-10,32.04851266518431,2.384185791015625e-07,11,10,200,0.0,0.0,200,1.2943466894160972e-08
334,-513.5535820255042,7.698517160962319e-10,32.04851266518431,2.384185791015625e-07,11,10,200,0.0,0.0,200,1.234914602951952e-08
335,-513.5535820255042,7.698516944020104e-10,32.04851266518431,2.384185791015625e-07,11,10,200,0.0,0.0,200,1.2890205787358582e-08
336,-513.5535820255042,7.698516727077953e-10,32.04851266518431,2.384185791015625e-07,11,10,200,0.0,0.0,200,1.219553455912766e-08
337,-513.5535820255042,7.698516510135864e-10,32.04851266518431,2.384185791015625e-07,11,10,200,0.0,0.0,200,1.2789231382964633e-08
338,-513.5535820255042,7.698516293193838e-10,32.04851266518431,2.384185791015625e-07,11,10,200,0.0,0.0,200,1.2539137026048164e-08
339,-513.5535820255042,7.698516076251875e-10,32.04851266518431,2.384185791015625e-07,11,10,200,0.0,0.0,200,1.2521189300195892e-08
340,-513.5535820255042,7.698515859309975e-10,32.04851266518431,2.384185791015625e-07,11,10,200,0.0,0.0,200,1.2346257453611251e-08
341,-513.5535820255042,7.698515642368138e-10,32.04851266518431,2.384185791015625e-07,11,10,200,0.0,0.0,200,1.3054627800757083e-08
342,-513.5535820255042,7.698515425426364e-10,32.04851266518431,2.384185791015625e-07,11,10,200,0.0,0.0,200,1.2590524734856133e-08
343,-513.5535820255042,7.698515208484652e-10,32.04851266518431,2.384185791015625e-07,11,10,200,0.0,0.0,200,1.2828008759095955e-08
344,-513.5535820255042,7.698514991543005e-10,32.04851266518431,2.384185791015625e-07,11,10,200,0.0,0.0,200,1.3145741441474481e-08
345,-513.5535820255042,7.69851477460142e-10,32.04851266518431,2.384185791015625e-07,11,10,200,0.0,0.0,200,1.2798873090696195e-08
346,-513.5535820255042,7.698514557659898e-10,32.04851266518431,2.384185791015625e-07,11,10,200,0.0,0.0,200,1.3416089006335214e-08
347,-513.5535820255042,7.698514340718439e-10,32.04851266518431,2.384185791015625e-07,11,10,200,0.0,0.0,200,1.2741564228319183e-08
348,-513.5535820255042,7.698514123777042e-10,32.04851266518431,2.384185791015625e-07,11,10,200,0.0,0.0,200,1.2198608215767285e-08
349,-513.5535820255042,7.698513906835709e-10,32.04851266518431,2.384185791015625e-07,11,10,200,0.0,0.0,200,1.22035705353797e-08
350,-513.5535820255042,7.698513689894439e-10,32.04851266518431,2.384185791015625e-07,11,10,200,0.0,0.0,200,1.2225904434007189e-08
351,-513.5535820255042,7.698513472953231e-10,32.04851266518431,2.384185791015625e-07,11,10,200,0.0,0.0,200,1.302590962018735e-08
352,-513.5535820255042,7.698513256012087e-10,32.04851266518431,2.384185791015625e-07,11,10,200,0.0,0.0,200,1.3358920053767635e-08
353,-513.5535820255042,7.698513039071004e-10,32.04851266518431,2.384185791015625e-07,11,10,200,0.0,0.0,200,1.2984596796926889e-08
354,-513.5535820255042,7.698512822129987e-10,32.04851266518431,2.384185791015625e-07,11,10,200,0.0,0.0,200,1.2552703874152358e-08
355,-513.5535820255042,7.698512605189031e-10,32.04851266518431,2.384185791015625e-07,11,10,200,0.0,0.0,200,1.1483761707861217e-08
356,-513.5535820255042,7.698512388248138e-10,32.04851266518431,2.384185791015625e-07,11,10,200,0.0,0.0,200,1.2328444088785607e-08
357,-513.5535820255042,7.698512171307308e-10,32.04851266518431,2.384185791015625e-07,11,10,200,0.0,0.0,200,1.281427576021381e-08
358,-513.5535820255042,7.698511954366542e-10,32.04851266518431,2.384185791015625e-07,11,10,200,0.0,0.0,200,1.2636225399241529e-08
359,-513.5535820255042,7.698511737425839e-10,32.04851266518431,2.384185791015625e-07,11,10,200,0.0,0.0,200,1.3380127312716614e-08
360,-513.5535820255042,7.698511520485198e-10,32.04851266518431,2.384185791015625e-07,11,10,200,0.0,0.0,200,1.3310289223029301e-08
361,-513.5535820255042,7.69851130354462e-10,32.04851266518431,2.384185791015625e-07,11,10,200,0.0,0.0,200,1.2769029325612458e-08
362,-513.5535820255042,7.698511086604104e-10,32.04851266518431,2.384185791015625e-07,11,10,200,0.0,0.0,200,1.2838220847365818e-08
363,-513.5535820255042,7.698510869663653e-10,32.04851266518431,2.384185791015625e-07,11,10,200,0.0,0.0,200,1.2772574644095867e-08
364,-513.5535820255042,7.698510652723264e-10,32.04851266518431,2.384185791015625e-07,11,10,200,0.0,0.0,200,1.299113660001875e-08
365,-513.5535820255042,7.698510435782939e-10,32.04851266518431,2.384185791015625e-07,11,10,200,0.0,0.0,200,1.2327160983208876e-08
366,-513.5535820255042,7.698510218842675e-10,32.04851266518431,2.384185791015625e-07,11,10,200,0.0,0.0,200,1.2704535250797872e-08
367,-513.5535820255042,7.698510001902475e-10,32.04851266518431,2.384185791015625e-07,11,10,200,0.0,0.0,200,1.288518101442726e-08
368,-513.5535820255042,7.698509784962338e-10,32.04851266518431,2.384185791015625e-07,11,10,200,0.0,0.0,200,1.3132614589691975e-08
369,-513.5535820255042,7.698509568022264e-10,32.04851266518431,2.384185791015625e-07,11,10,200,0.0,0.0,200,1.3044091167312626e-08
370,-513.5535820255042,7.698509351082252e-10,32.04851266518431,2.384185791015625e-07,11,10,200,0.0,0.0,200,1.2933530942149233e-08
371,-513.5535820255042,7.698509134142304e-10,32.04851266518431,2.384185791015625e-07,11,10,200,0.0,0.0,200,1.2463717204922819e-08
372,-513.5535820255042,7.698508917202419e-10,32.04851266518431,2.384185791015625e-07,11,10,200,0.0,0.0,200,1.2426384357447823e-08
373,-513.5535820255042,7.698508700262597e-10,32.04851266518431,2.384185791015625e-07,11,10,200,0.0,0.0,200,1.292520990103436e-08
374,-513.5535820255042,7.698508483322837e-10,32.04851266518431,2.384185791015625e-07,11,10,200,0.0,0.0,200,1.2712032201252729e-08
375,-513.5535820255042,7.698508266383142e-10,32.04851266518431,2.384185791015625e-07,11,10,200,0.0,0.0,200,1.2449747405999896e-08
376,-513.5535820255042,7.698508049443508e-10,32.04851266518431,2.384185791015625e-07,11,10,200,0.0,0.0,200,1.2983831866706086e-08
377,-513.5535820255042,7.698507832503936e-10,32.04851266518431,2.384185791015625e-07,11,10,200,0.0,0.0,200,1.2917479042820609e-08
378,-513.5535820255042,7.69850761556443e-10,32.04851266518431,2.384185791015625e-07,11,10,200,0.0,0.0,200,1.287113682031439e-08
379,-513.5535820255042,7.698507398624985e-10,32.04851266518431,2.384185791015625e-07,11,10,200,0.0,0.0,200,1.244479206836474e-08
380,-513.5535820255042,7.698507181685603e-10,32.04851266518431,2.384185791015625e-07,11,10,200,0.0,0.0,200,1.1867593110474075e-08
381,-513.5535820255042,7.698506964746285e-10,32.04851266518431,2.384185791015625e-07,11,10,200,0.0,0.0,200,1.1677551767339048e-08
382,-513.5535820255042,7.698506747807029e-10,32.04851266518431,2.384185791015625e-07,11,10,200,0.0,0.0,200,1.2709114153183385e-08
383,-513.5535820255042,7.698506530867836e-10,32.04851266518431,2.384185791015625e-07,11,10,200,0.0,0.0,200,1.2680877196695253e-08
384,-513.5535820255042,7.698506313928706e-10,32.04851266518431,2.384185791015625e-07,11,10,200,0.0,0.0,200,1.2777571725349197e-08
385,-513.5535820255042,7.69850609698964e-10,32.04851266518431,2.384185791015625e-07,11,10,200,0.0,0.0,200,1.2441514231667785e-08
386,-513.5535820255042,7.698505880050635e-10,32.04851266518431,2.384185791015625e-07,11,10,200,0.0,0.0,200,1.2328774927049021e-08
387,-513.5535820255042,7.698505663111695e-10,32.04851266518431,2.384185791015625e-07,11,10,200,0.0,0.0,200,1.2391727202151714e-08
388,-513.5535820255042,7.698505446172817e-10,32.04851266518431,2.384185791015625e-07,11,10,200,0.0,0.0,200,1.2500017831560855e-08
389,-513.5535820255042,7.698505229234001e-10,32.04851266518431,2.384185791015625e-07,11,10,200,0.0,0.0,200,1.1919352140029093e-08
390,-513.5535820255042,7.698505012295249e-10,32.04851266518431,2.384185791015625e-07,11,10,200,0.0,0.0,200,1.1983810969138433e-08
391,-513.5535820255042,7.69850479535656e-10,32.04851266518431,2.384185791015625e-07,11,10,200,0.0,0.0,200,1.1828242780604365e-08
392,-513.5535820255042,7.698504578417934e-10,32.04851266518431,2.384185791015625e-07,11,10,200,0.0,0.0,200,1.2344586404594103e-08
393,-513.5535820255042,7.698504361479371e-10,32.04851266518431,2.384185791015625e-07,11,10,200,0.0,0.0,200,1.2784803769135035e-08
394,-513.5535820255042,7.69850414454087e-10,32.04851266518431,2.384185791015625e-07,11,10,200,0.0,0.0,200,1.254183186510546e-08
395,-513.5535820255042,7.698503927602435e-10,32.04851266518431,2.384185791015625e-07,11,10,200,0.0,0.0,200,1.2137887677843658e-08
396,-513.5535820255042,7.69850371066406e-10,32.04851266518431,2.384185791015625e-07,11,10,200,0.0,0.0,200,1.28733951861517e-08
397,-513.5535820255042,7.698503493725748e-10,32.04851266518431,2.384185791015625e-07,11,10,200,0.0,0.0,200,1.2481730387056e-08
398,-513.5535820255042,7.6985032767875e-10,32.04851266518431,2.384185791015625e-07,11,10,200,0.0,0.0,200,1.2897113727699866e-08
399,-513.5535820255042,7.698503059849315e-10,32.04851266518431,2.384185791015625e-07,11,10,200,0.0,0.0,200,1.2696499678232248e-08
400,-513.5535820255042,7.698502842911192e-10,32.04851266518431,2.384185791015625e-07,11,10,200,0.0,0.0,200,1.2731756964118993e-08
401,-513.5535820255042,7.698502625973132e-10,32.04851266518431,2.384185791015625e-07,11,10,200,0.0,0.0,200,1.2869361943952851e-08
402,-513.5535820255042,7.698502409035136e-10,32.04851266518431,2.384185791015625e-07,11,10,200,0.0,0.0,200,1.2987260292311653e-08
403,-513.5535820255042,7.698502192097202e-10,32.04851266518431,2.384185791015625e-07,11,10,200,0.0,0.0,200,1.353199968848552e-08
404,-513.5535820255042,7.698501975159331e-10,32.04851266518431,2.384185791015625e-07,11,10,200,0.0,0.0,200,1.2786452329600286e-08
405,-513.5535820255042,7.698501758221524e-10,32.04851266518431,2.384185791015625e-07,11,10,200,0.0,0.0,200,1.2105933503391596e-08
406,-513.5535820255042,7.698501541283779e-10,32.04851266518431,2.384185791015625e-07,11,10,200,0.0,0.0,200,1.2511459428455726e-08
407,-513.5535820255042,7.698501324346098e-10,32.04851266518431,2.384185791015625e-07,11,10,200,0.0,0.0,200,1.1963459780670753e-08
408,-513.5535820255042,7.698501107408478e-10,32.04851266518431,2.384185791015625e-07,11,10,200,0.0,0.0,200,1.2343659763900555e-08
409,-513.5535820255042,7.698500890470924e-10,32.04851266518431,2.384185791015625e-07,11,10,200,0.0,0.0,200,1.2034451744672518e-08
410,-513.5535820255042,7.69850067353343e-10,32.04851266518431,2.384185791015625e-07,11,10,200,0.0,0.0,200,1.1549737968652507e-08
411,-513.5535820255042,7.698500456596e-10,32.04851266518431,2.384185791015625e-07,11,10,200,0.0,0.0,200,1.1945240409330997e-08
412,-513.5535820255042,7.698500239658633e-10,32.04851266518431,2.384185791015625e-07,11,10,200,0.0,0.0,200,1.2664142896167589e-08
413,-513.5535820255042,7.698500022721329e-10,32.04851266518431,2.384185791015625e-07,11,10,200,0.0,0.0,200,1.2463196538771095e-08
414,-513.5535820255042,7.698499805784087e-10,32.04851266518431,2.384185791015625e-07,11,10,200,0.0,0.0,200,1.3142577822087407e-08
415,-513.5535820255042,7.698499588846911e-10,32.04851266518431,2.384185791015625e-07,11,10,200,0.0,0.0,200,1.2857029050583112e-08
416,-513.5535820255042,7.698499371909795e-10,32.04851266518431,2.384185791015625e-07,11,10,200,0.0,0.0,200,1.2744354332864043e-08
417,-513.5535820255042,7.698499154972743e-10,32.04851266518431,2.384185791015625e-07,11,10,200,0.0,0.0,200,1.2202673223265927e-08
418,-513.5535820255042,7.698498938035753e-10,32.04851266518431,2.384185791015625e-07,11,10,200,0.0,0.0,200,1.1817424813423956e-08
419,-513.5535820255042,7.698498721098828e-10,32.04851266518431,2.384185791015625e-07,11,10,200,0.0,0.0,200,1.2538467653834803e-08
420,-513.5535820255042,7.698498504161964e-10,32.04851266518431,2.384185791015625e-07,11,10,200,0.0,0.0,200,1.2614656035470921e-08
421,-513.5535820255042,7.698498287225164e-10,32.04851266518431,2.384185791015625e-07,11,10,200,0.0,0.0,200,1.3000593048042049e-08
422,-513.5535820255042,7.698498070288427e-10,32.04851266518431,2.384185791015625e-07,11,10,200,0.0,0.0,200,1.2533672531347435e-08
423,-513.5535820255042,7.698497853351752e-10,32.04851266518431,2.384185791015625e-07,11,10,200,0.0,0.0,200,1.3012184917241043e-08
424,-513.5535820255042,7.69849763641514e-10,32.04851266518431,2.384185791015625e-07,11,10,200,0.0,0.0,200,1.2244408588394196e-08
425,-513.5535820255042,7.698497419478592e-10,32.04851266518431,2.384185791015625e-07,11,10,200,0.0,0.0,200,1.2744445801881437e-08
426,-513.5535820255042,7.698497202542107e-10,32.04851266518431,2.384185791015625e-07,11,10,200,0.0,0.0,200,1.309693054951499e-08
427,-513.5535820255042,7.698496985605684e-10,32.04851266518431,2.384185791015625e-07,11,10,200,0.0,0.0,200,1.2597786603650025e-08
428,-513.5535820255042,7.698496768669325e-10,32.04851266518431,2.384185791015625e-07,11,10,200,0.0,0.0,200,1.2576993413443467e-08
429,-513.5535820255042,7.698496551733028e-10,32.04851266518431,2.384185791015625e-07,11,10,200,0.0,0.0,200,1.2687047564329982e-08
430,-513.5535820255042,7.698496334796794e-10,32.04851266518431,2.384185791015625e-07,11,10,200,0.0,0.0,200,1.2931315393036484e-08
431,-513.5535820255042,7.698496117860622e-10,32.04851266518431,2.384185791015625e-07,11,10,200,0.0,0.0,200,1.182984669807644e-08
432,-513.5535820255042,7.698495900924515e-10,32.04851266518431,2.384185791015625e-07,11,10,200,0.0,0.0,200,1.2311208552783709e-08
433,-513.5535820255042,7.698495683988471e-10,32.04851266518431,2.384185791015625e-07,11,10,200,0.0,0.0,200,1.2340154081784941e-08
434,-513.5535820255042,7.698495467052488e-10,32.04851266518431,2.384185791015625e-07,11,10,200,0.0,0.0,200,1.1968935573102378e-08
435,-513.5535820255042,7.69849525011657e-10,32.04851266518431,2.384185791015625e-07,11,10,200,0.0,0.0,200,1.2717183996295291e-08
436,-513.5535820255042,7.698495033180714e-10,32.04851266518431,2.384185791015625e-07,11,10,200,0.0,0.0,200,1.2320248516730719e-08
437,-513.5535820255042,7.698494816244921e-10,32.04851266518431,2.384185791015625e-07,11,10,200,0.0,0.0,200,1.2946222913219106e-08
438,-513.5535820255042,7.698494599309191e-10,32.04851266518431,2.384185791015625e-07,11,10,200,0.0,0.0,200,1.157033120280155e-08
439,-513.5535820255042,7.698494382373523e-10,32.04851266518431,2.384185791015625e-07,11,10,200,0.0,0.0,200,1.2685014157679766e-08
440,-513.5535820255042,7.69849416543792e-10,32.04851266518431,2.384185791015625e-07,11,10,200,0.0,0.0,200,1.3095406721892557e-08
441,-513.5535820255042,7.698493948502378e-10,32.04851266518431,2.384185791015625e-07,11,10,200,0.0,0.0,200,1.2296426280103803e-08
442,-513.5535820255042,7.6984937315669e-10,32.04851266518431,2.384185791015625e-07,11,10,200,0.0,0.0,200,1.2259602116166344e-08
443,-513.5535820255042,7.698493514631485e-10,32.04851266518431,2.384185791015625e-07,11,10,200,0.0,0.0,200,1.2786830573789711e-08
444,-513.5535820255042,7.698493297696132e-10,32.04851266518431,2.384185791015625e-07,11,10,200,0.0,0.0,200,1.2251423627296334e-08
445,-513.5535820255042,7.698493080760844e-10,32.04851266518431,2.384185791015625e-07,11,10,200,0.0,0.0,200,1.2489644246736742e-08
446,-513.5535820255042,7.698492863825617e-10,32.04851266518431,2.384185791015625e-07,11,10,200,0.0,0.0,200,1.2405624616241881e-08
447,-513.5535820255042,7.698492646890454e-10,32.04851266518431,2.384185791015625e-07,11,10,200,0.0,0.0,200,1.2432772776063719e-08
448,-513.5535820255042,7.698492429955353e-10,32.04851266518431,2.384185791015625e-07,11,10,200,0.0,0.0,200,1.215620756686326e-08
449,-513.5535820255042,7.698492213020315e-10,32.04851266518431,2.384185791015625e-07,11,10,200,0.0,0.0,200,1.2035335090563285e-08
450,-513.5535820255042,7.698491996085341e-10,32.04851266518431,2.384185791015625e-07,11,10,200,0.0,0.0,200,1.2399704172873375e-08
451,-513.5535820255042,7.698491779150429e-10,32.04851266518431,2.384185791015625e-07,11,10,200,0.0,0.0,200,1.1989163565658894e-08
452,-513.5535820255042,7.69849156221558e-10,32.04851266518431,2.384185791015625e-07,11,10,200,0.0,0.0,200,1.1932289606709967e-08
453,-513.5535820255042,7.698491345280795e-10,32.04851266518431,2.384185791015625e-07,11,10,200,0.0,0.0,200,1.257348614087456e-08
454,-513.5535820255042,7.698491128346073e-10,32.04851266518431,2.384185791015625e-07,11,10,200,0.0,0.0,200,1.2330053489958524e-08
455,-513.5535820255042,7.698490911411412e-10,32.04851266518431,2.384185791015625e-07,11,10,200,0.0,0.0,200,1.192814551975428e-08
456,-513.5535820255042,7.698490694476817e-10,32.04851266518431,2.384185791015625e-07,11,10,200,0.0,0.0,200,1.2343182753053163e-08
457,-513.5535820255042,7.698490477542282e-10,32.04851266518431,2.384185791015625e-07,11,10,200,0.0,0.0,200,1.31145303464799e-08
458,-513.5535820255042,7.698490260607812e-10,32.04851266518431,2.384185791015625e-07,11,10,200,0.0,0.0,200,1.2462465720297924e-08
459,-513.5535820255042,7.698490043673403e-10,32.04851266518431,2.384185791015625e-07,11,10,200,0.0,0.0,200,1.2523744456629223e-08
460,-513.5535820255042,7.698489826739059e-10,32.04851266518431,2.384185791015625e-07,11,10,200,0.0,0.0,200,1.307727494560872e-08
461,-513.5535820255042,7.698489609804776e-10,32.04851266518431,2.384185791015625e-07,11,10,200,0.0,0.0,200,1.3176019771489086e-08
462,-513.5535820255042,7.698489392870557e-10,32.04851266518431,2.384185791015625e-07,11,10,200,0.0,0.0,200,1.3111699709752243e-08
463,-513.5535820255042,7.698489175936401e-10,32.04851266518431,2.384185791015625e-07,11,10,200,0.0,0.0,200,1.2503517234738476e-08
464,-513.5535820255042,7.698488959002308e-10,32.04851266518431,2.384185791015625e-07,11,10,200,0.0,0.0,200,1.2693847007651765e-08
465,-513.5535820255042,7.698488742068277e-10,32.04851266518431,2.384185791015625e-07,11,10,200,0.0,0.0,200,1.2992120474651332e-08
466,-513.5535820255042,7.69848852513431e-10,32.04851266518431,2.384185791015625e-07,11,10,200,0.0,0.0,200,1.2999121210390864e-08
467,-513.5535820255042,7.698488308200406e-10,32.04851266518431,2.384185791015625e-07,11,10,200,0.0,0.0,200,1.3130598346413547e-08
468,-513.5535820255042,7.698488091266566e-10,32.04851266518431,2.384185791015625e-07,11,10,200,0.0,0.0,200,1.2473883716217317e-08
469,-513.5535820255042,7.698487874332786e-10,32.04851266518431,2.384185791015625e-07,11,10,200,0.0,0.0,200,1.2438314278441046e-08
470,-513.5535820255042,7.698487657399071e-10,32.04851266518431,2.384185791015625e-07,11,10,200,0.0,0.0,200,1.274734161739384e-08
471,-513.5535820255042,7.698487440465419e-10,32.04851266518431,2.384185791015625e-07,11,10,200,0.0,0.0,200,1.2299099859069547e-08
472,-513.5535820255042,7.698487223531829e-10,32.04851266518431,2.384185791015625e-07,11,10,200,0.0,0.0,200,1.3078481801497799e-08
473,-513.5535820255042,7.698487006598303e-10,32.04851266518431,2.384185791015625e-07,11,10,200,0.0,0.0,200,1.2776639379971052e-08
474,-513.5535820255042,7.69848678966484e-10,32.04851266518431,2.384185791015625e-07,11,10,200,0.0,0.0,200,1.2288310922154562e-08
475,-513.5535820255042,7.698486572731439e-10,32.04851266518431,2.384185791015625e-07,11,10,200,0.0,0.0,200,1.286663703327099e-08
476,-513.5535820255042,7.698486355798102e-10,32.04851266518431,2.384185791015625e-07,11,10,200,0.0,0.0,200,1.249423776718552e-08
477,-513.5535820255042,7.698486138864827e-10,32.04851266518431,2.384185791015625e-07,11,10,200,0.0,0.0,200,1.3162126190901024e-08
478,-513.5535820255042,7.698485921931616e-10,32.04851266518431,2.384185791015625e-07,11,10,200,0.0,0.0,200,1.2472554517699105e-08
479,-513.5535820255042,7.698485704998466e-10,32.04851266518431,2.384185791015625e-07,11,10,200,0.0,0.0,200,1.2454264623272677e-08
480,-513.5535820255042,7.69848548806538e-10,32.04851266518431,2.384185791015625e-07,11,10,200,0.0,0.0,200,1.2962885764432326e-08
481,-513.5535820255042,7.698485271132358e-10,32.04851266518431,2.384185791015625e-07,11,10,200,0.0,0.0,200,1.239638456402812e-08
482,-513.5535820255042,7.698485054199398e-10,32.04851266518431,2.384185791015625e-07,11,10,200,0.0,0.0,200,1.2442489393442189e-08
483,-513.5535820255042,7.698484837266501e-10,32.04851266518431,2.384185791015625e-07,11,10,200,0.0,0.0,200,1.2602233187105155e-08
484,-513.5535820255042,7.698484620333666e-10,32.04851266518431,2.384185791015625e-07,11,10,200,0.0,0.0,200,1.3058424907164622e-08
485,-513.5535820255042,7.698484403400896e-10,32.04851266518431,2.384185791015625e-07,11,10,200,0.0,0.0,200,1.1919589598756435e-08
486,-513.5535820255042,7.698484186468187e-10,32.04851266518431,2.384185791015625e-07,11,10,200,0.0,0.0,200,1.274174351737612e-08
487,-513.5535820255042,7.698483969535543e-10,32.04851266518431,2.384185791015625e-07,11,10,200,0.0,0.0,200,1.3054580419769695e-08
488,-513.5535820255042,7.69848375260296e-10,32.04851266518431,2.384185791015625e-07,11,10,200,0.0,0.0,200,1.232618235579598e-08
489,-513.5535820255042,7.698483535670441e-10,32.04851266518431,2.384185791015625e-07,11,10,200,0.0,0.0,200,1.1789135030315244e-08
490,-513.5535820255042,7.698483318737985e-10,32.04851266518431,2.384185791015625e-07,11,10,200,0.0,0.0,200,1.277741367218592e-08
491,-513.5535820255042,7.698483101805592e-10,32.04851266518431,2.384185791015625e-07,11,10,200,0.0,0.0,200,1.2692199949457006e-08
492,-513.5535820255042,7.698482884873261e-10,32.04851266518431,2.384185791015625e-07,11,10,200,0.0,0.0,200,1.2482039165353919e-08
493,-513.5535820255042,7.698482667940994e-10,32.04851266518431,2.384185791015625e-07,11,10,200,0.0,0.0,200,1.2465455925802274e-08
494,-513.5535820255042,7.69848245100879e-10,32.04851266518431,2.384185791015625e-07,11,10,200,0.0,0.0,200,1.2611977391431587e-08
495,-513.5535820255042,7.698482234076648e-10,32.04851266518431,2.384185791015625e-07,11,10,200,0.0,0.0,200,1.2506388050252593e-08
496,-513.5535820255042,7.69848201714457e-10,32.04851266518431,2.384185791015625e-07,11,10,200,0.0,0.0,200,1.255129960682395e-08
497,-513.5535820255042,7.698481800212555e-10,32.04851266518431,2.384185791015625e-07,11,10,200,0.0,0.0,200,1.2861828098786956e-08
498,-513.5535820255042,7.698481583280602e-10,32.04851266518431,2.384185791015625e-07,11,10,200,0.0,0.0,200,1.2548969296376212e-08
499,-513.5535820255042,7.698481366348712e-10,32.04851266518431,2.384185791015625e-07,11,10,200,0.0,0.0,200,1.2357457033763591e-08
500,-513.5535820255042,7.698481149416886e-10,32.04851266518431,2.384185791015625e-07,11,10,200,0.0,0.0,200,1.3113200416181657e-08
501,-513.5535820255042,7.698480932485122e-10,32.04851266518431,2.384185791015625e-07,11,10,200,0.0,0.0,200,1.2412902830380905e-08
502,-513.5535820255042,7.698480715553421e-10,32.04851266518431,2.384185791015625e-07,11,10,200,0.0,0.0,200,1.2803595123330325e-08
503,-513.5535820255042,7.698480498621784e-10,32.04851266518431,2.384185791015625e-07,11,10,200,0.0,0.0,200,1.257051829326987e-08
504,-513.5535820255042,7.698480281690209e-10,32.04851266518431,2.384185791015625e-07,11,10,200,0.0,0.0,200,1.2203016909479788e-08
505,-513.5535820255042,7.698480064758697e-10,32.04851266518431,2.384185791015625e-07,11,10,200,0.0,0.0,200,1.263959775128473e-08
506,-513.5535820255042,7.698479847827249e-10,32.04851266518431,2.384185791015625e-07,11,10,200,0.0,0.0,200,1.3638691060136833e-08
507,-513.5535820255042,7.698479630895863e-10,32.04851266518431,2.384185791015625e-07,11,10,200,0.0,0.0,200,1.3658082826890195e-08
508,-513.5535820255042,7.69847941396454e-10,32.04851266518431,2.384185791015625e-07,11,10,200,0.0,0.0,200,1.2192743034715281e-08
509,-513.5535820255042,7.69847919703328e-10,32.04851266518431,2.384185791015625e-07,11,10,200,0.0,0.0,200,1.2029790103404245e-08
510,-513.5535820255042,7.698478980102083e-10,32.04851266518431,2.384185791015625e-07,11,10,200,0.0,0.0,200,1.3171798640592526e-08
511,-513.5535820255042,7.698478763170949e-10,32.04851266518431,2.384185791015625e-07,11,10,200,0.0,0.0,200,1.2698158519858555e-08
512,-513.5535820255042,7.698478546239878e-10,32.04851266518431,2.384185791015625e-07,11,10,200,0.0,0.0,200,1.2249157260751026e-08
513,-513.5535820255042,7.69847832930887e-10,32.04851266518431,2.384185791015625e-07,11,10,200,0.0,0.0,200,1.2652383159116259e-08
514,-513.5535820255042,7.698478112377925e-10,32.04851266518431,2.384185791015625e-07,11,10,200,0.0,0.0,200,1.2607841550328577e-08
515,-513.5535820255042,7.698477895447041e-10,32.04851266518431,2.384185791015625e-07,11,10,200,0.0,0.0,200,1.2981116598302347e-08
516,-513.5535820255042,7.698477678516223e-10,32.04851266518431,2.384185791015625e-07,11,10,200,0.0,0.0,200,1.2971160082056807e-08
517,-513.5535820255042,7.698477461585467e-10,32.04851266518431,2.384185791015625e-07,11,10,200,0.0,0.0,200,1.2426664638592413e-08
518,-513.5535820255042,7.698477244654773e-10,32.04851266518431,2.384185791015625e-07,11,10,200,0.0,0.0,200,1.2326803829810607e-08
519,-513.5535820255042,7.698477027724142e-10,32.04851266518431,2.384185791015625e-07,11,10,200,0.0,0.0,200,1.204278219326168e-08
520,-513.5535820255042,7.698476810793576e-10,32.04851266518431,2.384185791015625e-07,11,10,200,0.0,0.0,200,1.22748406013208e-08
521,-513.5535820255042,7.698476593863071e-10,32.04851266518431,2.384185791015625e-07,11,10,200,0.0,0.0,200,1.2831612894996023e-08
522,-513.5535820255042,7.698476376932628e-10,32.04851266518431,2.384185791015625e-07,11,10,200,0.0,0.0,200,1.3100144212717076e-08
523,-513.5535820255042,7.69847616000225e-10,32.04851266518431,2.384185791015625e-07,11,10,200,0.0,0.0,200,1.2164157416032676e-08
524,-513.5535820255042,7.698475943071935e-10,32.04851266518431,2.384185791015625e-07,11,10,200,0.0,0.0,200,1.171328480069663e-08
525,-513.5535820255042,7.698475726141682e-10,32.04851266518431,2.384185791015625e-07,11,10,200,0.0,0.0,200,1.2988486408814512e-08
526,-513.5535820255042,7.698475509211492e-10,32.04851266518431,2.384185791015625e-07,11,10,200,0.0,0.0,200,1.2914783145236114e-08
527,-513.5535820255042,7.698475292281366e-10,32.04851266518431,2.384185791015625e-07,11,10,200,0.0,0.0,200,1.2789974571579638e-08
528,-513.5535820255042,7.698475075351301e-10,32.04851266518431,2.384185791015625e-07,11,10,200,0.0,0.0,200,1.251124310524209e-08
529,-513.5535820255042,7.698474858421301e-10,32.04851266518431,2.384185791015625e-07,11,10,200,0.0,0.0,200,1.2768433551136127e-08
530,-513.5535820255042,7.698474641491363e-10,32.04851266518431,2.384185791015625e-07,11,10,200,0.0,0.0,200,1.2449776989526177e-08
531,-513.5535820255042,7.698474424561488e-10,32.04851266518431,2.384185791015625e-07,11,10,200,0.0,0.0,200,1.2263072841951135e-08
532,-513.5535820255042,7.698474207631677e-10,32.04851266518431,2.384185791015625e-07,11,10,200,0.0,0.0,200,1.2424557502017503e-08
533,-513.5535820255042,7.698473990701927e-10,32.04851266518431,2.384185791015625e-07,11,10,200,0.0,0.0,200,1.2124624720093407e-08
534,-513.5535820255042,7.698473773772241e-10,32.04851266518431,2.384185791015625e-07,11,10,200,0.0,0.0,200,1.2834685289966404e-08
535,-513.5535820255042,7.698473556842618e-10,32.04851266518431,2.384185791015625e-07,11,10,200,0.0,0.0,200,1.2013139697379741e-08
536,-513.5535820255042,7.698473339913059e-10,32.04851266518431,2.384185791015625e-07,11,10,200,0.0,0.0,200,1.2596259971887133e-08
537,-513.5535820255042,7.698473122983562e-10,32.04851266518431,2.384185791015625e-07,11,10,200,0.0,0.0,200,1.256476570649942e-08
538,-513.5535820255042,7.698472906054127e-10,32.04851266518431,2.384185791015625e-07,11,10,200,0.0,0.0,200,1.2501877548826674e-08
539,-513.5535820255042,7.698472689124756e-10,32.04851266518431,2.384185791015625e-07,11,10,200,0.0,0.0,200,1.3218689225371422e-08
540,-513.5535820255042,7.698472472195448e-10,32.04851266518431,2.384185791015625e-07,11,10,200,0.0,0.0,200,1.2830801050156758e-08
541,-513.5535820255042,7.698472255266202e-10,32.04851266518431,2.384185791015625e-07,11,10,200,0.0,0.0,200,1.3218033991073784e-08
542,-513.5535820255042,7.698472038337021e-10,32.04851266518431,2.384185791015625e-07,11,10,200,0.0,0.0,200,1.2850053397742318e-08
543,-513.5535820255042,7.698471821407901e-10,32.04851266518431,2.384185791015625e-07,11,10,200,0.0,0.0,200,1.218184969202447e-08
544,-513.5535820255042,7.698471604478844e-10,32.04851266518431,2.384185791015625e-07,11,10,200,0.0,0.0,200,1.268005478034822e-08
545,-513.5535820255042,7.698471387549851e-10,32.04851266518431,2.384185791015625e-07,11,10,200,0.0,0.0,200,1.3278017536612844e-08
546,-513.5535820255042,7.69847117062092e-10,32.04851266518431,2.384185791015625e-07,11,10,200,0.0,0.0,200,1.2769176663329416e-08
547,-513.5535820255042,7.698470953692052e-10,32.04851266518431,2.384185791015625e-07,11,10,200,0.0,0.0,200,1.271436525086685e-08
548,-513.5535820255042,7.698470736763248e-10,32.04851266518431,2.384185791015625e-07,11,10,200,0.0,0.0,200,1.2805107077913433e-08
549,-513.5535820255042,7.698470519834507e-10,32.04851266518431,2.384185791015625e-07,11,10,200,0.0,0.0,200,1.2525615671160658e-08
550,-513.5535820255042,7.698470302905827e-10,32.04851266518431,2.384185791015625e-07,11,10,200,0.0,0.0,200,1.2434169369893539e-08
551,-513.5535820255042,7.698470085977212e-10,32.04851266518431,2.384185791015625e-07,11,10,200,0.0,0.0,200,1.2233668258911753e-08
552,-513.5535820255042,7.698469869048659e-10,32.04851266518431,2.384185791015625e-07,11,10,200,0.0,0.0,200,1.2543118821313872e-08
553,-513.5535820255042,7.698469652120169e-10,32.04851266518431,2.384185791015625e-07,11,10,200,0.0,0.0,200,1.2879557452911736e-08
554,-513.5535820255042,7.698469435191743e-10,32.04851266518431,2.384185791015625e-07,11,10,200,0.0,0.0,200,1.256890983246879e-08
555,-513.5535820255042,7.698469218263379e-10,32.04851266518431,2.384185791015625e-07,11,10,200,0.0,0.0,200,1.2879085386459273e-08
556,-513.5535820255042,7.698469001335078e-10,32.04851266518431,2.384185791015625e-07,11,10,200,0.0,0.0,200,1.2909547230035569e-08
557,-513.5535820255042,7.69846878440684e-10,32.04851266518431,2.384185791015625e-07,11,10,200,0.0,0.0,200,1.3917302137391376e-08
558,-513.5535820255042,7.698468567478665e-10,32.04851266518431,2.384185791015625e-07,11,10,200,0.0,0.0,200,1.307102080354343e-08
559,-513.5535820255042,7.698468350550552e-10,32.04851266518431,2.384185791015625e-07,11,10,200,0.0,0.0,200,1.2698212877941625e-08
560,-513.5535820255042,7.698468133622504e-10,32.04851266518431,2.384185791015625e-07,11,10,200,0.0,0.0,200,1.2898379770400058e-08
561,-513.5535820255042,7.698467916694517e-10,32.04851266518431,2.384185791015625e-07,11,10,200,0.0,0.0,200,1.2768329746761637e-08
562,-513.5535820255042,7.698467699766595e-10,32.04851266518431,2.384185791015625e-07,11,10,200,0.0,0.0,200,1.2510545138371847e-08
563,-513.5535820255042,7.698467482838735e-10,32.04851266518431,2.384185791015625e-07,11,10,200,0.0,0.0,200,1.2458365739239998e-08
564,-513.5535820255042,7.698467265910938e-10,32.04851266518431,2.384185791015625e-07,11,10,200,0.0,0.0,200,1.2957661681393076e-08
565,-513.5535820255042,7.698467048983203e-10,32.04851266518431,2.384185791015625e-07,11,10,200,0.0,0.0,200,1.2981481003255439e-08
566,-513.5535820255042,7.698466832055532e-10,32.04851266518431,2.384185791015625e-07,11,10,200,0.0,0.0,200,1.265025808183291e-08
567,-513.5535820255042,7.698466615127923e-10,32.04851266518431,2.384185791015625e-07,11,10,200,0.0,0.0,200,1.2606678371052679e-08
568,-513.5535820255042,7.698466398200378e-10,32.04851266518431,2.384185791015625e-07,11,10,200,0.0,0.0,200,1.243334889303009e-08
569,-513.5535820255042,7.698466181272895e-10,32.04851266518431,2.384185791015625e-07,11,10,200,0.0,0.0,200,1.2762571703879701e-08
570,-513.5535820255042,7.698465964345476e-10,32.04851266518431,2.384185791015625e-07,11,10,200,0.0,0.0,200,1.25572227619199e-08
571,-513.5535820255042,7.698465747418119e-10,32.04851266518431,2.384185791015625e-07,11,10,200,0.0,0.0,200,1.3042073245975409e-08
572,-513.5535820255042,7.698465530490826e-10,32.04851266518431,2.384185791015625e-07,11,10,200,0.0,0.0,200,1.270308431545935e-08
573,-513.5535820255042,7.698465313563594e-10,32.04851266518431,2.384185791015625e-07,11,10,200,0.0,0.0,200,1.1810409786398814e-08
574,-513.5535820255042,7.698465096636428e-10,32.04851266518431,2.384185791015625e-07,11,10,200,0.0,0.0,200,1.276327802075432e-08
575,-513.5535820255042,7.698464879709323e-10,32.04851266518431,2.384185791015625e-07,11,10,200,0.0,0.0,200,1.2443058656590025e-08
576,-513.5535820255042,7.698464662782281e-10,32.04851266518431,2.384185791015625e-07,11,10,200,0.0,0.0,200,1.2274934901294013e-08
577,-513.5535820255042,7.698464445855302e-10,32.04851266518431,2.384185791015625e-07,11,10,200,0.0,0.0,200,1.2198010567039656e-08
578,-513.5535820255042,7.698464228928386e-10,32.04851266518431,2.384185791015625e-07,11,10,200,0.0,0.0,200,1.3169071250329002e-08
579,-513.5535820255042,7.698464012001534e-10,32.04851266518431,2.384185791015625e-07,11,10,200,0.0,0.0,200,1.260821074343018e-08
580,-513.5535820255042,7.698463795074743e-10,32.04851266518431,2.384185791015625e-07,11,10,200,0.0,0.0,200,1.3227018628917247e-08
581,-513.5535820255042,7.698463578148016e-10,32.04851266518431,2.384185791015625e-07,11,10,200,0.0,0.0,200,1.2237632662206107e-08
582,-513.5535820255042,7.698463361221352e-10,32.04851266518431,2.384185791015625e-07,11,10,200,0.0,0.0,200,1.1812236408196411e-08
583,-513.5535820255042,7.698463144294752e-10,32.04851266518431,2.384185791015625e-07,11,10,200,0.0,0.0,200,1.1688319222119934e-08
584,-513.5535820255042,7.698462927368214e-10,32.04851266518431,2.384185791015625e-07,11,10,200,0.0,0.0,200,1.2493563858637448e-08
585,-513.5535820255042,7.698462710441739e-10,32.04851266518431,2.384185791015625e-07,11,10,200,0.0,0.0,200,1.2750687462345912e-08
586,-513.5535820255042,7.698462493515326e-10,32.04851266518431,2.384185791015625e-07,11,10,200,0.0,0.0,200,1.2402868395022639e-08
587,-513.5535820255042,7.698462276588978e-10,32.04851266518431,2.384185791015625e-07,11,10,200,0.0,0.0,200,1.2153583605698165e-08
588,-513.5535820255042,7.698462059662691e-10,32.04851266518431,2.384185791015625e-07,11,10,200,0.0,0.0,200,1.25219480612909e-08
589,-513.5535820255042,7.698461842736468e-10,32.04851266518431,2.384185791015625e-07,11,10,200,0.0,0.0,200,1.2218540176945504e-08
590,-513.5535820255042,7.698461625810307e-10,32.04851266518431,2.384185791015625e-07,11,10,200,0.0,0.0,200,1.2545475124547941e-08
591,-513.5535820255042,7.69846140888421e-10,32.04851266518431,2.384185791015625e-07,11,10,200,0.0,0.0,200,1.2944823695865276e-08
592,-513.5535820255042,7.698461191958176e-10,32.04851266518431,2.384185791015625e-07,11,10,200,0.0,0.0,200,1.2822236778272877e-08
593,-513.5535820255042,7.698460975032203e-10,32.04851266518431,2.384185791015625e-07,11,10,200,0.0,0.0,200,1.3307809154755443e-08
594,-513.5535820255042,7.698460758106295e-10,32.04851266518431,2.384185791015625e-07,11,10,200,0.0,0.0,200,1.327854329910081e-08
595,-513.5535820255042,7.69846054118045e-10,32.04851266518431,2.384185791015625e-07,11,10,200,0.0,0.0,200,1.2818356989002246e-08
596,-513.5535820255042,7.698460324254667e-10,32.04851266518431,2.384185791015625e-07,11,10,200,0.0,0.0,200,1.2477523938931808e-08
597,-513.5535820255042,7.698460107328947e-10,32.04851266518431,2.384185791015625e-07,11,10,200,0.0,0.0,200,1.295752815607586e-08
598,-513.5535820255042,7.698459890403292e-10,32.04851266518431,2.384185791015625e-07,11,10,200,0.0,0.0,200,1.2564045793526813e-08
599,-513.5535820255042,7.698459673477698e-10,32.04851266518431,2.384185791015625e-07,11,10,200,0.0,0.0,200,1.2817705816967532e-08
600,-513.5535820255042,7.698459456552167e-10,32.04851266518431,2.384185791015625e-07,11,10,200,0.0,0.0,200,1.2509334528272516e-08
601,-513.5535820255042,7.698459239626699e-10,32.04851266518431,2.384185791015625e-07,11,10,200,0.0,0.0,200,1.3353044748079891e-08
602,-513.5535820255042,7.698459022701295e-10,32.04851266518431,2.384185791015625e-07,11,10,200,0.0,0.0,200,1.271475217174274e-08
603,-513.5535820255042,7.698458805775952e-10,32.04851266518431,2.384185791015625e-07,11,10,200,0.0,0.0,200,1.3069314026384744e-08
604,-513.5535820255042,7.698458588850674e-10,32.04851266518431,2.384185791015625e-07,11,10,200,0.0,0.0,200,1.2455226877615943e-08
605,-513.5535820255042,7.698458371925458e-10,32.04851266518431,2.384185791015625e-07,11,10,200,0.0,0.0,200,1.2326702138654768e-08
606,-513.5535820255042,7.698458155000305e-10,32.04851266518431,2.384185791015625e-07,11,10,200,0.0,0.0,200,1.2356275046738361e-08
607,-513.5535820255042,7.698457938075214e-10,32.04851266518431,2.384185791015625e-07,11,10,200,0.0,0.0,200,1.2143690369321107e-08
608,-513.5535820255042,7.698457721150188e-10,32.04851266518431,2.384185791015625e-07,11,10,200,0.0,0.0,200,1.2725897623772272e-08
609,-513.5535820255042,7.698457504225223e-10,32.04851266518431,2.384185791015625e-07,11,10,200,0.0,0.0,200,1.299673666177567e-08
610,-513.5535820255042,7.698457287300323e-10,32.04851266518431,2.384185791015625e-07,11,10,200,0.0,0.0,200,1.2948593215174954e-08
611,-513.5535820255042,7.698457070375485e-10,32.04851266518431,2.384185791015625e-07,11,10,200,0.0,0.0,200,1.2744876551578963e-08
612,-513.5535820255042,7.698456853450709e-10,32.04851266518431,2.384185791015625e-07,11,10,200,0.0,0.0,200,1.2480063925892347e-08
613,-513.5535820255042,7.698456636525997e-10,32.04851266518431,2.384185791015625e-07,11,10,200,0.0,0.0,200,1.2162352217239183e-08
614,-513.5535820255042,7.698456419601347e-10,32.04851266518431,2.384185791015625e-07,11,10,200,0.0,0.0,200,1.2211901259863855e-08
615,-513.5535820255042,7.698456202676762e-10,32.04851266518431,2.384185791015625e-07,11,10,200,0.0,0.0,200,1.2651795233486062e-08
616,-513.5535820255042,7.698455985752238e-10,32.04851266518431,2.384185791015625e-07,11,10,200,0.0,0.0,200,1.3587358943063742e-08
617,-513.5535820255042,7.698455768827778e-10,32.04851266518431,2.384185791015625e-07,11,10,200,0.0,0.0,200,1.3637299910056034e-08
618,-513.5535820255042,7.69845555190338e-10,32.04851266518431,2.384185791015625e-07,11,10,200,0.0,0.0,200,1.2547608082639674e-08
619,-513.5535820255042,7.698455334979046e-10,32.04851266518431,2.384185791015625e-07,11,10,200,0.0,0.0,200,1.1683383714102542e-08
620,-513.5535820255042,7.698455118054774e-10,32.04851266518431,2.384185791015625e-07,11,10,200,0.0,0.0,200,1.2297312717616649e-08
621,-513.5535820255042,7.698454901130565e-10,32.04851266518431,2.384185791015625e-07,11,10,200,0.0,0.0,200,1.1942389581117614e-08
622,-513.5535820255042,7.69845468420642e-10,32.04851266518431,2.384185791015625e-07,11,10,200,0.0,0.0,200,1.2443804774792756e-08
623,-513.5535820255042,7.698454467282337e-10,32.04851266518431,2.384185791015625e-07,11,10,200,0.0,0.0,200,1.2723548205799142e-08
624,-513.5535820255042,7.698454250358318e-10,32.04851266518431,2.384185791015625e-07,11,10,200,0.0,0.0,200,1.2920337058464766e-08
625,-513.5535820255042,7.698454033434361e-10,32.04851266518431,2.384185791015625e-07,11,10,200,0.0,0.0,200,1.2183407077921131e-08
626,-513.5535820255042,7.698453816510467e-10,32.04851266518431,2.384185791015625e-07,11,10,200,0.0,0.0,200,1.2227195798141574e-08
627,-513.5535820255042,7.698453599586636e-10,32.04851266518431,2.384185791015625e-07,11,10,200,0.0,0.0,200,1.2662588554495565e-08
628,-513.5535820255042,7.698453382662868e-10,32.04851266518431,2.384185791015625e-07,11,10,200,0.0,0.0,200,1.3247985602905976e-08
629,-513.5535820255042,7.698453165739164e-10,32.04851266518431,2.384185791015625e-07,11,10,200,0.0,0.0,200,1.199840425007418e-08
630,-513.5535820255042,7.698452948815521e-10,32.04851266518431,2.384185791015625e-07,11,10,200,0.0,0.0,200,1.2220294002880344e-08
631,-513.5535820255042,7.698452731891942e-10,32.04851266518431,2.384185791015625e-07,11,10,200,0.0,0.0,200,1.3302332401451177e-08
632,-513.5535820255042,7.698452514968427e-10,32.04851266518431,2.384185791015625e-07,11,10,200,0.0,0.0,200,1.3149225353954907e-08
633,-513.5535820255042,7.698452298044972e-10,32.04851266518431,2.384185791015625e-07,11,10,200,0.0,0.0,200,1.2678286520128252e-08
634,-513.5535820255042,7.698452081121583e-10,32.04851266518431,2.384185791015625e-07,11,10,200,0.0,0.0,200,1.2865089538352944e-08
635,-513.5535820255042,7.698451864198256e-10,32.04851266518431,2.384185791015625e-07,11,10,200,0.0,0.0,200,1.3220616505611008e-08
636,-513.5535820255042,7.698451647274992e-10,32.04851266518431,2.384185791015625e-07,11,10,200,0.0,0.0,200,1.3171845018332025e-08
637,-513.5535820255042,7.69845143035179e-10,32.04851266518431,2.384185791015625e-07,11,10,200,0.0,0.0,200,1.2155009990471071e-08
638,-513.5535820255042,7.698451213428652e-10,32.04851266518431,2.384185791015625e-07,11,10,200,0.0,0.0,200,1.2313500542294052e-08
639,-513.5535820255042,7.698450996505577e-10,32.04851266518431,2.384185791015625e-07,11,10,200,0.0,0.0,200,1.2413806529163477e-08
640,-513.5535820255042,7.698450779582565e-10,32.04851266518431,2.384185791015625e-07,11,10,200,0.0,0.0,200,1.2351235261135212e-08
641,-513.5535820255042,7.698450562659615e-10,32.04851266518431,2.384185791015625e-07,11,10,200,0.0,0.0,200,1.26908880917288e-08
642,-513.5535820255042,7.698450345736729e-10,32.04851266518431,2.384185791015625e-07,11,10,200,0.0,0.0,200,1.3204474313909243e-08
643,-513.5535820255042,7.698450128813906e-10,32.04851266518431,2.384185791015625e-07,11,10,200,0.0,0.0,200,1.2660437788856823e-08
644,-513.5535820255042,7.698449911891145e-10,32.04851266518431,2.384185791015625e-07,11,10,200,0.0,0.0,200,1.3333253750721536e-08
645,-513.5535820255042,7.698449694968448e-10,32.04851266518431,2.384185791015625e-07,11,10,200,0.0,0.0,200,1.2667514915947768e-08
646,-513.5535820255042,7.698449478045812e-10,32.04851266518431,2.384185791015625e-07,11,10,200,0.0,0.0,200,1.1757568591634365e-08
647,-513.5535820255042,7.698449261123242e-10,32.04851266518431,2.384185791015625e-07,11,10,200,0.0,0.0,200,1.166699875432035e-08
648,-513.5535820255042,7.698449044200732e-10,32.04851266518431,2.384185791015625e-07,11,10,200,0.0,0.0,200,1.264485966489857e-08
649,-513.5535820255042,7.698448827278287e-10,32.04851266518431,2.384185791015625e-07,11,10,200,0.0,0.0,200,1.3221731417808813e-08
650,-513.5535820255042,7.698448610355904e-10,32.04851266518431,2.384185791015625e-07,11,10,200,0.0,0.0,200,1.2053278897465203e-08
651,-513.5535820255042,7.698448393433584e-10,32.04851266518431,2.384185791015625e-07,11,10,200,0.0,0.0,200,1.2824831361644239e-08
652,-513.5535820255042,7.698448176511328e-10,32.04851266518431,2.384185791015625e-07,11,10,200,0.0,0.0,200,1.250990916997422e-08
653,-513.5535820255042,7.698447959589133e-10,32.04851266518431,2.384185791015625e-07,11,10,200,0.0,0.0,200,1.2365762439772177e-08
654,-513.5535820255042,7.698447742667002e-10,32.04851266518431,2.384185791015625e-07,11,10,200,0.0,0.0,200,1.1865634830975179e-08
655,-513.5535820255042,7.698447525744934e-10,32.04851266518431,2.384185791015625e-07,11,10,200,0.0,0.0,200,1.3053282594679396e-08
656,-513.5535820255042,7.698447308822929e-10,32.04851266518431,2.384185791015625e-07,11,10,200,0.0,0.0,200,1.2902461611987991e-08
657,-513.5535820255042,7.698447091900988e-10,32.04851266518431,2.384185791015625e-07,11,10,200,0.0,0.0,200,1.2719706671832207e-08
658,-513.5535820255042,7.698446874979109e-10,32.04851266518431,2.384185791015625e-07,11,10,200,0.0,0.0,200,1.3106602571418207e-08
659,-513.5535820255042,7.698446658057292e-10,32.04851266518431,2.384185791015625e-07,11,10,200,0.0,0.0,200,1.3122806481579006e-08
660,-513.5535820255042,7.69844644113554e-10,32.04851266518431,2.384185791015625e-07,11,10,200,0.0,0.0,200,1.2507497786456035e-08
661,-513.5535820255042,7.698446224213849e-10,32.04851266518431,2.384185791015625e-07,11,10,200,0.0,0.0,200,1.2947562352961232e-08
662,-513.5535820255042,7.698446007292223e-10,32.04851266518431,2.384185791015625e-07,11,10,200,0.0,0.0,200,1.300536027190248e-08
663,-513.5535820255042,7.698445790370657e-10,32.04851266518431,2.384185791015625e-07,11,10,200,0.0,0.0,200,1.2778791053220582e-08
664,-513.5535820255042,7.698445573449156e-10,32.04851266518431,2.384185791015625e-07,11,10,200,0.0,0.0,200,1.2484405258562015e-08
665,-513.5535820255042,7.698445356527718e-10,32.04851266518431,2.384185791015625e-07,11,10,200,0.0,0.0,200,1.2931383858205656e-08
666,-513.5535820255042,7.698445139606343e-10,32.04851266518431,2.384185791015625e-07,11,10,200,0.0,0.0,200,1.3118036054894126e-08
667,-513.5535820255042,7.698444922685031e-10,32.04851266518431,2.384185791015625e-07,11,10,200,0.0,0.0,200,1.3380367802275264e-08
668,-513.5535820255042,7.698444705763781e-10,32.04851266518431,2.384185791015625e-07,11,10,200,0.0,0.0,200,1.2313919144480972e-08
669,-513.5535820255042,7.698444488842595e-10,32.04851266518431,2.384185791015625e-07,11,10,200,0.0,0.0,200,1.2851521983154106e-08
670,-513.5535820255042,7.698444271921471e-10,32.04851266518431,2.384185791015625e-07,11,10,200,0.0,0.0,200,1.2262219190163732e-08
671,-513.5535820255042,7.69844405500041e-10,32.04851266518431,2.384185791015625e-07,11,10,200,0.0,0.0,200,1.2193093436298757e-08
672,-513.5535820255042,7.698443838079413e-10,32.04851266518431,2.384185791015625e-07,11,10,200,0.0,0.0,200,1.2264700136493178e-08
673,-513.5535820255042,7.698443621158478e-10,32.04851266518431,2.384185791015625e-07,11,10,200,0.0,0.0,200,1.2350242580587452e-08
674,-513.5535820255042,7.698443404237606e-10,32.04851266518431,2.384185791015625e-07,11,10,200,0.0,0.0,200,1.2998616856325543e-08
675,-513.5535820255042,7.698443187316797e-10,32.04851266518431,2.384185791015625e-07,11,10,200,0.0,0.0,200,1.2434639243451593e-08
676,-513.5535820255042,7.698442970396051e-10,32.04851266518431,2.384185791015625e-07,11,10,200,0.0,0.0,200,1.3032881514868707e-08
677,-513.5535820255042,7.698442753475369e-10,32.04851266518431,2.384185791015625e-07,11,10,200,0.0,0.0,200,1.3033935619060986e-08
678,-513.5535820255042,7.698442536554748e-10,32.04851266518431,2.384185791015625e-07,11,10,200,0.0,0.0,200,1.3157315556990216e-08
679,-513.5535820255042,7.698442319634192e-10,32.04851266518431,2.384185791015625e-07,11,10,200,0.0,0.0,200,1.2508894402518726e-08
680,-513.5535820255042,7.698442102713698e-10,32.04851266518431,2.384185791015625e-07,11,10,200,0.0,0.0,200,1.1777665442309132e-08
681,-513.5535820255042,7.698441885793267e-10,32.04851266518431,2.384185791015625e-07,11,10,200,0.0,0.0,200,1.2222572431985488e-08
682,-513.5535820255042,7.698441668872899e-10,32.04851266518431,2.384185791015625e-07,11,10,200,0.0,0.0,200,1.1958475165732837e-08
683,-513.5535820255042,7.698441451952594e-10,32.04851266518431,2.384185791015625e-07,11,10,200,0.0,0.0,200,1.2864849304567921e-08
684,-513.5535820255042,7.698441235032352e-10,32.04851266518431,2.384185791015625e-07,11,10,200,0.0,0.0,200,1.2120795751383236e-08
685,-513.5535820255042,7.698441018112173e-10,32.04851266518431,2.384185791015625e-07,11,10,200,0.0,0.0,200,1.210215028355208e-08
686,-513.5535820255042,7.698440801192056e-10,32.04851266518431,2.384185791015625e-07,11,10,200,0.0,0.0,200,1.2252429285545913e-08
687,-513.5535820255042,7.698440584272003e-10,32.04851266518431,2.384185791015625e-07,11,10,200,0.0,0.0,200,1.3077284576613951e-08
688,-513.5535820255042,7.698440367352013e-10,32.04851266518431,2.384185791015625e-07,11,10,200,0.0,0.0,200,1.3095115605782469e-08
689,-513.5535820255042,7.698440150432085e-10,32.04851266518431,2.384185791015625e-07,11,10,200,0.0,0.0,200,1.3061961147400656e-08
690,-513.5535820255042,7.69843993351222e-10,32.04851266518431,2.384185791015625e-07,11,10,200,0.0,0.0,200,1.1574271989659814e-08
691,-513.5535820255042,7.69843971659242e-10,32.04851266518431,2.384185791015625e-07,11,10,200,0.0,0.0,200,1.1907328436757012e-08
692,-513.5535820255042,7.698439499672682e-10,32.04851266518431,2.384185791015625e-07,11,10,200,0.0,0.0,200,1.2719095586406339e-08
693,-513.5535820255042,7.698439282753005e-10,32.04851266518431,2.384185791015625e-07,11,10,200,0.0,0.0,200,1.2784329679517567e-08
694,-513.5535820255042,7.698439065833393e-10,32.04851266518431,2.384185791015625e-07,11,10,200,0.0,0.0,200,1.2039658824275944e-08
695,-513.5535820255042,7.698438848913844e-10,32.04851266518431,2.384185791015625e-07,11,10,200,0.0,0.0,200,1.2206975226354957e-08
696,-513.5535820255042,7.698438631994357e-10,32.04851266518431,2.384185791015625e-07,11,10,200,0.0,0.0,200,1.2301175410092522e-08
697,-513.5535820255042,7.698438415074933e-10,32.04851266518431,2.384185791015625e-07,11,10,200,0.0,0.0,200,1.2805489700889893e-08
698,-513.5535820255042,7.698438198155572e-10,32.04851266518431,2.384185791015625e-07,11,10,200,0.0,0.0,200,1.2895038063361515e-08
699,-513.5535820255042,7.698437981236275e-10,32.04851266518431,2.384185791015625e-07,11,10,200,0.0,0.0,200,1.2944663480265532e-08
700,-513.5535820255042,7.69843776431704e-10,32.04851266518431,2.384185791015625e-07,11,10,200,0.0,0.0,200,1.2556234643778582e-08
701,-513.5535820255042,7.698437547397867e-10,32.04851266518431,2.384185791015625e-07,11,10,200,0.0,0.0,200,1.27142238095399e-08
702,-513.5535820255042,7.69843733047876e-10,32.04851266518431,2.384185791015625e-07,11,10,200,0.0,0.0,200,1.2968773165662193e-08
703,-513.5535820255042,7.698437113559713e-10,32.04851266518431,2.384185791015625e-07,11,10,200,0.0,0.0,200,1.213322096627115e-08
704,-513.5535820255042,7.698436896640731e-10,32.04851266518431,2.384185791015625e-07,11,10,200,0.0,0.0,200,1.261698178746407e-08
705,-513.5535820255042,7.698436679721811e-10,32.04851266518431,2.384185791015625e-07,11,10,200,0.0,0.0,200,1.3248820970734877e-08
706,-513.5535820255042,7.698436462802954e-10,32.04851266518431,2.384185791015625e-07,11,10,200,0.0,0.0,200,1.2264875984774392e-08
707,-513.5535820255042,7.698436245884159e-10,32.04851266518431,2.384185791015625e-07,11,10,200,0.0,0.0,200,1.2427733002632664e-08
708,-513.5535820255042,7.698436028965428e-10,32.04851266518431,2.384185791015625e-07,11,10,200,0.0,0.0,200,1.2580403574586962e-08
709,-513.5535820255042,7.698435812046761e-10,32.04851266518431,2.384185791015625e-07,11,10,200,0.0,0.0,200,1.3270712391378369e-08
710,-513.5535820255042,7.698435595128155e-10,32.04851266518431,2.384185791015625e-07,11,10,200,0.0,0.0,200,1.2760128136791837e-08
711,-513.5535820255042,7.698435378209613e-10,32.04851266518431,2.384185791015625e-07,11,10,200,0.0,0.0,200,1.2681797250919117e-08
712,-513.5535820255042,7.698435161291134e-10,32.04851266518431,2.384185791015625e-07,11,10,200,0.0,0.0,200,1.2620946913896248e-08
713,-513.5535820255042,7.698434944372718e-10,32.04851266518431,2.384185791015625e-07,11,10,200,0.0,0.0,200,1.229117219985767e-08
714,-513.5535820255042,7.698434727454364e-10,32.04851266518431,2.384185791015625e-07,11,10,200,0.0,0.0,200,1.2241049548943269e-08
715,-513.5535820255042,7.698434510536073e-10,32.04851266518431,2.384185791015625e-07,11,10,200,0.0,0.0,200,1.2391271303378671e-08
716,-513.5535820255042,7.698434293617846e-10,32.04851266518431,2.384185791015625e-07,11,10,200,0.0,0.0,200,1.2527564207669792e-08
717,-513.5535820255042,7.698434076699682e-10,32.04851266518431,2.384185791015625e-07,11,10,200,0.0,0.0,200,1.2897495765066365e-08
718,-513.5535820255042,7.69843385978158e-10,32.04851266518431,2.384185791015625e-07,11,10,200,0.0,0.0,200,1.3291493477972855e-08
719,-513.5535820255042,7.698433642863542e-10,32.04851266518431,2.384185791015625e-07,11,10,200,0.0,0.0,200,1.2551745245357005e-08
720,-513.5535820255042,7.698433425945566e-10,32.04851266518431,2.384185791015625e-07,11,10,200,0.0,0.0,200,1.2152856674149595e-08
721,-513.5535820255042,7.698433209027654e-10,32.04851266518431,2.384185791015625e-07,11,10,200,0.0,0.0,200,1.2280419963016791e-08
722,-513.5535820255042,7.698432992109803e-10,32.04851266518431,2.384185791015625e-07,11,10,200,0.0,0.0,200,1.2761273918866606e-08
723,-513.5535820255042,7.698432775192017e-10,32.04851266518431,2.384185791015625e-07,11,10,200,0.0,0.0,200,1.346033427379371e-08
724,-513.5535820255042,7.698432558274293e-10,32.04851266518431,2.384185791015625e-07,11,10,200,0.0,0.0,200,1.2794631316539383e-08
725,-513.5535820255042,7.698432341356632e-10,32.04851266518431,2.384185791015625e-07,11,10,200,0.0,0.0,200,1.2506420357317988e-08
726,-513.5535820255042,7.698432124439034e-10,32.04851266518431,2.384185791015625e-07,11,10,200,0.0,0.0,200,1.2446293922034194e-08
727,-513.5535820255042,7.6984319075215e-10,32.04851266518431,2.384185791015625e-07,11,10,200,0.0,0.0,200,1.2365939060140286e-08
728,-513.5535820255042,7.698431690604028e-10,32.04851266518431,2.384185791015625e-07,11,10,200,0.0,0.0,200,1.2004339790981776e-08
729,-513.5535820255042,7.698431473686619e-10,32.04851266518431,2.384185791015625e-07,11,10,200,0.0,0.0,200,1.328699175575484e-08
730,-513.5535820255042,7.698431256769274e-10,32.04851266518431,2.384185791015625e-07,11,10,200,0.0,0.0,200,1.2681752301393749e-08
731,-513.5535820255042,7.698431039851991e-10,32.04851266518431,2.384185791015625e-07,11,10,200,0.0,0.0,200,1.3005277292094149e-08
732,-513.5535820255042,7.69843082293477e-10,32.04851266518431,2.384185791015625e-07,11,10,200,0.0,0.0,200,1.2586980406029506e-08
733,-513.5535820255042,7.698430606017614e-10,32.04851266518431,2.384185791015625e-07,11,10,200,0.0,0.0,200,1.2242190114243608e-08
734,-513.5535820255042,7.698430389100519e-10,32.04851266518431,2.384185791015625e-07,11,10,200,0.0,0.0,200,1.2349885951137525e-08
735,-513.5535820255042,7.698430172183488e-10,32.04851266518431,2.384185791015625e-07,11,10,200,0.0,0.0,200,1.2026920058566207e-08
736,-513.5535820255042,7.698429955266519e-10,32.04851266518431,2.384185791015625e-07,11,10,200,0.0,0.0,200,1.212429966084966e-08
737,-513.5535820255042,7.698429738349614e-10,32.04851266518431,2.384185791015625e-07,11,10,200,0.0,0.0,200,1.2603716012984642e-08
738,-513.5535820255042,7.698429521432772e-10,32.04851266518431,2.384185791015625e-07,11,10,200,0.0,0.0,200,1.268329697973516e-08
739,-513.5535820255042,7.698429304515993e-10,32.04851266518431,2.384185791015625e-07,11,10,200,0.0,0.0,200,1.2209982979928917e-08
740,-513.5535820255042,7.698429087599277e-10,32.04851266518431,3.814697265625e-06,11,10,200,0.0,0.0,200,1.191631838917365e-08
741,-513.5535820255042,7.698401958404381e-10,32.04851266518432,1.9073486328125e-06,11,10,200,0.0,0.0,200,1.3913180393444324e-06
742,-513.5535820255042,7.698391341666921e-10,32.04851266518431,1.9073486328125e-06,11,10,200,0.0,0.0,200,8.309923053841955e-07
743,-513.5535820255042,7.698380724940587e-10,32.04851266518431,1.9073486328125e-06,11,10,200,0.0,0.0,200,6.931392129168399e-07
744,-513.5535820255042,7.69837010822538e-10,32.04851266518431,1.9073486328125e-06,11,10,200,0.0,0.0,200,6.463032728390636e-07
745,-513.5535820255042,7.6983594915213e-10,32.04851266518431,9.5367431640625e-07,11,10,200,0.0,0.0,200,6.149969457467267e-07
746,-513.5535820255042,7.698356178531256e-10,32.04851266518431,9.5367431640625e-07,11,10,200,0.0,0.0,200,3.1398788265916296e-07
747,-513.5535820255042,7.698352865544032e-10,32.04851266518431,9.5367431640625e-07,11,10,200,0.0,0.0,200,2.3691069890324757e-07
748,-513.5535820255042,7.698349552559626e-10,32.04851266518431,9.5367431640625e-07,11,10,200,0.0,0.0,200,2.0198924900296697e-07
749,-513.5535820255042,7.698346239578039e-10,32.04851266518431,9.5367431640625e-07,11,10,200,0.0,0.0,200,1.8460215513189484e-07
750,-513.5535820255042,7.698342926599272e-10,32.04851266518431,9.5367431640625e-07,11,10,200,0.0,0.0,200,1.945047003833798e-07
751,-513.5535820255042,7.698339613623323e-10,32.04851266518431,9.5367431640625e-07,11,10,200,0.0,0.0,200,1.9018329010489134e-07
752,-513.5535820255042,7.698336300650194e-10,32.04851266518431,9.5367431640625e-07,11,10,200,0.0,0.0,200,1.9595306504596472e-07
753,-513.5535820255042,7.698332987679882e-10,32.04851266518431,1.9073486328125e-06,11,10,200,0.0,0.0,200,1.8932660997488116e-07
754,-513.5535820255042,7.698322370998147e-10,32.04851266518431,1.9073486328125e-06,11,10,200,0.0,0.0,200,5.266680217248895e-07
755,-513.5535820255042,7.698311754327539e-10,32.04851266518431,9.5367431640625e-07,11,10,200,0.0,0.0,200,6.075197514061742e-07
756,-513.5535820255042,7.698308441362853e-10,32.04851266518431,9.5367431640625e-07,11,10,200,0.0,0.0,200,3.141976142096417e-07
757,-513.5535820255042,7.698305128400985e-10,32.04851266518431,9.5367431640625e-07,11,10,200,0.0,0.0,200,2.135580375841639e-07
758,-513.5535820255042,7.698301815441935e-10,32.04851266518431,9.5367431640625e-07,11,10,200,0.0,0.0,200,2.02431111472774e-07
759,-513.5535820255042,7.698298502485705e-10,32.04851266518431,9.5367431640625e-07,11,10,200,0.0,0.0,200,2.002660914775249e-07
760,-513.5535820255042,7.698295189532295e-10,32.04851266518431,4.76837158203125e-07,11,10,200,0.0,0.0,200,1.9528436745894757e-07
761,-513.5535820255042,7.698294362041806e-10,32.04851266518431,4.76837158203125e-07,11,10,200,0.0,0.0,200,9.419696025331327e-08
762,-513.5535820255042,7.698293534551765e-10,32.04851266518431,4.76837158203125e-07,11,10,200,0.0,0.0,200,6.077065657606166e-08
763,-513.5535820255042,7.698292707062175e-10,32.04851266518431,4.76837158203125e-07,11,10,200,0.0,0.0,200,4.860456144784471e-08
764,-513.5535820255042,7.698291879573035e-10,32.04851266518431,4.76837158203125e-07,11,10,200,0.0,0.0,200,4.821053869548894e-08
765,-513.5535820255042,7.698291052084345e-10,32.04851266518431,4.76837158203125e-07,11,10,200,0.0,0.0,200,4.950081383283853e-08
766,-513.5535820255042,7.698290224596104e-10,32.04851266518431,4.76837158203125e-07,11,10,200,0.0,0.0,200,4.7675351284528695e-08
767,-513.5535820255042,7.698289397108314e-10,32.04851266518431,4.76837158203125e-07,11,10,200,0.0,0.0,200,4.8010092274855336e-08
768,-513.5535820255042,7.698288569620972e-10,32.04851266518431,4.76837158203125e-07,11,10,200,0.0,0.0,200,4.813362522118394e-08
769,-513.5535820255042,7.698287742134083e-10,32.04851266518431,4.76837158203125e-07,11,10,200,0.0,0.0,200,4.956607833325229e-08
770,-513.5535820255042,7.698286914647641e-10,32.04851266518431,4.76837158203125e-07,11,10,200,0.0,0.0,200,5.0312090363890783e-08
771,-513.5535820255042,7.698286087161651e-10,32.04851266518431,4.76837158203125e-07,11,10,200,0.0,0.0,200,5.0614279036566385e-08
772,-513.5535820255042,7.69828525967611e-10,32.04851266518431,4.76837158203125e-07,11,10,200,0.0,0.0,200,4.863418958244508e-08
773,-513.5535820255042,7.698284432191019e-10,32.04851266518431,4.76837158203125e-07,11,10,200,0.0,0.0,200,4.826448624199458e-08
774,-513.5535820255042,7.698283604706377e-10,32.04851266518431,4.76837158203125e-07,11,10,200,0.0,0.0,200,4.6978456961662404e-08
775,-513.5535820255042,7.698282777222186e-10,32.04851266518431,4.76837158203125e-07,11,10,200,0.0,0.0,200,4.7553406540401494e-08
776,-513.5535820255042,7.698281949738446e-10,32.04851266518431,4.76837158203125e-07,11,10,200,0.0,0.0,200,4.9849829240186464e-08
777,-513.5535820255042,7.698281122255155e-10,32.04851266518431,4.76837158203125e-07,11,10,200,0.0,0.0,200,4.5742685020625256e-08
778,-513.5535820255042,7.698280294772313e-10,32.04851266518431,4.76837158203125e-07,11,10,200,0.0,0.0,200,5.002314243515036e-08
779,-513.5535820255042,7.698279467289921e-10,32.04851266518431,4.76837158203125e-07,11,10,200,0.0,0.0,200,5.200031869817348e-08
780,-513.5535820255042,7.69827863980798e-10,32.04851266518431,4.76837158203125e-07,11,10,200,0.0,0.0,200,4.7695584072708956e-08
781,-513.5535820255042,7.698277812326489e-10,32.04851266518431,4.76837158203125e-07,11,10,200,0.0,0.0,200,4.72276738628475e-08
782,-513.5535820255042,7.698276984845447e-10,32.04851266518431,4.76837158203125e-07,11,10,200,0.0,0.0,200,4.732381204643543e-08
783,-513.5535820255042,7.698276157364856e-10,32.04851266518431,4.76837158203125e-07,11,10,200,0.0,0.0,200,4.996778096700419e-08
784,-513.5535820255042,7.698275329884714e-10,32.04851266518431,4.76837158203125e-07,11,10,200,0.0,0.0,200,4.825379440049104e-08
785,-513.5535820255042,7.698274502405022e-10,32.04851266518431,4.76837158203125e-07,11,10,200,0.0,0.0,200,4.5766080703150895e-08
786,-513.5535820255042,7.69827367492578e-10,32.04851266518431,4.76837158203125e-07,11,10,200,0.0,0.0,200,4.4645210926047404e-08
787,-513.5535820255042,7.698272847446988e-10,32.04851266518431,4.76837158203125e-07,11,10,200,0.0,0.0,200,4.538050498807736e-08
788,-513.5535820255042,7.698272019968646e-10,32.04851266518431,4.76837158203125e-07,11,10,200,0.0,0.0,200,4.833334664569968e-08
789,-513.5535820255042,7.698271192490754e-10,32.04851266518431,4.76837158203125e-07,11,10,200,0.0,0.0,200,4.7905746026531286e-08
790,-513.5535820255042,7.698270365013311e-10,32.04851266518431,4.76837158203125e-07,11,10,200,0.0,0.0,200,4.581408091849342e-08
791,-513.5535820255042,7.69826953753632e-10,32.04851266518431,4.76837158203125e-07,11,10,200,0.0,0.0,200,4.60420487775434e-08
792,-513.5535820255042,7.698268710059777e-10,32.04851266518431,4.76837158203125e-07,11,10,200,0.0,0.0,200,4.977979411950128e-08
793,-513.5535820255042,7.698267882583684e-10,32.04851266518431,4.76837158203125e-07,11,10,200,0.0,0.0,200,5.0604947429032625e-08
794,-513.5535820255042,7.698267055108042e-10,32.04851266518431,4.76837158203125e-07,11,10,200,0.0,0.0,200,4.9599281037099176e-08
795,-513.5535820255042,7.698266227632849e-10,32.04851266518431,4.76837158203125e-07,11,10,200,0.0,0.0,200,4.798898011474017e-08
796,-513.5535820255042,7.698265400158106e-10,32.04851266518431,4.76837158203125e-07,11,10,200,0.0,0.0,200,4.782639001527374e-08
797,-513.5535820255042,7.698264572683814e-10,32.04851266518431,4.76837158203125e-07,11,10,200,0.0,0.0,200,4.880663369231352e-08
798,-513.5535820255042,7.698263745209971e-10,32.04851266518431,4.76837158203125e-07,11,10,200,0.0,0.0,200,5.023541814643587e-08
799,-513.5535820255042,7.698262917736579e-10,32.04851266518431,4.76837158203125e-07,11,10,200,0.0,0.0,200,5.1128938886821216e-08
800,-513.5535820255042,7.698262090263635e-10,32.04851266518431,4.76837158203125e-07,11,10,200,0.0,0.0,200,5.122468720996713e-08
801,-513.5535820255042,7.698261262791142e-10,32.04851266518431,4.76837158203125e-07,11,10,200,0.0,0.0,200,4.8230484395470966e-08
802,-513.5535820255042,7.698260435319099e-10,32.04851266518431,4.76837158203125e-07,11,10,200,0.0,0.0,200,4.864075697914613e-08
803,-513.5535820255042,7.698259607847506e-10,32.04851266518431,4.76837158203125e-07,11,10,200,0.0,0.0,200,4.7596575065009474e-08
804,-513.5535820255042,7.698258780376362e-10,32.04851266518431,4.76837158203125e-07,11,10,200,0.0,0.0,200,4.54065982167938e-08
805,-513.5535820255042,7.698257952905669e-10,32.04851266518431,4.76837158203125e-07,11,10,200,0.0,0.0,200,4.869186023634763e-08
806,-513.5535820255042,7.698257125435426e-10,32.04851266518431,4.76837158203125e-07,11,10,200,0.0,0.0,200,4.494890579877471e-08
807,-513.5535820255042,7.698256297965632e-10,32.04851266518431,4.76837158203125e-07,11,10,200,0.0,0.0,200,4.790829356165338e-08
808,-513.5535820255042,7.698255470496289e-10,32.04851266518431,4.76837158203125e-07,11,10,200,0.0,0.0,200,4.601826575783516e-08
809,-513.5535820255042,7.698254643027396e-10,32.04851266518431,4.76837158203125e-07,11,10,200,0.0,0.0,200,4.788923188562647e-08
810,-513.5535820255042,7.698253815558951e-10,32.04851266518431,4.76837158203125e-07,11,10,200,0.0,0.0,200,4.816785819135344e-08
811,-513.5535820255042,7.698252988090957e-10,32.04851266518431,4.76837158203125e-07,11,10,200,0.0,0.0,200,4.924367432352035e-08
812,-513.5535820255042,7.698252160623413e-10,32.04851266518431,4.76837158203125e-07,11,10,200,0.0,0.0,200,5.023400303076055e-08
813,-513.5535820255042,7.69825133315632e-10,32.04851266518431,4.76837158203125e-07,11,10,200,0.0,0.0,200,5.0440573650618124e-08
814,-513.5535820255042,7.698250505689676e-10,32.04851266518431,4.76837158203125e-07,11,10,200,0.0,0.0,200,4.96516067210222e-08
815,-513.5535820255042,7.698249678223482e-10,32.04851266518431,4.76837158203125e-07,11,10,200,0.0,0.0,200,4.792611957974026e-08
816,-513.5535820255042,7.698248850757739e-10,32.04851266518431,9.5367431640625e-07,11,10,200,0.0,0.0,200,5.0283369128578234e-08
817,-513.5535820255042,7.698245537828487e-10,32.04851266518431,9.5367431640625e-07,11,10,200,0.0,0.0,200,1.6826096982917974e-07
818,-513.5535820255042,7.698242224902053e-10,32.04851266518431,9.5367431640625e-07,11,10,200,0.0,0.0,200,1.9956802752791344e-07
819,-513.5535820255042,7.69823891197844e-10,32.04851266518431,9.5367431640625e-07,11,10,200,0.0,0.0,200,1.955213541116406e-07
820,-513.5535820255042,7.698235599057645e-10,32.04851266518431,9.5367431640625e-07,11,10,200,0.0,0.0,200,1.8944365640667352e-07
821,-513.5535820255042,7.698232286139669e-10,32.04851266518431,4.76837158203125e-07,11,10,200,0.0,0.0,200,1.968427236816629e-07
822,-513.5535820255042,7.69823145867628e-10,32.04851266518431,4.76837158203125e-07,11,10,200,0.0,0.0,200,8.885232579820835e-08
823,-513.5535820255042,7.698230631213341e-10,32.04851266518431,4.76837158203125e-07,11,10,200,0.0,0.0,200,5.737214918098081e-08
824,-513.5535820255042,7.698229803750852e-10,32.04851266518431,4.76837158203125e-07,11,10,200,0.0,0.0,200,5.0634882322269506e-08
825,-513.5535820255042,7.698228976288813e-10,32.04851266518431,4.76837158203125e-07,11,10,200,0.0,0.0,200,4.924586884939776e-08
826,-513.5535820255042,7.698228148827225e-10,32.04851266518431,4.76837158203125e-07,11,10,200,0.0,0.0,200,4.624301369080638e-08
827,-513.5535820255042,7.698227321366084e-10,32.04851266518431,4.76837158203125e-07,11,10,200,0.0,0.0,200,4.7688009633222697e-08
828,-513.5535820255042,7.698226493905397e-10,32.04851266518431,4.76837158203125e-07,11,10,200,0.0,0.0,200,5.014299901726571e-08
829,-513.5535820255042,7.698225666445157e-10,32.04851266518431,4.76837158203125e-07,11,10,200,0.0,0.0,200,5.04346337189373e-08
830,-513.5535820255042,7.698224838985367e-10,32.04851266518431,4.76837158203125e-07,11,10,200,0.0,0.0,200,5.0589710962601115e-08
831,-513.5535820255042,7.698224011526027e-10,32.04851266518431,4.76837158203125e-07,11,10,200,0.0,0.0,200,5.0113180763367153e-08
832,-513.5535820255042,7.698223184067139e-10,32.04851266518431,4.76837158203125e-07,11,10,200,0.0,0.0,200,4.870098203139406e-08
833,-513.5535820255042,7.698222356608699e-10,32.04851266518431,4.76837158203125e-07,11,10,200,0.0,0.0,200,4.844992005963828e-08
834,-513.5535820255042,7.698221529150709e-10,32.04851266518431,4.76837158203125e-07,11,10,200,0.0,0.0,200,4.563554469688117e-08
835,-513.5535820255042,7.69822070169317e-10,32.04851266518431,4.76837158203125e-07,11,10,200,0.0,0.0,200,4.493797786640266e-08
836,-513.5535820255042,7.69821987423608e-10,32.04851266518431,4.76837158203125e-07,11,10,200,0.0,0.0,200,4.751232282007057e-08
837,-513.5535820255042,7.69821904677944e-10,32.04851266518431,4.76837158203125e-07,11,10,200,0.0,0.0,200,4.5543972580686407e-08
838,-513.5535820255042,7.69821821932325e-10,32.04851266518431,4.76837158203125e-07,11,10,200,0.0,0.0,200,4.66022617691561e-08
839,-513.5535820255042,7.69821739186751e-10,32.04851266518431,4.76837158203125e-07,11,10,200,0.0,0.0,200,4.5457857005235954e-08
840,-513.5535820255042,7.69821656441222e-10,32.04851266518431,4.76837158203125e-07,11,10,200,0.0,0.0,200,4.6913860200957595e-08
841,-513.5535820255042,7.69821573695738e-10,32.04851266518431,4.76837158203125e-07,11,10,200,0.0,0.0,200,4.878792139715269e-08
842,-513.5535820255042,7.69821490950299e-10,32.04851266518431,4.76837158203125e-07,11,10,200,0.0,0.0,200,4.9705715154436507e-08
843,-513.5535820255042,7.69821408204905e-10,32.04851266518431,4.76837158203125e-07,11,10,200,0.0,0.0,200,4.8030068572470224e-08
844,-513.5535820255042,7.69821325459556e-10,32.04851266518431,4.76837158203125e-07,11,10,200,0.0,0.0,200,4.749779483175427e-08
845,-513.5535820255042,7.698212427142519e-10,32.04851266518431,4.76837158203125e-07,11,10,200,0.0,0.0,200,4.9344671324740885e-08
846,-513.5535820255042,7.69821159968993e-10,32.04851266518431,4.76837158203125e-07,11,10,200,0.0,0.0,200,4.775633806344828e-08
847,-513.5535820255042,7.698210772237788e-10,32.04851266518431,4.76837158203125e-07,11,10,200,0.0,0.0,200,4.917841125203345e-08
848,-513.5535820255042,7.698209944786098e-10,32.04851266518431,4.76837158203125e-07,11,10,200,0.0,0.0,200,5.071427969273875e-08
849,-513.5535820255042,7.698209117334857e-10,32.04851266518431,4.76837158203125e-07,11,10,200,0.0,0.0,200,4.926034115583532e-08
850,-513.5535820255042,7.698208289884066e-10,32.04851266518431,4.76837158203125e-07,11,10,200,0.0,0.0,200,4.879496977544824e-08
851,-513.5535820255042,7.698207462433727e-10,32.04851266518431,4.76837158203125e-07,11,10,200,0.0,0.0,200,4.5783988435385474e-08
852,-513.5535820255042,7.698206634983836e-10,32.04851266518431,4.76837158203125e-07,11,10,200,0.0,0.0,200,4.732745388588873e-08
853,-513.5535820255042,7.698205807534395e-10,32.04851266518431,4.76837158203125e-07,11,10,200,0.0,0.0,200,4.6067849881243034e-08
854,-513.5535820255042,7.698204980085403e-10,32.04851266518431,4.76837158203125e-07,11,10,200,0.0,0.0,200,4.448153989244539e-08
855,-513.5535820255042,7.698204152636863e-10,32.04851266518431,4.76837158203125e-07,11,10,200,0.0,0.0,200,4.59247349518833e-08
856,-513.5535820255042,7.698203325188771e-10,32.04851266518431,4.76837158203125e-07,11,10,200,0.0,0.0,200,4.847281150110518e-08
857,-513.5535820255042,7.69820249774113e-10,32.04851266518431,4.76837158203125e-07,11,10,200,0.0,0.0,200,4.828781653837414e-08
858,-513.5535820255042,7.698201670293938e-10,32.04851266518431,9.5367431640625e-07,11,10,200,0.0,0.0,200,4.733990882100051e-08
859,-513.5535820255042,7.698198357392883e-10,32.04851266518431,9.5367431640625e-07,11,10,200,0.0,0.0,200,1.6485144070340126e-07
860,-513.5535820255042,7.698195044494645e-10,32.04851266518431,9.5367431640625e-07,11,10,200,0.0,0.0,200,1.7750683026178363e-07
861,-513.5535820255042,7.698191731599227e-10,32.04851266518431,9.5367431640625e-07,11,10,200,0.0,0.0,200,1.9993086082523144e-07
862,-513.5535820255042,7.698188418706627e-10,32.04851266518431,9.5367431640625e-07,11,10,200,0.0,0.0,200,1.975025044321896e-07
863,-513.5535820255042,7.698185105816848e-10,32.04851266518431,1.9073486328125e-06,11,10,200,0.0,0.0,200,2.0463359565922736e-07
864,-513.5535820255042,7.698174489217269e-10,32.04851266518431,9.5367431640625e-07,11,10,200,0.0,0.0,200,5.611683070705584e-07
865,-513.5535820255042,7.698171176331712e-10,32.04851266518431,9.5367431640625e-07,11,10,200,0.0,0.0,200,3.1104226563435893e-07
866,-513.5535820255042,7.698167863448972e-10,32.04851266518431,9.5367431640625e-07,11,10,200,0.0,0.0,200,2.2201518236777354e-07
867,-513.5535820255042,7.698164550569052e-10,32.04851266518431,9.5367431640625e-07,11,10,200,0.0,0.0,200,1.8685592018368422e-07
868,-513.5535820255042,7.698161237691952e-10,32.04851266518431,4.76837158203125e-07,11,10,200,0.0,0.0,200,1.855861727924136e-07
869,-513.5535820255042,7.698160410249058e-10,32.04851266518431,4.76837158203125e-07,11,10,200,0.0,0.0,200,8.649505905361999e-08
870,-513.5535820255042,7.698159582806614e-10,32.04851266518431,4.76837158203125e-07,11,10,200,0.0,0.0,200,5.536118992543897e-08
871,-513.5535820255042,7.698158755364621e-10,32.04851266518431,4.76837158203125e-07,11,10,200,0.0,0.0,200,4.811553199569394e-08
872,-513.5535820255042,7.698157927923077e-10,32.04851266518431,4.76837158203125e-07,11,10,200,0.0,0.0,200,4.8662805230322245e-08
873,-513.5535820255042,7.698157100481983e-10,32.04851266518431,4.76837158203125e-07,11,10,200,0.0,0.0,200,4.773831108975153e-08
874,-513.5535820255042,7.698156273041339e-10,32.04851266518431,4.76837158203125e-07,11,10,200,0.0,0.0,200,4.9271424861268475e-08
875,-513.5535820255042,7.698155445601146e-10,32.04851266518431,4.76837158203125e-07,11,10,200,0.0,0.0,200,4.805909081227921e-08
876,-513.5535820255042,7.698154618161403e-10,32.04851266518431,4.76837158203125e-07,11,10,200,0.0,0.0,200,4.706940354509921e-08
877,-513.5535820255042,7.698153790722108e-10,32.04851266518431,4.76837158203125e-07,11,10,200,0.0,0.0,200,4.720475141290828e-08
878,-513.5535820255042,7.698152963283263e-10,32.04851266518431,4.76837158203125e-07,11,10,200,0.0,0.0,200,4.8926233742310494e-08
879,-513.5535820255042,7.698152135844869e-10,32.04851266518431,4.76837158203125e-07,11,10,200,0.0,0.0,200,5.061345307246962e-08
880,-513.5535820255042,7.698151308406926e-10,32.04851266518431,4.76837158203125e-07,11,10,200,0.0,0.0,200,4.703305108235063e-08
881,-513.5535820255042,7.698150480969432e-10,32.04851266518431,4.76837158203125e-07,11,10,200,0.0,0.0,200,4.7037227293385454e-08
882,-513.5535820255042,7.698149653532387e-10,32.04851266518431,4.76837158203125e-07,11,10,200,0.0,0.0,200,4.821834657315294e-08
883,-513.5535820255042,7.698148826095792e-10,32.04851266518431,4.76837158203125e-07,11,10,200,0.0,0.0,200,4.869874674968656e-08
884,-513.5535820255042,7.698147998659648e-10,32.04851266518431,4.76837158203125e-07,11,10,200,0.0,0.0,200,4.6097152125024625e-08
885,-513.5535820255042,7.698147171223954e-10,32.04851266518431,4.76837158203125e-07,11,10,200,0.0,0.0,200,4.775214268684654e-08
886,-513.5535820255042,7.69814634378871e-10,32.04851266518431,4.76837158203125e-07,11,10,200,0.0,0.0,200,4.861401831322587e-08
887,-513.5535820255042,7.698145516353915e-10,32.04851266518431,4.76837158203125e-07,11,10,200,0.0,0.0,200,4.769272001154808e-08
888,-513.5535820255042,7.69814468891957e-10,32.04851266518431,4.76837158203125e-07,11,10,200,0.0,0.0,200,4.832296827311669e-08
889,-513.5535820255042,7.698143861485676e-10,32.04851266518431,4.76837158203125e-07,11,10,200,0.0,0.0,200,4.835301463923695e-08
890,-513.5535820255042,7.698143034052232e-10,32.04851266518431,4.76837158203125e-07,11,10,200,0.0,0.0,200,4.5173868902776294e-08
891,-513.5535820255042,7.698142206619236e-10,32.04851266518431,4.76837158203125e-07,11,10,200,0.0,0.0,200,4.630038837683348e-08
892,-513.5535820255042,7.698141379186691e-10,32.04851266518431,4.76837158203125e-07,11,10,200,0.0,0.0,200,4.51429412591257e-08
893,-513.5535820255042,7.698140551754596e-10,32.04851266518431,4.76837158203125e-07,11,10,200,0.0,0.0,200,4.459248837552613e-08
894,-513.5535820255042,7.698139724322951e-10,32.04851266518431,4.76837158203125e-07,11,10,200,0.0,0.0,200,4.77807448113269e-08
895,-513.5535820255042,7.698138896891756e-10,32.04851266518431,4.76837158203125e-07,11,10,200,0.0,0.0,200,4.8272197817047574e-08
896,-513.5535820255042,7.698138069461012e-10,32.04851266518431,4.76837158203125e-07,11,10,200,0.0,0.0,200,4.870754031302743e-08
897,-513.5535820255042,7.698137242030717e-10,32.04851266518431,1.1920928955078125e-07,11,10,200,0.0,0.0,200,5.002284636662347e-08
898,-513.5535820255042,7.698137204560922e-10,32.04851266518431,1.1920928955078125e-07,11,10,200,0.0,0.0,200,1.8388469348351157e-08
899,-513.5535820255042,7.698137167091131e-10,32.04851266518431,1.1920928955078125e-07,11,10,200,0.0,0.0,200,6.695616029003034e-09
900,-513.5535820255042,7.698137129621345e-10,32.04851266518431,1.1920928955078125e-07,11,10,200,0.0,0.0,200,3.083229666363253e-09
901,-513.5535820255042,7.698137092151565e-10,32.04851266518431,1.1920928955078125e-07,11,10,200,0.0,0.0,200,2.2765362406217775e-09
902,-513.5535820255042,7.69813705468179e-10,32.04851266518431,1.1920928955078125e-07,11,10,200,0.0,0.0,200,2.1458081637367948e-09
903,-513.5535820255042,7.69813701721202e-10,32.04851266518431,1.1920928955078125e-07,11,10,200,0.0,0.0,200,2.21995646742048e-09
904,-513.5535820255042,7.698136979742255e-10,32.04851266518431,1.1920928955078125e-07,11,10,200,0.0,0.0,200,2.277232411439638e-09
905,-513.5535820255042,7.698136942272495e-10,32.04851266518431,1.1920928955078125e-07,11,10,200,0.0,0.0,200,2.15957096125736e-09
906,-513.5535820255042,7.698136904802739e-10,32.04851266518431,1.1920928955078125e-07,11,10,200,0.0,0.0,200,2.0924211131648884e-09
907,-513.5535820255042,7.698136867332989e-10,32.04851266518431,1.1920928955078125e-07,11,10,200,0.0,0.0,200,2.161232656248838e-09
908,-513.5535820255042,7.698136829863244e-10,32.04851266518431,1.1920928955078125e-07,11,10,200,0.0,0.0,200,2.139590905185963e-09
909,-513.5535820255042,7.698136792393504e-10,32.04851266518431,1.1920928955078125e-07,11,10,200,0.0,0.0,200,2.0672873016306048e-09
910,-513.5535820255042,7.698136754923769e-10,32.04851266518431,1.1920928955078125e-07,11,10,200,0.0,0.0,200,2.042375109466587e-09
911,-513.5535820255042,7.698136717454038e-10,32.04851266518431,1.1920928955078125e-07,11,10,200,0.0,0.0,200,2.077729142011912e-09
912,-513.5535820255042,7.698136679984313e-10,32.04851266518431,1.1920928955078125e-07,11,10,200,0.0,0.0,200,2.1983053874514594e-09
913,-513.5535820255042,7.698136642514593e-10,32.04851266518431,1.1920928955078125e-07,11,10,200,0.0,0.0,200,2.131790203375675e-09
914,-513.5535820255042,7.698136605044878e-10,32.04851266518431,1.1920928955078125e-07,11,10,200,0.0,0.0,200,2.134037693210199e-09
915,-513.5535820255042,7.698136567575167e-10,32.04851266518431,1.1920928955078125e-07,11,10,200,0.0,0.0,200,2.23840474504433e-09
916,-513.5535820255042,7.698136530105463e-10,32.04851266518431,1.1920928955078125e-07,11,10,200,0.0,0.0,200,2.2324807658469044e-09
917,-513.5535820255042,7.698136492635763e-10,32.04851266518431,1.1920928955078125e-07,11,10,200,0.0,0.0,200,2.1027325606753393e-09
918,-513.5535820255042,7.698136455166067e-10,32.04851266518431,1.1920928955078125e-07,11,10,200,0.0,0.0,200,2.180304568286216e-09
919,-513.5535820255042,7.698136417696378e-10,32.04851266518431,1.1920928955078125e-07,11,10,200,0.0,0.0,200,2.283455058506503e-09
920,-513.5535820255042,7.698136380226693e-10,32.04851266518431,1.1920928955078125e-07,11,10,200,0.0,0.0,200,2.189026669665164e-09
921,-513.5535820255042,7.698136342757012e-10,32.04851266518431,1.1920928955078125e-07,11,10,200,0.0,0.0,200,2.115870278710337e-09
922,-513.5535820255042,7.698136305287338e-10,32.04851266518431,1.1920928955078125e-07,11,10,200,0.0,0.0,200,2.1100529303367198e-09
923,-513.5535820255042,7.698136267817669e-10,32.04851266518431,1.1920928955078125e-07,11,10,200,0.0,0.0,200,2.1764445518979814e-09
924,-513.5535820255042,7.698136230348003e-10,32.04851266518431,1.1920928955078125e-07,11,10,200,0.0,0.0,200,2.2433548719086697e-09
925,-513.5535820255042,7.698136192878344e-10,32.04851266518431,1.1920928955078125e-07,11,10,200,0.0,0.0,200,2.3081186909191038e-09
926,-513.5535820255042,7.698136155408688e-10,32.04851266518431,1.1920928955078125e-07,11,10,200,0.0,0.0,200,2.237429519669826e-09
927,-513.5535820255042,7.698136117939039e-10,32.04851266518431,1.1920928955078125e-07,11,10,200,0.0,0.0,200,2.1620763323944662e-09
928,-513.5535820255042,7.698136080469393e-10,32.04851266518431,1.1920928955078125e-07,11,10,200,0.0,0.0,200,2.238894460011728e-09
929,-513.5535820255042,7.698136042999753e-10,32.04851266518431,1.1920928955078125e-07,11,10,200,0.0,0.0,200,2.2266433246916824e-09
930,-513.5535820255042,7.698136005530119e-10,32.04851266518431,1.1920928955078125e-07,11,10,200,0.0,0.0,200,2.2565013215529633e-09
931,-513.5535820255042,7.698135968060489e-10,32.04851266518431,1.1920928955078125e-07,11,10,200,0.0,0.0,200,2.102477778450985e-09
932,-513.5535820255042,7.698135930590864e-10,32.04851266518431,1.1920928955078125e-07,11,10,200,0.0,0.0,200,2.126366976036962e-09
933,-513.5535820255042,7.698135893121245e-10,32.04851266518431,1.1920928955078125e-07,11,10,200,0.0,0.0,200,2.038590535510955e-09
934,-513.5535820255042,7.69813585565163e-10,32.04851266518431,1.1920928955078125e-07,11,10,200,0.0,0.0,200,2.2396270790266312e-09
935,-513.5535820255042,7.69813581818202e-10,32.04851266518431,1.1920928955078125e-07,11,10,200,0.0,0.0,200,2.217572266946034e-09
936,-513.5535820255042,7.698135780712415e-10,32.04851266518431,1.1920928955078125e-07,11,10,200,0.0,0.0,200,2.2039020518731625e-09
937,-513.5535820255042,7.698135743242816e-10,32.04851266518431,1.1920928955078125e-07,11,10,200,0.0,0.0,200,2.2515008131902686e-09
938,-513.5535820255042,7.698135705773222e-10,32.04851266518431,1.1920928955078125e-07,11,10,200,0.0,0.0,200,2.163663968237119e-09
939,-513.5535820255042,7.698135668303631e-10,32.04851266518431,1.1920928955078125e-07,11,10,200,0.0,0.0,200,2.1103488381707853e-09
940,-513.5535820255042,7.698135630834045e-10,32.04851266518431,1.1920928955078125e-07,11,10,200,0.0,0.0,200,2.226085851840798e-09
941,-513.5535820255042,7.698135593364467e-10,32.04851266518431,1.1920928955078125e-07,11,10,200,0.0,0.0,200,2.248428098012918e-09
942,-513.5535820255042,7.698135555894892e-10,32.04851266518431,1.1920928955078125e-07,11,10,200,0.0,0.0,200,2.118169904635628e-09
943,-513.5535820255042,7.698135518425322e-10,32.04851266518431,1.1920928955078125e-07,11,10,200,0.0,0.0,200,2.0707871605660986e-09
944,-513.5535820255042,7.698135480955758e-10,32.04851266518431,1.1920928955078125e-07,11,10,200,0.0,0.0,200,2.249228996213617e-09
945,-513.5535820255042,7.698135443486198e-10,32.04851266518431,1.1920928955078125e-07,11,10,200,0.0,0.0,200,2.0595302153276393e-09
946,-513.5535820255042,7.698135406016644e-10,32.04851266518431,1.1920928955078125e-07,11,10,200,0.0,0.0,200,2.055660178581251e-09
947,-513.5535820255042,7.698135368547094e-10,32.04851266518431,1.1920928955078125e-07,11,10,200,0.0,0.0,200,2.097108068134941e-09
948,-513.5535820255042,7.69813533107755e-10,32.04851266518431,1.1920928955078125e-07,11,10,200,0.0,0.0,200,2.140261325809304e-09
949,-513.5535820255042,7.698135293608011e-10,32.04851266518431,1.1920928955078125e-07,11,10,200,0.0,0.0,200,2.151461140031224e-09
950,-513.5535820255042,7.698135256138476e-10,32.04851266518431,1.1920928955078125e-07,11,10,200,0.0,0.0,200,2.2369787436042427e-09
951,-513.5535820255042,7.698135218668947e-10,32.04851266518431,1.1920928955078125e-07,11,10,200,0.0,0.0,200,2.2597445431426612e-09
952,-513.5535820255042,7.698135181199423e-10,32.04851266518431,1.1920928955078125e-07,11,10,200,0.0,0.0,200,2.166745103513184e-09
953,-513.5535820255042,7.698135143729903e-10,32.04851266518431,1.1920928955078125e-07,11,10,200,0.0,0.0,200,2.1520201823406318e-09
954,-513.5535820255042,7.698135106260389e-10,32.04851266518431,1.1920928955078125e-07,11,10,200,0.0,0.0,200,2.2513805706328453e-09
955,-513.5535820255042,7.69813506879088e-10,32.04851266518431,1.1920928955078125e-07,11,10,200,0.0,0.0,200,2.1224246959837768e-09
956,-513.5535820255042,7.698135031321375e-10,32.04851266518431,1.1920928955078125e-07,11,10,200,0.0,0.0,200,2.032971064862529e-09
957,-513.5535820255042,7.698134993851876e-10,32.04851266518431,1.1920928955078125e-07,11,10,200,0.0,0.0,200,2.1316969220483187e-09
958,-513.5535820255042,7.698134956382381e-10,32.04851266518431,1.1920928955078125e-07,11,10,200,0.0,0.0,200,2.0939934622399565e-09
959,-513.5535820255042,7.698134918912892e-10,32.04851266518431,1.1920928955078125e-07,11,10,200,0.0,0.0,200,2.0379581150931366e-09
960,-513.5535820255042,7.698134881443407e-10,32.04851266518431,1.1920928955078125e-07,11,10,200,0.0,0.0,200,2.251582106341354e-09
961,-513.5535820255042,7.698134843973928e-10,32.04851266518431,1.1920928955078125e-07,11,10,200,0.0,0.0,200,2.1522528202105857e-09
962,-513.5535820255042,7.698134806504454e-10,32.04851266518431,1.1920928955078125e-07,11,10,200,0.0,0.0,200,2.2120156012439686e-09
963,-513.5535820255042,7.698134769034984e-10,32.04851266518431,1.1920928955078125e-07,11,10,200,0.0,0.0,200,2.1581804093521993e-09
964,-513.5535820255042,7.69813473156552e-10,32.04851266518431,1.1920928955078125e-07,11,10,200,0.0,0.0,200,2.2279471695085496e-09
965,-513.5535820255042,7.698134694096061e-10,32.04851266518431,1.1920928955078125e-07,11,10,200,0.0,0.0,200,2.1240709616353334e-09
966,-513.5535820255042,7.698134656626607e-10,32.04851266518431,1.1920928955078125e-07,11,10,200,0.0,0.0,200,2.182229535784464e-09
967,-513.5535820255042,7.698134619157158e-10,32.04851266518431,1.1920928955078125e-07,11,10,200,0.0,0.0,200,2.2303781894288743e-09
968,-513.5535820255042,7.698134581687714e-10,32.04851266518431,1.1920928955078125e-07,11,10,200,0.0,0.0,200,2.2443309893975196e-09
969,-513.5535820255042,7.698134544218275e-10,32.04851266518431,1.1920928955078125e-07,11,10,200,0.0,0.0,200,2.1363058718788527e-09
970,-513.5535820255042,7.698134506748841e-10,32.04851266518431,1.1920928955078125e-07,11,10,200,0.0,0.0,200,2.090931255737408e-09
971,-513.5535820255042,7.698134469279411e-10,32.04851266518431,1.1920928955078125e-07,11,10,200,0.0,0.0,200,2.136453875313396e-09
972,-513.5535820255042,7.698134431809987e-10,32.04851266518431,1.1920928955078125e-07,11,10,200,0.0,0.0,200,2.2584653375985035e-09
973,-513.5535820255042,7.698134394340567e-10,32.04851266518431,1.1920928955078125e-07,11,10,200,0.0,0.0,200,2.2762187209294325e-09
974,-513.5535820255042,7.698134356871153e-10,32.04851266518431,1.1920928955078125e-07,11,10,200,0.0,0.0,200,2.284751285568941e-09
975,-513.5535820255042,7.698134319401745e-10,32.04851266518431,1.1920928955078125e-07,11,10,200,0.0,0.0,200,2.2784663058784214e-09
976,-513.5535820255042,7.698134281932341e-10,32.04851266518431,1.1920928955078125e-07,11,10,200,0.0,0.0,200,2.2642072749765477e-09
977,-513.5535820255042,7.698134244462942e-10,32.04851266518431,1.1920928955078125e-07,11,10,200,0.0,0.0,200,2.237138165971644e-09
978,-513.5535820255042,7.698134206993548e-10,32.04851266518431,1.1920928955078125e-07,11,10,200,0.0,0.0,200,2.229625415382266e-09
979,-513.5535820255042,7.69813416952416e-10,32.04851266518431,1.1920928955078125e-07,11,10,200,0.0,0.0,200,2.136427292825091e-09
980,-513.5535820255042,7.698134132054774e-10,32.04851266518431,1.1920928955078125e-07,11,10,200,0.0,0.0,200,2.177384562408815e-09
981,-513.5535820255042,7.698134094585396e-10,32.04851266518431,1.1920928955078125e-07,11,10,200,0.0,0.0,200,2.0794420177532512e-09
982,-513.5535820255042,7.698134057116022e-10,32.04851266518431,1.1920928955078125e-07,11,10,200,0.0,0.0,200,2.302846396311579e-09
983,-513.5535820255042,7.698134019646652e-10,32.04851266518431,1.1920928955078125e-07,11,10,200,0.0,0.0,200,2.155327417291383e-09
984,-513.5535820255042,7.698133982177289e-10,32.04851266518431,1.1920928955078125e-07,11,10,200,0.0,0.0,200,2.0839009967763416e-09
985,-513.5535820255042,7.69813394470793e-10,32.04851266518431,1.1920928955078125e-07,11,10,200,0.0,0.0,200,2.1993342294101463e-09
986,-513.5535820255042,7.698133907238576e-10,32.04851266518431,1.1920928955078125e-07,11,10,200,0.0,0.0,200,2.1537220004249906e-09
987,-513.5535820255042,7.698133869769227e-10,32.04851266518431,1.1920928955078125e-07,11,10,200,0.0,0.0,200,1.968417898949554e-09
988,-513.5535820255042,7.698133832299884e-10,32.04851266518431,1.1920928955078125e-07,11,10,200,0.0,0.0,200,2.0442234109775036e-09
989,-513.5535820255042,7.698133794830545e-10,32.04851266518431,1.1920928955078125e-07,11,10,200,0.0,0.0,200,2.1420712152238797e-09
990,-513.5535820255042,7.69813375736121e-10,32.04851266518431,1.1920928955078125e-07,11,10,200,0.0,0.0,200,2.1689764525670618e-09
991,-513.5535820255042,7.698133719891883e-10,32.04851266518431,1.1920928955078125e-07,11,10,200,0.0,0.0,200,2.1056757192306253e-09
992,-513.5535820255042,7.698133682422559e-10,32.04851266518431,1.1920928955078125e-07,11,10,200,0.0,0.0,200,2.108452553554224e-09
993,-513.5535820255042,7.698133644953239e-10,32.04851266518431,1.1920928955078125e-07,11,10,200,0.0,0.0,200,2.2219352285126924e-09
994,-513.5535820255042,7.698133607483926e-10,32.04851266518431,1.1920928955078125e-07,11,10,200,0.0,0.0,200,2.202305815493175e-09
995,-513.5535820255042,7.698133570014617e-10,32.04851266518431,1.1920928955078125e-07,11,10,200,0.0,0.0,200,2.218874834647582e-09
996,-513.5535820255042,7.698133532545315e-10,32.04851266518431,1.1920928955078125e-07,11,10,200,0.0,0.0,200,2.2768451498705046e-09
997,-513.5535820255042,7.698133495076015e-10,32.04851266518431,1.1920928955078125e-07,11,10,200,0.0,0.0,200,2.1486520446396246e-09
998,-513.5535820255042,7.69813345760672e-10,32.04851266518431,1.1920928955078125e-07,11,10,200,0.0,0.0,200,2.1865748666607838e-09
999,-513.5535820255042,7.698133420137432e-10,32.04851266518431,1.1920928955078125e-07,11,10,200,0.0,0.0,200,2.227011655044704e-09
