k,f,grad_norm,t_k,rk_residual,cpu_time,cpu_time_sum
0,0.6931471805599454,0.469570892796963,1.0,0.6758142753907314,0.08422199999999996,0.08422199999999996
1,0.5993588165627678,0.3982567248592379,1.0,0.5907877601234325,0.07134600000000002,0.15556799999999998
2,0.5144049726721835,0.32887236391654473,1.0,0.5420502650896072,0.07089099999999998,0.22645899999999997
3,0.43825863018759614,0.2686643382286703,1.0,0.5193657986062442,0.06716299999999997,0.29362199999999994
4,0.37722830561591664,0.21983966622736598,1.0,0.5577615552620208,0.06872699999999998,0.3623489999999999
5,0.32925598752933505,0.1831264695031185,1.0,0.5580001698382724,0.07578300000000004,0.43813199999999997
6,0.28981517561567677,0.1538472580023613,1.0,0.5706494183339362,0.06838600000000006,0.506518
7,0.2580832477325813,0.13092637771044477,1.0,0.5925001713080612,0.07116699999999998,0.577685
8,0.23186936661883237,0.11277740658836696,1.0,0.613320675622699,0.08111899999999994,0.658804
9,0.21025490303359498,0.09821500930814418,1.0,0.6380282260148844,0.06867400000000001,0.727478
10,0.19191150685534977,0.08643911842515482,1.0,0.6516089539025175,0.070608,0.798086
11,0.17645974449862523,0.07698101176490532,1.0,0.668355713810761,0.06819299999999995,0.8662789999999999
12,0.16333669980613863,0.06906198552761526,1.0,0.6963210042968637,0.06807300000000005,0.934352
13,0.15199002070735865,0.06236362141054885,1.0,0.7166792838807229,0.06980800000000009,1.0041600000000002
14,0.14194992738316295,0.056912210397101703,1.0,0.7284978670918187,0.06921299999999997,1.0733730000000001
15,0.13313036044822127,0.05232700491655483,1.0,0.746140998199557,0.07083400000000006,1.1442070000000002
16,0.1252615526942612,0.04804590235778024,1.0,0.746100059823989,0.075515,1.2197220000000002
17,0.11809328031959589,0.044577685381200854,1.0,0.7557394948145701,0.07769099999999995,1.2974130000000001
18,0.11165871893598239,0.04147955906594642,1.0,0.7761343771969375,0.08602899999999991,1.383442
19,0.1058987753238453,0.03873637860767398,1.0,0.7694688711567063,0.073318,1.45676
20,0.1006783446361622,0.03630814959996664,1.0,0.7633991607188148,0.07711800000000002,1.533878
21,0.09570755924939293,0.03427089837675934,1.0,0.7729569413156953,0.07690400000000008,1.6107820000000002
22,0.09125837291676521,0.03221195547655262,1.0,0.7662945696343066,0.07532699999999992,1.686109
23,0.08710780599234356,0.030441456364265675,1.0,0.7641196488456827,0.07552899999999996,1.761638
24,0.08334652928201781,0.028781957275639362,1.0,0.7783421320870312,0.08105200000000012,1.8426900000000002
25,0.07972357141281614,0.027452648147872738,1.0,0.7723506472432546,0.11586600000000002,1.9585560000000002
26,0.07644147884664429,0.026098335838628715,1.0,0.7661731473929086,0.1018650000000001,2.0604210000000003
27,0.07342264194656602,0.02475266533852741,1.0,0.7677972573349205,0.0863529999999999,2.146774
28,0.07058514826652214,0.02372030236216974,1.0,0.7657554403884417,0.06934199999999979,2.216116
29,0.0679338007835329,0.0227686462155503,1.0,0.7486827357047673,0.06811100000000003,2.284227
30,0.0654273374927871,0.021688599743564012,1.0,0.7576521878253635,0.07026300000000019,2.35449
31,0.06306037343827292,0.020811730362340797,1.0,0.7543827054365657,0.068635,2.423125
32,0.06081187166419544,0.01986626887701446,1.0,0.7617287635181412,0.07150400000000001,2.494629
33,0.058709523627617416,0.01903355747355309,1.0,0.768247448924002,0.0695079999999999,2.564137
34,0.05674154562825772,0.01825884487995607,1.0,0.7677494482765623,0.06910900000000009,2.633246
35,0.054835631367123036,0.01770232144220365,1.0,0.7554922145376942,0.06878299999999982,2.702029
36,0.053067590189382265,0.01719190570504581,1.0,0.7550792432976525,0.07017499999999988,2.772204
37,0.051392227754560905,0.016612780505457145,1.0,0.7584126523326843,0.06917000000000018,2.841374
38,0.049823927549669716,0.016143257956806437,1.0,0.7442598601887146,0.0690780000000002,2.9104520000000003
39,0.04832440395303924,0.015546467408096966,1.0,0.735078898252521,0.0674509999999997,2.977903
40,0.04690180871939472,0.014968149002789892,1.0,0.751567257346209,0.07304000000000022,3.050943
41,0.04554405590730062,0.014408288833196338,1.0,0.7441637485346688,0.06727900000000009,3.1182220000000003
42,0.04423016060350312,0.013887782734241091,1.0,0.7420934288475775,0.06769099999999995,3.185913
43,0.042996741547718494,0.013429845482152066,1.0,0.7496912812011214,0.06784400000000002,3.2537570000000002
44,0.041801484408483414,0.013122193428363913,1.0,0.7411014766298588,0.06861499999999987,3.322372
45,0.04068002329801057,0.012743167609477328,1.0,0.7338671525592154,0.06867499999999982,3.391047
46,0.03957212946418996,0.012484791439920014,1.0,0.7276984634835417,0.06940100000000005,3.460448
47,0.038542260959881,0.012163017124741719,1.0,0.7118872549093677,0.07002500000000023,3.530473
48,0.03754309825786764,0.011773327112428377,1.0,0.7075617412416598,0.07063299999999995,3.601106
49,0.03659955979014189,0.011418892449342839,1.0,0.6922735247443531,0.06919399999999998,3.6703
50,0.03567961275782325,0.011135945698365436,1.0,0.7001219057560476,0.0685049999999996,3.7388049999999997
51,0.03477360125307966,0.01086745613440542,1.0,0.7044487397417685,0.06885200000000058,3.8076570000000003
52,0.033905852366117636,0.010494676506054408,1.0,0.7183368754492766,0.0682830000000001,3.8759400000000004
53,0.03307501484267516,0.010271287768577629,1.0,0.6913244889450011,0.06833899999999993,3.9442790000000003
54,0.03229359759022738,0.010009649852730028,1.0,0.6774683639951481,0.06877599999999973,4.013055
55,0.03152033907425339,0.009866650356650393,1.0,0.6635081962822948,0.06951100000000032,4.082566
56,0.030800970979367303,0.00963131942289255,1.0,0.6654542102245291,0.06808299999999967,4.150649
57,0.030100249660077023,0.009424773943681243,1.0,0.663461782478259,0.06853100000000012,4.21918
58,0.029416428026403544,0.009315537001230485,1.0,0.6526257966867197,0.06821199999999994,4.287392
59,0.028766954252597423,0.009105192105740175,1.0,0.6538898121541751,0.06950400000000023,4.356896
60,0.02814335947081082,0.008883684535150744,1.0,0.6409951636746004,0.06905499999999964,4.4259509999999995
61,0.02753059279124781,0.008722464777721496,1.0,0.6265783848550582,0.06843600000000016,4.494387
62,0.026947039165173575,0.008616810043917046,1.0,0.6232286877220667,0.06913899999999984,4.5635259999999995
63,0.02637875319880009,0.008442499332566456,1.0,0.611251950716601,0.07007100000000044,4.633597
64,0.025833393436910924,0.008281758641232234,1.0,0.6085100587761351,0.0682709999999993,4.701867999999999
65,0.025305112941042686,0.008119836166853226,1.0,0.6063876250857018,0.06866100000000053,4.770529
66,0.02478844431791456,0.007998638562037494,1.0,0.6075699765965015,0.067882,4.838411
67,0.02429333752631699,0.007886304567326089,1.0,0.5885835605270768,0.06894699999999965,4.907357999999999
68,0.023810596481990794,0.0077645374521203275,1.0,0.5742607178732302,0.06880400000000009,4.9761619999999995
69,0.02334543592200108,0.007597185979142529,1.0,0.5774786142108026,0.06849300000000014,5.044655
70,0.02290041568314554,0.007448953796551406,1.0,0.5700452323054956,0.06811599999999984,5.1127709999999995
71,0.022463035487752053,0.007330672000262585,1.0,0.5612317158960873,0.06890600000000013,5.181677
72,0.022041203970504804,0.007242755948646895,1.0,0.5589698213114948,0.06854799999999983,5.2502249999999995
73,0.021629172748195147,0.007110672504684333,1.0,0.5530235005873368,0.06854700000000058,5.318772
74,0.021237398735426107,0.006992431959232887,1.0,0.549043721634771,0.06915399999999927,5.387925999999999
75,0.02085150238768739,0.006927264695264842,1.0,0.5480781896130074,0.06876200000000043,5.456688
76,0.020470969074816447,0.006816629905694618,1.0,0.5450940673377912,0.0696159999999999,5.526304
77,0.020107326009237113,0.006689445322117078,1.0,0.5471827598699542,0.06739699999999971,5.593700999999999
78,0.019750068971172232,0.006625995271586932,1.0,0.5342697176830306,0.06826899999999991,5.661969999999999
79,0.019417084540374812,0.00650279335795426,1.0,0.5183421300050483,0.06810900000000064,5.730079
80,0.019085029802089738,0.006422356420913136,1.0,0.5165113201197413,0.06932799999999961,5.7994069999999995
81,0.01876469936597809,0.00632992932431494,1.0,0.5232388298123234,0.06948000000000043,5.868887
82,0.018449953784335206,0.006231313146594002,1.0,0.5138658506579158,0.0692339999999998,5.938121
83,0.01814234763323175,0.006147232870510611,1.0,0.5081414073941869,0.06886599999999987,6.006987
84,0.017845426862858588,0.0060810901521525925,1.0,0.4945555798459359,0.06940800000000014,6.076395
85,0.017556722636582058,0.005970351831742881,1.0,0.4965486206312489,0.06960099999999958,6.145995999999999
86,0.017277323451936184,0.005862822496077849,1.0,0.48822496367282625,0.06861400000000017,6.2146099999999995
87,0.01700151034327053,0.0058251648519898605,1.0,0.4884406876432169,0.0692440000000003,6.283854
88,0.016731104501996295,0.005774282923581582,1.0,0.4770539185623149,0.06895999999999969,6.3528139999999995
89,0.016474126799555386,0.00570324771764523,1.0,0.46847419792040207,0.06861799999999985,6.421431999999999
90,0.016218802718393956,0.0056511911255707255,1.0,0.4709272922254843,0.06790800000000008,6.489339999999999
91,0.015976262230266394,0.0055843319018099215,1.0,0.45992190319215404,0.06824899999999978,6.557588999999999
92,0.0157307542758173,0.0055694343651663805,1.0,0.4539037572710604,0.06896500000000039,6.626554
93,0.01549477457959343,0.005509303637594976,1.0,0.4448918446854743,0.06893300000000036,6.695487
94,0.015265558551246422,0.005444599949403499,1.0,0.44545807754861294,0.06884800000000002,6.764335
95,0.015043389195343893,0.0053940478723906084,1.0,0.4404466936987078,0.06977699999999931,6.834111999999999
96,0.014825691574412396,0.005344091099373605,1.0,0.43892038653482346,0.0694120000000007,6.903524
97,0.01461128980044173,0.005269673082477954,1.0,0.4312503616859728,0.06874599999999997,6.97227
98,0.014404809956372725,0.0052024643953807615,1.0,0.4317200991629689,0.06936399999999932,7.041633999999999
99,0.014202312919853294,0.005112542025292023,1.0,0.4313003188932778,0.06815300000000057,7.109787
100,0.01400454979528833,0.005077030893680578,1.0,0.429167911998027,0.06897199999999959,7.1787589999999994
101,0.013811165831504003,0.005010595279570275,1.0,0.4168681629115608,0.06905800000000006,7.2478169999999995
102,0.013623301279932935,0.0049907024983659115,1.0,0.41089750130134517,0.06869200000000042,7.316509
103,0.013439480948894826,0.004925843171545815,1.0,0.4075727894228809,0.06787199999999949,7.384380999999999
104,0.013261854086766618,0.0048733218859587655,1.0,0.40542431083405606,0.06899999999999995,7.453380999999999
105,0.013085972287533712,0.004812406666502864,1.0,0.3955464160927426,0.06758700000000051,7.520968
106,0.012914917013223816,0.004772156335655222,1.0,0.4013871854356514,0.06958099999999945,7.590548999999999
107,0.012747432882933554,0.004750074766590328,1.0,0.39592318341901056,0.06924000000000063,7.659789
108,0.012581664573770896,0.004681619628596445,1.0,0.38947779437647406,0.06782800000000044,7.727617
109,0.012420125133619139,0.004655444407238418,1.0,0.3871735367162647,0.06909199999999949,7.796709
110,0.012263394260458466,0.004605973601305175,1.0,0.39152183773517263,0.06836299999999973,7.865072
111,0.012109414647031311,0.004569174636825972,1.0,0.3826681730089507,0.06982,7.934892
112,0.011958379162367347,0.004542883017863648,1.0,0.37136692297235907,0.06862300000000054,8.003515
113,0.011812496801734707,0.004516210560643962,1.0,0.37129319239242686,0.06920599999999943,8.072721
114,0.011670479762962455,0.004457791747600963,1.0,0.3599066278018381,0.0704589999999996,8.14318
115,0.011530576785518613,0.004399250473001901,1.0,0.36160605540709434,0.06872399999999956,8.211903999999999
116,0.011390893245702326,0.004371493602251365,1.0,0.35602734302521094,0.06875300000000095,8.280657
117,0.011250675024957935,0.004366270130406194,1.0,0.34990695113358644,0.06919300000000028,8.34985
118,0.011119177433734959,0.0043402266746879,1.0,0.3499596902601643,0.07154399999999939,8.421394
119,0.010989606897029422,0.004305669878104423,1.0,0.34923729824085353,0.0687850000000001,8.490179
120,0.010862097539849878,0.004290837045239278,1.0,0.34695172594186346,0.06804299999999941,8.558221999999999
121,0.010737678913626961,0.004238470649679799,1.0,0.3382373916424047,0.0692370000000011,8.627459
122,0.010615144884644517,0.004223521477461993,1.0,0.3352011730045563,0.06814499999999946,8.695604
123,0.010493704228708888,0.004196385293714882,1.0,0.33487812016215746,0.06901400000000102,8.764618
124,0.010377677207297016,0.004151984679011388,1.0,0.33052053419748534,0.06944899999999876,8.834067
125,0.010262692482781522,0.004109546764678443,1.0,0.33306524367747503,0.0690059999999999,8.903073
126,0.010149812196852483,0.004080428934981279,1.0,0.33228703768280593,0.07085700000000017,8.97393
127,0.010039372343162663,0.004045781990497861,1.0,0.3257986008522224,0.06835300000000011,9.042283
128,0.009929705980488233,0.004026412733696375,1.0,0.32890221068887043,0.06748400000000032,9.109767
129,0.009823960154075209,0.003978606903207456,1.0,0.31989154683386034,0.06964600000000054,9.179413
130,0.009719235436511044,0.003948782705344156,1.0,0.3202021239122968,0.06962299999999999,9.249036
131,0.009615064808427621,0.003933242076383045,1.0,0.3174410118598874,0.06877199999999917,9.317808
132,0.009514240585438198,0.003904765621417349,1.0,0.3032911183859692,0.06882500000000036,9.386633
133,0.009413906670628032,0.0038853303727863224,1.0,0.30801431902708026,0.06986399999999904,9.456496999999999
134,0.00931745345843142,0.003836835177884352,1.0,0.3087037808969473,0.07166700000000148,9.528164
135,0.009220907291153949,0.0038196460862335267,1.0,0.3041406466055379,0.06813299999999956,9.596297
136,0.00912504227807207,0.0038146851340380185,1.0,0.301666335881358,0.06757900000000028,9.663876
137,0.00903155996691454,0.003780266126798218,1.0,0.29482220783384533,0.06943599999999961,9.733312
138,0.008939341233991047,0.003758748197412845,1.0,0.2944711803909394,0.06939399999999907,9.802705999999999
139,0.00885069500915089,0.0037223570683868404,1.0,0.29282070727856013,0.06835600000000142,9.871062
140,0.008763530001648388,0.0036800577978447534,1.0,0.29382100724760213,0.06887199999999893,9.939934
141,0.008676669163729585,0.0036601764054867937,1.0,0.29153297207007467,0.06906799999999969,10.009001999999999
142,0.00859070226246341,0.0036381208073853963,1.0,0.2903751625141296,0.0677020000000006,10.076704
143,0.00850729006864787,0.0036100421968388663,1.0,0.2858015561118695,0.06885800000000053,10.145562
144,0.008423737753016637,0.0035728205538746263,1.0,0.2906220460687094,0.06814600000000048,10.213708
145,0.008340693877932938,0.0035622781893014563,1.0,0.2859591966625295,0.06972599999999929,10.283434
146,0.008260962340746686,0.0035483563262694038,1.0,0.27901125986504743,0.06809499999999957,10.351529
147,0.008182753342653613,0.003521039348226128,1.0,0.2724548848647902,0.06890800000000041,10.420437
148,0.008106781002039048,0.003496168657765196,1.0,0.27229423446065576,0.06959299999999935,10.490029999999999
149,0.00803121028313396,0.0034706409347050656,1.0,0.2676246930523173,0.06591900000000095,10.555949
150,0.007956886592466145,0.003442391533770568,1.0,0.2742059691030889,0.06967700000000043,10.625626
151,0.00788311339110513,0.0034231492031281197,1.0,0.26637947844126747,0.06821199999999905,10.693838
152,0.007811069656302745,0.0034064956320325945,1.0,0.26146650677997996,0.07081400000000038,10.764652
153,0.007740161691710893,0.0033849964046186697,1.0,0.26202672031497204,0.06922899999999998,10.833881
154,0.007670351793769417,0.0033738413592393855,1.0,0.2682417737805581,0.06925999999999988,10.903141
155,0.00760121181291273,0.003354256307870831,1.0,0.2631949258211754,0.0690659999999994,10.972207
156,0.007533540066166643,0.0033280427104380277,1.0,0.2596452456334043,0.06785499999999978,11.040061999999999
157,0.007465883900062088,0.0033126410922125196,1.0,0.2587020689601824,0.06954300000000124,11.109605
158,0.007399382677162054,0.0032973551127778826,1.0,0.2564195516306598,0.06870400000000032,11.178309
159,0.0073341215997995025,0.003284019254846378,1.0,0.25687600426560586,0.0687989999999985,11.247107999999999
160,0.0072706550703368735,0.003267224730493329,1.0,0.25295922663981274,0.0697220000000005,11.31683
161,0.007206872542331966,0.0032532466304917036,1.0,0.24599860494431897,0.06992100000000079,11.386751
162,0.0071449697027428,0.0032428019333117244,1.0,0.24426929384874652,0.06787999999999883,11.454631
163,0.007084254426912633,0.0032189374704648405,1.0,0.2466703367266027,0.069388,11.524019
164,0.0070236539248012516,0.0031952259335552785,1.0,0.24265059024518723,0.06877000000000066,11.592789
165,0.006964030731909118,0.003168812423226116,1.0,0.24411004983353085,0.06828799999999902,11.661076999999999
166,0.006905003382805672,0.0031501386642064874,1.0,0.23937244959015563,0.0685790000000015,11.729656
167,0.006847736871170177,0.0031218785741124007,1.0,0.23422609905758326,0.06807599999999958,11.797732
168,0.00679094560786589,0.0031090419835422454,1.0,0.2352936040067043,0.06866600000000034,11.866398
169,0.006735153429187502,0.003083346326673271,1.0,0.23890205063401035,0.07005099999999942,11.936449
170,0.006679196824212006,0.0030641889820587245,1.0,0.23695598121634473,0.06919300000000028,12.005642
171,0.006623532242677793,0.0030444092410452507,1.0,0.23595364234765948,0.06921999999999962,12.074862
172,0.006569139603335261,0.003038504673983193,1.0,0.23320636421524785,0.06805800000000062,12.14292
173,0.006516389316983652,0.0030263712161520523,1.0,0.2376706670234823,0.06866799999999884,12.211587999999999
174,0.006463693703456488,0.00301390193181208,1.0,0.23802834769985776,0.06757100000000094,12.279159
175,0.006411732754480094,0.002998216788215638,1.0,0.23780844255874317,0.06727500000000042,12.346434
176,0.006360569202267602,0.00300134766219478,1.0,0.23105569314461444,0.06891399999999948,12.415348
177,0.006309486493589615,0.0029974260112989835,1.0,0.23260364937639563,0.06886500000000062,12.484213
178,0.006259580231630104,0.002987234110347171,1.0,0.23264246309649717,0.06838299999999897,12.552596
179,0.00621072565400983,0.002968324376695105,1.0,0.22654411897783774,0.06919599999999981,12.621792
180,0.006162318781127313,0.0029689938255983597,1.0,0.22135545442646432,0.0680050000000012,12.689797
181,0.006115073388591385,0.0029503618486881908,1.0,0.22731552140307515,0.06969299999999912,12.75949
182,0.006067820768053295,0.0029396532343371824,1.0,0.21668792698672257,0.06989100000000015,12.829381
183,0.006022089508493044,0.0029218615276312325,1.0,0.2157388513025586,0.06822200000000045,12.897603
184,0.005976129634369678,0.0028974313220890315,1.0,0.2172768420681056,0.06856699999999982,12.96617
185,0.005930504728054151,0.0028905288541024423,1.0,0.21203699013780908,0.06597399999999887,13.032143999999999
186,0.005885401113832884,0.002876524030780433,1.0,0.21289103900089584,0.06993900000000153,13.102083
187,0.0058418004715710984,0.002860205038294051,1.0,0.21322342859114457,0.06847400000000015,13.170557
188,0.005798331602157849,0.0028549370375587453,1.0,0.21120261260340611,0.06832099999999919,13.238878
189,0.005754898573881256,0.002856775404134665,1.0,0.20735106978942297,0.0689049999999991,13.307782999999999
190,0.0057124686831989515,0.002846521340556692,1.0,0.2107831901492222,0.06963700000000017,13.377419999999999
191,0.005670950166320113,0.0028378207294326627,1.0,0.20492196663482215,0.06909100000000024,13.446511
192,0.00562962374309989,0.002820227866202073,1.0,0.20451032809617228,0.06836799999999954,13.514878999999999
193,0.005588686632299679,0.002806262229440325,1.0,0.20673291666722968,0.06912100000000088,13.584
194,0.005548528819353296,0.002789095762087375,1.0,0.19957611312565737,0.0691310000000005,13.653131
195,0.005508508323938472,0.002784119264980534,1.0,0.20262979985017998,0.06865799999999922,13.721789
196,0.005469755566620488,0.002761676710893112,1.0,0.20009011286553308,0.06976700000000058,13.791556
197,0.005430998442739441,0.0027465322327130484,1.0,0.20133486324837233,0.06978699999999982,13.861343
198,0.005392504434097664,0.0027352045393852905,1.0,0.20286061396034138,0.06731199999999937,13.928655
199,0.005354887461111857,0.0027267747644016986,1.0,0.19786582959844629,0.06888999999999967,13.997544999999999
200,0.005317299452574651,0.0027182430873140904,1.0,0.19575471847157638,0.07487200000000094,14.072417
201,0.005280404999585551,0.0027078066962421205,1.0,0.19488175920138207,0.07029700000000005,14.142714
202,0.0052437215573618995,0.0027004244404665195,1.0,0.19373243695589676,0.07014799999999966,14.212862
203,0.00520789775274903,0.002678464577051746,1.0,0.19357586260305065,0.06910500000000042,14.281967
204,0.005172529658496682,0.0026656120843371613,1.0,0.19345649658255107,0.06982200000000027,14.351789
205,0.0051372188027251475,0.0026540101538184827,1.0,0.19511779296043263,0.06958299999999973,14.421372
206,0.005102220046588785,0.0026465507977529016,1.0,0.1885457017215582,0.07023599999999952,14.491608
207,0.0050672045161149985,0.0026500288809757507,1.0,0.1926278012805655,0.0683050000000005,14.559913
208,0.0050331533449029815,0.0026435660745749113,1.0,0.18811141113487048,0.06901700000000055,14.62893
209,0.004999832961548506,0.0026287297241180314,1.0,0.18632014830420748,0.07091699999999967,14.699847
210,0.00496682333217213,0.002615396030011938,1.0,0.18402043236203217,0.06764300000000034,14.76749
211,0.004934128872122587,0.002602526241926747,1.0,0.18217802412998443,0.06832899999999853,14.835818999999999
212,0.004901818856213118,0.0025889521950130594,1.0,0.18118046631953258,0.06885200000000147,14.904671
213,0.004869973139630403,0.0025813321023718783,1.0,0.18242791982980633,0.06790799999999919,14.972579
214,0.004838547106648495,0.00256734769424092,1.0,0.18150477261929757,0.06986500000000007,15.042444
215,0.00480740875219307,0.002556367201207336,1.0,0.17848346156123435,0.070411,15.112855
216,0.004776104771387786,0.002557182188700921,1.0,0.18027543174414978,0.07283200000000001,15.185687
217,0.004744922243171928,0.002552851913334782,1.0,0.1800881499749588,0.06917100000000076,15.254858
218,0.00471438385107904,0.0025470363044930357,1.0,0.17705580567567455,0.0671969999999984,15.322054999999999
219,0.004684302030027736,0.0025325401117473755,1.0,0.1746116576067284,0.06828000000000145,15.390335
220,0.004654781326742146,0.002516589818171039,1.0,0.17620520008512808,0.06757200000000019,15.457907
221,0.004625351736433127,0.0025056570041226416,1.0,0.17613769745360963,0.06720199999999998,15.525109
222,0.0045960773637367435,0.002495694110849778,1.0,0.1706302136867299,0.0672189999999997,15.592328
223,0.004567071799266181,0.002484252390532779,1.0,0.17160150456181766,0.06735499999999917,15.659683
224,0.004538469967963055,0.0024814805133167215,1.0,0.17103121892505696,0.07010600000000089,15.729789
225,0.004510286342421245,0.0024801065385910556,1.0,0.17033626672444166,0.0698369999999997,15.799626
226,0.004482347289599328,0.002472216213060651,1.0,0.16991793904501,0.06792599999999993,15.867552
227,0.004455080343087847,0.0024660654246246665,1.0,0.16723877023088707,0.06853900000000124,15.936091000000001
228,0.00442799695860343,0.002458453548329501,1.0,0.16484517621911254,0.06942199999999943,16.005513
229,0.004401225733329911,0.0024500258136915007,1.0,0.16790874024722655,0.07027199999999922,16.075785
230,0.004374625046479114,0.002433630286805389,1.0,0.16632488655734762,0.06846699999999828,16.144251999999998
231,0.004348173502329969,0.002425861682829012,1.0,0.16632117402059943,0.06774700000000067,16.211999
232,0.004321844567729254,0.0024228473247712816,1.0,0.16518816135834222,0.0675990000000013,16.279598
233,0.004295837253352654,0.002411788983030326,1.0,0.16428044305362857,0.06843599999999839,16.348034
234,0.004270402898868463,0.0024068340867031317,1.0,0.16375342139693855,0.06985200000000091,16.417886
235,0.004245244167713553,0.0023972871993821012,1.0,0.16058447219435273,0.06766999999999967,16.485556
236,0.004219892758828102,0.0024025657666995274,1.0,0.16099505507454206,0.0684900000000006,16.554046
237,0.004195064627975326,0.0024017721083201306,1.0,0.15809023326408778,0.06794100000000114,16.621987
238,0.00417068663816261,0.0023916505518027887,1.0,0.15634014238301525,0.06800600000000045,16.689993
239,0.0041465102849126455,0.002386641730071402,1.0,0.15475814414485348,0.06800699999999793,16.758
240,0.004122608571105169,0.002373432827542175,1.0,0.15329698979864287,0.06845500000000015,16.826455
241,0.004098779420279796,0.0023699447260721066,1.0,0.1524042061779253,0.07146799999999942,16.897923
242,0.00407541348515672,0.002362655783757585,1.0,0.1493875780893587,0.07014700000000218,16.96807
243,0.004051976553473105,0.0023561561528614864,1.0,0.1509269030149431,0.0676799999999993,17.03575
244,0.00402886385927722,0.0023523580393704346,1.0,0.14828810397668066,0.07032099999999986,17.106071
245,0.00400603380075848,0.002341061497821152,1.0,0.15040631230003002,0.07035700000000134,17.176428
246,0.0039835397877808106,0.002336692254171514,1.0,0.15149818874259643,0.06817199999999701,17.2446
247,0.003961238769062517,0.0023297588477451006,1.0,0.14680278845873293,0.06866000000000128,17.31326
248,0.003939237496282357,0.002322216896574507,1.0,0.15215758818734534,0.07051699999999883,17.383777
249,0.0039171520763880184,0.002316528546249136,1.0,0.14906806631469263,0.06866400000000183,17.452441
250,0.003895322708802078,0.002312998118874977,1.0,0.14852754239267513,0.06751799999999974,17.519959
251,0.003873964168835412,0.0023037345213163703,1.0,0.14562570459121083,0.06982599999999906,17.589785
252,0.0038525714131968664,0.0022999621411855615,1.0,0.14705849585251468,0.06867800000000202,17.658463
253,0.003831367312441347,0.002296132174327842,1.0,0.1428693201083839,0.0688759999999995,17.727339
254,0.0038105323011055126,0.002289507062447438,1.0,0.14044537250601577,0.06850299999999976,17.795842
255,0.0037897734365653236,0.0022841291120816606,1.0,0.1433595430372874,0.06850400000000079,17.864346
256,0.003769253994302521,0.002277672328583884,1.0,0.14552496296255285,0.06861499999999765,17.932961
257,0.003749023495875021,0.002271998685610425,1.0,0.14255470991964694,0.06965100000000035,18.002612
258,0.003729109759307643,0.00226498009835793,1.0,0.13923687990852418,0.06897700000000029,18.071589
259,0.0037092808122729374,0.0022586544160747134,1.0,0.13975772644361187,0.06859400000000093,18.140183
260,0.0036894263237356242,0.002257039340726013,1.0,0.13838438542584072,0.06831000000000031,18.208493
261,0.0036698210914992064,0.0022529906653196655,1.0,0.1410462433397543,0.07041800000000009,18.278911
262,0.0036505435854240114,0.002241339190436294,1.0,0.1372138816223822,0.06783899999999932,18.34675
263,0.003631289171159407,0.002232445238939433,1.0,0.13575124262140664,0.06925199999999876,18.416002
264,0.0036123254979662117,0.0022198519069079096,1.0,0.1385423058007561,0.06886300000000034,18.484865
265,0.0035932548307824126,0.0022133743556484262,1.0,0.13887919662881845,0.06866899999999987,18.553534
266,0.0035742836702346557,0.0022055168298526487,1.0,0.13806035648924048,0.06773700000000105,18.621271
267,0.003555695769611102,0.0021985780097602847,1.0,0.13683138487546684,0.07076800000000105,18.692039
268,0.0035371195748660745,0.0021958803665248195,1.0,0.13538516957568503,0.06860899999999859,18.760648
269,0.0035191680471759737,0.002185888607318169,1.0,0.13330148041093395,0.06855300000000142,18.829201
270,0.003501137529947677,0.0021801079683791513,1.0,0.13414407229887496,0.0720819999999982,18.901283
271,0.003483315561158328,0.002172820218499039,1.0,0.13208742127837972,0.06981199999999887,18.971095
272,0.0034655828638277034,0.0021707331702572464,1.0,0.1329865294875491,0.06916299999999964,19.040257999999998
273,0.003448086448431969,0.0021614193437127526,1.0,0.13061759514541424,0.06855400000000245,19.108812
274,0.0034308428855498747,0.0021565116261503853,1.0,0.13256745499323705,0.06765400000000099,19.176466
275,0.0034135603064985023,0.002154538726740458,1.0,0.1288459624999581,0.06863799999999998,19.245104
276,0.0033965989648506215,0.0021487440053927706,1.0,0.12936930617795764,0.06861599999999868,19.31372
277,0.003379670456340907,0.002147310202187534,1.0,0.12903099010779126,0.0701110000000007,19.383831
278,0.00336289124369908,0.0021405466195185702,1.0,0.13214844128513575,0.06781299999999746,19.451643999999998
279,0.0033461501203346667,0.0021352930261249216,1.0,0.13019002434996466,0.06872900000000115,19.520373
280,0.0033297848235621704,0.002126245999953156,1.0,0.12870258655381447,0.06877899999999926,19.589152
281,0.003313459796300077,0.0021165579520970104,1.0,0.1277582822580321,0.07139000000000095,19.660542
282,0.0032970973496517244,0.002109270431333632,1.0,0.1261347514321759,0.07024099999999933,19.730783
283,0.003280910608436826,0.002105703614017883,1.0,0.12765539805208914,0.06811599999999984,19.798899
284,0.0032647802259352446,0.0020979522517626226,1.0,0.12672320353527225,0.06940700000000177,19.868306
285,0.003248802632306799,0.0020964300526218967,1.0,0.12692185136998196,0.06962899999999905,19.937935
286,0.0032331238379087026,0.0020907688574747425,1.0,0.12417939787863108,0.0686169999999997,20.006552
287,0.003217547687710943,0.002084226910422278,1.0,0.12539641473232463,0.071237,20.077789
288,0.003202258431603349,0.0020749844880424465,1.0,0.12398610485326558,0.06802700000000073,20.145816
289,0.0031869692930694294,0.002068601223569942,1.0,0.12346412619489444,0.06895199999999946,20.214768
290,0.0031718350058820037,0.0020614484001195096,1.0,0.12390518127130382,0.07700200000000024,20.29177
291,0.0031567052841888705,0.002061615654052999,1.0,0.12178485704097958,0.06917999999999935,20.36095
292,0.0031417325340715153,0.0020580767794342526,1.0,0.12010044378264953,0.06779200000000074,20.428742
293,0.003126890500810533,0.0020581033809486744,1.0,0.12104552303792665,0.06857600000000019,20.497318
294,0.00311222501420498,0.0020563873791366355,1.0,0.11922143165399418,0.06972800000000134,20.567046
295,0.003097843236932458,0.0020493768724962717,1.0,0.11961650444077544,0.070294999999998,20.637341
296,0.003083451735776841,0.0020416588105846077,1.0,0.11904006119717148,0.06943899999999914,20.70678
297,0.0030691056752059024,0.0020371305109634966,1.0,0.1190941128211831,0.06935400000000058,20.776134
298,0.003054913117816095,0.002033934784602247,1.0,0.11641770414889219,0.06965399999999988,20.845788
299,0.003040876891269705,0.0020269694976342493,1.0,0.11785698368965264,0.06757600000000252,20.913364
300,0.003026871616592957,0.002023455939748922,1.0,0.11743096815719574,0.06934699999999694,20.982711
301,0.003013083994660907,0.0020179545457037103,1.0,0.11760753225468838,0.06772899999999993,21.05044
302,0.002999247167988248,0.0020123653142386302,1.0,0.1171427372842183,0.06978600000000057,21.120226
303,0.0029856967466887836,0.002009895106057553,1.0,0.11780067602407118,0.07167100000000204,21.191897
304,0.0029722040786604375,0.0020025685380249698,1.0,0.1162367227563079,0.06967999999999819,21.261577
305,0.002958758996283835,0.002001762727909707,1.0,0.11520068636736741,0.06891600000000153,21.330493
306,0.0029454588685988822,0.0020001951341329766,1.0,0.11295327511401414,0.06876300000000057,21.399256
307,0.002932252502382389,0.0019984568873031424,1.0,0.1140313974105473,0.07042699999999869,21.469683
308,0.002919212358687336,0.001993236398129164,1.0,0.11252939281778107,0.06985399999999942,21.539537
309,0.0029062390050173547,0.0019896830005349158,1.0,0.11343704070578228,0.06855300000000142,21.60809
310,0.0028934217152620646,0.001984388520301727,1.0,0.11045638521811839,0.06874099999999927,21.676831
311,0.0028806795275428004,0.0019827234028166876,1.0,0.11078698433111339,0.06840000000000046,21.745231
312,0.0028680028782518733,0.0019822000621054574,1.0,0.10996696014976667,0.06803799999999782,21.813269
313,0.002855428667293545,0.0019743730184355332,1.0,0.11053576037923793,0.0693710000000003,21.88264
314,0.0028429492368923005,0.001972068144713004,1.0,0.11200554377869718,0.06870699999999985,21.951347
315,0.002830546163195566,0.001968038880282914,1.0,0.10953925604867346,0.06922300000000092,22.02057
316,0.002818215228223606,0.001963790675520714,1.0,0.11021091893830008,0.06974200000000152,22.090312
317,0.0028060984842738943,0.0019580534403004163,1.0,0.10806178025373654,0.0680589999999981,22.158371
318,0.0027940384101707077,0.0019499813527931347,1.0,0.10877836363488884,0.0690400000000011,22.227411
319,0.0027820160779926805,0.0019440069057821974,1.0,0.10921651793451077,0.06929900000000089,22.29671
320,0.0027700479612129546,0.0019355473943538837,1.0,0.10939173100623294,0.06970699999999752,22.366417
321,0.0027582477777538302,0.001930749305060759,1.0,0.10767925058013653,0.07238000000000255,22.438797
322,0.0027465876282738093,0.0019247720609030048,1.0,0.10722404235513777,0.06916999999999973,22.507967
323,0.0027349776521084063,0.001918981438732128,1.0,0.10662471231952825,0.06983799999999718,22.577804999999998
324,0.0027233243442591278,0.0019152429773916777,1.0,0.10856171224289328,0.0679690000000015,22.645774
325,0.0027116920880983896,0.0019139780344373857,1.0,0.10674697754476967,0.06854799999999983,22.714322
326,0.0027003219784000557,0.001907531861297546,1.0,0.10664667448246491,0.06919600000000159,22.783518
327,0.002688972631665015,0.0019024261677302793,1.0,0.10511767102931183,0.06933699999999732,22.852854999999998
328,0.0026777525356004766,0.0018984803382622543,1.0,0.10567215913835526,0.06999400000000122,22.922849
329,0.002666563656593298,0.0018933169902058257,1.0,0.10627504012310114,0.06927100000000053,22.99212
330,0.002655435746500909,0.0018827384380179354,1.0,0.1042353916708072,0.06896199999999908,23.061082
331,0.0026444463023724525,0.0018755601604030668,1.0,0.10574524628065515,0.06910900000000098,23.130191
332,0.0026335235239681918,0.0018686271407213823,1.0,0.10443447688132239,0.06987799999999922,23.200069
333,0.0026226155252708455,0.0018654845521158753,1.0,0.10377188473435353,0.06870200000000182,23.268771
334,0.0026117321685989302,0.0018658132093316918,1.0,0.1036029001357326,0.06863499999999689,23.337405999999998
335,0.0026009969422167655,0.001859816983910816,1.0,0.10170193839030346,0.07020700000000346,23.407613
336,0.002590366797307761,0.0018561841525794364,1.0,0.10300741244286354,0.06868300000000005,23.476296
337,0.002579837305748996,0.0018496979276703934,1.0,0.10242934881534298,0.06870799999999733,23.545004
338,0.002569275278200879,0.0018457160920006472,1.0,0.10244707150695387,0.06823299999999932,23.613236999999998
339,0.0025588578239560135,0.0018418702086984834,1.0,0.10195266256339758,0.07171400000000006,23.684950999999998
340,0.0025485642060344327,0.0018340637974432548,1.0,0.10328976938812857,0.0681090000000033,23.75306
341,0.0025382346071769275,0.001829921645965175,1.0,0.10143070068538435,0.06936699999999973,23.822427
342,0.002528080485552279,0.001822151933675889,1.0,0.10117872175008175,0.06884200000000007,23.891269
343,0.002517991862506117,0.001818058212928037,1.0,0.1015321818391246,0.06848399999999799,23.959753
344,0.002507899731471271,0.00181423312274212,1.0,0.1008477096879972,0.06958399999999898,24.029336999999998
345,0.0024979272194582433,0.0018064149598566069,1.0,0.1015418234728343,0.06915100000000152,24.098488
346,0.002487898177997239,0.0018067866861334525,1.0,0.10095840359837892,0.06925599999999932,24.167744
347,0.002478112023431212,0.0018017045513988948,1.0,0.09884911009738553,0.0675920000000012,24.235336
348,0.0024683244850599202,0.0017970673536390218,1.0,0.09973612908811734,0.06902799999999942,24.304364
349,0.0024585925039535958,0.0017984774617289879,1.0,0.09882690854119432,0.06956399999999974,24.373928
350,0.0024489440500573144,0.001795440703736401,1.0,0.09891045074670862,0.06890699999999939,24.442835
351,0.0024393724551644695,0.0017938376426730653,1.0,0.09842935426446248,0.07054600000000022,24.513381
352,0.0024298402461412597,0.0017940286699795471,1.0,0.09733559891426605,0.0678440000000009,24.581225
353,0.0024204218203636154,0.00178988487917755,1.0,0.09691596111231882,0.06728100000000126,24.648506
354,0.002411028822357804,0.001787130895720159,1.0,0.0966904727221892,0.06785799999999753,24.716364
355,0.0024017399027104207,0.0017835447969009632,1.0,0.09564180950664251,0.07221099999999936,24.788574999999998
356,0.0023925487349246957,0.0017797929553601218,1.0,0.09597605517132383,0.06704400000000277,24.855619
357,0.0023833125734971316,0.0017776093061051164,1.0,0.0948656699518019,0.07053200000000004,24.926151
358,0.0023742301273877134,0.0017734035574813298,1.0,0.09562100782619519,0.07009299999999996,24.996244
359,0.0023651744549734325,0.0017695867621282378,1.0,0.09536992909982489,0.06813499999999806,25.064379
360,0.002356186509671897,0.0017633361986849417,1.0,0.09444186878527434,0.06932700000000125,25.133706
361,0.002347255603291832,0.0017595755546837611,1.0,0.09377014276044092,0.06748400000000032,25.20119
362,0.002338346926160841,0.0017570292179439708,1.0,0.0939045864844318,0.06919399999999953,25.270384
363,0.002329546280461251,0.0017489484816486877,1.0,0.09435044646013188,0.06954199999999844,25.339926
364,0.0023207808573086834,0.0017414938756797659,1.0,0.09477430822999139,0.06808900000000051,25.408015
365,0.002312001830862993,0.001739967416291509,1.0,0.0941642181330288,0.06857499999999916,25.476589999999998
366,0.0023033845781606378,0.001735573836681075,1.0,0.09512552612352272,0.06857300000000066,25.545163
367,0.0022948048668780885,0.0017311085142102981,1.0,0.09395597259909723,0.06907200000000202,25.614235
368,0.002286198590882134,0.0017309787233480928,1.0,0.09291981075396984,0.0688469999999981,25.683082
369,0.0022777124525346745,0.0017263644830630765,1.0,0.09217549083790648,0.0700409999999998,25.753123
370,0.002269239133397953,0.0017218712551543538,1.0,0.09212079551068808,0.06915700000000058,25.82228
371,0.002260833767914711,0.001721036504898695,1.0,0.09233336313297166,0.06872900000000115,25.891009
372,0.002252515790257759,0.0017163317325296194,1.0,0.09161181766574668,0.07024200000000036,25.961251
373,0.002244314836446251,0.0017084730728322796,1.0,0.08982479107520204,0.06918399999999991,26.030435
374,0.002236137984212164,0.0017032880387630783,1.0,0.09113565556272334,0.06993899999999798,26.100374
375,0.0022280028900098785,0.0016988320896793145,1.0,0.09052715298746215,0.0687490000000004,26.169123
376,0.002219891583678483,0.0016960534047732873,1.0,0.08860730914913892,0.0692130000000013,26.238336
377,0.0022117272612726083,0.001699270863879903,1.0,0.0902604955637718,0.06909399999999977,26.30743
378,0.0022037432280885534,0.001695122553018296,1.0,0.09010353661749304,0.06873299999999816,26.376163
379,0.0021957909243784652,0.0016900023457506108,1.0,0.0896257998667576,0.06863099999999989,26.444793999999998
380,0.002187843062870479,0.0016898897003810324,1.0,0.08884301165543265,0.06895200000000301,26.513746
381,0.002179939296217508,0.0016853324171558852,1.0,0.08772997677730725,0.06891399999999948,26.58266
382,0.0021720881481582387,0.0016857851383862425,1.0,0.08761972747729967,0.07133199999999817,26.653992
383,0.0021642343129792438,0.001687566767611341,1.0,0.08861599720378835,0.0684180000000012,26.72241
384,0.0021565241901756902,0.0016852683901697643,1.0,0.0873482386318672,0.0689220000000006,26.791332
385,0.0021489149014118176,0.001683245751315998,1.0,0.0869119384007546,0.06903399999999849,26.860366
386,0.0021413434012081335,0.0016813239864310462,1.0,0.08542914602867058,0.0705139999999993,26.93088
387,0.0021337766022456657,0.0016792673892216056,1.0,0.08593060145364803,0.06887000000000043,26.99975
388,0.0021262845160732974,0.0016749770288430634,1.0,0.0861005309184936,0.06892700000000218,27.068677
389,0.00211883106572125,0.0016699717600162606,1.0,0.08661135020138797,0.0693749999999973,27.138052
390,0.00211135327199632,0.00166585599112554,1.0,0.0852740139126365,0.07008599999999987,27.208137999999998
391,0.0021039691173644925,0.0016621801871839277,1.0,0.08462706621522907,0.06895000000000095,27.277088
392,0.002096625715989058,0.001657208497836114,1.0,0.08598809793602064,0.06820599999999999,27.345294
393,0.002089326163628656,0.0016500824610347353,1.0,0.0854411811243608,0.0669460000000015,27.41224
394,0.002082104373083455,0.0016473995584026908,1.0,0.08518328296742753,0.06896799999999814,27.481208
395,0.0020748757036420855,0.0016410622908073164,1.0,0.08559984098240224,0.07050399999999968,27.551712
396,0.002067631464217898,0.0016401570322828948,1.0,0.08506904085813018,0.06913000000000125,27.620842
397,0.002060459917458406,0.001638028360939471,1.0,0.08385635826013943,0.06954800000000105,27.69039
398,0.0020533773117994178,0.0016321095933648968,1.0,0.08501239197789255,0.06979199999999963,27.760182
399,0.002046379228295273,0.0016294993895706587,1.0,0.08455143886607915,0.06950300000000098,27.829685
400,0.0020393927429948285,0.0016258757971487233,1.0,0.08613767419457471,0.07370899999999736,27.903394
401,0.0020324360099811425,0.0016222151182096881,1.0,0.08423271302190659,0.06901099999999971,27.972405
402,0.002025507068192505,0.0016205623736935103,1.0,0.08299236369119829,0.06845400000000268,28.040859
403,0.0020186493100192208,0.001618065771772308,1.0,0.08173754934989658,0.07147699999999801,28.112336
404,0.002011765154674292,0.0016158908630232356,1.0,0.0829508245965645,0.06924899999999923,28.181585
405,0.0020049782700912937,0.001612689821541178,1.0,0.08364214949826156,0.06823800000000091,28.249823
406,0.0019982248563936216,0.0016120062337235449,1.0,0.08187514277283828,0.0676559999999995,28.317479
407,0.0019915315214833963,0.0016089091432420208,1.0,0.08291662204198168,0.07015099999999919,28.387629999999998
408,0.001984819230179384,0.0016061576796521095,1.0,0.08182741434313041,0.06858300000000028,28.456212999999998
409,0.00197816774004026,0.0016067218992528126,1.0,0.08202160944972346,0.06796200000000141,28.524175
410,0.001971593345997328,0.0016003861649000228,1.0,0.0829249280438705,0.06862100000000027,28.592796
411,0.001965048381280568,0.0015938214354456965,1.0,0.08113037542371047,0.06808799999999948,28.660884
412,0.0019585518337453768,0.0015925826908786964,1.0,0.08229309520972415,0.06974400000000003,28.730628
413,0.0019520989445459915,0.0015898730147410993,1.0,0.08025991556254221,0.06869899999999873,28.799326999999998
414,0.0019456772555470762,0.0015856051809841386,1.0,0.08144771665726093,0.06872700000000265,28.868054
415,0.001939256513966523,0.001581112879318377,1.0,0.08201743458721861,0.07151400000000052,28.939568
416,0.0019329073481892053,0.0015792101388610094,1.0,0.08009943197371847,0.0737489999999994,29.013317
417,0.0019265540840263495,0.0015760477071952315,1.0,0.07997047054739699,0.06862800000000036,29.081945
418,0.00192024535646514,0.0015732363839504246,1.0,0.08045394770265785,0.0716109999999972,29.153556
419,0.0019138958152006196,0.0015719057708877306,1.0,0.08073182009851511,0.06872100000000003,29.222277
420,0.0019075980922166412,0.0015700417731549106,1.0,0.07979193583276503,0.06888700000000014,29.291164
421,0.0019014129202384723,0.0015679553508588827,1.0,0.07824797863738006,0.06894100000000236,29.360105
422,0.0018952783716187558,0.0015658702303804415,1.0,0.08097859989081894,0.06867099999999837,29.428776
423,0.00188915823035805,0.0015648669576013702,1.0,0.07851776499435556,0.07045400000000157,29.49923
424,0.0018830315671692923,0.0015656710449410609,1.0,0.07725211567883962,0.06799299999999775,29.567223
425,0.0018769213400127804,0.0015627397727532655,1.0,0.07798125799473864,0.06893400000000227,29.636157
426,0.001870947048116996,0.0015600012135819712,1.0,0.07806102098675785,0.06951600000000013,29.705673
427,0.0018649483057633308,0.0015548835082824025,1.0,0.07748738965617469,0.06972700000000032,29.7754
428,0.0018589716065495645,0.001554021979857776,1.0,0.07825730556873632,0.06870599999999882,29.844106
429,0.0018530221924979915,0.0015532369134880078,1.0,0.07676361975113942,0.06737599999999944,29.911482
430,0.0018471544961478927,0.0015515970778906389,1.0,0.07673291191357934,0.06930300000000145,29.980785
431,0.0018413876667541503,0.001544401603202343,1.0,0.0765963997890402,0.06866799999999884,30.049453
432,0.0018356099833760613,0.00154436060296379,1.0,0.07636345908654006,0.06933199999999928,30.118785
433,0.0018298522795755555,0.001541107881005579,1.0,0.07576605909493736,0.0683390000000017,30.187124
434,0.0018241176454923957,0.0015387261856010693,1.0,0.07754997866659283,0.07172699999999921,30.258851
435,0.0018183666809010654,0.0015411420483809832,1.0,0.07595134977592154,0.07010700000000014,30.328958
436,0.0018126995354137618,0.001537377593540767,1.0,0.07544121200421833,0.06850199999999873,30.39746
437,0.0018070262179851223,0.0015375840042840053,1.0,0.07582223162926384,0.06942199999999943,30.466882
438,0.0018014401666492895,0.001533899979493918,1.0,0.07515681583088969,0.06815300000000235,30.535035
439,0.0017958129067514159,0.001529847484133444,1.0,0.07452648184017982,0.07041399999999953,30.605449
440,0.0017902242060500674,0.0015285969709231363,1.0,0.07372861004217049,0.0703409999999991,30.67579
441,0.001784664847141167,0.0015281283812570042,1.0,0.07302258403223537,0.0676729999999992,30.743463
442,0.0017791971282887754,0.0015255440636215093,1.0,0.07254587605921747,0.06863400000000297,30.812097
443,0.0017736966825393412,0.001524193049864118,1.0,0.07331145867464382,0.07004199999999727,30.882139
444,0.0017682580231334758,0.0015228195737759028,1.0,0.07413265103427721,0.06973299999999938,30.951871999999998
445,0.0017628449205120723,0.0015183075334908281,1.0,0.07326931849079776,0.0692590000000024,31.021131
446,0.001757469923143704,0.0015154800732723177,1.0,0.07366022498209107,0.07109099999999913,31.092222
447,0.0017520899213964718,0.0015120728770625347,1.0,0.07326429600946913,0.0698219999999985,31.162043999999998
448,0.0017467481963614404,0.0015114050855015012,1.0,0.07286748001121723,0.06829700000000116,31.230341
449,0.0017414717462248949,0.001509570369153416,1.0,0.07324425992745881,0.06851699999999994,31.298858
450,0.0017361880576038295,0.0015070463033302766,1.0,0.07301482823055647,0.07084500000000205,31.369703
451,0.0017309088356661812,0.0015046546798306727,1.0,0.07245459956876434,0.0697999999999972,31.439503
452,0.001725676865481,0.0015038964455604874,1.0,0.07183849344022464,0.06931300000000107,31.508816
453,0.0017205142108598648,0.0015010818705934166,1.0,0.07309924121011191,0.07012600000000191,31.578942
454,0.0017154011573005438,0.001500414159953163,1.0,0.07190083389354755,0.06978999999999758,31.648732
455,0.0017102905459158413,0.0014989693409610393,1.0,0.07139722738981913,0.06945500000000138,31.718187
456,0.0017051942901205876,0.0014990981331877327,1.0,0.07065470793290915,0.06870999999999583,31.786896999999996
457,0.0017001065787720197,0.0014981118686342566,1.0,0.07092841683267581,0.07058600000000581,31.857483000000002
458,0.001695045217570375,0.0015001900268093392,1.0,0.07004560197514009,0.06845099999999604,31.925933999999998
459,0.0016900787485315334,0.0014964574345705441,1.0,0.06977564117180396,0.06981000000000392,31.995744000000002
460,0.0016850664636718431,0.0014938418354746112,1.0,0.0706322196030589,0.07010400000000061,32.065848
461,0.0016801072866754962,0.0014930567439856311,1.0,0.06968404192533044,0.06856299999999749,32.134411
462,0.0016751894270638653,0.001492939133557071,1.0,0.0696194371612425,0.0697759999999974,32.204187
463,0.0016703164363891187,0.0014907782931089105,1.0,0.06851210398482051,0.06810300000000069,32.27229
464,0.0016654334972474793,0.0014879875381229358,1.0,0.06896350499748342,0.06930499999999995,32.341595
465,0.0016605187392574599,0.0014919751686312778,1.0,0.06929360036786292,0.06860900000000214,32.410204
466,0.0016557091281003578,0.0014894768235631396,1.0,0.06927577862421308,0.06937700000000291,32.479581
467,0.0016509430168081555,0.0014865418856977019,1.0,0.06874920556569364,0.07029799999999398,32.549879
468,0.0016461965762011328,0.0014824583095781048,1.0,0.06760487902655006,0.06880999999999915,32.618688999999996
469,0.0016414497806503184,0.0014807078363244391,1.0,0.06786317372925695,0.06853400000000676,32.687223
470,0.001636763267505908,0.0014742676996903348,1.0,0.06741489723504875,0.0672219999999939,32.754445
471,0.0016320586276900593,0.0014735696886570915,1.0,0.0673096355556295,0.07008100000000184,32.824526
472,0.0016273833054881157,0.001475020876745837,1.0,0.06684701528410193,0.0741650000000007,32.898691
473,0.0016227058940014602,0.0014717766972753444,1.0,0.06769722599430673,0.06880999999999915,32.967501
474,0.001618063863642519,0.001470655592302063,1.0,0.06832293318434669,0.06957599999999786,33.037077
475,0.0016134241988448544,0.0014679482760247122,1.0,0.06769188574145221,0.06906100000000492,33.106138
476,0.001608834572141737,0.0014646732340798264,1.0,0.06726426853237041,0.0723209999999952,33.178459
477,0.0016043090155434603,0.001463165143710513,1.0,0.06671912223550017,0.06863799999999998,33.247097
478,0.0015997754479030628,0.0014637277361216159,1.0,0.06736097782180532,0.06849600000000322,33.315593
479,0.0015952837692685825,0.0014628322074351785,1.0,0.0668634980379714,0.07026100000000213,33.385854
480,0.0015907911408439084,0.0014580536372927613,1.0,0.06608464699161995,0.06871499999999742,33.454569
481,0.001586313161652533,0.0014559632909045303,1.0,0.06723840621248135,0.06949300000000136,33.524062
482,0.0015818754837975033,0.0014543434393823433,1.0,0.06656953073128244,0.06850200000000228,33.592564
483,0.0015774618748731805,0.0014552233163432151,1.0,0.06575094206563685,0.0682779999999994,33.660842
484,0.0015730577972145666,0.0014529009169120721,1.0,0.06579633372867148,0.07156899999999666,33.732411
485,0.0015686558022102789,0.0014520515246868797,1.0,0.06541076292257937,0.06893200000000377,33.801343
486,0.0015643442941801898,0.0014485218867982166,1.0,0.06480525207934516,0.0685709999999986,33.869914
487,0.0015600398411211955,0.0014456949386081864,1.0,0.0648329723897609,0.06792099999999834,33.937835
488,0.0015557252905193976,0.001444157758929004,1.0,0.06567133432555501,0.06943600000000316,34.007271
489,0.0015514354408127453,0.0014416907903880992,1.0,0.06464218843885534,0.07062200000000018,34.077893
490,0.001547170848497265,0.001439959355412695,1.0,0.06461602722156261,0.06779699999999877,34.14569
491,0.0015429530601683429,0.0014359938711085488,1.0,0.06459352917202321,0.06885199999999969,34.214542
492,0.0015387408436532137,0.0014334779940260681,1.0,0.0645324011899867,0.06935399999999703,34.283896
493,0.0015345468514312403,0.0014290087036686707,1.0,0.06433070060380199,0.06964800000000082,34.353544
494,0.0015303586815556432,0.0014284293111981193,1.0,0.06467660943255703,0.0693419999999989,34.422886
495,0.0015262055762459803,0.0014295537135983034,1.0,0.06358507416041796,0.0684180000000012,34.491304
496,0.0015220571889941307,0.0014282287679166707,1.0,0.06382431269014636,0.06926899999999847,34.560573
497,0.0015178815663879882,0.0014251350022132627,1.0,0.0643395707714232,0.06918500000000449,34.629758
498,0.0015137674967635162,0.0014226137896716311,1.0,0.06407596969148463,0.06778099999999654,34.697539
499,0.001509669592983907,0.0014216145066348878,1.0,0.0629443537587935,0.06904200000000316,34.766581
500,0.0015056170497731705,0.0014173011173202075,1.0,0.061661590165976554,0.06949499999999631,34.836076
501,0.0015015720582537218,0.0014145061274077355,1.0,0.06179958750388619,0.06851499999999788,34.904590999999996
502,0.0014975367899363482,0.0014137682498022496,1.0,0.0618113931831472,0.0697280000000049,34.974319
503,0.00149353283628021,0.0014120398260026412,1.0,0.06238952638280958,0.06812299999999993,35.042442
504,0.001489539845398704,0.001409301145226097,1.0,0.061352767987788416,0.06865499999999969,35.111097
505,0.001485534474137618,0.0014058956141952176,1.0,0.06162316936018732,0.06797300000000206,35.17907
506,0.0014815862568740487,0.0014029612902426416,1.0,0.06185211279246232,0.07058799999999366,35.249658
507,0.0014776368790611423,0.0014001537216728368,1.0,0.06203812252997523,0.06944600000000634,35.319104
508,0.0014736691061801115,0.00140095010525952,1.0,0.061480254581718914,0.07021599999999495,35.38932
509,0.0014697517986779153,0.0013966450707298828,1.0,0.060980745915202056,0.06935299999999955,35.458673
510,0.001465881401714113,0.0013933691570224699,1.0,0.061534566747277586,0.06775100000000123,35.526424
511,0.0014620097072702612,0.0013925801002915832,1.0,0.061761632364389384,0.06730999999999909,35.593734
512,0.0014580944465192654,0.0013935569073148086,1.0,0.06163487403635331,0.06908200000000164,35.662816
513,0.0014542519169814343,0.0013939511617719839,1.0,0.060886477377684003,0.07183100000000309,35.734647
514,0.0014504651351272945,0.0013931380178832328,1.0,0.061791450544879,0.068684999999995,35.803332
515,0.0014466530237069513,0.0013938525150821494,1.0,0.060663098405661996,0.06869900000000229,35.872031
516,0.0014428778433576192,0.0013917892100684412,1.0,0.06056105721829994,0.07008199999999931,35.942113
517,0.0014391023718071199,0.0013915484425151483,1.0,0.06032373169440257,0.06844300000000203,36.010556
518,0.0014353425645761391,0.0013921935776658987,1.0,0.060916234016080505,0.06990400000000108,36.08046
519,0.0014316415903200786,0.0013875401618145611,1.0,0.060228604155112164,0.0689959999999985,36.149456
520,0.0014279343242564284,0.0013868400403598935,1.0,0.060122143924075576,0.06819199999999626,36.217648
521,0.0014242890710501424,0.0013817672224499984,1.0,0.05938989540942178,0.06926600000000604,36.286914
522,0.0014205933596656314,0.0013817987733111639,1.0,0.05968464003220885,0.06918999999999897,36.356104
523,0.0014169298594073427,0.001384235930912898,1.0,0.059353493782649494,0.06926899999999847,36.425373
524,0.0014132745196264913,0.0013856751244334228,1.0,0.06015069591768299,0.06933199999999573,36.494704999999996
525,0.0014096543757729858,0.0013835014775281877,1.0,0.059368572767474086,0.06923200000000662,36.563937
526,0.001406078189176466,0.0013814960425826508,1.0,0.059615445897417914,0.06857799999999514,36.632515
527,0.0014024881534304924,0.0013784827661202095,1.0,0.05899461552225842,0.06932199999999966,36.701837
528,0.0013989158487544707,0.0013760599354194194,1.0,0.058900041223758234,0.06966500000000053,36.771502
529,0.0013953392622271367,0.0013786488102495143,1.0,0.059203844754364854,0.07074000000000069,36.842242
530,0.0013918035003460383,0.001377858658889635,1.0,0.05846144356696526,0.06860100000000102,36.910843
531,0.0013882748556798335,0.0013745158373430586,1.0,0.05826393173399025,0.06833300000000264,36.979176
532,0.0013847703477518603,0.0013729739895231897,1.0,0.05858994853605568,0.06997199999999992,37.049148
533,0.0013812840055890839,0.0013708228947554553,1.0,0.05813100023841391,0.069827999999994,37.118975999999996
534,0.00137780180282746,0.0013693535809059258,1.0,0.058615509824221486,0.0697540000000032,37.18873
535,0.0013743794474560536,0.0013680464509097374,1.0,0.057326183250826786,0.06986700000000212,37.258597
536,0.00137094798448893,0.0013657030171959808,1.0,0.057278082726244385,0.0677999999999983,37.326397
537,0.0013675441688163774,0.0013640094905058649,1.0,0.05751364602529135,0.06942399999999793,37.395821
538,0.001364131780447192,0.0013618286800233899,1.0,0.05762878081330708,0.06773199999999946,37.463553
539,0.0013607550327999584,0.0013601438868856837,1.0,0.056654426140478775,0.06864399999999904,37.532197
540,0.0013574075794960797,0.0013584263254938964,1.0,0.05704449713598916,0.07098600000000488,37.603183
541,0.0013540519329795437,0.0013583921348087485,1.0,0.05676060993898662,0.06863999999999493,37.671822999999996
542,0.0013507262511218724,0.0013579640780979208,1.0,0.0563655878298816,0.06905000000000427,37.740873
543,0.0013473967382428018,0.001356185925722041,1.0,0.05617743962128007,0.06846999999999781,37.809343
544,0.0013440861315736764,0.0013548847326550811,1.0,0.05566317885308798,0.06964599999999876,37.878989
545,0.0013407928128434537,0.0013533701146805123,1.0,0.05515286178617501,0.0692939999999993,37.948282999999996
546,0.0013375120970004293,0.0013513522852831362,1.0,0.05607696093358497,0.0683040000000048,38.016587
547,0.001334224788699163,0.0013515648541499766,1.0,0.05623551616350029,0.06822899999999521,38.084816
548,0.0013309616812408262,0.0013514787649256722,1.0,0.05575278580425564,0.06930900000000406,38.154125
549,0.0013277135726659842,0.001349598839436074,1.0,0.05542003820189249,0.06898600000000243,38.223111
550,0.0013244856510510146,0.0013470060359232132,1.0,0.055835883648742604,0.0700999999999965,38.293211
551,0.001321275729596664,0.001346113538199195,1.0,0.05572058287782321,0.06738500000000158,38.360596
552,0.0013180701110573282,0.0013436466460230528,1.0,0.05513655075606897,0.06976799999999628,38.430364
553,0.0013148802075245403,0.0013422232069657941,1.0,0.05575751639389719,0.06951000000000107,38.499874
554,0.0013116959032033117,0.0013408135430106876,1.0,0.05510192308406086,0.06793400000000105,38.567808
555,0.001308552908634159,0.0013397125994588468,1.0,0.054700432180234786,0.07162699999999944,38.639435
556,0.0013054206081236223,0.0013386201854883341,1.0,0.054991385833127696,0.06939599999999757,38.708830999999996
557,0.001302294311336573,0.00133436628781643,1.0,0.055013181869899196,0.07011200000000173,38.778943
558,0.0012991678512865154,0.0013324329046018627,1.0,0.0541337917298792,0.0690620000000024,38.848005
559,0.0012960692606437134,0.0013321125723758619,1.0,0.05417088765375936,0.07180499999999768,38.91981
560,0.0012929802292207834,0.0013301563602960594,1.0,0.054293164423880005,0.06873900000000077,38.988549
561,0.001289886710140904,0.0013305457676354266,1.0,0.05440814498220699,0.0684400000000025,39.056989
562,0.0012868366476717138,0.0013297680112715796,1.0,0.053855403501548604,0.06828600000000051,39.125275
563,0.0012837886872040763,0.0013302040655620963,1.0,0.05314119577718092,0.06957200000000086,39.194847
564,0.0012807440215022719,0.001327785507649955,1.0,0.05360662384323173,0.07075399999999377,39.265601
565,0.0012777022360441368,0.0013278389082596296,1.0,0.053382534174852614,0.06880300000000261,39.334404
566,0.001274700167256438,0.0013261363149016023,1.0,0.05264567785167531,0.06859000000000037,39.402994
567,0.0012716966747419386,0.0013262386054064945,1.0,0.053915977059593466,0.0699380000000005,39.472932
568,0.0012687024108120378,0.0013226330461772026,1.0,0.05270480316336705,0.06897800000000132,39.54191
569,0.0012657355725552125,0.0013197795828019192,1.0,0.05255038612089922,0.06946099999999689,39.611371
570,0.0012627239666105434,0.0013201495927625587,1.0,0.05280036531448335,0.06964800000000082,39.681019
571,0.0012597752378559438,0.0013205093004423048,1.0,0.052617537912089375,0.06867400000000146,39.749693
572,0.0012568318726057508,0.0013195668617554943,1.0,0.05248111566576507,0.0703979999999973,39.820091
573,0.0012539283174086222,0.00131733990076001,1.0,0.05255488891787956,0.06919100000000356,39.889282
574,0.0012510034270415036,0.0013150962690483192,1.0,0.05255320615888691,0.06950700000000154,39.958789
575,0.001248090415285882,0.0013138264659258501,1.0,0.05242003920219622,0.06909499999999724,40.027884
576,0.0012452086027468663,0.001311725733174279,1.0,0.052372697006542665,0.06967999999999819,40.097564
577,0.001242336609108881,0.0013110856039836472,1.0,0.051497344100354,0.0670819999999992,40.164646
578,0.0012394836734320022,0.001309428399147049,1.0,0.051567859604495864,0.06981199999999887,40.234458
579,0.0012366465560339358,0.0013076386670640443,1.0,0.051938032999409335,0.06981200000000598,40.30427
580,0.0012338040474362275,0.0013068644066349844,1.0,0.051406251786117775,0.0683000000000007,40.37257
581,0.0012309769968698512,0.0013065233227549271,1.0,0.051017693344364415,0.07089499999999305,40.443464999999996
582,0.0012281680558703521,0.0013058442888939125,1.0,0.050946055624050524,0.06944800000000129,40.512913
583,0.0012253555287628079,0.0013059130650005912,1.0,0.050699373549509555,0.06757500000000505,40.580488
584,0.0012225696087386343,0.0013058759402632496,1.0,0.05089970389287446,0.06958799999999599,40.650076
585,0.0012197927551043613,0.001302897327332552,1.0,0.05113935286839384,0.06890400000000341,40.71898
586,0.0012170246823356562,0.0013012318235967322,1.0,0.05041840518964262,0.06853999999999871,40.78752
587,0.0012142883605535395,0.0012989634675606395,1.0,0.05045725573565226,0.06965100000000035,40.857171
588,0.001211515453312662,0.001298127802551649,1.0,0.050237835940208024,0.06990799999999808,40.927079
589,0.0012087882119987342,0.0012975996062622394,1.0,0.05083776423106092,0.06823599999999885,40.995315
590,0.0012060622546121765,0.0012956993330040093,1.0,0.05070439058669758,0.06922899999999998,41.064544
591,0.0012033641982737704,0.0012924087823054722,1.0,0.05027232969921142,0.06959400000000215,41.134138
592,0.0012006758866394058,0.0012903911600201062,1.0,0.049971396904485585,0.06975299999999862,41.203891
593,0.0011980001276912025,0.001288856748890053,1.0,0.05025808917919283,0.06872400000000312,41.272615
594,0.001195321942905025,0.0012873564833522399,1.0,0.05030349967305443,0.06904300000000063,41.341658
595,0.0011926497675022565,0.0012853081260469894,1.0,0.05011112923118459,0.07029799999999398,41.411955999999996
596,0.0011899857605158037,0.0012831438182148672,1.0,0.050319194945569065,0.06836200000000048,41.480318
597,0.0011873232280365982,0.0012810890760547777,1.0,0.04979496779146793,0.06935900000000572,41.549677
598,0.0011846724220667766,0.0012787827093366766,1.0,0.04998151924855226,0.0683129999999963,41.61799
599,0.0011820439640504764,0.0012788833196130545,1.0,0.05038696826971957,0.06972799999999779,41.687718
600,0.0011793984287001538,0.001278899805877672,1.0,0.049759464983461725,0.07357200000000574,41.76129
601,0.001176764854512783,0.0012780816053834662,1.0,0.049900019507084524,0.06975599999999815,41.831046
602,0.00117417261525341,0.0012767903487181458,1.0,0.04937118174704827,0.06892899999999713,41.899975
603,0.0011715736045303786,0.0012761365777649708,1.0,0.04984390279719382,0.07075199999999882,41.970727
604,0.0011690042427743652,0.0012743943950533508,1.0,0.04923643625912247,0.06977200000000039,42.040499
605,0.0011664455089767719,0.0012724730872756124,1.0,0.04895670083707427,0.06898800000000449,42.109487
606,0.0011638976149802333,0.001269944621604397,1.0,0.049227466965042946,0.06895999999999702,42.178447
607,0.0011613381300232702,0.0012696824148942538,1.0,0.04922424135850187,0.06928299999999865,42.24773
608,0.0011587848329038166,0.001271642850888831,1.0,0.04910563418465904,0.06874100000000283,42.316471
609,0.001156252421406537,0.0012706298471728938,1.0,0.048372188326602256,0.0681859999999972,42.384657
610,0.0011537159143220532,0.001270221073277355,1.0,0.049023883206845344,0.06914400000000143,42.453801
611,0.0011512173686301006,0.001267065079739292,1.0,0.048806639749915205,0.0699639999999988,42.523765
612,0.0011487034301418113,0.0012666586350911257,1.0,0.04809548371951678,0.06905499999999876,42.592819999999996
613,0.0011462151516334407,0.0012644023872210677,1.0,0.048239875638830296,0.0680330000000069,42.660853
614,0.0011437316406137353,0.001262411499485342,1.0,0.048200216041829426,0.06781900000000007,42.728672
615,0.0011412662735820307,0.0012621892401352968,1.0,0.04827586131796155,0.07142699999999991,42.800099
616,0.0011388016888945313,0.0012616973396455753,1.0,0.047158739786266,0.07335199999999986,42.873451
617,0.001136334374283996,0.0012613886831254674,1.0,0.04833945774977407,0.06837099999999907,42.941822
618,0.0011338949541943957,0.0012577393421087048,1.0,0.048212620872592,0.07025900000000007,43.012081
619,0.0011314733774471035,0.0012563229715378732,1.0,0.04769114793690049,0.06725899999999996,43.07934
620,0.001129044866805608,0.0012561366122630592,1.0,0.048396010733268144,0.06789799999999957,43.147238
621,0.001126627916991276,0.0012558426086437058,1.0,0.048213904508853864,0.07003999999999877,43.217278
622,0.0011242149036239262,0.0012546015037637952,1.0,0.04853084059992648,0.06957200000000086,43.28685
623,0.0011218121790165644,0.0012535559810078996,1.0,0.04783896201835524,0.0694909999999993,43.356341
624,0.0011194391558743426,0.0012500056032262714,1.0,0.047178851716516264,0.06942399999999793,43.425765
625,0.0011170534121126715,0.0012498067849843507,1.0,0.04728211407028747,0.068558000000003,43.494323
626,0.0011146968226282714,0.0012495454807628,1.0,0.047167510469405614,0.0699729999999974,43.564296
627,0.0011123329240713211,0.001250428041406145,1.0,0.04763958017782659,0.06948599999999772,43.633782
628,0.0011099774784358572,0.0012513787486122447,1.0,0.047273846021350784,0.06810400000000527,43.701886
629,0.0011076274062120416,0.001251962853996799,1.0,0.04692476871421902,0.06919599999999804,43.771082
630,0.001105292588903046,0.0012522490879254215,1.0,0.04686186960895654,0.06971300000000014,43.840795
631,0.0011029912943934766,0.001250260559110158,1.0,0.04683552339584864,0.06978399999999851,43.910579
632,0.0011006772978674733,0.0012501208988097512,1.0,0.046525326068245304,0.0692370000000011,43.979816
633,0.0010983837314052795,0.001247967606303065,1.0,0.04580312168492728,0.06937500000000085,44.049191
634,0.00109610024836786,0.0012481661200755422,1.0,0.046069008037656706,0.07000500000000187,44.119196
635,0.0010938150323918522,0.001247224455349554,1.0,0.0460140966935922,0.06927799999999706,44.188474
636,0.0010915350124399686,0.0012448599392507057,1.0,0.046259087679837926,0.06852800000000059,44.257002
637,0.0010892406311623433,0.0012458140258007693,1.0,0.04583924824628814,0.0709149999999994,44.327917
638,0.0010869947220199351,0.001243702019093094,1.0,0.04556820036919009,0.06986299999999801,44.39778
639,0.0010847521163123907,0.0012440162882491755,1.0,0.045811872904628105,0.06789300000000509,44.465673
640,0.001082512175593277,0.0012442377688981223,1.0,0.04578124906155463,0.07022899999999765,44.535902
641,0.0010802822097275868,0.0012428888922585213,1.0,0.04561805003872265,0.06894899999999637,44.604851
642,0.0010780699687097286,0.001241798830990227,1.0,0.04534336535888636,0.0698460000000054,44.674697
643,0.0010758579342231294,0.0012401371894075952,1.0,0.04542639329065294,0.06931099999999901,44.744008
644,0.0010736577776924209,0.0012382134099415693,1.0,0.044870991151113655,0.06962500000000205,44.813633
645,0.0010714609449248484,0.001234989960679762,1.0,0.044342468719035674,0.06835299999999478,44.881986
646,0.0010692606097658435,0.0012330897861070594,1.0,0.044652651811281543,0.06958099999999945,44.951567
647,0.0010670776857911782,0.0012312185689466238,1.0,0.04436463473215432,0.07153000000000276,45.023097
648,0.001064909947194839,0.0012324778337477408,1.0,0.04420631410361292,0.06897500000000178,45.092072
649,0.001062748631719656,0.0012323680162803477,1.0,0.04448075085691373,0.069078999999995,45.161151
650,0.0010605909652273403,0.0012315285053509054,1.0,0.044381568850390574,0.06992999999999938,45.231080999999996
651,0.001058439230020488,0.0012305810281702605,1.0,0.04454145271057449,0.07074300000000022,45.301823999999996
652,0.0010563014102547485,0.0012300909405260924,1.0,0.044170850338541366,0.06890100000000388,45.370725
653,0.0010541793205550642,0.0012289307803320122,1.0,0.043794866098341656,0.06768900000000144,45.438414
654,0.0010520610387769944,0.0012273061682377914,1.0,0.04398378461280912,0.06821099999999802,45.506625
655,0.0010499300753712205,0.0012264525961121926,1.0,0.043816587569687385,0.0707439999999977,45.577369
656,0.0010478145044247563,0.0012273381768111123,1.0,0.043487929608820565,0.06986300000000512,45.647232
657,0.001045694878989491,0.0012260438659474932,1.0,0.04383688985138024,0.06868599999999958,45.715918
658,0.001043582094661533,0.0012233872028301355,1.0,0.04448935425444852,0.06888799999999407,45.784805999999996
659,0.0010414933763095583,0.0012215741256243618,1.0,0.0438061223880252,0.06982800000000111,45.854634
660,0.00103942223718365,0.0012202391101728658,1.0,0.04377015267712554,0.06937400000000338,45.924008
661,0.0010373553222458192,0.0012200341910989336,1.0,0.043906323481313014,0.06841399999999709,45.992422
662,0.0010352874087738815,0.0012203051228122997,1.0,0.04343229075376207,0.07001800000000458,46.06244
663,0.0010332274201824783,0.001218787969656845,1.0,0.04269556351771284,0.06902399999999886,46.131464
664,0.0010311725417157054,0.0012179561059116398,1.0,0.04281491963276222,0.06871799999999695,46.200182
665,0.0010291368733240268,0.001217807771418758,1.0,0.04255835724747633,0.06811199999999928,46.268294
666,0.0010271068601187064,0.0012160871697757842,1.0,0.04322706350582508,0.07010100000000108,46.338395
667,0.001025063536702973,0.001214439906746166,1.0,0.042989736219812835,0.0699860000000001,46.408381
668,0.0010230395962885904,0.0012141966297592737,1.0,0.043786274353679475,0.06918600000000197,46.477567
669,0.0010210170753365152,0.001213864011170069,1.0,0.04307077517132419,0.06855999999999796,46.546127
670,0.0010190139114471819,0.0012129196790129023,1.0,0.0428030026787805,0.06850599999999929,46.614633
671,0.0010170104343514032,0.001212319279187131,1.0,0.043873905071369686,0.06967699999999866,46.684309999999996
672,0.0010150114114255541,0.001210921448407719,1.0,0.04335078219452493,0.06829800000000574,46.752608
673,0.0010130263620202506,0.0012103517893572598,1.0,0.043119596978739044,0.06897699999999674,46.821585
674,0.0010110449570125946,0.0012087839401139088,1.0,0.04326784952856896,0.0702929999999995,46.891878
675,0.0010090592445832249,0.0012067586899227158,1.0,0.04341559737539375,0.06879200000000196,46.96067
676,0.0010070973504348571,0.0012066036583005127,1.0,0.043206622544499224,0.13184499999999844,47.092515
677,0.0010051293317269872,0.0012062272575424898,1.0,0.04227332979741426,0.1448389999999975,47.237353999999996
678,0.0010031873302213232,0.0012054180796978809,1.0,0.042473009155582664,0.075129000000004,47.312483
679,0.001001245125100497,0.0012042249446371609,1.0,0.041399000526061464,0.07135799999999648,47.383841
680,0.0009993194163022653,0.0012040213957832371,1.0,0.04175199255658378,0.07521100000000303,47.459052
681,0.0009973857586517095,0.0012027777015561221,1.0,0.04184952124998412,0.06839099999999831,47.527443
682,0.000995461470019528,0.0012018582013046568,1.0,0.042197878760574785,0.07026600000000371,47.597709
683,0.0009935469777323654,0.0012007080091119874,1.0,0.04226247041905257,0.06982599999999906,47.667535
684,0.0009916237748550613,0.001200493423959706,1.0,0.04217999108166314,0.06897899999999879,47.736514
685,0.0009897190473354867,0.001199909323831756,1.0,0.04168668231819453,0.06925499999999829,47.805769
686,0.0009878059874783686,0.0011989218327965135,1.0,0.04189839311098024,0.07150100000000492,47.87727
687,0.000985929959202591,0.0011973853606057309,1.0,0.04119412978361659,0.06861699999999615,47.945887
688,0.0009840510204409325,0.001195652892757689,1.0,0.04102274884034003,0.07061200000000412,48.016499
689,0.0009821688658214578,0.0011951443110129831,1.0,0.04175365886479573,0.06923399999999447,48.085733
690,0.000980290178726014,0.0011955871976134832,1.0,0.041636417936445194,0.07159100000000507,48.157324
691,0.0009784307903382473,0.0011949994572129118,1.0,0.04145020469686055,0.06891499999999695,48.226239
692,0.0009765683393123342,0.0011946897249371631,1.0,0.04164978845664756,0.06934400000000096,48.295583
693,0.0009747068572065218,0.0011941294783870656,1.0,0.04174466521581976,0.06971699999999714,48.3653
694,0.0009728605753209635,0.001193175913494483,1.0,0.041212829166437995,0.06853100000000012,48.433831
695,0.0009710191121699514,0.0011922460705805604,1.0,0.04140967129490014,0.0685320000000047,48.502363
696,0.00096918502677794,0.0011914550253708633,1.0,0.04106682558126124,0.07100399999999496,48.573367
697,0.0009673516311613253,0.0011901973553561658,1.0,0.040431333545259816,0.06909999999999883,48.642466999999996
698,0.0009655257184889979,0.0011900718856857598,1.0,0.04141739302365429,0.06974000000000302,48.712207
699,0.000963717790201583,0.0011867777058186134,1.0,0.04049591362519876,0.07099600000000095,48.783203
700,0.000961919761536104,0.0011851567351210388,1.0,0.04090328002264531,0.06950299999999743,48.852706
701,0.0009601258191876349,0.001185281036513544,1.0,0.040886745512013885,0.06821000000000055,48.920916
702,0.0009583280223265722,0.0011858143546856392,1.0,0.040198217610972295,0.07004200000000083,48.990958
703,0.0009565393063575546,0.0011854706826120438,1.0,0.04019176962815632,0.0716200000000029,49.062578
704,0.0009547611942766792,0.0011847320926481554,1.0,0.04021263087912773,0.0698499999999953,49.132428
705,0.0009529803686656841,0.0011831543695124743,1.0,0.04027581490394556,0.06891200000000453,49.20134
706,0.0009511999439282589,0.0011822287070068344,1.0,0.040323613514169014,0.06942399999999793,49.270764
707,0.0009494262303341255,0.0011816356932162731,1.0,0.04064811798785975,0.06848999999999705,49.339254
708,0.0009476611840568669,0.0011810378188250171,1.0,0.04017932587561918,0.06887600000000305,49.40813
709,0.0009459053485195934,0.0011794742845657913,1.0,0.0403049902471352,0.06947699999999912,49.477607
710,0.0009441559688241698,0.0011802300479676283,1.0,0.040455683399138596,0.06920900000000074,49.546816
711,0.0009424266638716666,0.0011773616399707574,1.0,0.0399560932911705,0.06926099999999735,49.616077
712,0.0009406976273130824,0.0011757383914530277,1.0,0.03986619994217563,0.06809000000000509,49.684167
713,0.0009389417639741471,0.001177806523212407,1.0,0.039831035926925884,0.06940399999999869,49.753571
714,0.0009372088573615789,0.0011784910490720223,1.0,0.03987940507328415,0.06999599999999617,49.823567
715,0.0009355006784187663,0.0011772481871655236,1.0,0.039503623739893766,0.06885400000000175,49.892421
716,0.0009337872615136394,0.001177684015365894,1.0,0.03939226110102322,0.06847299999999734,49.960893999999996
717,0.0009320787021128029,0.0011772789702764437,1.0,0.03955774028839543,0.06871900000000153,50.029613
718,0.0009303707106561767,0.0011782360211833034,1.0,0.03948744397513411,0.0695310000000049,50.099144
719,0.0009286863765946436,0.001175463951774945,1.0,0.0390723131138311,0.06884199999999652,50.167986
720,0.0009270057739658163,0.001173950909945824,1.0,0.039125988926878734,0.06736399999999776,50.23535
721,0.000925332675625727,0.0011731232665741032,1.0,0.03895733492327934,0.06818499999999972,50.303535
722,0.0009236532656707247,0.0011732651039318114,1.0,0.038752333851073024,0.06812500000000199,50.37166
723,0.0009219870755222645,0.0011715160284527658,1.0,0.03932092370528644,0.06814800000000076,50.439808
724,0.0009203212293696754,0.0011700662535750403,1.0,0.038894676693174486,0.06821599999999961,50.508024
725,0.0009186699284012424,0.0011697455598770666,1.0,0.03850399859612447,0.06914799999999843,50.577172
726,0.0009170147683882665,0.0011704407368903812,1.0,0.03863406944643225,0.0687380000000033,50.64591
727,0.0009153724935109906,0.001168602834794667,1.0,0.038303719302933366,0.06837199999999655,50.714282
728,0.0009137274305896179,0.0011698260590250623,1.0,0.038361298218857955,0.0684180000000012,50.7827
729,0.0009120976217527874,0.0011698509956841832,1.0,0.03790790450044764,0.06811499999999882,50.850815
730,0.0009104703420423009,0.0011687169226792333,1.0,0.0382221561524013,0.06914400000000143,50.919959
731,0.0009088520052288786,0.0011693355129647521,1.0,0.03805795616624702,0.06964200000000176,50.989601
732,0.0009072461609940034,0.001169988425448496,1.0,0.0375389068162778,0.06830599999999976,51.057907
733,0.0009056392083132938,0.001168329530976555,1.0,0.0378251352968492,0.0703320000000005,51.128239
734,0.0009040171130336072,0.0011690585955018947,1.0,0.03796570122963026,0.07020999999999589,51.198449
735,0.0009024111448137175,0.0011679290127737493,1.0,0.037716991445991,0.06890500000000088,51.267354
736,0.0009008271824433409,0.0011661963481826559,1.0,0.03753735539680485,0.07027800000000184,51.337632
737,0.0008992404988945529,0.0011635856423676952,1.0,0.0377460915079257,0.06895099999999843,51.406583
738,0.000897656964558004,0.0011619823373775844,1.0,0.03706330041861394,0.06960200000000327,51.476185
739,0.0008960764774063262,0.0011618534764178884,1.0,0.03754029775924389,0.07068199999999791,51.546867
740,0.0008944968822689009,0.0011593409408622844,1.0,0.037071181586670804,0.0685009999999977,51.615368
741,0.0008929352668694235,0.0011584179084051975,1.0,0.036913820480778146,0.06835200000000441,51.68372
742,0.000891366178431084,0.0011562585169571861,1.0,0.03700364325159821,0.0682559999999981,51.751976
743,0.0008897988906589597,0.001155068718177934,1.0,0.036888145860468215,0.07089500000000015,51.822871
744,0.000888233081051343,0.0011549927341726206,1.0,0.037344352846512746,0.06817500000000365,51.891046
745,0.0008866701109145825,0.0011543639606396382,1.0,0.03797387322112477,0.06977399999999534,51.96082
746,0.0008851272677835978,0.001150917055343958,1.0,0.037304393781075,0.070805,52.031625
747,0.0008835735828738877,0.001150134491564918,1.0,0.03750885824011665,0.06935000000000002,52.100975
748,0.0008820413896934934,0.001150173511784096,1.0,0.03777501794452383,0.06866899999999987,52.169644
749,0.0008805120770348944,0.0011482592297329321,1.0,0.037312483576723655,0.07079900000000094,52.240443
750,0.0008789701891119447,0.0011485982867051735,1.0,0.03717124360227583,0.0688650000000024,52.309308
751,0.0008774522518924506,0.0011479283185743916,1.0,0.037139024482137455,0.069859000000001,52.379167
752,0.0008759171101439423,0.0011482321322582112,1.0,0.03706840284515537,0.06897999999999627,52.448147
753,0.0008744032201125994,0.0011466256660358405,1.0,0.036951076586730254,0.06927499999999753,52.517421999999996
754,0.0008728916857757052,0.0011464032623695786,1.0,0.03698922937851977,0.06860100000000102,52.586023
755,0.0008713896430209751,0.001144712423726479,1.0,0.036690127389816286,0.06850200000000228,52.654525
756,0.000869885208854578,0.0011443607168186273,1.0,0.03633769668451356,0.06962299999999999,52.724148
757,0.0008683894093095183,0.0011462518207200384,1.0,0.03651589583208662,0.06890400000000341,52.793052
758,0.0008669014540740916,0.001145326391203498,1.0,0.036128589950111714,0.0708709999999968,52.863923
759,0.0008654098136532655,0.0011446365900525095,1.0,0.036515770835484136,0.06966299999999848,52.933586
760,0.0008639333061073904,0.0011424701894852329,1.0,0.03640908898051569,0.07033700000000209,53.003923
761,0.0008624451725441052,0.0011415518859624629,1.0,0.036343517581367314,0.06902099999999933,53.072944
762,0.0008609719664908504,0.001141320598023266,1.0,0.03616076888189999,0.06998500000000263,53.142929
763,0.000859511196892676,0.0011392517683193328,1.0,0.03591343716237153,0.06960999999999729,53.212539
764,0.0008580461844377007,0.0011397812053601192,1.0,0.036470938304214606,0.06896600000000319,53.281505
765,0.0008565903287849391,0.0011379364823309239,1.0,0.03657149975589514,0.06856499999999954,53.35007
766,0.0008551357309034966,0.0011369202177919898,1.0,0.03643020222472341,0.0685709999999986,53.418641
767,0.0008536838594091585,0.0011357842220302448,1.0,0.03614407501221973,0.06839999999999691,53.487041
768,0.0008522415960027338,0.0011347643872583208,1.0,0.03610492524037616,0.06931500000000312,53.556356
769,0.0008507999142444809,0.0011349109564376936,1.0,0.03571147962910054,0.07019700000000029,53.626553
770,0.0008493695159822634,0.0011333717400167343,1.0,0.0358499973897757,0.06923899999999605,53.695792
771,0.0008479319040866053,0.0011322671891748949,1.0,0.035606940578927215,0.0745679999999993,53.77036
772,0.0008465039018119247,0.0011310993727956795,1.0,0.036079450750027095,0.06830200000000275,53.838662
773,0.0008450805224786047,0.0011299996158739582,1.0,0.03622351635510663,0.06831900000000246,53.906981
774,0.000843658076953967,0.0011307809947475563,1.0,0.03595278950245554,0.06817600000000112,53.975157
775,0.0008422392444109066,0.0011289258996084385,1.0,0.03568428147218196,0.06809399999999499,54.043251
776,0.0008408319334085021,0.0011272228058041246,1.0,0.03553921512330365,0.07301500000000516,54.116266
777,0.000839418860079604,0.0011278278996643706,1.0,0.035723056353492294,0.06726199999999949,54.183528
778,0.0008380209694380338,0.0011270374926438452,1.0,0.03585902837880426,0.06903299999999746,54.252561
779,0.000836618115311579,0.001127238293405762,1.0,0.035067399011625255,0.06795199999999824,54.320513
780,0.0008352206829907908,0.0011246659092649584,1.0,0.035250616970219854,0.06822800000000484,54.388741
781,0.000833831063525359,0.0011241455047321417,1.0,0.03510913570883544,0.0680499999999995,54.456791
782,0.0008324533759908978,0.001123340745067921,1.0,0.03527688325173962,0.069074999999998,54.525866
783,0.0008310714486452051,0.0011239200408970065,1.0,0.03509921593769083,0.06772499999999582,54.593590999999996
784,0.0008297020839388902,0.0011216086021960006,1.0,0.03462717655896093,0.06913500000000283,54.662726
785,0.000828333604679524,0.0011210934101059623,1.0,0.03495409903840795,0.0705560000000034,54.733282
786,0.0008269589653617648,0.0011213017776998196,1.0,0.03500363853883347,0.0683389999999946,54.801621
787,0.0008255942926018936,0.0011228933758572353,1.0,0.03459886223525792,0.06985399999999942,54.871475
788,0.0008242374753434202,0.0011234660361706377,1.0,0.03473125260164328,0.06863799999999998,54.940113
789,0.0008228909996460485,0.001121520080220056,1.0,0.03456464136267436,0.06995900000000432,55.010072
790,0.000821549896451281,0.0011189158455557843,1.0,0.03500360079608511,0.06944099999999764,55.079513
791,0.0008202026468204468,0.0011186322083128505,1.0,0.034690802181365915,0.0697060000000036,55.149219
792,0.0008188569537410389,0.0011171768432495677,1.0,0.03455960520265839,0.06898999999999944,55.218209
793,0.0008175131187253317,0.0011157562843330283,1.0,0.03413538038980025,0.06966599999999801,55.287875
794,0.000816164851792522,0.0011164449511746645,1.0,0.03436169642541511,0.0691539999999975,55.357029
795,0.000814837362956363,0.001114797663762611,1.0,0.0344562640325501,0.06928400000000323,55.426313
796,0.0008135136844179996,0.0011131751586333086,1.0,0.03470470814615022,0.06788999999999845,55.494203
797,0.0008121768979701571,0.0011139830148621974,1.0,0.03425499982005199,0.06946800000000053,55.563671
798,0.0008108627350127956,0.0011138582821603477,1.0,0.03429292848826781,0.0702709999999982,55.633942
799,0.0008095492877616324,0.0011111152534534186,1.0,0.03427939830412525,0.06907000000000352,55.703012
800,0.0008082258321121907,0.0011111008252013006,1.0,0.03410745611469082,0.07529699999999906,55.778309
801,0.0008069141346223072,0.0011122117756387215,1.0,0.03389569159776877,0.06933699999999732,55.847646
802,0.0008056020720302484,0.0011116507846415462,1.0,0.03382226650160882,0.07079800000000347,55.918444
803,0.0008043099921202781,0.0011103981952223078,1.0,0.03391319329440424,0.07119000000000142,55.989634
804,0.000803022639549761,0.001109130765709564,1.0,0.0340198729067151,0.070568999999999,56.060203
805,0.000801721952135312,0.0011071512639188497,1.0,0.0344451842137777,0.06871100000000041,56.128914
806,0.0008004250968627993,0.0011089646149913084,1.0,0.033644543763718636,0.07332599999999445,56.202239999999996
807,0.0007991410917394619,0.0011088478042629865,1.0,0.033767068466375956,0.06965600000000194,56.271896
808,0.0007978564389436947,0.0011083787349676242,1.0,0.03375495766137855,0.06758500000000112,56.339481
809,0.0007965734625399365,0.00110873066319515,1.0,0.033480317783540145,0.07033700000000209,56.409818
810,0.0007952997452507336,0.0011076104887876763,1.0,0.03357581158568011,0.0687509999999989,56.478569
811,0.0007940388375847458,0.0011071223464196444,1.0,0.032982543472242505,0.06689599999999984,56.545465
812,0.0007927727517046089,0.0011058935362579477,1.0,0.03301986248918359,0.06682599999999894,56.612291
813,0.0007915129334356359,0.0011062911773887783,1.0,0.033438415179880936,0.07067500000000138,56.682966
814,0.0007902605583486992,0.0011053952191664724,1.0,0.03311183661316189,0.06893799999999572,56.751903999999996
815,0.0007890100042121136,0.0011047827050136376,1.0,0.03280946689552377,0.07339200000000545,56.825296
816,0.0007877536663960641,0.0011040914058381619,1.0,0.03314380484479545,0.07107599999999792,56.896372
817,0.0007865132563793485,0.0011035484070281228,1.0,0.03297826820496919,0.06932499999999919,56.965697
818,0.0007852593632577102,0.0011037195546073112,1.0,0.03337444825148632,0.07091100000000239,57.036608
819,0.0007840131320074264,0.0011021123433552743,1.0,0.03309460968842659,0.06754399999999805,57.104152
820,0.0007827775795105399,0.0011010267724901168,1.0,0.03305293503152313,0.07022899999999765,57.174381
821,0.000781545300460839,0.0010992011413941977,1.0,0.03311878490672545,0.06785500000000155,57.242236
822,0.0007803080454765383,0.0010998384055073876,1.0,0.03285562007011207,0.07005500000000353,57.312291
823,0.0007790860505339274,0.0010995466270171674,1.0,0.033138714951956666,0.06857799999999514,57.380869
824,0.0007778552451927974,0.001099395088768543,1.0,0.03291592815734748,0.0684840000000051,57.449353
825,0.0007766452836859104,0.0010977385372160182,1.0,0.032632885883917905,0.0691579999999945,57.518511
826,0.0007754303171100945,0.0010972343512487515,1.0,0.03261735605543406,0.06899400000000355,57.587505
827,0.0007742176326540208,0.001096381665235,1.0,0.03254161245030288,0.06836200000000048,57.655867
828,0.0007730104957979167,0.0010951427507391667,1.0,0.03286436232860377,0.06928800000000024,57.725155
829,0.0007718089070698508,0.0010938280152376734,1.0,0.032703608571640064,0.06872399999999601,57.793879
830,0.000770603336921961,0.0010952092880107246,1.0,0.032582851976448134,0.06831100000000134,57.86219
831,0.0007693977507419492,0.00109549456177029,1.0,0.032438756385813464,0.07072099999999892,57.932911
832,0.0007682068622336377,0.0010944767535438018,1.0,0.03216472820051247,0.0693600000000032,58.002271
833,0.00076701209251488,0.001093567854520671,1.0,0.032082753060154894,0.06905499999999876,58.071326
834,0.0007658254747423399,0.0010922666204721092,1.0,0.03222308399982792,0.06904600000000016,58.140372
835,0.0007646357854242203,0.0010919332770157903,1.0,0.03231110314201947,0.07084300000000354,58.211215
836,0.0007634567944649274,0.0010913632522933348,1.0,0.03224962536726453,0.07006699999999455,58.281282
837,0.0007622811396195574,0.001089289823905748,1.0,0.03236250563489753,0.06966300000000558,58.350945
838,0.0007610991462572601,0.0010889234633373074,1.0,0.03235928294661517,0.06913399999999825,58.420079
839,0.0007599258445518351,0.0010867610512383394,1.0,0.03211048476623895,0.06869899999999518,58.488777999999996
840,0.0007587596597468463,0.0010866595080262292,1.0,0.03248628003843626,0.07258500000000367,58.561363
841,0.0007575963815915905,0.0010857362577580782,1.0,0.031792255128600386,0.06998999999999711,58.631353
842,0.0007564319684804396,0.001083931333334223,1.0,0.03175249690916889,0.06933899999999937,58.700692
843,0.0007552714228683457,0.0010823739457652263,1.0,0.03199318507967903,0.06949200000000388,58.770184
844,0.0007541158514292911,0.001082625316866328,1.0,0.03201761113628095,0.06992999999999938,58.840114
845,0.0007529582419527657,0.001083150922680297,1.0,0.03213583923464764,0.06805299999999903,58.908167
846,0.0007518093792323035,0.001081954996702905,1.0,0.03163738964374938,0.06888000000000005,58.977047
847,0.0007506659895598147,0.001080217993882742,1.0,0.03179267113248111,0.06888099999999753,59.045927999999996
848,0.0007495234178749663,0.0010810524987461924,1.0,0.031849848826835385,0.0720890000000054,59.118017
849,0.0007483831028376949,0.0010806807449036755,1.0,0.03218212425035573,0.06941299999999728,59.18743
850,0.0007472491129905419,0.0010788358291636297,1.0,0.0319909780959048,0.0690840000000037,59.256514
851,0.000746112054236981,0.0010787769591855839,1.0,0.03176284689367428,0.06901899999999728,59.325533
852,0.000744984307370854,0.0010784624306487776,1.0,0.03176657720308933,0.06905799999999829,59.394591
853,0.0007438504372549778,0.0010795920110981405,1.0,0.031025437164230216,0.07075499999999835,59.465346
854,0.0007427331419849531,0.001078911701137318,1.0,0.03132979841474361,0.06846300000000127,59.533809
855,0.0007416073707439745,0.001079295899015914,1.0,0.03139937475201234,0.06994800000000367,59.603757
856,0.0007404814386762321,0.001080383373728199,1.0,0.03175583931228755,0.069074999999998,59.672832
857,0.0007393726931322071,0.0010810470476362959,1.0,0.03178699253654392,0.07065300000000008,59.743485
858,0.0007382564516133804,0.0010805589018481577,1.0,0.031453353612048124,0.07012399999999985,59.813609
859,0.0007371491694778079,0.0010808565128358385,1.0,0.03195382473070527,0.0702709999999982,59.88388
860,0.0007360414005859925,0.0010806559890445483,1.0,0.031504023308472906,0.0709020000000038,59.954782
861,0.0007349457874047522,0.0010798484762896952,1.0,0.031190306478149094,0.06916999999999973,60.023952
862,0.0007338497043636022,0.001078635987398234,1.0,0.030972583108648977,0.06945100000000082,60.093403
863,0.0007327593116517304,0.001076745343667974,1.0,0.03108251811553312,0.08302899999999624,60.176432
864,0.0007316728700552377,0.0010756419579360653,1.0,0.030963990288025968,0.08079800000000148,60.25723
865,0.0007305855166223235,0.001075020661504873,1.0,0.0307604362092011,0.07313299999999856,60.330363
866,0.0007294915456691191,0.0010755320192097064,1.0,0.03086075375030446,0.07565600000000217,60.406019
867,0.0007284010777329005,0.0010757139037257343,1.0,0.030795581368372085,0.07233500000000248,60.478354
868,0.0007273201181813469,0.0010770429030975662,1.0,0.030734782892677028,0.07431499999999858,60.552669
869,0.0007262429807828859,0.0010770294045071647,1.0,0.030556847950978388,0.07347399999999737,60.626143
870,0.0007251693024234469,0.0010769926054237553,1.0,0.03052775503369351,0.0726760000000013,60.698819
871,0.0007240950968537893,0.0010753427745656343,1.0,0.030685548164006187,0.07594399999999979,60.774763
872,0.0007230238590592954,0.0010748609434039146,1.0,0.030757209366866673,0.07357499999999817,60.848338
873,0.0007219595543118262,0.0010739985308143448,1.0,0.030688362576509302,0.06890200000000135,60.91724
874,0.0007208976437773565,0.0010732031298831175,1.0,0.030462057365252957,0.07135199999999742,60.988592
875,0.0007198403641696689,0.0010718252592860356,1.0,0.03027060491150402,0.07197800000000143,61.06057
876,0.00071879342371644,0.0010701309005800115,1.0,0.030655166726336527,0.0741300000000038,61.1347
877,0.0007177373595881198,0.0010686195632103135,1.0,0.030638728376206913,0.09714799999999713,61.231848
878,0.000716686486266592,0.0010693787846051725,1.0,0.030817858198803335,0.0801659999999984,61.312014
879,0.0007156384693004259,0.0010697137657253888,1.0,0.03031667918165174,0.07395300000000304,61.385967
880,0.0007145983776088393,0.0010683994418650472,1.0,0.030353233498932226,0.07415699999999958,61.460124
881,0.000713557721426945,0.0010681205013667189,1.0,0.030690885874446114,0.07508999999999588,61.535213999999996
882,0.0007125227111450498,0.0010668934004887513,1.0,0.03025450202761059,0.07594700000000643,61.611161
883,0.0007114904666351398,0.0010657463200999312,1.0,0.03017481245757519,0.07213899999999995,61.6833
884,0.0007104486754371664,0.0010664326236059832,1.0,0.0301147015753002,0.07417099999999976,61.757471
885,0.0007094210697198524,0.0010667291201488746,1.0,0.03027611146154806,0.07156099999999554,61.829032
886,0.0007083890923463202,0.0010672131257640951,1.0,0.030285629378670808,0.06970799999999855,61.89874
887,0.0007073625654424807,0.0010664502385646765,1.0,0.02985021847980482,0.0734250000000003,61.972165
888,0.0007063368209269542,0.0010662304345572323,1.0,0.02999790203880058,0.0785979999999995,62.050762999999996
889,0.0007053134214246386,0.0010667957525557518,1.0,0.03034787297998773,0.08200700000000438,62.13277
890,0.0007042993781395047,0.0010665944661595484,1.0,0.029932966005220704,0.07931099999999702,62.212081
891,0.0007032810657529489,0.0010671212357183293,1.0,0.03020115132705252,0.07352900000000062,62.28561
892,0.0007022692324585276,0.0010668107215421605,1.0,0.02971909586685831,0.06984899999999783,62.355458999999996
893,0.0007012697167608307,0.001066348214266762,1.0,0.02931084935528156,0.07126700000000596,62.426726
894,0.0007002640801144857,0.0010662650745906009,1.0,0.029576371701370473,0.07920899999999875,62.505935
895,0.0006992593948572062,0.001066387530743285,1.0,0.02929755260815454,0.0753830000000022,62.581318
896,0.0006982548487063832,0.0010652618266110629,1.0,0.02913051133510159,0.07512699999999484,62.656445
897,0.0006972583800505568,0.0010640409753278053,1.0,0.029135489307673533,0.07091199999999986,62.727357
898,0.0006962622423298317,0.0010637764137927685,1.0,0.029285246431759684,0.06915800000000161,62.796515
899,0.0006952656323514183,0.0010635092723648542,1.0,0.029555941712475036,0.06898600000000243,62.865501
900,0.0006942772283237989,0.00106310967980219,1.0,0.029247751455103776,0.06818799999999925,62.933689
901,0.0006932949116267355,0.001063066839068483,1.0,0.029180674869220623,0.06933300000000031,63.003022
902,0.0006923097556905288,0.0010637019071042455,1.0,0.028949863497756148,0.070568999999999,63.073591
903,0.0006913277187281783,0.0010636709916854452,1.0,0.029603328470193525,0.0684180000000012,63.142009
904,0.0006903512915304036,0.0010633375538338832,1.0,0.029352763247063967,0.07028499999999838,63.212294
905,0.0006893797276595813,0.001064245685954283,1.0,0.02909665242100955,0.06874599999999731,63.28104
906,0.0006884018234057127,0.0010656722536409207,1.0,0.028973737796765698,0.06980100000000533,63.350841
907,0.0006874339940501047,0.0010658269985389494,1.0,0.028856267389670138,0.06924499999999512,63.420086
908,0.00068647035212251,0.0010659032683488204,1.0,0.028892134095241197,0.06996099999999927,63.490047
909,0.0006855106310314809,0.0010652904201303671,1.0,0.02850051102632497,0.07360300000000564,63.56365
910,0.0006845450150381564,0.0010646319698477359,1.0,0.028708852844382973,0.07303399999999982,63.636684
911,0.0006835827904749762,0.001065484515322972,1.0,0.02871705814266019,0.07131099999999435,63.707995
912,0.0006826225207553238,0.0010665919274694975,1.0,0.028905813354214847,0.07401199999999619,63.78200699999999
913,0.0006816676169148963,0.001065628019296761,1.0,0.028490639914061318,0.07008200000001352,63.85208900000001
914,0.0006807181126407433,0.0010664920789565091,1.0,0.02852936445567846,0.07249699999999848,63.924586000000005
915,0.0006797741005347464,0.0010652401877512012,1.0,0.02844232649323267,0.07271399999999062,63.997299999999996
916,0.0006788315227434714,0.001063178009815207,1.0,0.028675291088353073,0.07207400000000064,64.069374
917,0.0006778914310658927,0.0010621924471166568,1.0,0.028361572341392048,0.07157899999999984,64.140953
918,0.0006769512720176693,0.0010601219323793432,1.0,0.028572386579312808,0.0706780000000009,64.211631
919,0.0006760156213335229,0.0010589104206237367,1.0,0.028379255396425454,0.07025900000000718,64.28189
920,0.0006750831087287772,0.0010578415030274941,1.0,0.028416302230053557,0.06870499999999424,64.350595
921,0.0006741477562973373,0.0010574317995349274,1.0,0.02831005232999727,0.07040100000000393,64.420996
922,0.0006732211640264821,0.0010564284713855906,1.0,0.028129592698868416,0.07401199999999619,64.495008
923,0.0006722881117996278,0.0010559309388054488,1.0,0.02811073228796692,0.07116399999999601,64.566172
924,0.0006713617627085868,0.0010556171646272153,1.0,0.028129208966815415,0.07104100000000813,64.637213
925,0.0006704316889076614,0.0010549900143776818,1.0,0.028328607477255345,0.07064900000000307,64.707862
926,0.0006695065569357674,0.0010538284051807415,1.0,0.028326910374861698,0.07118999999998721,64.779052
927,0.0006685835447204231,0.0010540903490894864,1.0,0.028558902554279154,0.07504000000000133,64.854092
928,0.000667665698854386,0.0010544671644483682,1.0,0.02802123090725225,0.07387300000000607,64.927965
929,0.0006667518438042044,0.0010550129757075674,1.0,0.027946403697134754,0.07241000000000497,65.000375
930,0.0006658416005243281,0.0010533732426966352,1.0,0.02823775072852398,0.08043399999999679,65.080809
931,0.0006649289912008298,0.0010529188871764468,1.0,0.028108027101533782,0.0681199999999933,65.148929
932,0.0006640180579518699,0.0010524321965804033,1.0,0.02809295477661822,0.07398500000000752,65.222914
933,0.0006631118719917935,0.0010524114364527568,1.0,0.027969181533123246,0.07437999999999079,65.297294
934,0.0006622130649603409,0.0010521638187407257,1.0,0.028628471157502885,0.0688740000000081,65.366168
935,0.0006613091661778395,0.0010512234709841217,1.0,0.02801415022079083,0.07436599999999771,65.440534
936,0.0006604064231346011,0.0010512255167679145,1.0,0.02780814659027906,0.07203300000000468,65.512567
937,0.0006595048409430389,0.0010500659922408752,1.0,0.027972460356155256,0.07632599999999456,65.588893
938,0.0006586141587159366,0.001048725650499079,1.0,0.028206215766933926,0.07011699999999621,65.65901
939,0.0006577207187470975,0.0010479231899242299,1.0,0.02784193430433195,0.06843700000000297,65.727447
940,0.0006568344865274641,0.0010480145079221983,1.0,0.02789711998245181,0.0705159999999978,65.797963
941,0.0006559473177331841,0.0010475742468759332,1.0,0.027583548437510097,0.07249900000000764,65.870462
942,0.0006550608917021626,0.0010471189230328764,1.0,0.027674769399420592,0.07045300000000054,65.940915
943,0.0006541801943369202,0.0010469773364059098,1.0,0.02772078387414838,0.06822799999999063,66.009143
944,0.0006532969824224605,0.001046876085443337,1.0,0.02743366860076613,0.06750300000000209,66.076646
945,0.0006524161449036364,0.001045779716364312,1.0,0.027724945826450208,0.06952700000000789,66.146173
946,0.0006515375956443839,0.0010451754805092472,1.0,0.02749899255350931,0.06846499999998912,66.214638
947,0.0006506625124916951,0.0010439779453376727,1.0,0.027641470231339973,0.07091300000000444,66.285551
948,0.0006497858724628026,0.0010443093485599934,1.0,0.02717971425421988,0.07089200000000062,66.356443
949,0.0006489178257030448,0.001043851148641162,1.0,0.02720592675107898,0.06878500000000543,66.425228
950,0.0006480497988570935,0.0010440451705905096,1.0,0.02740102290695153,0.07211099999999249,66.497339
951,0.0006471782258983589,0.0010436138806896639,1.0,0.027378458974578496,0.07141099999999767,66.56875
952,0.0006463154312022577,0.001042337086926494,1.0,0.027462189475469013,0.06949800000001005,66.638248
953,0.0006454472376554848,0.0010406254032642942,1.0,0.027259568119020222,0.07652299999999457,66.714771
954,0.0006445830924686743,0.0010386722409254788,1.0,0.027452316663013163,0.06826599999999416,66.783037
955,0.0006437238549834173,0.0010381241820023716,1.0,0.02758166024104499,0.07204200000001038,66.855079
956,0.000642866486646543,0.001036860558019923,1.0,0.027063963078371032,0.06889900000000182,66.923978
957,0.0006420139639801969,0.0010362743250151535,1.0,0.027537577783271792,0.07281199999999899,66.99679
958,0.0006411587927775299,0.0010365743856363676,1.0,0.02728500656794021,0.06986399999999549,67.066654
959,0.0006403077520690659,0.0010362704437977845,1.0,0.02735169904341712,0.07235900000000584,67.139013
960,0.0006394582444834367,0.0010363820341876512,1.0,0.027219278399716686,0.0700999999999965,67.209113
961,0.0006386158159919052,0.0010364215574228046,1.0,0.027250884543499512,0.07032900000000097,67.279442
962,0.0006377766121858459,0.0010354158537983571,1.0,0.026731644805888185,0.07024400000000242,67.349686
963,0.0006369359792926781,0.0010346085830784466,1.0,0.027014374084610066,0.06976899999999375,67.419455
964,0.0006360963469289239,0.0010345558923415276,1.0,0.02697711847738525,0.06820100000000195,67.487656
965,0.0006352542547767044,0.001034450620408666,1.0,0.027087554846764755,0.06933499999999526,67.556991
966,0.0006344217890838595,0.0010325674650544937,1.0,0.027181304889316922,0.07179899999999861,67.62879
967,0.0006335839322583111,0.001030430265526749,1.0,0.02731360287423357,0.07170200000000193,67.700492
968,0.0006327512301180398,0.0010310515701375555,1.0,0.026959505361840427,0.06757000000000346,67.768062
969,0.0006319235231170883,0.0010290297570909911,1.0,0.026601536326214807,0.07028300000000343,67.838345
970,0.0006310922501393354,0.0010290958714189301,1.0,0.026594643536604054,0.071124999999995,67.90947
971,0.0006302637376147094,0.0010299752695619232,1.0,0.026634097819812057,0.06978100000000609,67.979251
972,0.0006294423823958939,0.0010290948454983527,1.0,0.026621069157909415,0.06807699999998817,68.047328
973,0.0006286151353761147,0.0010290652538226504,1.0,0.026909399850374553,0.07339100000000087,68.120719
974,0.0006277914404083096,0.0010276852918635548,1.0,0.026836498972672842,0.07189300000000287,68.192612
975,0.0006269713908847749,0.001027762899591052,1.0,0.026718631015869826,0.07248200000000793,68.265094
976,0.000626151487135815,0.0010267806548727573,1.0,0.026859142097141273,0.06856799999999907,68.333662
977,0.0006253366794474968,0.0010261778532569116,1.0,0.02667411393153994,0.06923399999999447,68.402896
978,0.0006245186279207618,0.001025852556750143,1.0,0.02687003493324242,0.07295100000000332,68.475847
979,0.0006237107339772647,0.0010257699307523827,1.0,0.026398450222952154,0.07169799999999782,68.547545
980,0.0006228949805181676,0.00102518082221449,1.0,0.02655378860544626,0.0741040000000055,68.621649
981,0.0006220881314114981,0.0010243351978144657,1.0,0.026543699079263527,0.07212599999999725,68.693775
982,0.0006212838617299428,0.0010239908719170071,1.0,0.026659272158401585,0.07125100000000373,68.765026
983,0.0006204836187392661,0.0010240169075281613,1.0,0.02633858665125728,0.07186999999998989,68.836896
984,0.0006196794537735242,0.0010228716085809346,1.0,0.026456241623231253,0.06984300000000587,68.906739
985,0.0006188800187228422,0.0010220460977068769,1.0,0.026657101513002775,0.07435399999999959,68.981093
986,0.0006180822970899391,0.001020914395603659,1.0,0.026506635661584992,0.07032200000000444,69.051415
987,0.0006172841619067393,0.0010210067212927973,1.0,0.026168510460980357,0.07036899999999946,69.121784
988,0.0006164915297909204,0.00102058865634532,1.0,0.026233764835190455,0.07019099999999412,69.191975
989,0.0006157025288486167,0.00102065654291173,1.0,0.02589650994745778,0.07174100000000294,69.263716
990,0.0006149113696924972,0.001019864419370066,1.0,0.02616888397185316,0.07446199999999692,69.338178
991,0.0006141243402448084,0.0010193264564076435,1.0,0.02595318599840658,0.06963500000000522,69.407813
992,0.000613335506512912,0.0010184948359485534,1.0,0.025968249502055816,0.06953399999999021,69.477347
993,0.0006125535738887646,0.0010179683670821292,1.0,0.02595240848388719,0.0724610000000041,69.549808
994,0.0006117688955364471,0.0010187760813700306,1.0,0.026065922874034992,0.0734470000000016,69.623255
995,0.0006109868091794381,0.0010183707658329674,1.0,0.025962355288960594,0.06911700000000565,69.692372
996,0.0006102107453058734,0.001017812070877666,1.0,0.025778448411437727,0.06799599999999373,69.760368
997,0.0006094303103883896,0.0010183980943665536,1.0,0.02599512845267135,0.06658899999999335,69.826957
998,0.0006086574727452843,0.0010179122428704574,1.0,0.025738652550772973,0.07187600000000316,69.898833
999,0.0006078857048060751,0.00101775122709219,1.0,0.025738668295732608,0.07601600000000985,69.974849
1000,0.0006071125163917217,0.0010166677355954534,1.0,0.02618406903666607,0.07535799999999426,70.050207
1001,0.0006063428540357194,0.0010156112685575215,1.0,0.025529770987660565,0.06929099999999266,70.119498
1002,0.0006055704759069383,0.0010155524463074913,1.0,0.025616263886781964,0.07037900000000263,70.189877
1003,0.0006048026335590056,0.0010147526741407728,1.0,0.02558973389817663,0.07047500000000184,70.260352
1004,0.0006040319716049525,0.0010149408867175863,1.0,0.02579651414294612,0.07414500000000146,70.334497
1005,0.0006032694509924314,0.001014044966810774,1.0,0.025709791909038646,0.07160100000000114,70.406098
1006,0.000602505763997778,0.0010137055553336477,1.0,0.025581264909936664,0.07125700000000279,70.477355
1007,0.000601749041063636,0.0010127305821241751,1.0,0.025553613725914148,0.0764819999999986,70.553837
1008,0.0006009868845123815,0.0010120725398534583,1.0,0.025484630961023786,0.07368900000000167,70.627526
1009,0.0006002260683948688,0.001011248750892745,1.0,0.025498725806086087,0.07222600000000057,70.699752
1010,0.0005994697673810125,0.0010117669550937648,1.0,0.025468806105704282,0.07198799999999039,70.77174
1011,0.0005987206407442611,0.0010114894885833578,1.0,0.025248319217032467,0.07398000000000593,70.84572
1012,0.0005979690989029447,0.0010133213759953936,1.0,0.025478534989497308,0.07284900000000505,70.918569
1013,0.0005972200224614229,0.0010143846150162323,1.0,0.025167118839456694,0.07130999999999688,70.989879
1014,0.0005964712939101382,0.0010136430181732785,1.0,0.025110811849267764,0.07032499999999686,71.060204
1015,0.0005957245200474719,0.001013203673772178,1.0,0.025090075391853203,0.07997100000000046,71.140175
1016,0.0005949766291765887,0.001014161062252465,1.0,0.025355173224582816,0.07245500000000504,71.21263
1017,0.0005942361140317549,0.0010127708313505803,1.0,0.025122490065384036,0.07121399999999767,71.283844
1018,0.0005935028702668328,0.0010120462761672073,1.0,0.025025188124053712,0.07013399999999592,71.353978
1019,0.0005927644187177586,0.0010109479363197313,1.0,0.02512378515857509,0.07174200000000042,71.42572
1020,0.0005920284463970507,0.0010107062434840746,1.0,0.025305770969957984,0.06950600000000406,71.495226
1021,0.0005912956081362811,0.0010092794597885255,1.0,0.025251474590243805,0.0691099999999949,71.564336
1022,0.0005905641286847587,0.0010090169213623802,1.0,0.024924547610006068,0.06951999999999714,71.633856
1023,0.0005898357021211435,0.001007969705097819,1.0,0.025206627747486172,0.06944800000000839,71.703304
1024,0.0005890993353088772,0.0010073708660676996,1.0,0.025138650058635963,0.07048600000000249,71.77379
1025,0.0005883714985646956,0.001007332044707425,1.0,0.024882156689215403,0.07057899999999506,71.844369
1026,0.0005876434289997137,0.0010074375904441596,1.0,0.02501214870324569,0.0695259999999962,71.913895
1027,0.0005869188026646065,0.0010074561745539539,1.0,0.02489075766090601,0.07129299999999716,71.985188
1028,0.0005861988695351494,0.0010064111275270334,1.0,0.024847944512983593,0.06978700000000515,72.054975
1029,0.0005854773574847844,0.0010048899443058988,1.0,0.025072167723518304,0.0704290000000043,72.125404
1030,0.0005847582177793993,0.0010042061068642305,1.0,0.02490462131071904,0.07015199999999311,72.195556
1031,0.0005840438506738119,0.001002609705112333,1.0,0.025008781089196505,0.06876599999999655,72.26432199999999
1032,0.0005833242130200218,0.0010018775585308877,1.0,0.025230165473624635,0.06930499999999995,72.33362699999999
1033,0.0005826066928249245,0.001001094378181023,1.0,0.025083482413244346,0.06991000000000724,72.403537
1034,0.0005818930305494622,0.0010009935985601426,1.0,0.02481637319631789,0.07048399999999333,72.474021
1035,0.0005811827386803672,0.0010003602219274975,1.0,0.025103619515662222,0.06948200000000782,72.543503
1036,0.0005804666726700638,0.0010005345058716074,1.0,0.024813167902842336,0.07052600000000098,72.614029
1037,0.0005797593416592185,0.000999132437090371,1.0,0.02453020961911696,0.06960599999999317,72.683635
1038,0.0005790537043848801,0.0009983022972232126,1.0,0.024836566090911578,0.06944200000000933,72.753077
1039,0.0005783480357664395,0.0009979265416533714,1.0,0.02469972790507569,0.07013399999999592,72.823211
1040,0.0005776441051990524,0.0009975105989492995,1.0,0.024642535197706796,0.07007199999999614,72.893283
1041,0.0005769408090287655,0.0009969820842024783,1.0,0.02474791327043431,0.06967000000000212,72.962953
1042,0.0005762381675836487,0.0009970463525675116,1.0,0.02471017587579218,0.07123799999999392,73.03419099999999
1043,0.0005755355355852636,0.0009968949794763311,1.0,0.0250518346507504,0.07049700000000314,73.104688
1044,0.0005748341080289032,0.0009969650311577854,1.0,0.024928789011217752,0.07419699999999807,73.178885
1045,0.000574131391151641,0.0009962295929296994,1.0,0.024720194554176445,0.07131400000000099,73.250199
1046,0.0005734353299538475,0.000994954960855878,1.0,0.024647204036455185,0.06951800000000219,73.319717
1047,0.0005727436636155732,0.0009932633038333225,1.0,0.024480541946880718,0.06861500000000831,73.388332
1048,0.0005720464005257284,0.0009935881979504578,1.0,0.024314278837292227,0.06956899999998711,73.45790099999999
1049,0.0005713533012338648,0.0009939898576574963,1.0,0.02413962404287211,0.06857200000000319,73.526473
1050,0.0005706672251785133,0.000992674954622872,1.0,0.02445059650891694,0.06953800000000854,73.596011
1051,0.0005699806176741396,0.0009918131116850523,1.0,0.02429594189388129,0.0698459999999983,73.665857
1052,0.0005692902500649212,0.0009909630284748487,1.0,0.024201457472704115,0.06957500000000039,73.735432
1053,0.0005686016081877983,0.0009901662017387956,1.0,0.024451859812292445,0.06925400000000081,73.804686
1054,0.0005679166203247717,0.0009894617572052263,1.0,0.024530831763655846,0.06909600000000182,73.873782
1055,0.0005672344201985249,0.000989431084481724,1.0,0.024436107048135713,0.0687420000000003,73.942524
1056,0.0005665519353321851,0.0009890736728485642,1.0,0.024400364752617948,0.0699679999999887,74.012492
1057,0.0005658707919405853,0.0009892438482841553,1.0,0.024381789311932973,0.06901000000000579,74.081502
1058,0.0005651937517837236,0.0009883225154200305,1.0,0.024402522983216685,0.06905199999999923,74.150554
1059,0.0005645162745316272,0.0009886910043416988,1.0,0.024167546816911606,0.06934599999999591,74.2199
1060,0.0005638423706332309,0.000988758997776793,1.0,0.023982681899436656,0.0684970000000078,74.288397
1061,0.0005631690872982712,0.0009880553489895652,1.0,0.024232717184565804,0.07007099999999866,74.358468
1062,0.0005624934112336187,0.0009878439391947113,1.0,0.02410603947343452,0.07149499999999875,74.429963
1063,0.0005618184449489536,0.0009877935540140797,1.0,0.0242156334529672,0.06947099999999296,74.499434
1064,0.0005611488166618124,0.0009874408566098946,1.0,0.02440539137442855,0.06816100000000347,74.567595
1065,0.0005604848012231672,0.0009860887306528746,1.0,0.024021023664755666,0.06640500000000316,74.634
1066,0.000559818081544163,0.00098548906763428,1.0,0.02418681028288768,0.06794700000000375,74.701947
1067,0.0005591496972940634,0.0009863167328923647,1.0,0.024090776662172686,0.06911599999999396,74.771063
1068,0.0005584836862938522,0.0009860823747977452,1.0,0.02407115409044313,0.06885099999999511,74.839914
1069,0.0005578209405762926,0.0009858712302134838,1.0,0.023773857304118233,0.06867000000001156,74.908584
1070,0.000557160820626079,0.0009855474691646154,1.0,0.02375354479815775,0.07035700000000134,74.978941
1071,0.000556501934162467,0.0009856845062018037,1.0,0.02401779041310952,0.06893199999998956,75.047873
1072,0.000555843449434706,0.0009853706610784153,1.0,0.023720938255196434,0.06711200000000872,75.114985
1073,0.0005551886938506877,0.0009847303766059605,1.0,0.02367560263006051,0.06792499999998824,75.18290999999999
1074,0.0005545342866359617,0.0009844241603254005,1.0,0.02399290048376102,0.06946900000001222,75.252379
1075,0.0005538732904954067,0.000984473923601323,1.0,0.02398254763295057,0.06982699999998943,75.322206
1076,0.0005532210827673961,0.0009841887468730643,1.0,0.023701931156658387,0.06893300000000124,75.391139
1077,0.0005525711753821783,0.0009838576214495755,1.0,0.023752011124272162,0.06924800000000175,75.460387
1078,0.0005519228879594248,0.0009830006497440196,1.0,0.023713184272364834,0.07043799999999578,75.530825
1079,0.0005512742681536346,0.0009827441646600987,1.0,0.023721752846446603,0.06927100000000053,75.600096
1080,0.0005506310019127013,0.000981969546947262,1.0,0.02356635918848209,0.06974600000000919,75.669842
1081,0.0005499879432486788,0.0009808679910389923,1.0,0.02368256935003011,0.06923899999999605,75.739081
1082,0.0005493454379569335,0.000980521926116906,1.0,0.023658529321834643,0.0691319999999962,75.808213
1083,0.000548705733106794,0.0009795179648151324,1.0,0.023472263171405054,0.06800100000000953,75.876214
1084,0.0005480653080265776,0.0009793898869472231,1.0,0.02337302476304353,0.07018099999999095,75.946395
1085,0.0005474267165133009,0.000979931026445114,1.0,0.02367839116489903,0.06844600000000867,76.014841
1086,0.0005467886476294871,0.0009805744106511642,1.0,0.023502817022399126,0.07129299999999716,76.086134
1087,0.0005461516362832148,0.0009794154287275465,1.0,0.023477449829207214,0.06872599999999807,76.15486
1088,0.0005455185303475953,0.000978940283960718,1.0,0.023431665903623246,0.06844100000000708,76.223301
1089,0.0005448864248750121,0.0009782903394253413,1.0,0.023449253035805362,0.06857699999999056,76.291878
1090,0.0005442549572705596,0.0009773466572510889,1.0,0.02349772921036428,0.07042700000000934,76.362305
1091,0.0005436242624424122,0.0009773604155872918,1.0,0.023300210504204843,0.06894499999999937,76.43125
1092,0.0005429972422079812,0.0009773038144730655,1.0,0.023172596991815245,0.06866499999999576,76.499915
1093,0.000542368817728355,0.000977766791826873,1.0,0.0231964271789778,0.0683609999999959,76.568276
1094,0.0005417439267463209,0.0009771228901601747,1.0,0.023131829528856136,0.0706389999999999,76.638915
1095,0.0005411189598351805,0.0009761495954248676,1.0,0.023490357758289195,0.06827400000000239,76.707189
1096,0.0005404949288536618,0.000976592011780079,1.0,0.023197014419040797,0.06938900000000103,76.776578
1097,0.0005398706950687646,0.0009766305040769068,1.0,0.023181736326520087,0.06948099999999613,76.846059
1098,0.000539247167295289,0.0009765073347668275,1.0,0.0231276151786798,0.0688520000000068,76.914911
1099,0.000538626996280531,0.0009768336358477944,1.0,0.023120655083658785,0.07051500000000033,76.985426
1100,0.0005380125330195795,0.0009754803050710826,1.0,0.023111035279493215,0.07491199999999765,77.060338
1101,0.0005373962855142333,0.000975290440811441,1.0,0.022986406294311108,0.06761899999999343,77.127957
1102,0.0005367815174155318,0.0009748287079128121,1.0,0.02303772847348881,0.06858200000000636,77.196539
1103,0.0005361685817136113,0.0009742754076710077,1.0,0.022939434987179878,0.06949399999999173,77.266033
1104,0.0005355503140479645,0.0009738676716060484,1.0,0.02303402664755321,0.06949500000000342,77.335528
1105,0.0005349403312759437,0.0009730409740471541,1.0,0.022978131015523453,0.06981199999999887,77.40534
1106,0.0005343315511863663,0.0009726050559539647,1.0,0.022938119418373964,0.06925600000000998,77.474596
1107,0.0005337231579418036,0.0009724357093684781,1.0,0.02294826084655766,0.06955099999998993,77.544147
1108,0.0005331172261066961,0.0009711988959631637,1.0,0.023110403012261357,0.06966300000000558,77.61381
1109,0.0005325092086457779,0.0009712997602220514,1.0,0.022849162734422973,0.06944900000000587,77.683259
1110,0.000531905616689388,0.0009707789629184961,1.0,0.023077395368277947,0.06995699999998806,77.753216
1111,0.0005313020805894056,0.000969801437918371,1.0,0.022917999747784377,0.09010899999999822,77.843325
1112,0.0005307000171162524,0.000969568672511983,1.0,0.023014549528260025,0.12266200000000538,77.965987
1113,0.0005300968712825088,0.0009697776291872099,1.0,0.022991061346597067,0.1169399999999996,78.082927
1114,0.0005294967668944395,0.0009690219228131507,1.0,0.023138549817137897,0.11793699999999774,78.200864
1115,0.0005288968916788915,0.0009680057705815654,1.0,0.022915406457684154,0.07832799999999907,78.279192
1116,0.0005282960861990937,0.0009676326829075619,1.0,0.022862580377397825,0.07790900000000534,78.357101
1117,0.0005276990683863725,0.0009666101124656892,1.0,0.02282409087682928,0.0959399999999988,78.453041
1118,0.000527102141763545,0.0009665266102877046,1.0,0.022758048099431105,0.07590299999999672,78.528944
1119,0.0005265069555713849,0.0009654385146708101,1.0,0.022572196092700777,0.0762629999999973,78.605207
1120,0.0005259145282069935,0.0009648506763064627,1.0,0.022711862409576983,0.11292000000000257,78.718127
1121,0.0005253208308749,0.000964697049770841,1.0,0.02256123389503779,0.06922800000000962,78.787355
1122,0.0005247281847230327,0.0009645741417543729,1.0,0.022466020422152174,0.0688249999999897,78.85618
1123,0.0005241366628861982,0.0009639939771915449,1.0,0.02253921081849161,0.06954600000000255,78.925726
1124,0.0005235444191381665,0.0009636665980540073,1.0,0.02241115232973115,0.0708230000000043,78.996549
1125,0.0005229573108182792,0.0009643375485640608,1.0,0.02261319121910189,0.07052399999999182,79.067073
1126,0.0005223719890292253,0.000963312932093654,1.0,0.022426703993064293,0.06907600000000969,79.136149
1127,0.000521790374218988,0.0009627271798464976,1.0,0.022435819542908995,0.0696360000000027,79.205785
1128,0.000521209766659719,0.0009620717405230685,1.0,0.022658826434127324,0.06813899999998796,79.273924
1129,0.0005206260204063841,0.0009614854107208127,1.0,0.022550781148997567,0.06725099999999884,79.34117499999999
1130,0.000520038869380361,0.0009619967862735314,1.0,0.022465685832551333,0.06853400000001386,79.409709
1131,0.0005194571490071225,0.0009622155756690809,1.0,0.022355384838588878,0.06991799999998705,79.479627
1132,0.0005188806484153943,0.0009620909458233316,1.0,0.022413888562845506,0.07042700000000934,79.550054
1133,0.0005183047431006135,0.0009613900323165521,1.0,0.02239311619820887,0.06857800000000225,79.618632
1134,0.00051772704864736,0.0009604940502534711,1.0,0.022366377095041655,0.07061099999999954,79.689243
1135,0.0005171497178020599,0.0009599711262266885,1.0,0.022310659879364297,0.07137699999999825,79.76062
1136,0.0005165742584218629,0.0009600345951880163,1.0,0.02226439262902719,0.06951099999999144,79.830131
1137,0.0005160015149326721,0.0009590033170369527,1.0,0.022282909204867064,0.06836800000000665,79.898499
1138,0.0005154263099804813,0.0009588915732833312,1.0,0.02255038927249494,0.07115399999999283,79.969653
1139,0.0005148519573426199,0.0009594923199948852,1.0,0.022485028320619597,0.07073800000000574,80.040391
1140,0.0005142814922219265,0.0009585625013710191,1.0,0.022358929601357123,0.06884399999999857,80.109235
1141,0.0005137161564271467,0.0009579197512298724,1.0,0.022192571772636754,0.06914500000000601,80.17838
1142,0.0005131493208336775,0.0009567826874237769,1.0,0.022081342441146897,0.06831499999999835,80.246695
1143,0.0005125818961452255,0.0009556041013427692,1.0,0.022241185662620223,0.07003600000000176,80.316731
1144,0.0005120148161920076,0.0009552505611442689,1.0,0.022251726595291534,0.06848399999999799,80.385215
1145,0.0005114503173759959,0.0009547177473698552,1.0,0.02217311825438106,0.0687989999999985,80.454014
1146,0.0005108848450950487,0.000954426955163917,1.0,0.022011142088480207,0.06801000000000101,80.522024
1147,0.0005103234012126649,0.0009537306780785129,1.0,0.022015167997036823,0.06868299999999294,80.590707
1148,0.000509764322887063,0.0009525976318396916,1.0,0.022006008715637983,0.06887500000000557,80.659582
1149,0.0005092070388102727,0.0009514477897612077,1.0,0.02200350986346551,0.06988199999999267,80.729464
1150,0.0005086472982083385,0.0009505381574201239,1.0,0.021981657828023044,0.07122600000001,80.80069
1151,0.0005080859803684396,0.0009497801725956991,1.0,0.0219680061728929,0.06976999999999123,80.87046
1152,0.0005075271103249773,0.00094947127688536,1.0,0.0220871909886066,0.06804300000000296,80.938503
1153,0.0005069685802090853,0.0009496148022995568,1.0,0.021884315983423386,0.06966900000000464,81.008172
1154,0.0005064125814676458,0.0009499561990192119,1.0,0.02186960396904403,0.0694469999999967,81.077619
1155,0.000505860369806773,0.0009493291888258417,1.0,0.02192236472959457,0.07058600000000581,81.148205
1156,0.0005053066078281516,0.0009485099248437438,1.0,0.021958911594095964,0.06826099999999258,81.216466
1157,0.0005047555186083415,0.0009487402506892848,1.0,0.02190001073448481,0.06955200000000161,81.286018
1158,0.0005042060683052201,0.0009477931678439585,1.0,0.02191474798901855,0.06981600000000299,81.355834
1159,0.0005036586814367581,0.0009467665409067655,1.0,0.021765869493459593,0.06804300000000296,81.423877
1160,0.0005031106403420551,0.000945846270153677,1.0,0.021871626603563277,0.06884900000000016,81.492726
1161,0.000502562791095663,0.0009455660613021223,1.0,0.021831992508565556,0.08485799999999699,81.577584
1162,0.0005020176647835189,0.0009443335949380709,1.0,0.021883856395215985,0.06901200000000074,81.646596
1163,0.0005014752435681406,0.0009430907236571249,1.0,0.021728077202257775,0.0684660000000008,81.715062
1164,0.0005009300420307819,0.000942697063472624,1.0,0.02180926816782662,0.06977799999999945,81.78484
1165,0.0005003850676867236,0.0009428818359548148,1.0,0.021659119080169813,0.06926099999999735,81.854101
1166,0.0004998387272741265,0.000942432197249122,1.0,0.021714675253197594,0.07373400000000174,81.927835
1167,0.0004993008695071011,0.0009417455403451383,1.0,0.021626010357406526,0.08192400000000077,82.009759
1168,0.0004987596407914826,0.0009417906806785716,1.0,0.02177630852616315,0.07081900000000019,82.080578
1169,0.0004982207946956595,0.0009411312800839671,1.0,0.021741014562957628,0.07167900000000316,82.152257
1170,0.0004976809736405981,0.000940898166442377,1.0,0.02176337763448664,0.07072999999999752,82.222987
1171,0.0004971412214825556,0.0009409193306447802,1.0,0.02177778323227862,0.07176799999999162,82.294755
1172,0.0004966039793356468,0.000940911278805174,1.0,0.0219096356490279,0.07169400000000792,82.366449
1173,0.0004960676985743276,0.0009403684095973155,1.0,0.02160661470667027,0.07124899999999457,82.437698
1174,0.0004955306620269532,0.0009406770195352991,1.0,0.0217283242862572,0.0738500000000073,82.511548
1175,0.0004949951672527534,0.0009401091658016638,1.0,0.021688251619203357,0.07382099999999525,82.585369
1176,0.0004944634917032511,0.0009396961403966231,1.0,0.021758426244279233,0.07030199999999809,82.655671
1177,0.0004939328857051684,0.0009384821152077584,1.0,0.021588308036256297,0.07018200000000263,82.725853
1178,0.000493401670961398,0.0009385137579674451,1.0,0.021457237054621808,0.07381300000000124,82.799666
1179,0.0004928729994012809,0.0009382294486510067,1.0,0.021521373325515052,0.07395599999999547,82.873622
1180,0.0004923464203855772,0.0009376693449748693,1.0,0.02144285768518476,0.06821800000000167,82.94184
1181,0.0004918178499247048,0.0009370675871645874,1.0,0.02127450412115907,0.07203099999999552,83.013871
1182,0.0004912895710969358,0.0009373687414797226,1.0,0.021412575683928545,0.07091400000000192,83.084785
1183,0.0004907654173120272,0.0009368609523046035,1.0,0.021515313483953368,0.0715059999999994,83.156291
1184,0.0004902412051854633,0.0009353219449998603,1.0,0.021469223417077063,0.07241199999999992,83.228703
1185,0.0004897193462843898,0.0009344477383631883,1.0,0.021500466867227643,0.07213900000000706,83.300842
1186,0.0004891959154511825,0.000934214718369146,1.0,0.021596613768513954,0.06955299999999909,83.370395
1187,0.0004886762916755248,0.0009342305615716245,1.0,0.02139095462497804,0.07073900000000322,83.441134
1188,0.0004881543672626138,0.0009335224792570476,1.0,0.021562169110064578,0.07634399999999175,83.517478
1189,0.000487633168066979,0.000932963961252061,1.0,0.021486558341453292,0.07044500000000653,83.587923
1190,0.0004871137500097335,0.000932554792663783,1.0,0.02126619333577016,0.07255899999999826,83.660482
1191,0.00048659565870754927,0.0009326216639525985,1.0,0.021500899559653282,0.06931500000000312,83.729797
1192,0.0004860791200632734,0.0009315274906810591,1.0,0.02139167949822463,0.06995200000000068,83.799749
1193,0.00048556231914811265,0.0009314184869044159,1.0,0.02140488164434775,0.06945100000000082,83.8692
1194,0.0004850477479448605,0.0009314217855920754,1.0,0.02144881448353405,0.09710399999998742,83.966304
1195,0.00048453286787288887,0.0009308903093374177,1.0,0.021296962579204284,0.08783500000001254,84.054139
1196,0.0004840223263463047,0.0009314039907724046,1.0,0.021197565409544844,0.08519799999999123,84.139337
1197,0.0004835090382332552,0.0009314953263650648,1.0,0.021286212350429965,0.08683999999999514,84.22617699999999
1198,0.00048299899766184403,0.000930755732206636,1.0,0.021115929052111026,0.07294000000000267,84.299117
1199,0.0004824907926934246,0.0009305845997419847,1.0,0.021046065339152844,0.07201700000000244,84.371134
1200,0.0004819819668368408,0.0009299085566957626,1.0,0.021092344268385486,0.08290100000000677,84.454035
1201,0.00048147494042311185,0.0009286789171875076,1.0,0.020981550428275222,0.07173099999999977,84.525766
1202,0.0004809686053872194,0.0009284900251448866,1.0,0.02109066550704906,0.07106100000000026,84.596827
1203,0.00048046339097680967,0.0009284093772072044,1.0,0.021090853447754604,0.07338000000000022,84.670207
1204,0.00047995695709002884,0.0009278605345370217,1.0,0.021161250268013562,0.07857799999999315,84.748785
1205,0.0004794542417186819,0.0009277190111012167,1.0,0.02110002420791351,0.07366199999999878,84.822447
1206,0.0004789514324436528,0.0009272524705087092,1.0,0.021231476216269043,0.07316500000000303,84.895612
1207,0.00047845266583585345,0.0009264785786877404,1.0,0.02134327782984296,0.07537899999999809,84.970991
1208,0.000477951965532188,0.0009251593710453187,1.0,0.02098498107573749,0.07652699999999868,85.047518
1209,0.00047744947720435103,0.0009249299422378196,1.0,0.021176752348473955,0.07332999999999856,85.120848
1210,0.00047694886010256484,0.000923874738195078,1.0,0.02101225838602184,0.07035400000000891,85.191202
1211,0.00047645238428962495,0.0009241515347620272,1.0,0.020964233007929906,0.07379000000000246,85.264992
1212,0.0004759585458483122,0.0009228234537754107,1.0,0.021044015418340903,0.0710589999999911,85.336051
1213,0.000475460343931717,0.000923000868669928,1.0,0.02099822037447147,0.07071399999999528,85.406765
1214,0.0004749650746731327,0.0009215440365491147,1.0,0.02097468861127885,0.0780330000000049,85.484798
1215,0.0004744706365045218,0.0009204619698313044,1.0,0.020933992963136076,0.07393500000000586,85.558733
1216,0.00047397753177626337,0.0009195635880084955,1.0,0.02098725461288072,0.07393799999999828,85.632671
1217,0.00047348230762634514,0.0009192616950671106,1.0,0.02083253131650631,0.07248400000000288,85.705155
1218,0.0004729889428109365,0.0009184814709272661,1.0,0.020772043633100853,0.07578799999998864,85.780943
1219,0.00047249725212494576,0.0009183321860834065,1.0,0.020861259268436117,0.07259500000000685,85.853538
1220,0.000472002796684133,0.0009183650441352308,1.0,0.020838046743774832,0.07169700000000034,85.925235
1221,0.00047151474540947863,0.0009185772138555542,1.0,0.020749289772627764,0.07311299999999221,85.998348
1222,0.0004710266764542859,0.0009174640774312247,1.0,0.020832054027563676,0.07907700000001228,86.077425
1223,0.0004705384342336665,0.0009174171927100747,1.0,0.020629005988436217,0.06722699999998838,86.144652
1224,0.00047005315612825513,0.0009159195241501297,1.0,0.020799049292237547,0.07451300000001027,86.219165
1225,0.0004695665350529445,0.0009154181412599199,1.0,0.020955436334813067,0.07969399999998927,86.298859
1226,0.0004690820921898188,0.0009147833324724051,1.0,0.020841026884366762,0.07168400000000474,86.370543
1227,0.00046859594932723014,0.0009134941721672989,1.0,0.020766391289081976,0.07157399999999825,86.442117
1228,0.00046811189180848134,0.0009134496859557204,1.0,0.02071140425202398,0.07110099999999875,86.513218
1229,0.0004676274183382839,0.0009125052578056708,1.0,0.020731537028396613,0.07350300000000232,86.586721
1230,0.0004671446621363323,0.0009118724915987441,1.0,0.020569753666906786,0.0728030000000075,86.659524
1231,0.00046665912394676856,0.0009120748056903069,1.0,0.020567805802166564,0.07183299999999804,86.731357
1232,0.00046617817013414975,0.0009114416382411729,1.0,0.02066888930635214,0.07728199999999674,86.808639
1233,0.00046569718112107674,0.0009117385909994074,1.0,0.020602689762040972,0.08116099999999449,86.8898
1234,0.0004652198471477892,0.0009117872969699389,1.0,0.020454498018562736,0.07622900000001209,86.966029
1235,0.00046474376191808,0.0009112754286123257,1.0,0.020474909030170515,0.07261699999999394,87.038646
1236,0.00046426848272190715,0.0009112069212223594,1.0,0.02071255661779149,0.07838599999999474,87.117032
1237,0.0004637944970866307,0.0009113572281940216,1.0,0.020597779963958292,0.07275800000000743,87.18979
1238,0.00046331965018817415,0.0009115301492847006,1.0,0.02056907514094591,0.08074200000000076,87.270532
1239,0.00046284432121808324,0.0009119357218150472,1.0,0.020412859054235427,0.10432699999999784,87.374859
1240,0.00046237160581269856,0.0009126262935384702,1.0,0.020384280524026313,0.11366499999999746,87.488524
1241,0.0004618981143618109,0.0009118630148212521,1.0,0.02049161855258856,0.11215800000000797,87.600682
1242,0.0004614249400521999,0.0009120936431398256,1.0,0.020467453539994348,0.1254329999999868,87.726115
1243,0.0004609551458191898,0.0009118406831893737,1.0,0.02046926069515202,0.11285400000001289,87.838969
1244,0.0004604864677142304,0.0009119890386022149,1.0,0.020338849838547647,0.11578399999999078,87.954753
1245,0.0004600181439028864,0.0009112871726420889,1.0,0.020194354708701998,0.09389400000000592,88.048647
1246,0.00045955240359882966,0.0009113413977526961,1.0,0.02044687070907718,0.0801969999999983,88.128844
1247,0.000459087919905797,0.0009112443837548251,1.0,0.02047043023419038,0.0794130000000024,88.208257
1248,0.0004586200622905122,0.0009117840417147336,1.0,0.020351343344533774,0.0729819999999961,88.281239
1249,0.00045815590389593365,0.0009110655466045995,1.0,0.020446954821694716,0.07465200000000038,88.355891
1250,0.00045769162477627106,0.0009105879452250013,1.0,0.019987157142480227,0.07235699999999667,88.428248
1251,0.0004572260147109689,0.0009100661741542758,1.0,0.02011370592067385,0.07579800000000603,88.504046
1252,0.0004567633016721947,0.000908997023253139,1.0,0.020216602748371375,0.07649899999999832,88.580545
1253,0.00045630222156063676,0.0009082907680404964,1.0,0.02018909286007775,0.07398000000000593,88.654525
1254,0.0004558444516266248,0.0009076072020004376,1.0,0.020184456524027807,0.07274199999999098,88.727267
1255,0.0004553845222907452,0.00090718773409756,1.0,0.020161367963965247,0.0757380000000012,88.803005
1256,0.0004549263608765351,0.0009065612817135516,1.0,0.02003093035246396,0.07516900000000248,88.878174
1257,0.0004544690391597287,0.0009065382503923902,1.0,0.02016150364495812,0.07318499999999517,88.951359
1258,0.00045401477890271656,0.0009061919517702387,1.0,0.02013728662966927,0.07304200000000094,89.024401
1259,0.0004535583680850045,0.000906038864579896,1.0,0.02010611186359671,0.0699210000000079,89.094322
1260,0.00045310694514170475,0.0009053927722141108,1.0,0.020014582285767177,0.0711689999999976,89.165491
1261,0.00045265434564034375,0.0009052981890251035,1.0,0.020241583232166176,0.08501300000000356,89.250504
1262,0.0004522009840809282,0.0009056077578399665,1.0,0.020069998446737312,0.10633399999998971,89.356838
1263,0.00045174730255100526,0.0009058809020674563,1.0,0.0201261741334769,0.08804600000000562,89.444884
1264,0.0004512950188279718,0.000906148625088029,1.0,0.020048649885255395,0.07670299999999486,89.521587
1265,0.0004508443597432708,0.0009060646615969275,1.0,0.020163969285849372,0.07486699999999757,89.596454
1266,0.0004503950963596844,0.000905691838789671,1.0,0.020063616122661,0.07204000000000121,89.668494
1267,0.00044994772463645893,0.0009055591622752632,1.0,0.01990552204071457,0.07672399999999868,89.745218
1268,0.00044949964515929807,0.0009059430441036554,1.0,0.019814940444162824,0.07229399999999941,89.817512
1269,0.00044905208251232507,0.0009058486491742234,1.0,0.019756636383935253,0.07327700000000448,89.890789
1270,0.0004486059239962331,0.0009057350245857452,1.0,0.01979399368509785,0.09068100000000356,89.98147
1271,0.00044816196608707284,0.0009051014739303398,1.0,0.019788237015134904,0.07297599999999704,90.054446
1272,0.00044771838029387056,0.0009047416402400891,1.0,0.019794450377799498,0.07453999999999894,90.128986
1273,0.0004472742738047788,0.0009047534964110789,1.0,0.020032124196645587,0.070446000000004,90.199432
1274,0.00044683279931626425,0.0009048577576768712,1.0,0.019761744933473775,0.07128199999999651,90.270714
1275,0.0004463924668965299,0.000904480005241676,1.0,0.019826374591514838,0.07232399999999473,90.34303799999999
1276,0.00044595118958204157,0.0009043332239196678,1.0,0.019782200041520565,0.0734860000000026,90.416524
1277,0.0004455085308249228,0.0009030994853089122,1.0,0.019852866316354523,0.07402900000001011,90.490553
1278,0.00044506734563477216,0.0009027111317364922,1.0,0.01987587009362524,0.07499999999998863,90.565553
1279,0.0004446289188618657,0.0009022268978647805,1.0,0.0196913252389198,0.06939700000000926,90.63495
1280,0.00044419123677558734,0.0009009751590561354,1.0,0.019845498545811968,0.07216599999999573,90.707116
1281,0.00044375431471860424,0.0009008552399885447,1.0,0.01965348994824268,0.06889800000000434,90.776014
1282,0.00044331806679558697,0.0009002443739205048,1.0,0.019621669324402312,0.07318499999999517,90.849199
1283,0.00044288265164328,0.0008998010191645742,1.0,0.0197056838199601,0.09094100000000083,90.94014
1284,0.0004424487571241424,0.0009002959646893001,1.0,0.019888246365207245,0.09230999999999767,91.03245
1285,0.00044201495726279145,0.0009006328531632045,1.0,0.01977780266388563,0.07720500000000641,91.109655
1286,0.00044158254617533737,0.0009006178708808395,1.0,0.019672079788363727,0.07746999999999105,91.187125
1287,0.0004411514806661319,0.0009002532907140741,1.0,0.019671666072517465,0.07696599999999876,91.264091
1288,0.0004407219904776988,0.000900242591026172,1.0,0.019741383049730006,0.07447100000000262,91.338562
1289,0.0004402910029022609,0.0009004732599518705,1.0,0.019478782367222173,0.07312199999999791,91.411684
1290,0.00043985725935119095,0.0009002620132670424,1.0,0.019914742933521416,0.07539600000001201,91.48708
1291,0.00043942776153645444,0.0009005671011328106,1.0,0.01942933447206257,0.06965799999998978,91.556738
1292,0.0004390012885661749,0.0008996228103944883,1.0,0.019530452532888626,0.0724090000000075,91.629147
1293,0.00043857559620363504,0.0008990429410316319,1.0,0.01937798882822592,0.07321999999999207,91.702367
1294,0.0004381476428198642,0.0008987783742296387,1.0,0.019338611700523995,0.07323399999999936,91.775601
1295,0.00043772142691403035,0.0008988644518706057,1.0,0.01943487229156602,0.07376400000001127,91.849365
1296,0.00043729645395412987,0.0008988457983580486,1.0,0.019448060503665543,0.07181399999998916,91.921179
1297,0.00043687149317868737,0.0008985227467736365,1.0,0.019489738783422608,0.07109600000001137,91.992275
1298,0.00043644717569599835,0.0008976398285324622,1.0,0.01934117031252395,0.06999499999999159,92.06227
1299,0.00043602483212693786,0.0008979988755478211,1.0,0.019327215451128407,0.07051699999999528,92.132787
1300,0.00043560524143611707,0.0008976348872562526,1.0,0.01930027132850886,0.07426500000001113,92.207052
1301,0.00043518279945537814,0.0008977789074999379,1.0,0.019532641225957582,0.07232399999999473,92.279376
1302,0.0004347615721366234,0.0008975519750297664,1.0,0.01929319371560101,0.07119299999999384,92.350569
1303,0.00043434036924450804,0.0008984887729758267,1.0,0.01952765952128208,0.07218400000000713,92.422753
1304,0.00043391968906017784,0.000898675340657062,1.0,0.019413118194551354,0.0757459999999952,92.498499
1305,0.00043350253350401646,0.0008992055346495236,1.0,0.019258534681005263,0.07258600000000115,92.571085
1306,0.0004330833596984713,0.0008991750598789833,1.0,0.01935043141901333,0.07194100000000958,92.643026
1307,0.0004326662107247955,0.0008983929994440695,1.0,0.01921301149920822,0.06882899999999381,92.711855
1308,0.00043224672796991493,0.000898644226426167,1.0,0.019240173155108294,0.07708100000000684,92.788936
1309,0.00043183203045331277,0.000898875488030828,1.0,0.019139639043183176,0.07118999999998721,92.860126
1310,0.00043141871338645265,0.0008979315922190672,1.0,0.019143714524352942,0.0719490000000036,92.932075
1311,0.00043100471753949654,0.0008976417078079617,1.0,0.019242082206084792,0.07222300000000814,93.004298
1312,0.000430592438320801,0.0008963864181703301,1.0,0.019219875863974036,0.07329499999998745,93.077593
1313,0.0004301812544845164,0.0008960593731963676,1.0,0.019194977011007357,0.07209600000000194,93.149689
1314,0.0004297696530590553,0.0008948445226587225,1.0,0.019135808600375902,0.07515600000000688,93.224845
1315,0.00042935640500358713,0.0008951261563470553,1.0,0.019100737150219944,0.07193900000000042,93.296784
1316,0.0004289447260180346,0.0008951949224682421,1.0,0.019184334507057803,0.07066199999999867,93.367446
1317,0.0004285342231341509,0.0008946013351874942,1.0,0.019052453446523787,0.07644899999999666,93.443895
1318,0.00042812550406013826,0.0008948980251611753,1.0,0.018955911939303547,0.07167200000000662,93.515567
1319,0.0004277197000242231,0.0008949701476548802,1.0,0.018822143548166012,0.07099799999998879,93.586565
1320,0.00042731144494347707,0.0008950237356667288,1.0,0.019055046552128942,0.07262700000001132,93.659192
1321,0.00042690556463362967,0.00089508754172989,1.0,0.01903476893532754,0.07106699999999933,93.730259
1322,0.0004264994427529891,0.0008943409598541345,1.0,0.018931948826619322,0.07413799999999071,93.804397
1323,0.0004260911980022423,0.0008936461097464697,1.0,0.018921183071890668,0.07241700000000151,93.876814
1324,0.0004256858330337256,0.000893924720186198,1.0,0.01893872430625465,0.07134800000000041,93.948162
1325,0.00042528337630350955,0.0008932312770424599,1.0,0.018927760268367254,0.0705159999999978,94.018678
1326,0.0004248801380677993,0.0008919842475121868,1.0,0.019020623920946993,0.07548700000000963,94.094165
1327,0.00042447873885458233,0.000890956154389153,1.0,0.018865804482488594,0.07367399999999691,94.167839
1328,0.00042407765870360335,0.000890611771002782,1.0,0.018871036105999158,0.0724440000000044,94.240283
1329,0.0004236766951647799,0.0008898370868788609,1.0,0.018923331036415796,0.07362799999999936,94.313911
1330,0.00042327662220097064,0.0008901649576808329,1.0,0.018875915551045317,0.07385800000000131,94.387769
1331,0.000422875286895525,0.000890944861175273,1.0,0.018803469431396463,0.07371899999999698,94.461488
1332,0.00042247914194924995,0.000890619574277409,1.0,0.018856930043411577,0.07357499999999106,94.535063
1333,0.0004220793145083119,0.0008904516193007962,1.0,0.018936160191169196,0.07163900000000467,94.606702
1334,0.00042168104109228293,0.0008903809611895585,1.0,0.01879400281577126,0.07456600000000435,94.681268
1335,0.0004212871218666986,0.0008895926950374339,1.0,0.019119897734096437,0.0714579999999927,94.752726
1336,0.0004208938044738483,0.000889478136086133,1.0,0.018865858245013224,0.06920600000000832,94.821932
1337,0.0004204983090704938,0.0008898103360673763,1.0,0.018765035945257958,0.07007000000000119,94.892002
1338,0.00042010421678389365,0.0008896630831509993,1.0,0.01866787877495296,0.069950999999989,94.961953
1339,0.00041971160082221606,0.0008891324706657171,1.0,0.018657072101936446,0.06920300000000168,95.031156
1340,0.00041931793300294215,0.0008894132072072605,1.0,0.01856060622445991,0.07301100000000815,95.104167
1341,0.00041892622906367587,0.0008892876725867456,1.0,0.01869168733502127,0.07301400000000058,95.177181
1342,0.0004185360220797799,0.0008893239222825839,1.0,0.018561275562183326,0.07354599999999323,95.250727
1343,0.0004181443252216939,0.0008891063327947573,1.0,0.01859722735696114,0.07027300000000025,95.321
1344,0.0004177520860167819,0.0008899681229629719,1.0,0.018635850463020458,0.07268299999999783,95.393683
1345,0.0004173600117580568,0.000889209741902649,1.0,0.01861985535535735,0.06920900000000074,95.462892
1346,0.0004169724758720235,0.0008889887811636491,1.0,0.01872026687161636,0.08665000000000589,95.549542
1347,0.0004165841563914272,0.0008887087222900755,1.0,0.01864929174970836,0.0791499999999985,95.628692
1348,0.0004161968561249001,0.0008887628498668361,1.0,0.018891329924283915,0.07267699999999877,95.701369
1349,0.0004158080792286399,0.0008890734121792355,1.0,0.01862728922605428,0.07281199999999899,95.774181
1350,0.0004154194209234163,0.000889556470355823,1.0,0.018555828185721036,0.0714619999999968,95.845643
1351,0.00041503132402374843,0.0008900221728883116,1.0,0.018705247064519794,0.0719140000000067,95.917557
1352,0.0004146485020102379,0.0008896467931147899,1.0,0.01861286894893773,0.0724220000000031,95.989979
1353,0.000414265052936699,0.0008893451887229728,1.0,0.01847979201967484,0.07225199999999177,96.062231
1354,0.00041388448302977053,0.0008886787924825249,1.0,0.018424652024241737,0.07279599999999675,96.135027
1355,0.00041350261607675255,0.0008880729651532682,1.0,0.018453126033077482,0.07192000000000576,96.206947
1356,0.000413120750355055,0.0008871070243282536,1.0,0.0184404278238893,0.0730350000000044,96.279982
1357,0.0004127389625796435,0.0008865770669663052,1.0,0.018381440690698858,0.07170599999999183,96.351688
1358,0.00041235874778072844,0.0008857275097401003,1.0,0.018376054822376465,0.07315499999999986,96.424843
1359,0.0004119808040990765,0.0008855690508257139,1.0,0.018468625493607116,0.07416899999999771,96.499012
1360,0.0004116009010909644,0.0008850228564541881,1.0,0.018581567548619365,0.0736220000000003,96.572634
1361,0.00041122331352892423,0.000884696382544648,1.0,0.018380848368060428,0.07026300000001129,96.642897
1362,0.00041084672682182346,0.000884102105488151,1.0,0.018312472254003544,0.07450000000000045,96.717397
1363,0.00041046954610057194,0.0008842076455566652,1.0,0.01829000402389564,0.07236799999999732,96.789765
1364,0.0004100909848428972,0.0008839871236730561,1.0,0.01827506781335993,0.07199099999999703,96.861756
1365,0.0004097146456746527,0.0008835290528874108,1.0,0.018194188133716135,0.07003699999999924,96.931793
1366,0.0004093368701763847,0.0008841811143417895,1.0,0.018266026713760684,0.06968899999999678,97.001482
1367,0.0004089627559596485,0.0008844936663758313,1.0,0.0181434174286368,0.07009100000000501,97.071573
1368,0.00040859054037360927,0.0008842356052989716,1.0,0.018098013323206544,0.06943199999999194,97.14100499999999
1369,0.0004082157324204916,0.0008848507439542422,1.0,0.01808777101285163,0.06867600000001062,97.209681
1370,0.0004078453065160631,0.0008843714059124301,1.0,0.01820644498240451,0.06937499999999375,97.279056
1371,0.0004074728654284472,0.0008835515925836832,1.0,0.018119518210481612,0.06989599999999996,97.348952
1372,0.0004071007612688952,0.0008831419201080409,1.0,0.018186655329320338,0.07142400000000748,97.420376
1373,0.00040672754774391783,0.0008825228845983187,1.0,0.01809791672578582,0.07232299999999725,97.492699
1374,0.00040635650134348254,0.0008820154257272808,1.0,0.01810870588432269,0.07397100000000023,97.56667
1375,0.00040598491839317934,0.0008815950718579526,1.0,0.018084892745064876,0.07324900000000412,97.639919
1376,0.00040561728605028723,0.0008814804704207458,1.0,0.017989434661753425,0.0720359999999971,97.711955
1377,0.00040525036222468987,0.000880882614776883,1.0,0.018138865948551745,0.0727109999999982,97.784666
1378,0.0004048828377541966,0.0008808084216479508,1.0,0.018001368619896343,0.07410600000000045,97.858772
1379,0.000404516344688499,0.0008802484627813853,1.0,0.017943367599753103,0.07200699999999927,97.930779
1380,0.00040414899720102424,0.0008800895575858336,1.0,0.017937046386541332,0.07172199999999407,98.002501
1381,0.00040378180059249017,0.0008796885414791327,1.0,0.018148554283159438,0.0714450000000113,98.073946
1382,0.0004034153639037761,0.000879423482468297,1.0,0.017898928265693694,0.07063499999999578,98.144581
1383,0.00040304767570160813,0.0008802434990244707,1.0,0.017875469471828814,0.07043099999999924,98.215012
1384,0.0004026835049795642,0.0008799264454058768,1.0,0.01798928866159548,0.07439999999999714,98.289412
1385,0.00040232098791530567,0.0008797730561467048,1.0,0.017891234974386033,0.07172300000000575,98.361135
1386,0.0004019570475128026,0.0008787113185578898,1.0,0.01795367593369387,0.0717819999999989,98.432917
1387,0.00040159147030862605,0.0008784344173654772,1.0,0.01791453268944282,0.07191999999999155,98.504837
1388,0.00040123097527383964,0.000877918577817986,1.0,0.01791496446593377,0.07026500000000624,98.575102
1389,0.00040086927134521234,0.0008777990832743286,1.0,0.01794051937671474,0.07443399999999656,98.649536
1390,0.000400507656322019,0.0008774465827468966,1.0,0.01776476936231151,0.07619400000000098,98.72573
1391,0.000400148375860779,0.0008769467603574599,1.0,0.01784889811220487,0.07282299999999964,98.798553
1392,0.0003997881412617554,0.0008773122200428632,1.0,0.017987932661729853,0.07296600000000808,98.871519
1393,0.0003994288430582542,0.0008769906555510618,1.0,0.017915301501221576,0.07349999999999568,98.945019
1394,0.00039906979472253615,0.0008764555391798121,1.0,0.017845838112623757,0.07242999999999711,99.017449
1395,0.0003987096442295041,0.0008754367270786971,1.0,0.01797547110527785,0.071708000000001,99.089157
1396,0.0003983525553482376,0.0008754705563518099,1.0,0.017994574429358836,0.07932599999999468,99.168483
1397,0.0003979930751813332,0.0008751873461627345,1.0,0.017831074215677825,0.0738060000000047,99.242289
1398,0.00039763590889396104,0.0008753263180344726,1.0,0.017835224949528897,0.07241700000000151,99.314706
1399,0.00039727904331289445,0.000874792175765698,1.0,0.0176949410699741,0.07100699999999449,99.385713
1400,0.000396921781038435,0.0008747624332034288,1.0,0.017927896268080258,0.07491300000000933,99.460626
1401,0.0003965669810442411,0.0008748937875102897,1.0,0.017655035166608674,0.0743269999999967,99.534953
1402,0.00039621221050790967,0.0008746998674506298,1.0,0.017724808743577,0.07435499999999706,99.609308
1403,0.00039585912420316975,0.000873775761600036,1.0,0.017824615310994836,0.071944000000002,99.681252
1404,0.0003955072964546333,0.000873366422217873,1.0,0.01771827203741774,0.07534099999999455,99.756593
1405,0.00039515361072645316,0.0008729430628889813,1.0,0.017635867730169733,0.07309899999999914,99.829692
1406,0.00039480191807186345,0.0008726054379518301,1.0,0.017603435429526616,0.08752300000000446,99.917215
1407,0.00039445214777310527,0.0008718354260930604,1.0,0.01771519665295053,0.08956899999999735,100.006784
1408,0.00039410196240217564,0.000871342932317854,1.0,0.01757320041489742,0.07337600000001032,100.08016
1409,0.00039375164851951616,0.0008706485594890775,1.0,0.01754044906067296,0.07076399999999694,100.150924
1410,0.0003934021579675991,0.0008704987003340128,1.0,0.017534536370516038,0.07507799999999065,100.226002
1411,0.00039305307978750693,0.0008703448520370694,1.0,0.01747752347598815,0.07336700000000462,100.299369
1412,0.00039270318700771666,0.0008696349014499395,1.0,0.017733331926252302,0.07327100000000542,100.37264
1413,0.00039235592303564823,0.0008695120570798327,1.0,0.017529384758844226,0.07413999999999987,100.44678
1414,0.00039200750654872033,0.0008693925078297699,1.0,0.017556949455430557,0.07871899999999243,100.525499
1415,0.0003916609314872581,0.0008698353697673017,1.0,0.01744559526559782,0.07220900000000086,100.597708
1416,0.000391314671812621,0.0008703569242766756,1.0,0.01746955855484078,0.07407800000000009,100.671786
1417,0.0003909706193484164,0.0008695279641814888,1.0,0.01747500279011543,0.07143500000000813,100.743221
1418,0.00039062652824575306,0.0008693128567235097,1.0,0.017659929098880207,0.07234099999999444,100.815562
1419,0.0003902818895328957,0.000869262113371864,1.0,0.01771008045526517,0.06903499999999951,100.884597
1420,0.00038993790855789415,0.0008693118281348757,1.0,0.01769788960199207,0.06971199999999556,100.954309
1421,0.0003895938799955393,0.0008690747421699997,1.0,0.01781290943476879,0.06990000000000407,101.024209
1422,0.00038925154345284036,0.0008679666664894553,1.0,0.017638200563833813,0.07149900000000287,101.095708
1423,0.00038890918626990824,0.0008681751681322079,1.0,0.017524984122532204,0.07654399999999839,101.172252
1424,0.00038856808354022725,0.0008678972337474748,1.0,0.017401434086044523,0.0710679999999968,101.24332
1425,0.00038822543407516163,0.0008678920366422151,1.0,0.01749429381487988,0.07104999999999961,101.31437
1426,0.0003878853082307021,0.0008673413084078072,1.0,0.017295548425335826,0.07189900000000193,101.386269
1427,0.0003875439463879792,0.0008670471765766017,1.0,0.01737684762226966,0.07546499999999412,101.46173399999999
1428,0.00038720474625260093,0.0008665550403361571,1.0,0.017274426130133674,0.0744540000000029,101.536188
1429,0.00038686621267537767,0.0008662539211031733,1.0,0.017483213785677482,0.07568299999999795,101.611871
1430,0.0003865268375707423,0.0008662586453945327,1.0,0.0173824170112624,0.07576699999999903,101.68763799999999
1431,0.0003861907316632098,0.0008656759867919156,1.0,0.017303160767239114,0.07357500000000528,101.761213
1432,0.0003858532250343928,0.0008658712265066254,1.0,0.0172489015946909,0.07424100000000067,101.835454
1433,0.00038551602066865974,0.0008651106676477915,1.0,0.017205299558034858,0.07102700000000084,101.906481
1434,0.0003851794470979574,0.0008653035168958579,1.0,0.017186625123761828,0.07424899999999468,101.98073
1435,0.0003848442333112526,0.0008647757316257252,1.0,0.0173698516588351,0.07090000000000884,102.05163
1436,0.0003845099012101141,0.0008645064216021847,1.0,0.01715363500886254,0.07412200000000269,102.125752
1437,0.0003841758439146243,0.0008638031129372764,1.0,0.017194357578877467,0.0695389999999918,102.195291
1438,0.0003838426509045792,0.0008637925518309394,1.0,0.01712098829774466,0.07016799999999535,102.26545899999999
1439,0.00038350946290202306,0.0008637860657719266,1.0,0.01727092960094176,0.06873700000001293,102.334196
1440,0.0003831765317088701,0.0008631349582927387,1.0,0.017346964218685902,0.0696709999999996,102.403867
1441,0.00038284492695849485,0.0008627396174445669,1.0,0.017195256271104412,0.06947399999999959,102.473341
1442,0.00038251201197426083,0.000862237149874082,1.0,0.017247718160437065,0.07382599999999684,102.547167
1443,0.0003821803112013687,0.0008617709945863934,1.0,0.01709402874198227,0.07891899999999907,102.626086
1444,0.0003818511261716976,0.0008609703658261242,1.0,0.017285655419804525,0.07340600000000563,102.699492
1445,0.00038152122430046623,0.0008613474890142334,1.0,0.0170667430956527,0.07411299999999699,102.773605
1446,0.000381189798767352,0.0008621648764880236,1.0,0.01704588544289639,0.07500899999999433,102.848614
1447,0.00038085831461040774,0.0008623561040549711,1.0,0.017023430519177398,0.07103499999999485,102.91964899999999
1448,0.00038053108073787735,0.0008623649806337392,1.0,0.01699997544291061,0.07044000000000494,102.990089
1449,0.00038020473270096634,0.0008620359922690083,1.0,0.017019441643776362,0.07291999999999632,103.063009
1450,0.00037987659971346527,0.0008624523124095782,1.0,0.016973909897050284,0.06894300000000442,103.131952
1451,0.0003795483536517674,0.0008626197341327961,1.0,0.01695411079942366,0.06985600000000147,103.201808
1452,0.00037922243118311593,0.0008626882902085335,1.0,0.01690202486983646,0.0699249999999978,103.271733
1453,0.00037889608593065196,0.0008625105434467716,1.0,0.016930065309591156,0.07113200000000575,103.342865
1454,0.000378570077243885,0.0008618728188414682,1.0,0.016911347208972728,0.0707219999999893,103.41358699999999
1455,0.0003782449601842828,0.0008617126437068593,1.0,0.017015437880094516,0.07183600000000467,103.485423
1456,0.0003779208683251729,0.0008608589230090594,1.0,0.01686799143917177,0.07146900000000755,103.556892
1457,0.00037759794302917414,0.0008605694770220971,1.0,0.016847125872983388,0.07546399999999664,103.632356
1458,0.00037727465672476873,0.0008607371146403604,1.0,0.016850060657096627,0.07110500000000286,103.703461
1459,0.00037695090743148767,0.0008603806066108574,1.0,0.016874600354104697,0.0712039999999945,103.774665
1460,0.00037662942917957465,0.0008604205594097102,1.0,0.016945731778623116,0.07443499999999403,103.84909999999999
1461,0.00037630742463797175,0.0008605923616335513,1.0,0.016628891873299932,0.07303700000001356,103.922137
1462,0.00037598741661208943,0.0008606078783706187,1.0,0.016658330562417046,0.07208199999999465,103.994219
1463,0.0003756669156397923,0.0008605933830463283,1.0,0.01667534446111996,0.07374899999999229,104.067968
1464,0.00037534624563520893,0.0008601493123208866,1.0,0.016781665295151554,0.07210700000000259,104.140075
1465,0.00037502692601801735,0.0008596123545077057,1.0,0.016675322069041078,0.07312400000000707,104.213199
1466,0.00037470668990385435,0.0008593773414865976,1.0,0.01672553868440694,0.06979900000000328,104.282998
1467,0.0003743874817048289,0.000858841867240332,1.0,0.016757778536230665,0.07044099999998821,104.353439
1468,0.0003740697728204646,0.000858503294175516,1.0,0.016612653298330296,0.07083000000000084,104.424269
1469,0.0003737531128572438,0.0008574284462168564,1.0,0.016667478713197483,0.07109100000000979,104.49536
1470,0.00037343662343018085,0.000857940529288768,1.0,0.016632377775632264,0.07006299999999044,104.565423
1471,0.00037311974421484203,0.0008576466663911761,1.0,0.01675227171137631,0.07609399999999766,104.641517
1472,0.0003728032923130387,0.000856871729981032,1.0,0.01681555861585847,0.08967400000000225,104.731191
1473,0.0003724850728227791,0.0008570505952055757,1.0,0.016805731694131847,0.08453099999999836,104.815722
1474,0.0003721684909018458,0.000857317006213462,1.0,0.016644719530125425,0.07920100000001185,104.894923
1475,0.00037185408445236266,0.0008570252832382772,1.0,0.016652745363238415,0.07503999999998712,104.96996299999999
1476,0.0003715392629372565,0.0008563866732184439,1.0,0.016585237034884563,0.07485800000000609,105.044821
1477,0.0003712249308000894,0.000856578705307315,1.0,0.016641504506525046,0.0726760000000013,105.117497
1478,0.0003709125436856943,0.0008561881449618596,1.0,0.016651829958066702,0.08422899999999345,105.201726
1479,0.00037059798273012803,0.0008563700979696736,1.0,0.016611687838931872,0.09026900000000637,105.291995
1480,0.0003702859126295391,0.0008560251163410817,1.0,0.016492121873943666,0.07427199999999345,105.366267
1481,0.00036997593419655636,0.0008558275742280603,1.0,0.016624859289347108,0.07200900000000843,105.438276
1482,0.0003696620377818795,0.0008564892303690413,1.0,0.016485305212155982,0.07242499999999552,105.510701
1483,0.00036935328619052267,0.0008562351693607248,1.0,0.016669152497645303,0.08624000000000365,105.596941
1484,0.0003690447813543778,0.0008557094669421587,1.0,0.016706879140659187,0.08665600000000495,105.683597
1485,0.00036873625695560907,0.0008551093220312231,1.0,0.016343394911734196,0.07573099999999044,105.759328
1486,0.00036842808613164204,0.0008546619884270136,1.0,0.016499469921464748,0.07177400000000489,105.831102
1487,0.00036811998948107436,0.0008537951763183306,1.0,0.016371329915358376,0.07540099999999939,105.906503
1488,0.0003678106937802365,0.0008538791555084515,1.0,0.01634874797096373,0.07309700000000419,105.9796
1489,0.0003675018899328685,0.0008537222128220298,1.0,0.016452566741357002,0.07323099999999272,106.052831
1490,0.0003671932854622184,0.0008531834040080367,1.0,0.016471829552618996,0.07393600000000333,106.126767
1491,0.00036688744339116833,0.0008528550811483736,1.0,0.0165154268306697,0.07014999999999816,106.196917
1492,0.0003665803727455067,0.0008525522811686043,1.0,0.016416114127240696,0.07142600000000243,106.268343
1493,0.00036627534447854725,0.0008513514758508584,1.0,0.016463233120155362,0.07281399999999394,106.341157
1494,0.00036596909015588884,0.000851191292836625,1.0,0.016604784545005174,0.07096100000001115,106.412118
1495,0.00036566430418163303,0.0008511764009997307,1.0,0.016370610565335376,0.0734159999999946,106.485534
1496,0.0003653608960867932,0.0008507085747350595,1.0,0.016420098119270483,0.07045800000000213,106.555992
1497,0.00036505795110526823,0.0008496392881586545,1.0,0.016327512909750007,0.0688999999999993,106.624892
1498,0.00036475480546851677,0.0008491711704686292,1.0,0.016296192778743494,0.07201899999999739,106.696911
1499,0.00036444945711402245,0.000849143413219585,1.0,0.016278903301312334,0.07244000000000028,106.769351
1500,0.00036414621182081374,0.0008486075816211595,1.0,0.016278308513298777,0.07166599999999335,106.841017
1501,0.00036384329205444956,0.0008487105624110847,1.0,0.01625580843961516,0.07171600000000922,106.912733
1502,0.00036354239546223323,0.0008480835724847216,1.0,0.016353847068998915,0.07171799999998996,106.98445099999999
1503,0.00036324104769581853,0.0008477750672900541,1.0,0.016284686956557454,0.07072300000000098,107.055174
1504,0.00036293971730791034,0.0008470560350982854,1.0,0.01635561496103128,0.06830700000000434,107.123481
1505,0.00036263973274174233,0.0008461897479629236,1.0,0.016287015382664364,0.07250799999999913,107.195989
1506,0.00036233878117066334,0.0008459878482410764,1.0,0.016209180679560765,0.07391499999999951,107.269904
1507,0.00036204023548702967,0.0008460302667002472,1.0,0.016228169750437255,0.07223600000000374,107.34214
1508,0.00036173917779299726,0.0008463987520808283,1.0,0.016487038299226802,0.07176199999999255,107.413902
1509,0.00036144099531535323,0.0008457426485778122,1.0,0.016335880395911974,0.07080300000001216,107.484705
1510,0.00036114360319881584,0.0008453092752461913,1.0,0.016482751932085496,0.07221699999999487,107.556922
1511,0.0003608441331300321,0.0008449467089545704,1.0,0.01622537451183613,0.07052799999999593,107.62745
1512,0.00036054526579988713,0.0008446916519232934,1.0,0.01617405247728544,0.06806799999999669,107.69551799999999
1513,0.0003602469360330167,0.0008443587888867543,1.0,0.01617119223044777,0.07213700000001211,107.767655
1514,0.00035995069617606704,0.0008442360518571319,1.0,0.016332904732871602,0.07135299999998779,107.83900799999999
1515,0.0003596542850494762,0.0008436709459142656,1.0,0.01618721556897203,0.07107799999999997,107.91008599999999
1516,0.0003593582165203361,0.0008432389879959138,1.0,0.016264996068716148,0.06840400000000102,107.97849
1517,0.0003590623466562637,0.0008432929650862435,1.0,0.016125622806119264,0.07057500000000516,108.049065
1518,0.0003587661781779487,0.0008429809689333892,1.0,0.016114687766656626,0.07422800000000507,108.123293
1519,0.0003584717467606734,0.0008426832227826811,1.0,0.016188233012481113,0.08600199999999347,108.209295
1520,0.0003581780642454451,0.0008417155681495351,1.0,0.01622073850399066,0.07619599999999593,108.285491
1521,0.0003578847211066931,0.0008408110211256025,1.0,0.016212318945373373,0.07083100000001252,108.356322
1522,0.00035759353881828027,0.0008398483717339384,1.0,0.016199702459139462,0.07052399999999182,108.426846
1523,0.00035730172952920747,0.0008396304825845698,1.0,0.01619644134442268,0.07125800000000027,108.498104
1524,0.000357008595316828,0.0008395668924447275,1.0,0.016196274935226927,0.07161800000000085,108.569722
1525,0.0003567157915321379,0.0008388350180800974,1.0,0.016197633503782644,0.06949299999999425,108.639215
1526,0.0003564250269343142,0.0008382624211807436,1.0,0.01602406588447277,0.08405000000000484,108.723265
1527,0.00035613409407261697,0.0008383061347019448,1.0,0.0160319628401355,0.08622599999999636,108.809491
1528,0.00035584298883967235,0.0008377630217334842,1.0,0.016173680255083703,0.07306100000000981,108.882552
1529,0.00035555060741558424,0.0008379730639254252,1.0,0.0160125102154703,0.07197999999999638,108.954532
1530,0.00035526061667348407,0.0008372922047533817,1.0,0.016027505975890623,0.07006400000000212,109.024596
1531,0.00035497052036994383,0.0008370783767132495,1.0,0.01605180794331866,0.06882199999999727,109.093418
1532,0.0003546816177964063,0.000836932789152111,1.0,0.016211312446835928,0.06979400000000169,109.163212
1533,0.00035439142995601005,0.0008364744035825045,1.0,0.01604549153779305,0.06767599999999163,109.230888
1534,0.00035410272421746764,0.000835905963161122,1.0,0.016123352697745844,0.07028600000001006,109.301174
1535,0.0003538151506910758,0.0008354086459434714,1.0,0.01605534956507764,0.07052999999999088,109.371704
1536,0.00035352599777629197,0.0008350717655422369,1.0,0.016090228988939154,0.07440600000001041,109.44611
1537,0.00035323603135281975,0.0008353284285403697,1.0,0.016434886914949962,0.07039100000000076,109.516501
1538,0.0003529485143885582,0.0008351089726603243,1.0,0.016007480082999067,0.07344299999999748,109.589944
1539,0.00035266350105919296,0.0008351444673199895,1.0,0.016008527438493698,0.07988399999999274,109.669828
1540,0.00035237712110120645,0.0008355079067528719,1.0,0.015921723915175684,0.07402900000001011,109.743857
1541,0.0003520918932178163,0.0008351688843625713,1.0,0.015869353583677533,0.08717099999999789,109.831028
1542,0.0003518080602407028,0.00083493185779704,1.0,0.01588574835219175,0.0903809999999936,109.921409
1543,0.00035152206017534393,0.0008347715540722721,1.0,0.015773402897281137,0.08575100000000191,110.00716
1544,0.00035123909658769015,0.0008345090111137939,1.0,0.01581855815397631,0.0829169999999948,110.090077
1545,0.0003509556914939065,0.0008345935687813339,1.0,0.015943650961023466,0.07702000000000453,110.167097
1546,0.00035067236135396157,0.0008346165945520555,1.0,0.0159697829045093,0.07383099999999843,110.240928
1547,0.0003503915812802922,0.0008340724882645534,1.0,0.015751331201991767,0.07212800000000641,110.313056
1548,0.0003501096269562803,0.0008335507703295188,1.0,0.015803496877066576,0.07607600000000048,110.389132
1549,0.00034982862569435115,0.0008334599232300102,1.0,0.015736357295078534,0.07259999999999422,110.461732
1550,0.0003495475832570474,0.0008327117549626219,1.0,0.015921774660900195,0.07117200000000423,110.532904
1551,0.00034926606386279704,0.0008325487965072516,1.0,0.015816237636326752,0.07016799999999535,110.603072
1552,0.00034898507424893497,0.0008321643491330168,1.0,0.015783594673775474,0.07281199999999899,110.675884
1553,0.00034870549886578195,0.0008322396734060893,1.0,0.015819426490855548,0.13392100000000084,110.809805
1554,0.00034842608932016106,0.0008323541643975746,1.0,0.015793692960957628,0.12398500000000467,110.93379
1555,0.00034814525478457143,0.0008319767910323916,1.0,0.015892942588577087,0.10220599999999536,111.035996
1556,0.0003478659128656527,0.0008311967915120148,1.0,0.01577272220474428,0.09031300000000897,111.126309
1557,0.0003475872441710924,0.0008307799365571125,1.0,0.015787288063660965,0.08665299999999831,111.212962
1558,0.00034730799394321656,0.000830990970974079,1.0,0.015852376974392932,0.07638500000000192,111.289347
1559,0.0003470308001324777,0.0008301839152029106,1.0,0.0157319058251046,0.07213199999999631,111.361479
1560,0.0003467542766086289,0.0008297602889148081,1.0,0.015837627631142544,0.06825100000000361,111.42973
1561,0.00034647770840643473,0.0008297359232175067,1.0,0.015771020765980526,0.07044799999999896,111.500178
1562,0.00034620173673373053,0.0008292969036475718,1.0,0.015747152615001443,0.07321499999999048,111.573393
1563,0.00034592526859722657,0.0008285048682481505,1.0,0.01565716443813083,0.07234800000000519,111.645741
1564,0.00034564904908907494,0.0008279831232668263,1.0,0.015791421595194612,0.0701660000000004,111.715907
1565,0.0003453735750771085,0.0008276155510672084,1.0,0.015765016099824416,0.07088099999999997,111.786788
1566,0.00034509635883654043,0.0008278175478494991,1.0,0.015658912185428597,0.07037400000000105,111.857162
1567,0.0003448214224300886,0.0008278024306443904,1.0,0.01572410091669525,0.073726999999991,111.930889
1568,0.00034454742301315397,0.0008273114217686558,1.0,0.015816530666071707,0.07146900000000755,112.002358
1569,0.00034427387219117673,0.0008268577745937358,1.0,0.015784188934181254,0.06999799999999823,112.072356
1570,0.00034399957832379234,0.0008265610982125263,1.0,0.015729417559441076,0.07140400000000113,112.14376
1571,0.000343726984054526,0.0008261649930903256,1.0,0.015755005820910252,0.0715759999999932,112.215336
1572,0.0003434530675366,0.000826079276211212,1.0,0.015576955980808513,0.07173700000001304,112.287073
1573,0.00034317997236263257,0.0008254936036572176,1.0,0.015603871804817555,0.0736349999999959,112.360708
1574,0.0003429066481542957,0.0008254782973426392,1.0,0.01572231565528177,0.07025999999999044,112.430968
1575,0.0003426336918836104,0.0008255675231689448,1.0,0.015661099251742017,0.07229000000000951,112.503258
1576,0.000342362953952848,0.000824933632413624,1.0,0.015704343257897442,0.06993500000000097,112.573193
1577,0.0003420908885671259,0.0008249612181484617,1.0,0.015602855387221165,0.07086499999999774,112.644058
1578,0.00034181978306054733,0.00082496429064893,1.0,0.015756633439017724,0.07148200000000315,112.71554
1579,0.000341550556060804,0.0008249092009620575,1.0,0.015641712784253695,0.09079099999999585,112.806331
1580,0.0003412823375150205,0.0008247471601239409,1.0,0.015557735365646756,0.07250399999999502,112.878835
1581,0.0003410135666366167,0.0008240107506274551,1.0,0.015514222252333305,0.0722510000000085,112.951086
1582,0.0003407448981197687,0.0008233991713873548,1.0,0.015729181781400432,0.06831400000000087,113.0194
1583,0.0003404757628966301,0.0008239526641378682,1.0,0.015620588661856932,0.07298399999999106,113.092384
1584,0.00034020767949813384,0.00082414841663751,1.0,0.015533558083922159,0.07083000000000084,113.163214
1585,0.00033993903571044137,0.0008239000468747278,1.0,0.01552836611150286,0.07177599999999984,113.23499
1586,0.0003396721317209466,0.0008236226273570051,1.0,0.015611886826801641,0.0718609999999984,113.306851
1587,0.00033940509608418497,0.0008239396004510562,1.0,0.015408410374293949,0.07133800000001145,113.378189
1588,0.000339137956137747,0.0008235329469129355,1.0,0.015501340625169835,0.07283099999999365,113.45102
1589,0.000338871199073478,0.0008233441736590006,1.0,0.015493574795760119,0.07000600000000645,113.521026
1590,0.000338605953242209,0.0008233172152711419,1.0,0.015456261159147148,0.07153399999999976,113.59256
1591,0.00033833956575359236,0.0008233137577333805,1.0,0.015640563271248038,0.06960099999999159,113.662161
1592,0.0003380741658316925,0.0008238441457658495,1.0,0.01542758154705377,0.06890099999999677,113.731062
1593,0.00033781046429290444,0.0008234825239913792,1.0,0.015365390095521531,0.0699950000000058,113.801057
1594,0.0003375466481048206,0.0008231278357368676,1.0,0.015287375605420008,0.07277799999999957,113.873835
1595,0.0003372829071289649,0.0008229996852760892,1.0,0.01535723396589162,0.07484499999999628,113.94868
1596,0.00033702011934223086,0.000822205170798788,1.0,0.015479675232725556,0.07062200000000018,114.019302
1597,0.00033675707262401615,0.0008216141364381436,1.0,0.015440006822705646,0.06920300000000168,114.088505
1598,0.00033649448722554063,0.0008211136143978752,1.0,0.015297736429948345,0.07187899999999559,114.160384
1599,0.0003362314617100344,0.000821361845264814,1.0,0.015391426822131954,0.06980200000000991,114.230186
1600,0.000335970293496498,0.0008211215802443811,1.0,0.015259565803716341,0.07420599999998956,114.30439199999999
1601,0.0003357088347135555,0.0008206005926703054,1.0,0.01530618817647941,0.07224700000000439,114.376639
1602,0.00033544716342894676,0.0008204577789874036,1.0,0.015130940314678787,0.07559899999999686,114.452238
1603,0.00033518696652574443,0.0008201418284237252,1.0,0.015124149935235445,0.07034500000000321,114.522583
1604,0.00033492607443680994,0.0008199409905013761,1.0,0.015216186549858134,0.06795599999999524,114.59053899999999
1605,0.00033466606384463787,0.0008198292840575689,1.0,0.015230372139384791,0.06954900000000919,114.660088
1606,0.0003344071307314411,0.0008191258189832589,1.0,0.015310356810566512,0.0710200000000043,114.731108
1607,0.0003341480733899231,0.0008191834910943949,1.0,0.015308347724562526,0.07197999999999638,114.803088
1608,0.00033388851237564827,0.00081922480059228,1.0,0.015210987182175017,0.07135399999999947,114.874442
1609,0.00033362840972440467,0.0008192782479777011,1.0,0.015184919735486727,0.07185900000000345,114.946301
1610,0.0003333704431745121,0.0008189141358593036,1.0,0.015247727781182567,0.07042099999999607,115.016722
1611,0.00033311195445783826,0.0008185482201017097,1.0,0.015368630318039265,0.07023699999999167,115.086959
1612,0.00033285541065300537,0.0008182517933931422,1.0,0.01533114006895937,0.07172600000001239,115.158685
1613,0.0003325989078858884,0.0008178161179126102,1.0,0.015083084665863597,0.07113899999998807,115.229824
1614,0.0003323415540029505,0.0008174950268515797,1.0,0.015123098565169451,0.07303900000000851,115.302863
1615,0.00033208422027209095,0.0008171179788437918,1.0,0.015145242395716145,0.07761999999999603,115.380483
1616,0.0003318284941799592,0.0008168306695848012,1.0,0.015122039558430805,0.07363600000000758,115.454119
1617,0.0003315733706148863,0.0008165243948542,1.0,0.015077059988226837,0.07170199999998772,115.525821
1618,0.0003313179879135031,0.0008161532849153483,1.0,0.01517931195312104,0.07151100000000099,115.597332
1619,0.0003310639360003584,0.0008160792931145716,1.0,0.015168934496896668,0.07139800000000207,115.66873
1620,0.00033080932891773007,0.0008161730235628269,1.0,0.01510121221200133,0.06882400000000644,115.737554
1621,0.00033055480893398674,0.0008159938000182049,1.0,0.015171004378945453,0.07336999999999705,115.810924
1622,0.00033029927973790736,0.000815115700443737,1.0,0.015086750832553848,0.06922600000000045,115.88015
1623,0.00033004616032575123,0.0008148653575193712,1.0,0.015245172202668985,0.0717729999999932,115.951923
1624,0.0003297935298622228,0.0008143873650017262,1.0,0.015246154898885334,0.0706610000000012,116.022584
1625,0.0003295414922010771,0.000814411851703161,1.0,0.015107952457829251,0.07055400000000134,116.093138
1626,0.0003292895294529429,0.0008140474028558348,1.0,0.01519149338377846,0.06960999999999729,116.162748
1627,0.0003290373306486064,0.0008135516939942372,1.0,0.015104204578694337,0.07067100000000437,116.233419
1628,0.00032878466002254605,0.0008132446472475571,1.0,0.015204091187164363,0.07222300000000814,116.305642
1629,0.00032853161447578456,0.0008129359773237191,1.0,0.01513779973606365,0.07338000000000022,116.379022
1630,0.000328280109988592,0.0008130797044797376,1.0,0.01503215043422294,0.07016799999999535,116.44919
1631,0.0003280297314832502,0.0008124044429250345,1.0,0.015064830459900605,0.0737529999999964,116.522943
1632,0.0003277795207071565,0.0008122110291746592,1.0,0.015001412161103586,0.07323700000000599,116.59618
1633,0.0003275295256597025,0.0008119243855474559,1.0,0.014970086368551913,0.07137099999999919,116.667551
1634,0.00032727830266650294,0.0008123246335257241,1.0,0.014950570617159405,0.07067099999999016,116.738222
1635,0.0003270273482703572,0.0008117283676015053,1.0,0.014953709373544646,0.07157600000000741,116.809798
1636,0.0003267769087243513,0.0008116799148432708,1.0,0.014963342424868872,0.07551200000000335,116.88531
1637,0.00032652848328604636,0.0008108781362110383,1.0,0.015023469868921507,0.07100799999999197,116.956318
1638,0.0003262798889260491,0.0008106030717134925,1.0,0.015013974139617593,0.07238399999999956,117.028702
1639,0.00032603144471991184,0.0008100000613788579,1.0,0.014959574810794418,0.07270600000001082,117.101408
1640,0.00032578357814304647,0.0008099384179714613,1.0,0.015056579967183781,0.07221699999999487,117.173625
1641,0.00032553613069653673,0.0008101455794649942,1.0,0.01498453446146406,0.07023300000000177,117.243858
1642,0.0003252898938533441,0.0008098277262047167,1.0,0.01490698239898183,0.07137600000000077,117.315234
1643,0.00032504238709775283,0.0008093268208667841,1.0,0.01502152823591315,0.07128299999999399,117.386517
1644,0.00032479648941364825,0.0008089293246864364,1.0,0.014944155917332159,0.07041499999999701,117.456932
1645,0.0003245505780757777,0.0008087493271446615,1.0,0.015057275467122587,0.07002200000000869,117.526954
1646,0.0003243022609091387,0.0008090061090289982,1.0,0.014923977480059504,0.07032799999998929,117.59728199999999
1647,0.0003240567282159696,0.0008089816052546854,1.0,0.015005792360771032,0.07115400000000704,117.668436
1648,0.00032381180959678823,0.0008084166778849646,1.0,0.01501580982636591,0.06995200000000068,117.738388
1649,0.0003235680351600515,0.0008082358483687931,1.0,0.014886643948205375,0.0718609999999984,117.810249
1650,0.0003233236173982981,0.0008083255727319665,1.0,0.014799958680208078,0.07061500000000365,117.880864
1651,0.0003230788452803711,0.0008081703184462975,1.0,0.014876514622332264,0.07079899999999384,117.951663
1652,0.00032283566175924207,0.0008080830401119962,1.0,0.01497275609507218,0.07228299999999876,118.023946
1653,0.00032259225218589913,0.0008080597370269862,1.0,0.014893552893018512,0.06853399999999965,118.09248
1654,0.00032235029655052676,0.0008075639004054997,1.0,0.014912726378877257,0.0733420000000109,118.165822
1655,0.0003221077005329405,0.000806846750728511,1.0,0.014825524918742512,0.0732269999999886,118.239049
1656,0.0003218644460796846,0.0008068411006583249,1.0,0.014846409149140255,0.07026900000001035,118.309318
1657,0.0003216221589875624,0.000806961841669325,1.0,0.014848142455622305,0.0766529999999932,118.385971
1658,0.000321381094979926,0.000806684714375885,1.0,0.014786370871759744,0.08493599999999901,118.470907
1659,0.00032113911973179676,0.0008066078199446208,1.0,0.014912187883428815,0.07030500000000472,118.541212
1660,0.0003208977795144562,0.0008061046272167751,1.0,0.01478881964148274,0.07155799999999601,118.61277
1661,0.0003206571553463636,0.0008063266133074895,1.0,0.01481749952604679,0.07312199999999791,118.685892
1662,0.0003204153958791526,0.0008060461286835946,1.0,0.014879811622220825,0.07375000000000398,118.759642
1663,0.000320175121948149,0.0008056219091480568,1.0,0.014665946929856243,0.0726410000000044,118.832283
1664,0.00031993315976602756,0.0008056163611112676,1.0,0.014747974387348017,0.0744979999999913,118.906781
1665,0.0003196934079421875,0.0008050671440379841,1.0,0.01472029129954735,0.07204200000001038,118.978823
1666,0.0003194549286667821,0.0008046960409873502,1.0,0.014630365429986428,0.07376800000000117,119.052591
1667,0.00031921735793580085,0.0008043101021835595,1.0,0.014876954291573872,0.07384699999998645,119.126438
1668,0.000318979544988773,0.0008038928720010886,1.0,0.014740443515960207,0.07455600000000118,119.200994
1669,0.0003187417344298234,0.0008033255140059585,1.0,0.014701511083497083,0.07296800000000303,119.273962
1670,0.00031850299763241507,0.0008032841889273615,1.0,0.014726075142270397,0.0732579999999956,119.34722
1671,0.0003182654669823125,0.000803383893240736,1.0,0.014785982052365422,0.07094299999999976,119.41816299999999
1672,0.00031802941475084055,0.0008027457131591883,1.0,0.014723427681268903,0.07266400000000317,119.490827
1673,0.00031779299304941544,0.0008022063742302806,1.0,0.01467962683122549,0.07081600000000776,119.561643
1674,0.0003175559882326218,0.000801819628018119,1.0,0.014649633006980864,0.07049999999999557,119.632143
1675,0.00031731961801953446,0.0008017826692368363,1.0,0.01461097868165302,0.07159699999999702,119.70374
1676,0.00031708341032510366,0.0008014147898193447,1.0,0.014612294527432526,0.07456299999999771,119.778303
1677,0.00031684780633464693,0.0008012376554870486,1.0,0.014626736476157162,0.07443600000000572,119.852739
1678,0.0003166118459680965,0.0008009619589240903,1.0,0.014565805542270799,0.07329300000000671,119.926032
1679,0.0003163765572783155,0.0008006266913851818,1.0,0.01461246462631911,0.07831699999999842,120.004349
1680,0.00031614200026160866,0.0008001399320682495,1.0,0.014573859771316656,0.0734729999999928,120.077822
1681,0.0003159064054779333,0.0007997819451156667,1.0,0.014657469442943537,0.07336000000000809,120.151182
1682,0.0003156734964283365,0.0007995134397085386,1.0,0.014668838951372687,0.0791629999999941,120.230345
1683,0.000315439611950069,0.0007999164430017955,1.0,0.014599519485255895,0.07914200000000449,120.309487
1684,0.00031520761437928504,0.0007997707811597858,1.0,0.014438821552354283,0.07426599999999439,120.383753
1685,0.00031497548352678453,0.0007992798803532393,1.0,0.014631143535246935,0.07031600000000537,120.454069
1686,0.00031474301076972266,0.0007993510484000943,1.0,0.014536118107912032,0.08589699999998857,120.53996599999999
1687,0.0003145099562900539,0.000799774411133774,1.0,0.014483345773966956,0.07621900000000892,120.616185
1688,0.0003142767019124062,0.000799739934664708,1.0,0.01451018685217488,0.07391300000000456,120.690098
1689,0.00031404403012713996,0.000799353879595806,1.0,0.014495388960794105,0.07416099999998949,120.764259
1690,0.00031381385017834285,0.0007989193295615925,1.0,0.014520328636131234,0.0714360000000056,120.835695
1691,0.0003135840100377072,0.0007983870889348686,1.0,0.014534587235958376,0.07195099999999854,120.907646
1692,0.0003133517874743946,0.0007987340344750505,1.0,0.014431662044984476,0.07118900000000394,120.978835
1693,0.00031312103770844045,0.0007985458170602098,1.0,0.014485152630548937,0.07070499999998958,121.04954
1694,0.00031289014382478007,0.0007983808038003744,1.0,0.014472311004160352,0.07097100000000012,121.120511
1695,0.0003126590884252152,0.0007981642994233779,1.0,0.014408474768086545,0.06929100000000687,121.189802
1696,0.0003124301065199555,0.0007976301742212135,1.0,0.014412531147519824,0.06807799999999986,121.25788
1697,0.0003122009567731646,0.0007973569871743538,1.0,0.014398083772754583,0.0703060000000022,121.328186
1698,0.0003119713765387485,0.0007973511933313795,1.0,0.014362574931326677,0.07155600000000106,121.399742
1699,0.0003117432307625502,0.0007966096640564025,1.0,0.014359392251900922,0.06829899999999611,121.468041
1700,0.00031151462151866486,0.00079644715695106,1.0,0.014301041724563916,0.06779799999999625,121.535839
1701,0.0003112873407708023,0.0007957168088707266,1.0,0.014355859568604022,0.07077300000000264,121.606612
1702,0.0003110596412334396,0.0007956152264780209,1.0,0.0142849036681531,0.07000100000000486,121.676613
1703,0.00031083203961967623,0.0007950481594519233,1.0,0.01435357283717336,0.06957299999999123,121.746186
1704,0.0003106054623435068,0.0007950255017882765,1.0,0.01428790600417451,0.06965200000000493,121.815838
1705,0.00031037880542945717,0.0007942743034651305,1.0,0.014274579696850302,0.06944599999999923,121.885284
1706,0.00031015188160774985,0.0007937681312087238,1.0,0.014267069165501639,0.07146400000000597,121.956748
1707,0.00030992578482340506,0.0007940199931588675,1.0,0.014214319114633741,0.0706649999999911,122.027413
1708,0.00030970026199400634,0.0007934378968737653,1.0,0.014246430245957082,0.06928600000000529,122.096699
1709,0.00030947464048411313,0.0007931795314140801,1.0,0.014257614728049333,0.06923499999999194,122.165934
1710,0.00030924854908000497,0.0007928842536700652,1.0,0.014334980436520884,0.07100200000000711,122.236936
1711,0.00030902377373145994,0.000792504977140664,1.0,0.014356925766839961,0.0689739999999972,122.30591
1712,0.000308798451527905,0.0007919757066554244,1.0,0.014224947212740889,0.06903700000000867,122.374947
1713,0.00030857336141331993,0.0007919695091925814,1.0,0.014402138899956451,0.06909899999999425,122.444046
1714,0.00030834881414505667,0.0007914375682659048,1.0,0.01432716697780311,0.07104900000000214,122.515095
1715,0.0003081244735927373,0.0007912326900305548,1.0,0.014301042010054494,0.07216300000000331,122.587258
1716,0.0003078987976181343,0.000791159761518803,1.0,0.014270646092947377,0.07000199999998813,122.65726
1717,0.0003076742505145041,0.000790951059260976,1.0,0.014284424707058227,0.06886200000000997,122.726122
1718,0.0003074519330978112,0.000790357431123506,1.0,0.014290159091756247,0.06963100000000111,122.795753
1719,0.0003072280939361008,0.0007899756187654595,1.0,0.01425219533694462,0.06869899999999518,122.864452
1720,0.0003070057589756208,0.0007897465836790552,1.0,0.014216712276716344,0.06934300000000349,122.933795
1721,0.0003067816964824541,0.0007895450977889099,1.0,0.01433722255100003,0.06785800000000108,123.001653
1722,0.0003065599356835693,0.0007891268627670452,1.0,0.014226255452090124,0.06926599999999894,123.070919
1723,0.0003063367741474188,0.0007891107445007009,1.0,0.014291923809626345,0.07027399999999773,123.141193
1724,0.0003061145243585046,0.0007890768413983741,1.0,0.014263996984476337,0.06960899999999981,123.210802
1725,0.00030589258803971674,0.0007888778886765276,1.0,0.014230085587264532,0.06931299999999396,123.280115
1726,0.0003056709405142148,0.0007889838988008679,1.0,0.01431679781505343,0.06957500000000039,123.34969
1727,0.0003054501374453039,0.0007886109724401618,1.0,0.014168569481173324,0.06905799999999829,123.418748
1728,0.00030522932957830607,0.0007885855780821333,1.0,0.014156023747842325,0.06872700000000975,123.487475
1729,0.00030500898498315933,0.0007887466574730464,1.0,0.014253769252275618,0.07219599999999105,123.559671
1730,0.00030478890745284687,0.0007887980643502155,1.0,0.01413819735766772,0.07027400000001194,123.629945
1731,0.0003045691875961996,0.000788578674958989,1.0,0.014155785487309287,0.07063799999998821,123.700583
1732,0.00030434756429938256,0.0007881509917618071,1.0,0.014193926919992354,0.06972300000001042,123.770306
1733,0.0003041280078638503,0.000788317733004234,1.0,0.014131531278983527,0.0679930000000013,123.838299
1734,0.0003039094216199293,0.0007877666465852101,1.0,0.014174480834473268,0.06707899999999256,123.905378
1735,0.00030369092994488077,0.0007872984854279961,1.0,0.014161263651869318,0.06956200000000479,123.97494
1736,0.0003034729413980749,0.0007872075633982611,1.0,0.01416145363194005,0.06821099999999092,124.043151
1737,0.0003032543966643698,0.0007867347990990079,1.0,0.014117049200061632,0.07075800000001209,124.113909
1738,0.0003030367046997034,0.0007868309033156961,1.0,0.014148606978674698,0.07005299999998726,124.183962
1739,0.00030281900507246167,0.0007862134853595094,1.0,0.014209309401452043,0.06945500000000493,124.253417
1740,0.00030260121202133446,0.0007856129761165502,1.0,0.014327244966228739,0.0683350000000047,124.321752
1741,0.0003023841128756499,0.0007850651994580888,1.0,0.014135295320436182,0.06915800000000161,124.39091
1742,0.0003021675673804477,0.0007851873368055915,1.0,0.014121617228233428,0.07009599999999239,124.461006
1743,0.00030195156252459826,0.000784624626887931,1.0,0.014141494991887231,0.06895300000000759,124.529959
1744,0.0003017348846660168,0.0007841238018075388,1.0,0.014308239345302308,0.06912499999999966,124.599084
1745,0.0003015192534662703,0.0007842153013607197,1.0,0.013980414736070805,0.07018199999998842,124.669266
1746,0.00030130444712494006,0.0007844282896525178,1.0,0.013943331803383042,0.06991800000000126,124.739184
1747,0.00030109032084447485,0.0007841482669311509,1.0,0.013908855375565602,0.06868700000001127,124.807871
1748,0.000300875508570986,0.0007844858295435304,1.0,0.013904580401725588,0.06837299999999402,124.876244
1749,0.0003006613470488729,0.0007840394444689287,1.0,0.014016027540241048,0.06931299999999396,124.945557
1750,0.0003004475785044216,0.0007840219555887439,1.0,0.013990735416717501,0.07136600000001181,125.016923
1751,0.0003002340719396167,0.0007837501320550438,1.0,0.01397168679784547,0.06790599999999358,125.084829
1752,0.00030002067177610704,0.0007834857553333451,1.0,0.014052101976524872,0.06923799999999858,125.154067
1753,0.00029980738426615104,0.0007832423182129557,1.0,0.013979237857939239,0.06960999999999729,125.223677
1754,0.0002995941188690744,0.0007831704909342224,1.0,0.01401004312478118,0.06766100000000108,125.291338
1755,0.0002993795920084804,0.0007836623932691974,1.0,0.013951820540490335,0.0702840000000009,125.361622
1756,0.00029916750547956085,0.0007834258207413598,1.0,0.013961417640329111,0.0700740000000053,125.431696
1757,0.00029895497167118957,0.0007836730828381708,1.0,0.013964625910838732,0.07084999999999297,125.502546
1758,0.000298742979598482,0.0007831894639311903,1.0,0.01397979534183547,0.07013400000001013,125.57268
1759,0.0002985318345685198,0.0007831215467937513,1.0,0.014040542220030934,0.06879399999999691,125.641474
1760,0.0002983204075567596,0.0007831111850110698,1.0,0.013879248543482006,0.06829299999999705,125.709767
1761,0.00029810731794602686,0.0007832660168616276,1.0,0.013943811952792493,0.0718169999999958,125.781584
1762,0.0002978966149122442,0.0007829737658721724,1.0,0.013890040262273229,0.0712830000000082,125.852867
1763,0.0002976860850970373,0.0007826923371908036,1.0,0.013917382525114798,0.07082199999999261,125.923689
1764,0.00029747592203189225,0.0007822997070134607,1.0,0.013925415017971053,0.06944599999999923,125.993135
1765,0.0002972652451779434,0.0007823514308882562,1.0,0.013924476726461063,0.06897899999999879,126.062114
1766,0.0002970559429502884,0.0007819283833063467,1.0,0.013981453266889732,0.06882900000000802,126.130943
1767,0.00029684669086181385,0.0007813327005606396,1.0,0.013908343311720533,0.06819199999999626,126.199135
1768,0.00029663684651423005,0.0007810301762581645,1.0,0.013872335610606424,0.0695479999999975,126.268683
1769,0.0002964290382579021,0.0007802328715004422,1.0,0.013958847150558328,0.07068600000000913,126.339369
1770,0.0002962201785691832,0.0007801865877701156,1.0,0.013863510180520846,0.0685670000000016,126.407936
1771,0.00029601301341846054,0.0007801764630813565,1.0,0.013913202403325988,0.06938999999999851,126.477326
1772,0.00029580422046772447,0.0007799124741202218,1.0,0.013802444912637242,0.070769999999996,126.548096
1773,0.00029559546079380405,0.0007796104852518982,1.0,0.013842264123327761,0.06851100000000088,126.616607
1774,0.00029538776734707784,0.0007796757362008512,1.0,0.01378568545974693,0.06999600000000328,126.686603
1775,0.00029518100666198297,0.0007791183422473099,1.0,0.013871231957470986,0.06860499999999092,126.755208
1776,0.0002949739665557205,0.0007788518300592471,1.0,0.013818719674878556,0.06933600000000695,126.824544
1777,0.00029476734417724603,0.0007789643383331227,1.0,0.013847941608342343,0.07255200000000173,126.897096
1778,0.00029456112417384047,0.0007787129740804465,1.0,0.01377989825474389,0.06872199999999395,126.965818
1779,0.0002943542626852419,0.0007784590497622936,1.0,0.013738122403409441,0.07108599999999399,127.03690399999999
1780,0.00029414809431199256,0.0007785346365806622,1.0,0.01376560384645263,0.06988000000001193,127.106784
1781,0.0002939422115116227,0.0007780382903724308,1.0,0.013894880453616282,0.06958199999999692,127.176366
1782,0.00029373720885219473,0.000777997846808243,1.0,0.013791811859167283,0.06901600000000485,127.245382
1783,0.00029353142608473014,0.000778121939108439,1.0,0.01375532641416897,0.06858599999999626,127.313968
1784,0.00029332763359554405,0.0007779868623724129,1.0,0.01393244805420112,0.06981299999999635,127.383781
1785,0.00029312353113721527,0.0007775022675114004,1.0,0.013726566326264641,0.07119699999999796,127.454978
1786,0.00029291862723630123,0.000777119432638376,1.0,0.013639115186268943,0.07197200000000237,127.52695
1787,0.00029271479865345903,0.0007770957713782715,1.0,0.013661309229775558,0.06977799999999945,127.596728
1788,0.0002925104892596978,0.0007769219711759404,1.0,0.013767032251758637,0.06868199999999547,127.66541
1789,0.000292307114752578,0.0007763467318792757,1.0,0.01378344553393645,0.07067500000000848,127.736085
1790,0.00029210353972383826,0.0007763027199616964,1.0,0.013811740245676924,0.071944000000002,127.808029
1791,0.00029190070013293063,0.0007759778036927548,1.0,0.013720120328851577,0.07010700000000725,127.87813600000001
1792,0.0002916980488349085,0.0007759248173444765,1.0,0.013719877816773378,0.07174499999999284,127.949881
1793,0.0002914944712638088,0.0007759508711530107,1.0,0.013748181771853286,0.07071700000000192,128.020598
1794,0.00029129236026535164,0.0007754103345284959,1.0,0.01364755067006299,0.07036999999999694,128.090968
1795,0.00029109061172105,0.0007749055028507722,1.0,0.013546190883607824,0.06844999999998436,128.159418
1796,0.0002908885441425934,0.0007747796463392277,1.0,0.013582770355469068,0.07012800000001107,128.229546
1797,0.00029068741913763153,0.0007740285601542177,1.0,0.01356749798962219,0.06944899999999166,128.298995
1798,0.0002904864344385297,0.0007737174435499234,1.0,0.013666827962242872,0.06856500000000665,128.36756
1799,0.0002902853450755021,0.0007733528437928769,1.0,0.013640116928823342,0.06893600000000788,128.436496
1800,0.00029008393986641566,0.0007729225822459766,1.0,0.013648515509067287,0.07473999999999137,128.511236
1801,0.00028988387387011256,0.0007723395835833209,1.0,0.013813960186362691,0.07025899999999297,128.581495
1802,0.00028968258639937446,0.0007722207903889657,1.0,0.013639535787381881,0.06789100000000303,128.649386
1803,0.0002894829732591798,0.0007719679449044123,1.0,0.013641223221255213,0.067639000000014,128.717025
1804,0.0002892824879798612,0.0007717185346464909,1.0,0.013657964706251396,0.07089499999997884,128.78791999999999
1805,0.00028908269365987706,0.0007715318864522881,1.0,0.01370851687281794,0.07045200000001728,128.858372
1806,0.0002888833829039651,0.0007712368230764527,1.0,0.01363121345526317,0.06934699999999339,128.927719
1807,0.0002886845773983463,0.0007708242516465404,1.0,0.013606077480772208,0.07018099999999095,128.9979
1808,0.0002884852339231017,0.0007708723070247111,1.0,0.01360084064346583,0.07195500000000266,129.069855
1809,0.00028828794794080536,0.0007704025284297331,1.0,0.0135352183390791,0.07233100000001969,129.142186
1810,0.0002880888256702189,0.0007705691837668804,1.0,0.013535148234015663,0.0692149999999856,129.211401
1811,0.000287890223399554,0.0007704599227440531,1.0,0.013642747175678607,0.06925000000001091,129.280651
1812,0.0002876917954800483,0.0007702240945717864,1.0,0.013587228829193033,0.07172599999998397,129.352377
1813,0.0002874935724871494,0.0007699708843450766,1.0,0.013541815172145909,0.07212599999999725,129.424503
1814,0.00028729549047271097,0.0007697328265321246,1.0,0.013489010035019795,0.07048199999999838,129.49498499999999
1815,0.00028709834048959936,0.0007694552454396717,1.0,0.01348053081956135,0.0771970000000124,129.572182
1816,0.0002869008664446314,0.0007689758832211769,1.0,0.01353883499700173,0.07324800000000664,129.64543
1817,0.0002867041373210426,0.0007685614161150021,1.0,0.013522477199946037,0.0734950000000083,129.718925
1818,0.00028650804010100166,0.0007685585760896993,1.0,0.01352103660382534,0.0785619999999767,129.797487
1819,0.00028631203993708754,0.000768262516891218,1.0,0.01347924599617898,0.08752900000001773,129.885016
1820,0.0002861148981631576,0.0007680391091564622,1.0,0.013520238120753694,0.08480699999998365,129.969823
1821,0.0002859188521418142,0.0007681015912984625,1.0,0.013629677804773418,0.07800100000000043,130.047824
1822,0.0002857239468444627,0.0007682079280231855,1.0,0.013512981980225191,0.07803400000000238,130.125858
1823,0.0002855293122887872,0.0007678563166880509,1.0,0.013536562607178516,0.07530600000001186,130.201164
1824,0.00028533355713651387,0.0007676654075559185,1.0,0.013481056205361542,0.06877199999999561,130.269936
1825,0.00028513811324471405,0.0007676455140221887,1.0,0.01344265718595188,0.07508300000000645,130.345019
1826,0.00028494401027331597,0.0007672838137121583,1.0,0.01348794386886776,0.08209099999999125,130.42711
1827,0.0002847487581096298,0.0007672266657154597,1.0,0.013462389377217719,0.08075600000000804,130.507866
1828,0.00028455441908482887,0.0007669757170960578,1.0,0.013407866689450714,0.07948299999998198,130.587349
1829,0.00028436047631508134,0.0007669362989294008,1.0,0.013387626232986267,0.07835900000000606,130.665708
1830,0.00028416611261300093,0.0007668943120291686,1.0,0.013436335647470118,0.07237100000000396,130.738079
1831,0.0002839728496356231,0.0007671077856189844,1.0,0.013644398565229827,0.07084000000000401,130.808919
1832,0.00028378041350068136,0.0007667697062617482,1.0,0.013400441385450008,0.07013200000000097,130.879051
1833,0.0002835877737086695,0.0007666306122917331,1.0,0.013372604288841825,0.07134600000000546,130.950397
1834,0.00028339486629238355,0.0007666658861406426,1.0,0.013339944927693668,0.06928199999998697,131.019679
1835,0.0002832025875599597,0.0007667446358778663,1.0,0.013417644099434998,0.06923599999998942,131.088915
1836,0.00028301026454778953,0.0007662626639369957,1.0,0.013347388900063777,0.0700260000000128,131.158941
1837,0.00028281843423603824,0.0007658193139073676,1.0,0.013338741760208061,0.07139900000001376,131.23034
1838,0.00028262674221330336,0.0007650159635557062,1.0,0.01337753677202674,0.07208299999999213,131.302423
1839,0.0002824349268244476,0.0007646402430327039,1.0,0.013521787782767995,0.07066599999998857,131.373089
1840,0.00028224388465198123,0.0007642054027225977,1.0,0.013403896175620884,0.0706220000000144,131.443711
1841,0.0002820528844736887,0.0007638285642013854,1.0,0.013343461482227452,0.07280699999998319,131.516518
1842,0.000281861841484007,0.0007639752929059298,1.0,0.01330955752711043,0.07022399999999607,131.586742
1843,0.0002816717355229644,0.0007639403577216606,1.0,0.013271257450514962,0.06983200000001943,131.656574
1844,0.00028148157645325664,0.0007637068216882531,1.0,0.013260081449990236,0.07786999999999011,131.734444
1845,0.00028129161765214674,0.0007635928800354793,1.0,0.013309559904510127,0.0916080000000079,131.826052
1846,0.00028110139731681586,0.0007628534842752834,1.0,0.01324870801077491,0.08198899999999298,131.908041
1847,0.00028091160159262647,0.000762600341304688,1.0,0.013249735841756587,0.07342399999998861,131.981465
1848,0.0002807226007629946,0.0007621997037248511,1.0,0.013256746851962787,0.06857700000000477,132.050042
1849,0.0002805331995391346,0.0007620917840097895,1.0,0.013232031297377208,0.07924300000001949,132.129285
1850,0.0002803443650835602,0.0007615854094579293,1.0,0.013277713361807794,0.07572999999999297,132.205015
1851,0.0002801554263531675,0.0007613230362412814,1.0,0.013257444245558164,0.0765350000000069,132.28155
1852,0.0002799672307198595,0.0007608492921772775,1.0,0.013468143748591859,0.07600099999999088,132.357551
1853,0.0002797782727347619,0.0007607165432447123,1.0,0.01324606487366839,0.07351900000000455,132.43107
1854,0.0002795899571255701,0.0007604978313101356,1.0,0.013309189230434459,0.0746560000000045,132.505726
1855,0.00027940210398403253,0.0007600206827854124,1.0,0.013275241399419614,0.07172399999998902,132.57745
1856,0.0002792141572506338,0.0007597867412385362,1.0,0.013251399017354837,0.07412300000001437,132.651573
1857,0.00027902546390817464,0.0007591858187900678,1.0,0.013325016374304754,0.07891599999999244,132.730489
1858,0.0002788385805035747,0.0007591448830614529,1.0,0.013190480828010635,0.07147399999999493,132.801963
1859,0.00027865154592244753,0.0007589941019942798,1.0,0.013291472070853145,0.07026600000000371,132.872229
1860,0.00027846534327291995,0.0007588201600240631,1.0,0.013215337721606855,0.07106500000000437,132.943294
1861,0.0002782788190464046,0.0007583970129869823,1.0,0.013143972686574404,0.07200899999998,133.015303
1862,0.0002780926716805518,0.0007580490308811144,1.0,0.01317777094400014,0.07349600000000578,133.088799
1863,0.00027790604214171597,0.0007578449297941521,1.0,0.013168567626715364,0.06856600000000412,133.157365
1864,0.0002777204026287987,0.0007578983240130534,1.0,0.013163962514119715,0.06737799999999083,133.224743
1865,0.0002775340343912181,0.0007578115402101333,1.0,0.013290329129653647,0.06837100000001328,133.293114
1866,0.00027734818847146414,0.0007574270786309747,1.0,0.013237136593333098,0.06805499999998688,133.361169
1867,0.0002771623209694345,0.0007570261819101138,1.0,0.01314376619615446,0.07118600000001152,133.432355
1868,0.0002769775192473534,0.0007569779056267443,1.0,0.01309682576777046,0.07091099999999528,133.503266
1869,0.0002767926583087983,0.0007570547877688254,1.0,0.013102770369173051,0.06925400000000081,133.57252
1870,0.0002766078228382055,0.0007569481929482557,1.0,0.013119849534749666,0.07230899999998996,133.644829
1871,0.0002764218076685618,0.0007570957268397975,1.0,0.013053460824441023,0.07121000000000777,133.716039
1872,0.0002762377994565686,0.0007568636163645607,1.0,0.013193316915013386,0.06867600000001062,133.784715
1873,0.0002760533164319108,0.0007564634657266429,1.0,0.013050165654547205,0.07219200000000114,133.856907
1874,0.00027586974422364054,0.0007561276479771469,1.0,0.013124578034276411,0.07148899999998548,133.928396
1875,0.00027568636845972126,0.0007559176090928064,1.0,0.013152376263599181,0.06822500000001241,133.996621
1876,0.000275503143470925,0.0007559841563820333,1.0,0.013121160432258985,0.06828400000000556,134.064905
1877,0.00027531967414224474,0.0007561941113105304,1.0,0.013173346648976434,0.07041599999999448,134.135321
1878,0.0002751371869612703,0.0007561437897650473,1.0,0.013141722085503925,0.06798599999999055,134.203307
1879,0.00027495489955057443,0.0007560029813243485,1.0,0.013134359156767595,0.06905100000000175,134.272358
1880,0.0002747721578971384,0.0007557867564944049,1.0,0.013071704975299405,0.0699030000000107,134.342261
1881,0.00027458982681263815,0.0007557156255987843,1.0,0.013114393963272648,0.06928899999999771,134.41155
1882,0.00027440808019577354,0.0007553662651746279,1.0,0.013138027897356304,0.07034400000000574,134.481894
1883,0.00027422612506434584,0.0007551412698598818,1.0,0.013135387290595633,0.06958599999998683,134.55148
1884,0.0002740448271075218,0.0007547605765764868,1.0,0.013086552726600746,0.06969200000000342,134.621172
1885,0.0002738635978661553,0.0007545644375422706,1.0,0.013012399734073333,0.0675420000000031,134.688714
1886,0.0002736827478872586,0.0007540714206716294,1.0,0.013049583605073694,0.06850800000000845,134.757222
1887,0.000273502230437865,0.0007536678975850756,1.0,0.013007324770347944,0.06863799999999287,134.82586
1888,0.0002733208360886075,0.0007533347301764197,1.0,0.013018583083417102,0.06858299999998962,134.894443
1889,0.0002731403750109896,0.0007528098444858855,1.0,0.013032147094051443,0.06963000000001784,134.964073
1890,0.0002729598591478476,0.0007524577534069743,1.0,0.012982917202585872,0.07025299999997969,135.034326
1891,0.0002727797028858275,0.0007523388462572914,1.0,0.012959951439144673,0.06870700000001762,135.103033
1892,0.0002725993986453919,0.0007523196439818139,1.0,0.012981348196673036,0.0674889999999948,135.170522
1893,0.00027241920088167304,0.0007523547403573707,1.0,0.012983308601001784,0.07125500000000784,135.241777
1894,0.0002722400090277894,0.0007519257777406815,1.0,0.013063046887498228,0.06936099999998646,135.311138
1895,0.00027206085811902383,0.0007516935376733814,1.0,0.013006213987614264,0.06975600000001236,135.380894
1896,0.00027188120173470475,0.0007516793702442245,1.0,0.012998156911504749,0.06828099999998472,135.449175
1897,0.0002717030549520447,0.000751183096440883,1.0,0.013062188253680862,0.07000500000000898,135.51918
1898,0.0002715239663347575,0.0007507186453247707,1.0,0.013048214636104305,0.071093999999988,135.590274
1899,0.0002713446035100929,0.0007505513820718328,1.0,0.013141761423581753,0.06913400000001957,135.659408
1900,0.00027116595718512616,0.0007501541497198101,1.0,0.013074861297045152,0.07014199999997572,135.72955
1901,0.00027098801563441087,0.0007497894216688269,1.0,0.012914109231472822,0.06739000000001738,135.79694
1902,0.0002708099807303437,0.000749689737199969,1.0,0.012951350066076086,0.07129299999999716,135.868233
1903,0.00027063202546392023,0.0007494654721886283,1.0,0.012917642769978062,0.06742700000000923,135.93566
1904,0.00027045418976513134,0.0007496883840509626,1.0,0.012964805502457552,0.06757299999998168,136.003233
1905,0.00027027694541757887,0.0007497179009061938,1.0,0.012929596070141495,0.06818699999999467,136.07142
1906,0.00027009982125793784,0.0007496015279705693,1.0,0.01291313473016834,0.06974100000002181,136.141161
1907,0.00026992243870745206,0.0007492877505773166,1.0,0.012867508218367345,0.07341900000000123,136.21458
1908,0.0002697459940204372,0.0007495096892313338,1.0,0.012892131613437618,0.069691999999975,136.284272
1909,0.0002695702420170358,0.0007493201218935849,1.0,0.012901823678177195,0.06865600000000427,136.352928
1910,0.00026939437479700447,0.0007488498077525283,1.0,0.013171344309517493,0.07023599999999419,136.42316399999999
1911,0.00026921880088333556,0.0007487964027174564,1.0,0.01297523257997978,0.07020500000001562,136.493369
1912,0.0002690427642752246,0.0007482532212706238,1.0,0.012968732863059143,0.06973600000000602,136.563105
1913,0.0002688674330083698,0.0007481615417710558,1.0,0.0129048087326335,0.07021699999998532,136.633322
1914,0.00026869202877369025,0.0007477576141605761,1.0,0.012873700085484307,0.07116999999999507,136.704492
1915,0.0002685163774726238,0.0007479238282018765,1.0,0.012865008337368259,0.07039100000000076,136.774883
1916,0.0002683412298053909,0.0007476067576552268,1.0,0.012871629783588513,0.06892300000001228,136.843806
1917,0.0002681662363660536,0.0007471538043781258,1.0,0.012840875274870989,0.06743000000000166,136.911236
1918,0.0002679914992177941,0.0007473300715836744,1.0,0.013038162373568852,0.068396000000007,136.979632
1919,0.00026781678206591066,0.0007471811596282329,1.0,0.01283484454798693,0.06880699999999251,137.048439
1920,0.0002676425659929447,0.0007468901598282989,1.0,0.012829351607032764,0.0704330000000084,137.118872
1921,0.0002674681089649694,0.0007467933918771457,1.0,0.012828819034833525,0.06932599999998956,137.188198
1922,0.00026729540347779655,0.0007469059618454507,1.0,0.012796665892926924,0.06787399999998911,137.256072
1923,0.00026712227992970074,0.0007467724109253047,1.0,0.012774595545418956,0.06827900000001819,137.324351
1924,0.0002669490905000549,0.0007464301838010629,1.0,0.012814836554681677,0.06793799999999806,137.392289
1925,0.0002667755292511886,0.0007465251536687508,1.0,0.012782212639676833,0.06770599999998694,137.459995
1926,0.0002666018820815207,0.000746460057700299,1.0,0.012812804840381322,0.06667100000001369,137.526666
1927,0.00026643003507367406,0.0007462146508224353,1.0,0.012805441529771054,0.06926199999998062,137.595928
1928,0.00026625862472504775,0.0007459099921604611,1.0,0.012853322962227163,0.06957200000002217,137.6655
1929,0.0002660864878878838,0.0007457283395659762,1.0,0.012757505080326862,0.06944500000000176,137.734945
1930,0.000265913568199454,0.0007458597865133091,1.0,0.012761686813659693,0.06962399999997615,137.804569
1931,0.000265742391976058,0.000745856367077909,1.0,0.012722424769441073,0.07779700000000389,137.882366
1932,0.0002655711478846986,0.0007454730913525846,1.0,0.012762018103506134,0.07488200000000234,137.957248
1933,0.000265400267039255,0.0007449898411989357,1.0,0.012685333978041917,0.06939700000000926,138.026645
1934,0.0002652288224247146,0.000744994272485877,1.0,0.012656729749434737,0.07084000000000401,138.097485
1935,0.0002650584713749853,0.0007447811625873028,1.0,0.012689796050525436,0.07003599999998755,138.167521
1936,0.00026488767787997004,0.0007449255630154364,1.0,0.012677763015429281,0.06977600000001871,138.237297
1937,0.00026471753378725174,0.0007444739865971283,1.0,0.012680322177611208,0.07539999999997349,138.312697
1938,0.00026454652599379474,0.0007443200029509621,1.0,0.012661968703227375,0.07708900000000085,138.389786
1939,0.00026437622909606274,0.000743763561075876,1.0,0.01275867353713965,0.07694299999999998,138.466729
1940,0.0002642067203872363,0.0007433478120045964,1.0,0.012665232598791654,0.07664300000001845,138.543372
1941,0.0002640354359390598,0.0007427525374089992,1.0,0.012660050150935066,0.07678899999999089,138.620161
1942,0.0002638661125689989,0.0007424454437480016,1.0,0.01264998594509948,0.0740199999999902,138.694181
1943,0.0002636971823660514,0.0007422757410622189,1.0,0.012597984485535483,0.07416300000002707,138.768344
1944,0.0002635282881089728,0.0007421957038949698,1.0,0.01264989987102159,0.07067999999998165,138.839024
1945,0.0002633590291428207,0.0007424583854065663,1.0,0.012627063818700712,0.07018600000000674,138.90921
1946,0.0002631900331590019,0.0007422687623578773,1.0,0.012704831138836357,0.069437999999991,138.978648
1947,0.00026302164621787717,0.0007419486281475371,1.0,0.012640193372294719,0.06829999999999359,139.046948
1948,0.00026285413594427605,0.000741798018005491,1.0,0.012618065246194923,0.0683660000000259,139.115314
1949,0.0002626863139282642,0.000741616507485954,1.0,0.012579895777362696,0.06991699999997536,139.185231
1950,0.0002625185903960854,0.0007415295095189598,1.0,0.012542197221727109,0.06975500000001489,139.254986
1951,0.0002623506808798353,0.0007415859224188891,1.0,0.012538227343144604,0.07593499999998699,139.330921
1952,0.0002621828371656816,0.000741510016060678,1.0,0.012593500025667947,0.07481700000002434,139.405738
1953,0.00026201486488226235,0.0007415200281793479,1.0,0.012563607722887539,0.07077799999999002,139.476516
1954,0.0002618472635000825,0.0007412562956575881,1.0,0.01266473872748311,0.06929600000000846,139.545812
1955,0.0002616806918390718,0.0007408533657849263,1.0,0.01253505589314946,0.0696049999999957,139.615417
1956,0.0002615140681164602,0.0007403837684463195,1.0,0.012501780445452361,0.06893299999998703,139.68435
1957,0.00026134596531213314,0.0007402346407304096,1.0,0.012488785946047158,0.06992300000001705,139.754273
1958,0.0002611789396263355,0.0007397964578055079,1.0,0.012516898633533485,0.06826799999998912,139.822541
1959,0.00026101284990015473,0.000739504327855999,1.0,0.012644130723529412,0.0711159999999893,139.893657
1960,0.0002608464079758031,0.0007393327776148372,1.0,0.012653626771302154,0.07147199999999998,139.965129
1961,0.00026068114551211496,0.0007389814524488255,1.0,0.012538626791006594,0.07292499999999791,140.038054
1962,0.000260515611048441,0.0007387322291852445,1.0,0.012621239063174411,0.07525499999999852,140.113309
1963,0.0002603506685988078,0.0007386634543303552,1.0,0.012544280721303336,0.0689610000000016,140.18227
1964,0.0002601849868994526,0.0007380959081833379,1.0,0.012513758570138384,0.07093500000001995,140.253205
1965,0.0002600198427837061,0.0007379727776302457,1.0,0.012744825489451633,0.07682699999998022,140.330032
1966,0.00025985529496138233,0.0007374431259084253,1.0,0.012556784309454434,0.07672400000001289,140.406756
1967,0.0002596904429368466,0.0007371630254649063,1.0,0.012513374563430891,0.07721899999998527,140.483975
1968,0.00025952593476945594,0.0007370951995810633,1.0,0.012458714629626076,0.06943200000000616,140.553407
1969,0.00025936155822126684,0.0007366927681376633,1.0,0.012452910971126777,0.06872799999999302,140.622135
1970,0.0002591970506664846,0.0007361941872035293,1.0,0.01249136971546972,0.07028200000002016,140.692417
1971,0.00025903303800863946,0.0007358987668196611,1.0,0.012564667189919245,0.0709579999999903,140.763375
1972,0.00025886886804749195,0.0007360697427790011,1.0,0.012515502266758948,0.07032200000000444,140.833697
1973,0.0002587052618147552,0.0007358425146500731,1.0,0.012476485567761583,0.07082600000001094,140.904523
1974,0.0002585420676420371,0.0007357846035307101,1.0,0.01247717117830729,0.07016399999997702,140.974687
1975,0.00025837930661830474,0.0007358696615451349,1.0,0.01242324584397442,0.07062500000000682,141.045312
1976,0.0002582163526199687,0.0007361093144480485,1.0,0.012416254753435234,0.06920900000000074,141.114521
1977,0.000258053338805569,0.0007359395477858857,1.0,0.01248224646257623,0.06960800000001655,141.184129
1978,0.0002578907452357723,0.0007359119216326954,1.0,0.012493031851811914,0.06983199999999101,141.253961
1979,0.0002577282942414336,0.0007357267142364295,1.0,0.012631806651163438,0.06906699999998978,141.323028
1980,0.0002575661739270977,0.0007352932488869189,1.0,0.01246730224261896,0.06856500000000665,141.391593
1981,0.0002574035744852958,0.0007350054378097811,1.0,0.012425110948214598,0.06972300000001042,141.461316
1982,0.00025724137485954354,0.000734319085900627,1.0,0.01252024291589805,0.06775899999999524,141.529075
1983,0.00025707862442604586,0.0007345050416272859,1.0,0.012520347769887719,0.07582999999999629,141.604905
1984,0.00025691764108914873,0.0007340944255946636,1.0,0.012456010178955654,0.0780589999999961,141.682964
1985,0.0002567566973232128,0.000733745658315164,1.0,0.012453108786975458,0.07445799999999281,141.757422
1986,0.0002565947535661867,0.0007333077972276267,1.0,0.01240729099303798,0.07114000000001397,141.828562
1987,0.00025643269532581343,0.0007330567752173959,1.0,0.012479050879803699,0.06852100000000405,141.897083
1988,0.00025627132506536533,0.0007327920325301717,1.0,0.012552719055353951,0.06821899999999914,141.965302
1989,0.0002561103471423629,0.0007320085555684836,1.0,0.012425627422930002,0.06847099999998818,142.033773
1990,0.0002559493087856394,0.0007319985628029792,1.0,0.012387447682158036,0.06972100000001547,142.103494
1991,0.0002557884601233693,0.0007321007124343081,1.0,0.012482423609827833,0.06963599999997427,142.17313
1992,0.00025562834274950183,0.0007319415864271625,1.0,0.012588259258137025,0.06879800000001524,142.241928
1993,0.00025546783798438034,0.0007315826814101179,1.0,0.012509570477467915,0.07111799999998425,142.31304599999999
1994,0.00025530788197259866,0.0007310998075022082,1.0,0.012396505527423413,0.06909600000000182,142.382142
1995,0.0002551478807069492,0.0007312084793305862,1.0,0.012378424860774333,0.06816600000001927,142.450308
1996,0.00025498831699846,0.000731002025988059,1.0,0.01239679083978317,0.06972199999998452,142.52003
1997,0.00025482928729627437,0.0007306013395693801,1.0,0.012332255313735302,0.07069699999999557,142.590727
1998,0.00025467069623004077,0.0007302286582658136,1.0,0.012384359119075608,0.0694340000000011,142.660161
1999,0.0002545110350627071,0.0007301386870368495,1.0,0.012418112922103673,0.0720810000000256,142.732242
