k,f,grad_norm,t_k,rk_residual,cpu_time,cpu_time_sum
0,0.6931471805599454,0.469570892796963,1.0,0.08713160125360443,0.22969500000000004,0.22969500000000004
1,0.527204562912064,0.34893893677384974,1.0,0.022994547961091964,0.21255199999999996,0.442247
2,0.4217651318989634,0.2642448641857853,1.0,0.022863870764333726,0.23536500000000005,0.6776120000000001
3,0.34963433439249136,0.20543180401959282,1.0,0.0320283781312918,0.22068300000000007,0.8982950000000002
4,0.2978320212238137,0.1642994496912131,1.0,0.04075380861407697,0.2278429999999998,1.126138
5,0.25914809368789327,0.13487681806830215,1.0,0.044978752740057075,0.24942900000000012,1.3755670000000002
6,0.22933027828803837,0.1132782128667122,1.0,0.047252201933696704,0.26333800000000007,1.6389050000000003
7,0.2057162194916562,0.0970578024893604,1.0,0.052194922615150345,0.3081499999999999,1.9470550000000002
8,0.18648400718931016,0.08443716831809729,1.0,0.0560545989348095,0.2240479999999998,2.171103
9,0.1705814698362693,0.0744562789797882,1.0,0.05935977773864375,0.21676000000000029,2.3878630000000003
10,0.15717271902864274,0.06640511217099154,1.0,0.06308599394449825,0.2143980000000001,2.6022610000000004
11,0.14571257515824598,0.05980627750280333,1.0,0.06589696007798516,0.22896599999999978,2.831227
12,0.13580045608223654,0.054303405329168955,1.0,0.06709582215682364,0.2411620000000001,3.0723890000000003
13,0.1271294123355256,0.04965879100257988,1.0,0.06760819457738011,0.23880899999999983,3.311198
14,0.11947603363219028,0.04568474559308306,1.0,0.07216046232189134,0.22951100000000002,3.540709
15,0.1126788754965394,0.04226800638246147,1.0,0.07113673670195214,0.2266849999999998,3.767394
16,0.10657932105219292,0.03928433023613856,1.0,0.07437667610200237,0.22791300000000003,3.995307
17,0.10107627649990615,0.03666982624747928,1.0,0.07492118806708215,0.21835000000000004,4.2136569999999995
18,0.0960842305255366,0.03433613779711129,1.0,0.07756888509235958,0.25949199999999983,4.473148999999999
19,0.09153342375411942,0.03226778963147581,1.0,0.07636460398195873,0.23581000000000074,4.708959
20,0.08736947037963234,0.030417803687022234,1.0,0.0767210642011588,0.21809299999999965,4.927052
21,0.0835415232962718,0.028754181376448928,1.0,0.0745685443676913,0.22133800000000026,5.14839
22,0.0800160834764082,0.0272498510634925,1.0,0.07367836712575385,0.22772799999999993,5.376118
23,0.07674874295058745,0.025873720967937348,1.0,0.07364608661260148,0.22342700000000004,5.599545
24,0.0737159238432062,0.024621211598822502,1.0,0.07422823226585695,0.21594999999999942,5.815494999999999
25,0.07089281044340855,0.023477790874249328,1.0,0.07353260058241043,0.2093259999999999,6.024820999999999
26,0.06825806405010988,0.022422210116742974,1.0,0.07100008832654937,0.22641200000000072,6.251233
27,0.06578919663656475,0.02145418405346655,1.0,0.07390379938820295,0.2182069999999996,6.46944
28,0.06347339994997322,0.020557962537779424,1.0,0.07562007605912119,0.2131759999999998,6.6826159999999994
29,0.06129717615840741,0.019729030133516654,1.0,0.0721252778962163,0.2200230000000003,6.902639
30,0.05924853088255789,0.018953547533364656,1.0,0.07087146385658699,0.21303699999999992,7.115676
31,0.057317000615640434,0.018235300888331415,1.0,0.07204109158691173,0.2152750000000001,7.330951
32,0.05549008717470387,0.01755780741868947,1.0,0.07303734813873894,0.2237549999999997,7.5547059999999995
33,0.053761737911996656,0.016926166561719448,1.0,0.07268659191711623,0.21687100000000026,7.771577
34,0.05212380321491048,0.01633364664289899,1.0,0.0727803036580682,0.21590699999999963,7.987483999999999
35,0.05056760090897782,0.015781903049572756,1.0,0.07095268330530163,0.2167300000000001,8.204214
36,0.04909035987813869,0.015259361230672185,1.0,0.06920702399864737,0.2255540000000007,8.429768000000001
37,0.04768459351068669,0.014769967653164538,1.0,0.0706626453731611,0.21924800000000033,8.649016000000001
38,0.04634554512701454,0.01430352658246167,1.0,0.0678972493232691,0.21798999999999857,8.867006
39,0.045068274821280556,0.013871685836716266,1.0,0.06908442605048198,0.21324200000000104,9.080248000000001
40,0.04384905560341383,0.013455808809251617,1.0,0.06808498951438849,0.21696500000000007,9.297213000000001
41,0.04268452977607884,0.013059936093498327,1.0,0.06941418824548776,0.22313899999999975,9.520352
42,0.041569722738407464,0.012685218853955255,1.0,0.06589184589281705,0.22101900000000008,9.741371000000001
43,0.04050260226424243,0.012327470376192055,1.0,0.06410810045384926,0.21761700000000062,9.958988000000002
44,0.03948022970107778,0.011984509784260803,1.0,0.06455466417458432,0.2124549999999985,10.171443
45,0.038499189563488176,0.011658793444675492,1.0,0.0640869987086793,0.21799900000000072,10.389442
46,0.037557298771964634,0.01135514922583409,1.0,0.06477469473256092,0.21377399999999902,10.603216
47,0.03665384411152772,0.011059975088463543,1.0,0.05999565100478259,0.2081350000000004,10.811351
48,0.03578532966791852,0.010775070090794519,1.0,0.0625040007782218,0.2226119999999998,11.033963
49,0.034949762033802484,0.01050608462291955,1.0,0.06189080764897925,0.22128600000000098,11.255249000000001
50,0.03414597289102091,0.010247334468790647,1.0,0.06012008605001001,0.2193959999999997,11.474645
51,0.03337153840125161,0.009992502670044357,1.0,0.059468834935102736,0.21786200000000022,11.692507
52,0.032624745071312924,0.009750689048250553,1.0,0.05995021068892108,0.21185900000000046,11.904366000000001
53,0.03190471248785229,0.009519140580914288,1.0,0.06131785209472122,0.22083299999999895,12.125199
54,0.03120956228068131,0.009293835947811482,1.0,0.057485411481092055,0.2089010000000009,12.334100000000001
55,0.03053847693998008,0.009080030758140673,1.0,0.05758198442914899,0.21227899999999877,12.546379
56,0.02989006934484646,0.008877963100626118,1.0,0.05942020062019475,0.2169180000000015,12.763297000000001
57,0.029263762132773083,0.008683310145764064,1.0,0.05881427799285192,0.21619799999999856,12.979495
58,0.028658322969097497,0.00849072808272591,1.0,0.05736987887830179,0.22479200000000077,13.204287
59,0.028072452313722435,0.008304562848631443,1.0,0.05545773834887646,0.22054799999999908,13.424835
60,0.027505405423357453,0.008129282885598813,1.0,0.05513952005378272,0.22128300000000145,13.646118000000001
61,0.02695637614970569,0.007959306413104689,1.0,0.05367930107144255,0.21142399999999917,13.857542
62,0.026424622029477107,0.007794802173793965,1.0,0.05530457749806964,0.2156929999999999,14.073235
63,0.025909344889011542,0.007637292706712882,1.0,0.05396432707353708,0.22503600000000112,14.298271000000002
64,0.025409785216664017,0.007481738082420455,1.0,0.05486601222109816,0.2229309999999991,14.521202
65,0.024925298557530243,0.007334625537720873,1.0,0.05251988963302933,0.20867199999999997,14.729874
66,0.024455328017495417,0.007189843064116048,1.0,0.05369229910170556,0.26519200000000076,14.995066000000001
67,0.023999222462016214,0.007049544074400413,1.0,0.0514125441203203,0.21628399999999992,15.211350000000001
68,0.023556367498093932,0.0069158879482346305,1.0,0.05118119291010764,0.2126779999999986,15.424028
69,0.023126367857754328,0.006784468845126583,1.0,0.04979057720817155,0.24500400000000155,15.669032000000001
70,0.022708750153124055,0.006656072809194481,1.0,0.051619386737403454,0.21885400000000033,15.887886000000002
71,0.02230288916741931,0.006534046592876229,1.0,0.05021921192419949,0.21689699999999945,16.104783
72,0.021908257447238746,0.006413825193957296,1.0,0.050690750086686893,0.21675799999999867,16.321541
73,0.02152451878429146,0.006296905897602496,1.0,0.04802848270297183,0.22650400000000204,16.548045000000002
74,0.021151183365013336,0.006183689315924894,1.0,0.0490303387358412,0.29562999999999917,16.843675
75,0.020787784288132223,0.006070644821246295,1.0,0.048166986014568924,0.2608840000000008,17.104559000000002
76,0.020433979521778296,0.005964337492492023,1.0,0.04912682921185719,0.22550599999999932,17.330065
77,0.020089492737514418,0.005860707885814635,1.0,0.04924504055037067,0.2249750000000006,17.55504
78,0.019754025999412447,0.00576035830158797,1.0,0.046823720208958725,0.2156950000000002,17.770735000000002
79,0.01942731648823934,0.005661289612031646,1.0,0.04681985543515512,0.22402199999999794,17.994757
80,0.019108875910882343,0.005567005866967825,1.0,0.045361137262013795,0.22639700000000218,18.221154000000002
81,0.01879854449789831,0.005473495660772143,1.0,0.04649185993985231,0.21799899999999894,18.439153
82,0.01849593315992287,0.005382753417931093,1.0,0.04558905641015388,0.2196080000000009,18.658761000000002
83,0.01820082730163665,0.005295199321203382,1.0,0.04502660141837653,0.22450299999999856,18.883264
84,0.017912950080504524,0.005209161513879153,1.0,0.04537509339722345,0.22048600000000107,19.10375
85,0.0176321563556235,0.005125908382104519,1.0,0.04524300238554189,0.2127769999999991,19.316527
86,0.01735806471613312,0.005044198653535469,1.0,0.04400818161363128,0.23165300000000144,19.548180000000002
87,0.017090545692315752,0.004963271088948338,1.0,0.044285538844571724,0.2188049999999997,19.766985000000002
88,0.016829363026089943,0.004887806702125836,1.0,0.043900322638927264,0.2159249999999986,19.98291
89,0.016574395605306862,0.004812323813739591,1.0,0.04396831993357789,0.21465300000000198,20.197563000000002
90,0.016325358498385012,0.004737990151703075,1.0,0.04335615774444972,0.22432799999999986,20.421891000000002
91,0.016082081859894418,0.004665669174555062,1.0,0.04294474735094963,0.21332999999999913,20.635221
92,0.015844294890465235,0.004594276957530406,1.0,0.043555598902751534,0.22745300000000057,20.862674000000002
93,0.01561185972358042,0.004524959453305099,1.0,0.043634254776891375,0.2180099999999996,21.080684
94,0.015384653607966906,0.004458430444604121,1.0,0.04357566365200523,0.22752900000000054,21.308213000000002
95,0.015162552072628618,0.004392587624051374,1.0,0.04288004449894695,0.21403899999999965,21.522252
96,0.014945434390593022,0.004327886674629035,1.0,0.042122648798966836,0.2233610000000006,21.745613000000002
97,0.014733047767290258,0.004265642496221687,1.0,0.0415915122666825,0.2187039999999989,21.964317
98,0.014525281435049038,0.004204370777173158,1.0,0.041586501008800666,0.21943100000000015,22.183748
99,0.014322007977657954,0.004145182126877205,1.0,0.04175116997303434,0.20627299999999948,22.390021
100,0.014123073373000916,0.004087030612666403,1.0,0.04119450852000533,0.21225700000000103,22.602278000000002
101,0.013928370934985132,0.004030140774804644,1.0,0.04152996031458173,0.22235099999999974,22.824629
102,0.013737787010513878,0.0039736778516465425,1.0,0.041205197045655485,0.23051199999999739,23.055141
103,0.013551180238055337,0.003918585644300271,1.0,0.04143547891394545,0.219692000000002,23.274833
104,0.013368463887406363,0.0038659959421237598,1.0,0.04032324695534882,0.21844899999999967,23.493282
105,0.01318948941223791,0.0038144877317591577,1.0,0.038999911177892706,0.22235099999999974,23.715633
106,0.01301417648129704,0.0037638638267529336,1.0,0.041152691689755355,0.24580600000000175,23.961439000000002
107,0.01284244942206848,0.003714159764796462,1.0,0.03939495852261355,0.2175370000000001,24.178976000000002
108,0.012674222455962579,0.003665484454469296,1.0,0.04034602531810261,0.22198399999999907,24.40096
109,0.012509353824644463,0.0036167241662096073,1.0,0.039141364271777696,0.21553099999999858,24.616491
110,0.012347734315526758,0.0035691827552407586,1.0,0.037199024142808595,0.2196850000000019,24.836176000000002
111,0.012189321550108219,0.0035233714900344275,1.0,0.036748329223981156,0.2181779999999982,25.054354
112,0.012034054757079651,0.003477601501765034,1.0,0.038131686060167466,0.20829900000000023,25.262653
113,0.01188178901738555,0.003433213718374204,1.0,0.03748558911039394,0.2097440000000006,25.472397
114,0.01173246038364154,0.003390243216668697,1.0,0.03630845259123955,0.2120430000000013,25.684440000000002
115,0.011586033857649756,0.003348203636218823,1.0,0.038297758502826615,0.22423999999999822,25.90868
116,0.011442384517462628,0.0033060750460768506,1.0,0.03769196782285164,0.22472000000000136,26.1334
117,0.011301434376807445,0.0032658431321667585,1.0,0.035459921198334535,0.2235510000000005,26.356951000000002
118,0.011163176035355585,0.003225366874334585,1.0,0.03807054839451338,0.23710899999999668,26.59406
119,0.011027476417118067,0.0031872879391155085,1.0,0.037059541946548896,0.252912000000002,26.846972
120,0.010894319420947207,0.003148210495343156,1.0,0.0370189318864799,0.2528019999999991,27.099774
121,0.010763640840470282,0.0031108972564073936,1.0,0.03576818880496929,0.26162300000000016,27.361397
122,0.010635357825552076,0.0030735523866210236,1.0,0.03620414739287328,0.2618949999999991,27.623292
123,0.0105093862273609,0.0030366647622200524,1.0,0.036298470093204645,0.2411360000000009,27.864428
124,0.010385688275377081,0.0030011470647912162,1.0,0.03565334614863327,0.23758199999999974,28.10201
125,0.010264245261589604,0.0029659112745816347,1.0,0.036377118504622594,0.24463599999999985,28.346646
126,0.01014493906980188,0.0029313056960546136,1.0,0.03495135106722879,0.24660000000000082,28.593246
127,0.010027748489467716,0.0028975045555701515,1.0,0.0347881031649045,0.2307939999999995,28.82404
128,0.009912631834054787,0.002865256816786109,1.0,0.03544205417292308,0.23837299999999928,29.062413
129,0.009799540769127535,0.002832729485632583,1.0,0.03283897068514227,0.23327700000000107,29.29569
130,0.009688440863357045,0.0028002806434757823,1.0,0.03312608657613976,0.23343500000000006,29.529125
131,0.00957925134782353,0.0027682784440255766,1.0,0.033955599896022426,0.23135800000000017,29.760483
132,0.009471929794107454,0.002736516972802391,1.0,0.03319951743878618,0.22878700000000052,29.98927
133,0.009366418915165842,0.002705301068156342,1.0,0.034387148382427256,0.2360529999999983,30.225323
134,0.009262685453629814,0.0026754978076692654,1.0,0.03441102968555101,0.2417150000000028,30.467038000000002
135,0.009160709445575801,0.002645929351110699,1.0,0.033360817192238525,0.236775999999999,30.703814
136,0.009060454534330142,0.002616935551903866,1.0,0.03364927524497408,0.23640499999999776,30.940219
137,0.00896188913764796,0.0025886009839407153,1.0,0.0325617917868372,0.23512600000000106,31.175345
138,0.008864950899048107,0.002560756457056241,1.0,0.03273006179584473,0.23725200000000157,31.412597
139,0.008769589129781633,0.0025329577332952845,1.0,0.033310593353977104,0.2288529999999973,31.64145
140,0.008675787078558535,0.002505839562125216,1.0,0.03215478278316734,0.2377110000000009,31.879161
141,0.008583500748235183,0.0024786288757777525,1.0,0.03294137479709094,0.23479700000000037,32.113958
142,0.00849270257304235,0.00245273439716755,1.0,0.033037713829512746,0.2323549999999983,32.346312999999995
143,0.008403373665918078,0.0024269805680719836,1.0,0.032057954453682744,0.2440649999999991,32.590377999999994
144,0.00831547078299246,0.0024013882274511182,1.0,0.03194377502868025,0.23906900000000064,32.829446999999995
145,0.008228945973543728,0.002376370436547579,1.0,0.03262225604645914,0.24207900000000393,33.071526
146,0.008143791017801374,0.0023515558610244813,1.0,0.03222255629867091,0.22236999999999796,33.293896
147,0.008059972945735516,0.00232760100405453,1.0,0.031850138253700956,0.23192699999999888,33.525822999999995
148,0.00797748765433962,0.002303510770495379,1.0,0.03180608739813124,0.41238400000000297,33.938207
149,0.007896260547405274,0.0022798582333627675,1.0,0.030786113331417966,0.32963900000000024,34.267846
150,0.00781628884306951,0.002256878596930201,1.0,0.03165133755229862,0.31303199999999975,34.580878
151,0.0077375668486034535,0.0022341684901283384,1.0,0.030840977238901893,0.24482100000000173,34.825699
152,0.007660045109173691,0.0022121191963391366,1.0,0.03178358934065787,0.21303699999999992,35.038736
153,0.007583703519149175,0.00218987734049945,1.0,0.030598282569128582,0.2746889999999951,35.313424999999995
154,0.007508534572400699,0.0021684361138105917,1.0,0.03034926790903448,0.23629600000000295,35.549721
155,0.00743450217425159,0.002146874155161819,1.0,0.029968688318175563,0.21582199999999574,35.765542999999994
156,0.0073615669628523984,0.002126207874931316,1.0,0.029989913895949148,0.2173490000000058,35.982892
157,0.007289720235361219,0.0021053627728454716,1.0,0.03001564537735609,0.24603199999999958,36.228924
158,0.007218927059146599,0.0020849924865145066,1.0,0.029787674211791702,0.22385099999999625,36.452774999999995
159,0.007149181474706802,0.0020647034152339702,1.0,0.028284829821522584,0.22192400000000134,36.674699
160,0.007080461899952788,0.0020444982194223428,1.0,0.028414841097582126,0.22599699999999956,36.900695999999996
161,0.007012753137606246,0.0020249541219207793,1.0,0.028429330356938644,0.22450400000000315,37.1252
162,0.006946025458466032,0.0020058102675918734,1.0,0.02836009462489298,0.227019999999996,37.352219999999996
163,0.006880258523218993,0.0019867092918361084,1.0,0.028217211496264962,0.21387800000000112,37.566098
164,0.0068154358868855545,0.001968239834558934,1.0,0.028370010071472666,0.2236820000000037,37.78978
165,0.00675154426123467,0.0019495987359508078,1.0,0.028517756024742005,0.21922899999999856,38.009009
166,0.006688562480202014,0.0019316890009884622,1.0,0.02792091740182539,0.22463599999999673,38.233644999999996
167,0.006626473850981286,0.0019136948917603959,1.0,0.027738120563804824,0.22679899999999975,38.460443999999995
168,0.006565255434581831,0.0018960821138530658,1.0,0.0283857316682156,0.21879500000000007,38.679238999999995
169,0.006504895247332973,0.0018787961287713942,1.0,0.02840362038647939,0.21940599999999932,38.898644999999995
170,0.006445373268193322,0.0018617437111044782,1.0,0.027770289681914407,0.23168300000000386,39.130328
171,0.006386686632366556,0.0018447995735539613,1.0,0.02863276507722792,0.22706699999999813,39.357395
172,0.006328814072011386,0.0018283625288381007,1.0,0.027606688458776132,0.22540200000000254,39.582797
173,0.006271741388278493,0.0018119360655500022,1.0,0.026815392462325803,0.23089299999999469,39.813689999999994
174,0.006215450871502034,0.001795789811539764,1.0,0.02765087677192895,0.24311900000000009,40.056808999999994
175,0.006159935702202674,0.001779915872637666,1.0,0.02655915656800867,0.21915200000000112,40.275960999999995
176,0.006105174287708815,0.0017644638553536568,1.0,0.026648965360529804,0.22353700000000032,40.499497999999996
177,0.006051147546820537,0.0017486411504417916,1.0,0.027423486610559995,0.2140460000000033,40.713544
178,0.005997835375583088,0.0017336930973279989,1.0,0.026938829433052366,0.22043800000000147,40.933982
179,0.005945242554971788,0.0017186514679836593,1.0,0.026684480235863343,0.21790199999999516,41.151883999999995
180,0.0058933660681111276,0.0017040892561619673,1.0,0.026551688161916946,0.21586599999999834,41.367749999999994
181,0.005842184594265838,0.0016894955492997893,1.0,0.0260535734250415,0.2194070000000039,41.587157
182,0.005791670584277248,0.0016752646207336928,1.0,0.02639266276356408,0.2203749999999971,41.807531999999995
183,0.0057418203525912365,0.001660949597346305,1.0,0.02673729273397806,0.2212069999999997,42.028738999999995
184,0.005692616052907793,0.0016467553258754583,1.0,0.026549541908580748,0.20606800000000192,42.234806999999996
185,0.005644048755539607,0.0016327723789599986,1.0,0.026318247604618636,0.2130989999999997,42.447905999999996
186,0.00559611047758568,0.0016190907776884207,1.0,0.02621337462242749,0.20671500000000265,42.654621
187,0.005548797450691426,0.001605440119214127,1.0,0.026103371278425783,0.21588299999999805,42.870504
188,0.005502087311993629,0.0015918928801772867,1.0,0.026040672178670263,0.2156349999999989,43.086138999999996
189,0.005455982560273826,0.00157862082464234,1.0,0.025696677582570517,0.20688100000000276,43.29302
190,0.005410461141508959,0.001565771633486266,1.0,0.02465582678214188,0.21304500000000104,43.506065
191,0.005365518722222302,0.0015527163234935562,1.0,0.025780070865789557,0.39383699999999777,43.899902
192,0.005321141315967639,0.0015398137185204642,1.0,0.025547658828087443,0.2646050000000031,44.164507
193,0.005277308226847216,0.0015272353250003518,1.0,0.024849120198667002,0.21501199999999443,44.379518999999995
194,0.005234038311091215,0.001514865396601409,1.0,0.025069027692456742,0.22251900000000546,44.602038
195,0.00519131197423544,0.0015023985513524735,1.0,0.024485081790522084,0.22453999999999752,44.826578
196,0.005149110489826822,0.0014902381480162595,1.0,0.024969941511809056,0.2169669999999968,45.043544999999995
197,0.005107421033349218,0.0014783245078123113,1.0,0.02494729914566166,0.2094070000000059,45.252952
198,0.005066247386682261,0.0014663872646410972,1.0,0.024523856558188267,0.21630899999999542,45.469260999999996
199,0.005025578591398757,0.0014545235093820228,1.0,0.024844027485845292,0.20721900000000204,45.67648
200,0.004985406069446674,0.0014428150643483572,1.0,0.02514086409867513,0.22431499999999716,45.900794999999995
201,0.0049457072967057526,0.0014316491648240764,1.0,0.0240473660742858,0.21422600000000358,46.115021
202,0.004906495126017024,0.0014205665505268195,1.0,0.02430204211394749,0.21762700000000024,46.332648
203,0.004867765162050883,0.0014094445397629645,1.0,0.024909412802471286,0.21355199999999996,46.5462
204,0.004829500427736157,0.0013984030855746644,1.0,0.024546253064452978,0.2263540000000006,46.772554
205,0.004791688494632682,0.001387840187203073,1.0,0.023807579602974877,0.21974099999999908,46.992295
206,0.0047543263140016325,0.0013771600108549496,1.0,0.023585146187570002,0.2158850000000001,47.20818
207,0.004717408566022952,0.001366900146541978,1.0,0.023125200137674676,0.22277199999999908,47.430952
208,0.0046809297961812905,0.0013566018134495883,1.0,0.02423518392387663,0.22046900000000136,47.651421
209,0.0046448796539370766,0.0013465182660620486,1.0,0.02393020029335896,0.21311499999999484,47.864535999999994
210,0.004609254469469095,0.0013362603857547696,1.0,0.022814295362448698,0.21628900000000328,48.080825
211,0.004574046452764903,0.0013261039565877636,1.0,0.024071931299592564,0.22294899999999984,48.303774
212,0.00453924181540668,0.0013163150916488335,1.0,0.023396958889676214,0.2153599999999969,48.519133999999994
213,0.0045048508910691815,0.0013063069501970993,1.0,0.024505663763468848,0.21332500000000465,48.732459
214,0.00447084876217184,0.001296399279403798,1.0,0.02250454744546935,0.22321000000000168,48.955669
215,0.004437233585024099,0.0012868064171613174,1.0,0.023523783980696954,0.21527299999999627,49.170942
216,0.00440400187228798,0.0012772249434552083,1.0,0.023332287727827625,0.2074309999999997,49.378372999999996
217,0.004371151299497049,0.0012676433933760188,1.0,0.022953455760964532,0.2186799999999991,49.597052999999995
218,0.004338668051265227,0.0012581666604407848,1.0,0.022855766117005853,0.21756200000000092,49.814614999999996
219,0.004306551492550438,0.0012488619040166228,1.0,0.02307677304918314,0.22546200000000027,50.040077
220,0.00427479348710024,0.0012397511633037506,1.0,0.022487887361973578,0.20497199999999793,50.245048999999995
221,0.0042433917564741,0.0012306983127097115,1.0,0.02187981181064295,0.21577700000000277,50.460826
222,0.004212338041749786,0.0012216950899778447,1.0,0.023161103142082716,0.2202959999999976,50.681121999999995
223,0.004181624563237776,0.001212948685781994,1.0,0.023381642934993518,0.22229899999999958,50.903420999999994
224,0.004151253340031233,0.0012044066820925442,1.0,0.02339171340322631,0.22272399999999948,51.126144999999994
225,0.004121219485210039,0.0011957634898191838,1.0,0.022294407778706643,0.2227010000000007,51.348845999999995
226,0.004091517423809283,0.0011871039357620203,1.0,0.022614721878870127,0.22099599999999953,51.569841999999994
227,0.004062134684037181,0.0011787373311142391,1.0,0.021736508026473714,0.21930700000000058,51.789148999999995
228,0.0040330738114204455,0.0011703787198878168,1.0,0.022085620231910852,0.23125000000000284,52.020399
229,0.004004325986604326,0.0011621351021240726,1.0,0.02181592693231113,0.2452729999999974,52.265671999999995
230,0.003975891448112864,0.0011539315874069935,1.0,0.021451171310452766,0.2604000000000042,52.526072
231,0.003947763536557415,0.0011458297503202874,1.0,0.022157486384929648,0.26127299999999565,52.787344999999995
232,0.003919939158530132,0.0011377004505218973,1.0,0.021704235943178482,0.24599800000000016,53.033342999999995
233,0.0038924133888647134,0.001129909622740093,1.0,0.022523575568331327,0.23955800000000238,53.272901
234,0.0038651819969950235,0.00112220842168607,1.0,0.021296537073597126,0.26932800000000157,53.542229
235,0.003838241757229008,0.0011145127617607955,1.0,0.021649087651303616,0.26014299999999935,53.802372
236,0.0038115853722929475,0.0011069829302279123,1.0,0.022552140474363023,0.2624799999999965,54.064851999999995
237,0.0037852144345379,0.0010993762895109948,1.0,0.021290782164320194,0.2739609999999999,54.338812999999995
238,0.0037591177224722016,0.0010919691607849669,1.0,0.02129951880847206,0.21495400000000586,54.553767
239,0.0037332970474410255,0.0010844742209663136,1.0,0.021455584654278395,0.217930999999993,54.771697999999994
240,0.00370774531763221,0.001077439749337876,1.0,0.02153451462099501,0.223669000000001,54.995366999999995
241,0.003682459488228108,0.0010700713804621214,1.0,0.021543006349462736,0.22473600000000005,55.220102999999995
242,0.0036574335685787018,0.001062827253447622,1.0,0.02159340091532112,0.21810800000000086,55.438210999999995
243,0.0036326662135144233,0.001055711850975676,1.0,0.02164168592764744,0.2142430000000033,55.652454
244,0.0036081503345532138,0.0010487515130247222,1.0,0.020845975353938246,0.21850599999999787,55.87096
245,0.003583889294679622,0.0010415880543786897,1.0,0.02108763911840279,0.21920899999999932,56.090168999999996
246,0.003559875090957349,0.0010345790464847474,1.0,0.02061400272636853,0.21795399999999887,56.308122999999995
247,0.0035361047785411486,0.0010276526301246406,1.0,0.02162207797881973,0.22213400000000405,56.530257
248,0.003512570939799033,0.001020915781370712,1.0,0.02081504263245071,0.24580699999999922,56.776064
249,0.003489276641905197,0.001014112726764438,1.0,0.02097447196221718,0.25017400000000123,57.026238
250,0.0034662180263821617,0.0010073779124953445,1.0,0.020634094936450287,0.26625800000000055,57.292496
251,0.003443386127593099,0.0010009791433049048,1.0,0.020177940265187825,0.2599749999999972,57.552471
252,0.0034207822697977556,0.0009944891528643304,1.0,0.02072200174148152,0.28532700000000233,57.837798
253,0.003398406701750161,0.0009879486346876481,1.0,0.019517876383025552,0.24568299999999965,58.083481
254,0.003376251317388302,0.0009816188102825078,1.0,0.020617848803948256,0.24589799999999684,58.329378999999996
255,0.0033543146858459193,0.0009753728528026199,1.0,0.0203652573794461,0.24806500000000398,58.577444
256,0.003332595177087582,0.0009691132079554399,1.0,0.020208858776373115,0.2385009999999994,58.815945
257,0.003311090477926318,0.0009628640034508775,1.0,0.020113485288080758,0.24600199999999717,59.061946999999996
258,0.0032897940277147072,0.0009567463862976855,1.0,0.019899872167387478,0.2247640000000004,59.286711
259,0.003268707345534266,0.0009506716600908683,1.0,0.020047530275179165,0.22420600000000235,59.510917
260,0.0032478238078289612,0.0009446435960547431,1.0,0.019913450726047242,0.23103400000000107,59.741951
261,0.0032271435477823625,0.0009388274461245621,1.0,0.019747077334710164,0.22893799999999942,59.970889
262,0.003206665736747384,0.0009329905008962738,1.0,0.01918181334982963,0.2277559999999994,60.198645
263,0.003186382689964076,0.0009271421226281203,1.0,0.019830129043280242,0.22401299999999935,60.422658
264,0.003166294309766555,0.0009214378818899844,1.0,0.0189524417155032,0.22112599999999816,60.643784
265,0.003146402254510434,0.0009156390917861306,1.0,0.01956787362221091,0.24584999999999724,60.889633999999994
266,0.0031266950080169084,0.0009100125065343718,1.0,0.02054300268799459,0.2367750000000015,61.126408999999995
267,0.003107175273822139,0.0009043040546320352,1.0,0.018916122292321924,0.2250190000000032,61.351428
268,0.0030878398434782336,0.0008988425276268241,1.0,0.019443268541615703,0.21939700000000073,61.570825
269,0.0030686887139732876,0.0008933883746406518,1.0,0.01952271285845257,0.21803699999999537,61.788861999999995
270,0.0030497187521740525,0.0008880109263525794,1.0,0.018910839541024176,0.21802900000000136,62.006890999999996
271,0.0030309267995361983,0.0008825511212871266,1.0,0.01895595390717004,0.20958800000000366,62.216479
272,0.003012311831132513,0.0008771799797436542,1.0,0.01920923208093618,0.22010900000000078,62.436588
273,0.0029938687503679204,0.0008717926890311982,1.0,0.019399642361811752,0.21594499999999783,62.652533
274,0.0029755976755929917,0.0008665345748881286,1.0,0.018911007827923758,0.21782199999999818,62.870354999999996
275,0.0029574969389377257,0.0008613326146412841,1.0,0.01881694842995761,0.22549500000000222,63.09585
276,0.002939563875736789,0.000856320717531358,1.0,0.018684291025473816,0.22348199999999707,63.319331999999996
277,0.002921796089291116,0.0008511651874120936,1.0,0.018800685361133256,0.22123500000000007,63.540566999999996
278,0.0029041901893920945,0.0008460421957358605,1.0,0.018641873687064724,0.2175500000000028,63.758117
279,0.0028867458671792408,0.000841044709804605,1.0,0.018043269666634016,0.2151139999999998,63.973231
280,0.0028694582976257167,0.000836003238962436,1.0,0.018398770313274374,0.2540389999999917,64.22726999999999
281,0.0028523279164058345,0.0008310500696537175,1.0,0.01850212754284945,0.2192190000000096,64.446489
282,0.0028353534290717964,0.0008260866077378379,1.0,0.018491690467472063,0.21571999999999036,64.66220899999999
283,0.0028185302843685527,0.0008213514993806331,1.0,0.017915337768523824,0.2271040000000113,64.889313
284,0.0028018608297593283,0.0008165154560761618,1.0,0.018235680571524655,0.21189999999999998,65.101213
285,0.0027853380950740615,0.0008118578929129689,1.0,0.01842649610133575,0.21940499999999474,65.320618
286,0.002768964050121638,0.0008071829682080457,1.0,0.018036474993969966,0.22887099999999805,65.549489
287,0.0027527368118788584,0.0008025316691504999,1.0,0.018325334416710637,0.23699600000000487,65.786485
288,0.002736656367992178,0.0007979150823138137,1.0,0.01717044122769365,0.21867299999999545,66.005158
289,0.002720718436567608,0.0007933193830259965,1.0,0.017292391527172903,0.22554100000000687,66.230699
290,0.0027049185753007924,0.0007888467700621024,1.0,0.018081740107524565,0.22490599999999006,66.45560499999999
291,0.0026892589419990056,0.0007844612417862483,1.0,0.017657280319997522,0.2135590000000036,66.669164
292,0.0026737385120488744,0.0007799879505249503,1.0,0.018130226399453043,0.21521400000000313,66.884378
293,0.0026583547750181243,0.0007755083422633218,1.0,0.017867035002756496,0.22486299999999915,67.109241
294,0.002643101756414956,0.0007712365441701156,1.0,0.017652807725602054,0.2158589999999947,67.32509999999999
295,0.0026279829567513752,0.0007669865029613452,1.0,0.017820581750143522,0.2541300000000035,67.57923
296,0.002612996834373836,0.0007626603759394089,1.0,0.018026765473039896,0.2256179999999972,67.80484799999999
297,0.002598140799605161,0.0007584138296269659,1.0,0.017993468361410386,0.2303370000000058,68.035185
298,0.002583413155310277,0.0007542315359428107,1.0,0.017828059557238266,0.2149689999999964,68.250154
299,0.0025688138809700735,0.0007501570282979855,1.0,0.0174359980984556,0.2256890000000027,68.475843
300,0.0025543395380554913,0.0007459166587605937,1.0,0.017719677009508588,0.21598699999999837,68.69183
301,0.0025399883444481228,0.0007417849817320576,1.0,0.017561234341882063,0.2195779999999985,68.911408
302,0.0025257610483540214,0.0007376691425945354,1.0,0.01783266235212232,0.21042099999999664,69.12182899999999
303,0.002511654236052327,0.0007336697412689847,1.0,0.016971113541075635,0.220152000000013,69.341981
304,0.0024976685195940555,0.0007297172973164005,1.0,0.017140628852604485,0.2174359999999922,69.559417
305,0.0024838019271290557,0.0007258729537790076,1.0,0.017345626511649087,0.23669300000000248,69.79611
306,0.002470053511174757,0.0007218966552169627,1.0,0.017011358289855803,0.21526199999999562,70.011372
307,0.002456419377263989,0.0007179305436178317,1.0,0.017792550967278206,0.21112899999999968,70.222501
308,0.0024428964968431282,0.0007140009697386464,1.0,0.017469516825923872,0.2400480000000016,70.462549
309,0.002429486839809036,0.0007101059083435228,1.0,0.01670275512529313,0.24084399999999562,70.70339299999999
310,0.0024161906721828436,0.000706268413697018,1.0,0.016252334464199655,0.21719600000000128,70.92058899999999
311,0.0024030039973189704,0.0007024656002990547,1.0,0.016901621325792832,0.21372500000001082,71.134314
312,0.0023899269484937546,0.0006986795572271281,1.0,0.01712631821366264,0.22115099999999188,71.355465
313,0.00237695787211349,0.0006949477291510769,1.0,0.016659094818619873,0.22216799999999637,71.57763299999999
314,0.0023640954585119455,0.0006912237090184793,1.0,0.016541107742162033,0.21310499999999877,71.79073799999999
315,0.0023513391859947773,0.0006874962274420205,1.0,0.016687645086071394,0.22029700000000219,72.01103499999999
316,0.0023386862760686484,0.0006837754994790095,1.0,0.016633408251991146,0.22014599999999973,72.23118099999999
317,0.0023261353164229746,0.0006800916803678596,1.0,0.016562853589594785,0.2286630000000116,72.459844
318,0.0023136868093474013,0.0006764716449129722,1.0,0.016679235155260756,0.20752899999999386,72.667373
319,0.002301338139861605,0.00067296852172304,1.0,0.017054956171330425,0.22706100000000617,72.894434
320,0.002289090460760891,0.0006694385794007856,1.0,0.01616963663994318,0.2155209999999954,73.109955
321,0.0022769408158844814,0.0006659417992845245,1.0,0.016467010813012908,0.2180269999999922,73.32798199999999
322,0.002264889137969824,0.0006624244164020406,1.0,0.01623968615863398,0.21634900000000812,73.544331
323,0.002252934098604543,0.0006589313373529909,1.0,0.01651313566500815,0.21632900000000177,73.76066
324,0.0022410747947405763,0.0006554820298276468,1.0,0.016788527817451358,0.21641599999999528,73.977076
325,0.0022293108867330676,0.0006520542117195224,1.0,0.016200447744752006,0.2497630000000015,74.226839
326,0.0022176421869618524,0.0006486738288185276,1.0,0.0161055241155265,0.23401900000000353,74.460858
327,0.0022060641084051726,0.0006453558737728017,1.0,0.016124211012998196,0.22621999999999787,74.687078
328,0.0021945785612634506,0.0006420000638782101,1.0,0.016045644677989825,0.21920799999999474,74.906286
329,0.0021831828486595577,0.0006386990764028581,1.0,0.01606526134069542,0.22286400000000128,75.12915
330,0.0021718763889584307,0.0006353668671837197,1.0,0.016495845498880383,0.21750500000000272,75.346655
331,0.002160658853287881,0.0006320945925090202,1.0,0.016060750560745064,0.2160119999999921,75.56266699999999
332,0.002149528582482966,0.0006290002682536092,1.0,0.0157578465591578,0.21816900000000317,75.780836
333,0.002138487140656597,0.000625871758084996,1.0,0.015655038222768272,0.21970600000000218,76.000542
334,0.002127530722060121,0.0006227249278821224,1.0,0.015981393573190186,0.21734200000000214,76.217884
335,0.002116660603602109,0.0006196289382658343,1.0,0.016314925844333576,0.21402700000000152,76.431911
336,0.002105873110095405,0.000616548313481585,1.0,0.016502834058009692,0.25133300000000247,76.683244
337,0.002095169018687037,0.0006134893908285872,1.0,0.015518222000004614,0.21916299999999467,76.902407
338,0.002084549008364728,0.0006104387300867612,1.0,0.015650240552589567,0.21371000000000606,77.116117
339,0.0020740105766291687,0.0006073932791408808,1.0,0.016215728923810943,0.22525499999999,77.34137199999999
340,0.002063552921854722,0.0006043965909502941,1.0,0.01603709902558461,0.21956600000000037,77.560938
341,0.0020531751020175827,0.0006013722504226282,1.0,0.015697650152459615,0.22572600000000875,77.786664
342,0.0020428762566224697,0.0005984517519075813,1.0,0.015945092184165895,0.2231389999999891,78.00980299999999
343,0.002032656855975944,0.0005954438112701821,1.0,0.015159758106244307,0.21561900000000378,78.225422
344,0.0020225148161267703,0.0005925080569693249,1.0,0.01589679924022894,0.22312300000000107,78.448545
345,0.002012448565154015,0.0005896022471495148,1.0,0.015707579252617346,0.2242609999999985,78.672806
346,0.002002457954262598,0.0005867448328168239,1.0,0.015952799569117392,0.2220659999999981,78.89487199999999
347,0.0019925430734543483,0.0005839296132151588,1.0,0.015516933616968938,0.22992700000000355,79.124799
348,0.001982702856654926,0.0005810316729124952,1.0,0.015531903696933564,0.21993500000000665,79.344734
349,0.001972936680755265,0.0005782202488645296,1.0,0.015372589902986544,0.21753999999999962,79.562274
350,0.0019632437374412673,0.0005754914049035154,1.0,0.015179151803048007,0.24149599999999793,79.80377
351,0.0019536238800801197,0.0005726573152304416,1.0,0.015830175350191034,0.23453499999999394,80.038305
352,0.0019440744217907046,0.000569938373781316,1.0,0.014843159123860054,0.22414100000000303,80.262446
353,0.0019345968068801027,0.0005671562952380768,1.0,0.015591755737653402,0.22002799999999922,80.482474
354,0.001925188865660747,0.0005644407426879033,1.0,0.01545884758066008,0.21561499999999967,80.698089
355,0.0019158506736797498,0.0005618019646003559,1.0,0.014755000884233095,0.22595700000000818,80.924046
356,0.0019065804671962725,0.0005592174114908761,1.0,0.01582719239168284,0.21722699999999406,81.141273
357,0.0018973786836855707,0.0005565538431035682,1.0,0.015227409573279347,0.22004900000000305,81.361322
358,0.0018882444334336838,0.0005539362952724596,1.0,0.014590024648297823,0.2187809999999928,81.580103
359,0.0018791773729629716,0.0005513209092637773,1.0,0.015168329650599024,0.21747400000000994,81.797577
360,0.0018701766673848395,0.0005487708857897478,1.0,0.014779733320621434,0.2475469999999973,82.045124
361,0.00186124116980265,0.0005461718860758616,1.0,0.014838243522217237,0.22154999999999347,82.266674
362,0.0018523704032396553,0.0005435998828903184,1.0,0.015283262754603826,0.22213700000000358,82.488811
363,0.0018435636605232855,0.000541066350322431,1.0,0.014774975409531706,0.21855200000000252,82.707363
364,0.0018348206585410642,0.0005385109486168399,1.0,0.014882023291843158,0.22391100000000108,82.931274
365,0.0018261404679000023,0.0005360216821920991,1.0,0.014910181102043589,0.21921700000000044,83.150491
366,0.0018175229986077137,0.0005335493836567828,1.0,0.014747907458190506,0.22349599999999725,83.373987
367,0.0018089678764764763,0.0005311068698775455,1.0,0.014590039589232278,0.2194109999999938,83.593398
368,0.0018004736537058248,0.0005286054802146638,1.0,0.014660764811164276,0.2229910000000075,83.816389
369,0.001792039733307361,0.0005262004026277182,1.0,0.01489142023396653,0.21356199999999603,84.029951
370,0.0017836651582018726,0.000523799504801736,1.0,0.014171418651507135,0.21973699999999496,84.24968799999999
371,0.001775349947039551,0.0005213884325424663,1.0,0.014250156904832056,0.23967199999999877,84.48935999999999
372,0.0017670940366001522,0.0005190253080869959,1.0,0.014190864022998826,0.23697500000000105,84.72633499999999
373,0.001758896284035996,0.0005166696142953971,1.0,0.014632403615345917,0.2352249999999998,84.96155999999999
374,0.001750756765151845,0.0005142740568824275,1.0,0.014277135815970069,0.22967700000000946,85.191237
375,0.0017426740629036624,0.000511893280929693,1.0,0.014042280673981852,0.22272399999999948,85.413961
376,0.001734647968083562,0.0005095904410740275,1.0,0.014160205912726537,0.2173519999999911,85.63131299999999
377,0.0017266776879213523,0.0005073052376630867,1.0,0.01428494936347894,0.22148500000000126,85.85279799999999
378,0.0017187620826362448,0.0005050236515863329,1.0,0.014515857584881216,0.22615000000000407,86.078948
379,0.001710901948711352,0.0005027307073294288,1.0,0.01423294174984454,0.22877499999999884,86.307723
380,0.0017030963962247,0.0005004789023625893,1.0,0.014346241031553837,0.2199370000000016,86.52766
381,0.00169534538132039,0.0004982200811026474,1.0,0.01401977920749158,0.2209620000000001,86.748622
382,0.0016876475393112122,0.0004960372895850133,1.0,0.014502114235723557,0.21322899999999834,86.961851
383,0.0016800023114014004,0.00049383067205254,1.0,0.014279967392586346,0.21846200000000238,87.180313
384,0.0016724104247682172,0.0004915684796864703,1.0,0.014130292780268807,0.2161299999999926,87.39644299999999
385,0.0016648700901425726,0.0004893715864671611,1.0,0.013962740120740481,0.21786800000000994,87.614311
386,0.0016573812860822318,0.00048725784505462225,1.0,0.014533643478105767,0.22242299999999204,87.83673399999999
387,0.0016499435095021658,0.00048514851791523503,1.0,0.013965104906706924,0.21724199999999882,88.05397599999999
388,0.0016425568771540504,0.00048303240331932406,1.0,0.014323793691338937,0.21806100000000583,88.272037
389,0.001635221148089426,0.00048090322101151576,1.0,0.013827308666623338,0.21854999999999336,88.49058699999999
390,0.0016279352024744758,0.00047877141826898934,1.0,0.014093151549382281,0.21524200000000349,88.705829
391,0.001620697523139996,0.00047670453015237295,1.0,0.013773652048689744,0.22273800000000676,88.928567
392,0.001613509142934141,0.00047460208156593453,1.0,0.0140221927639602,0.21869799999998918,89.14726499999999
393,0.0016063686485805948,0.0004725576590364895,1.0,0.014349283295228245,0.22310600000000136,89.37037099999999
394,0.0015992759623062658,0.0004705102966687689,1.0,0.013805633213697403,0.27201399999999865,89.64238499999999
395,0.0015922311417543686,0.00046843859522197333,1.0,0.013422053607595076,0.27814300000000003,89.92052799999999
396,0.0015852329777427112,0.0004664270036356362,1.0,0.013752995547802228,0.21816000000001168,90.138688
397,0.001578281932166548,0.0004644046446153025,1.0,0.013658483832385937,0.2060639999999978,90.344752
398,0.0015713763752494365,0.00046240720070998934,1.0,0.013351259185395287,0.22133200000000386,90.566084
399,0.0015645176229959245,0.0004604129890481266,1.0,0.013291166159038024,0.20841299999999308,90.774497
400,0.0015577040619410324,0.000458451533304464,1.0,0.013979790856826232,0.23836199999999508,91.01285899999999
401,0.0015509352034163075,0.0004565690170046215,1.0,0.01365309423689077,0.22481799999999907,91.23767699999999
402,0.001544211655641644,0.00045456914586538237,1.0,0.013506594679828652,0.22637699999999938,91.46405399999999
403,0.0015375315948647984,0.0004526637257684916,1.0,0.01330743584457793,0.22937600000000202,91.69342999999999
404,0.0015308959644270397,0.0004507502050264269,1.0,0.013203448414612996,0.23634300000000508,91.929773
405,0.0015243039251497663,0.00044880774312508676,1.0,0.013647614826848257,0.2408010000000047,92.170574
406,0.0015177548798670547,0.00044693283446493317,1.0,0.013589842118902552,0.2295790000000011,92.400153
407,0.0015112483765111443,0.0004450898656430237,1.0,0.013855899279949716,0.2681309999999968,92.668284
408,0.0015047844597141419,0.00044322851288205263,1.0,0.013216236078518242,0.2154299999999978,92.883714
409,0.0014983625145739519,0.0004413362811116316,1.0,0.013445812885751866,0.2231869999999958,93.106901
410,0.0014919818178094281,0.0004394490693937302,1.0,0.013320236970384973,0.22441600000000506,93.331317
411,0.0014856425042246056,0.0004376132880842779,1.0,0.012769224676930778,0.22417899999999236,93.55549599999999
412,0.0014793439927310466,0.00043578042782947685,1.0,0.013469960211958657,0.2494440000000111,93.80494
413,0.0014730859046246053,0.0004339431509696392,1.0,0.013512718430710488,0.26387099999999464,94.068811
414,0.00146686789614995,0.00043211399564664605,1.0,0.013433559880587854,0.2538470000000075,94.322658
415,0.001460690051527906,0.0004303149152968104,1.0,0.013143735586049754,0.2657299999999907,94.588388
416,0.0014545514048847936,0.0004285359955531846,1.0,0.013172422200598695,0.2401880000000034,94.828576
417,0.0014484513462138802,0.00042680094329307713,1.0,0.013620521035357928,0.2201029999999946,95.04867899999999
418,0.0014423912685206145,0.00042503151963517455,1.0,0.01264066998350403,0.21639500000000567,95.265074
419,0.0014363684315279806,0.0004233122775222843,1.0,0.013033298263599375,0.22275499999999226,95.48782899999999
420,0.0014303846003195964,0.0004215739554292457,1.0,0.013244627179319839,0.2212549999999993,95.70908399999999
421,0.0014244385838459482,0.00041987099764616287,1.0,0.01297136804275786,0.2181850000000054,95.927269
422,0.0014185296790784343,0.00041817197398902925,1.0,0.012890816575713547,0.21934000000000253,96.146609
423,0.0014126583447994594,0.0004164612041065866,1.0,0.013510782274303175,0.21615799999999297,96.36276699999999
424,0.0014068238318522067,0.00041481947237239974,1.0,0.012475439139527675,0.22377300000000844,96.58654
425,0.0014010266547505755,0.0004131261328718957,1.0,0.013036664546871139,0.2213430000000045,96.807883
426,0.0013952656806175113,0.0004114414452141265,1.0,0.012900718072219246,0.21628499999999917,97.024168
427,0.0013895408748395594,0.0004097648519060466,1.0,0.013063765322847186,0.21820599999999502,97.242374
428,0.0013838515638194297,0.00040809835214627316,1.0,0.012889784489847695,0.26141699999999446,97.50379099999999
429,0.0013781975094033423,0.00040646548654936715,1.0,0.012390399451382724,0.2213480000000061,97.725139
430,0.001372578298463579,0.00040481822291867407,1.0,0.012818597256520823,0.21925999999999135,97.94439899999999
431,0.0013669933585559856,0.00040318744067040495,1.0,0.01279664015993662,0.21854500000000598,98.162944
432,0.0013614429881997462,0.0004015658892993098,1.0,0.01271356359177165,0.21805600000000425,98.381
433,0.0013559260542666829,0.0004000293642225374,1.0,0.01265386862182698,0.22511699999999735,98.606117
434,0.0013504438984531715,0.0003984427349847619,1.0,0.012586584041142898,0.21034500000000378,98.816462
435,0.0013449954593407795,0.0003968948203165641,1.0,0.012316279097380364,0.22587399999999036,99.04233599999999
436,0.001339580223496358,0.00039534375207002717,1.0,0.012561556739697671,0.22302200000000028,99.26535799999999
437,0.0013341980410055843,0.0003938098515431197,1.0,0.012154475120655327,0.21813099999999963,99.48348899999999
438,0.0013288491150933788,0.0003922779732129058,1.0,0.012705165600157345,0.23458300000000065,99.71807199999999
439,0.0013235328974335366,0.00039075769740697574,1.0,0.012755092235347652,0.2216280000000097,99.9397
440,0.001318249277710008,0.0003892320218370825,1.0,0.012581385823039514,0.22032799999999497,100.160028
441,0.0013129973200202416,0.000387713642315541,1.0,0.012718806921203337,0.2069709999999958,100.36699899999999
442,0.0013077772024373212,0.0003862108270326083,1.0,0.01268700834397201,0.21845100000000173,100.58545
443,0.0013025887823700404,0.0003847218489710386,1.0,0.012577401186537317,0.22463400000000888,100.810084
444,0.0012974315935638634,0.00038322962012820574,1.0,0.012387428569832016,0.21790299999999263,101.027987
445,0.0012923054935843389,0.0003817493304303824,1.0,0.01284639998403875,0.2245500000000078,101.252537
446,0.0012872102818333865,0.0003802792719837896,1.0,0.012423109845613322,0.21745099999999695,101.469988
447,0.0012821456261430221,0.0003787757914091696,1.0,0.011921604556299354,0.21750500000000272,101.687493
448,0.0012771108862755095,0.0003773088409980802,1.0,0.011951470955172138,0.21926899999999705,101.906762
449,0.001272106405089832,0.00037586188165409756,1.0,0.012370628055516131,0.21824800000000266,102.12501
450,0.001267131382559347,0.0003744290517683522,1.0,0.012120003153587256,0.21849899999999423,102.343509
451,0.0012621858158827796,0.0003730110638126568,1.0,0.012058109133928815,0.21668800000000488,102.560197
452,0.001257269911216818,0.00037155327633335106,1.0,0.01188377130344656,0.21886099999998976,102.77905799999999
453,0.0012523830971168598,0.0003701342721293977,1.0,0.01198905890578809,0.21808800000000872,102.997146
454,0.0012475253321279892,0.000368710043271574,1.0,0.011853038209980281,0.2181059999999917,103.21525199999999
455,0.0012426958915490996,0.0003673023716652487,1.0,0.012233567740376842,0.24990200000000584,103.465154
456,0.0012378947292326112,0.00036593586466056554,1.0,0.011891068152585966,0.2175799999999981,103.682734
457,0.0012331223494383625,0.00036453089934935704,1.0,0.011918147511933645,0.233468000000002,103.916202
458,0.001228377537532275,0.00036314078622664626,1.0,0.011748071078530637,0.24754099999999823,104.163743
459,0.0012236601856636148,0.00036178787618981214,1.0,0.01218503827997031,0.22710600000000625,104.390849
460,0.0012189707061613362,0.0003604379052816469,1.0,0.011740475585238934,0.21713499999999897,104.607984
461,0.001214308283948251,0.00035909255830561434,1.0,0.011757246170106858,0.21823999999999444,104.826224
462,0.0012096734076630282,0.00035770551986294945,1.0,0.011710274868482624,0.21990300000000218,105.046127
463,0.0012050646911388292,0.00035637515826652643,1.0,0.01211595982712702,0.22396799999999928,105.270095
464,0.0012004825440906312,0.0003550032116002701,1.0,0.01177092929309323,0.21813000000000216,105.488225
465,0.00119592674975086,0.0003536746056257695,1.0,0.01220590262465743,0.21713900000000308,105.705364
466,0.0011913972491368159,0.00035236363501938193,1.0,0.011480106259778808,0.45070099999999513,106.156065
467,0.0011868935378780733,0.0003510448399633384,1.0,0.01174683528469183,0.23716000000000292,106.393225
468,0.0011824156787891566,0.00034976590461574953,1.0,0.011334082842049143,0.2210839999999905,106.61430899999999
469,0.0011779637629318579,0.0003485007445470453,1.0,0.011528691664074844,0.21817500000000223,106.832484
470,0.001173537744906103,0.000347241287818808,1.0,0.01135352589733002,0.2219390000000061,107.054423
471,0.001169137197280362,0.0003459677974718566,1.0,0.011478690909717936,0.2193240000000003,107.273747
472,0.001164761802903247,0.0003446939252630216,1.0,0.011777638176421058,0.22554300000000183,107.49929
473,0.0011604112150085922,0.0003434774417632493,1.0,0.011546007738322856,0.21976300000000037,107.719053
474,0.0011560853367434576,0.0003422481636016677,1.0,0.011445912358542911,0.21929499999998825,107.93834799999999
475,0.0011517840729527555,0.0003410008385267934,1.0,0.011738884289006588,0.21741600000000005,108.15576399999999
476,0.0011475074816138808,0.0003397488126116471,1.0,0.011380868633908265,0.2159550000000081,108.371719
477,0.0011432548143910383,0.00033847477772479056,1.0,0.011410085287700577,0.21688299999999572,108.588602
478,0.001139025687200895,0.00033724364866980964,1.0,0.011780993427692071,0.22653700000000754,108.815139
479,0.0011348205519272985,0.00033601300194270546,1.0,0.011398718735081076,0.22579700000000003,109.040936
480,0.0011306385585552086,0.0003347934690702117,1.0,0.011388891440181773,0.2145659999999907,109.25550199999999
481,0.0011264799889789475,0.0003335807315544975,1.0,0.011192364354967387,0.21711100000000272,109.472613
482,0.0011223444782051033,0.0003324031091119989,1.0,0.011182679524774019,0.23032500000000766,109.702938
483,0.0011182321478792729,0.0003312153264385063,1.0,0.011540962356967211,0.21945799999998883,109.92239599999999
484,0.0011141426780909092,0.00033002705391427977,1.0,0.011545736447417125,0.22561500000000478,110.148011
485,0.0011100758455982274,0.00032885241407971597,1.0,0.011234953310756317,0.2170809999999932,110.36509199999999
486,0.0011060316867147848,0.0003276758743414164,1.0,0.011292393402778066,0.22017500000001178,110.585267
487,0.0011020097986465234,0.00032651137277584527,1.0,0.011655479419334461,0.22006199999999865,110.805329
488,0.0010980102132200247,0.00032532832570860527,1.0,0.011294479150102609,0.21905099999999322,111.02438
489,0.0010940323816068128,0.0003241864169471672,1.0,0.011396002569292189,0.22441200000000094,111.248792
490,0.0010900767202934225,0.00032305258086582457,1.0,0.01170640741345101,0.21573399999999765,111.46452599999999
491,0.0010861427650172314,0.0003218981717398023,1.0,0.011338126282878353,0.22458100000000059,111.68910699999999
492,0.0010822302641956111,0.0003207560095505932,1.0,0.011157637365653216,0.22117800000000898,111.910285
493,0.0010783388456845505,0.0003196169342118354,1.0,0.01158907358948185,0.22551199999999483,112.135797
494,0.001074468958375424,0.00031847765798142434,1.0,0.010936808847106915,0.2204930000000047,112.35629
495,0.00107062009869186,0.000317371491946521,1.0,0.01106846179544621,0.21708699999999226,112.573377
496,0.0010667924485947677,0.000316280156013169,1.0,0.010914383172194264,0.21475999999999829,112.78813699999999
497,0.0010629856642032883,0.0003151480607618641,1.0,0.011239909235051259,0.2223900000000043,113.010527
498,0.0010591992620180082,0.0003140281413737651,1.0,0.010970329925103859,0.22128100000000472,113.231808
499,0.0010554335021159612,0.00031292165326926737,1.0,0.011219786222250703,0.22056399999999599,113.452372
500,0.0010516877900776421,0.00031182362260745704,1.0,0.011303757748822123,0.2220269999999971,113.674399
501,0.001047962302593131,0.0003107270344481783,1.0,0.011289240232528154,0.21931200000000217,113.893711
502,0.0010442564631110945,0.0003096435985872029,1.0,0.010838238369992877,0.22151499999999658,114.11522599999999
503,0.0010405705855311346,0.0003085914848013827,1.0,0.01132808351244505,0.22393800000000397,114.339164
504,0.0010369046470179283,0.00030751968446937356,1.0,0.011178261226336151,0.22079300000000046,114.559957
505,0.0010332583859184274,0.0003065051306021731,1.0,0.010907879444329995,0.22635599999999556,114.78631299999999
506,0.0010296317475329841,0.00030543707209759085,1.0,0.01099890997070219,0.22166200000000913,115.007975
507,0.0010260244488628242,0.00030439961459652906,1.0,0.011039005114466042,0.21727199999999414,115.225247
508,0.0010224363898492688,0.00030335688829036565,1.0,0.010816188400988242,0.22193699999999694,115.447184
509,0.0010188672812430344,0.00030231869600024516,1.0,0.010528551790184918,0.21725500000000864,115.664439
510,0.0010153171175451448,0.00030127603281264177,1.0,0.01047595219691891,0.21640099999999052,115.88083999999999
511,0.0010117855517799061,0.00030023908069070726,1.0,0.010542254263402167,0.21642700000001014,116.097267
512,0.0010082726361836905,0.00029921120289197,1.0,0.01063173440786441,0.2181810000000013,116.315448
513,0.0010047780783455445,0.0002981865166351964,1.0,0.010838083463300124,0.22575599999998985,116.541204
514,0.001001301862060029,0.00029716609664805086,1.0,0.010639986277217673,0.2286849999999987,116.76988899999999
515,0.0009978437730051388,0.00029616816945215687,1.0,0.010686135732389924,0.2192760000000078,116.989165
516,0.000994403765403052,0.00029516649687938825,1.0,0.0106879477715018,0.22572699999999202,117.21489199999999
517,0.0009909819060438594,0.0002941690596388346,1.0,0.010635822009058655,0.2214790000000022,117.436371
518,0.000987577969485099,0.00029316035644248934,1.0,0.010550172620246826,0.20749399999999696,117.64386499999999
519,0.000984191556499896,0.00029216401262720926,1.0,0.010950816932524348,0.21400000000001285,117.857865
520,0.0009808225932876177,0.00029119083631883215,1.0,0.010771781502114336,0.2239229999999992,118.081788
521,0.0009774711663152658,0.0002902061685295727,1.0,0.01049544917630581,0.217150999999987,118.29893899999999
522,0.0009741369003844689,0.0002892456556336197,1.0,0.01088537817411709,0.2253120000000024,118.52425099999999
523,0.0009708201416523172,0.0002882740786865382,1.0,0.010624182246279508,0.21949200000000246,118.743743
524,0.0009675205764676761,0.0002873008553889204,1.0,0.010666732084878667,0.22055600000000197,118.964299
525,0.0009642379961994265,0.0002863398714420833,1.0,0.01058653228916931,0.22029500000000724,119.184594
526,0.0009609722174187963,0.00028536187251527496,1.0,0.010569237123462437,0.21868199999998694,119.40327599999999
527,0.0009577232113809314,0.00028446137728241886,1.0,0.010518071538310235,0.2215890000000087,119.624865
528,0.0009544911481604585,0.000283546281869613,1.0,0.01047073924153184,0.21646599999999694,119.841331
529,0.000951275741553264,0.0002825886446743954,1.0,0.01059800578765531,0.2247780000000006,120.066109
530,0.0009480765894875168,0.00028165842750061906,1.0,0.010471564592391956,0.2182289999999938,120.28433799999999
531,0.0009448937394729733,0.00028073266453795755,1.0,0.010243700107829832,0.2259120000000081,120.51025
532,0.000941727281327269,0.0002798019169523167,1.0,0.010169697597033348,0.22197699999999543,120.732227
533,0.0009385767479849962,0.00027887820449004174,1.0,0.010392489342848924,0.21882100000000548,120.951048
534,0.0009354422012018524,0.00027796300583121674,1.0,0.01022577118973229,0.21474899999999764,121.165797
535,0.0009323235592330379,0.00027705607025658486,1.0,0.010085136937872491,0.21399999999999864,121.379797
536,0.0009292208382427665,0.0002761451819585433,1.0,0.010324132200993643,0.22193300000000704,121.60173
537,0.0009261338015749288,0.00027524629971826056,1.0,0.01027728514372172,0.21849299999999516,121.820223
538,0.0009230622677539674,0.0002743479699718943,1.0,0.010435355435865623,0.21944399999999575,122.039667
539,0.0009200062538667815,0.00027345460197841597,1.0,0.010328659653757186,0.22569099999999764,122.26535799999999
540,0.0009169652510876354,0.0002725550541488976,1.0,0.010462130115424172,0.22137299999999982,122.48673099999999
541,0.0009139395126080944,0.0002716592450533266,1.0,0.010506386340626062,0.2273140000000069,122.714045
542,0.0009109287862780055,0.0002707911205587921,1.0,0.010371823846311573,0.21600200000000314,122.930047
543,0.0009079331363721689,0.00026993441300772957,1.0,0.010249611756410306,0.2204009999999954,123.150448
544,0.0009049528164464559,0.0002690702273782625,1.0,0.009896672245256451,0.21956600000000037,123.370014
545,0.0009019873084822875,0.00026819047422864986,1.0,0.010325892256385543,0.23059200000000146,123.600606
546,0.0008990364356200609,0.0002673101965166582,1.0,0.010140287713317568,0.20735299999999768,123.807959
547,0.0008961000285791349,0.00026645829358824867,1.0,0.010072786405138439,0.2177199999999999,124.025679
548,0.0008931784019854041,0.00026561860293205256,1.0,0.010182435896880612,0.22033899999999562,124.24601799999999
549,0.0008902712802780013,0.0002647635657299813,1.0,0.010002725925030079,0.22803799999999796,124.47405599999999
550,0.0008873785262377512,0.0002639162646245482,1.0,0.010257711890797121,0.22548600000000363,124.699542
551,0.0008845000962201679,0.000263074839764564,1.0,0.01022787392944312,0.21942200000000867,124.918964
552,0.0008816355851243971,0.0002622309601924119,1.0,0.010449149954470665,0.21641699999999275,125.135381
553,0.0008787850511002528,0.0002613942903569267,1.0,0.010146739066158022,0.22022800000000586,125.355609
554,0.0008759483719402298,0.0002605770611065458,1.0,0.010091338881324649,0.22320099999998888,125.57880999999999
555,0.0008731258041773111,0.00025977368206950627,1.0,0.00996150832363281,0.2257020000000125,125.804512
556,0.0008703171607134972,0.00025895520095879155,1.0,0.01003288423882934,0.22979199999998912,126.03430399999999
557,0.0008675222220655472,0.00025813759347244314,1.0,0.010217062790222806,0.22046900000000846,126.254773
558,0.0008647408164299089,0.00025730547113618545,1.0,0.010151357253256055,0.21388999999999214,126.46866299999999
559,0.000861972776912835,0.0002564977815869596,1.0,0.010108454573465918,0.21806800000000237,126.686731
560,0.0008592179579530628,0.00025570451379385993,1.0,0.009802887840965535,0.21730499999999608,126.90403599999999
561,0.0008564766237675525,0.0002548939500017692,1.0,0.010141928451227687,0.21552000000001215,127.119556
562,0.0008537486359658854,0.0002540955953570581,1.0,0.009618844531282832,0.225679999999997,127.345236
563,0.0008510339433959204,0.0002532971755946321,1.0,0.009641855600366579,0.21958399999999756,127.56482
564,0.0008483322902340296,0.00025251871959568526,1.0,0.009874198298143974,0.21410000000000196,127.77892
565,0.0008456439036201139,0.00025172685368522475,1.0,0.009817937206534604,0.2220350000000053,128.000955
566,0.0008429683840022426,0.0002509296870927975,1.0,0.009741460556604596,0.2214259999999797,128.22238099999998
567,0.0008403056646884157,0.0002501506861377509,1.0,0.00949188905593699,0.2191140000000189,128.441495
568,0.0008376557998395344,0.0002493690562614798,1.0,0.009575589795643604,0.22371099999998023,128.66520599999998
569,0.0008350183182791422,0.0002485881273782918,1.0,0.009594559313997933,0.22081700000001092,128.886023
570,0.000832393551627901,0.0002478155280824551,1.0,0.009616218681447746,0.21560300000001575,129.101626
571,0.0008297811910868908,0.00024706473723359114,1.0,0.009720834035274665,0.22033799999999815,129.321964
572,0.000827181285096915,0.00024629976657368605,1.0,0.00933148544325659,0.21469899999999598,129.536663
573,0.0008245938353391116,0.0002455426554923185,1.0,0.009470729798628855,0.23471499999999423,129.771378
574,0.0008220184846185007,0.0002447729713108647,1.0,0.009703806586815723,0.2338009999999997,130.005179
575,0.000819455288132492,0.0002440126441538946,1.0,0.00961202123072237,0.22474399999998695,130.22992299999999
576,0.0008169042067680567,0.00024326553653688875,1.0,0.009622137410564805,0.21753100000000813,130.447454
577,0.0008143652257086362,0.0002425078363915094,1.0,0.009572128397506907,0.2251890000000003,130.672643
578,0.0008118378671411972,0.00024177652114294013,1.0,0.009713436771765312,0.2196739999999977,130.892317
579,0.000809322575158591,0.00024105314751758704,1.0,0.009586051924253927,0.2236159999999927,131.11593299999998
580,0.0008068191521194577,0.00024032194506244214,1.0,0.009719717452880182,0.2237090000000137,131.339642
581,0.0008043275722256326,0.00023958618331630595,1.0,0.009273208543362017,0.21426800000000412,131.55391
582,0.0008018476323539107,0.00023886109211260597,1.0,0.009303120140233774,0.21757900000000063,131.771489
583,0.000799379398000966,0.00023813066321710003,1.0,0.009160460598236888,0.21392799999998147,131.98541699999998
584,0.000796922601935321,0.00023740230380474373,1.0,0.009636567294191939,0.22083700000001727,132.206254
585,0.0007944772299238122,0.00023668049254465604,1.0,0.009462774436862298,0.22076799999999253,132.427022
586,0.0007920432388166112,0.00023597070479996061,1.0,0.009725645344040216,0.21424400000000787,132.641266
587,0.000789620446448321,0.00023526820571227215,1.0,0.009825621498716129,0.23150899999998842,132.872775
588,0.0007872088549617684,0.00023457539428644572,1.0,0.009815880082496375,0.21585600000000227,133.088631
589,0.0007848085204483752,0.0002338683152289242,1.0,0.009490084310156218,0.2222550000000183,133.310886
590,0.0007824192250604785,0.00023315071436082264,1.0,0.00955550764604143,0.21517699999998285,133.526063
591,0.0007800408232269591,0.00023245434547953468,1.0,0.009578586253800297,0.22621800000001713,133.752281
592,0.0007776732961072992,0.00023176971738151912,1.0,0.009664995917471901,0.214999999999975,133.96728099999999
593,0.0007753168328774979,0.00023108029070135493,1.0,0.009386909487050139,0.21450200000001018,134.181783
594,0.0007729711101620867,0.0002303987658081805,1.0,0.009541087187161805,0.22318000000001348,134.404963
595,0.0007706362184960088,0.00022969757742234334,1.0,0.009544123254933385,0.2223199999999963,134.627283
596,0.0007683119059918073,0.0002290390825968971,1.0,0.009327245973915441,0.21980299999998465,134.847086
597,0.0007659982774998434,0.0002283724544084109,1.0,0.009272858648255153,0.21611100000001215,135.063197
598,0.0007636953936084745,0.00022769009397363688,1.0,0.009748888014915455,0.2227929999999958,135.28599
599,0.0007614029701177446,0.0002270130328497332,1.0,0.00920907442464321,0.21380999999999517,135.4998
600,0.0007591208958149199,0.0002263513114505674,1.0,0.009353402460100633,0.2535609999999906,135.75336099999998
601,0.0007568494649940778,0.00022567877516164537,1.0,0.00963629895992453,0.22195000000002096,135.975311
602,0.0007545883327229326,0.00022501603907176587,1.0,0.009589685027010459,0.24543399999998883,136.220745
603,0.0007523374021497017,0.000224355538935492,1.0,0.009402300555335726,0.24967300000000137,136.470418
604,0.0007500965350640596,0.00022370216802155497,1.0,0.009296712381533144,0.2435260000000028,136.713944
605,0.0007478658026266564,0.00022304570870445502,1.0,0.009235066509352794,0.22985199999999395,136.943796
606,0.0007456451203965496,0.00022240339360082254,1.0,0.009267073229541638,0.22861800000001153,137.172414
607,0.0007434343074716938,0.00022176774806949024,1.0,0.009536909498089911,0.22436299999998255,137.396777
608,0.0007412334611654753,0.0002211182955710324,1.0,0.009139440319798865,0.22014400000000478,137.616921
609,0.0007390425311954087,0.0002204750097764673,1.0,0.009405805427977877,0.217410000000001,137.834331
610,0.000736861485095165,0.00021982970921946638,1.0,0.00906818516275939,0.21855899999999906,138.05289
611,0.000734690291753269,0.00021918736145079402,1.0,0.009300038461203058,0.21487999999999374,138.26776999999998
612,0.0007325287663187339,0.0002185626587782692,1.0,0.008979489408717987,0.22114300000001208,138.488913
613,0.0007303769127590579,0.00021792926636672022,1.0,0.009199619049761486,0.21849399999999264,138.707407
614,0.0007282345321411892,0.00021731434626861776,1.0,0.009033255945206025,0.2198020000000156,138.927209
615,0.000726101656996575,0.00021668834838645603,1.0,0.009156460410924144,0.2163630000000012,139.143572
616,0.0007239782371480691,0.00021605921503520904,1.0,0.009039967628624001,0.2152590000000032,139.358831
617,0.0007218642108893684,0.00021543645430682274,1.0,0.009146839477616265,0.2207429999999988,139.579574
618,0.0007197595211235505,0.0002148248561723407,1.0,0.008989767766855943,0.22092099999997572,139.80049499999998
619,0.000717664391973549,0.00021420693479205883,1.0,0.008859398532610864,0.2242700000000184,140.024765
620,0.0007155784132557519,0.00021360365900881646,1.0,0.008929681362376624,0.22468699999998876,140.249452
621,0.0007135017388046876,0.00021299481124450602,1.0,0.009061692138632158,0.22499100000001704,140.474443
622,0.0007114341462031908,0.00021239470174283588,1.0,0.008832710592816664,0.2152150000000006,140.689658
623,0.0007093756661147808,0.00021178809369072762,1.0,0.00878769149021475,0.2148819999999887,140.90454
624,0.000707326284647821,0.00021117969779278423,1.0,0.009038887824565944,0.23210299999999506,141.136643
625,0.0007052857214605477,0.00021057905556390883,1.0,0.008859794877398224,0.21528599999999187,141.35192899999998
626,0.0007032541130604841,0.00020998837810702088,1.0,0.008653984292901972,0.22064500000001885,141.572574
627,0.0007012314744293969,0.00020939600424893712,1.0,0.008656644312303351,0.2194680000000062,141.792042
628,0.0006992175388874402,0.00020879612187469165,1.0,0.008699561238576957,0.21993899999998234,142.011981
629,0.000697212311720856,0.00020820919161378145,1.0,0.00889110798957982,0.22322900000000345,142.23521
630,0.0006952159849826782,0.00020762124196107507,1.0,0.008775896244191044,0.21507299999998963,142.45028299999998
631,0.0006932283653681465,0.00020702793320630548,1.0,0.008963726206751229,0.22618600000001265,142.676469
632,0.0006912492700858972,0.00020645353094496152,1.0,0.00866053062724614,0.2245330000000081,142.901002
633,0.0006892787121879729,0.0002058676795288242,1.0,0.009004275571828846,0.21437199999999734,143.115374
634,0.0006873166775115797,0.00020528251736087071,1.0,0.008655012552707472,0.22214700000000676,143.337521
635,0.0006853630535641851,0.00020471169861015068,1.0,0.009174872919753628,0.21469099999998775,143.552212
636,0.0006834179301555978,0.00020414061478604204,1.0,0.008582217166351661,0.22036499999998682,143.77257699999998
637,0.0006814811268570196,0.00020357159027635245,1.0,0.008893896855735023,0.22363700000002495,143.996214
638,0.0006795526227764546,0.0002030195027031202,1.0,0.008963260869730198,0.21522899999999368,144.211443
639,0.0006776324594505406,0.0002024594600370577,1.0,0.008763727736582003,0.2192579999999964,144.430701
640,0.0006757205740682161,0.000201895009536379,1.0,0.008644383252319702,0.2240239999999858,144.65472499999998
641,0.000673816824946996,0.00020134105962392175,1.0,0.008480391876413583,0.2283130000000142,144.883038
642,0.0006719212697826297,0.00020078127850977335,1.0,0.00900365817322616,0.21495799999999576,145.097996
643,0.0006700338240903978,0.00020022992831749667,1.0,0.008788628103826107,0.21454299999999193,145.312539
644,0.0006681544301954006,0.00019967530926037877,1.0,0.0086131029546741,0.2209630000000118,145.533502
645,0.0006662830412310902,0.00019912423624493693,1.0,0.00859577652061921,0.2215280000000064,145.75503
646,0.0006644195185668018,0.00019857858510980025,1.0,0.008467626132470303,0.216007999999988,145.971038
647,0.000662563985040481,0.00019802783557430826,1.0,0.008627861532700653,0.2148740000000089,146.185912
648,0.0006607162643800743,0.00019747422468076548,1.0,0.00865120933464927,0.22142600000000812,146.407338
649,0.0006588763224984675,0.00019693270286061376,1.0,0.008765302702540754,0.21949299999999994,146.626831
650,0.0006570439212189578,0.000196397604002443,1.0,0.00857969062832738,0.23330799999999385,146.860139
651,0.0006552192867335307,0.00019585852108457982,1.0,0.0087391096191082,0.2315189999999916,147.091658
652,0.0006534021371465226,0.00019533138818742887,1.0,0.008427578236646078,0.27434299999998757,147.36600099999998
653,0.0006515928335336408,0.0001948145723626292,1.0,0.008752325029300876,0.2533610000000124,147.619362
654,0.0006497912123826887,0.0001942966815128316,1.0,0.008699117058740637,0.23355399999999804,147.852916
655,0.0006479973195675353,0.00019377245787629042,1.0,0.008668571274262755,0.2716049999999939,148.124521
656,0.0006462109072781899,0.00019325546860975758,1.0,0.008595881253718641,0.24069500000001653,148.365216
657,0.000644432060098594,0.00019273754660015642,1.0,0.0084967828952791,0.2634089999999958,148.628625
658,0.0006426605707065939,0.00019222131959988192,1.0,0.008559281396854055,0.24323499999999854,148.87186
659,0.000640896569521105,0.00019169224062467273,1.0,0.008484238726911031,0.23195499999999925,149.103815
660,0.000639139754589755,0.00019116973780127029,1.0,0.008585958638745422,0.3208529999999996,149.424668
661,0.0006373902746476795,0.00019065935813270045,1.0,0.008580645183058682,0.23895100000001435,149.663619
662,0.0006356480626773075,0.00019014489444850997,1.0,0.008757235183856918,0.28898299999997334,149.95260199999998
663,0.0006339130433093262,0.00018962522422330105,1.0,0.008508670026452924,0.23804000000001224,150.190642
664,0.0006321851998688631,0.000189112602683203,1.0,0.00866347051630126,0.22616800000000126,150.41681
665,0.0006304644814694476,0.00018860709138277822,1.0,0.008550053375766637,0.2702160000000049,150.687026
666,0.000628750878759827,0.00018810610486754214,1.0,0.008188381472438422,0.2653530000000046,150.952379
667,0.0006270443378869097,0.00018760963465809535,1.0,0.008127390178396454,0.25349799999997913,151.205877
668,0.000625344772327377,0.00018711868512763914,1.0,0.008162128720199417,0.22483700000000795,151.430714
669,0.0006236522718033038,0.00018662005030035204,1.0,0.008572170605794096,0.25095300000000975,151.681667
670,0.0006219667893474718,0.0001861137646645518,1.0,0.008292752306775503,0.21897999999998774,151.900647
671,0.0006202881647266205,0.00018562602812336373,1.0,0.008342348727323097,0.22686100000001375,152.127508
672,0.0006186164380235273,0.00018513299782272287,1.0,0.00840400183155143,0.24614900000000262,152.373657
673,0.0006169515466270957,0.00018463214522713365,1.0,0.008572511575608122,0.22137599999999225,152.595033
674,0.0006152934537675967,0.0001841396161290935,1.0,0.008234837732798728,0.2141809999999964,152.809214
675,0.0006136420894311112,0.0001836577750791052,1.0,0.008017777753441575,0.3155920000000094,153.124806
676,0.0006119973903634994,0.00018317920256212018,1.0,0.00831244136793277,0.2821129999999812,153.406919
677,0.0006103593528482196,0.0001826957763770987,1.0,0.008167095178923462,0.2549450000000206,153.661864
678,0.0006087279370929051,0.00018222367395260978,1.0,0.008244825795982834,0.24794599999998468,153.90981
679,0.0006071032748403276,0.00018174205865169663,1.0,0.008144463599056063,0.2426189999999906,154.15242899999998
680,0.0006054851056714897,0.0001812764131136138,1.0,0.00785257138220967,0.23573500000000536,154.388164
681,0.000603873551230591,0.0001807993564262881,1.0,0.008045369381319604,0.24051400000001877,154.628678
682,0.0006022683978556065,0.00018033871669155898,1.0,0.008318608304614483,0.2605399999999918,154.889218
683,0.0006006698343134528,0.00017986888542538906,1.0,0.007935182889455054,0.23729000000000156,155.126508
684,0.0005990776743531338,0.00017940093412017203,1.0,0.007856194526989066,0.22158699999999953,155.348095
685,0.0005974918784254808,0.0001789356740155069,1.0,0.008284506358702889,0.21920900000000643,155.567304
686,0.0005959125090154165,0.00017847544262041093,1.0,0.008082456759489098,0.21563399999999433,155.782938
687,0.0005943394508004118,0.00017801754443619736,1.0,0.008547924302232807,0.21527100000000132,155.998209
688,0.0005927726923672376,0.00017754848086053485,1.0,0.00792697868332781,0.22024700000000053,156.218456
689,0.0005912122444691856,0.00017708873072300643,1.0,0.008046485021057027,0.22574299999999425,156.444199
690,0.0005896579079146633,0.0001766302991799417,1.0,0.008357017475375768,0.22312900000000013,156.667328
691,0.0005881098136975988,0.00017617566856624616,1.0,0.008396910567450178,0.2101639999999918,156.877492
692,0.0005865679361472784,0.00017571610130820021,1.0,0.0081348365055457,0.21643000000000256,157.093922
693,0.000585032131291881,0.00017525884208393434,1.0,0.008066466651166412,0.2193460000000016,157.313268
694,0.0005835023979552039,0.0001748073474660371,1.0,0.00822901488513996,0.21687299999999254,157.530141
695,0.000581978728933666,0.00017435213819303483,1.0,0.007972570015856394,0.21944899999999734,157.74958999999998
696,0.0005804609948858079,0.000173913794513424,1.0,0.007938414099863952,0.24063400000000001,157.99022399999998
697,0.000578949208181048,0.00017346759829169446,1.0,0.007970831290850166,0.24637100000001055,158.236595
698,0.0005774434665448968,0.00017302662573332546,1.0,0.007913116021789646,0.22567200000000298,158.462267
699,0.000575943652108964,0.0001725900527709461,1.0,0.007991246504235014,0.22632600000000025,158.688593
700,0.000574449770728194,0.0001721469882322491,1.0,0.008155748839730793,0.22870299999999588,158.917296
701,0.0005729618053485822,0.00017170768686513102,1.0,0.00824386739335736,0.21592599999999607,159.133222
702,0.000571479623084568,0.00017127138670721326,1.0,0.007930360279727346,0.23492200000001162,159.368144
703,0.0005700032402170769,0.00017082955531322103,1.0,0.008176585540990189,0.22783200000000647,159.595976
704,0.0005685327139523536,0.00017039784597731454,1.0,0.008183400976023115,0.2241989999999987,159.820175
705,0.0005670679243438745,0.00016996416852123537,1.0,0.007917403169326763,0.22421699999998168,160.044392
706,0.000565608822551446,0.00016953565815709212,1.0,0.007911351569826128,0.2243569999999977,160.26874899999999
707,0.0005641554142414187,0.00016910807013008732,1.0,0.00811665134486191,0.21475200000000427,160.483501
708,0.000562707639317885,0.00016867923181459977,1.0,0.00812921634692906,0.210739000000018,160.69424
709,0.0005612654541356064,0.00016825074569965016,1.0,0.007972019310659733,0.2271819999999991,160.921422
710,0.0005598288983806081,0.00016782885434229303,1.0,0.008086735277919789,0.23562599999999634,161.157048
711,0.0005583979754655741,0.0001674066661615496,1.0,0.008068739388299124,0.2262659999999812,161.38331399999998
712,0.0005569725396235059,0.00016699447195322233,1.0,0.007706344702800438,0.21690100000000712,161.600215
713,0.000555552723504845,0.00016658364815537395,1.0,0.007822862367661864,0.21844899999999257,161.81866399999998
714,0.000554138346529867,0.00016616604805149449,1.0,0.008187624742545651,0.2497420000000261,162.068406
715,0.000552729368728013,0.00016575927855678565,1.0,0.007813685790157024,0.21036499999999592,162.278771
716,0.000551325868123183,0.00016535407691571128,1.0,0.007851810411801547,0.21822299999999473,162.496994
717,0.0005499278987566163,0.0001649395727676185,1.0,0.007810547162577813,0.2771840000000054,162.774178
718,0.0005485353879602808,0.00016453055331612843,1.0,0.007737378923773595,0.25123199999998747,163.02541
719,0.0005471482462487681,0.00016412873980069188,1.0,0.007836258402631305,0.2158939999999916,163.24130399999999
720,0.0005457664353258365,0.0001637175110813438,1.0,0.007525821728331843,0.27317899999999895,163.51448299999998
721,0.0005443898879201012,0.0001633063581428855,1.0,0.00784698848913025,0.23430300000001125,163.748786
722,0.0005430185393656794,0.0001629029432598745,1.0,0.007960601988112622,0.22723600000000488,163.976022
723,0.0005416523895030882,0.00016249348421488479,1.0,0.008017529360876657,0.3564399999999921,164.332462
724,0.0005402913634457377,0.00016209816035441343,1.0,0.007828559349202022,0.30060900000000856,164.633071
725,0.0005389355475299495,0.00016170700025179192,1.0,0.007870040349544463,0.24850100000000452,164.881572
726,0.0005375849669171661,0.00016131544233732842,1.0,0.007710916060512283,0.23666299999999296,165.118235
727,0.0005362395503719479,0.00016092182169546694,1.0,0.007638494027980194,0.23492500000000405,165.35316
728,0.0005348992196857839,0.00016052769784447767,1.0,0.007731456659463779,0.22503499999999121,165.578195
729,0.0005335640382877547,0.00016013000291352733,1.0,0.0076543820303470265,0.22626099999999383,165.804456
730,0.0005322339033399885,0.0001597339465177417,1.0,0.007823103908279092,0.22512199999999893,166.029578
731,0.0005309087726342662,0.000159337542984346,1.0,0.0077647426333122965,0.22853900000001204,166.258117
732,0.0005295886720959424,0.00015895277330511552,1.0,0.007795352509679872,0.28590299999999047,166.54402
733,0.0005282735647569472,0.0001585646345587887,1.0,0.007661779312822875,0.25127299999999764,166.795293
734,0.0005269633922752071,0.00015818014429075174,1.0,0.007507239058856778,0.26222900000001914,167.057522
735,0.0005256581477761268,0.000157802573155551,1.0,0.007667165488459887,0.23479299999999625,167.292315
736,0.0005243577795394936,0.00015741198356184014,1.0,0.007659784631521519,0.461135999999982,167.75345099999998
737,0.0005230623259943108,0.00015703878424524434,1.0,0.007498061802746259,0.3180120000000102,168.071463
738,0.0005217717541400837,0.00015665691755075066,1.0,0.007265491735534739,0.250140000000016,168.321603
739,0.0005204859516933716,0.00015628223220614165,1.0,0.007564949945840401,0.23711099999999874,168.558714
740,0.0005192049424750446,0.0001559032738577175,1.0,0.007482995970053147,0.2528209999999831,168.811535
741,0.0005179287038546094,0.0001555266275531483,1.0,0.007584464075295663,0.3333430000000135,169.144878
742,0.0005166572739510395,0.00015514327959039736,1.0,0.007447426550662823,0.25697199999999043,169.40185
743,0.0005153905515202234,0.0001547762703146602,1.0,0.007461125598431181,0.28785300000001257,169.689703
744,0.0005141285579863874,0.00015440286014118515,1.0,0.007167243161312891,0.2866870000000006,169.97639
745,0.000512871176354188,0.0001540423921031265,1.0,0.007611453965177943,0.2882619999999747,170.26465199999998
746,0.0005116185081304285,0.00015367355302374448,1.0,0.007960112041485702,0.27524300000001745,170.539895
747,0.0005103704745436766,0.00015330681928469667,1.0,0.007499325555474424,0.3065809999999942,170.846476
748,0.0005091270916188476,0.0001529384910128082,1.0,0.007908314894111111,0.2417949999999962,171.088271
749,0.0005078882434541343,0.00015257588931229894,1.0,0.007618313891334718,0.2224520000000041,171.310723
750,0.0005066539691574915,0.0001522205178116003,1.0,0.007495685147194563,0.24095800000000622,171.551681
751,0.0005054243571956299,0.00015186048351432794,1.0,0.0075037089365764115,0.2621199999999817,171.81380099999998
752,0.0005041992666649326,0.0001515051085031612,1.0,0.0074814064796336266,0.22435100000001285,172.038152
753,0.0005029787253412423,0.00015114511119123053,1.0,0.007208382516524052,0.2356709999999964,172.273823
754,0.0005017626316347841,0.00015078972288516494,1.0,0.0076309455832142565,0.23128800000000638,172.505111
755,0.0005005509864239801,0.00015043676540878921,1.0,0.007357012216895311,0.26744999999999663,172.772561
756,0.0004993438145264947,0.0001500923142083749,1.0,0.007630178438616029,0.2267970000000048,172.999358
757,0.0004981411140778702,0.00014974253921245015,1.0,0.007728891684815505,0.24211900000000242,173.241477
758,0.0004969428606672303,0.00014938964710757785,1.0,0.007733712759249623,0.22417899999999236,173.465656
759,0.0004957489939601874,0.00014903479077017114,1.0,0.007186572435910489,0.2332490000000007,173.698905
760,0.000494559415163912,0.0001486798408031818,1.0,0.0071058940195514375,0.29297900000000254,173.991884
761,0.0004933741362133008,0.00014833352165944592,1.0,0.007288757126960758,0.2505349999999851,174.24241899999998
762,0.0004921931225656865,0.00014798526919516258,1.0,0.00734764120397276,0.32728600000001506,174.569705
763,0.0004910164132653907,0.00014764321296126379,1.0,0.007482221413744382,0.4147079999999903,174.984413
764,0.0004898440218531686,0.00014730162646606567,1.0,0.007384495786540726,0.2965460000000064,175.280959
765,0.000488675903808755,0.00014695421646636822,1.0,0.00739049098313322,0.2832989999999995,175.564258
766,0.00048751199049725,0.00014661003897466123,1.0,0.007366218261235615,0.22818300000000136,175.792441
767,0.000486352289668927,0.00014626630660267067,1.0,0.007345545120908126,0.2193460000000016,176.011787
768,0.0004851967137950979,0.0001459314818604819,1.0,0.007250627961377229,0.22612399999999866,176.237911
769,0.00048404535805513774,0.00014559187373608924,1.0,0.0074340873588184374,0.22735399999999117,176.465265
770,0.0004828981687588705,0.00014525173196231,1.0,0.007409407705170989,0.26856200000000285,176.733827
771,0.0004817551201453523,0.0001449115652049168,1.0,0.007358102237896709,0.24550100000001862,176.979328
772,0.00048061606047987855,0.00014457777557951102,1.0,0.007304984364537601,0.22496299999997404,177.20429099999998
773,0.0004794811866488748,0.0001442371867943567,1.0,0.007294542526976303,0.23847700000001737,177.442768
774,0.00047835033347590433,0.00014390520378866061,1.0,0.007314500808618928,0.2649120000000096,177.70768
775,0.00047722353829227266,0.0001435733483826081,1.0,0.006964993648783913,0.2334809999999834,177.941161
776,0.0004761007659561326,0.00014324527218493604,1.0,0.007281310383749951,0.21660099999999716,178.157762
777,0.0004749820067414837,0.00014291648616351763,1.0,0.007193821522618886,0.22944100000000844,178.387203
778,0.00047386721536852504,0.0001425861028114583,1.0,0.007236723926940193,0.2349839999999972,178.622187
779,0.00047275635920893095,0.00014226405090100842,1.0,0.007350008204437676,0.2178389999999979,178.840026
780,0.00047164951572973467,0.00014193657561983094,1.0,0.007296456901000952,0.23180300000001353,179.071829
781,0.00047054662895738207,0.00014160864951180737,1.0,0.007172920970937819,0.2759669999999801,179.347796
782,0.0004694476784682864,0.00014128157132394528,1.0,0.007223021849079781,0.21609800000001655,179.563894
783,0.00046835260936920717,0.00014095983612041907,1.0,0.007446356795507686,0.21831799999998225,179.782212
784,0.0004672613819311955,0.00014064273223942113,1.0,0.007264020542958351,0.24884000000000128,180.031052
785,0.00046617406075754144,0.0001403229180478171,1.0,0.007020352376124384,0.2665930000000003,180.297645
786,0.0004650905537218352,0.00013999809811543294,1.0,0.007073705883297623,0.31035600000001295,180.608001
787,0.0004640108427722433,0.00013968073463930316,1.0,0.007328388548300445,0.34085099999998647,180.948852
788,0.00046293497607892566,0.00013936231855056204,1.0,0.007043191241157818,0.34770000000000323,181.296552
789,0.00046186286407453594,0.00013904862405544292,1.0,0.00680325318643206,0.32839799999999286,181.62494999999998
790,0.0004607945408021473,0.00013873439029394905,1.0,0.007070935204276546,0.2812049999999999,181.90615499999998
791,0.0004597299997088805,0.0001384215051007979,1.0,0.007050809009076194,0.23452300000002424,182.140678
792,0.0004586691708779599,0.00013811159969450335,1.0,0.006848207161018687,0.2303269999999884,182.371005
793,0.00045761210958771426,0.00013779823688525738,1.0,0.007119161569875641,0.2753460000000132,182.646351
794,0.00045655870936349484,0.0001374844665273076,1.0,0.007061704137048827,0.3044539999999927,182.950805
795,0.00045550896365606345,0.0001371678951270699,1.0,0.007106807349955233,0.27659099999999626,183.227396
796,0.0004544628966896521,0.00013686211418932544,1.0,0.007063419067298476,0.31482299999998986,183.542219
797,0.00045342044474061717,0.00013655484557071232,1.0,0.007013844522170943,0.2618319999999983,183.804051
798,0.0004523816250640475,0.00013624249829474622,1.0,0.00701724099758518,0.22495000000000687,184.029001
799,0.0004513463992281073,0.00013593718588042489,1.0,0.007361587611614302,0.22942700000001537,184.258428
800,0.0004503148071826626,0.00013563309300416247,1.0,0.007144809641376489,0.249543999999986,184.507972
801,0.0004492867696312124,0.00013533350068664878,1.0,0.007248677170908081,0.252523999999994,184.760496
802,0.0004482623238174108,0.00013502687691930787,1.0,0.007057258620229595,0.25847899999999413,185.01897499999998
803,0.0004472413812571472,0.00013472499372960123,1.0,0.007071895283291988,0.2323340000000087,185.251309
804,0.0004462239901889183,0.00013442730115020396,1.0,0.0071326469688554805,0.2515060000000062,185.502815
805,0.0004452101088800807,0.0001341284568932578,1.0,0.007124118406146742,0.24280400000000668,185.745619
806,0.0004441997259860615,0.00013382993029453926,1.0,0.007092031256594291,0.22114399999998113,185.966763
807,0.0004431927976315986,0.00013353192780905798,1.0,0.007095384050098014,0.23772500000001173,186.204488
808,0.00044218936518559347,0.00013323468643894568,1.0,0.007082314737114906,0.24588499999998703,186.45037299999998
809,0.00044118937266237625,0.0001329315766229476,1.0,0.006968362368263587,0.27025199999999927,186.72062499999998
810,0.00044019273627844745,0.0001326390034018446,1.0,0.007066481282633161,0.22909500000000094,186.94971999999999
811,0.0004391995490089075,0.00013234952053304476,1.0,0.0068093137171952155,0.2165560000000255,187.166276
812,0.0004382098180184373,0.00013205408305842225,1.0,0.006931425959874818,0.22318399999997496,187.38945999999999
813,0.00043722343472790156,0.00013176795610352318,1.0,0.006955648138369064,0.23722800000001598,187.626688
814,0.0004362404444022165,0.0001314748614703541,1.0,0.006967294075520738,0.23247899999998367,187.85916699999999
815,0.0004352608212207266,0.0001311828674691265,1.0,0.006802049324375299,0.21777200000002495,188.076939
816,0.00043428447246390557,0.00013089574577850561,1.0,0.007028394305709995,0.24508399999999142,188.322023
817,0.00043331143328118336,0.00013060729923150498,1.0,0.006688078979037384,0.22151999999999816,188.543543
818,0.0004323417123823636,0.00013032705473827903,1.0,0.006556638069335595,0.23275499999999738,188.776298
819,0.00043137530857721875,0.00013004001908265017,1.0,0.006791999735989778,0.2303449999999998,189.006643
820,0.00043041214687769357,0.00012975726370467096,1.0,0.006926040201867173,0.22220899999999233,189.228852
821,0.00042945226329607,0.00012947026086042678,1.0,0.0066488911211823815,0.22724700000000553,189.456099
822,0.0004284956494421358,0.00012918656256212695,1.0,0.00673895195191326,0.2793660000000102,189.735465
823,0.0004275422035287932,0.00012890442145611537,1.0,0.006925198893146498,0.23484600000000455,189.970311
824,0.00042659197796262726,0.00012862132423914786,1.0,0.006904536942095109,0.22342499999999177,190.193736
825,0.0004256449654631804,0.0001283422594606819,1.0,0.006499336702505149,0.2219519999999875,190.415688
826,0.0004247011233991208,0.00012806188928366242,1.0,0.007009955851904591,0.2396490000000142,190.655337
827,0.0004237604370943756,0.00012778248343530985,1.0,0.006874087448147209,0.21788599999999292,190.873223
828,0.00042282293070559354,0.00012750825486203065,1.0,0.0067866562785024185,0.2133619999999894,191.08658499999999
829,0.00042188858386948047,0.00012723740787825254,1.0,0.006788760593374691,0.22924199999999928,191.31582699999998
830,0.0004209574446656652,0.00012695877252106365,1.0,0.006669401128250849,0.22111200000000508,191.536939
831,0.0004200294026567449,0.0001266834195034766,1.0,0.006601127948765516,0.21880200000001082,191.755741
832,0.0004191044374829572,0.0001264093464665612,1.0,0.0069284358824950685,0.22492399999998725,191.980665
833,0.0004181825849149908,0.00012613072549778307,1.0,0.00663132529573756,0.2190050000000099,192.19967
834,0.00041726375812977453,0.00012585380599438548,1.0,0.006766894195990078,0.22371200000000613,192.423382
835,0.00041634795298202393,0.0001255812906107368,1.0,0.006761132310466596,0.2696819999999889,192.693064
836,0.0004154351652452591,0.00012530994235083163,1.0,0.0067911055442123,0.2668950000000052,192.959959
837,0.00041452543776062387,0.00012503704729501357,1.0,0.006694194471446889,0.3174549999999954,193.277414
838,0.0004136186706367634,0.00012476984467720093,1.0,0.006751529567887689,0.2719889999999907,193.54940299999998
839,0.0004127149139482268,0.00012450132283073207,1.0,0.006737395689952304,0.24014300000001754,193.789546
840,0.0004118141507003067,0.00012423891167011374,1.0,0.007134706739547964,0.23382999999998333,194.02337599999998
841,0.0004109163753698383,0.00012397182536988735,1.0,0.006536880655200189,0.2190130000000181,194.242389
842,0.0004100215785915422,0.00012370551204310293,1.0,0.0066814827766796024,0.2233049999999821,194.46569399999998
843,0.0004091297599858602,0.0001234401512129823,1.0,0.006606314941621023,0.23462200000000166,194.700316
844,0.0004082408712494383,0.00012317265606192886,1.0,0.0068106611104318355,0.2185310000000129,194.918847
845,0.00040735485164488354,0.0001229131771752453,1.0,0.006662634435516252,0.21222199999999702,195.131069
846,0.0004064717835125054,0.0001226516033485533,1.0,0.00662414624606588,0.21677700000000755,195.347846
847,0.00040559163001398945,0.00012239533959889382,1.0,0.00672964661485107,0.21861300000000483,195.566459
848,0.0004047143678716817,0.00012213332375336788,1.0,0.006660446912146135,0.2661449999999945,195.832604
849,0.0004038399918199509,0.00012187188440310889,1.0,0.0067168562468984,0.2456849999999804,196.07828899999998
850,0.0004029685001841148,0.0001216131612498463,1.0,0.006440730236156973,0.22520500000001675,196.303494
851,0.00040209986048436134,0.00012135786688872919,1.0,0.0065628280798612,0.21720099999998865,196.520695
852,0.0004012340494644634,0.0001211024703680685,1.0,0.006421746989140863,0.230669000000006,196.751364
853,0.0004003710545353225,0.00012084854857303275,1.0,0.006352444887276412,0.22825399999999263,196.979618
854,0.0003995108988084511,0.00012059688546129326,1.0,0.0060762212151663,0.21769100000000208,197.197309
855,0.00039865356479008184,0.0001203434339321675,1.0,0.006627651029233344,0.3254310000000089,197.52274
856,0.00039779903882265554,0.0001200923978687643,1.0,0.006574728627932265,0.23661100000001056,197.759351
857,0.0003969472783098378,0.00011984324982995139,1.0,0.0065982897447590064,0.2215439999999944,197.980895
858,0.0003960982832457295,0.00011959069799323615,1.0,0.0068746559532228526,0.2290529999999933,198.209948
859,0.0003952520180621405,0.00011933982420136818,1.0,0.006699681659963571,0.22404900000000794,198.433997
860,0.0003944085043064732,0.0001190900680033975,1.0,0.006581364594288582,0.2150389999999902,198.649036
861,0.0003935677389606243,0.00011884048821774441,1.0,0.0066941683909094414,0.253421000000003,198.902457
862,0.0003927296751894257,0.00011859729673373087,1.0,0.00673092044717432,0.263385999999997,199.165843
863,0.00039189429852180043,0.00011834825829684658,1.0,0.006742770088776591,0.2686429999999973,199.434486
864,0.00039106159146585877,0.00011810135621036002,1.0,0.0065101559853598025,0.24193700000000717,199.676423
865,0.0003902315950715351,0.00011785506615377528,1.0,0.006516886255626123,0.2382729999999924,199.914696
866,0.0003894042840706763,0.00011760679532168267,1.0,0.006497832290551031,0.22518999999999778,200.139886
867,0.0003885796449877683,0.00011736047822300154,1.0,0.006597339746551436,0.23305100000001744,200.372937
868,0.00038775763023668643,0.00011711656621638504,1.0,0.006447705828660361,0.21912699999998608,200.592064
869,0.000386938254466621,0.00011687149780310708,1.0,0.006608283828607684,0.221067000000005,200.813131
870,0.0003861214943163518,0.00011662767842604773,1.0,0.006697337707719605,0.22443000000001234,201.037561
871,0.00038530731633994023,0.00011638692507156755,1.0,0.0065437122542645314,0.31052199999999175,201.348083
872,0.00038449578309127477,0.00011614446993731986,1.0,0.0066033226572570665,0.25618299999999294,201.604266
873,0.0003836868434685872,0.00011590084994483193,1.0,0.0066585723550791585,0.247398000000004,201.851664
874,0.00038288040772473873,0.0001156664297950788,1.0,0.006462651772054545,0.3255110000000059,202.177175
875,0.0003820765743297039,0.00011542596358856673,1.0,0.006473665695271782,0.2927269999999851,202.469902
876,0.00038127531175692083,0.00011518983684516872,1.0,0.006664206657826984,0.2719020000000114,202.741804
877,0.00038047659773998114,0.00011495296933767811,1.0,0.006646475368277625,0.25429099999999494,202.996095
878,0.00037968041005900956,0.00011471460030463379,1.0,0.00641675306667882,0.24449500000000057,203.24059
879,0.0003788867379801097,0.00011447825323857467,1.0,0.006432321648799312,0.22566100000000233,203.466251
880,0.00037809558548661774,0.00011423946425977544,1.0,0.006310052637823351,0.2703290000000038,203.73658
881,0.0003773069554462433,0.00011400691009258228,1.0,0.006433587828555013,0.22028000000000247,203.95686
882,0.0003765208001035203,0.0001137745419615692,1.0,0.006316872143215681,0.21985200000000304,204.176712
883,0.0003757371149821297,0.00011353967326540388,1.0,0.006468775903589448,0.2281499999999994,204.404862
884,0.0003749558769924228,0.00011330641008556416,1.0,0.006247601608754246,0.232845999999995,204.637708
885,0.0003741771276002509,0.00011307395035743455,1.0,0.006277915335618699,0.34536699999998177,204.98307499999999
886,0.00037340080728959647,0.00011284640657874835,1.0,0.006421602634251876,0.33211800000000835,205.315193
887,0.00037262697503574006,0.00011262036349556477,1.0,0.006463557389835866,0.32317199999999957,205.638365
888,0.00037185557715484777,0.00011238975740563896,1.0,0.006418184774146502,0.2752450000000124,205.91361
889,0.000371086579762079,0.0001121603114203263,1.0,0.006411122012156885,0.27153899999999,206.185149
890,0.00037031999179695086,0.00011193287615152435,1.0,0.006747087446053628,0.2974450000000104,206.482594
891,0.0003695557553927609,0.00011170536024249427,1.0,0.006485877986766818,0.2445369999999798,206.72713099999999
892,0.000368793925948376,0.00011147553662630594,1.0,0.006236947390028266,0.2500170000000139,206.977148
893,0.000368034459039399,0.0001112474916303468,1.0,0.00639588112890873,0.2331000000000074,207.210248
894,0.0003672773775506583,0.00011102570427564361,1.0,0.006378629778853684,0.25227499999999736,207.462523
895,0.0003665226645232209,0.00011080251724217588,1.0,0.0061795984169260255,0.25307699999999045,207.7156
896,0.0003657703133886962,0.00011058118932034276,1.0,0.006115656750414377,0.28143600000001356,207.997036
897,0.00036502028786379636,0.00011035624868564419,1.0,0.0062873157593708,0.23435399999999618,208.23139
898,0.00036427258589129805,0.00011013290448552799,1.0,0.006283029528785074,0.23701699999998027,208.46840699999998
899,0.00036352718777081505,0.00010990925161984942,1.0,0.006373545789399328,0.2533780000000263,208.721785
900,0.0003627840801262978,0.00010969465981559842,1.0,0.006238623654999551,0.2712269999999819,208.993012
901,0.00036204332404564003,0.00010947509777371448,1.0,0.006541230182800935,0.2553359999999998,209.248348
902,0.00036130485647201273,0.00010925392171925241,1.0,0.006216928623656405,0.24044499999999402,209.488793
903,0.0003605686781350125,0.0001090310148807152,1.0,0.0063839038178068455,0.21221600000001217,209.701009
904,0.00035983473458168255,0.00010881461575858136,1.0,0.006334387076720386,0.2176979999999844,209.91870699999998
905,0.00035910305280589393,0.00010859790805432762,1.0,0.006218795749417662,0.2406430000000057,210.15935
906,0.0003583736253584767,0.0001083791176258677,1.0,0.006171183216898718,0.2265170000000012,210.385867
907,0.0003576464358364136,0.00010816181626234668,1.0,0.006211739863814436,0.2411340000000166,210.627001
908,0.0003569214831261679,0.00010794679311128716,1.0,0.0064201051417650135,0.2712709999999845,210.898272
909,0.0003561987747992801,0.00010773293869088039,1.0,0.006155330226185155,0.2734519999999918,211.17172399999998
910,0.00035547830792855706,0.00010752059659583027,1.0,0.006228897631134344,0.2705400000000111,211.442264
911,0.00035476004444372943,0.00010731028765631854,1.0,0.006189998396694999,0.24889899999999443,211.691163
912,0.0003540439831502212,0.00010709525885444197,1.0,0.006095479722811124,0.23551100000000247,211.926674
913,0.0003533301227809592,0.00010688510571403054,1.0,0.0064659765960727025,0.21113900000000285,212.137813
914,0.00035261843088269337,0.0001066747452858227,1.0,0.006100348409061939,0.2744869999999935,212.4123
915,0.00035190893081218076,0.00010646265610152581,1.0,0.00613484231328386,0.23331200000001218,212.645612
916,0.00035120159011579004,0.00010625376442123668,1.0,0.00606168531706787,0.2723699999999951,212.917982
917,0.00035049642054605946,0.00010604343740216148,1.0,0.0063215836423085895,0.24012100000001624,213.158103
918,0.000349793349693549,0.00010584031000767203,1.0,0.0062976754595468025,0.21546699999998964,213.37357
919,0.00034909247345122,0.00010563372425935252,1.0,0.006121078694471092,0.23340999999999212,213.60698
920,0.0003483937423047169,0.00010542771076279929,1.0,0.0062918068925446,0.24966499999999314,213.856645
921,0.0003476971439989189,0.00010521706181069349,1.0,0.006005819547827994,0.24510100000000534,214.101746
922,0.0003470026359182781,0.00010501061852576725,1.0,0.005998117563462466,0.23559000000000196,214.337336
923,0.000346310228617658,0.0001048077262477812,1.0,0.0062500197678451025,0.22091499999999087,214.55825099999998
924,0.0003456199265057257,0.00010460389844638074,1.0,0.0060454818726383254,0.23952800000000707,214.797779
925,0.0003449316974031333,0.00010439467319887596,1.0,0.006169960787597019,0.2240810000000124,215.02186
926,0.00034424557250107245,0.00010418765564741528,1.0,0.0060788864552399026,0.3396280000000047,215.361488
927,0.0003435614782203892,0.00010398632800494249,1.0,0.006424777834803535,0.2546899999999823,215.616178
928,0.0003428794331308268,0.00010378208251492224,1.0,0.00607007314002133,0.230070000000012,215.846248
929,0.00034219943126971943,0.00010357848689913455,1.0,0.006204771483760538,0.23818699999998216,216.08443499999998
930,0.00034152147853343663,0.00010338020462020777,1.0,0.0061387221258344445,0.2578540000000089,216.342289
931,0.0003408455612123743,0.00010318032568692515,1.0,0.006177587009682776,0.33280600000000504,216.675095
932,0.00034017169566627915,0.00010297898937999226,1.0,0.00601032203076609,0.4095179999999914,217.084613
933,0.0003394998382669393,0.00010277856035102579,1.0,0.006383294791099857,0.3887990000000059,217.473412
934,0.00033883000733259436,0.00010258174049830825,1.0,0.006137737632556474,0.2812490000000025,217.754661
935,0.0003381621698609402,0.00010238368279365498,1.0,0.005864586609481133,0.2781229999999937,218.032784
936,0.00033749630679223773,0.00010218688815474658,1.0,0.0061183348512045405,0.28517300000001455,218.317957
937,0.00033683243533917515,0.00010198690523006792,1.0,0.006162391935791929,0.3020049999999799,218.619962
938,0.0003361705533042146,0.00010179200229320422,1.0,0.0061003738331384845,0.24858800000001224,218.86855
939,0.00033551064347551475,0.00010159677600186455,1.0,0.0057585259703886015,0.2481779999999958,219.116728
940,0.0003348527038382482,0.00010140446754249183,1.0,0.005973594340803904,0.23927499999999213,219.356003
941,0.00033419669022025577,0.00010120728621379891,1.0,0.005861577821793914,0.2549680000000194,219.610971
942,0.00033354260097992136,0.00010101208826893611,1.0,0.00610455519821072,0.23065199999999209,219.841623
943,0.000332890465522333,0.00010081502843406446,1.0,0.006100692609942182,0.2332309999999893,220.074854
944,0.00033224025192440975,0.0001006184762973984,1.0,0.006015721596295482,0.22597100000001547,220.300825
945,0.00033159193381270794,0.00010042379324220984,1.0,0.006025407520272837,0.23382100000000605,220.534646
946,0.00033094558162771287,0.00010023254543016228,1.0,0.0060848827901792855,0.2345189999999775,220.769165
947,0.00033030112144352794,0.00010004123541925505,1.0,0.005924919130526803,0.23080600000000118,220.999971
948,0.000329658576503589,9.98481607367672e-05,1.0,0.005998165667546332,0.25612499999999727,221.25609599999999
949,0.000329017904537277,9.965910819167799e-05,1.0,0.005787202176208633,0.22425600000002532,221.480352
950,0.0003283791248527017,9.946724048298559e-05,1.0,0.005911740315376817,0.24688199999999938,221.727234
951,0.00032774220856843895,9.9278466000892e-05,1.0,0.00585419077254762,0.25191699999999173,221.979151
952,0.0003271071619018073,9.908909047301912e-05,1.0,0.00586955504215683,0.2608579999999847,222.240009
953,0.0003264739907239119,9.889752157277452e-05,1.0,0.005973794283137244,0.22559300000000349,222.465602
954,0.00032584267600578923,9.87129510070645e-05,1.0,0.006059879275405046,0.23154300000001626,222.697145
955,0.000325213226785748,9.85261742352673e-05,1.0,0.006079753864887312,0.21399999999999864,222.911145
956,0.00032458560519111923,9.834070807595044e-05,1.0,0.006184315995940609,0.21761799999998743,223.128763
957,0.0003239598099828091,9.815727758094369e-05,1.0,0.006016844328092799,0.2195299999999918,223.34829299999998
958,0.0003233358795036008,9.79725821107277e-05,1.0,0.00600018316910506,0.22628700000001345,223.57458
959,0.0003227137588568021,9.778561381215475e-05,1.0,0.006031563187594436,0.21755699999999933,223.792137
960,0.00032209342938020714,9.760080762209557e-05,1.0,0.0058433996029674164,0.23692099999999527,224.029058
961,0.00032147493075170854,9.741271818354091e-05,1.0,0.005959854004218083,0.24413699999999494,224.273195
962,0.0003208581961023154,9.722864165423716e-05,1.0,0.005911377658761148,0.23145300000001612,224.504648
963,0.0003202432427424356,9.704451941688984e-05,1.0,0.005788870004370246,0.21641399999998612,224.721062
964,0.0003196300824291641,9.686052832135896e-05,1.0,0.005783899538345211,0.22919899999999416,224.95026099999998
965,0.000319018706328251,9.66790833490574e-05,1.0,0.005940892680351092,0.24574300000000449,225.196004
966,0.00031840908985775727,9.650048476788188e-05,1.0,0.0060217947899950715,0.24704900000000407,225.443053
967,0.0003178012622062408,9.63214590580196e-05,1.0,0.006038103468504882,0.2241640000000018,225.667217
968,0.0003171951708266445,9.614020235680227e-05,1.0,0.00590929485831295,0.24173899999999549,225.908956
969,0.00031659081369763965,9.595824216079126e-05,1.0,0.00581945081922142,0.44591700000000856,226.354873
970,0.0003159882047231476,9.577861216762116e-05,1.0,0.0059264509998899016,0.27127799999999525,226.626151
971,0.00031538733319224656,9.560345451686003e-05,1.0,0.006016418828487579,0.23281900000000633,226.85897
972,0.00031478821952026723,9.542778842041289e-05,1.0,0.00586857021582358,0.23030299999999215,227.089273
973,0.00031419085567173827,9.525031118912767e-05,1.0,0.005803356723483032,0.22106999999999744,227.310343
974,0.0003135952058073075,9.507258355392041e-05,1.0,0.005698242172814366,0.23001400000001127,227.540357
975,0.0003130012837850939,9.489505502267467e-05,1.0,0.006021736427409882,0.22295399999998722,227.763311
976,0.00031240905978786464,9.471821026539129e-05,1.0,0.005602026407993929,0.2207260000000133,227.984037
977,0.0003118185306096572,9.454111951969385e-05,1.0,0.005669032371805827,0.21418599999998378,228.19822299999998
978,0.0003112296877363625,9.436325540269168e-05,1.0,0.005634947123815063,0.21422000000001162,228.412443
979,0.000310642507420899,9.418806841036564e-05,1.0,0.005918086375885519,0.23021600000001285,228.642659
980,0.00031005703716641093,9.401351300624763e-05,1.0,0.005781636644399669,0.22341000000000122,228.866069
981,0.0003094732225659756,9.383751249113905e-05,1.0,0.005993220425398902,0.2290089999999907,229.095078
982,0.00030889108443265964,9.366307304274115e-05,1.0,0.00581891221610135,0.22030399999999872,229.315382
983,0.0003083105859016324,9.349132209642724e-05,1.0,0.005954418277356808,0.25197800000000825,229.56736
984,0.0003077317504762505,9.331941901420297e-05,1.0,0.005952691912407154,0.2626589999999851,229.830019
985,0.0003071545649952145,9.314957641817323e-05,1.0,0.005901067146489902,0.33662599999999543,230.166645
986,0.00030657901843199944,9.297639001595405e-05,1.0,0.005558126450259923,0.2562330000000088,230.422878
987,0.00030600511381169714,9.280598770280936e-05,1.0,0.005710659117208147,0.2944090000000017,230.717287
988,0.00030543282945332965,9.263733785721165e-05,1.0,0.005599775639831721,0.2904519999999877,231.007739
989,0.00030486218521600994,9.246719496535939e-05,1.0,0.005776096989300693,0.2507590000000164,231.258498
990,0.00030429314998210743,9.22962176567578e-05,1.0,0.005690399450118504,0.3158640000000048,231.574362
991,0.0003037257531360611,9.212378422819552e-05,1.0,0.00579836226029537,0.37676199999998516,231.951124
992,0.0003031599411874538,9.195470725062766e-05,1.0,0.005662304198076734,0.2561330000000055,232.207257
993,0.0003025957294004645,9.178744191597244e-05,1.0,0.005813089918153888,0.2375419999999906,232.444799
994,0.00030203309240643694,9.161688225869568e-05,1.0,0.005685070396991439,0.24079100000000153,232.68559
995,0.00030147202439937396,9.144735399980154e-05,1.0,0.005710288704369416,0.2416300000000149,232.92722
996,0.0003009125324741918,9.128103354973712e-05,1.0,0.0057384897810124355,0.22812199999998484,233.155342
997,0.00030035459100377805,9.111648891036888e-05,1.0,0.005781161498201018,0.22263300000000186,233.377975
998,0.0002997982454088673,9.094942550301074e-05,1.0,0.005699460483864616,0.24635000000000673,233.624325
999,0.0002992434583321387,9.078245825249715e-05,1.0,0.0057708757433563755,0.22145599999998922,233.845781
1000,0.0002986902111261805,9.061777165273031e-05,1.0,0.005694593963159433,0.23257300000000214,234.078354
1001,0.0002981385200505078,9.045235186005168e-05,1.0,0.005543831009153578,0.2148870000000045,234.293241
1002,0.000297588352441501,9.028962099032606e-05,1.0,0.005746536003821723,0.2283920000000137,234.521633
1003,0.00029703972552249264,9.012717265852684e-05,1.0,0.005397221425412625,0.21759999999997603,234.73923299999998
1004,0.0002964926346042554,8.996547280217339e-05,1.0,0.005456111933387064,0.25056800000001545,234.989801
1005,0.0002959470860096653,8.980337400044301e-05,1.0,0.005727226135847515,0.2508359999999925,235.240637
1006,0.0002954030671129243,8.963833236044693e-05,1.0,0.005401945354500148,0.2854030000000023,235.52604
1007,0.00029486055846287754,8.947586292693727e-05,1.0,0.005536924327686315,0.3007300000000157,235.82677
1008,0.000294319558701838,8.931378288216269e-05,1.0,0.005486847222996142,0.23790399999998613,236.064674
1009,0.00029378005578737943,8.915532576540171e-05,1.0,0.005463018572698534,0.22398400000000152,236.288658
1010,0.0002932420536403076,8.899235468003148e-05,1.0,0.005535505537770344,0.24422300000000519,236.532881
1011,0.0002927055421179032,8.883380296103686e-05,1.0,0.005534857497127047,0.21810700000000338,236.750988
1012,0.0002921705293349867,8.867604281334592e-05,1.0,0.005695313762668813,0.21974099999999908,236.970729
1013,0.0002916370040524911,8.851376361017291e-05,1.0,0.005426071559490028,0.2340289999999925,237.204758
1014,0.0002911049572129969,8.835617748860218e-05,1.0,0.005692988200351381,0.22848500000000627,237.433243
1015,0.0002905743938047723,8.81976295300835e-05,1.0,0.00568200652592645,0.2513879999999915,237.684631
1016,0.00029004530324651113,8.803998737642995e-05,1.0,0.005740273539171348,0.2671640000000082,237.951795
1017,0.00028951765471082005,8.788403601800916e-05,1.0,0.005589216464601372,0.22664499999999066,238.17844
1018,0.00028899146369959695,8.772530363574708e-05,1.0,0.0057114450803759514,0.23580599999999663,238.414246
1019,0.00028846671162294056,8.756967631837466e-05,1.0,0.0054911940182851724,0.22634100000001922,238.640587
1020,0.0002879434144309324,8.741424182909149e-05,1.0,0.005540717046274137,0.22495999999998162,238.865547
1021,0.00028742153885020507,8.726071659968697e-05,1.0,0.005584412895015289,0.2176809999999989,239.083228
1022,0.0002869010958390169,8.710617608270589e-05,1.0,0.005389653990056551,0.2246629999999925,239.30789099999998
1023,0.00028638209480189237,8.695116946005492e-05,1.0,0.0054305530418240315,0.22093300000000227,239.528824
1024,0.00028586451347447104,8.679555164031151e-05,1.0,0.005283962227808448,0.2202920000000006,239.749116
1025,0.0002853483588666408,8.664156512835107e-05,1.0,0.005383534558003427,0.2258340000000203,239.97495
1026,0.00028483361724195846,8.648823632996131e-05,1.0,0.005411810559018876,0.2285889999999995,240.203539
1027,0.0002843202606490235,8.633784140444861e-05,1.0,0.005437639393137951,0.22226399999999558,240.425803
1028,0.0002838083107899241,8.618368615207714e-05,1.0,0.005491899578035838,0.21793199999999047,240.643735
1029,0.0002832977658988723,8.603103425689654e-05,1.0,0.005515042631663639,0.22837699999999472,240.872112
1030,0.0002827886137773408,8.58821382762533e-05,1.0,0.005517454192459655,0.26470800000001304,241.13682
1031,0.00028228085897090183,8.573003111010364e-05,1.0,0.00557340582933147,0.21787299999999732,241.354693
1032,0.00028177448750971645,8.557839031832124e-05,1.0,0.005477672478164773,0.23008500000000254,241.584778
1033,0.000281269493017985,8.54280952314804e-05,1.0,0.005525614070621172,0.24585500000000593,241.830633
1034,0.00028076587121281113,8.527744984024054e-05,1.0,0.0054767773303497054,0.21927399999998443,242.049907
1035,0.00028026360378572877,8.51288036215793e-05,1.0,0.0054319337601717805,0.22577400000000125,242.275681
1036,0.0002797627215219955,8.49767990994929e-05,1.0,0.005501935685852797,0.267516999999998,242.543198
1037,0.0002792631650825267,8.482600186725698e-05,1.0,0.0054590457619473915,0.25236800000001836,242.795566
1038,0.00027876496597925305,8.467769288450023e-05,1.0,0.005466500977682775,0.22250199999999154,243.018068
1039,0.0002782681025800432,8.452957076871955e-05,1.0,0.005414833649604179,0.22018900000000485,243.238257
1040,0.00027777258566974536,8.438120361089937e-05,1.0,0.005455494252753533,0.2140529999999785,243.45230999999998
1041,0.00027727840384617514,8.423680329576973e-05,1.0,0.005443321369915857,0.21729800000002797,243.669608
1042,0.00027678554707206396,8.409053915946923e-05,1.0,0.005338551750839479,0.2273479999999779,243.896956
1043,0.0002762940231841756,8.394526508886046e-05,1.0,0.005243507404714191,0.23978300000001695,244.136739
1044,0.0002758038165342116,8.37990081718247e-05,1.0,0.0053579531073264085,0.21230900000000474,244.349048
1045,0.00027531493264620996,8.365418539361143e-05,1.0,0.005357673395411742,0.2223059999999748,244.57135399999999
1046,0.00027482735074574126,8.35096419456945e-05,1.0,0.005529442653457815,0.21445600000001264,244.78581
1047,0.00027434107294487886,8.336442106354727e-05,1.0,0.0053515706599028936,0.23959400000001096,245.025404
1048,0.0002738561123467446,8.321833110639046e-05,1.0,0.005385020793842864,0.2198099999999954,245.245214
1049,0.0002733724459253086,8.307358404506544e-05,1.0,0.00552211090509573,0.24122699999998076,245.48644099999999
1050,0.0002728900677000441,8.29280772285119e-05,1.0,0.0055082285723831665,0.21831600000001572,245.704757
1051,0.0002724089777516184,8.27875090395951e-05,1.0,0.005346002872103333,0.22196299999998814,245.92672
1052,0.00027192921344672575,8.26426600383753e-05,1.0,0.005349008236337463,0.2095030000000122,246.136223
1053,0.0002714507051490255,8.249810638515915e-05,1.0,0.00575041535735268,0.2309500000000071,246.367173
1054,0.00027097346430009537,8.235843633658572e-05,1.0,0.005515932192815096,0.23191599999998402,246.599089
1055,0.0002704975016800538,8.221782430189236e-05,1.0,0.005424618725246123,0.2417250000000024,246.840814
1056,0.00027002281589007406,8.207657744824049e-05,1.0,0.005453646076474998,0.22611900000001128,247.066933
1057,0.00026954939482800455,8.193262836934767e-05,1.0,0.00539989811808297,0.24739999999999895,247.314333
1058,0.0002690772213284012,8.178972348508937e-05,1.0,0.005248724563029926,0.2340820000000008,247.548415
1059,0.00026860627893154584,8.164879585067074e-05,1.0,0.005342137417994776,0.23908199999999624,247.787497
1060,0.00026813657673918,8.150910325094961e-05,1.0,0.005244341805783932,0.23288700000000517,248.020384
1061,0.00026766812339852657,8.136946484786727e-05,1.0,0.00535946211177817,0.23799799999997617,248.25838199999998
1062,0.00026720091005942456,8.123045257872088e-05,1.0,0.005565547611893986,0.22448200000002316,248.482864
1063,0.0002667349369130515,8.10918639441594e-05,1.0,0.005318762568450467,0.2382120000000043,248.721076
1064,0.0002662702060162888,8.09505785400589e-05,1.0,0.005503240360534272,0.225482999999997,248.946559
1065,0.00026580670401321746,8.081159963129744e-05,1.0,0.005414213403815467,0.22516799999999648,249.171727
1066,0.0002653444109977698,8.067447337589184e-05,1.0,0.005473523493524301,0.22483599999998205,249.396563
1067,0.0002648833400616766,8.054156066765283e-05,1.0,0.005308968116900099,0.21131100000002334,249.607874
1068,0.0002644234953950981,8.040516746929326e-05,1.0,0.005230677534594634,0.21625899999997955,249.824133
1069,0.000263964878740152,8.026860335174133e-05,1.0,0.0051156034748094424,0.2172350000000165,250.041368
1070,0.00026350745785941164,8.013416967453477e-05,1.0,0.005130271992145693,0.2260430000000042,250.267411
1071,0.00026305126294265315,7.999694714598496e-05,1.0,0.005407479246630377,0.22687399999998092,250.494285
1072,0.0002625962566878706,7.986186834373891e-05,1.0,0.00529824252045154,0.22722699999999918,250.721512
1073,0.0002621424253517862,7.972803207504449e-05,1.0,0.005091106735307126,0.22442200000000412,250.945934
1074,0.00026168980547927384,7.959179395757944e-05,1.0,0.005175712503431842,0.2367529999999931,251.182687
1075,0.0002612383526390789,7.945704100361986e-05,1.0,0.005310533061105165,0.24010700000002316,251.422794
1076,0.0002607880842946685,7.932151482589976e-05,1.0,0.00531430254968159,0.27604399999998463,251.698838
1077,0.0002603389803074974,7.918958254287297e-05,1.0,0.005151055132364069,0.2478179999999952,251.946656
1078,0.00025989105835906394,7.905569205475413e-05,1.0,0.005379239030849371,0.23559600000001524,252.182252
1079,0.00025944430375696327,7.89222407505511e-05,1.0,0.005227954008457514,0.24197999999998387,252.424232
1080,0.0002589987232810485,7.878729791349348e-05,1.0,0.005218364207903157,0.3071730000000059,252.731405
1081,0.0002585542896421095,7.865617713157392e-05,1.0,0.005330321533097872,0.23296600000000467,252.964371
1082,0.0002581110109026714,7.852117095293237e-05,1.0,0.0054059966422758095,0.24858299999999645,253.212954
1083,0.0002576688763657283,7.838651572250674e-05,1.0,0.005429538173778368,0.3758229999999969,253.588777
1084,0.0002572278940915753,7.825410235847875e-05,1.0,0.005494714409734621,0.29029400000001715,253.879071
1085,0.00025678804673491177,7.812376302637746e-05,1.0,0.0053035834760368815,0.28864599999999996,254.167717
1086,0.00025634933528771963,7.799502137421719e-05,1.0,0.005333909095786041,0.3073659999999734,254.47508299999998
1087,0.0002559117698372468,7.786560093258986e-05,1.0,0.005317658642375389,0.23353400000002011,254.708617
1088,0.0002554753470631974,7.773390108705715e-05,1.0,0.005148939944711147,0.23285799999999313,254.941475
1089,0.0002550400615150742,7.760324335336777e-05,1.0,0.005212363867969739,0.2215659999999957,255.163041
1090,0.00025460589050913863,7.747544493052536e-05,1.0,0.005211281579992346,0.2500520000000108,255.413093
1091,0.0002541728455526055,7.734636053729632e-05,1.0,0.00516321553196478,0.23721000000000458,255.650303
1092,0.0002537409086679698,7.721712916607342e-05,1.0,0.005230887768510001,0.2134849999999915,255.863788
1093,0.0002533100882899896,7.7087499363423e-05,1.0,0.005323789793797882,0.25460099999997965,256.118389
1094,0.00025288034647748763,7.695996805063982e-05,1.0,0.005232423698249401,0.2588850000000207,256.377274
1095,0.0002524517356767291,7.683102136013196e-05,1.0,0.005263889593324457,0.2534949999999867,256.630769
1096,0.0002520242227400037,7.67034882875685e-05,1.0,0.00520731245883815,0.232654000000025,256.863423
1097,0.00025159779622248275,7.657365737427985e-05,1.0,0.005132295945797628,0.22671700000000783,257.09014
1098,0.0002511724752547282,7.644555005370924e-05,1.0,0.005111453387593817,0.23694899999998142,257.327089
1099,0.0002507482048324177,7.631983734099857e-05,1.0,0.005014258695686047,0.22566499999999223,257.552754
1100,0.0002503250437391447,7.619153955744872e-05,1.0,0.005352348224131022,0.21141000000000076,257.764164
1101,0.00024990295887654564,7.60632304113343e-05,1.0,0.005074092688884983,0.21520900000001575,257.979373
1102,0.0002494819545543692,7.593947958120256e-05,1.0,0.005077391252909441,0.25965600000000677,258.239029
1103,0.0002490620387496489,7.581265831162696e-05,1.0,0.005245431192757229,0.23147199999999657,258.470501
1104,0.00024864316737698076,7.568711572499802e-05,1.0,0.005353043640295938,0.23192499999998972,258.702426
1105,0.00024822536598994406,7.556174883472352e-05,1.0,0.00545068648086645,0.22677699999997003,258.929203
1106,0.00024780862942399,7.544115641929158e-05,1.0,0.005197009776910422,0.2346210000000042,259.163824
1107,0.00024739296852412844,7.531590232031559e-05,1.0,0.0051107079508304855,0.22293200000001434,259.386756
1108,0.0002469783648451361,7.519281839024447e-05,1.0,0.005141858916250956,0.2238360000000057,259.610592
1109,0.00024656481663193846,7.506912260004663e-05,1.0,0.004970379912600553,0.22040199999997867,259.830994
1110,0.0002461523160393726,7.494328607850208e-05,1.0,0.005187456469632655,0.23047100000002274,260.061465
1111,0.00024574084875531347,7.482061709637462e-05,1.0,0.004985687929889673,0.22979600000002165,260.291261
1112,0.00024533041635765184,7.469746215338061e-05,1.0,0.005294723636079802,0.21771099999995158,260.50897199999997
1113,0.00024492101251429266,7.457721367265027e-05,1.0,0.005157671848944016,0.2194560000000365,260.728428
1114,0.00024451266813510833,7.445346720398623e-05,1.0,0.005150010300256272,0.22315399999996544,260.951582
1115,0.0002441053628584998,7.432918368186744e-05,1.0,0.005213207406508866,0.23243700000000445,261.184019
1116,0.00024369906494306446,7.420671494819075e-05,1.0,0.0051688045430835165,0.22565700000001243,261.409676
1117,0.00024329379023715775,7.408445275383021e-05,1.0,0.0051838801362899195,0.2458419999999819,261.655518
1118,0.0002428895604712386,7.396179821014596e-05,1.0,0.005416624035105712,0.23553000000003976,261.891048
1119,0.00024248631902072098,7.384142844008877e-05,1.0,0.00501288019077134,0.22795500000000857,262.119003
1120,0.00024208408272692,7.372078410118548e-05,1.0,0.0050651427753763325,0.22705700000000206,262.34606
1121,0.0002416828438521251,7.360118147106219e-05,1.0,0.005138714636675862,0.21867499999996198,262.564735
1122,0.00024128262563583993,7.348090967008063e-05,1.0,0.005140157904887331,0.24904300000002877,262.813778
1123,0.00024088340561659023,7.33608215303316e-05,1.0,0.005136250009398473,0.21932399999997187,263.033102
1124,0.00024048519355005288,7.324125302140077e-05,1.0,0.005072112071457382,0.2555540000000178,263.288656
1125,0.00024008797128925906,7.312392426165755e-05,1.0,0.004941679181549632,0.3380859999999757,263.626742
1126,0.0002396917447086576,7.300548752615176e-05,1.0,0.004981918000158735,0.22245300000003,263.849195
1127,0.00023929651633855802,7.288656136833766e-05,1.0,0.005197523451272103,0.22838000000001557,264.077575
1128,0.00023890228404952485,7.276726737095219e-05,1.0,0.00509710398016587,0.2198980000000006,264.297473
1129,0.00023850903124441743,7.264905763132123e-05,1.0,0.005161866302592991,0.21928099999996675,264.516754
1130,0.0002381167618947925,7.253258511192618e-05,1.0,0.00510155999009619,0.21763099999998303,264.734385
1131,0.00023772546429990955,7.241426262854726e-05,1.0,0.005081934564093563,0.22347100000001774,264.957856
1132,0.00023733513615032325,7.229566710234233e-05,1.0,0.005079539109192885,0.2202490000000239,265.178105
1133,0.00023694577668075364,7.21793896616058e-05,1.0,0.0048728411675847344,0.21669299999996383,265.394798
1134,0.00023655738787670813,7.206330901789401e-05,1.0,0.004956334699263418,0.24029899999999316,265.635097
1135,0.00023616998248597137,7.194754323200936e-05,1.0,0.00499663891172778,0.22488200000003644,265.859979
1136,0.00023578353840634364,7.183079739442264e-05,1.0,0.005078178185794021,0.21942300000000614,266.079402
1137,0.0002353980463750694,7.171651583624869e-05,1.0,0.004964542013196112,0.21812899999997626,266.297531
1138,0.0002350135098785737,7.160206798333674e-05,1.0,0.00503712237581139,0.2159809999999993,266.513512
1139,0.00023462992938012357,7.14876586106588e-05,1.0,0.0049659297878257526,0.21425199999998767,266.727764
1140,0.00023424730594066872,7.137305706083546e-05,1.0,0.004853291062336851,0.2147480000000428,266.942512
1141,0.00023386561671396485,7.125811184938693e-05,1.0,0.00507405461139774,0.21876899999995203,267.161281
1142,0.0002334848724874705,7.11441165014236e-05,1.0,0.004853157014516196,0.2213880000000472,267.382669
1143,0.00023310507461299362,7.102886845014868e-05,1.0,0.005050561296247483,0.21886999999998125,267.601539
1144,0.0002327262030834288,7.091709499532217e-05,1.0,0.0048899335653421515,0.2194650000000138,267.821004
1145,0.0002323482723621173,7.080466414173749e-05,1.0,0.0048171997861215414,0.22447199999999157,268.045476
1146,0.00023197127539017912,7.069214233966904e-05,1.0,0.004798500519295678,0.21351599999997006,268.258992
1147,0.00023159519941695077,7.05806342960451e-05,1.0,0.004819717360572035,0.21902600000004213,268.478018
1148,0.0002312200385039478,7.046741468789107e-05,1.0,0.004820595848349509,0.20957699999996748,268.687595
1149,0.0002308458004256568,7.035469660481304e-05,1.0,0.005043569982341907,0.22929099999998925,268.916886
1150,0.00023047248344821837,7.024335904591729e-05,1.0,0.0049351674112907435,0.2251510000000394,269.142037
1151,0.00023010008963377022,7.012893723802026e-05,1.0,0.0048179267815773195,0.2241070000000036,269.366144
1152,0.00022972860339295196,7.001831256214847e-05,1.0,0.004861198380468388,0.21523799999999937,269.581382
1153,0.00022935802216267427,6.990901151415647e-05,1.0,0.004827359471361727,0.21359699999999293,269.794979
1154,0.00022898834641118648,6.979906737398257e-05,1.0,0.004837752378116315,0.2331909999999766,270.02817
1155,0.00022861957890657448,6.96874512884096e-05,1.0,0.004850637857002007,0.2164549999999963,270.244625
1156,0.00022825170741825796,6.957502388332825e-05,1.0,0.004919620383336006,0.22515600000002678,270.469781
1157,0.0002278847225931986,6.946581663725535e-05,1.0,0.004724239476515237,0.2189300000000003,270.688711
1158,0.00022751862721108994,6.935657821920371e-05,1.0,0.004972934140272434,0.22569699999996828,270.914408
1159,0.0002271534200498233,6.924589328251727e-05,1.0,0.00503963031054143,0.21499299999999266,271.129401
1160,0.00022678908318517178,6.91383075351922e-05,1.0,0.0049177971825349505,0.21835500000003094,271.347756
1161,0.00022642565528285718,6.902859126176115e-05,1.0,0.004948011986314749,0.22387299999996912,271.571629
1162,0.00022606311071003254,6.891985149949228e-05,1.0,0.0049726042298155575,0.21898500000003196,271.790614
1163,0.00022570144178291575,6.881147622738334e-05,1.0,0.005107992827710887,0.2144779999999855,272.005092
1164,0.00022534063933533883,6.870251118334047e-05,1.0,0.004877262446024184,0.21883900000000267,272.223931
1165,0.00022498070284550007,6.859474314639791e-05,1.0,0.004960821566315398,0.21074600000002874,272.434677
1166,0.0002246216504456872,6.848730768762475e-05,1.0,0.004862635784954382,0.21314199999994798,272.64781899999997
1167,0.00022426344944613904,6.838224615706761e-05,1.0,0.0047817513146101625,0.20831000000003996,272.856129
1168,0.00022390612373139368,6.827614705908965e-05,1.0,0.004858137213811468,0.22458599999998796,273.080715
1169,0.0002235496692633281,6.816929452642181e-05,1.0,0.004795819896961322,0.22657600000002276,273.307291
1170,0.0002231940697393866,6.806377057315893e-05,1.0,0.0047764519529364165,0.21998199999995904,273.527273
1171,0.00022283932996655903,6.795710665680624e-05,1.0,0.0048187698280420365,0.22373800000002575,273.751011
1172,0.00022248545340465577,6.785004082923014e-05,1.0,0.004761774827697179,0.2127100000000155,273.963721
1173,0.0002221324314301683,6.774391519050189e-05,1.0,0.004789261427639541,0.22551599999997052,274.189237
1174,0.00022178024195509938,6.763830239974985e-05,1.0,0.004806650281400385,0.21837499999998045,274.407612
1175,0.00022142889936440152,6.75335537079072e-05,1.0,0.004894080896196447,0.21281800000002704,274.62043
1176,0.00022107840348301288,6.74265165067473e-05,1.0,0.004856991933411039,0.22659299999997984,274.847023
1177,0.00022072874418783923,6.732202454174639e-05,1.0,0.005044452136401565,0.2148610000000417,275.061884
1178,0.00022037991310149804,6.721830092442768e-05,1.0,0.004803100123390522,0.21793599999995195,275.27982
1179,0.0002200319292285659,6.7113768893492e-05,1.0,0.004949525287879229,0.20923400000003767,275.489054
1180,0.00021968477720223328,6.700999057923437e-05,1.0,0.004948673396552102,0.22275200000001405,275.711806
1181,0.00021933844750657178,6.690552883552726e-05,1.0,0.004883066699567023,0.21416199999998753,275.925968
1182,0.00021899294748811557,6.680195462438503e-05,1.0,0.004832250866132134,0.22080899999997428,276.146777
1183,0.00021864827606109184,6.669899549275457e-05,1.0,0.00490617617551303,0.22140999999999167,276.368187
1184,0.0002183044173014487,6.659451939194126e-05,1.0,0.004885849471368145,0.21249900000003663,276.580686
1185,0.00021796137732871284,6.649248281386132e-05,1.0,0.004965338796796886,0.21350499999999784,276.794191
1186,0.00021761916812833743,6.639021235193148e-05,1.0,0.004959935057983512,0.2220399999999927,277.016231
1187,0.00021727776965075647,6.62880995200401e-05,1.0,0.004805085858515551,0.21011799999996583,277.22634899999997
1188,0.00021693717508592254,6.618497164933101e-05,1.0,0.004819860625340338,0.21239300000002004,277.438742
1189,0.00021659738516345927,6.608424101298988e-05,1.0,0.00465559921127374,0.2255490000000009,277.664291
1190,0.0002162584097454997,6.59810415255492e-05,1.0,0.0048827980513920744,0.2261179999999854,277.890409
1191,0.00021592022764284038,6.587976388633124e-05,1.0,0.00473767878857222,0.2093330000000151,278.099742
1192,0.00021558284722249555,6.577975641799941e-05,1.0,0.004554684586783757,0.22851700000001074,278.328259
1193,0.00021524628413112856,6.567822682403318e-05,1.0,0.004774171216678347,0.22602499999999281,278.554284
1194,0.00021491051455939917,6.557707086122509e-05,1.0,0.004724047327802994,0.21678300000002082,278.771067
1195,0.00021457552947190404,6.547645733722406e-05,1.0,0.004803025638190946,0.2214349999999854,278.992502
1196,0.000214241331256651,6.53770976949895e-05,1.0,0.004845351472385327,0.22120200000000523,279.213704
1197,0.0002139079266004264,6.527796881022176e-05,1.0,0.004673293344359396,0.21601299999997536,279.429717
1198,0.00021357530823912658,6.517726068223782e-05,1.0,0.0048735185043621764,0.22743000000002667,279.657147
1199,0.00021324346102541061,6.507728966342562e-05,1.0,0.004860643954819142,0.22826800000001413,279.885415
1200,0.00021291239970699854,6.497815227685206e-05,1.0,0.004782850174104371,0.21339999999997872,280.098815
1201,0.00021258212745585463,6.48787891542141e-05,1.0,0.0048331996358188705,0.2238980000000197,280.322713
1202,0.00021225262671658302,6.478071877700665e-05,1.0,0.0047216863614714544,0.20813999999995758,280.530853
1203,0.00021192390625690238,6.468250846997088e-05,1.0,0.004775078658510424,0.22047000000003436,280.751323
1204,0.00021159594256064056,6.458626914505715e-05,1.0,0.004775144718686017,0.23323999999996659,280.984563
1205,0.00021126875834202546,6.448583924494873e-05,1.0,0.004801965513005385,0.21033199999999397,281.194895
1206,0.00021094233698059055,6.438772148099981e-05,1.0,0.0047479527881813775,0.2218300000000113,281.416725
1207,0.00021061668252707048,6.429005528005803e-05,1.0,0.004673869012420699,0.22193400000003294,281.638659
1208,0.00021029177873603321,6.419125384488291e-05,1.0,0.004786950458117611,0.21286899999995512,281.851528
1209,0.00020996764116246045,6.409336942980776e-05,1.0,0.004677571977940679,0.23110100000002376,282.082629
1210,0.000209644264987655,6.399642787225338e-05,1.0,0.004725061576255336,0.22272099999997863,282.30535
1211,0.0002093216216053077,6.389982149485246e-05,1.0,0.004685864138466942,0.22839200000004212,282.533742
1212,0.0002089997423898136,6.380273309706506e-05,1.0,0.004551101786271515,0.20946999999995342,282.74321199999997
1213,0.00020867861623521483,6.370697565407466e-05,1.0,0.004718602504582297,0.22941500000001724,282.972627
1214,0.0002083582271057608,6.361227818779717e-05,1.0,0.004745520369115218,0.21457100000003493,283.187198
1215,0.0002080385935496627,6.35161453412871e-05,1.0,0.004611441882193556,0.21596099999999296,283.403159
1216,0.0002077197060768196,6.34197919865235e-05,1.0,0.0046421771200089385,0.2096019999999612,283.612761
1217,0.0002074015544662139,6.332441438697344e-05,1.0,0.0046629248437624815,0.2209200000000351,283.833681
1218,0.00020708413982678056,6.323004342628068e-05,1.0,0.004610000174771746,0.20910399999996798,284.042785
1219,0.00020676746959658266,6.313416219444934e-05,1.0,0.00468570871398426,0.22441400000002432,284.267199
1220,0.00020645152324039173,6.303940862741305e-05,1.0,0.0047199320171370475,0.2210139999999683,284.488213
1221,0.00020613630955753143,6.294363844373966e-05,1.0,0.004714448147055971,0.2337880000000041,284.722001
1222,0.00020582181374611847,6.285061089983558e-05,1.0,0.004609442599456209,0.2179050000000302,284.939906
1223,0.00020550804348214917,6.275599091757497e-05,1.0,0.004675356937861749,0.21424899999999525,285.154155
1224,0.00020519501001171913,6.266187380620983e-05,1.0,0.00464375259973381,0.2194470000000024,285.373602
1225,0.0002048826843785529,6.256792408847391e-05,1.0,0.004664751599729901,0.20990399999999454,285.583506
1226,0.00020457108299222498,6.247483971132943e-05,1.0,0.004589812933741027,0.22494999999997844,285.808456
1227,0.00020426019527353934,6.238197035973484e-05,1.0,0.004805765123274469,0.22044800000003306,286.028904
1228,0.00020395002354455888,6.229023673173646e-05,1.0,0.0045749204638032065,0.2182889999999702,286.247193
1229,0.00020364057303383883,6.219590494810656e-05,1.0,0.004731231859967909,0.38688999999999396,286.634083
1230,0.00020333181941967256,6.210360906659097e-05,1.0,0.004739939275471817,0.2660110000000486,286.900094
1231,0.00020302377883636474,6.200990731181784e-05,1.0,0.004534747017489536,0.20852299999995694,287.108617
1232,0.00020271644591745785,6.191583147724925e-05,1.0,0.004646978743973505,0.21197499999999536,287.320592
1233,0.00020240981249948877,6.182476017225961e-05,1.0,0.004619883289928597,0.20174500000001672,287.522337
1234,0.00020210387298743546,6.173231809685669e-05,1.0,0.004692614187096735,0.21683799999999565,287.739175
1235,0.00020179863533496806,6.164042628170449e-05,1.0,0.004513861556257312,0.21125799999998662,287.950433
1236,0.00020149409118175147,6.15491813078498e-05,1.0,0.004730058833320531,0.22117100000002665,288.171604
1237,0.00020119025103146286,6.145722728318746e-05,1.0,0.004647856700830368,0.20647400000001426,288.378078
1238,0.00020088711022745636,6.136547990307344e-05,1.0,0.004478341903970639,0.21832399999999552,288.596402
1239,0.00020058465793283909,6.127496460624842e-05,1.0,0.004663098286865524,0.23042899999995825,288.82683099999997
1240,0.00020028289929364463,6.118390438042535e-05,1.0,0.004610858135669203,0.21209200000004103,289.038923
1241,0.00019998183037926498,6.109312838139722e-05,1.0,0.004621860019283712,0.2235499999999888,289.262473
1242,0.00019968143732716496,6.100235356434251e-05,1.0,0.0045104106699711604,0.2038779999999747,289.466351
1243,0.00019938172342019822,6.091377591178539e-05,1.0,0.004557740518496217,0.22289800000004334,289.689249
1244,0.00019908268810062488,6.082305213133943e-05,1.0,0.004544117718419645,0.2222309999999652,289.91148
1245,0.00019878433713161714,6.0731740258008034e-05,1.0,0.004420549816544241,0.22695700000002716,290.138437
1246,0.0001984866549192453,6.064335736185947e-05,1.0,0.004466338284918885,0.2287640000000124,290.367201
1247,0.00019818965229477753,6.055393458760542e-05,1.0,0.0047676547484049574,0.22575599999998985,290.592957
1248,0.00019789332330702274,6.0466024842909244e-05,1.0,0.0043911256155087335,0.20454499999999598,290.797502
1249,0.00019759767290721095,6.0376863902164594e-05,1.0,0.0044608948758353235,0.22790099999997437,291.025403
1250,0.0001973026930373265,6.028706534351754e-05,1.0,0.0044580159783005,0.2260570000000257,291.25146
1251,0.00019700837156047042,6.019818365666035e-05,1.0,0.004373077839674752,0.20806199999998398,291.459522
1252,0.0001967147174617189,6.010935016812719e-05,1.0,0.004461020938207747,0.2227659999999787,291.68228799999997
1253,0.00019642173327842993,6.0020264476352587e-05,1.0,0.004526775157631749,0.22843500000004724,291.910723
1254,0.00019612940613453368,5.993162711878196e-05,1.0,0.004485930131443442,0.22202099999998381,292.132744
1255,0.00019583773428946078,5.98443670374891e-05,1.0,0.004315976311866384,0.21251699999999119,292.345261
1256,0.0001955467300315611,5.9757401361912724e-05,1.0,0.004446317302771141,0.2390399999999886,292.584301
1257,0.0001952563833980664,5.9669744023477296e-05,1.0,0.004399493413633644,0.21817000000004327,292.802471
1258,0.00019496669016869818,5.9581974831797185e-05,1.0,0.004334044086099707,0.22999899999996387,293.03247
1259,0.00019467764319870722,5.949486262134794e-05,1.0,0.0045748853765616194,0.22075100000000702,293.253221
1260,0.00019438925418816758,5.940765185089501e-05,1.0,0.004415297049372477,0.21947799999998097,293.472699
1261,0.00019410151310555651,5.9320829634101796e-05,1.0,0.004517236641603263,0.21497300000004316,293.687672
1262,0.0001938144073598999,5.923492615054279e-05,1.0,0.004335139129199824,0.23002199999996265,293.917694
1263,0.00019352794154104463,5.914922100109467e-05,1.0,0.004488610093135352,0.2264690000000087,294.144163
1264,0.00019324211640854585,5.906514733062524e-05,1.0,0.004477172355389891,0.20799900000002935,294.352162
1265,0.00019295693574144826,5.8979185236537574e-05,1.0,0.004480822056318038,0.2226649999999495,294.57482699999997
1266,0.00019267237896010138,5.8893239706430784e-05,1.0,0.0043374350678330184,0.2109829999999988,294.78580999999997
1267,0.00019238846169283407,5.880831969403861e-05,1.0,0.004454245117446031,0.21950900000001639,295.005319
1268,0.00019210517411235063,5.872400664429048e-05,1.0,0.004333291568823194,0.20653500000003078,295.211854
1269,0.00019182252091338992,5.8639992804396106e-05,1.0,0.004440442544624379,0.21575599999999895,295.42761
1270,0.00019154050822951143,5.855314322985815e-05,1.0,0.004419182245800273,0.21866399999998976,295.646274
1271,0.00019125911259771896,5.846801313935572e-05,1.0,0.004535632099731761,0.20882299999999532,295.855097
1272,0.0001909783360034946,5.8383205031361775e-05,1.0,0.00444359674051607,0.2107480000000237,296.065845
1273,0.00019069818674622146,5.829707299917844e-05,1.0,0.0043699541788439,0.217474999999979,296.28332
1274,0.00019041864450324958,5.821331421626038e-05,1.0,0.0044905673737031465,0.2202389999999923,296.503559
1275,0.0001901397197185124,5.812968638943635e-05,1.0,0.004432689284453234,0.23388999999997395,296.73744899999997
1276,0.00018986141512927914,5.8047212491230444e-05,1.0,0.004524338258784055,0.20827200000002222,296.945721
1277,0.00018958373595990538,5.796225313977798e-05,1.0,0.004485113256950702,0.21773999999999205,297.163461
1278,0.00018930667823181737,5.787902930169354e-05,1.0,0.004571805584915745,0.20988700000003746,297.373348
1279,0.00018903024192842675,5.7795828813485384e-05,1.0,0.004437385008111609,0.2062949999999546,297.579643
1280,0.00018875440668368604,5.771266251032189e-05,1.0,0.004434309045363224,0.21695700000003626,297.7966
1281,0.00018847916960287197,5.762899310831822e-05,1.0,0.004453012994614611,0.2217719999999872,298.018372
1282,0.00018820453692051603,5.754608946814701e-05,1.0,0.004489191004747311,0.2226519999999823,298.241024
1283,0.00018793050902738117,5.7463259116094075e-05,1.0,0.004664083946104094,0.20818600000001197,298.44921
1284,0.00018765708287881477,5.7380254850050476e-05,1.0,0.004441519762490296,0.20260600000000295,298.651816
1285,0.00018738425110107878,5.729790431752731e-05,1.0,0.00457527272520193,0.2221190000000206,298.873935
1286,0.0001871120285785502,5.721544260023481e-05,1.0,0.004331455406373636,0.20248699999996234,299.076422
1287,0.00018684041016793612,5.7133778736402447e-05,1.0,0.0045529950982996,0.22583600000001525,299.302258
1288,0.00018656939302889142,5.705116904305504e-05,1.0,0.004374604013452025,0.21772199999998065,299.51998
1289,0.00018629896466728073,5.6970808400512104e-05,1.0,0.00449754647299315,0.2185880000000111,299.738568
1290,0.00018602913509608419,5.688995517628397e-05,1.0,0.004602807521643099,0.20783699999998362,299.94640499999997
1291,0.00018575989715863202,5.680958569575762e-05,1.0,0.004511535039957856,0.2097219999999993,300.15612699999997
1292,0.00018549125282258283,5.672920609704504e-05,1.0,0.004474074552268111,0.22986300000002302,300.38599
1293,0.00018522319229393063,5.664788962526027e-05,1.0,0.00442286026785591,0.222582999999986,300.608573
1294,0.00018495570470423027,5.656894942143245e-05,1.0,0.004496730248033473,0.2079270000000406,300.8165
1295,0.00018468881798223226,5.6488611012334646e-05,1.0,0.0043706484188603765,0.20515100000000075,301.021651
1296,0.00018442251566522477,5.640975146916819e-05,1.0,0.004286228786051006,0.22590699999994968,301.24755799999997
1297,0.00018415679360141274,5.6330042915927645e-05,1.0,0.0041791583728715284,0.22840600000000677,301.475964
1298,0.00018389164651050224,5.625078933738362e-05,1.0,0.004355355763799706,0.2153950000000009,301.691359
1299,0.00018362708364133773,5.6170600149811486e-05,1.0,0.004346431742261769,0.2161670000000413,301.907526
1300,0.0001833630903449337,5.609044799726939e-05,1.0,0.004366898170392659,0.21496099999995977,302.122487
1301,0.0001830996721506043,5.601363138692331e-05,1.0,0.004249810994861586,0.2033490000000029,302.325836
1302,0.0001828368422535845,5.593454433292437e-05,1.0,0.004359302182000919,0.22139900000001944,302.547235
1303,0.00018257458699171263,5.585598258390888e-05,1.0,0.004418404281711152,0.2067220000000134,302.753957
1304,0.00018231289812091446,5.577672155945511e-05,1.0,0.004276036362809609,0.21681599999999435,302.970773
1305,0.00018205177538727747,5.5699085007573656e-05,1.0,0.00430671043309948,0.22698500000001332,303.197758
1306,0.00018179122162597554,5.562118956200958e-05,1.0,0.004424224019666064,0.20378399999998464,303.401542
1307,0.000181531234732911,5.554280563821982e-05,1.0,0.004370776667432274,0.20741099999997914,303.608953
1308,0.00018127181445329899,5.546488724275632e-05,1.0,0.004336837425000794,0.21308700000003,303.82204
1309,0.00018101295994616925,5.538628273942979e-05,1.0,0.004499342431333813,0.22722299999998086,304.049263
1310,0.00018075465645441013,5.530815786542345e-05,1.0,0.004418427825408702,0.21069599999998445,304.259959
1311,0.00018049691000180084,5.523040393736958e-05,1.0,0.004408112939989865,0.22203400000000784,304.481993
1312,0.00018023972116041297,5.5153478803801476e-05,1.0,0.004474467766975207,0.22181299999999737,304.703806
1313,0.00017998308767759342,5.507535751000255e-05,1.0,0.004355269854434092,0.21469700000000103,304.918503
1314,0.00017972700668940792,5.4997208973726224e-05,1.0,0.004350088855458959,0.20425900000003594,305.122762
1315,0.00017947147171725608,5.4921007479473446e-05,1.0,0.0042753311021914405,0.22063799999995126,305.3434
1316,0.00017921649276656765,5.484444044247695e-05,1.0,0.004563126782637426,0.222487000000001,305.565887
1317,0.00017896206194137964,5.476688277712168e-05,1.0,0.004421669282909515,0.21505999999999403,305.78094699999997
1318,0.00017870817474416778,5.468925797372644e-05,1.0,0.00441947873101357,0.22304500000001326,306.003992
1319,0.00017845482510741022,5.461297204869461e-05,1.0,0.004285156854512316,0.22005599999999959,306.224048
1320,0.0001782020142161069,5.4536897350978105e-05,1.0,0.004340816224924206,0.21593100000001186,306.439979
1321,0.0001779497521520649,5.4462284469495324e-05,1.0,0.0042221450481663165,0.22385500000001457,306.663834
1322,0.00017769803979382698,5.4385444356646925e-05,1.0,0.004202417558345393,0.219112999999993,306.882947
1323,0.00017744686111029068,5.430996671512264e-05,1.0,0.004268410044747289,0.2032169999999951,307.086164
1324,0.0001771962115087824,5.4234504147924636e-05,1.0,0.004304113591687396,0.21322800000001507,307.299392
1325,0.00017694609958848818,5.4159637966141646e-05,1.0,0.004343323959731435,0.2510709999999676,307.550463
1326,0.00017669651731009323,5.4086397897040136e-05,1.0,0.00422654512457575,0.22751500000003944,307.777978
1327,0.00017644747921136768,5.4009811959774404e-05,1.0,0.004313039949025371,0.21480299999996078,307.992781
1328,0.00017619896339258649,5.3934795987861814e-05,1.0,0.004301172369660141,0.22125600000003942,308.214037
1329,0.0001759509749429043,5.38602144102692e-05,1.0,0.0043060897791850775,0.2289599999999723,308.442997
1330,0.00017570351323248855,5.3786533218719365e-05,1.0,0.004388285179482399,0.21474100000000362,308.657738
1331,0.0001754565833503155,5.371110739989358e-05,1.0,0.004280631373942739,0.2182210000000282,308.875959
1332,0.00017521017384564252,5.3636296261689815e-05,1.0,0.004261257656585643,0.21361199999995506,309.089571
1333,0.0001749642893103046,5.356159676606067e-05,1.0,0.004234311037885174,0.22220000000004347,309.311771
1334,0.0001747189338579265,5.348737883883082e-05,1.0,0.004255828919416547,0.22621999999995523,309.537991
1335,0.00017447409763051563,5.341300728398125e-05,1.0,0.0042098122883037735,0.23050200000000132,309.768493
1336,0.0001742297867942604,5.334085719564219e-05,1.0,0.004315858083923726,0.2022980000000416,309.970791
1337,0.0001739859935669021,5.326829184661183e-05,1.0,0.004178364554573623,0.21583799999996245,310.186629
1338,0.00017374271128817986,5.319467328351635e-05,1.0,0.004052734311963197,0.2133590000000254,310.399988
1339,0.0001734999416610702,5.3121075036105464e-05,1.0,0.004151607227134112,0.21793900000000122,310.617927
1340,0.00017325768633083536,5.304720706573799e-05,1.0,0.004257116865856939,0.20339899999999034,310.821326
1341,0.0001730159475106981,5.297404754496671e-05,1.0,0.00436370584730493,0.22193700000002536,311.043263
1342,0.0001727747153340945,5.2900807912798116e-05,1.0,0.0042545959314039625,0.22173499999996693,311.264998
1343,0.00017253398735683667,5.2829193085045516e-05,1.0,0.004276639534914968,0.21122800000000552,311.476226
1344,0.00017229377746081292,5.275572008995345e-05,1.0,0.004244152914181356,0.2043130000000133,311.680539
1345,0.00017205406765184348,5.268501325805854e-05,1.0,0.003976307406511221,0.21771899999998823,311.898258
1346,0.0001718148686523937,5.261400288263713e-05,1.0,0.004002121240001511,0.20839200000000346,312.10665
1347,0.000171576181939242,5.2541848699840194e-05,1.0,0.004204764010076329,0.20617399999997588,312.312824
1348,0.00017133799354364,5.246925339349375e-05,1.0,0.0040209309350597465,0.21108400000002803,312.523908
1349,0.00017110030203775143,5.2396765207982574e-05,1.0,0.0041112857481112874,0.20603999999997313,312.729948
1350,0.00017086310589745752,5.232486223591816e-05,1.0,0.004127554642629629,0.22387700000001587,312.953825
1351,0.0001706264080481099,5.225319431074116e-05,1.0,0.004155841669279858,0.21824900000001435,313.172074
1352,0.0001703902027751877,5.218247825947112e-05,1.0,0.004128761115197848,0.20308199999999488,313.375156
1353,0.00017015449361443258,5.211128128723865e-05,1.0,0.004175436069484633,0.2201650000000086,313.595321
1354,0.0001699192764966781,5.20409400954388e-05,1.0,0.004189716055519454,0.20942999999999756,313.804751
1355,0.00016968454440927566,5.1971069295877936e-05,1.0,0.004165945609859658,0.208945999999969,314.013697
1356,0.00016945030902564646,5.19004856744767e-05,1.0,0.004116210547706801,0.21910300000001826,314.2328
1357,0.00016921656911377228,5.182964743758053e-05,1.0,0.00431937399749972,0.20375799999999344,314.436558
1358,0.00016898331784301844,5.175858161260664e-05,1.0,0.004148051806927282,0.214917000000014,314.651475
1359,0.00016875055285483427,5.168824062527642e-05,1.0,0.004344795770041089,0.20379500000001372,314.85527
1360,0.0001685182660295337,5.1617762188702266e-05,1.0,0.004255683756562434,0.2295819999999935,315.084852
1361,0.00016828645644056673,5.154744281533618e-05,1.0,0.004315463941475651,0.2281279999999697,315.31298
1362,0.0001680551327092108,5.147663747361938e-05,1.0,0.004224071003453177,0.21002800000002253,315.523008
1363,0.00016782427336213223,5.14070451120837e-05,1.0,0.004203809165758867,0.22019599999998718,315.743204
1364,0.00016759390306739507,5.1336613738548276e-05,1.0,0.004232484651167339,0.216666000000032,315.95987
1365,0.00016736401255303075,5.126637004898334e-05,1.0,0.004370024666551918,0.22596199999998134,316.185832
1366,0.00016713459371661842,5.119798654162245e-05,1.0,0.0041509504060826576,0.2156079999999747,316.40144
1367,0.00016690565139800768,5.1128991671367116e-05,1.0,0.004194852111595594,0.20795400000002928,316.609394
1368,0.0001666771877667093,5.10600079188373e-05,1.0,0.004242188181914098,0.2045659999999998,316.81396
1369,0.0001664491948505915,5.099161683949832e-05,1.0,0.004060741466652089,0.2156519999999773,317.029612
1370,0.00016622167560728012,5.092258861963745e-05,1.0,0.004176532715097963,0.22085600000002614,317.250468
1371,0.00016599463547813136,5.0853532899465626e-05,1.0,0.004224943527672848,0.2250399999999786,317.475508
1372,0.0001657680564981535,5.0784741694231206e-05,1.0,0.00436339847753445,0.2310590000000161,317.706567
1373,0.00016554195039251784,5.071687529800977e-05,1.0,0.004168593169662564,0.21507199999996374,317.92163899999997
1374,0.00016531631539315334,5.0648260201977234e-05,1.0,0.00412039120423826,0.2120490000000359,318.133688
1375,0.00016509113888722658,5.057977481375892e-05,1.0,0.004137044513783649,0.2140890000000013,318.347777
1376,0.00016486642553837855,5.051207798449678e-05,1.0,0.004141707065175177,0.21251100000000633,318.560288
1377,0.0001646421678425846,5.044421985157186e-05,1.0,0.0039955568206238015,0.208328999999992,318.768617
1378,0.0001644183748756276,5.0376188477977285e-05,1.0,0.004300494761809354,0.20756099999999833,318.976178
1379,0.00016419504439247479,5.0308655705215426e-05,1.0,0.004136018701934203,0.23153500000000804,319.207713
1380,0.00016397216598873813,5.024128334691686e-05,1.0,0.004058896820013558,0.20729000000000042,319.415003
1381,0.00016374974709618684,5.0173973452921226e-05,1.0,0.004209981349536185,0.21937299999996185,319.634376
1382,0.0001635277818129583,5.0105832703809865e-05,1.0,0.0040304684656782535,0.21648000000004686,319.850856
1383,0.00016330626495418454,5.0038788359950574e-05,1.0,0.0041480104372254405,0.22025999999999613,320.071116
1384,0.00016308520974082075,4.99710840529223e-05,1.0,0.004127987292937236,0.2126260000000002,320.283742
1385,0.00016286460979564305,4.9905106765564946e-05,1.0,0.0041934133981864855,0.2063529999999787,320.490095
1386,0.00016264446405361656,4.983803457473463e-05,1.0,0.00397863216721181,0.21162399999997206,320.70171899999997
1387,0.00016242476484659346,4.977155785698488e-05,1.0,0.004100540477886225,0.22043200000001661,320.922151
1388,0.00016220551554834093,4.970509415644777e-05,1.0,0.004040097570755306,0.20231599999999617,321.124467
1389,0.00016198670179082172,4.964026596998261e-05,1.0,0.004213716583911823,0.21187200000002804,321.336339
1390,0.00016176834012273004,4.9574161839563035e-05,1.0,0.00418267106392305,0.2036759999999731,321.540015
1391,0.00016155041829932963,4.950780178716432e-05,1.0,0.003944941873966866,0.21692100000001346,321.756936
1392,0.00016133294617806966,4.9442181116322696e-05,1.0,0.004046402709435966,0.2051930000000084,321.962129
1393,0.00016111591882545613,4.9376783080698264e-05,1.0,0.003968417651533373,0.2149119999999698,322.177041
1394,0.0001608993342419656,4.931115232896896e-05,1.0,0.00399577480445614,0.22078900000002477,322.39783
1395,0.00016068318384560555,4.924592486259734e-05,1.0,0.004089943816702082,0.226949999999988,322.62478
1396,0.00016046747272374174,4.91809206801174e-05,1.0,0.004185944752511201,0.2140850000000114,322.838865
1397,0.00016025220068708796,4.911613859928134e-05,1.0,0.0039542445956467515,0.21115700000001425,323.050022
1398,0.00016003736806721549,4.905148845761941e-05,1.0,0.003980428833190836,0.20126199999998562,323.251284
1399,0.0001598229688609688,4.8987511505773674e-05,1.0,0.004072497214327584,0.2330910000000017,323.484375
1400,0.00015960900349208036,4.892346870204439e-05,1.0,0.0038959719669064553,0.20507700000001705,323.689452
1401,0.00015939547967260833,4.885893559920142e-05,1.0,0.004138027104065738,0.20777699999996457,323.897229
1402,0.00015918238544971924,4.8793959723748246e-05,1.0,0.0039906989589327075,0.20493099999998776,324.10215999999997
1403,0.00015896971236591055,4.872994925361069e-05,1.0,0.003956323213027546,0.20350300000001198,324.305663
1404,0.0001587574716111497,4.8666284744924957e-05,1.0,0.004021783364335826,0.2163889999999924,324.522052
1405,0.000158545663395183,4.860244360146201e-05,1.0,0.0039908349093586435,0.21682100000003857,324.738873
1406,0.00015833428074803774,4.8538551847218314e-05,1.0,0.004010546135851002,0.20676199999996925,324.945635
1407,0.00015812333158162737,4.8475154433649685e-05,1.0,0.0040035604712207,0.2241910000000189,325.169826
1408,0.00015791280980019683,4.841238905092424e-05,1.0,0.004116702733984751,0.22274099999998498,325.392567
1409,0.000157702718987539,4.834908333764163e-05,1.0,0.003915493188218881,0.21154899999999088,325.604116
1410,0.00015749304777966394,4.828572623012321e-05,1.0,0.004129992248513928,0.22086699999999837,325.824983
1411,0.0001572837916695394,4.822226385518989e-05,1.0,0.0040116865200817906,0.21287499999999682,326.03785799999997
1412,0.00015707495484344042,4.8160020472733615e-05,1.0,0.00408438559995605,0.2104190000000017,326.248277
1413,0.00015686654249611736,4.8098729905782895e-05,1.0,0.004088579745047015,0.22469200000000455,326.472969
1414,0.00015665854985690591,4.8035749429617366e-05,1.0,0.004036940224822074,0.21776400000004514,326.690733
1415,0.00015645097641332978,4.797277719656398e-05,1.0,0.004038787081748477,0.22882499999997208,326.919558
1416,0.00015624382523437788,4.791027118794297e-05,1.0,0.004157490442692147,0.22296899999997777,327.142527
1417,0.00015603708836765408,4.7847593405214457e-05,1.0,0.004097910285786553,0.20474000000001524,327.347267
1418,0.00015583076862810382,4.778567441381197e-05,1.0,0.0039192930721496455,0.21008699999998726,327.557354
1419,0.00015562486094055432,4.772393547581381e-05,1.0,0.0038904401486114276,0.2048210000000381,327.762175
1420,0.0001554193621774016,4.7662303672118686e-05,1.0,0.0039913096078031075,0.20752799999996796,327.969703
1421,0.00015521427182870026,4.760072403158627e-05,1.0,0.0039184934012825995,0.20417900000001055,328.173882
1422,0.00015500958668087362,4.7539123072554e-05,1.0,0.0039816327494695,0.21643399999999247,328.390316
1423,0.00015480531725054272,4.7477548713171525e-05,1.0,0.004125095949370277,0.20421900000002324,328.594535
1424,0.0001546014543106236,4.741571419630564e-05,1.0,0.004108512924799865,0.20769300000000612,328.802228
1425,0.0001543980034791017,4.735280081120442e-05,1.0,0.0038935039784535773,0.22177099999998973,329.023999
1426,0.00015419495308322022,4.729182472415642e-05,1.0,0.003939459420096078,0.2188979999999674,329.24289699999997
1427,0.00015399230704547085,4.722976568088514e-05,1.0,0.003908053056272838,0.20874800000001414,329.451645
1428,0.00015379006141315728,4.716868323870654e-05,1.0,0.00395070846418429,0.25539200000002893,329.707037
1429,0.00015358821434791425,4.710735744585519e-05,1.0,0.003922119377602436,0.2495349999999803,329.956572
1430,0.00015338677439670294,4.704552826008185e-05,1.0,0.00393377086610759,0.21114399999999023,330.167716
1431,0.0001531857282180923,4.698511631043549e-05,1.0,0.003885907275174065,0.20490899999998646,330.37262499999997
1432,0.00015298508466625804,4.6924616570415824e-05,1.0,0.0039435910064700265,0.2194380000000251,330.592063
1433,0.000152784833187477,4.686361518002553e-05,1.0,0.003961702225881158,0.23221699999999146,330.82428
1434,0.00015258497801944298,4.6802759007538125e-05,1.0,0.0038645138252774345,0.21749700000003713,331.041777
1435,0.00015238551714265403,4.674266922428664e-05,1.0,0.0038536099488570867,0.22995999999994865,331.271737
1436,0.00015218644904303408,4.668294212206917e-05,1.0,0.004053427827946362,0.21589199999999664,331.48762899999997
1437,0.00015198777056514085,4.662276101920366e-05,1.0,0.003886249436339537,0.2189130000000432,331.706542
1438,0.0001517894885915222,4.656248288760636e-05,1.0,0.003913585529467777,0.2050469999999791,331.911589
1439,0.00015159159629042564,4.650264460673492e-05,1.0,0.003938417349467917,0.2083690000000047,332.119958
1440,0.00015139409556762102,4.6442681801675054e-05,1.0,0.004056599935048782,0.21446400000002086,332.334422
1441,0.00015119698655620374,4.6382793345822885e-05,1.0,0.004083415347078086,0.21888300000000527,332.553305
1442,0.00015100026711022002,4.632332645110268e-05,1.0,0.004060253529083768,0.22293700000000172,332.776242
1443,0.00015080393110967433,4.626412775746225e-05,1.0,0.00402143616358605,0.20533499999999094,332.981577
1444,0.0001506079830477856,4.6205073754909666e-05,1.0,0.0038458732784109914,0.20892599999996264,333.190503
1445,0.00015041242227125694,4.614593278304754e-05,1.0,0.0038905862321443967,0.21763100000003988,333.408134
1446,0.00015021724877427566,4.608709544720524e-05,1.0,0.003936450609267967,0.22036799999995083,333.62850199999997
1447,0.00015002245495268282,4.60275683949745e-05,1.0,0.003945252770104996,0.21206500000005235,333.840567
1448,0.0001498280412362934,4.5968636260884736e-05,1.0,0.0038466635449871385,0.2166819999999916,334.057249
1449,0.00014963400538120972,4.59098635608422e-05,1.0,0.0038186674258999026,0.20383499999996957,334.261084
1450,0.00014944035044371992,4.585118826232625e-05,1.0,0.003869438419729649,0.21024199999999382,334.471326
1451,0.0001492470729749249,4.5793088982769036e-05,1.0,0.003847680095393715,0.216432999999995,334.68775899999997
1452,0.0001490541701639784,4.5734240747735176e-05,1.0,0.004067568069978021,0.21906400000000303,334.906823
1453,0.00014886164330668816,4.567505987812874e-05,1.0,0.00389074641737972,0.21052300000002333,335.117346
1454,0.00014866949488077726,4.561705263512719e-05,1.0,0.0038442489817085046,0.2184530000000109,335.335799
1455,0.00014847771930581532,4.555909998403159e-05,1.0,0.0037840356032145237,0.21318600000000743,335.548985
1456,0.00014828631971736946,4.550141728138016e-05,1.0,0.003885603037163363,0.21710999999999103,335.766095
1457,0.00014809529550997085,4.544413991372521e-05,1.0,0.0038782642376964777,0.21172300000000632,335.977818
1458,0.00014790464552400423,4.5386307815574186e-05,1.0,0.003968450480778577,0.2092209999999568,336.18703899999997
1459,0.00014771436135585175,4.532847045120109e-05,1.0,0.00396029690984528,0.21335700000003044,336.400396
1460,0.0001475244475905258,4.5271548835946865e-05,1.0,0.003888317731590126,0.2045039999999858,336.6049
1461,0.00014733490854278007,4.521376985549885e-05,1.0,0.00390984427552605,0.2098320000000058,336.814732
1462,0.00014714573653350305,4.5156058882070165e-05,1.0,0.004024301464873837,0.21922899999998435,337.033961
1463,0.0001469569333624322,4.509857183143125e-05,1.0,0.003904892128859783,0.20819000000000187,337.242151
1464,0.0001467684913237817,4.5041801188582544e-05,1.0,0.004037030423479849,0.22920200000004343,337.471353
1465,0.00014658041362971985,4.498484916615641e-05,1.0,0.003930087659218254,0.2042549999999892,337.675608
1466,0.00014639270199212788,4.492790652607485e-05,1.0,0.004009604219758173,0.2153809999999794,337.890989
1467,0.00014620535582130872,4.487140020230881e-05,1.0,0.004013229626979366,0.2142910000000029,338.10528
1468,0.0001460183694085962,4.481503141472881e-05,1.0,0.003971025787653581,0.21441399999997657,338.31969399999997
1469,0.00014583174426541855,4.475848729349705e-05,1.0,0.0039638036413795815,0.2166620000000421,338.536356
1470,0.00014564547769463783,4.470266286995546e-05,1.0,0.0038957491843659682,0.21396299999997836,338.750319
1471,0.00014545956947809634,4.4646217460315074e-05,1.0,0.003946935261299079,0.21360099999998283,338.96392
1472,0.00014527402164853602,4.4589685847388535e-05,1.0,0.003924173489843912,0.2128680000000145,339.176788
1473,0.00014508882988875077,4.453343166183326e-05,1.0,0.003964224512207542,0.22486100000003262,339.401649
1474,0.00014490399244687887,4.4477502659058516e-05,1.0,0.003915253179314216,0.2132289999999557,339.614878
1475,0.000144719511615609,4.442238979276611e-05,1.0,0.00396066963632943,0.22811799999999494,339.84299599999997
1476,0.0001445353869042093,4.4366786686601145e-05,1.0,0.003855126578481119,0.21608000000003358,340.059076
1477,0.0001443516189887371,4.431202891902235e-05,1.0,0.0038461757418584287,0.21118699999999535,340.270263
1478,0.00014416820613829723,4.425644621759162e-05,1.0,0.003951080187382859,0.20447599999999966,340.474739
1479,0.0001439851439139778,4.420121211686793e-05,1.0,0.0038158536747346025,0.21938699999998335,340.694126
1480,0.00014380243139113446,4.414534304238109e-05,1.0,0.0038464719093805953,0.22346600000003036,340.917592
1481,0.00014362007054994746,4.409042062777393e-05,1.0,0.003790963788106949,0.22752700000000914,341.145119
1482,0.000143438057900296,4.403590634211888e-05,1.0,0.0038383892790282157,0.20484899999996742,341.349968
1483,0.00014325639892185513,4.398035154117214e-05,1.0,0.0037707828508185257,0.21564300000000003,341.565611
1484,0.00014307508656080897,4.3925282648424756e-05,1.0,0.003914698351452521,0.22444400000000542,341.790055
1485,0.0001428941247152511,4.387052428838291e-05,1.0,0.003837312113889331,0.22622899999998936,342.016284
1486,0.0001427135091634902,4.381579319904786e-05,1.0,0.003807343190965569,0.22748200000000907,342.243766
1487,0.00014253323766453242,4.376199320615456e-05,1.0,0.0038441201500525823,0.20906600000000708,342.452832
1488,0.00014235330995154,4.370777606276654e-05,1.0,0.0036662386575432343,0.20539999999999736,342.658232
1489,0.00014217372977921915,4.365264556217881e-05,1.0,0.0037607971881417454,0.22847400000000562,342.886706
1490,0.0001419944867196512,4.3598544915634294e-05,1.0,0.003892539497004432,0.22322800000000598,343.109934
1491,0.0001418155848688994,4.354508313088575e-05,1.0,0.0038197313148889,0.21071499999999332,343.320649
1492,0.00014163702614963355,4.349070970076243e-05,1.0,0.0039029940287245548,0.21012699999999995,343.530776
1493,0.00014145880355672202,4.3436281402622154e-05,1.0,0.0036851617936237884,0.20366699999999582,343.734443
1494,0.00014128092128587783,4.338197237247399e-05,1.0,0.0037802060466077146,0.22431199999999762,343.958755
1495,0.00014110337288673468,4.332851638610432e-05,1.0,0.0038732653291539726,0.20782100000002401,344.166576
1496,0.00014092617022962162,4.327496173153034e-05,1.0,0.003767314293424747,0.22374299999995628,344.390319
1497,0.0001407493032115439,4.3221638434780525e-05,1.0,0.003771983493737922,0.21614099999999326,344.60645999999997
1498,0.0001405727702159781,4.3168479474717394e-05,1.0,0.003823716906736375,0.22526700000003075,344.831727
1499,0.00014039657406493257,4.311610400611027e-05,1.0,0.0038418803775068285,0.21241299999996954,345.04413999999997
1500,0.00014022071215828743,4.306302407313622e-05,1.0,0.003849072529887773,0.21781700000002502,345.261957
1501,0.00014004518685512934,4.3009822914735765e-05,1.0,0.00380649608627991,0.21240000000000236,345.474357
1502,0.00013986999417093304,4.295676819286792e-05,1.0,0.003781253243333679,0.22753899999997884,345.701896
1503,0.0001396951311244039,4.290355211226766e-05,1.0,0.0036818956573675785,0.20923100000004524,345.911127
1504,0.00013952059754581504,4.285044465683023e-05,1.0,0.003829308410155352,0.419166999999959,346.330294
1505,0.0001393463915689534,4.279746550226255e-05,1.0,0.0038451542185495404,0.3403940000000034,346.670688
1506,0.00013917251275948856,4.274423537699292e-05,1.0,0.003814693302541587,0.21995300000003226,346.890641
1507,0.00013899896170087173,4.2692008192196084e-05,1.0,0.0037514229514554105,0.22770499999995764,347.118346
1508,0.00013882574158501087,4.264028225047909e-05,1.0,0.003814145363846853,0.22400600000003124,347.342352
1509,0.0001386528515233742,4.258781576311121e-05,1.0,0.003755496863381672,0.2076240000000098,347.549976
1510,0.00013848028342779782,4.253577322334163e-05,1.0,0.003962388595940631,0.22006199999998444,347.770038
1511,0.00013830803984663775,4.248389647497708e-05,1.0,0.00395696978426664,0.21178700000001527,347.981825
1512,0.00013813612131686873,4.2432512034295595e-05,1.0,0.0036848684548941198,0.23086299999999937,348.212688
1513,0.00013796452886663212,4.2381049091557276e-05,1.0,0.003706006558162859,0.2119819999999777,348.42467
1514,0.0001377932661312391,4.2328893025075646e-05,1.0,0.00389924015264538,0.45323200000001407,348.877902
1515,0.00013762232747489456,4.227687076603496e-05,1.0,0.003838731085201014,0.24989599999997836,349.127798
1516,0.0001374517051596069,4.22254537032679e-05,1.0,0.003700816901585474,0.2160949999999957,349.343893
1517,0.00013728139863406703,4.217347048061549e-05,1.0,0.003765503239330472,0.20973900000001322,349.553632
1518,0.0001371114139139205,4.212173247756841e-05,1.0,0.0037499895217373916,0.22877099999999473,349.782403
1519,0.00013694174737906788,4.207019286580612e-05,1.0,0.003851113364104439,0.20937800000001516,349.991781
1520,0.00013677239878909098,4.201897594051878e-05,1.0,0.003727772768737602,0.2240449999999896,350.215826
1521,0.0001366033677071648,4.1967102017641506e-05,1.0,0.0037064190884132,0.2170239999999808,350.43285
1522,0.0001364346505352111,4.1916287286999863e-05,1.0,0.003777847547985865,0.22840800000000172,350.661258
1523,0.00013626625265592023,4.186517516805876e-05,1.0,0.003788906000914696,0.20857100000000628,350.869829
1524,0.00013609816500912065,4.1813782941392655e-05,1.0,0.0037338569469364184,0.22100800000004028,351.090837
1525,0.00013593038858679703,4.1762679680094986e-05,1.0,0.0038859107248502317,0.21892199999996365,351.309759
1526,0.0001357629221731521,4.1711653010761446e-05,1.0,0.003804901871781716,0.22357500000003938,351.533334
1527,0.00013559576667748492,4.166092836514963e-05,1.0,0.0038058738134694684,0.21717899999998735,351.750513
1528,0.00013542892618507296,4.1610313444270555e-05,1.0,0.003937216599218,0.21790499999997337,351.968418
1529,0.0001352623913738522,4.1559733907573365e-05,1.0,0.003726198241247649,0.2194820000000277,352.1879
1530,0.00013509616548484032,4.150990987475435e-05,1.0,0.0038969262340920294,0.20794000000000779,352.39584
1531,0.00013493025414219908,4.145903385834246e-05,1.0,0.0038992520464850456,0.22118199999999888,352.617022
1532,0.00013476464828852082,4.140875269816526e-05,1.0,0.003693902249189881,0.20980899999995017,352.82683099999997
1533,0.00013459934786136732,4.135893687473038e-05,1.0,0.0037964125993361843,0.2224750000000313,353.049306
1534,0.00013443435393031383,4.131047803047215e-05,1.0,0.0037886876640727714,0.20947100000000773,353.258777
1535,0.0001342696679576405,4.126046659046899e-05,1.0,0.003675953118693924,0.20777099999997972,353.466548
1536,0.0001341052881012203,4.121106288413096e-05,1.0,0.0037508106143025327,0.22205400000001418,353.688602
1537,0.0001339412154380964,4.116199437312863e-05,1.0,0.0037180377632220103,0.2080389999999852,353.896641
1538,0.00013377744702388532,4.1112873972080635e-05,1.0,0.0036123321006313017,0.2048819999999978,354.101523
1539,0.00013361398376430484,4.106386528647686e-05,1.0,0.0036855791380300813,0.23015800000001718,354.331681
1540,0.00013345082344178315,4.1014769714596474e-05,1.0,0.003728495257964689,0.21724399999999378,354.548925
1541,0.00013328796346326612,4.096531274160863e-05,1.0,0.0035910272895925822,0.2175020000000245,354.766427
1542,0.00013312540534550713,4.091561265626581e-05,1.0,0.0037400525550803734,0.21459099999998443,354.981018
1543,0.0001329631382698341,4.0866742717907e-05,1.0,0.0037203402967815953,0.22441600000001927,355.205434
1544,0.00013280117334074653,4.0817330974805294e-05,1.0,0.003642443589748586,0.20876399999997375,355.414198
1545,0.0001326395000082134,4.0768783317258205e-05,1.0,0.0036968280988171056,0.2064619999999877,355.62066
1546,0.0001324781269437958,4.0719977970442815e-05,1.0,0.0037546497054908247,0.2139270000000124,355.834587
1547,0.0001323170566779821,4.0671599237445564e-05,1.0,0.0037258979084900104,0.2159159999999929,356.050503
1548,0.0001321562801315882,4.0622756963270425e-05,1.0,0.0037048235994401164,0.21228000000002112,356.262783
1549,0.0001319957995606254,4.057497012659621e-05,1.0,0.0037438835635215193,0.21757199999996146,356.480355
1550,0.00013183561652779904,4.0527250842947766e-05,1.0,0.003702536539304506,0.21959400000002915,356.699949
1551,0.0001316757293803522,4.0478347220541627e-05,1.0,0.0036337022583128975,0.23041699999998855,356.930366
1552,0.00013151613540091667,4.042988775294422e-05,1.0,0.00367413679562678,0.20634300000000394,357.136709
1553,0.0001313568327232956,4.038197281852945e-05,1.0,0.0037617353152902757,0.2169450000000097,357.353654
1554,0.0001311978275929803,4.033392156449467e-05,1.0,0.0037549457011674357,0.21965000000000146,357.573304
1555,0.00013103911746061573,4.028519926116886e-05,1.0,0.0037302872189357256,0.2079119999999648,357.781216
1556,0.00013088069653301472,4.023807654770747e-05,1.0,0.003774306581258559,0.21571099999999888,357.99692699999997
1557,0.00013072256217616272,4.019050440793774e-05,1.0,0.0037273689596911204,0.22007800000000088,358.217005
1558,0.00013056471750548355,4.014257876752004e-05,1.0,0.0036645564306730044,0.20918400000005022,358.426189
1559,0.00013040716299588608,4.0095134082838285e-05,1.0,0.003646869183265216,0.21324599999996963,358.639435
1560,0.00013024989344402843,4.0047548718663393e-05,1.0,0.0036612848090509446,0.21485899999998992,358.854294
1561,0.0001300929119428804,4.000015495968965e-05,1.0,0.0036968213049224682,0.20888800000000174,359.063182
1562,0.000129936221264636,3.9952591796769026e-05,1.0,0.003706756444867599,0.21682600000002594,359.280008
1563,0.00012977981614605154,3.9904719217010074e-05,1.0,0.003641139324428984,0.2104669999999942,359.490475
1564,0.00012962369585457,3.985692273517717e-05,1.0,0.0036166843329509014,0.2191389999999842,359.709614
1565,0.00012946786274628297,3.980953942511176e-05,1.0,0.003611196322204899,0.23081999999999425,359.940434
1566,0.00012931231100749154,3.976260631523719e-05,1.0,0.0035342911613670197,0.2084520000000225,360.148886
1567,0.00012915704414687767,3.971569360129974e-05,1.0,0.0036499814028742163,0.2149739999999838,360.36386
1568,0.0001290020579003918,3.966896228585244e-05,1.0,0.0036150679081463372,0.2057879999999841,360.569648
1569,0.00012884735350907222,3.9622696697311876e-05,1.0,0.0036275677838015596,0.20764700000000857,360.777295
1570,0.0001286929304260064,3.95750494192813e-05,1.0,0.0035105673490390733,0.21969699999999648,360.996992
1571,0.00012853878741970215,3.952852657519496e-05,1.0,0.0036766481353044662,0.20875499999999647,361.205747
1572,0.00012838492468309203,3.948197803783216e-05,1.0,0.003642769125023316,0.21334000000001652,361.419087
1573,0.00012823133677908918,3.943564706965575e-05,1.0,0.0036918418690775412,0.20551899999998113,361.62460599999997
1574,0.0001280780280973092,3.938934883679168e-05,1.0,0.0036456360729175035,0.2246600000000285,361.849266
1575,0.0001279249979449693,3.9342987450826886e-05,1.0,0.0035956594783149456,0.21026699999998755,362.059533
1576,0.00012777224306249904,3.929655192408588e-05,1.0,0.0035477460804645778,0.22258600000003526,362.282119
1577,0.00012761976396417533,3.9249772390101e-05,1.0,0.0036000273046552732,0.22477299999997058,362.506892
1578,0.0001274675569536028,3.9203525952586764e-05,1.0,0.0036681334122626846,0.20741700000002083,362.714309
1579,0.00012731562242665324,3.9157798965180634e-05,1.0,0.003574631888548536,0.20556499999997868,362.919874
1580,0.00012716396285111897,3.911164005398173e-05,1.0,0.0034341223398875855,0.21675600000003215,363.13663
1581,0.00012701257472614154,3.90664854443883e-05,1.0,0.003510552793808537,0.214100999999971,363.350731
1582,0.00012686145522024817,3.902021719948801e-05,1.0,0.003671409452829727,0.21338300000002164,363.564114
1583,0.00012671060691444368,3.8974945506956505e-05,1.0,0.0036010189358902035,0.21875699999998233,363.782871
1584,0.0001265600362024337,3.892951384747164e-05,1.0,0.003584370485164341,0.20556199999998626,363.988433
1585,0.00012640973824742762,3.8883675336098764e-05,1.0,0.0036276247200964537,0.21487700000000132,364.20331
1586,0.00012625971029281375,3.883814712836448e-05,1.0,0.0035654153947629543,0.2152189999999905,364.418529
1587,0.0001261099537856969,3.8793307652329955e-05,1.0,0.003536975835698439,0.22329999999999472,364.641829
1588,0.00012596046390718135,3.874826372972647e-05,1.0,0.003555007352753585,0.22804800000000114,364.869877
1589,0.00012581124297462697,3.870359448621795e-05,1.0,0.003614972926847164,0.22688500000003842,365.096762
1590,0.00012566229131525652,3.865813890003038e-05,1.0,0.003592404859922219,0.22558799999995927,365.32235
1591,0.00012551360144468426,3.861274313195049e-05,1.0,0.003537795710943645,0.21921600000001717,365.541566
1592,0.00012536517663963427,3.8568064683895997e-05,1.0,0.003497627731091963,0.21673099999998158,365.75829699999997
1593,0.00012521701736910353,3.8523145307099466e-05,1.0,0.003610668711431749,0.2058710000000019,365.964168
1594,0.00012506912507546114,3.847799863950125e-05,1.0,0.003479452090692394,0.21619900000001735,366.180367
1595,0.0001249214941309427,3.8433434440856834e-05,1.0,0.003500827154007145,0.21366599999998925,366.394033
1596,0.00012477412562741027,3.838917025978487e-05,1.0,0.0034420392642153185,0.20412400000003572,366.598157
1597,0.00012462702395746477,3.834507771359934e-05,1.0,0.0036929919163661905,0.22412599999995564,366.82228299999997
1598,0.00012448018626367682,3.830049317766801e-05,1.0,0.0036140574719495293,0.20419000000003962,367.026473
1599,0.0001243336113528712,3.8255396284494205e-05,1.0,0.0036301134107079762,0.21388300000000982,367.240356
1600,0.00012418729542992433,3.821101124877717e-05,1.0,0.0037411999854547523,0.2221209999999587,367.462477
1601,0.0001240412418114015,3.8166653534304846e-05,1.0,0.0036717630892328943,0.21185300000001916,367.67433
1602,0.00012389544744627445,3.8122663974795215e-05,1.0,0.0036090146067456227,0.21558399999997846,367.889914
1603,0.0001237499125875944,3.807852231166347e-05,1.0,0.00357770275898073,0.2147920000000454,368.104706
1604,0.00012360463804639933,3.8034722666645454e-05,1.0,0.0036680840813105445,0.211420999999973,368.316127
1605,0.00012345962205053052,3.799080809813726e-05,1.0,0.003593937007470329,0.2188859999999977,368.535013
1606,0.0001233148627928388,3.7947114290025754e-05,1.0,0.003566761756902892,0.2131289999999808,368.748142
1607,0.0001231703581462701,3.790272463050429e-05,1.0,0.003596859993847206,0.22017700000003515,368.968319
1608,0.00012302610919257803,3.785882148748274e-05,1.0,0.003593312551388174,0.21621899999996685,369.184538
1609,0.0001228821152462422,3.78153869385018e-05,1.0,0.0034622718957777123,0.2098160000000462,369.394354
1610,0.00012273837422045728,3.777186874482255e-05,1.0,0.0035735471428695004,0.25490800000000036,369.649262
1611,0.00012259488626491634,3.7728189478543345e-05,1.0,0.003389557719965197,0.21952399999997851,369.868786
1612,0.00012245165166715907,3.7684822413354656e-05,1.0,0.0035468011847053513,0.2076099999999883,370.076396
1613,0.0001223086715969139,3.764103934295738e-05,1.0,0.0035466239578498876,0.2259960000000092,370.302392
1614,0.0001221659457252045,3.7597271083797004e-05,1.0,0.0035725555984340413,0.2073270000000207,370.509719
1615,0.00012202347038265479,3.7553589733835134e-05,1.0,0.003585441587786222,0.2156339999999659,370.725353
1616,0.00012188124316160783,3.751031722646672e-05,1.0,0.0036238183405221404,0.22732100000001765,370.952674
1617,0.0001217392684601641,3.746705565132675e-05,1.0,0.0036700618493146564,0.2205839999999739,371.173258
1618,0.00012159754321423467,3.7424056868077765e-05,1.0,0.0036114387211536258,0.22292300000003706,371.396181
1619,0.00012145606657270768,3.7382141486698905e-05,1.0,0.0035645453229054347,0.21505999999999403,371.611241
1620,0.0001213148398012625,3.733896779319474e-05,1.0,0.003419374953021506,0.2180450000000178,371.829286
1621,0.0001211738596684294,3.729592323123146e-05,1.0,0.00355328934295609,0.21779299999997193,372.047079
1622,0.00012103312411259022,3.7253448544963606e-05,1.0,0.003604386695581636,0.217474999999979,372.264554
1623,0.00012089263800020206,3.7210915496035065e-05,1.0,0.0034685443871590328,0.20841900000004898,372.472973
1624,0.00012075239832867217,3.716857299232945e-05,1.0,0.003472203857838323,0.2149599999999623,372.687933
1625,0.00012061240298632945,3.712570410405785e-05,1.0,0.0035818168946631698,0.21487500000000637,372.902808
1626,0.00012047265475980725,3.7083345507949146e-05,1.0,0.0034630175220766737,0.2154520000000275,373.11826
1627,0.00012033315262182983,3.704085878940217e-05,1.0,0.0034768538964326076,0.21322699999996075,373.331487
1628,0.00012019389437441927,3.6998312971536735e-05,1.0,0.0034963157857119996,0.21520800000001827,373.546695
1629,0.00012005487868846055,3.695617678163058e-05,1.0,0.003456345982460571,0.21870499999999993,373.7654
1630,0.00011991610754296494,3.691352086091336e-05,1.0,0.0036144431439846607,0.20908600000001343,373.974486
1631,0.00011977757578491453,3.687221257342896e-05,1.0,0.003588254888545588,0.22588400000000775,374.20037
1632,0.00011963928857673237,3.683050247553038e-05,1.0,0.003610476011815088,0.20525399999996807,374.405624
1633,0.00011950124478597339,3.678865360826361e-05,1.0,0.003562395605678863,0.21625599999998713,374.62188
1634,0.00011936344193147242,3.6746875129577945e-05,1.0,0.0035331084284174513,0.20954399999999396,374.83142399999997
1635,0.000119225882321624,3.670489664722069e-05,1.0,0.0034859502601277746,0.22150900000002594,375.052933
1636,0.0001190885630557689,3.6663772798624346e-05,1.0,0.003518219323597613,0.2119559999999865,375.264889
1637,0.00011895148147255024,3.6622339695274164e-05,1.0,0.0035219218926052054,0.2197760000000244,375.484665
1638,0.00011881464139311934,3.658019052768616e-05,1.0,0.0035473818920826535,0.22179199999999355,375.706457
1639,0.00011867803761744463,3.653873399748044e-05,1.0,0.0033792715198547115,0.22613400000000183,375.932591
1640,0.00011854167268310017,3.649696101883627e-05,1.0,0.0034843213740557376,0.22568499999999858,376.158276
1641,0.00011840554598641388,3.645562144753511e-05,1.0,0.003475876312533608,0.22095200000001114,376.379228
1642,0.00011826965573315812,3.641399268147171e-05,1.0,0.0035392060389304925,0.21906799999999294,376.598296
1643,0.0001181339967016655,3.637271723561021e-05,1.0,0.003478752539930924,0.21781099999998332,376.816107
1644,0.00011799857557770966,3.6331650654899576e-05,1.0,0.003587237884390808,0.21323599999999487,377.029343
1645,0.00011786339319194689,3.629062848259972e-05,1.0,0.0034491867881554887,0.2185660000000098,377.247909
1646,0.00011772844187228007,3.62499486312295e-05,1.0,0.003512596923821381,0.21638599999999997,377.464295
1647,0.00011759372015995981,3.620897851928807e-05,1.0,0.0034519672274430117,0.21631800000000112,377.680613
1648,0.00011745923203610431,3.616807821920724e-05,1.0,0.0034585122478963328,0.21387099999998327,377.894484
1649,0.00011732497743171611,3.612712830244355e-05,1.0,0.0034261446300513252,0.2174280000000408,378.111912
1650,0.00011719095574011356,3.6086016919742395e-05,1.0,0.003440699669095352,0.21205399999996644,378.323966
1651,0.0001170571644031617,3.6045855291797236e-05,1.0,0.0035028488434643047,0.21106100000002925,378.535027
1652,0.00011692360466961092,3.600519030421869e-05,1.0,0.003448170310273,0.22202899999996362,378.757056
1653,0.00011679027373798494,3.596500477321376e-05,1.0,0.0035993723908207,0.22771299999999428,378.984769
1654,0.00011665717096661531,3.592508324689519e-05,1.0,0.0034277660188818276,0.21274700000003577,379.197516
1655,0.00011652429992530025,3.588509425547347e-05,1.0,0.003591536178490847,0.22794999999996435,379.425466
1656,0.00011639165734054539,3.5844715194332865e-05,1.0,0.003472953882325829,0.2111510000000294,379.636617
1657,0.00011625923966881726,3.580409513017925e-05,1.0,0.003422552629189172,0.2039090000000101,379.840526
1658,0.00011612704771687962,3.576411644093215e-05,1.0,0.0034838146630597356,0.21663899999998648,380.057165
1659,0.00011599508636082693,3.572404143254083e-05,1.0,0.0033757602457951323,0.2150570000000016,380.272222
1660,0.00011586335080938124,3.5684671898838995e-05,1.0,0.0033923979755182,0.21480999999999995,380.487032
1661,0.00011573184317272559,3.5644742701180226e-05,1.0,0.0034838793530485874,0.21758299999999053,380.704615
1662,0.00011560055974149735,3.560529563899553e-05,1.0,0.003428317476444755,0.21286100000003216,380.917476
1663,0.00011546950112615005,3.556583025776748e-05,1.0,0.0034410794717359364,0.20426999999995132,381.121746
1664,0.0001153386718646837,3.552611309499684e-05,1.0,0.0035406202412692988,0.21970400000003565,381.34145
1665,0.00011520806372397599,3.548640116501144e-05,1.0,0.0034154030586074427,0.20481300000000147,381.546263
1666,0.00011507767800957436,3.5446942695314834e-05,1.0,0.0033239980409790464,0.2136539999999627,381.759917
1667,0.00011494751415124397,3.540794020221558e-05,1.0,0.003376272011805951,0.21675500000003467,381.976672
1668,0.00011481757266777555,3.536852311622108e-05,1.0,0.003357220063121979,0.21834000000001197,382.195012
1669,0.00011468785508519932,3.532901332745995e-05,1.0,0.003376010997694395,0.214966000000004,382.409978
1670,0.00011455836040343296,3.5289844481867966e-05,1.0,0.003451146692166473,0.21800299999995332,382.627981
1671,0.00011442908885115401,3.5250401846141774e-05,1.0,0.003447909199968073,0.21354800000000296,382.841529
1672,0.00011430003986113699,3.521051972654662e-05,1.0,0.003418107540007933,0.2216799999999921,383.063209
1673,0.00011417120739331028,3.517141447534075e-05,1.0,0.003361001069649884,0.2153520000000526,383.278561
1674,0.00011404259660400287,3.513217777101753e-05,1.0,0.003366354729124147,0.22265499999997473,383.501216
1675,0.00011391420142019379,3.5093638005246146e-05,1.0,0.003382991231235844,0.21214400000002342,383.71336
1676,0.00011378602590991992,3.505545075591292e-05,1.0,0.0033082228180871926,0.2150519999999574,383.928412
1677,0.00011365806993777655,3.501647274187095e-05,1.0,0.0032241138643682443,0.21415999999999258,384.142572
1678,0.00011353033154108836,3.497761523547449e-05,1.0,0.0033932659353972175,0.2163070000000289,384.358879
1679,0.00011340281117896217,3.49384268464962e-05,1.0,0.0033773408264701752,0.2151049999999941,384.573984
1680,0.0001132755050816564,3.489976330538872e-05,1.0,0.0034362198319808765,0.20990799999998444,384.783892
1681,0.00011314841452807369,3.486135350189449e-05,1.0,0.003479064275159073,0.21487899999999627,384.998771
1682,0.00011302154239567499,3.4823145524215354e-05,1.0,0.0034177336076091523,0.23461900000000924,385.23339
1683,0.0001128948854880805,3.478476195957713e-05,1.0,0.0032763011745301175,0.20807800000000043,385.441468
1684,0.00011276844049095747,3.4746398548737696e-05,1.0,0.003338774459813969,0.22224399999998923,385.663712
1685,0.00011264221252551089,3.4708164957790266e-05,1.0,0.0034013029479858545,0.22244000000000597,385.886152
1686,0.00011251619798157961,3.466950649790829e-05,1.0,0.0032720923634802887,0.2200149999999894,386.10616699999997
1687,0.00011239039398732904,3.4631812970004685e-05,1.0,0.003340810205005954,0.22460700000004863,386.330774
1688,0.00011226480275873582,3.4593512121201293e-05,1.0,0.003461889358495123,0.21539400000000342,386.546168
1689,0.00011213942387002655,3.4555415960425355e-05,1.0,0.003330079102723683,0.21781799999996565,386.763986
1690,0.00011201425765174998,3.4517774519524235e-05,1.0,0.0034609044097771765,0.2156880000000001,386.979674
1691,0.00011188930379166931,3.4480655414072456e-05,1.0,0.003538920046105312,0.20760400000000345,387.187278
1692,0.00011176455984027044,3.444327868187834e-05,1.0,0.003370727405739135,0.2178959999999961,387.405174
1693,0.00011164003076154984,3.4405393893912665e-05,1.0,0.0034078386430493905,0.21106100000002925,387.616235
1694,0.00011151571464721317,3.4367800501510596e-05,1.0,0.003337547333045761,0.20432999999997037,387.820565
1695,0.00011139160842583373,3.4329715412981354e-05,1.0,0.003346801700793877,0.21896800000001804,388.039533
1696,0.00011126771135458113,3.42925256158211e-05,1.0,0.003391333226140557,0.2114310000000046,388.250964
1697,0.00011114402320212316,3.425517795447418e-05,1.0,0.0033530379151911756,0.21878599999996595,388.46975
1698,0.00011102054338172104,3.421760810717544e-05,1.0,0.0032456701081587627,0.2132090000000062,388.682959
1699,0.00011089727317474787,3.4180219073257596e-05,1.0,0.0032706861918493446,0.21256800000003295,388.895527
1700,0.00011077420915595362,3.414266069550316e-05,1.0,0.0033683191674044656,0.20444499999996424,389.099972
1701,0.00011065135241076465,3.4104984883799194e-05,1.0,0.0034396969995016307,0.21878900000001522,389.318761
1702,0.00011052870037263071,3.406781362947689e-05,1.0,0.003372344075173618,0.21554600000001756,389.534307
1703,0.00011040625275398896,3.4030914097827736e-05,1.0,0.0034282099339871257,0.24160100000000284,389.775908
1704,0.00011028401093999898,3.399390422248111e-05,1.0,0.003467830068099658,0.24131099999999606,390.017219
1705,0.00011016197590905697,3.3956632463565086e-05,1.0,0.0034848153871602657,0.20866899999998623,390.225888
1706,0.00011004014367468547,3.391948190150541e-05,1.0,0.0033586276895578287,0.2208219999999983,390.44671
1707,0.00010991851509828828,3.3882487074611965e-05,1.0,0.003314497457975769,0.2153690000000097,390.662079
1708,0.00010979709061457818,3.384566224167998e-05,1.0,0.0033433092227228194,0.21500199999996994,390.877081
1709,0.00010967586755154835,3.380831835417044e-05,1.0,0.0033800371362026228,0.20965300000000298,391.086734
1710,0.00010955484413121729,3.377169811580899e-05,1.0,0.0032538621885191367,0.22884300000004032,391.315577
1711,0.00010943402533282413,3.3735020086019594e-05,1.0,0.003228592296913114,0.21411699999998746,391.529694
1712,0.00010931340582457044,3.3698833754494334e-05,1.0,0.0032829217117614656,0.22773599999999306,391.75743
1713,0.00010919298838683216,3.366173000798504e-05,1.0,0.0033004380292661253,0.2205579999999827,391.977988
1714,0.00010907277014452174,3.362555365981437e-05,1.0,0.003296900424544741,0.21842400000002726,392.196412
1715,0.00010895275362011764,3.358891165957448e-05,1.0,0.003268778823766025,0.22303299999998671,392.419445
1716,0.00010883293770840782,3.355201581788096e-05,1.0,0.003202733625176635,0.22051599999997507,392.63996099999997
1717,0.00010871331870024567,3.3515317194280715e-05,1.0,0.0033019057740799143,0.21256900000003043,392.85253
1718,0.00010859389681359113,3.3479185505301816e-05,1.0,0.003266699881785311,0.21744400000000041,393.069974
1719,0.00010847467623957456,3.344310241592152e-05,1.0,0.0032747572392269183,0.21065599999997175,393.28063
1720,0.00010835565271250395,3.340693625807345e-05,1.0,0.003289969090842709,0.2219570000000317,393.502587
1721,0.00010823682743505916,3.337097563828116e-05,1.0,0.003278258161899736,0.21522499999997535,393.717812
1722,0.00010811820221923055,3.3334928089343736e-05,1.0,0.0032183477198732434,0.21123000000000047,393.929042
1723,0.00010799977297831484,3.329901582036415e-05,1.0,0.0033436367947676307,0.21910700000000816,394.148149
1724,0.000107881540274909,3.3262612854124e-05,1.0,0.0034418436460166906,0.2211889999999812,394.36933799999997
1725,0.0001077634999712612,3.322695647857312e-05,1.0,0.003328210729541104,0.21159500000004527,394.580933
1726,0.00010764565492024697,3.3190796496799037e-05,1.0,0.0032405978545597142,0.21531599999997297,394.796249
1727,0.0001075280024880908,3.3155054428242475e-05,1.0,0.0034313623592622006,0.22600099999999657,395.02225
1728,0.0001074105432596118,3.311953382562951e-05,1.0,0.003300918654930057,0.2149689999999964,395.237219
1729,0.00010729327824751702,3.308368440435376e-05,1.0,0.0033276246981781745,0.21105399999999008,395.448273
1730,0.00010717620852091342,3.304823237141614e-05,1.0,0.003368170214868068,0.22647200000000112,395.674745
1731,0.00010705933031150928,3.3013068106443307e-05,1.0,0.0033240643906476044,0.22691900000000942,395.901664
1732,0.00010694264585130468,3.2977364456567884e-05,1.0,0.003316166746888055,0.2147860000000037,396.11645
1733,0.00010682615512970991,3.2942310222562886e-05,1.0,0.0033269280371095618,0.2133890000000065,396.329839
1734,0.00010670985449161447,3.29068875841151e-05,1.0,0.0032521098341021615,0.21257300000002033,396.542412
1735,0.00010659374835447083,3.2871962195752915e-05,1.0,0.003348743068699209,0.21127899999999045,396.753691
1736,0.00010647783041124872,3.2836365665019696e-05,1.0,0.0033316200154365695,0.21603099999998676,396.969722
1737,0.0001063621013097824,3.280120667129092e-05,1.0,0.003216560605307541,0.22854399999999941,397.198266
1738,0.00010624656103548928,3.276613506172545e-05,1.0,0.003205036151954234,0.21918399999998428,397.41745
1739,0.00010613121182275213,3.2731598158384446e-05,1.0,0.003252374311808314,0.2198810000000435,397.637331
1740,0.00010601605558510147,3.2696667670300815e-05,1.0,0.0031910123072778364,0.21640999999999622,397.853741
1741,0.0001059010875931446,3.266162127214532e-05,1.0,0.0033407666233871147,0.21027499999996735,398.064016
1742,0.00010578630684157748,3.262654480581344e-05,1.0,0.003235793330087844,0.23001900000002706,398.294035
1743,0.00010567171486684791,3.259177695928619e-05,1.0,0.003164125631407849,0.22507000000001653,398.519105
1744,0.00010555731059593256,3.255723509403046e-05,1.0,0.0030955091052649692,0.2166499999999587,398.735755
1745,0.00010544309493482595,3.252206138118326e-05,1.0,0.0032708923655914205,0.2275539999999978,398.963309
1746,0.00010532906436222114,3.248731533410439e-05,1.0,0.003303559668523621,0.21793300000001636,399.181242
1747,0.0001052152193039732,3.245258718536787e-05,1.0,0.0033122154295917383,0.21315399999997453,399.394396
1748,0.00010510156059316966,3.241827885659593e-05,1.0,0.0032953075467914727,0.21217200000000958,399.606568
1749,0.00010498808916067252,3.2383644517734855e-05,1.0,0.0033215115580369457,0.21871400000003405,399.825282
1750,0.00010487480053890947,3.234924196387777e-05,1.0,0.003226498208499384,0.21105599999998503,400.036338
1751,0.00010476169701254459,3.2315370150807755e-05,1.0,0.0032647700298414108,0.2119220000000155,400.24826
1752,0.00010464877994049576,3.228131912627889e-05,1.0,0.003356108593907808,0.2228460000000041,400.471106
1753,0.00010453604634582844,3.224697921409556e-05,1.0,0.003242875727706699,0.23604100000000017,400.707147
1754,0.00010442349368935193,3.221267237098519e-05,1.0,0.0032478857611872238,0.2162389999999732,400.923386
1755,0.00010431112706475965,3.217837877349178e-05,1.0,0.003176408336594961,0.21203300000001946,401.135419
1756,0.00010419894472048776,3.214420725719227e-05,1.0,0.003342024829177824,0.21504099999998516,401.35046
1757,0.00010408694527635607,3.210991179336201e-05,1.0,0.00308699455269088,0.2236080000000129,401.574068
1758,0.00010397512832979603,3.207594189531088e-05,1.0,0.00334807795263024,0.21164199999998345,401.78571
1759,0.00010386349037749738,3.204204371563238e-05,1.0,0.0033059142696447745,0.213450000000023,401.99916
1760,0.00010375203508994185,3.20075898172385e-05,1.0,0.003158618240425967,0.2087280000000078,402.207888
1761,0.00010364075835814794,3.1973842674201225e-05,1.0,0.0032297304889334676,0.21985499999999547,402.427743
1762,0.00010352966089129464,3.1939607828048277e-05,1.0,0.003291092046202395,0.21462799999994786,402.64237099999997
1763,0.00010341874137791608,3.190640157409677e-05,1.0,0.0032309235052030033,0.2090090000000373,402.85138
1764,0.00010330800294532457,3.1873073444445944e-05,1.0,0.003245342242848243,0.2302270000000135,403.081607
1765,0.00010319744383782589,3.183888634401197e-05,1.0,0.0032806499009310707,0.2118239999999787,403.293431
1766,0.00010308706240474218,3.1805375716805064e-05,1.0,0.0032038262908631026,0.21489300000001776,403.508324
1767,0.00010297685815745512,3.177195533622353e-05,1.0,0.0032308289769648678,0.2306289999999649,403.738953
1768,0.000102866832933968,3.1738559053922655e-05,1.0,0.0032939520328857494,0.21919500000001335,403.958148
1769,0.0001027569877527503,3.1705211210007e-05,1.0,0.003141101902879434,0.22057300000000168,404.178721
1770,0.0001026473187898373,3.1671674654222586e-05,1.0,0.0031774537562428923,0.21635800000001382,404.395079
1771,0.00010253782679517866,3.163870216214668e-05,1.0,0.0032397683247946175,0.22925199999997403,404.624331
1772,0.00010242851491121099,3.1605611460386454e-05,1.0,0.0031306773589580145,0.21791100000001506,404.842242
1773,0.00010231937957960483,3.157233188710561e-05,1.0,0.0032766686260006337,0.2377480000000105,405.07999
1774,0.00010221042102360922,3.1539276264849536e-05,1.0,0.003279371642793931,0.21128199999998287,405.291272
1775,0.0001021016383584879,3.150637978885415e-05,1.0,0.003216065563074212,0.21857299999999213,405.509845
1776,0.0001019930307493814,3.1473343164227484e-05,1.0,0.0031519604879857474,0.22843299999999545,405.738278
1777,0.00010188459798316555,3.144043827877364e-05,1.0,0.003160068685076809,0.20808400000004212,405.946362
1778,0.00010177634093876584,3.1408001321592665e-05,1.0,0.003191748612209507,0.2662629999999808,406.212625
1779,0.000101668257441716,3.137504324288356e-05,1.0,0.003122999638528396,0.24319500000001426,406.45582
1780,0.00010156034444454332,3.1342387967422754e-05,1.0,0.0032173407604025412,0.20990000000000464,406.66572
1781,0.00010145260407444215,3.1309654681813855e-05,1.0,0.003218534738344316,0.21974499999998898,406.885465
1782,0.0001013450388911445,3.127702787173749e-05,1.0,0.0032362779066874895,0.2147820000000138,407.100247
1783,0.0001012376444172609,3.124480305920743e-05,1.0,0.0031495759745247547,0.2097079999999778,407.309955
1784,0.00010113042280742074,3.121237780642202e-05,1.0,0.003245807709055586,0.2080869999999777,407.518042
1785,0.00010102337616560828,3.117952010724166e-05,1.0,0.003221806750831089,0.21524600000003602,407.733288
1786,0.00010091649828732475,3.1147530315311404e-05,1.0,0.0032340166212586913,0.21523799999999937,407.948526
1787,0.00010080979513252764,3.111464327810762e-05,1.0,0.003119618853336353,0.22163100000000213,408.170157
1788,0.00010070326027176238,3.108240016410856e-05,1.0,0.0030751064895757395,0.21031199999998762,408.380469
1789,0.00010059689731284303,3.1049720795170445e-05,1.0,0.0030845649508021732,0.24238400000001548,408.622853
1790,0.00010049070266983098,3.1017346061919367e-05,1.0,0.003166550163587725,0.20915199999996048,408.832005
1791,0.00010038467794569591,3.0985502246304817e-05,1.0,0.0032940644122422544,0.22370300000000043,409.055708
1792,0.00010027882459348889,3.0953290336927656e-05,1.0,0.003076486234521084,0.22618099999999686,409.281889
1793,0.00010017313842628528,3.0921152227139176e-05,1.0,0.0032372241671293858,0.22151999999999816,409.503409
1794,0.00010006761698792713,3.0889009299361386e-05,1.0,0.0032205342214733216,0.22431600000004437,409.727725
1795,9.996226518739299e-05,3.085734385385747e-05,1.0,0.0030372450774350294,0.20932199999998602,409.937047
1796,9.985708258992301e-05,3.082529795363807e-05,1.0,0.0031803553680077395,0.22118599999998878,410.158233
1797,9.975206453835063e-05,3.0793591839445136e-05,1.0,0.003173005409422831,0.22368799999998146,410.381921
1798,9.964721586964473e-05,3.0761744475243e-05,1.0,0.0032312773535016588,0.29245700000001307,410.674378
1799,9.954253404586647e-05,3.073012343307834e-05,1.0,0.0032575360366460843,0.27380399999998417,410.948182
1800,9.943801852978662e-05,3.069806398525549e-05,1.0,0.0030963247929989167,0.2264870000000201,411.174669
1801,9.933366908739663e-05,3.06661761884037e-05,1.0,0.00311274564697717,0.2207080000000019,411.395377
1802,9.922948495046201e-05,3.0634495804473884e-05,1.0,0.003210526945530167,0.2104959999999778,411.605873
1803,9.912546667024854e-05,3.060299262843376e-05,1.0,0.003183930756838576,0.21068900000000212,411.816562
1804,9.902161479065758e-05,3.057146908657688e-05,1.0,0.003251950552772171,0.22613699999999426,412.04269899999997
1805,9.891792911666729e-05,3.0539833219117854e-05,1.0,0.0032103672871767967,0.222391000000016,412.26509
1806,9.88144057515006e-05,3.050846691134433e-05,1.0,0.003163879214150308,0.217583999999988,412.482674
1807,9.87110443048706e-05,3.0476537182427027e-05,1.0,0.003167076543642728,0.2481999999999971,412.730874
1808,9.860784719762125e-05,3.04448256020438e-05,1.0,0.003293036730008137,0.22135800000000927,412.952232
1809,9.850481286539761e-05,3.0413176772180425e-05,1.0,0.0031893643314876243,0.22493100000002642,413.177163
1810,9.840194051101115e-05,3.0381956537211895e-05,1.0,0.003226667712099963,0.23442999999997483,413.411593
1811,9.829922924976281e-05,3.0350084313910104e-05,1.0,0.003227392620420738,0.2257280000000037,413.637321
1812,9.819667856221895e-05,3.0319262182821937e-05,1.0,0.0032828799028229807,0.21987699999999677,413.857198
1813,9.809428972388209e-05,3.0287837691147683e-05,1.0,0.003079625419052806,0.21904599999999164,414.076244
1814,9.799206338379857e-05,3.0256779487083973e-05,1.0,0.0030596766696487643,0.22319200000004003,414.299436
1815,9.7890000367199e-05,3.0225444655187568e-05,1.0,0.003243593980267383,0.22474899999997433,414.524185
1816,9.778809626948226e-05,3.0194498524946865e-05,1.0,0.0032052529140191937,0.21574800000001915,414.739933
1817,9.768635368708744e-05,3.0163666575190883e-05,1.0,0.0030426491438432057,0.2134590000000003,414.953392
1818,9.758477086971673e-05,3.0132614958139467e-05,1.0,0.003133493663462385,0.2118499999999699,415.165242
1819,9.748334538169455e-05,3.0101644224290554e-05,1.0,0.003156757382148269,0.22582900000003292,415.391071
1820,9.738208069413652e-05,3.0070390471617166e-05,1.0,0.0031223173870712027,0.22330699999997705,415.614378
1821,9.728097361683763e-05,3.0039945631113268e-05,1.0,0.00320656481542263,0.22365400000001046,415.838032
1822,9.718002627306216e-05,3.000913534570962e-05,1.0,0.003172030388198657,0.2242909999999938,416.062323
1823,9.707923620258892e-05,2.9978680708236828e-05,1.0,0.0031807292651216085,0.2178880000000163,416.280211
1824,9.697860624571257e-05,2.9948058272775604e-05,1.0,0.0032402335907836125,0.21440699999999424,416.494618
1825,9.687813261752307e-05,2.9917606596332028e-05,1.0,0.0032499256242840527,0.20859899999999243,416.703217
1826,9.677781528010008e-05,2.988712446648155e-05,1.0,0.0032340452796015013,0.21336000000002286,416.916577
1827,9.667765385812468e-05,2.9856763289535693e-05,1.0,0.0030686496869755616,0.216212999999982,417.13279
1828,9.657764950560705e-05,2.982631201805714e-05,1.0,0.0032346036699573075,0.21990899999997282,417.352699
1829,9.647779900113007e-05,2.979593235177391e-05,1.0,0.0032279177596197576,0.22157400000003236,417.574273
1830,9.63781076309905e-05,2.976541571023745e-05,1.0,0.003134372783549719,0.21708999999998468,417.791363
1831,9.627857261451729e-05,2.9735031612867965e-05,1.0,0.0032527238141340812,0.2135319999999865,418.004895
1832,9.617919153336633e-05,2.970494787299598e-05,1.0,0.003304398894725228,0.2231050000000323,418.228
1833,9.607996561938523e-05,2.967443652153703e-05,1.0,0.003159089358913277,0.22882599999996955,418.456826
1834,9.598089503652157e-05,2.9643778276029114e-05,1.0,0.003105027107414207,0.21695600000003878,418.673782
1835,9.588197857080235e-05,2.9613717386377454e-05,1.0,0.0031567216421288444,0.21536199999997052,418.889144
1836,9.578321763364362e-05,2.9583621186e-05,1.0,0.003168739953773651,0.21155500000003258,419.100699
1837,9.568461111013645e-05,2.9553765945287223e-05,1.0,0.0030673923730328533,0.2124459999999999,419.313145
1838,9.55861582326598e-05,2.952401921801488e-05,1.0,0.0030989460513079457,0.2163009999999872,419.529446
1839,9.548786020062915e-05,2.949404297009389e-05,1.0,0.0031675950269201654,0.20585299999999052,419.735299
1840,9.538971385358122e-05,2.946399394667362e-05,1.0,0.0031055417444645845,0.2117279999999937,419.947027
1841,9.529172157301046e-05,2.9434303862161974e-05,1.0,0.0030003315173096753,0.21584400000000414,420.162871
1842,9.519388319577798e-05,2.940427683635702e-05,1.0,0.003179612445634484,0.21530500000000075,420.378176
1843,9.509619388539217e-05,2.937454126904687e-05,1.0,0.003152828956370386,0.22147599999999557,420.599652
1844,9.499865448977382e-05,2.9344749119432372e-05,1.0,0.003023902390148486,0.23119600000001128,420.830848
1845,9.490126801377414e-05,2.9315004647451043e-05,1.0,0.003045304106020502,0.21698700000001736,421.047835
1846,9.480403209138486e-05,2.9285301314987547e-05,1.0,0.003184385332022716,0.2211590000000001,421.268994
1847,9.470694651628694e-05,2.9255350765624513e-05,1.0,0.003030378435181449,0.21320799999995188,421.482202
1848,9.46100100237417e-05,2.922551248173607e-05,1.0,0.003018036032395143,0.21889700000002676,421.701099
1849,9.451322464901102e-05,2.9195795327517323e-05,1.0,0.0030791529110518957,0.20933999999999742,421.910439
1850,9.441658856265824e-05,2.9166112170697706e-05,1.0,0.0029951327387993,0.22670099999999138,422.13714
1851,9.4320103838437e-05,2.91368550675211e-05,1.0,0.0030012112522594804,0.21614800000003243,422.353288
1852,9.422376505574537e-05,2.91073082014239e-05,1.0,0.0031664648932978835,0.22893099999998867,422.582219
1853,9.412757422185128e-05,2.9078255340830214e-05,1.0,0.003166099127221889,0.21885900000000902,422.801078
1854,9.403153180913507e-05,2.9048942156420687e-05,1.0,0.003157867923075271,0.2221129999999789,423.023191
1855,9.393563793955169e-05,2.9020094724372114e-05,1.0,0.0030848370192272548,0.21854300000001103,423.241734
1856,9.383989017799659e-05,2.8990960607704243e-05,1.0,0.0030957916476387825,0.21397400000000744,423.455708
1857,9.374428966096691e-05,2.8961816302128607e-05,1.0,0.0030746359452368116,0.22683499999999412,423.682543
1858,9.364883833347443e-05,2.8933096870826958e-05,1.0,0.003186719642463747,0.20880399999998644,423.891347
1859,9.355353411657035e-05,2.8904323445030623e-05,1.0,0.0031335251166663388,0.21042799999997897,424.101775
1860,9.345837733734916e-05,2.887514209918703e-05,1.0,0.00308015899929213,0.2193510000000174,424.321126
1861,9.336336898216129e-05,2.8846462539776243e-05,1.0,0.00315233411041642,0.2183830000000171,424.539509
1862,9.326850601762835e-05,2.8817129806231602e-05,1.0,0.003028577827114143,0.21432699999996885,424.753836
1863,9.317378884013077e-05,2.8788033046841383e-05,1.0,0.0031185970810725127,0.21805100000000266,424.971887
1864,9.307921357128839e-05,2.8759399908623205e-05,1.0,0.003099427851863094,0.2205280000000016,425.192415
1865,9.298478393699968e-05,2.8730840286846304e-05,1.0,0.0030568088992774084,0.21823100000000295,425.410646
1866,9.289049913820508e-05,2.8701994787347137e-05,1.0,0.003077949561368062,0.2188040000000342,425.62945
1867,9.279635767378341e-05,2.8673270020884722e-05,1.0,0.0030129692758551793,0.22735399999999117,425.856804
1868,9.270236010829433e-05,2.8644624405086195e-05,1.0,0.0031147646835137798,0.22152999999997292,426.078334
1869,9.260850708776916e-05,2.8615990984493524e-05,1.0,0.00307406146534744,0.22542600000002722,426.30376
1870,9.251479877586413e-05,2.858770114877278e-05,1.0,0.0030812099988069067,0.21093400000000884,426.514694
1871,9.24212362932578e-05,2.855904122071746e-05,1.0,0.0031166632226121527,0.21021600000000262,426.72491
1872,9.232781540669133e-05,2.853066591134455e-05,1.0,0.00309539472287247,0.2219479999999976,426.946858
1873,9.223453640558553e-05,2.8501966072529577e-05,1.0,0.003034905221597977,0.2122889999999984,427.159147
1874,9.214139780624381e-05,2.847331787907545e-05,1.0,0.0031164712765576006,0.20820799999995643,427.367355
1875,9.204840279685441e-05,2.8444869907374288e-05,1.0,0.0029552682173753977,0.2124430000000075,427.579798
1876,9.195555177902644e-05,2.841645947570761e-05,1.0,0.0030562370815825817,0.2290020000000368,427.8088
1877,9.18628407421437e-05,2.8388269978533155e-05,1.0,0.0031181794060819905,0.2241889999999671,428.032989
1878,9.177027268540226e-05,2.8360297357724418e-05,1.0,0.003115906136151568,0.2280319999999847,428.26102099999997
1879,9.167784444765137e-05,2.8331886903914585e-05,1.0,0.0031506459011302556,0.21154900000004773,428.47257
1880,9.15855572504488e-05,2.830342758353601e-05,1.0,0.0029944485152242697,0.21526399999999057,428.687834
1881,9.149341071728985e-05,2.8275417863548426e-05,1.0,0.0029872222509165925,0.21105599999998503,428.89889
1882,9.14014052913177e-05,2.8247469406846427e-05,1.0,0.003032456909420505,0.2134889999999814,429.112379
1883,9.130953997752223e-05,2.8219703373563836e-05,1.0,0.003022236916688167,0.21523999999999432,429.32761899999997
1884,9.121781593419517e-05,2.8191948938842626e-05,1.0,0.0030118765924966977,0.22741700000000264,429.555036
1885,9.112623165275691e-05,2.816394793345519e-05,1.0,0.003030566737989662,0.21474299999999857,429.76977899999997
1886,9.103478432379238e-05,2.813582868399035e-05,1.0,0.002962204937305796,0.21923900000001595,429.989018
1887,9.094347772264436e-05,2.810808082540257e-05,1.0,0.0029862109019236503,0.21260200000000395,430.20162
1888,9.085230621567177e-05,2.8080329346435875e-05,1.0,0.0030007417062642735,0.21510599999999158,430.416726
1889,9.076127388993904e-05,2.805250525179741e-05,1.0,0.0029912871411550295,0.21767700000003742,430.634403
1890,9.06703801365088e-05,2.8024534911128434e-05,1.0,0.003060373204270067,0.22829799999999523,430.862701
1891,9.057962481119738e-05,2.799665755802535e-05,1.0,0.003071234257128154,0.21481699999998227,431.077518
1892,9.04890054939445e-05,2.796915539564983e-05,1.0,0.0030875239102993086,0.2190650000000005,431.296583
1893,9.039852127602819e-05,2.7941729870931016e-05,1.0,0.002943344589452178,0.22203000000001794,431.518613
1894,9.03081764973771e-05,2.7914082226306863e-05,1.0,0.0029328803468447002,0.21934199999998327,431.737955
1895,9.021796887131303e-05,2.788658351029508e-05,1.0,0.0030158379451186855,0.21812899999997626,431.956084
1896,9.012789696284135e-05,2.7858995002693048e-05,1.0,0.003045818750000374,0.2118730000000255,432.167957
1897,9.003796049978682e-05,2.7831454814554123e-05,1.0,0.0029734169576870967,0.2108819999999696,432.37883899999997
1898,8.994815979919842e-05,2.7804527482781744e-05,1.0,0.002898775117804529,0.218257000000051,432.597096
1899,8.985849674039134e-05,2.777729751899429e-05,1.0,0.0031136905394117025,0.22514699999999266,432.822243
1900,8.97689665715558e-05,2.775010527066663e-05,1.0,0.002918660167131267,0.21377699999999322,433.03602
1901,8.967957218118136e-05,2.7722995590510125e-05,1.0,0.003150532281850739,0.21805999999997994,433.25408
1902,8.959031185045223e-05,2.7695902453608955e-05,1.0,0.0029386368800535124,0.21561700000000883,433.469697
1903,8.950118540548359e-05,2.7669049137356587e-05,1.0,0.0031071606535942238,0.21643100000000004,433.686128
1904,8.941219349411375e-05,2.7641552660438774e-05,1.0,0.0030054183359508606,0.2100189999999884,433.896147
1905,8.932333386858257e-05,2.761467714553821e-05,1.0,0.0030536227848608267,0.2125599999999963,434.108707
1906,8.923460690597776e-05,2.7587656995338635e-05,1.0,0.00304320740134255,0.2174630000000093,434.32617
1907,8.914601564141308e-05,2.7560261042129573e-05,1.0,0.0030630579667887963,0.22412600000001248,434.550296
1908,8.905755832931881e-05,2.7533258024263738e-05,1.0,0.003065100323961268,0.21080999999998085,434.761106
1909,8.896923200414408e-05,2.7506514482337552e-05,1.0,0.003060204814462545,0.21476499999999987,434.975871
1910,8.888103864607601e-05,2.747972990207143e-05,1.0,0.0030810349677120948,0.22026399999998603,435.19613499999997
1911,8.879297644758377e-05,2.74527446364713e-05,1.0,0.0030287154489792075,0.22851700000001074,435.424652
1912,8.870504374534063e-05,2.742584158234845e-05,1.0,0.00293785960928032,0.2281370000000038,435.652789
1913,8.861724409263657e-05,2.73991469670747e-05,1.0,0.0029894713981533354,0.22366099999999278,435.87645
1914,8.852957658229652e-05,2.7372642686559263e-05,1.0,0.003033919203715147,0.21758700000003728,436.094037
1915,8.84420417422167e-05,2.7346087860968635e-05,1.0,0.0029058065566114734,0.2330299999999852,436.327067
1916,8.835463571474891e-05,2.7319484368036237e-05,1.0,0.002949636317014775,0.21017100000000255,436.537238
1917,8.82673607383451e-05,2.7292873374622846e-05,1.0,0.0030306629793316626,0.21758999999997286,436.754828
1918,8.818021614149449e-05,2.7266298221753874e-05,1.0,0.002978924310170358,0.2091490000000249,436.963977
1919,8.809320089228539e-05,2.7239705708014596e-05,1.0,0.0029915574040069843,0.21647799999999506,437.180455
1920,8.800631720854608e-05,2.721279406204053e-05,1.0,0.003102938907777998,0.2180829999999787,437.398538
1921,8.79195618604447e-05,2.7186377409257702e-05,1.0,0.0029832187588047115,0.21543600000001106,437.613974
1922,8.783293594668712e-05,2.715981509647782e-05,1.0,0.0030747182020042924,0.21317600000003267,437.82715
1923,8.774643716876279e-05,2.7133529577380947e-05,1.0,0.002955084662665849,0.228621999999973,438.055772
1924,8.766006622759464e-05,2.7107149834116292e-05,1.0,0.002914811480199944,0.2170889999999872,438.272861
1925,8.757382470785566e-05,2.708071673134206e-05,1.0,0.0030527591282497914,0.21865200000002005,438.491513
1926,8.748771079129991e-05,2.705435809133341e-05,1.0,0.002963057558051924,0.20899300000002086,438.700506
1927,8.740172603103935e-05,2.7028332442181815e-05,1.0,0.0028659768849467336,0.2225729999999544,438.923079
1928,8.731587124296086e-05,2.7002139254355903e-05,1.0,0.002987946755067555,0.2096300000000042,439.132709
1929,8.723014294131475e-05,2.6975703401647e-05,1.0,0.0031393898078237786,0.21202800000003208,439.344737
1930,8.714454049379508e-05,2.6949551236838093e-05,1.0,0.00301814895353303,0.21615299999996296,439.56089
1931,8.705906393973465e-05,2.692372188431831e-05,1.0,0.002989166325470759,0.2089690000000246,439.769859
1932,8.697371528504331e-05,2.689741027558457e-05,1.0,0.0030681762865274326,0.21158200000002125,439.981441
1933,8.688849219245601e-05,2.6871794257324075e-05,1.0,0.0029705079822774875,0.22093100000000732,440.202372
1934,8.680339460046624e-05,2.684584327055895e-05,1.0,0.003112640998570181,0.22301299999998037,440.425385
1935,8.671842289868488e-05,2.6820139582059094e-05,1.0,0.002961935798501636,0.25235399999996844,440.677739
1936,8.66335781377075e-05,2.6794114850841722e-05,1.0,0.00297652795678063,0.22582800000003544,440.903567
1937,8.654885932731754e-05,2.6768356481914268e-05,1.0,0.0029508056048781536,0.23130099999997356,441.134868
1938,8.646426574904554e-05,2.674250016167226e-05,1.0,0.0029571650995567586,0.2112430000000245,441.346111
1939,8.637979381638957e-05,2.671702349961132e-05,1.0,0.0029724903312296496,0.22957700000000614,441.575688
1940,8.629544887782799e-05,2.6691158324558358e-05,1.0,0.0029085672769402415,0.22512399999999388,441.800812
1941,8.621122813679164e-05,2.6665349320892036e-05,1.0,0.0028510930500427346,0.20902200000000448,442.009834
1942,8.612713060343171e-05,2.6639816958329006e-05,1.0,0.0029204561706515026,0.21850999999998066,442.228344
1943,8.604315936238808e-05,2.6614151085431895e-05,1.0,0.0029112354760180196,0.21541799999999967,442.443762
1944,8.595931216402242e-05,2.6588560109958655e-05,1.0,0.0028853706831378344,0.21476699999999482,442.658529
1945,8.587558824598431e-05,2.656313332009535e-05,1.0,0.0028780153479195415,0.2232089999999971,442.881738
1946,8.579198914235168e-05,2.653750253143858e-05,1.0,0.002892824060471299,0.21485500000000002,443.096593
1947,8.570851234484244e-05,2.6512256677978608e-05,1.0,0.002833828567723152,0.2200210000000311,443.316614
1948,8.562515882687585e-05,2.648675558326504e-05,1.0,0.0028125564920179927,0.22315900000000966,443.539773
1949,8.554192647505423e-05,2.6461335417761253e-05,1.0,0.002922603728399862,0.2099499999999921,443.749723
1950,8.54588157642157e-05,2.6436165980799457e-05,1.0,0.002852652670804595,0.2281189999999924,443.977842
1951,8.537582712105733e-05,2.6410571908819533e-05,1.0,0.002957666977798161,0.219366999999977,444.197209
1952,8.529296074264193e-05,2.6385292561069282e-05,1.0,0.00288585467688731,0.21380099999998947,444.41101
1953,8.521021411001802e-05,2.636015766976481e-05,1.0,0.0028115713386478772,0.22515800000002173,444.636168
1954,8.512758736261695e-05,2.633509298054237e-05,1.0,0.002922328639280838,0.21670100000000048,444.852869
1955,8.504508300646736e-05,2.6309946944044416e-05,1.0,0.0030251264539070577,0.21078799999997955,445.063657
1956,8.49626999427088e-05,2.6284767348343017e-05,1.0,0.0029032401771074993,0.21861599999999726,445.282273
1957,8.4880438286067e-05,2.6259421568533575e-05,1.0,0.0029013212857791136,0.2125560000000064,445.494829
1958,8.479829528421185e-05,2.6234168639653423e-05,1.0,0.002872953434889267,0.23288500000001022,445.727714
1959,8.471627400399309e-05,2.6208990716528408e-05,1.0,0.002907025098427191,0.20895300000000816,445.936667
1960,8.463437375663877e-05,2.618392088516748e-05,1.0,0.0028501450238941715,0.211262999999974,446.14793
1961,8.455259286001743e-05,2.615878980078359e-05,1.0,0.002915508788031899,0.210392000000013,446.358322
1962,8.447093047565162e-05,2.613384813268911e-05,1.0,0.003015066392549244,0.222295000000031,446.580617
1963,8.438938639175372e-05,2.6108995370163505e-05,1.0,0.002897068228932898,0.23421399999995174,446.81483099999997
1964,8.430796187274221e-05,2.608390409077538e-05,1.0,0.002958828189243906,0.23023800000004258,447.045069
1965,8.422665530777148e-05,2.6058989452852876e-05,1.0,0.002925071353643385,0.21437399999996387,447.259443
1966,8.414546887743106e-05,2.603390883812851e-05,1.0,0.0029371120906591256,0.2092980000000466,447.468741
1967,8.406439935689498e-05,2.6009156891748407e-05,1.0,0.0029317499767961106,0.21713199999999233,447.685873
1968,8.398344694142437e-05,2.5984272136001763e-05,1.0,0.002886116378385705,0.21515099999999165,447.901024
1969,8.390261313772681e-05,2.5959264428761487e-05,1.0,0.0028538803483068908,0.21951799999999366,448.120542
1970,8.38218975010071e-05,2.5934581972677436e-05,1.0,0.0028406297475067547,0.2306120000000078,448.351154
1971,8.374129723971069e-05,2.5909917557163603e-05,1.0,0.0028978062524264736,0.2088200000000029,448.559974
1972,8.366081412936437e-05,2.5885278565827723e-05,1.0,0.002743017323846463,0.21848899999997684,448.778463
1973,8.358044668263304e-05,2.5860457063578486e-05,1.0,0.002885453740308249,0.2124130000000264,448.990876
1974,8.350019610722207e-05,2.5835978071076843e-05,1.0,0.002841370109358465,0.21006199999999353,449.200938
1975,8.342006207130193e-05,2.5811801283652677e-05,1.0,0.002832126807749976,0.21511499999996886,449.416053
1976,8.334004598676458e-05,2.5787421889137922e-05,1.0,0.002901415008760422,0.2103270000000066,449.62638
1977,8.326014542171646e-05,2.5763249679369638e-05,1.0,0.0028896669217193492,0.22043100000001914,449.846811
1978,8.318036148155643e-05,2.5738582105961052e-05,1.0,0.002916584588086169,0.21735000000001037,450.064161
1979,8.31006915078158e-05,2.5714744134432843e-05,1.0,0.0028970002092656754,0.21263399999998,450.276795
1980,8.302113822006371e-05,2.5690176490195396e-05,1.0,0.002875977019875148,0.222075000000018,450.49887
1981,8.29417002936982e-05,2.5665616593355054e-05,1.0,0.002888891458709294,0.2154899999999884,450.71436
1982,8.286237786072106e-05,2.564150587009277e-05,1.0,0.0028387401949154147,0.21497099999999136,450.929331
1983,8.278316920796277e-05,2.5617652360600007e-05,1.0,0.002976386430737177,0.2250490000000127,451.15438
1984,8.270407584619127e-05,2.5593465752746483e-05,1.0,0.002786413756751075,0.21790099999998347,451.372281
1985,8.262509459919597e-05,2.556965220969606e-05,1.0,0.0028829366914437794,0.21407199999998738,451.586353
1986,8.254622924627813e-05,2.5545673061679416e-05,1.0,0.0028801635723145155,0.22313700000000836,451.80949
1987,8.246747822035169e-05,2.552167759292842e-05,1.0,0.0028675864299841933,0.21423700000002555,452.023727
1988,8.238883989104579e-05,2.54979381281937e-05,1.0,0.0029092761003271716,0.2176759999999831,452.241403
1989,8.231031663126886e-05,2.5474160889952335e-05,1.0,0.0028151347946374443,0.22851700000001074,452.46992
1990,8.223190621268008e-05,2.5450155748635856e-05,1.0,0.0027612378590003016,0.21275600000001305,452.682676
1991,8.215360857791956e-05,2.5426138566771484e-05,1.0,0.002879460095979623,0.22298000000000684,452.905656
1992,8.207542398090689e-05,2.540217570165706e-05,1.0,0.0027300700270678144,0.21361699999999928,453.119273
1993,8.199735092084137e-05,2.5378467971231122e-05,1.0,0.0028460271404992577,0.21982399999996005,453.339097
1994,8.191939064939985e-05,2.535480365795625e-05,1.0,0.0029265014129875476,0.22351500000002034,453.562612
1995,8.184154172794118e-05,2.5330977436831936e-05,1.0,0.002902721037918383,0.2205289999999991,453.783141
1996,8.176380468029528e-05,2.5307619820570896e-05,1.0,0.0028671242880664058,0.22445199999998522,454.007593
1997,8.168617985503087e-05,2.5284017903716487e-05,1.0,0.0029157764136906014,0.21967200000000275,454.227265
1998,8.160866543601844e-05,2.5260662813386183e-05,1.0,0.0028952095046021545,0.21204199999999673,454.439307
1999,8.153126363214785e-05,2.5236943162094388e-05,1.0,0.0028174931702886325,0.2150609999999915,454.654368
