k,f,grad_norm,t_k,cpu_time,cpu_time_sum
0,0.0,32.048512665192554,1.0,0.004948000000000008,0.004948000000000008
1,-0.11522175296045947,31.975178245599718,1.0,0.0030030000000000334,0.007951000000000041
2,-0.2783720152390419,31.911079924016263,1.0,0.0023199999999999887,0.01027100000000003
3,-0.3815652209280026,31.83244676980648,1.0,0.0023380000000000067,0.012609000000000037
4,-0.46294879490649044,31.716208658999225,1.0,0.002236999999999989,0.014846000000000026
5,-0.5642409894410063,31.54836998439028,1.0,0.0023360000000000047,0.01718200000000003
6,-0.6347139299707453,31.446634968387325,1.0,0.002251000000000003,0.019433000000000034
7,-0.6593466253109974,31.433098473848908,1.0,0.0023799999999999932,0.021813000000000027
8,-0.7461456193188793,31.316459797529095,1.0,0.002717999999999998,0.024531000000000025
9,-0.8200757421967093,31.22676422781848,1.0,0.0023599999999999732,0.026890999999999998
10,-0.9903678386403154,30.928512680081592,1.0,0.0025209999999999955,0.029411999999999994
11,-1.0521369857530884,30.929023723439137,1.0,0.002629000000000048,0.03204100000000004
12,-1.2836506981711304,30.746861105172453,1.0,0.0025290000000000035,0.034570000000000045
13,-1.3663242214262983,30.72848455428311,1.0,0.0027169999999999694,0.037287000000000015
14,-1.4053506929626614,30.688015831855605,1.0,0.0032179999999999986,0.04050500000000001
15,-1.4549265122684591,30.60757789565225,1.0,0.002970000000000028,0.04347500000000004
16,-1.5415518674927717,30.544638606296683,1.0,0.0023519999999999652,0.04582700000000001
17,-1.6419393868390428,30.40663305246801,1.0,0.0023600000000000287,0.048187000000000035
18,-1.7909201569415136,30.200336061295232,1.0,0.0023619999999999752,0.05054900000000001
19,-1.814175420373282,30.203660930772774,1.0,0.002342999999999984,0.052891999999999995
20,-1.9692819213230084,29.964271306956775,1.0,0.0023299999999999987,0.05522199999999999
21,-2.011534380340346,29.973072387891204,1.0,0.002837000000000034,0.05805900000000003
22,-2.082093777282141,29.92477112431547,1.0,0.002346999999999988,0.060406000000000015
23,-2.1591306622100666,29.808354661216473,1.0,0.002350999999999992,0.06275700000000001
24,-2.2682936906323476,29.78487423691106,1.0,0.0023179999999999867,0.065075
25,-2.363219035369144,29.662153508410423,1.0,0.0022820000000000062,0.067357
26,-2.48591578963088,29.4795614876504,1.0,0.0023200000000000442,0.06967700000000004
27,-2.549454426919811,29.447046089129326,1.0,0.002344999999999986,0.07202200000000003
28,-2.64823950835122,29.33055677443794,1.0,0.0023539999999999672,0.074376
29,-2.7562959983323467,29.152427473161772,1.0,0.0023240000000000482,0.07670000000000005
30,-2.8535376649873703,29.04694677142269,1.0,0.0022999999999999687,0.07900000000000001
31,-2.9360846355290553,29.041197976803247,1.0,0.0022909999999999875,0.081291
32,-2.99748608777186,28.9213654111617,1.0,0.0023120000000000362,0.08360300000000004
33,-3.0717761958815446,28.796434399002614,1.0,0.002332999999999974,0.08593600000000001
34,-3.1264764603724067,28.67043921173247,1.0,0.0024120000000000252,0.08834800000000004
35,-3.1579427534195403,28.682648883442468,1.0,0.0023259999999999947,0.09067400000000003
36,-3.20139413976199,28.597820738349718,1.0,0.0022559999999999802,0.09293000000000001
37,-3.318036708606304,28.51848373034256,1.0,0.0023570000000000535,0.09528700000000007
38,-3.4113814469515917,28.405383252985523,1.0,0.0023439999999999017,0.09763099999999997
39,-3.458834705241353,28.366611708549385,1.0,0.0023620000000000863,0.09999300000000005
40,-3.563732236387163,28.195245654700383,1.0,0.0023929999999999785,0.10238600000000003
41,-3.645066034248451,28.107995579438818,1.0,0.0023649999999999505,0.10475099999999998
42,-3.6983231763309092,28.078864617386795,1.0,0.0023610000000000575,0.10711200000000004
43,-3.7777358244540693,27.946472960789624,1.0,0.0023370000000000335,0.10944900000000007
44,-3.8290163189076667,27.807244558165564,1.0,0.002334999999999976,0.11178400000000005
45,-3.882162541407037,27.709034059389786,1.0,0.0023290000000000255,0.11411300000000008
46,-3.9466779769574982,27.673988745080855,1.0,0.0023019999999999152,0.11641499999999999
47,-4.001357452424481,27.52656790995315,1.0,0.0023140000000000382,0.11872900000000003
48,-4.071414880088412,27.523403444700534,1.0,0.0023370000000000335,0.12106600000000006
49,-4.1468098478915385,27.385794257196,1.0,0.002354999999999996,0.12342100000000006
50,-4.225108975003444,27.285953330210564,1.0,0.0023719999999999297,0.125793
51,-4.29808644705455,27.244839243253264,1.0,0.0023560000000000247,0.128149
52,-4.349109488743961,27.19657595839474,1.0,0.0023180000000000422,0.13046700000000006
53,-4.464072514872999,27.13271442426643,1.0,0.00231899999999996,0.13278600000000002
54,-4.531801960828233,27.051627910545935,1.0,0.0023360000000000047,0.13512200000000002
55,-4.548440305668915,27.072083625054976,1.0,0.0023290000000000255,0.13745100000000005
56,-4.60601394539216,27.01048560423032,1.0,0.0023320000000000007,0.13978300000000005
57,-4.6589065747508815,26.954753179689398,1.0,0.0023440000000000127,0.14212700000000006
58,-4.707758364571184,26.89565447637853,1.0,0.0023209999999999065,0.14444799999999997
59,-4.805773849605597,26.781116717553235,1.0,0.0023140000000000382,0.146762
60,-4.865949944160893,26.69910385047152,1.0,0.002354999999999996,0.149117
61,-4.897919904410128,26.69345994915334,1.0,0.0026200000000000667,0.15173700000000007
62,-4.9469357261556866,26.700915453227402,1.0,0.002734999999999932,0.154472
63,-5.016919888299816,26.65021197361553,1.0,0.002703000000000011,0.157175
64,-5.072172600163462,26.641561328536252,1.0,0.003465999999999969,0.16064099999999998
65,-5.101927090354179,26.643628458224068,1.0,0.0028600000000000847,0.16350100000000006
66,-5.179992153032124,26.58533013296803,1.0,0.0025919999999999277,0.166093
67,-5.246792132552457,26.51024833452501,1.0,0.002705999999999986,0.16879899999999998
68,-5.32928706234893,26.37704068123847,1.0,0.0025970000000000715,0.17139600000000005
69,-5.375145803378001,26.324261348119386,1.0,0.003222999999999976,0.17461900000000002
70,-5.410745785351072,26.245922137629954,1.0,0.0024969999999999715,0.177116
71,-5.547712409104459,26.096861577970586,1.0,0.002626000000000017,0.179742
72,-5.630496485652612,25.897012726945086,1.0,0.0025300000000000322,0.18227200000000005
73,-5.700991638789925,25.743215530703466,1.0,0.0025879999999999237,0.18485999999999997
74,-5.770431418709398,25.661877564400193,1.0,0.0030560000000000587,0.18791600000000003
75,-5.840528859040996,25.587683741390524,1.0,0.0026969999999999494,0.19061299999999998
76,-5.915468319720424,25.504255978860918,1.0,0.0025370000000000115,0.19315
77,-5.945106109290347,25.50547229544759,1.0,0.002670999999999979,0.19582099999999997
78,-5.988311615740977,25.39063757539101,1.0,0.0025960000000000427,0.198417
79,-6.086637032682234,25.154065671729075,1.0,0.003249999999999975,0.20166699999999999
80,-6.175601723537195,25.018168368550256,1.0,0.0024970000000000825,0.20416400000000007
81,-6.268904659263129,24.920712253706473,1.0,0.002302999999999944,0.206467
82,-6.347769719214899,24.828934962984555,1.0,0.0022220000000000573,0.20868900000000007
83,-6.387835273802093,24.74931703137693,1.0,0.002326999999999968,0.21101600000000004
84,-6.433046675265533,24.718294242909746,1.0,0.002742000000000022,0.21375800000000006
85,-6.499803437105058,24.632952381659763,1.0,0.002346999999999988,0.21610500000000005
86,-6.595692795439847,24.477786917025217,1.0,0.0021849999999999925,0.21829000000000004
87,-6.738843546953046,24.393595361022562,1.0,0.00233899999999998,0.22062900000000002
88,-6.761090427645747,24.37895910445823,1.0,0.0022170000000000245,0.22284600000000004
89,-6.830800672453252,24.188382228794698,1.0,0.002815000000000012,0.22566100000000006
90,-6.939366544656028,23.928062801336132,1.0,0.0022179999999999422,0.227879
91,-6.983562203036339,23.837376019757,1.0,0.0023250000000000215,0.23020400000000002
92,-7.027732965759544,23.82148551725943,1.0,0.0022459999999999702,0.23245
93,-7.071865263796684,23.764161228669376,1.0,0.0023100000000000342,0.23476000000000002
94,-7.116387510974426,23.737645780534457,1.0,0.0027160000000000517,0.23747600000000008
95,-7.176065249809882,23.68372889918012,1.0,0.0023059999999999192,0.239782
96,-7.228271470285995,23.57396346796752,1.0,0.0022250000000000325,0.24200700000000003
97,-7.278063139057729,23.513048562546565,1.0,0.0022809999999999775,0.244288
98,-7.319881958901244,23.441774826070265,1.0,0.0022330000000000405,0.24652100000000005
99,-7.346106256231321,23.410453375233047,1.0,0.003209999999999935,0.24973099999999998
100,-7.397589974915993,23.404895125759328,1.0,0.002299000000000051,0.25203000000000003
101,-7.448500938090817,23.297106521621266,1.0,0.0023849999999999705,0.254415
102,-7.49709877121719,23.20824894302228,1.0,0.0023199999999999887,0.256735
103,-7.562946597419202,23.116265598664125,1.0,0.0023720000000000407,0.25910700000000003
104,-7.628671686856951,22.953046493482905,1.0,0.002774999999999972,0.261882
105,-7.654384117599532,22.963172796538043,1.0,0.002346999999999988,0.264229
106,-7.714780241835031,22.879895160724566,1.0,0.002263000000000015,0.266492
107,-7.750594061988718,22.823879832337482,1.0,0.002342999999999984,0.268835
108,-7.8060194367914715,22.77994823729752,1.0,0.0023170000000000135,0.271152
109,-7.864601881313991,22.64364159419084,1.0,0.002866000000000035,0.27401800000000004
110,-7.930995771872922,22.557920391413774,1.0,0.002226999999999979,0.276245
111,-8.005855635135976,22.493876861049646,1.0,0.002303000000000055,0.2785480000000001
112,-8.07794055543252,22.34575330520587,1.0,0.0021919999999999717,0.28074000000000005
113,-8.131225412835475,22.205982640511557,1.0,0.0022619999999999862,0.28300200000000003
114,-8.207254866524154,22.07827564849424,1.0,0.002650999999999959,0.285653
115,-8.264194745703858,21.99690704550993,1.0,0.00265100000000007,0.28830400000000006
116,-8.290986057959143,21.96575112729594,1.0,0.002789999999999959,0.291094
117,-8.347993548145563,21.842619393186723,1.0,0.0030679999999999596,0.294162
118,-8.375056801684693,21.81711317854853,1.0,0.002654000000000045,0.296816
119,-8.407439424647066,21.748965544642086,1.0,0.0032240000000000046,0.30004000000000003
120,-8.439407737584006,21.65116008754401,1.0,0.0026450000000000085,0.30268500000000004
121,-8.514073257604759,21.62632475120869,1.0,0.002630999999999939,0.305316
122,-8.562001506912562,21.593124428742104,1.0,0.0022100000000000453,0.307526
123,-8.587987087235042,21.54328927940678,1.0,0.0022999999999999687,0.309826
124,-8.647337241907197,21.501821946589544,1.0,0.002701999999999982,0.312528
125,-8.686659153975537,21.440131374004768,1.0,0.0023080000000000878,0.31483600000000006
126,-8.712030430190438,21.41837801115804,1.0,0.002178999999999931,0.317015
127,-8.72386281786397,21.409745993315717,1.0,0.0023330000000000295,0.319348
128,-8.739767706603043,21.408642979657895,1.0,0.002251000000000003,0.321599
129,-8.808124347078671,21.333661426766618,1.0,0.0028080000000000327,0.32440700000000006
130,-8.842534850041165,21.256075967712338,1.0,0.0024290000000000145,0.32683600000000007
131,-8.901371484349657,21.150938588692355,1.0,0.0023409999999999265,0.329177
132,-8.984352063934328,21.124558479404563,1.0,0.0022130000000000205,0.33139
133,-9.017955178861357,21.04210058515187,1.0,0.002334999999999976,0.333725
134,-9.061539238930497,21.000039345507282,1.0,0.0021970000000000045,0.335922
135,-9.086278946593154,20.933614817145447,1.0,0.0022849999999999815,0.338207
136,-9.116792163868505,20.883592849411002,1.0,0.0021820000000000173,0.340389
137,-9.163946622165177,20.827631045006385,1.0,0.002251000000000003,0.34264
138,-9.210883286519909,20.74777887050724,1.0,0.0022170000000000245,0.344857
139,-9.263322082631172,20.78759580581676,1.0,0.0023419999999999552,0.347199
140,-9.333323025602324,20.651568684004175,1.0,0.0022300000000000653,0.34942900000000005
141,-9.352173995303064,20.587486446041304,1.0,0.0023219999999999352,0.351751
142,-9.374510933815161,20.553319105040703,1.0,0.0022690000000000765,0.35402000000000006
143,-9.42489643315887,20.528368537848266,1.0,0.0023379999999999512,0.356358
144,-9.445463845368113,20.513835260009987,1.0,0.0022079999999999878,0.358566
145,-9.490462905307044,20.41604631385682,1.0,0.0022699999999999942,0.360836
146,-9.532969145756176,20.385501596371622,1.0,0.0022050000000000125,0.363041
147,-9.602283684846768,20.41323990483659,1.0,0.0022640000000000438,0.36530500000000005
148,-9.649121323514564,20.37831882705335,1.0,0.0022480000000000278,0.3675530000000001
149,-9.675266262366996,20.36978255819235,1.0,0.0023079999999999767,0.36986100000000005
150,-9.697700980616622,20.3122712332613,1.0,0.0022329999999999295,0.372094
151,-9.727916128871453,20.224197214398334,1.0,0.0022860000000000102,0.37438
152,-9.763185821035254,20.211900334772107,1.0,0.0022220000000000573,0.37660200000000005
153,-9.821152920722184,20.140981238856128,1.0,0.002255000000000007,0.37885700000000005
154,-9.839426652826747,20.05947623584375,1.0,0.0021649999999999725,0.381022
155,-9.915469732160265,19.944803884468136,1.0,0.0022940000000000182,0.38331600000000005
156,-9.98018320628659,19.803732448444986,1.0,0.0024849999999999595,0.385801
157,-9.994957844241227,19.819039678562838,1.0,0.002315000000000067,0.38811600000000007
158,-10.0162698784719,19.804698762414027,1.0,0.0021849999999999925,0.39030100000000006
159,-10.039814847460747,19.76358191319796,1.0,0.0022929999999999895,0.39259400000000005
160,-10.090167415616909,19.689269912483564,1.0,0.0021729999999999805,0.39476700000000003
161,-10.12585013282396,19.66888798232523,1.0,0.002290999999999932,0.39705799999999997
162,-10.178818207616457,19.532884100477318,1.0,0.0021890000000001075,0.3992470000000001
163,-10.224286155716705,19.468686243799493,1.0,0.0023339999999999472,0.401581
164,-10.269801795611823,19.40595338005668,1.0,0.002218999999999971,0.4038
165,-10.337282426676893,19.366032804891606,1.0,0.0028409999999999824,0.406641
166,-10.353355926543328,19.34136079844509,1.0,0.0027040000000000397,0.409345
167,-10.381122094110678,19.29824122075266,1.0,0.0032889999999999864,0.412634
168,-10.407377676971834,19.274796394337795,1.0,0.0031560000000000477,0.41579000000000005
169,-10.422888809106135,19.264671430467637,1.0,0.002674999999999983,0.41846500000000003
170,-10.449915781289858,19.186948585305338,1.0,0.0029000000000000137,0.42136500000000005
171,-10.470495897842891,19.145609743058593,1.0,0.0026800000000000157,0.42404500000000006
172,-10.503784133687486,19.116821312497272,1.0,0.003062000000000009,0.42710700000000007
173,-10.543292607892019,19.0774974028766,1.0,0.0029249999999999554,0.430032
174,-10.578162084506596,19.03006765097009,1.0,0.002978000000000036,0.43301000000000006
175,-10.623245607203938,18.960355172925144,1.0,0.0024119999999999697,0.43542200000000003
176,-10.662218953857177,18.816526115579133,1.0,0.0026009999999999645,0.438023
177,-10.687613155625451,18.759869367017387,1.0,0.0026359999999999717,0.44065899999999997
178,-10.708669321727779,18.75620919473569,1.0,0.002511000000000041,0.44317
179,-10.719212712924673,18.718967983282344,1.0,0.0022699999999999942,0.44544
180,-10.744086067821833,18.743001841969495,1.0,0.0026450000000000085,0.448085
181,-10.759473727043979,18.739327488337842,1.0,0.0023739999999999872,0.450459
182,-10.790621692252962,18.719982577937753,1.0,0.003361999999999976,0.453821
183,-10.831391005243734,18.617992445126017,1.0,0.0025020000000000042,0.456323
184,-10.849701145722253,18.625378968696076,1.0,0.0023080000000000878,0.45863100000000007
185,-10.880860739853233,18.577111360212534,1.0,0.0022399999999999087,0.460871
186,-10.908783009428046,18.56082282790861,1.0,0.0022760000000000558,0.46314700000000003
187,-10.932206635712898,18.53300042535455,1.0,0.002322999999999964,0.46547
188,-10.97473453930311,18.451541583326676,1.0,0.002846000000000015,0.468316
189,-11.016743626841588,18.359723869016772,1.0,0.002426999999999957,0.47074299999999997
190,-11.105515108673135,18.139240077397076,1.0,0.0023690000000000655,0.47311200000000003
191,-11.131446577222338,18.08218124259094,1.0,0.002267000000000019,0.47537900000000005
192,-11.188733597729266,17.92744215674457,1.0,0.0023199999999999887,0.47769900000000004
193,-11.225839519610453,17.86124395345101,1.0,0.0024779999999999802,0.480177
194,-11.280537077512074,17.72940985087451,1.0,0.0023809999999999665,0.482558
195,-11.320050160795427,17.54709004197634,1.0,0.002738000000000018,0.485296
196,-11.347478748636373,17.540160900173905,1.0,0.00301499999999999,0.488311
197,-11.37826151317459,17.504551861976243,1.0,0.0023969999999999825,0.490708
198,-11.394431709960163,17.439291319387618,1.0,0.0023220000000000462,0.49303
199,-11.41281001460618,17.416338578430047,1.0,0.0028169999999999584,0.495847
200,-11.44636464585347,17.364674707310247,1.0,0.002363000000000004,0.49821
201,-11.475898814118736,17.345045251908306,1.0,0.0022090000000000165,0.500419
202,-11.531255771894479,17.242015052932135,1.0,0.0028559999999999697,0.5032749999999999
203,-11.539214223310614,17.23825581345037,1.0,0.003227000000000091,0.506502
204,-11.559306640348527,17.21562371100183,1.0,0.0026889999999999414,0.509191
205,-11.596103211400987,17.08997393702965,1.0,0.0023100000000000342,0.511501
206,-11.649929485383456,17.027896746216005,1.0,0.0028319999999999457,0.5143329999999999
207,-11.699149856379087,17.063466353670186,1.0,0.0022699999999999942,0.5166029999999999
208,-11.731757610718196,16.968026509960193,1.0,0.002702000000000093,0.519305
209,-11.757872078621762,16.967595948884867,1.0,0.003118999999999983,0.522424
210,-11.794524402656316,16.979391750521028,1.0,0.003043000000000018,0.525467
211,-11.827251872581002,16.954785400001533,1.0,0.0029769999999998964,0.5284439999999999
212,-11.9009379130414,16.882253520115444,1.0,0.0023850000000000815,0.530829
213,-11.949354027735652,16.80026643741765,1.0,0.0024039999999999617,0.533233
214,-11.961073235945323,16.775113138457332,1.0,0.002809999999999979,0.5360429999999999
215,-11.988088614810701,16.659487050824882,1.0,0.003251000000000004,0.5392939999999999
216,-12.008210060106537,16.655275377941795,1.0,0.0032039999999999846,0.5424979999999999
217,-12.039459347405757,16.638918118375404,1.0,0.002375000000000016,0.5448729999999999
218,-12.072788866088823,16.62888617045566,1.0,0.0023840000000000527,0.547257
219,-12.10571224110548,16.598347730685212,1.0,0.002259000000000011,0.549516
220,-12.1226096837398,16.57985830151929,1.0,0.002602999999999911,0.5521189999999999
221,-12.135424123565464,16.587480360654972,1.0,0.002887000000000084,0.555006
222,-12.162146019011475,16.544690831032643,1.0,0.002282999999999924,0.5572889999999999
223,-12.190401511203206,16.55498786170043,1.0,0.0023460000000000703,0.559635
224,-12.209092604199647,16.54598049041465,1.0,0.0028279999999999417,0.5624629999999999
225,-12.262576490092929,16.559879944396197,1.0,0.0023199999999999887,0.5647829999999999
226,-12.28260935268253,16.525267748433098,1.0,0.0022680000000000478,0.567051
227,-12.296964566562782,16.525627536223805,1.0,0.002526999999999946,0.5695779999999999
228,-12.332269430161453,16.504359936009376,1.0,0.0023060000000000302,0.571884
229,-12.39077096041064,16.48304633716351,1.0,0.002807000000000004,0.574691
230,-12.415158322183103,16.43564994407456,1.0,0.0022400000000000198,0.576931
231,-12.43276844453257,16.39742119129763,1.0,0.0023609999999999465,0.5792919999999999
232,-12.465230457677205,16.341987056997095,1.0,0.002767000000000075,0.582059
233,-12.502455986609714,16.352230651365918,1.0,0.0024100000000000232,0.584469
234,-12.517694891868636,16.337239664051204,1.0,0.0022999999999999687,0.586769
235,-12.541772387443721,16.29562865354263,1.0,0.002194999999999947,0.5889639999999999
236,-12.595901697572982,16.25395333365837,1.0,0.0021930000000001115,0.591157
237,-12.606979654724942,16.243238015129872,1.0,0.0027249999999998664,0.5938819999999999
238,-12.622745234428592,16.195609713316024,1.0,0.0022040000000000948,0.596086
239,-12.665696649843218,16.170965765961526,1.0,0.0022679999999999367,0.5983539999999999
240,-12.686293410804138,16.14871630121705,1.0,0.00313399999999997,0.6014879999999999
241,-12.750203151380301,16.11226967651463,1.0,0.0023299999999999432,0.6038179999999999
242,-12.783675565305595,16.11595201745246,1.0,0.0022460000000001923,0.606064
243,-12.792664960168011,16.0832205245149,1.0,0.002286999999999928,0.608351
244,-12.854733016329465,15.988173341817616,1.0,0.0023480000000000167,0.610699
245,-12.875965834914059,15.921123966747917,1.0,0.0023020000000000262,0.613001
246,-12.895048312500931,15.895807078754432,1.0,0.0022020000000000373,0.615203
247,-12.92776855886528,15.852095903433414,1.0,0.0023449999999998195,0.6175479999999999
248,-12.941370264171393,15.860997447494908,1.0,0.0024330000000001295,0.619981
249,-12.964682961547128,15.75662908124981,1.0,0.0022489999999999455,0.62223
250,-12.976979202448895,15.743375562982308,1.0,0.0022249999999999215,0.6244549999999999
251,-12.997001671729784,15.707370313642304,1.0,0.0026810000000001555,0.627136
252,-13.015936884343807,15.679974290654451,1.0,0.002778999999999865,0.6299149999999999
253,-13.027791915619842,15.64301134092788,1.0,0.0022159999999999958,0.6321309999999999
254,-13.04437494814496,15.646813145697328,1.0,0.00251900000000016,0.63465
255,-13.067595687705408,15.590935354500527,1.0,0.002354999999999885,0.6370049999999999
256,-13.106222927840006,15.52731710098861,1.0,0.0023120000000000918,0.639317
257,-13.147833111724724,15.424237469549052,1.0,0.0022699999999999942,0.641587
258,-13.163724815206287,15.39936960783151,1.0,0.002322999999999853,0.6439099999999999
259,-13.183609074990116,15.349597121258705,1.0,0.0023010000000001085,0.646211
260,-13.22779237312117,15.209540530656136,1.0,0.0022539999999999782,0.648465
261,-13.269837934223972,15.135019378994947,1.0,0.0023329999999999185,0.6507979999999999
262,-13.285396779986666,15.086636762453887,1.0,0.002295000000000158,0.653093
263,-13.299164353708836,15.085226446390035,1.0,0.0022499999999998632,0.6553429999999999
264,-13.312155012787365,15.09312728674843,1.0,0.0022889999999999855,0.6576319999999999
265,-13.353028621978698,15.00094921271932,1.0,0.0021999999999999797,0.6598319999999999
266,-13.397473973563674,15.026596970172912,1.0,0.0023010000000001085,0.662133
267,-13.419191684742724,14.998005058963926,1.0,0.0021999999999999797,0.664333
268,-13.436167652674415,14.965545471722436,1.0,0.0022770000000000845,0.66661
269,-13.443000308678428,14.945762281951518,1.0,0.0023079999999999767,0.668918
270,-13.473320626919051,14.955448348724914,1.0,0.002745999999999915,0.6716639999999999
271,-13.505127032908504,14.94594591896776,1.0,0.002183000000000046,0.673847
272,-13.51892334645115,14.932917094652213,1.0,0.0022290000000000365,0.676076
273,-13.544433242966022,14.86691878121238,1.0,0.0027159999999999407,0.678792
274,-13.557682258163473,14.840286526500845,1.0,0.0022169999999999135,0.6810089999999999
275,-13.58153034979394,14.778959404189209,1.0,0.0022220000000001683,0.683231
276,-13.592787424422431,14.790683415828164,1.0,0.002790999999999988,0.686022
277,-13.615426412136191,14.769729371843173,1.0,0.0022210000000000285,0.688243
278,-13.633319701271297,14.760436229039586,1.0,0.0027279999999998417,0.6909709999999999
279,-13.646526259279872,14.76189733211799,1.0,0.0022459999999999702,0.6932169999999999
280,-13.660481895228427,14.730842564171017,1.0,0.00228700000000015,0.695504
281,-13.697618425532317,14.676228227400316,1.0,0.002666000000000057,0.6981700000000001
282,-13.73069598245678,14.61936718092985,1.0,0.0021329999999999405,0.700303
283,-13.759760116783134,14.612004211781388,1.0,0.0021400000000000308,0.702443
284,-13.776420619517465,14.585513445234463,1.0,0.0030569999999998654,0.7054999999999999
285,-13.784609543683473,14.561379559819875,1.0,0.003273999999999999,0.7087739999999999
286,-13.797154794089925,14.53864731410416,1.0,0.0023200000000000998,0.711094
287,-13.826130170104486,14.435504373142408,1.0,0.0022260000000000613,0.7133200000000001
288,-13.846117414432182,14.441200715626,1.0,0.00219899999999984,0.7155189999999999
289,-13.874152520643369,14.386701609114724,1.0,0.0022220000000001683,0.7177410000000001
290,-13.887562954060375,14.369138589816105,1.0,0.002462999999999882,0.720204
291,-13.93204593323977,14.35262014972748,1.0,0.002262999999999904,0.7224669999999999
292,-13.958529563758903,14.352859717969318,1.0,0.002634000000000025,0.7251009999999999
293,-13.971659753586485,14.346497061006016,1.0,0.002742000000000022,0.7278429999999999
294,-13.996427935053863,14.342539891124723,1.0,0.0026319999999999677,0.7304749999999999
295,-14.003001262049676,14.338453148571189,1.0,0.002798999999999996,0.7332739999999999
296,-14.028222453615218,14.29074156517928,1.0,0.002423000000000064,0.7356969999999999
297,-14.043064093410145,14.304850090143104,1.0,0.0021940000000000293,0.737891
298,-14.053890074994012,14.277260482581141,1.0,0.002215000000000078,0.740106
299,-14.068463041569252,14.268750581455166,1.0,0.0022879999999998457,0.7423939999999999
300,-14.078894146958227,14.266717871623909,1.0,0.002234999999999987,0.7446289999999999
301,-14.088578751067876,14.25444219722079,1.0,0.002311000000000174,0.74694
302,-14.105481867544437,14.262145339480204,1.0,0.0021839999999999637,0.749124
303,-14.138553120122696,14.165262325469586,1.0,0.0023290000000000255,0.751453
304,-14.160249405394735,14.140594524822149,1.0,0.00305500000000003,0.7545080000000001
305,-14.172918712439492,14.068612059924673,1.0,0.002174999999999816,0.7566829999999999
306,-14.189722502376757,14.107361177252386,1.0,0.0022020000000000373,0.7588849999999999
307,-14.23358336163465,14.03254157118979,1.0,0.0022020000000000373,0.761087
308,-14.25083334271133,14.008001818955474,1.0,0.0022130000000000205,0.7633
309,-14.268944323071779,14.035599633169024,1.0,0.0021809999999999885,0.765481
310,-14.290744092886657,13.997780509022615,1.0,0.002574999999999994,0.768056
311,-14.317922995838746,13.968305998399114,1.0,0.0027919999999999057,0.7708479999999999
312,-14.34737194714484,13.91653310977472,1.0,0.0022040000000000948,0.773052
313,-14.358851155748468,13.92170564867391,1.0,0.002291000000000043,0.775343
314,-14.387177120764715,13.877005575436762,1.0,0.002222999999999864,0.7775659999999999
315,-14.395936878368671,13.885573198392157,1.0,0.002311000000000174,0.779877
316,-14.430131391912882,13.80507758280411,1.0,0.0021879999999998567,0.7820649999999999
317,-14.447782420366604,13.751873759562883,1.0,0.0030850000000000044,0.7851499999999999
318,-14.464130014737563,13.74716509710357,1.0,0.0022619999999999862,0.7874119999999999
319,-14.496054038042784,13.689041171383982,1.0,0.002215000000000078,0.789627
320,-14.514553192647934,13.670177919730238,1.0,0.002286999999999928,0.7919139999999999
321,-14.52429952492789,13.672685032244116,1.0,0.0022860000000000102,0.7941999999999999
322,-14.536336434286017,13.619582297524708,1.0,0.0022919999999999607,0.7964919999999999
323,-14.556483086156202,13.584419745215088,1.0,0.002803000000000111,0.799295
324,-14.574850423876775,13.597355038389725,1.0,0.002326999999999968,0.801622
325,-14.578690416387584,13.596609814066039,1.0,0.0023200000000000998,0.803942
326,-14.598451092136548,13.602130314287578,1.0,0.0023529999999998275,0.8062949999999999
327,-14.621447675325065,13.633187365859111,1.0,0.002283000000000035,0.8085779999999999
328,-14.630326387464113,13.586686452776302,1.0,0.002342999999999984,0.8109209999999999
329,-14.651511774623417,13.578041212129893,1.0,0.002279000000000142,0.8132
330,-14.660092359442816,13.53974592646455,1.0,0.00231799999999982,0.8155179999999999
331,-14.67043712935627,13.488122268119039,1.0,0.002335000000000198,0.817853
332,-14.685791979049458,13.40761374427839,1.0,0.0022940000000000182,0.8201470000000001
333,-14.706036841526297,13.332353486934874,1.0,0.0022839999999999527,0.822431
334,-14.728543833272841,13.28291271386373,1.0,0.002294999999999936,0.824726
335,-14.738391623795692,13.295705556838794,1.0,0.0022979999999999112,0.8270239999999999
336,-14.755707152613645,13.250502610582508,1.0,0.002335000000000198,0.8293590000000001
337,-14.766127268824103,13.218514917123779,1.0,0.0022759999999999447,0.831635
338,-14.772292354944849,13.173848777343608,1.0,0.002294999999999936,0.83393
339,-14.784340763935205,13.139896274733626,1.0,0.0022900000000001253,0.8362200000000001
340,-14.793517485037299,13.136201092027918,1.0,0.0023369999999998115,0.8385569999999999
341,-14.809570327017878,13.12463272065268,1.0,0.0023640000000000327,0.8409209999999999
342,-14.823438410798776,13.05908576057894,1.0,0.002294999999999936,0.8432159999999999
343,-14.856538900301882,13.006633559714231,1.0,0.0022890000000002075,0.8455050000000001
344,-14.866072018288147,13.009816052913816,1.0,0.0022679999999999367,0.847773
345,-14.896154364415441,13.003028226660126,1.0,0.002275000000000027,0.850048
346,-14.90873937147968,12.964441814701074,1.0,0.0023089999999998945,0.8523569999999999
347,-14.922276434428845,12.990067883831966,1.0,0.0023060000000001413,0.8546630000000001
348,-14.942681984753882,13.000940367125104,1.0,0.002350999999999992,0.857014
349,-14.962058173747785,12.975479847716162,1.0,0.0023199999999998777,0.8593339999999999
350,-14.979834442911478,12.932369347623695,1.0,0.0023050000000000015,0.8616389999999999
351,-14.992606059026466,12.972576833411207,1.0,0.0022649999999999615,0.8639039999999999
352,-15.019454004114454,12.876111096553323,1.0,0.0022860000000000102,0.8661899999999999
353,-15.044234239490082,12.809988964123388,1.0,0.002363000000000115,0.868553
354,-15.081065590841364,12.698502963142152,1.0,0.0021940000000000293,0.870747
355,-15.093394276007011,12.638039699090353,1.0,0.0022320000000000118,0.8729790000000001
356,-15.10486251157135,12.639041075531397,1.0,0.0023519999999999097,0.875331
357,-15.115538312319536,12.577986943656324,1.0,0.002175000000000038,0.877506
358,-15.156820184259928,12.531878793181683,1.0,0.002810999999999897,0.8803169999999999
359,-15.177003286537062,12.49662140495716,1.0,0.0021860000000000213,0.8825029999999999
360,-15.184492743276213,12.47513166598252,1.0,0.0027209999999999734,0.8852239999999999
361,-15.191423547015855,12.450601227693769,1.0,0.002094999999999958,0.8873189999999999
362,-15.20622385664845,12.442863134457907,1.0,0.002192000000000194,0.889511
363,-15.22157462640188,12.442685315000292,1.0,0.0022169999999999135,0.891728
364,-15.230254526992507,12.43117877402954,1.0,0.002734000000000014,0.894462
365,-15.242644875375637,12.457633180960224,1.0,0.0022260000000000613,0.896688
366,-15.255772429679354,12.44576935559053,1.0,0.0021999999999999797,0.898888
367,-15.266130410334267,12.451118081718588,1.0,0.003134999999999888,0.9020229999999999
368,-15.281189867523405,12.41751098659355,1.0,0.00267100000000009,0.904694
369,-15.298222938540036,12.402774468732172,1.0,0.0022100000000000453,0.906904
370,-15.322489770282097,12.393963468107591,1.0,0.0022929999999998785,0.9091969999999999
371,-15.34213703354894,12.395192501373142,1.0,0.0021919999999999717,0.9113889999999999
372,-15.351909421568681,12.380154433944806,1.0,0.002259000000000011,0.9136479999999999
373,-15.376033714572081,12.353063654284828,1.0,0.0021919999999999717,0.9158399999999999
374,-15.382496676706738,12.325708066765772,1.0,0.0023400000000000087,0.9181799999999999
375,-15.405266040004623,12.289917915945999,1.0,0.0022250000000001435,0.920405
376,-15.412904245875165,12.294381633127157,1.0,0.0028009999999998314,0.9232059999999999
377,-15.430714094588938,12.270890294512732,1.0,0.0025850000000000595,0.9257909999999999
378,-15.451747316787731,12.251813317227766,1.0,0.003386000000000111,0.929177
379,-15.464054312559664,12.23521642273708,1.0,0.0027719999999999967,0.931949
380,-15.4895047943631,12.230003067659625,1.0,0.002602999999999911,0.9345519999999999
381,-15.501143917221576,12.224368087554627,1.0,0.0029330000000000744,0.937485
382,-15.51428968483917,12.231249104085009,1.0,0.002537999999999929,0.9400229999999999
383,-15.541854181392273,12.206595773041236,1.0,0.0035689999999999333,0.9435919999999999
384,-15.557932680987342,12.175395548915155,1.0,0.003238000000000074,0.94683
385,-15.567866112607241,12.166923891389754,1.0,0.0023130000000000095,0.949143
386,-15.594717127603353,12.113117542292526,1.0,0.0024839999999999307,0.9516269999999999
387,-15.60078155520052,12.074515029400004,1.0,0.0027490000000001125,0.954376
388,-15.621173847880767,12.045941748312963,1.0,0.0022679999999999367,0.9566439999999999
389,-15.638511844411987,12.030507850475928,1.0,0.0022660000000001013,0.95891
390,-15.648609585571446,12.020043514806966,1.0,0.00293499999999991,0.961845
391,-15.663777606666082,12.034596491221647,1.0,0.0025280000000000857,0.964373
392,-15.682083006687105,11.96290410479367,1.0,0.003039000000000014,0.967412
393,-15.684587764190024,11.955460480651341,1.0,0.0023959999999998427,0.9698079999999999
394,-15.69344434478123,11.956220383061545,1.0,0.0022600000000001508,0.972068
395,-15.703796886023198,11.969260432301645,1.0,0.0023539999999999672,0.974422
396,-15.718764274196747,12.004794524731345,1.0,0.0023759999999999337,0.9767979999999999
397,-15.739103565923857,11.974034908914069,1.0,0.002858999999999945,0.9796569999999999
398,-15.747786892049167,11.947779779947739,1.0,0.0022380000000001843,0.9818950000000001
399,-15.765568275621519,11.915588534375305,1.0,0.0027049999999999574,0.9846
400,-15.78005498310369,11.8257670996451,1.0,0.0023489999999999345,0.986949
401,-15.793996809185174,11.840650172560743,1.0,0.002299000000000051,0.989248
402,-15.818787682732962,11.750595048801854,1.0,0.002453999999999956,0.991702
403,-15.838431764425938,11.766077687272555,1.0,0.0028490000000001015,0.9945510000000001
404,-15.855984226329124,11.738940104474112,1.0,0.0022609999999998465,0.9968119999999999
405,-15.87182441700821,11.726822699662021,1.0,0.0023820000000001063,0.999194
406,-15.891821192910605,11.716149727337744,1.0,0.003101999999999938,1.0022959999999999
407,-15.908599670196153,11.68100200929973,1.0,0.0032369999999999344,1.0055329999999998
408,-15.92222777257686,11.648989107603075,1.0,0.0022969999999999935,1.0078299999999998
409,-15.939537953108214,11.628394723079365,1.0,0.0023969999999999825,1.0102269999999998
410,-15.94849933481984,11.629347493337972,1.0,0.002323000000000075,1.0125499999999998
411,-15.957277250852192,11.63105197311825,1.0,0.002267000000000019,1.0148169999999999
412,-15.975596206429211,11.585195040450648,1.0,0.002447000000000088,1.017264
413,-15.986748110708762,11.521306951882472,1.0,0.0027449999999999974,1.020009
414,-15.997130555080602,11.50823377012533,1.0,0.0022639999999998217,1.0222729999999998
415,-16.006279413116964,11.483529428200598,1.0,0.0022610000000000685,1.0245339999999998
416,-16.020952510384575,11.399813128589159,1.0,0.0022599999999999287,1.0267939999999998
417,-16.033289141329053,11.369638081236422,1.0,0.0023460000000001813,1.02914
418,-16.057131560676417,11.329683103173892,1.0,0.0022689999999998545,1.0314089999999998
419,-16.071045709745224,11.344204262959948,1.0,0.002777999999999947,1.0341869999999997
420,-16.08255175168395,11.27981610048328,1.0,0.0028250000000000774,1.0370119999999998
421,-16.09027944383788,11.26071623742053,1.0,0.0022800000000000598,1.0392919999999999
422,-16.108229016199665,11.199808822977571,1.0,0.0023089999999998945,1.0416009999999998
423,-16.118424170708998,11.157629797541405,1.0,0.003047000000000022,1.0446479999999998
424,-16.13460815910528,11.179936431947858,1.0,0.0022699999999999942,1.0469179999999998
425,-16.14913027391185,11.218190668213591,1.0,0.0022360000000001268,1.049154
426,-16.169943483479113,11.21288049063646,1.0,0.002689999999999859,1.0518439999999998
427,-16.181266466528005,11.194163120830558,1.0,0.0023290000000000255,1.0541729999999998
428,-16.189166203818285,11.16741685489456,1.0,0.00231899999999996,1.0564919999999998
429,-16.200750321213434,11.172735830788984,1.0,0.0023200000000000998,1.0588119999999999
430,-16.208140510946127,11.17809707808543,1.0,0.002874999999999961,1.0616869999999998
431,-16.217024491850683,11.177930774675925,1.0,0.00263100000000005,1.0643179999999999
432,-16.240958216320543,11.19065981152154,1.0,0.0022860000000000102,1.0666039999999999
433,-16.256300901271167,11.207844476717511,1.0,0.0026720000000000077,1.069276
434,-16.272983483070362,11.142749345312176,1.0,0.0028129999999999544,1.0720889999999998
435,-16.282033207250553,11.129627772580042,1.0,0.0022969999999999935,1.0743859999999998
436,-16.297424663789982,11.09266571155391,1.0,0.002286999999999928,1.0766729999999998
437,-16.30918622148295,11.080522867079152,1.0,0.0027600000000000957,1.0794329999999999
438,-16.328306525660878,11.060748819051993,1.0,0.0022139999999999382,1.0816469999999998
439,-16.355982083149218,10.983377281678623,1.0,0.0029280000000000417,1.0845749999999998
440,-16.370070712880967,10.949760941474059,1.0,0.002255000000000118,1.08683
441,-16.379557352174967,10.948725441549616,1.0,0.0022769999999998625,1.0891069999999998
442,-16.38727191325319,10.949621495571948,1.0,0.00275000000000003,1.0918569999999999
443,-16.398405744752516,10.917157808584045,1.0,0.00231899999999996,1.0941759999999998
444,-16.41556300803061,10.820404169401012,1.0,0.0022649999999999615,1.0964409999999998
445,-16.427470731323446,10.83656339485079,1.0,0.0029040000000000177,1.0993449999999998
446,-16.433158212777823,10.849719935068991,1.0,0.0026880000000000237,1.1020329999999998
447,-16.443951033624945,10.859607508351983,1.0,0.0022930000000001005,1.104326
448,-16.45582200874933,10.856095186743058,1.0,0.0026759999999999007,1.1070019999999998
449,-16.471162946898808,10.819588739742638,1.0,0.00231899999999996,1.1093209999999998
450,-16.484989106415995,10.799044158117512,1.0,0.002291000000000043,1.1116119999999998
451,-16.50248261174482,10.770577160446113,1.0,0.003017999999999965,1.1146299999999998
452,-16.515787532298884,10.73129046812456,1.0,0.0024290000000000145,1.1170589999999998
453,-16.530881421467857,10.684085328120316,1.0,0.0023040000000000838,1.1193629999999999
454,-16.537238212209864,10.659617650664714,1.0,0.002315000000000067,1.121678
455,-16.55354938347866,10.58526062548839,1.0,0.0028359999999998386,1.1245139999999998
456,-16.56530288612776,10.575648028485336,1.0,0.0028650000000001175,1.127379
457,-16.5695094350839,10.549221415867787,1.0,0.0022769999999998625,1.1296559999999998
458,-16.578448336864007,10.532842611963469,1.0,0.002447000000000088,1.1321029999999999
459,-16.58982812278874,10.534024666546069,1.0,0.0022729999999999695,1.1343759999999998
460,-16.59670988737777,10.525168837011496,1.0,0.0027930000000000454,1.1371689999999999
461,-16.61162622417524,10.486076072317644,1.0,0.002842999999999929,1.1400119999999998
462,-16.616084373689198,10.484011828643144,1.0,0.0023220000000001573,1.142334
463,-16.62667600178867,10.454784319190129,1.0,0.0022719999999998297,1.1446059999999998
464,-16.635845459398137,10.428292977858655,1.0,0.002434999999999965,1.1470409999999998
465,-16.645433330960188,10.402581629824438,1.0,0.0023720000000000407,1.1494129999999998
466,-16.664405402049802,10.387737212566483,1.0,0.0021770000000000955,1.15159
467,-16.67797888359211,10.344614601200028,1.0,0.0022199999999998887,1.1538099999999998
468,-16.684283948501648,10.34751195407382,1.0,0.0022740000000001093,1.156084
469,-16.70219919600026,10.312908609374533,1.0,0.00220700000000007,1.158291
470,-16.710197191508218,10.31916539502175,1.0,0.002182999999999824,1.1604739999999998
471,-16.724339564534045,10.28094988145947,1.0,0.002163000000000137,1.162637
472,-16.729232834333843,10.26121026865713,1.0,0.0025329999999998964,1.1651699999999998
473,-16.746901258310086,10.248189186501243,1.0,0.0022100000000000453,1.1673799999999999
474,-16.75350743579626,10.222252735245444,1.0,0.0021819999999999062,1.1695619999999998
475,-16.76746545521156,10.199813389925675,1.0,0.00224700000000011,1.1718089999999999
476,-16.778680054131577,10.188385110470719,1.0,0.0023219999999999352,1.1741309999999998
477,-16.78200875329903,10.191006333436405,1.0,0.0021809999999999885,1.1763119999999998
478,-16.78505668876585,10.193566144124308,1.0,0.0022960000000000758,1.1786079999999999
479,-16.797503240503435,10.155648679693908,1.0,0.0025020000000000042,1.1811099999999999
480,-16.804775644770253,10.166035667448718,1.0,0.0023610000000000575,1.183471
481,-16.8116293728957,10.182556471484055,1.0,0.0021809999999999885,1.185652
482,-16.81971759387366,10.15181148244898,1.0,0.0023439999999999017,1.1879959999999998
483,-16.82591671212908,10.1380615577805,1.0,0.0028449999999999864,1.1908409999999998
484,-16.829284927017653,10.127249882292874,1.0,0.0028040000000000287,1.1936449999999998
485,-16.835760604169714,10.114406327184238,1.0,0.0023020000000000262,1.1959469999999999
486,-16.839276703223366,10.134340638037383,1.0,0.0027999999999999137,1.1987469999999998
487,-16.851479974469612,10.12926317629818,1.0,0.0024440000000001127,1.201191
488,-16.85645368262233,10.133623606567827,1.0,0.002507000000000037,1.203698
489,-16.861928314833605,10.128751553603704,1.0,0.0024089999999998835,1.2061069999999998
490,-16.86867062066473,10.11159349809109,1.0,0.002307000000000059,1.2084139999999999
491,-16.879034327388013,10.104304732483996,1.0,0.002829999999999888,1.2112439999999998
492,-16.892104364478616,10.079336558284702,1.0,0.0023260000000000502,1.2135699999999998
493,-16.895607039619183,10.075289787524943,1.0,0.0026399999999999757,1.2162099999999998
494,-16.902544101954945,10.082101070083809,1.0,0.0022820000000001173,1.218492
495,-16.91687231654928,10.061577715021828,1.0,0.0022940000000000182,1.220786
496,-16.924745911176824,10.073880841119758,1.0,0.002254999999999896,1.2230409999999998
497,-16.932419790563102,10.056110462787187,1.0,0.002871000000000068,1.225912
498,-16.940581015069164,10.034181953835754,1.0,0.0022370000000000445,1.228149
499,-16.950924495004575,10.003178765990537,1.0,0.002450999999999981,1.2306
500,-16.957429631602242,10.005877185386346,1.0,0.0030839999999998646,1.2336839999999998
501,-16.963652174373394,9.999410404515212,1.0,0.0026680000000001147,1.236352
502,-16.97364392593712,9.97887112606106,1.0,0.00231899999999996,1.2386709999999999
503,-16.987486941072756,9.990257721731385,1.0,0.002774000000000054,1.241445
504,-16.99949831006378,10.009355048481464,1.0,0.002953999999999901,1.2443989999999998
505,-17.021591744231788,9.922688334712946,1.0,0.0035240000000000826,1.247923
506,-17.03009023544618,9.925477819430133,1.0,0.0027759999999998897,1.2506989999999998
507,-17.03965601342885,9.896859536712796,1.0,0.0022120000000001028,1.2529109999999999
508,-17.04432229718679,9.899477626932748,1.0,0.002761999999999931,1.2556729999999998
509,-17.0586500505323,9.875095387987493,1.0,0.0028399999999999537,1.2585129999999998
510,-17.067527831918515,9.870682837240635,1.0,0.002811000000000119,1.261324
511,-17.088577243727087,9.794585483584349,1.0,0.002513999999999905,1.2638379999999998
512,-17.097935827107673,9.787683909184395,1.0,0.002838000000000118,1.266676
513,-17.109091559969073,9.729422536609025,1.0,0.0022659999999998792,1.2689419999999998
514,-17.11807090525336,9.709137388309179,1.0,0.002342999999999984,1.2712849999999998
515,-17.12197676031535,9.712975312182817,1.0,0.00239900000000004,1.2736839999999998
516,-17.125429414325424,9.690736260555772,1.0,0.002807000000000004,1.2764909999999998
517,-17.143025767280125,9.69861088146384,1.0,0.0022450000000000525,1.2787359999999999
518,-17.147762430315144,9.698347769321838,1.0,0.002542999999999962,1.2812789999999998
519,-17.154646980767804,9.67205726103259,1.0,0.002639000000000058,1.283918
520,-17.165873780967843,9.657874673348857,1.0,0.0022450000000000525,1.286163
521,-17.18619553439459,9.647189492056386,1.0,0.0022579999999998712,1.2884209999999998
522,-17.19826983380525,9.616470145124321,1.0,0.0028080000000001437,1.291229
523,-17.214524146142736,9.564977835312824,1.0,0.002293999999999796,1.2935229999999998
524,-17.22586207728508,9.527229899517783,1.0,0.002215000000000078,1.2957379999999998
525,-17.232469716149755,9.560788863243822,1.0,0.0029250000000000664,1.298663
526,-17.240839977092524,9.522390037133517,1.0,0.002222999999999864,1.3008859999999998
527,-17.24698900485196,9.519555621401869,1.0,0.0027250000000000885,1.3036109999999999
528,-17.249660429699716,9.514396660220436,1.0,0.0022580000000000933,1.305869
529,-17.25681713337503,9.507059208629357,1.0,0.0023059999999999192,1.3081749999999999
530,-17.26246997135834,9.46861019436247,1.0,0.0027280000000000637,1.310903
531,-17.273768064439885,9.494635161439376,1.0,0.0022759999999999447,1.3131789999999999
532,-17.279964425179536,9.49419937821077,1.0,0.0026569999999999094,1.3158359999999998
533,-17.30782280364628,9.489254061661729,1.0,0.0024170000000001135,1.318253
534,-17.318729082946057,9.492788736599652,1.0,0.0022609999999998465,1.3205139999999997
535,-17.326400236519788,9.486838047987314,1.0,0.0027330000000000965,1.3232469999999998
536,-17.338805863301463,9.486150531498206,1.0,0.0024809999999999555,1.3257279999999998
537,-17.35277843920366,9.497895596152597,1.0,0.00231899999999996,1.3280469999999998
538,-17.361012829885254,9.480245754724969,1.0,0.0025000000000001688,1.330547
539,-17.366468403770256,9.480845102212392,1.0,0.00275000000000003,1.333297
540,-17.3816924350096,9.489427116743867,1.0,0.0022780000000000022,1.335575
541,-17.392979308796097,9.430439547087985,1.0,0.0022559999999998137,1.3378309999999998
542,-17.398705560587423,9.40585454318538,1.0,0.0028090000000000614,1.3406399999999998
543,-17.409793750011122,9.415826470459304,1.0,0.0022660000000001013,1.342906
544,-17.41697096885607,9.423004717722982,1.0,0.002251000000000003,1.345157
545,-17.424348926129603,9.414676729945754,1.0,0.002874999999999961,1.348032
546,-17.42714176369389,9.402438103576333,1.0,0.0029040000000000177,1.350936
547,-17.445522538538068,9.363732415908986,1.0,0.0023569999999999425,1.3532929999999999
548,-17.450517748688622,9.323181265176048,1.0,0.0022780000000000022,1.3555709999999999
549,-17.456957085885666,9.317093533716587,1.0,0.0023249999999999105,1.3578959999999998
550,-17.460534772435647,9.309973936440818,1.0,0.0022690000000000765,1.3601649999999998
551,-17.46406212385484,9.324446411112906,1.0,0.0023649999999999505,1.3625299999999998
552,-17.47155917518407,9.308862262343082,1.0,0.002471000000000112,1.365001
553,-17.4816839911702,9.296070978057983,1.0,0.002259000000000011,1.36726
554,-17.48831232390301,9.290717695134061,1.0,0.0027639999999999887,1.370024
555,-17.496166581094283,9.30848021994319,1.0,0.0022999999999999687,1.3723239999999999
556,-17.5092510072366,9.286236388782884,1.0,0.002454999999999874,1.3747789999999998
557,-17.513790683373728,9.265623237630537,1.0,0.002475000000000005,1.3772539999999998
558,-17.519050923049512,9.260196628028224,1.0,0.0023450000000000415,1.3795989999999998
559,-17.523689875745674,9.278489691764511,1.0,0.0028120000000000367,1.3824109999999998
560,-17.53076006286074,9.271578872048345,1.0,0.002807000000000004,1.3852179999999998
561,-17.53945106463274,9.254260962002782,1.0,0.0022809999999999775,1.3874989999999998
562,-17.542656540814875,9.259669887436278,1.0,0.0022820000000001173,1.389781
563,-17.54706944409319,9.251423602083692,1.0,0.0022679999999999367,1.3920489999999999
564,-17.55538675669981,9.292037135468522,1.0,0.002350999999999992,1.3943999999999999
565,-17.55773704252802,9.286999642572606,1.0,0.0023649999999999505,1.3967649999999998
566,-17.568480124720057,9.25385967102284,1.0,0.0024220000000001463,1.399187
567,-17.577507897163294,9.250019708744068,1.0,0.0022539999999999782,1.401441
568,-17.582326678227304,9.233991000071754,1.0,0.0027969999999999384,1.4042379999999999
569,-17.594454482180225,9.214185714248268,1.0,0.0023159999999999847,1.4065539999999999
570,-17.60405160367307,9.206165957547904,1.0,0.0023020000000000262,1.4088559999999999
571,-17.609466635418933,9.200040761695938,1.0,0.0027439999999998577,1.4115999999999997
572,-17.61304715471055,9.19080789816942,1.0,0.0024740000000000872,1.4140739999999998
573,-17.62673119061284,9.174788506136407,1.0,0.0022459999999999702,1.4163199999999998
574,-17.63171985724897,9.174623936150306,1.0,0.002763000000000071,1.4190829999999999
575,-17.637712586450014,9.166650194408145,1.0,0.0022739999999998872,1.4213569999999998
576,-17.645610236888775,9.165803397331686,1.0,0.0028770000000000184,1.4242339999999998
577,-17.658943512364573,9.168551413031528,1.0,0.0022330000000001515,1.426467
578,-17.663265543636477,9.146325623462207,1.0,0.002290999999999821,1.4287579999999998
579,-17.66666133813206,9.129373773431881,1.0,0.003019000000000105,1.4317769999999999
580,-17.66928762057068,9.137763289667644,1.0,0.0021299999999999653,1.4339069999999998
581,-17.679914544701816,9.115511105143128,1.0,0.0022560000000000358,1.4361629999999999
582,-17.68510056052294,9.10152205156782,1.0,0.0023759999999999337,1.4385389999999998
583,-17.69306094650586,9.09048980538147,1.0,0.0023500000000000743,1.4408889999999999
584,-17.70180484631808,9.079422114879566,1.0,0.0028680000000000927,1.443757
585,-17.71795632460571,9.050332626347203,1.0,0.0022119999999998807,1.4459689999999998
586,-17.721619781865485,9.036306297313697,1.0,0.0028049999999999464,1.4487739999999998
587,-17.72805268482887,9.041358799444579,1.0,0.0026680000000001147,1.451442
588,-17.743519245307347,9.051131630181516,1.0,0.002254999999999896,1.4536969999999998
589,-17.754126769137308,9.048096836638054,1.0,0.0023060000000001413,1.456003
590,-17.773761564688545,9.047170746552561,1.0,0.0027639999999999887,1.458767
591,-17.78352192258256,9.015104444935703,1.0,0.002262999999999904,1.4610299999999998
592,-17.78972333095432,8.999899196123417,1.0,0.0023079999999999767,1.4633379999999998
593,-17.792642992025975,8.984314293119754,1.0,0.002553999999999945,1.4658919999999998
594,-17.804702306029686,8.951464822088186,1.0,0.0023530000000000495,1.4682449999999998
595,-17.809379600077047,8.9477395121544,1.0,0.0023200000000000998,1.470565
596,-17.81438215752585,8.95211675653612,1.0,0.0022929999999998785,1.4728579999999998
597,-17.821864105600092,8.93081932578479,1.0,0.0029360000000000497,1.4757939999999998
598,-17.831676435798215,8.915904135938499,1.0,0.002242999999999995,1.4780369999999998
599,-17.836679553932413,8.910362444229072,1.0,0.0029209999999999514,1.4809579999999998
600,-17.839399905570822,8.918662005877856,1.0,0.0023180000000000422,1.4832759999999998
601,-17.848401970677415,8.894979656360977,1.0,0.0022120000000001028,1.485488
602,-17.86315765936051,8.882392635612637,1.0,0.0023519999999999097,1.4878399999999998
603,-17.87301773272783,8.902417448374603,1.0,0.002563000000000093,1.490403
604,-17.889336076915612,8.85857235453674,1.0,0.002290999999999821,1.4926939999999997
605,-17.89734457624231,8.80953722377646,1.0,0.002387000000000139,1.4950809999999999
606,-17.90749231258276,8.804738941176515,1.0,0.0028880000000000017,1.4979689999999999
607,-17.916501305472117,8.79368945104366,1.0,0.0032799999999999496,1.5012489999999998
608,-17.92080905171683,8.790809532958258,1.0,0.002601999999999993,1.5038509999999998
609,-17.929939690722,8.83938246175785,1.0,0.0023999999999999577,1.5062509999999998
610,-17.938811388080037,8.853569425603052,1.0,0.002263000000000126,1.508514
611,-17.941574291183883,8.861481566508935,1.0,0.0028079999999999217,1.5113219999999998
612,-17.954316062016353,8.814743356946122,1.0,0.0023640000000000327,1.5136859999999999
613,-17.963047919733228,8.78509192031452,1.0,0.0028770000000000184,1.5165629999999999
614,-17.969276212530197,8.805386973479395,1.0,0.0032840000000000646,1.519847
615,-17.98011169351271,8.78398430526442,1.0,0.002341999999999844,1.5221889999999998
616,-17.98726676121337,8.778296625272219,1.0,0.0023770000000000735,1.5245659999999999
617,-17.99226721916149,8.780991967155707,1.0,0.0022329999999999295,1.5267989999999998
618,-17.995628716739684,8.780086564249608,1.0,0.0022610000000000685,1.5290599999999999
619,-18.001208756816233,8.780527680940622,1.0,0.0025120000000000697,1.531572
620,-18.0069278254328,8.782288466365463,1.0,0.0022659999999998792,1.5338379999999998
621,-18.01768434094238,8.81851251005383,1.0,0.0023159999999999847,1.5361539999999998
622,-18.0251657904262,8.80635339249635,1.0,0.0027730000000001365,1.538927
623,-18.036335749509064,8.806076080380679,1.0,0.0024450000000000305,1.541372
624,-18.043614621037616,8.7852641689224,1.0,0.002266999999999797,1.5436389999999998
625,-18.05844293065948,8.766136158175796,1.0,0.0022520000000001428,1.545891
626,-18.06222459764652,8.75975471903755,1.0,0.0027839999999998977,1.5486749999999998
627,-18.067495955889925,8.76448640544305,1.0,0.0026479999999999837,1.5513229999999998
628,-18.075938795734785,8.739482149314664,1.0,0.0023290000000000255,1.5536519999999998
629,-18.083847123369956,8.748861519707877,1.0,0.0023900000000001143,1.556042
630,-18.088447290982852,8.737764612001682,1.0,0.002267000000000019,1.558309
631,-18.090653507936036,8.748637443304315,1.0,0.0023059999999999192,1.5606149999999999
632,-18.096792288624712,8.769685489956796,1.0,0.0022329999999999295,1.5628479999999998
633,-18.102138814389466,8.74271912357316,1.0,0.0026730000000001475,1.565521
634,-18.109827304201893,8.742267403888919,1.0,0.002286999999999928,1.5678079999999999
635,-18.122324674129075,8.69287694021838,1.0,0.0022519999999999207,1.5700599999999998
636,-18.13092223060458,8.678750739891404,1.0,0.0023130000000000095,1.5723729999999998
637,-18.13999437833309,8.68589248868353,1.0,0.0028160000000001517,1.575189
638,-18.151059133012705,8.671714224121278,1.0,0.002293999999999796,1.5774829999999997
639,-18.155576929332852,8.65751410242994,1.0,0.002419000000000171,1.579902
640,-18.16113710088746,8.637563894672521,1.0,0.0023560000000000247,1.582258
641,-18.165189415921798,8.611637175591266,1.0,0.0022719999999998297,1.5845299999999998
642,-18.172466636975198,8.588539762184306,1.0,0.0023260000000000502,1.5868559999999998
643,-18.17847268178115,8.574522743106035,1.0,0.0023679999999999257,1.5892239999999997
644,-18.183689543668883,8.567666984494814,1.0,0.0023780000000002133,1.591602
645,-18.194878549022626,8.557087658801661,1.0,0.0022619999999999862,1.593864
646,-18.201805230247555,8.54151330343811,1.0,0.0023079999999997547,1.5961719999999997
647,-18.21274122163332,8.555792590987311,1.0,0.0033929999999999794,1.5995649999999997
648,-18.215288249831506,8.558939200037605,1.0,0.0027140000000001052,1.6022789999999998
649,-18.21830376373492,8.579944569933255,1.0,0.0022730000000001915,1.604552
650,-18.22418980169173,8.574546653102038,1.0,0.0023409999999999265,1.606893
651,-18.231384083002897,8.585925282113509,1.0,0.002826999999999913,1.6097199999999998
652,-18.236928248580575,8.58898554454868,1.0,0.0022609999999998465,1.6119809999999997
653,-18.24480915370117,8.606397865964235,1.0,0.002515000000000267,1.614496
654,-18.251340353510596,8.57645547772709,1.0,0.0023079999999997547,1.6168039999999997
655,-18.26407934908228,8.590723043732293,1.0,0.0023530000000002715,1.619157
656,-18.266957354988307,8.58480177126275,1.0,0.0022780000000000022,1.621435
657,-18.271795758563783,8.572251789834624,1.0,0.002358999999999778,1.6237939999999997
658,-18.279013592693268,8.546382816403945,1.0,0.0022139999999999382,1.6260079999999997
659,-18.288600532712366,8.51156482448868,1.0,0.0028050000000003905,1.628813
660,-18.294232287235296,8.488036743810442,1.0,0.002482999999999791,1.6312959999999999
661,-18.298852820123443,8.50698155680188,1.0,0.0022500000000000853,1.633546
662,-18.303177334917258,8.494367539434045,1.0,0.0023079999999997547,1.6358539999999997
663,-18.313226564960427,8.482238424124821,1.0,0.002356000000000247,1.63821
664,-18.31616576789062,8.477484835102494,1.0,0.0028889999999996974,1.6410989999999996
665,-18.318569551080806,8.496579457460866,1.0,0.002743000000000162,1.6438419999999998
666,-18.323119997465568,8.469381935439765,1.0,0.0022570000000001755,1.646099
667,-18.327125290324574,8.482352228808693,1.0,0.0026449999999997864,1.6487439999999998
668,-18.332220313151282,8.485381876237245,1.0,0.0026850000000000485,1.6514289999999998
669,-18.34028177963572,8.455053098248992,1.0,0.0022299999999999542,1.6536589999999998
670,-18.35185882056731,8.466822976974074,1.0,0.002307000000000059,1.6559659999999998
671,-18.359319983593913,8.491230185238418,1.0,0.0022880000000000678,1.658254
672,-18.363906507388325,8.492901632594455,1.0,0.0022780000000000022,1.660532
673,-18.37083080005006,8.498642474534336,1.0,0.0023420000000000663,1.662874
674,-18.375960249613165,8.475546118820509,1.0,0.0025649999999997064,1.6654389999999997
675,-18.38386251291117,8.42913435243755,1.0,0.0024250000000001215,1.6678639999999998
676,-18.38734286936296,8.412861833960275,1.0,0.0024060000000001303,1.67027
677,-18.393515192333766,8.410167180173506,1.0,0.0023889999999999745,1.672659
678,-18.403307500039627,8.390400424172448,1.0,0.0024329999999999075,1.6750919999999998
679,-18.41313658115479,8.38764432537069,1.0,0.002235000000000209,1.677327
680,-18.4217761022942,8.357963324109258,1.0,0.003403000000000045,1.68073
681,-18.430824614219357,8.335311586057994,1.0,0.0030049999999999244,1.683735
682,-18.438644589261934,8.328885308839395,1.0,0.002313999999999705,1.6860489999999997
683,-18.443117742275746,8.325396049501796,1.0,0.0022969999999999935,1.6883459999999997
684,-18.44767364473877,8.324850760493504,1.0,0.002850000000000019,1.6911959999999997
685,-18.453376042392325,8.336413031419978,1.0,0.0022410000000001595,1.6934369999999999
686,-18.461992654433608,8.331693558544767,1.0,0.0022050000000000125,1.6956419999999999
687,-18.464761219881396,8.316429540397108,1.0,0.0028920000000001167,1.698534
688,-18.47155508374466,8.34033944114931,1.0,0.0022359999999999047,1.70077
689,-18.476878996337845,8.336949079358636,1.0,0.003130999999999773,1.7039009999999997
690,-18.480777543364724,8.350143039960903,1.0,0.0024810000000003996,1.706382
691,-18.49334509210089,8.350801553109273,1.0,0.0022409999999997154,1.7086229999999998
692,-18.502453392221895,8.3340850038038,1.0,0.0022570000000001755,1.71088
693,-18.507228475361956,8.319610013679469,1.0,0.002326999999999746,1.7132069999999997
694,-18.517836693542176,8.250741187516892,1.0,0.0026690000000000325,1.7158759999999997
695,-18.52972100704287,8.24828810769107,1.0,0.0027569999999998984,1.7186329999999996
696,-18.536982941867834,8.26490318999382,1.0,0.0022410000000001595,1.7208739999999998
697,-18.545789073887544,8.262356019502061,1.0,0.0023420000000000663,1.7232159999999999
698,-18.549868086331003,8.258544385807244,1.0,0.00231799999999982,1.7255339999999997
699,-18.560780149311164,8.274328309617182,1.0,0.00225500000000034,1.727789
700,-18.568777498014718,8.255567713870514,1.0,0.002409999999999801,1.7301989999999998
701,-18.578216846665462,8.219782067700915,1.0,0.002905999999999853,1.7331049999999997
702,-18.58383323389534,8.231143674831277,1.0,0.002803000000000111,1.7359079999999998
703,-18.593905193185716,8.228482761417405,1.0,0.0023210000000002395,1.738229
704,-18.60005103768397,8.20224349219585,1.0,0.002329999999999721,1.7405589999999997
705,-18.604793792297702,8.205054298247434,1.0,0.002388000000000279,1.742947
706,-18.61363686889637,8.216439139047766,1.0,0.002266999999999797,1.7452139999999998
707,-18.62599063864633,8.185869625993343,1.0,0.0025620000000001752,1.747776
708,-18.634603750766537,8.184237729332125,1.0,0.002297999999999689,1.7500739999999997
709,-18.64332016172058,8.148686720050183,1.0,0.0024000000000001798,1.7524739999999999
710,-18.650677871173677,8.125203395517858,1.0,0.0022780000000000022,1.7547519999999999
711,-18.657157339583605,8.107851043850337,1.0,0.002323000000000075,1.757075
712,-18.66527405928228,8.080614617665688,1.0,0.0023010000000001085,1.759376
713,-18.670280106716007,8.066010293518532,1.0,0.002885999999999722,1.7622619999999998
714,-18.672928448645337,8.055077532568449,1.0,0.0023050000000002235,1.764567
715,-18.676878701268038,8.063968824752443,1.0,0.00223899999999988,1.7668059999999999
716,-18.681732900512515,8.046655254730238,1.0,0.002269999999999772,1.7690759999999996
717,-18.68883769743342,8.0444779099698,1.0,0.0022250000000001435,1.7713009999999998
718,-18.694880882614697,8.024927092598816,1.0,0.0022210000000000285,1.7735219999999998
719,-18.69909972794311,8.031455663865351,1.0,0.002210999999999963,1.7757329999999998
720,-18.703891990780413,8.029368032000459,1.0,0.0022060000000001523,1.777939
721,-18.71177077790604,8.012805525988675,1.0,0.0024969999999999715,1.780436
722,-18.712902716851993,8.0151467369129,1.0,0.002593999999999763,1.7830299999999997
723,-18.718228784864973,7.992349055061327,1.0,0.002195000000000391,1.785225
724,-18.724076933833906,7.992306612405956,1.0,0.0022569999999997314,1.7874819999999998
725,-18.733787550995054,8.00644857458849,1.0,0.002705999999999875,1.7901879999999997
726,-18.737572508426496,8.028953271361436,1.0,0.0022459999999999702,1.7924339999999996
727,-18.746581790762797,8.00941152748812,1.0,0.0021460000000002033,1.7945799999999998
728,-18.750615421468694,7.998960360433259,1.0,0.0026679999999998927,1.7972479999999997
729,-18.757619726919362,7.978954418298604,1.0,0.0020970000000000155,1.7993449999999998
730,-18.773712301534346,7.9608639392636915,1.0,0.0029770000000000074,1.8023219999999998
731,-18.77848423369354,7.960156942098873,1.0,0.00255099999999997,1.8048729999999997
732,-18.7818806760218,7.9538156356267535,1.0,0.0025590000000002,1.807432
733,-18.785642030619478,7.943424506663343,1.0,0.00270199999999976,1.8101339999999997
734,-18.788714448754234,7.92189415748179,1.0,0.0026260000000002393,1.81276
735,-18.792592555508463,7.913686210826869,1.0,0.0022530000000000605,1.815013
736,-18.796040290473474,7.921890052184172,1.0,0.002226999999999979,1.81724
737,-18.803587349554203,7.887809206095221,1.0,0.0023439999999999017,1.8195839999999999
738,-18.80672096524131,7.852760490143134,1.0,0.0021740000000001203,1.821758
739,-18.809414135758082,7.841347726548093,1.0,0.002762999999999849,1.8245209999999998
740,-18.812910672881287,7.8340018001887985,1.0,0.00216800000000017,1.826689
741,-18.815417106722865,7.830143489851424,1.0,0.0023049999999997794,1.8289939999999998
742,-18.822486758484644,7.824768487884304,1.0,0.002219000000000193,1.831213
743,-18.82763026686759,7.816520382258645,1.0,0.002278999999999698,1.8334919999999997
744,-18.831418323778536,7.806460037431069,1.0,0.0026760000000001227,1.8361679999999998
745,-18.84529855029201,7.760015146756217,1.0,0.002251000000000225,1.838419
746,-18.854606558836128,7.757291150481044,1.0,0.0021480000000000388,1.840567
747,-18.860165113470867,7.729604972594163,1.0,0.002313999999999705,1.8428809999999998
748,-18.86438522165562,7.704191222753874,1.0,0.0022090000000001275,1.84509
749,-18.867604022901418,7.685185704710441,1.0,0.002361999999999753,1.8474519999999997
750,-18.87283003062102,7.684152585176843,1.0,0.002623000000000264,1.850075
751,-18.878903582627878,7.676806011827509,1.0,0.0022020000000000373,1.852277
752,-18.8867038526612,7.653026573245508,1.0,0.0021700000000000053,1.854447
753,-18.894767511562332,7.639238930150686,1.0,0.0026889999999997194,1.8571359999999997
754,-18.900439530728033,7.651416814468951,1.0,0.0021919999999999717,1.8593279999999996
755,-18.90295648034048,7.664501682916374,1.0,0.0021340000000003023,1.861462
756,-18.909423139596015,7.628044018024342,1.0,0.00278299999999998,1.864245
757,-18.913739477687194,7.648527489340787,1.0,0.0022729999999997474,1.8665179999999997
758,-18.919815185058177,7.644877214133683,1.0,0.002695000000000114,1.8692129999999998
759,-18.925517724364994,7.628685338269722,1.0,0.0021719999999998407,1.8713849999999996
760,-18.933735363344116,7.600120617620897,1.0,0.002203000000000177,1.8735879999999998
761,-18.942632333360635,7.583285978089313,1.0,0.0027330000000000965,1.876321
762,-18.94664174037692,7.584618194064969,1.0,0.00239900000000004,1.87872
763,-18.955060637657816,7.547921362734775,1.0,0.002314999999999845,1.8810349999999998
764,-18.95817589208655,7.542056284904685,1.0,0.0022579999999998712,1.8832929999999997
765,-18.963721654706706,7.533400334023468,1.0,0.0022060000000001523,1.8854989999999998
766,-18.96653632735937,7.526167840064696,1.0,0.002682000000000073,1.8881809999999999
767,-18.972236667287415,7.499091404755129,1.0,0.0021740000000001203,1.890355
768,-18.975675546365345,7.4777992162712765,1.0,0.0022180000000000533,1.892573
769,-18.98136121643161,7.45920041290522,1.0,0.0026969999999999494,1.89527
770,-18.98702281025259,7.468593537198058,1.0,0.002533999999999814,1.8978039999999998
771,-18.992117128186052,7.484512095815363,1.0,0.002232000000000234,1.900036
772,-19.00439036041266,7.489859812718525,1.0,0.0022759999999997227,1.9023119999999998
773,-19.013492527656595,7.455210825787682,1.0,0.0022980000000001333,1.90461
774,-19.015789516501442,7.4589676525007675,1.0,0.0022500000000000853,1.90686
775,-19.018206003827828,7.474922194174464,1.0,0.002282999999999813,1.9091429999999998
776,-19.02433285039636,7.470819323091673,1.0,0.0027370000000002115,1.91188
777,-19.027677790220658,7.476635177863956,1.0,0.0027009999999996204,1.9145809999999996
778,-19.034522867657103,7.484623258296687,1.0,0.0020970000000000155,1.9166779999999997
779,-19.041296247318837,7.458786728444716,1.0,0.0021980000000003663,1.918876
780,-19.043287257412928,7.433402293159953,1.0,0.002275000000000027,1.921151
781,-19.046353185963188,7.438251644346852,1.0,0.0021519999999997097,1.9233029999999998
782,-19.05114846511004,7.441440517074275,1.0,0.002806000000000086,1.9261089999999998
783,-19.060295678352528,7.444407707116783,1.0,0.0022449999999998305,1.9283539999999997
784,-19.072296331254318,7.41306282372616,1.0,0.002312000000000314,1.930666
785,-19.07769978550814,7.375066533011671,1.0,0.002161999999999775,1.9328279999999998
786,-19.08546935884541,7.344195277284663,1.0,0.002307000000000059,1.9351349999999998
787,-19.0908537403555,7.334738363674535,1.0,0.0026860000000001882,1.937821
788,-19.09418172862771,7.342096825914185,1.0,0.002341999999999622,1.9401629999999996
789,-19.098397342638762,7.334425306083618,1.0,0.0022280000000001188,1.9423909999999998
790,-19.103166764855132,7.336885960470065,1.0,0.0025569999999999204,1.9449479999999997
791,-19.11224678116289,7.32667210187144,1.0,0.002271000000000356,1.947219
792,-19.11662207648665,7.3169263106151385,1.0,0.0027929999999996014,1.9500119999999996
793,-19.118580461425342,7.31073219802382,1.0,0.002251000000000225,1.9522629999999999
794,-19.119733338709775,7.302907305040013,1.0,0.0022449999999998305,1.9545079999999997
795,-19.12345943695813,7.305131082113032,1.0,0.0021810000000002105,1.956689
796,-19.125785932933713,7.285928290138476,1.0,0.002279000000000142,1.958968
797,-19.132504085951542,7.236274391941376,1.0,0.0027719999999997746,1.9617399999999998
798,-19.13882665199244,7.237954501246781,1.0,0.002491000000000021,1.9642309999999998
799,-19.140898797062174,7.2394477126841315,1.0,0.0021889999999999965,1.9664199999999998
800,-19.14740345628532,7.244580007029688,1.0,0.0023930000000000895,1.968813
801,-19.154895116278908,7.245874361340545,1.0,0.0021839999999997417,1.9709969999999997
802,-19.157608359809714,7.251999018478182,1.0,0.003114000000000061,1.9741109999999997
803,-19.160044254734608,7.2540234603507985,1.0,0.0029970000000001384,1.9771079999999999
804,-19.164267305185604,7.251978719154235,1.0,0.0029330000000000744,1.980041
805,-19.17500183757016,7.228247058024999,1.0,0.0021249999999999325,1.9821659999999999
806,-19.18186485936933,7.2555254225761345,1.0,0.0022570000000001755,1.984423
807,-19.184646880989895,7.241830209014724,1.0,0.002234999999999765,1.9866579999999998
808,-19.19041617444197,7.259944592780487,1.0,0.0022570000000001755,1.988915
809,-19.192790316444295,7.240743725472531,1.0,0.002602999999999689,1.9915179999999997
810,-19.19805269743795,7.256027732946673,1.0,0.002755000000000063,1.9942729999999997
811,-19.204681241189622,7.256795038659503,1.0,0.002585999999999977,1.9968589999999997
812,-19.208789375746477,7.276487438151246,1.0,0.0023370000000002555,1.999196
813,-19.21347472647454,7.263876024802588,1.0,0.0022759999999997227,2.0014719999999997
814,-19.217222036633927,7.257965347391277,1.0,0.002203000000000177,2.003675
815,-19.22081328777338,7.250111771244448,1.0,0.002171000000000145,2.005846
816,-19.2314501282188,7.231367717413578,1.0,0.002885999999999722,2.0087319999999997
817,-19.237928320494497,7.2325461067813945,1.0,0.0031690000000001994,2.011901
818,-19.245482873721144,7.216165391760894,1.0,0.0029439999999998356,2.0148449999999998
819,-19.25147157978846,7.208252589088243,1.0,0.0025180000000002423,2.017363
820,-19.257758170270233,7.172961975746885,1.0,0.002750999999999948,2.020114
821,-19.263133452885167,7.1640747839686085,1.0,0.0022279999999996747,2.0223419999999996
822,-19.26771295606478,7.164727661190172,1.0,0.002391000000000254,2.024733
823,-19.27151368027374,7.178463772068198,1.0,0.0027170000000000805,2.02745
824,-19.280848064730048,7.1537701314441975,1.0,0.002682999999999769,2.0301329999999997
825,-19.286792049775332,7.153907762841694,1.0,0.002172000000000285,2.032305
826,-19.288558920372047,7.1467376093391675,1.0,0.002217999999999609,2.0345229999999996
827,-19.301093854829848,7.1059520345819935,1.0,0.002311000000000174,2.036834
828,-19.305028863377487,7.06837030517385,1.0,0.002210999999999963,2.0390449999999998
829,-19.311456414308843,7.035046167545081,1.0,0.0027490000000001125,2.041794
830,-19.313986709847175,7.026470387415216,1.0,0.0022120000000001028,2.044006
831,-19.3169579997769,7.025214484477609,1.0,0.0026449999999997864,2.0466509999999998
832,-19.319765282451467,7.029453068465245,1.0,0.0023320000000000007,2.0489829999999998
833,-19.32331006667373,7.01503032619265,1.0,0.0021780000000002353,2.051161
834,-19.33006090063154,6.998132814993552,1.0,0.0022289999999998145,2.05339
835,-19.334607192933483,6.989797187606989,1.0,0.0023219999999999352,2.0557119999999998
836,-19.340773824028226,6.964972295482889,1.0,0.002302999999999944,2.0580149999999997
837,-19.34587287047212,6.942185103388028,1.0,0.002779000000000309,2.060794
838,-19.34824256823829,6.930776691911578,1.0,0.00238999999999967,2.0631839999999997
839,-19.351476030535604,6.951688363194644,1.0,0.0022130000000002426,2.065397
840,-19.362940271597676,6.965106431252526,1.0,0.002221999999999724,2.0676189999999997
841,-19.37050450219369,6.930022756868639,1.0,0.0022180000000000533,2.0698369999999997
842,-19.3742680558411,6.9231438899491735,1.0,0.0022079999999999878,2.0720449999999997
843,-19.378406215935286,6.923891742782582,1.0,0.0027440000000003018,2.074789
844,-19.38695736558292,6.9350859358583605,1.0,0.0026769999999998184,2.077466
845,-19.395358449106933,6.90379114179612,1.0,0.0022639999999998217,2.0797299999999996
846,-19.40045530571059,6.854272191191526,1.0,0.0022850000000000925,2.0820149999999997
847,-19.403017905798773,6.845590102085484,1.0,0.00224700000000011,2.084262
848,-19.406219219483184,6.843720331155593,1.0,0.002199000000000062,2.086461
849,-19.414269552567042,6.820083483867623,1.0,0.00224700000000011,2.088708
850,-19.419748638171267,6.810527810865032,1.0,0.0022240000000000038,2.090932
851,-19.423528361594162,6.80108102866334,1.0,0.0022400000000000198,2.093172
852,-19.427066705542398,6.77914549745175,1.0,0.002275000000000027,2.095447
853,-19.42970234983588,6.7776113265045375,1.0,0.0023929999999996454,2.0978399999999997
854,-19.437259269877288,6.783896678514639,1.0,0.0026280000000000747,2.100468
855,-19.441775127674624,6.770495650104322,1.0,0.0027300000000001212,2.103198
856,-19.443883935837277,6.775590739683216,1.0,0.0022999999999999687,2.105498
857,-19.449815033605724,6.762058784594089,1.0,0.0023100000000000342,2.107808
858,-19.454938689331655,6.75190698471873,1.0,0.0022769999999998625,2.1100849999999998
859,-19.463353641148565,6.730768129819949,1.0,0.002340000000000231,2.112425
860,-19.468820980320864,6.728836021121548,1.0,0.002742999999999718,2.1151679999999997
861,-19.469371740827242,6.727910866749837,1.0,0.0023240000000002148,2.117492
862,-19.475390153779088,6.720235396581441,1.0,0.0022500000000000853,2.119742
863,-19.47885809854701,6.700457149428808,1.0,0.002313999999999705,2.1220559999999997
864,-19.482535887524882,6.71419918521281,1.0,0.0022120000000001028,2.124268
865,-19.486425619850714,6.729349703498018,1.0,0.0027599999999998737,2.1270279999999997
866,-19.48900260915361,6.7410445951229905,1.0,0.0022530000000000605,2.1292809999999998
867,-19.49253098927401,6.73592350363638,1.0,0.002362999999999893,2.1316439999999997
868,-19.49522191944441,6.746029139131448,1.0,0.002236000000000349,2.13388
869,-19.500208133083945,6.751709953418973,1.0,0.0022769999999998625,2.136157
870,-19.501656176295626,6.750799593144394,1.0,0.0027650000000001285,2.138922
871,-19.510991462298378,6.750035771982152,1.0,0.0023049999999997794,2.1412269999999998
872,-19.513071745210972,6.739577554366928,1.0,0.0022120000000001028,2.143439
873,-19.524601164375095,6.748920518568009,1.0,0.0023719999999998187,2.1458109999999997
874,-19.526199140003943,6.74002914072058,1.0,0.002231000000000094,2.148042
875,-19.532678945634018,6.737022619617723,1.0,0.0027820000000002842,2.150824
876,-19.537337108725588,6.736929307810761,1.0,0.002222999999999864,2.153047
877,-19.54655517057074,6.70179764110875,1.0,0.0022759999999997227,2.1553229999999997
878,-19.55273291930944,6.679297693260835,1.0,0.0021860000000000213,2.1575089999999997
879,-19.554873451970003,6.677724395809688,1.0,0.002296000000000298,2.159805
880,-19.55933633565681,6.659658135736512,1.0,0.0029719999999997526,2.1627769999999997
881,-19.56408481523909,6.650597095119223,1.0,0.0026610000000002465,2.165438
882,-19.57795819820048,6.651657265904017,1.0,0.0022619999999999862,2.1677
883,-19.581739544066323,6.6495153427766995,1.0,0.0022210000000000285,2.169921
884,-19.583063344467064,6.647993869612681,1.0,0.002739000000000047,2.17266
885,-19.589096626358803,6.632816417476381,1.0,0.0022159999999997737,2.174876
886,-19.593286118598506,6.640128650183917,1.0,0.002210999999999963,2.1770869999999998
887,-19.599582902621677,6.628116469645026,1.0,0.0027650000000001285,2.179852
888,-19.60618154616204,6.61033098624648,1.0,0.0022400000000000198,2.182092
889,-19.60893157643849,6.611721733602126,1.0,0.0027479999999999727,2.18484
890,-19.617317353031872,6.607187873548418,1.0,0.002193999999999807,2.1870339999999997
891,-19.621102409563655,6.6071381378840455,1.0,0.0022170000000003576,2.189251
892,-19.621810347829655,6.610371015806008,1.0,0.0027679999999996596,2.1920189999999997
893,-19.625698784209916,6.608417205308707,1.0,0.002251000000000225,2.19427
894,-19.630376747946315,6.5976401098449395,1.0,0.0023369999999998115,2.1966069999999998
895,-19.63579510943715,6.606915192753479,1.0,0.0022240000000000038,2.1988309999999998
896,-19.639897728190057,6.605002512862102,1.0,0.002251000000000225,2.201082
897,-19.643384454989416,6.594204701734849,1.0,0.0022459999999999702,2.203328
898,-19.648734731422064,6.590759213120789,1.0,0.0022319999999997897,2.2055599999999997
899,-19.652780787783637,6.582758869723846,1.0,0.00271100000000013,2.208271
900,-19.66018009906381,6.612310225780787,1.0,0.0021930000000001115,2.210464
901,-19.665251856989823,6.612874228234291,1.0,0.0025119999999998477,2.212976
902,-19.66898730200555,6.638856052318465,1.0,0.0026410000000001155,2.215617
903,-19.673084814140267,6.608985354487683,1.0,0.002234999999999765,2.2178519999999997
904,-19.677466194919997,6.621522078708742,1.0,0.002235000000000209,2.220087
905,-19.68307272462029,6.653725734228389,1.0,0.0026799999999997937,2.2227669999999997
906,-19.68591845936659,6.645646619441551,1.0,0.0022540000000002003,2.225021
907,-19.688410893863292,6.655575287404951,1.0,0.00216700000000003,2.227188
908,-19.696408633989567,6.66097165889687,1.0,0.00278299999999998,2.229971
909,-19.698736969303365,6.643477330159609,1.0,0.002218999999999749,2.2321899999999997
910,-19.703295890321424,6.6167850189327275,1.0,0.002766999999999964,2.2349569999999996
911,-19.70524282741181,6.611707619261691,1.0,0.002163000000000359,2.23712
912,-19.708714254663043,6.615089853120016,1.0,0.002202999999999733,2.2393229999999997
913,-19.7135017937503,6.615586717365728,1.0,0.0026860000000001882,2.242009
914,-19.71419362118746,6.612125070424364,1.0,0.0022820000000001173,2.244291
915,-19.716737221312222,6.592136227817331,1.0,0.0022159999999997737,2.246507
916,-19.719319876633264,6.607028548956949,1.0,0.002739000000000047,2.249246
917,-19.722952318144532,6.612315618254845,1.0,0.0021919999999999717,2.251438
918,-19.73062462658047,6.5823338960358395,1.0,0.0027479999999999727,2.254186
919,-19.733882423188525,6.565017060428823,1.0,0.002190999999999832,2.2563769999999996
920,-19.738700840698705,6.559996673178331,1.0,0.0022120000000001028,2.2585889999999997
921,-19.745087701233558,6.52321506023912,1.0,0.0026969999999999494,2.2612859999999997
922,-19.74686050658545,6.524944401760777,1.0,0.0022690000000000765,2.2635549999999998
923,-19.747677914455604,6.515250356403311,1.0,0.0022050000000000125,2.2657599999999998
924,-19.751498124859665,6.506902784074361,1.0,0.0027970000000001605,2.268557
925,-19.755453011747942,6.495828385459224,1.0,0.0021800000000000708,2.270737
926,-19.757425218282723,6.501353250538983,1.0,0.002742999999999718,2.2734799999999997
927,-19.76528717655232,6.49860304483787,1.0,0.002151000000000014,2.2756309999999997
928,-19.76769793044982,6.492836983344182,1.0,0.00224800000000025,2.277879
929,-19.769282957078648,6.501364752386375,1.0,0.0026880000000000237,2.280567
930,-19.77587681482997,6.494857366342351,1.0,0.002218999999999749,2.2827859999999998
931,-19.781097972031706,6.520097380076839,1.0,0.0022079999999999878,2.2849939999999997
932,-19.78396318268978,6.530932245542482,1.0,0.00263900000000028,2.287633
933,-19.78604088098238,6.526872664764545,1.0,0.0021039999999996617,2.2897369999999997
934,-19.789139690737493,6.512166003645042,1.0,0.0030529999999999724,2.2927899999999997
935,-19.79379338693219,6.500667976012363,1.0,0.0025730000000003805,2.295363
936,-19.795521585333987,6.501249423595236,1.0,0.0022259999999998392,2.297589
937,-19.798313088179896,6.513629640303005,1.0,0.00262999999999991,2.300219
938,-19.800932600120277,6.52013968740552,1.0,0.0021979999999999222,2.3024169999999997
939,-19.80645497695636,6.539332048832773,1.0,0.002131000000000327,2.304548
940,-19.81267076653095,6.532560336635685,1.0,0.002710999999999686,2.3072589999999997
941,-19.818682412940376,6.529493979470698,1.0,0.002155000000000129,2.309414
942,-19.825238286213605,6.495935052116971,1.0,0.002723000000000031,2.312137
943,-19.83053303541817,6.48257009410133,1.0,0.002134999999999998,2.314272
944,-19.834569447541575,6.462792756639599,1.0,0.0022009999999998975,2.316473
945,-19.83794455114525,6.476429284816759,1.0,0.0026690000000000325,2.319142
946,-19.842960080786227,6.463314101508583,1.0,0.0022290000000002586,2.321371
947,-19.846975098918087,6.456949402026103,1.0,0.0021889999999999965,2.32356
948,-19.850872936535502,6.4607966826464285,1.0,0.002734999999999932,2.326295
949,-19.85298917941777,6.44181397777608,1.0,0.002190999999999832,2.328486
950,-19.856230886887626,6.4528865698741615,1.0,0.0026929999999998344,2.3311789999999997
951,-19.85931860624411,6.460437862787213,1.0,0.0021760000000004,2.333355
952,-19.867763176456652,6.4357563984661805,1.0,0.002206999999999848,2.335562
953,-19.87298338867003,6.437963618718716,1.0,0.002590999999999788,2.3381529999999997
954,-19.87800677618939,6.4204911947086565,1.0,0.0026880000000000237,2.3408409999999997
955,-19.88260323573717,6.43284907999689,1.0,0.002531000000000283,2.343372
956,-19.887316178173204,6.419800421381721,1.0,0.003169999999999895,2.346542
957,-19.891334142328432,6.417361955105543,1.0,0.0023759999999999337,2.348918
958,-19.89359369584172,6.420054456598035,1.0,0.003077999999999914,2.3519959999999998
959,-19.897513064454625,6.416089717638991,1.0,0.002651000000000181,2.354647
960,-19.90064433096215,6.405628320271209,1.0,0.0027119999999998257,2.3573589999999998
961,-19.904864829932848,6.397671630618588,1.0,0.0030480000000001617,2.360407
962,-19.907086232465545,6.38729005118595,1.0,0.0025140000000001272,2.362921
963,-19.913618787526197,6.389650559066757,1.0,0.002329999999999721,2.3652509999999998
964,-19.91634221873696,6.384088536764641,1.0,0.003026999999999891,2.3682779999999997
965,-19.925633452140467,6.381846493040947,1.0,0.0025530000000002495,2.370831
966,-19.93038918998585,6.384400114592224,1.0,0.003422000000000036,2.374253
967,-19.935050654075326,6.383348480210701,1.0,0.0029289999999999594,2.377182
968,-19.941760993011073,6.38261354919475,1.0,0.002797999999999856,2.3799799999999998
969,-19.948191499864773,6.375220013210387,1.0,0.0027460000000001372,2.382726
970,-19.952926564543063,6.381073379454718,1.0,0.002707000000000015,2.385433
971,-19.957758232413443,6.373245822226148,1.0,0.003642999999999841,2.3890759999999998
972,-19.959846687894363,6.372263960943326,1.0,0.003391000000000144,2.392467
973,-19.966580291663558,6.316914450051661,1.0,0.0024180000000000312,2.394885
974,-19.970158972690314,6.316586383950102,1.0,0.0025889999999999525,2.397474
975,-19.97284057278791,6.309981159963796,1.0,0.0024090000000001055,2.399883
976,-19.974806382591304,6.319425938188246,1.0,0.002421999999999702,2.4023049999999997
977,-19.976995373478104,6.317162209893914,1.0,0.0025210000000002175,2.404826
978,-19.979030085808635,6.320442814480337,1.0,0.0024060000000001303,2.407232
979,-19.9839228394212,6.308526091565864,1.0,0.0032049999999999024,2.410437
980,-19.989072866687103,6.289073347757768,1.0,0.00323899999999977,2.4136759999999997
981,-19.992711417374846,6.270909922423433,1.0,0.002739000000000047,2.4164149999999998
982,-19.99783271159674,6.273518985699498,1.0,0.003214000000000272,2.419629
983,-20.0031431672187,6.281365450619041,1.0,0.003110999999999642,2.4227399999999997
984,-20.008212287621113,6.291143916538875,1.0,0.0033330000000000304,2.4260729999999997
985,-20.013060082465646,6.2719917227640964,1.0,0.0026120000000000587,2.4286849999999998
986,-20.019054753446458,6.280865384599819,1.0,0.003522000000000247,2.432207
987,-20.021759852350304,6.284382419436133,1.0,0.0029799999999999827,2.435187
988,-20.023257472679298,6.289562936283099,1.0,0.0025089999999998724,2.437696
989,-20.026309933010012,6.298764511905288,1.0,0.0024700000000001943,2.440166
990,-20.030441692315062,6.296544417360773,1.0,0.0031759999999998456,2.443342
991,-20.03627914102081,6.258996657516899,1.0,0.0027889999999999304,2.446131
992,-20.041726049746657,6.244747232402903,1.0,0.0033520000000000216,2.449483
993,-20.04621514694859,6.251727198531408,1.0,0.0025140000000001272,2.451997
994,-20.052295017450877,6.242422217729682,1.0,0.002574999999999772,2.4545719999999998
995,-20.056582491251305,6.217701370389302,1.0,0.003299000000000163,2.457871
996,-20.05927969309199,6.21525121956875,1.0,0.0036009999999997433,2.4614719999999997
997,-20.06334376055559,6.202867445326019,1.0,0.003850000000000353,2.465322
998,-20.06554848071219,6.187201682624733,1.0,0.0028009999999998314,2.468123
999,-20.069124765725736,6.1910482462713805,1.0,0.002359000000000222,2.470482
1000,-20.07141787046225,6.18310554644186,1.0,0.0024289999999997924,2.472911
1001,-20.07520003128916,6.167690699276708,1.0,0.002231000000000094,2.475142
1002,-20.077570719463804,6.154407415592384,1.0,0.0030410000000000714,2.478183
1003,-20.081452206852667,6.139221758473991,1.0,0.0027969999999997164,2.4809799999999997
1004,-20.083724045526555,6.108880163938968,1.0,0.002275000000000027,2.4832549999999998
1005,-20.08630180984018,6.09187853280022,1.0,0.0024860000000002103,2.485741
1006,-20.088814494165725,6.086791213166073,1.0,0.0027119999999998257,2.488453
1007,-20.092389187608994,6.096023383761015,1.0,0.0022050000000000125,2.490658
1008,-20.095273170840976,6.0913186488407955,1.0,0.002222999999999864,2.4928809999999997
1009,-20.097300600852765,6.093332397224237,1.0,0.0030160000000001297,2.495897
1010,-20.102292396721126,6.07172447741604,1.0,0.002947000000000255,2.498844
1011,-20.10513647030951,6.078330885920516,1.0,0.0022459999999999702,2.50109
1012,-20.10842606203953,6.079909337425511,1.0,0.0022799999999998377,2.50337
1013,-20.111001907751458,6.076385905608832,1.0,0.0022839999999999527,2.505654
1014,-20.114514398441656,6.0794115932603265,1.0,0.0023759999999999337,2.5080299999999998
1015,-20.11649465706602,6.074708300003503,1.0,0.0022809999999999775,2.5103109999999997
1016,-20.11730267609438,6.0789570494310095,1.0,0.0027250000000003105,2.513036
1017,-20.120075739954753,6.052466368630135,1.0,0.002354999999999663,2.5153909999999997
1018,-20.126314036703658,6.0352368792945486,1.0,0.0027080000000001547,2.518099
1019,-20.13134158894399,6.032701476135433,1.0,0.0023049999999997794,2.5204039999999996
1020,-20.134897492112387,6.000858518339654,1.0,0.0023240000000002148,2.522728
1021,-20.137317592235455,6.00186415900652,1.0,0.002489999999999881,2.5252179999999997
1022,-20.142684965764886,5.998034518926998,1.0,0.0023940000000002293,2.527612
1023,-20.1460064231308,6.004106175529862,1.0,0.003098999999999741,2.5307109999999997
1024,-20.14940434682659,6.012782539766928,1.0,0.0023840000000001638,2.533095
1025,-20.15074409700064,6.018141494494135,1.0,0.002555000000000085,2.53565
1026,-20.153516986943714,6.0035617356458495,1.0,0.002334999999999976,2.537985
1027,-20.157206778153753,6.0067615425110015,1.0,0.002534999999999954,2.54052
1028,-20.16185748936801,6.025326400915221,1.0,0.002905999999999853,2.5434259999999997
1029,-20.167262104031256,6.034468708758297,1.0,0.002615000000000034,2.5460409999999998
1030,-20.17035958636281,6.014843013405018,1.0,0.0024280000000000967,2.548469
1031,-20.1727484049338,6.0150076018730765,1.0,0.00247900000000012,2.550948
1032,-20.175306500185265,5.99765897129209,1.0,0.0024569999999997094,2.5534049999999997
1033,-20.181241544348932,6.0233133278216915,1.0,0.003019000000000105,2.556424
1034,-20.184076912035536,6.017157823200608,1.0,0.002429999999999932,2.5588539999999997
1035,-20.186303890069816,5.999462333181089,1.0,0.0025450000000000195,2.5613989999999998
1036,-20.188864613897426,6.015815106145508,1.0,0.0029159999999999187,2.5643149999999997
1037,-20.19304611568567,6.0445088985893936,1.0,0.003058000000000227,2.567373
1038,-20.19528379141021,6.043731972095519,1.0,0.002517999999999798,2.5698909999999997
1039,-20.19750961339072,6.042738312280395,1.0,0.002895000000000092,2.572786
1040,-20.19985869470134,6.028069243988004,1.0,0.0027889999999999304,2.5755749999999997
1041,-20.20309272010571,6.030890603949129,1.0,0.003838000000000008,2.5794129999999997
1042,-20.20810171968591,6.02417919904434,1.0,0.0026200000000002888,2.582033
1043,-20.21252366163013,6.0297580577908505,1.0,0.0024449999999998084,2.584478
1044,-20.21402917110336,6.0245850716419636,1.0,0.0024480000000002278,2.586926
1045,-20.21736199206718,6.018430877398789,1.0,0.0024519999999998987,2.589378
1046,-20.220144056717523,6.003473697989919,1.0,0.003445999999999838,2.592824
1047,-20.2216155894002,6.004362996004416,1.0,0.0026839999999999087,2.5955079999999997
1048,-20.22411347292234,6.007451145941738,1.0,0.0031920000000003057,2.5987
1049,-20.226896645966477,5.990120829418503,1.0,0.0025119999999998477,2.601212
1050,-20.231083407787388,5.98311979504985,1.0,0.0025300000000001432,2.603742
1051,-20.23613894244172,5.999258277809767,1.0,0.0026209999999999845,2.606363
1052,-20.237522103347036,5.989452245212063,1.0,0.003058999999999923,2.609422
1053,-20.240909659960263,5.994184757815123,1.0,0.0031529999999997393,2.6125749999999996
1054,-20.244031928054905,5.987231724469924,1.0,0.0030140000000002942,2.615589
1055,-20.246490757648278,5.988503648539073,1.0,0.002518999999999938,2.618108
1056,-20.248926010674438,5.974975307479177,1.0,0.0025420000000000442,2.62065
1057,-20.25012887872377,5.966361233987853,1.0,0.003045999999999882,2.623696
1058,-20.25355831577522,5.9559053325322875,1.0,0.0025080000000001768,2.626204
1059,-20.258299903505996,5.953381607570393,1.0,0.002689999999999859,2.628894
1060,-20.260265702742924,5.9512693674605845,1.0,0.0026559999999999917,2.63155
1061,-20.26434912866432,5.940284940822643,1.0,0.0025610000000000355,2.634111
1062,-20.266917030808727,5.930443124306104,1.0,0.0030999999999998806,2.6372109999999997
1063,-20.27107167504108,5.934055088782629,1.0,0.003207000000000182,2.640418
1064,-20.275169936904433,5.94873907966789,1.0,0.0024799999999998157,2.6428979999999997
1065,-20.27689236278573,5.950421302217111,1.0,0.00270999999999999,2.6456079999999997
1066,-20.280367324088616,5.950946850316695,1.0,0.0026600000000001067,2.648268
1067,-20.283025297812344,5.948385289887913,1.0,0.002537999999999929,2.6508059999999998
1068,-20.287909677848578,5.9552421430377,1.0,0.0025170000000001025,2.653323
1069,-20.29037686448449,5.972914720194055,1.0,0.0026839999999999087,2.656007
1070,-20.295406877524098,5.966039320377345,1.0,0.0026220000000001242,2.658629
1071,-20.298053710048293,5.94687754361457,1.0,0.003306999999999949,2.661936
1072,-20.302527071944752,5.9228004468541755,1.0,0.0024000000000001798,2.664336
1073,-20.306884521605717,5.925578996227468,1.0,0.0025100000000000122,2.666846
1074,-20.311028467738915,5.905609489654071,1.0,0.002506999999999593,2.6693529999999996
1075,-20.31244122843794,5.9291640543008075,1.0,0.0030240000000003597,2.672377
1076,-20.314372305236752,5.927255892921619,1.0,0.0024969999999999715,2.674874
1077,-20.3197396648575,5.8963439364177015,1.0,0.0024939999999999962,2.677368
1078,-20.322281244988787,5.8862013222477945,1.0,0.002663000000000082,2.680031
1079,-20.32794819565434,5.874496313037427,1.0,0.0025769999999996074,2.6826079999999997
1080,-20.33259447403806,5.86139426875775,1.0,0.0024180000000000312,2.6850259999999997
1081,-20.3340535969836,5.85947616127638,1.0,0.003119000000000316,2.688145
1082,-20.340965369242078,5.849489869043482,1.0,0.0026599999999996626,2.6908049999999997
1083,-20.34496779873037,5.839587669142462,1.0,0.0023770000000000735,2.6931819999999997
1084,-20.34735690845032,5.8363820678003915,1.0,0.0024399999999999977,2.6956219999999997
1085,-20.35054069434463,5.806644732885636,1.0,0.002371000000000123,2.697993
1086,-20.354840610325578,5.78822599546907,1.0,0.0025520000000001097,2.700545
1087,-20.360401244588395,5.77175757304062,1.0,0.0027649999999996844,2.7033099999999997
1088,-20.366048320583666,5.76613137008085,1.0,0.002443000000000417,2.705753
1089,-20.370086459954322,5.762771202987597,1.0,0.0024729999999997254,2.708226
1090,-20.373808721458715,5.768039521623475,1.0,0.0033970000000000944,2.711623
1091,-20.376346628728346,5.775573811277244,1.0,0.0024079999999999657,2.714031
1092,-20.380244029571216,5.771139969738968,1.0,0.0024449999999998084,2.7164759999999997
1093,-20.383662132600417,5.7765033273909285,1.0,0.0025340000000002583,2.71901
1094,-20.38809341783706,5.76422858150421,1.0,0.0024329999999999075,2.721443
1095,-20.391424619035803,5.770635202505565,1.0,0.003131000000000217,2.724574
1096,-20.395663103434842,5.745745202472799,1.0,0.0025439999999998797,2.727118
1097,-20.398196974058646,5.744684417170943,1.0,0.002742000000000022,2.72986
1098,-20.400410207584667,5.751676385683025,1.0,0.0025129999999999875,2.732373
1099,-20.403799367120833,5.729174993822033,1.0,0.0024519999999998987,2.734825
1100,-20.408894135121844,5.7270668991359415,1.0,0.0030290000000001704,2.737854
1101,-20.41344953137739,5.707964821652051,1.0,0.0024880000000000457,2.740342
1102,-20.416327655270074,5.712770540240906,1.0,0.002449999999999619,2.7427919999999997
1103,-20.420468805923278,5.674958690478213,1.0,0.0024860000000002103,2.745278
1104,-20.424628115985158,5.669514954663896,1.0,0.002422999999999842,2.7477009999999997
1105,-20.430354394539922,5.662332481995748,1.0,0.0024560000000000137,2.7501569999999997
1106,-20.432907203776416,5.63249744963961,1.0,0.0025930000000000675,2.75275
1107,-20.435201793229353,5.661918926509498,1.0,0.0024260000000002613,2.755176
1108,-20.43748420768544,5.649316627792863,1.0,0.002961999999999687,2.7581379999999998
1109,-20.44068755182011,5.6437616554477135,1.0,0.0023660000000003123,2.760504
1110,-20.44524263923193,5.636758473846356,1.0,0.0023999999999997357,2.762904
1111,-20.449584745797832,5.640494422813482,1.0,0.0024519999999998987,2.7653559999999997
1112,-20.456275340196665,5.607199814376323,1.0,0.0030440000000000467,2.7683999999999997
1113,-20.462101387994547,5.627778826909952,1.0,0.0032810000000003114,2.771681
1114,-20.46464271145617,5.629477329271518,1.0,0.0029729999999998924,2.774654
1115,-20.467874446398042,5.653752481227478,1.0,0.0023569999999999425,2.777011
1116,-20.472222333239472,5.68451257915471,1.0,0.0026540000000001562,2.779665
1117,-20.47461925124002,5.680135149008877,1.0,0.0024009999999998755,2.782066
1118,-20.47968608184023,5.68218057827936,1.0,0.0024239999999999817,2.78449
1119,-20.48335628027883,5.687223476440489,1.0,0.0029759999999998676,2.7874659999999998
1120,-20.485907760938968,5.672970421903268,1.0,0.003038000000000096,2.790504
1121,-20.488450059267507,5.679762371494818,1.0,0.002625999999999795,2.7931299999999997
1122,-20.493464061245504,5.633946957600032,1.0,0.0026580000000002713,2.795788
1123,-20.49577883206635,5.643522514726664,1.0,0.002501999999999782,2.7982899999999997
1124,-20.499745683024596,5.630578664615371,1.0,0.0025159999999999627,2.8008059999999997
1125,-20.50604964238554,5.590730803034397,1.0,0.002682000000000073,2.8034879999999998
1126,-20.508267166916646,5.58700903752105,1.0,0.002679000000000098,2.806167
1127,-20.510260328489487,5.579510222704696,1.0,0.0033680000000000376,2.809535
1128,-20.511986569179058,5.581740422537583,1.0,0.0033520000000000216,2.812887
1129,-20.514904449860182,5.5673920747222745,1.0,0.0030559999999999476,2.815943
1130,-20.51767965868154,5.58292083418199,1.0,0.0026160000000001737,2.818559
1131,-20.519870872491296,5.6011767607569105,1.0,0.003482999999999681,2.8220419999999997
1132,-20.521982282099934,5.589424767196555,1.0,0.003138000000000307,2.82518
1133,-20.52432098211377,5.573739163876988,1.0,0.002766999999999964,2.827947
1134,-20.52741916340649,5.578025269307958,1.0,0.002834000000000003,2.830781
1135,-20.52946459887265,5.577708837070911,1.0,0.0024569999999997094,2.8332379999999997
1136,-20.530687766613063,5.590328306122748,1.0,0.0024079999999999657,2.8356459999999997
1137,-20.53438482560535,5.598047995259339,1.0,0.0030090000000000394,2.8386549999999997
1138,-20.540194678822505,5.603292172551623,1.0,0.0024049999999999905,2.8410599999999997
1139,-20.544550590104883,5.634027099326926,1.0,0.002483000000000235,2.843543
1140,-20.546686848225587,5.648567925282717,1.0,0.002441999999999833,2.8459849999999998
1141,-20.54874048168796,5.658000413372974,1.0,0.0024820000000000952,2.848467
1142,-20.55119394873859,5.6578016469972665,1.0,0.002521999999999913,2.8509889999999998
1143,-20.55378531045563,5.643866845345903,1.0,0.0030890000000001194,2.854078
1144,-20.557712622319993,5.633392708986066,1.0,0.0027360000000000717,2.856814
1145,-20.560350058760374,5.6355966788619325,1.0,0.0024779999999999802,2.859292
1146,-20.562269891636227,5.63419988918988,1.0,0.002458999999999989,2.861751
1147,-20.567425828534105,5.62610616797121,1.0,0.003410999999999831,2.8651619999999998
1148,-20.57108242199994,5.599138682088924,1.0,0.0033490000000000464,2.868511
1149,-20.574890614794263,5.586019659715079,1.0,0.0051320000000001365,2.873643
1150,-20.578182344291754,5.5880459969042935,1.0,0.004288999999999987,2.877932
1151,-20.582228551378062,5.574633523643138,1.0,0.004732999999999876,2.882665
1152,-20.585267495200743,5.577145365285099,1.0,0.0055010000000002,2.888166
1153,-20.591002033385607,5.563638488055079,1.0,0.005017999999999745,2.8931839999999998
1154,-20.59433056560578,5.5482588937415445,1.0,0.003274000000000221,2.896458
1155,-20.598353545624185,5.565697130163059,1.0,0.003302999999999834,2.899761
1156,-20.60034158911366,5.557907141762056,1.0,0.0037970000000000503,2.903558
1157,-20.602128571273337,5.567455796804556,1.0,0.005650999999999851,2.9092089999999997
1158,-20.603410615259982,5.568755573824856,1.0,0.00665400000000016,2.915863
1159,-20.60927347747989,5.551942382142783,1.0,0.002886999999999862,2.9187499999999997
1160,-20.61457164133726,5.528211562541513,1.0,0.0022690000000000765,2.921019
1161,-20.617404720301494,5.5300997884784975,1.0,0.0022809999999999775,2.9233
1162,-20.62029240666527,5.538450226912946,1.0,0.002388000000000279,2.925688
1163,-20.624798395512144,5.554432281556087,1.0,0.002742999999999718,2.928431
1164,-20.626920761407156,5.575508473361261,1.0,0.0022290000000002586,2.93066
1165,-20.627837985111285,5.574706793254882,1.0,0.0022940000000000182,2.932954
1166,-20.631439768550294,5.581802403785497,1.0,0.0027639999999999887,2.935718
1167,-20.633563048021415,5.589641935274615,1.0,0.002193999999999807,2.937912
1168,-20.634220758262146,5.593036352932537,1.0,0.002155000000000129,2.940067
1169,-20.639775443262412,5.607411153820186,1.0,0.002841999999999789,2.9429089999999998
1170,-20.64337599209511,5.593771986749074,1.0,0.0025840000000001417,2.945493
1171,-20.646911132927304,5.5807757789251236,1.0,0.002489999999999881,2.947983
1172,-20.649832148701712,5.583878702703686,1.0,0.0026250000000000995,2.950608
1173,-20.652172883006706,5.580469610005997,1.0,0.0025490000000001345,2.953157
1174,-20.655517067140963,5.6039421544239785,1.0,0.0022039999999998727,2.955361
1175,-20.65910011002495,5.605957250257635,1.0,0.0022090000000001275,2.95757
1176,-20.662391511138605,5.617258008495274,1.0,0.00262199999999968,2.9601919999999997
1177,-20.663498235884553,5.617279855775108,1.0,0.002136000000000138,2.962328
1178,-20.665117608781394,5.609773035628945,1.0,0.0022280000000001188,2.964556
1179,-20.668809760284994,5.6002641957634545,1.0,0.0023450000000000415,2.966901
1180,-20.67151796267035,5.600650278033406,1.0,0.0022050000000000125,2.969106
1181,-20.674520356861308,5.602953994744644,1.0,0.002762999999999849,2.971869
1182,-20.67570608818236,5.612754337366691,1.0,0.002194999999999947,2.974064
1183,-20.679636919572744,5.578585244313699,1.0,0.002442999999999973,2.976507
1184,-20.68316269906929,5.59139979802801,1.0,0.0028440000000000687,2.979351
1185,-20.686156518602047,5.589048015536138,1.0,0.002193999999999807,2.9815449999999997
1186,-20.688820690971536,5.569000698255462,1.0,0.002279000000000142,2.983824
1187,-20.692485189768767,5.587500355041071,1.0,0.002259000000000011,2.986083
1188,-20.699774735062174,5.578889452651144,1.0,0.0022299999999999542,2.9883129999999998
1189,-20.701485170717476,5.572019832320847,1.0,0.002203000000000177,2.990516
1190,-20.705725480834463,5.564997907924109,1.0,0.0022169999999999135,2.992733
1191,-20.709172775518528,5.560936768910951,1.0,0.0021819999999999062,2.9949149999999998
1192,-20.712043715703714,5.554053590427787,1.0,0.0021640000000000548,2.997079
1193,-20.7166931516385,5.564371933034553,1.0,0.00216700000000003,2.999246
1194,-20.719820454174034,5.573788621085174,1.0,0.0021889999999999965,3.001435
1195,-20.723736618509726,5.587616037419755,1.0,0.0022079999999999878,3.003643
1196,-20.725366331398803,5.581958853267466,1.0,0.002226999999999979,3.00587
1197,-20.727010254921712,5.577003540583775,1.0,0.0021919999999999717,3.008062
1198,-20.729465804146372,5.604733689245248,1.0,0.0022540000000002003,3.010316
1199,-20.732794598081483,5.588861910670428,1.0,0.002173999999999676,3.0124899999999997
1200,-20.7379075423528,5.553445454987924,1.0,0.002284000000000397,3.014774
1201,-20.743895175806195,5.55966051618076,1.0,0.002193999999999807,3.016968
1202,-20.745988601221363,5.5453336012447325,1.0,0.0022720000000000518,3.01924
1203,-20.74929549930112,5.534274246351461,1.0,0.002895000000000092,3.022135
1204,-20.751808768633733,5.540374326682233,1.0,0.0035479999999998846,3.025683
1205,-20.753429318059823,5.549640149149462,1.0,0.002914000000000083,3.028597
1206,-20.75554944816872,5.567106681956239,1.0,0.0021889999999999965,3.030786
1207,-20.758062449174943,5.573066860424978,1.0,0.0021879999999998567,3.032974
1208,-20.76133966922589,5.541339760457493,1.0,0.002259000000000011,3.035233
1209,-20.765257636758193,5.532867450342194,1.0,0.0023480000000000167,3.037581
1210,-20.769784847302184,5.519762985110202,1.0,0.0022050000000000125,3.039786
1211,-20.77286315726677,5.509167372389611,1.0,0.002534999999999954,3.042321
1212,-20.775530815750454,5.521386789693378,1.0,0.002387000000000139,3.044708
1213,-20.777603497448887,5.531495947677938,1.0,0.0022359999999999047,3.046944
1214,-20.779933558248718,5.5201248767274596,1.0,0.002349999999999852,3.0492939999999997
1215,-20.781136464529254,5.522089838572619,1.0,0.00225500000000034,3.051549
1216,-20.7828004358164,5.524104220477114,1.0,0.0022729999999997474,3.053822
1217,-20.786555946001542,5.525898131116237,1.0,0.0027500000000002522,3.056572
1218,-20.788647310489896,5.518019856323815,1.0,0.002565999999999846,3.059138
1219,-20.792439885322523,5.525903954270405,1.0,0.002285999999999788,3.0614239999999997
1220,-20.794368046910023,5.543615145086157,1.0,0.0022090000000001275,3.063633
1221,-20.80050676434931,5.520321372478152,1.0,0.0022280000000001188,3.065861
1222,-20.80193853556466,5.509482969567916,1.0,0.0022240000000000038,3.068085
1223,-20.805065976943727,5.495174400097186,1.0,0.0022560000000000358,3.070341
1224,-20.808951061650028,5.507872908597811,1.0,0.0027969999999997164,3.0731379999999997
1225,-20.81178499133108,5.523303444977931,1.0,0.0028490000000003235,3.075987
1226,-20.81498728824247,5.531821928394249,1.0,0.002250999999999781,3.078238
1227,-20.81729736526397,5.535811291515128,1.0,0.0021860000000000213,3.080424
1228,-20.822305853117932,5.5017386295462085,1.0,0.0022199999999998887,3.0826439999999997
1229,-20.82608150098461,5.498324806226508,1.0,0.0026040000000002728,3.085248
1230,-20.82873816911889,5.506562260317944,1.0,0.0027040000000000397,3.087952
1231,-20.83336056617535,5.490792772823171,1.0,0.0024729999999997254,3.0904249999999998
1232,-20.836172034232927,5.466420226517272,1.0,0.003298000000000023,3.093723
1233,-20.8383108544123,5.454527094375981,1.0,0.002203000000000177,3.095926
1234,-20.84105747205628,5.475008533268173,1.0,0.0022120000000001028,3.098138
1235,-20.842638686469332,5.484138021655432,1.0,0.0022319999999997897,3.10037
1236,-20.84426268243442,5.4851610292146455,1.0,0.0021860000000000213,3.102556
1237,-20.849107366839625,5.488120911263065,1.0,0.0022660000000001013,3.104822
1238,-20.85141837207997,5.494886468071651,1.0,0.0028729999999996814,3.1076949999999997
1239,-20.853903925576702,5.498149702557264,1.0,0.003235000000000099,3.1109299999999998
1240,-20.856599870560252,5.506228835066266,1.0,0.002242999999999995,3.1131729999999997
1241,-20.857396318451357,5.513869407512382,1.0,0.0022580000000003153,3.115431
1242,-20.859793425207805,5.5320129555093605,1.0,0.0022359999999999047,3.117667
1243,-20.862426533613345,5.536765779509537,1.0,0.002895000000000092,3.120562
1244,-20.866471198633995,5.545566105991262,1.0,0.0032809999999998674,3.123843
1245,-20.868368024649754,5.539049504571105,1.0,0.0026239999999999597,3.126467
1246,-20.871146598840255,5.528835997692435,1.0,0.0023759999999999337,3.128843
1247,-20.87478544605288,5.508407028437226,1.0,0.003442000000000167,3.132285
1248,-20.87600109983209,5.504537131812538,1.0,0.0025129999999999875,3.134798
1249,-20.879686758019023,5.473830797046455,1.0,0.002866000000000035,3.137664
1250,-20.882081382759253,5.467195710300053,1.0,0.002249999999999641,3.1399139999999996
1251,-20.884111139842688,5.456338466748111,1.0,0.0022180000000000533,3.1421319999999997
1252,-20.887765707101703,5.450772616986729,1.0,0.0029040000000000177,3.1450359999999997
1253,-20.88894482324998,5.443840897225841,1.0,0.0032090000000000174,3.1482449999999997
1254,-20.890928680378245,5.449664952461555,1.0,0.0023370000000002555,3.150582
1255,-20.893259548453848,5.442515039753472,1.0,0.002178999999999931,3.152761
1256,-20.89655276484146,5.463907912687365,1.0,0.002742000000000022,3.155503
1257,-20.900545390237667,5.461021093942876,1.0,0.002307000000000059,3.15781
1258,-20.90259781692241,5.444367409614241,1.0,0.0022479999999998057,3.160058
1259,-20.903959188637767,5.431804307132777,1.0,0.002842999999999929,3.1629009999999997
1260,-20.90831774541127,5.41889679015938,1.0,0.0022410000000001595,3.165142
1261,-20.909631872441576,5.4094470772918335,1.0,0.0024560000000000137,3.167598
1262,-20.91118646097977,5.413501976890796,1.0,0.0022519999999999207,3.16985
1263,-20.915752382403408,5.4424817623859765,1.0,0.0021979999999999222,3.1720479999999998
1264,-20.91891823963248,5.437184268968843,1.0,0.0022860000000002323,3.174334
1265,-20.921773690346065,5.435013038629808,1.0,0.002178999999999931,3.176513
1266,-20.92375816467756,5.420111743324448,1.0,0.0022660000000001013,3.178779
1267,-20.92876217749982,5.399849395135846,1.0,0.00223899999999988,3.181018
1268,-20.929857477038873,5.39209817039527,1.0,0.0027599999999998737,3.1837779999999998
1269,-20.932144456380335,5.379187726403633,1.0,0.00255099999999997,3.1863289999999997
1270,-20.93488089328165,5.377149333021868,1.0,0.0027600000000003178,3.189089
1271,-20.936628925122903,5.384165356984808,1.0,0.0021819999999999062,3.191271
1272,-20.93946398100647,5.372100257684167,1.0,0.002285999999999788,3.1935569999999998
1273,-20.941666330886598,5.36812927008572,1.0,0.0021979999999999222,3.1957549999999997
1274,-20.94217710484997,5.36365232872601,1.0,0.0023060000000003633,3.198061
1275,-20.943833322809425,5.383705892645152,1.0,0.00223799999999974,3.200299
1276,-20.949037783978735,5.354434496973249,1.0,0.0022380000000001843,3.202537
1277,-20.95112586510109,5.340984886294288,1.0,0.0021489999999997345,3.2046859999999997
1278,-20.953364359871742,5.338636996443888,1.0,0.0022580000000003153,3.206944
1279,-20.95809828061197,5.324966767298558,1.0,0.002178999999999931,3.209123
1280,-20.961031106405407,5.303902610002411,1.0,0.0022959999999998537,3.211419
1281,-20.962724865922286,5.306322064363589,1.0,0.0021640000000000548,3.213583
1282,-20.966020818805553,5.286756686002544,1.0,0.002543000000000184,3.216126
1283,-20.969125033261633,5.286671388106928,1.0,0.002798999999999996,3.218925
1284,-20.971171190843258,5.275295656552758,1.0,0.002233999999999625,3.2211589999999997
1285,-20.973559975723546,5.270896358791929,1.0,0.002252000000000365,3.223411
1286,-20.975614735512874,5.250972429901445,1.0,0.002707000000000015,3.226118
1287,-20.97946217231193,5.2545860415325185,1.0,0.0022119999999996587,3.2283299999999997
1288,-20.983001426235568,5.243560233673759,1.0,0.0021900000000001363,3.23052
1289,-20.986621758996264,5.22909772558987,1.0,0.002673999999999843,3.2331939999999997
1290,-20.988460125573063,5.218132943089276,1.0,0.002160000000000384,3.235354
1291,-20.99061741671104,5.205615603227528,1.0,0.0021839999999997417,3.237538
1292,-20.993340899469004,5.196025609087362,1.0,0.0022660000000001013,3.239804
1293,-20.996406931379955,5.192505492417881,1.0,0.0021689999999998655,3.2419729999999998
1294,-20.998886751249607,5.193650565061055,1.0,0.0022530000000000605,3.244226
1295,-21.001414683602786,5.18940468094979,1.0,0.0022280000000001188,3.246454
1296,-21.002772890396308,5.194512246847073,1.0,0.0022599999999997067,3.2487139999999997
1297,-21.006963520197438,5.1880956403867104,1.0,0.002866000000000035,3.2515799999999997
1298,-21.00952868967726,5.19232665969066,1.0,0.0022760000000001668,3.253856
1299,-21.013290759598398,5.1607116955728936,1.0,0.002171000000000145,3.256027
1300,-21.014458176137783,5.170977631242903,1.0,0.002478999999999676,3.2585059999999997
1301,-21.022594873203484,5.148580017416064,1.0,0.0021850000000003256,3.260691
1302,-21.02665991595586,5.149676561363521,1.0,0.0021860000000000213,3.262877
1303,-21.028485559787963,5.125641796344564,1.0,0.002189999999999692,3.2650669999999997
1304,-21.030576166458758,5.1354698216060175,1.0,0.0027280000000002858,3.267795
1305,-21.03410080973055,5.132339574141641,1.0,0.0021929999999996674,3.2699879999999997
1306,-21.036794355983112,5.1221908099973925,1.0,0.0021410000000003926,3.272129
1307,-21.040734263341648,5.112187349277272,1.0,0.00269499999999967,3.2748239999999997
1308,-21.04569937137525,5.107495824623317,1.0,0.0021450000000000635,3.276969
1309,-21.047213774727325,5.113265235192864,1.0,0.002667000000000197,3.279636
1310,-21.04932873063759,5.106078781358741,1.0,0.0021130000000000315,3.281749
1311,-21.051353194036615,5.093275189390486,1.0,0.0024959999999998317,3.284245
1312,-21.055573456441827,5.086858003842613,1.0,0.00262299999999982,3.2868679999999997
1313,-21.057958768800482,5.082541793066129,1.0,0.0021919999999999717,3.2890599999999997
1314,-21.06137243564991,5.087517812010186,1.0,0.0021700000000000053,3.2912299999999997
1315,-21.06392637043257,5.086106621670517,1.0,0.0021770000000000955,3.2934069999999998
1316,-21.06541609769549,5.092508981337044,1.0,0.002136000000000138,3.295543
1317,-21.067123027914967,5.088568506668478,1.0,0.002190999999999832,3.2977339999999997
1318,-21.069308057102614,5.0881342924050745,1.0,0.0022250000000001435,3.299959
1319,-21.0731293696955,5.083985439747351,1.0,0.0021499999999998742,3.3021089999999997
1320,-21.076432300272394,5.048239633659096,1.0,0.002667000000000197,3.304776
1321,-21.079241146859456,5.031750263829945,1.0,0.0021900000000001363,3.306966
1322,-21.081191777021438,5.044596310296339,1.0,0.0021659999999998902,3.309132
1323,-21.083258327299983,5.048359702949074,1.0,0.0021580000000001043,3.31129
1324,-21.085737998145742,5.040148191808958,1.0,0.002174999999999816,3.313465
1325,-21.089149493471076,5.027182326013412,1.0,0.0022809999999999775,3.315746
1326,-21.09603079461555,5.03335526651556,1.0,0.002219000000000193,3.317965
1327,-21.097550082972596,5.020893435688726,1.0,0.002222999999999864,3.320188
1328,-21.101017854619183,4.999738467572111,1.0,0.00270999999999999,3.322898
1329,-21.10321711855169,4.9950510924429805,1.0,0.0021649999999997505,3.3250629999999997
1330,-21.10488729725236,4.99906590230215,1.0,0.00216700000000003,3.3272299999999997
1331,-21.108838992992403,5.0181211805502,1.0,0.002191000000000276,3.329421
1332,-21.110199888179284,5.030449893400695,1.0,0.002129999999999743,3.3315509999999997
1333,-21.113272143919453,5.021703465397468,1.0,0.002569999999999961,3.3341209999999997
1334,-21.11483469938601,5.020207607359389,1.0,0.0022610000000002906,3.336382
1335,-21.11715219697458,5.00898816722304,1.0,0.002215000000000078,3.338597
1336,-21.119160856553158,5.0149313520927405,1.0,0.002250999999999781,3.340848
1337,-21.121457273017786,5.017318489623522,1.0,0.0022079999999999878,3.343056
1338,-21.1245724444994,5.021613347973984,1.0,0.002206999999999848,3.3452629999999997
1339,-21.128140251254656,5.00762453997552,1.0,0.0028690000000000104,3.3481319999999997
1340,-21.131961864248147,4.999459532733191,1.0,0.0031730000000003145,3.351305
1341,-21.13528474915911,4.983931806790786,1.0,0.003225999999999729,3.3545309999999997
1342,-21.138855247759516,4.9665039342654165,1.0,0.0023610000000000575,3.3568919999999998
1343,-21.141437399050066,4.950164216187768,1.0,0.002270999999999912,3.3591629999999997
1344,-21.143036927766097,4.949284935889742,1.0,0.0027240000000001707,3.361887
1345,-21.143702193707025,4.944046319222095,1.0,0.0022969999999999935,3.364184
1346,-21.14519794308809,4.952658184446014,1.0,0.002275000000000027,3.366459
1347,-21.14958388917407,4.991942153418678,1.0,0.0028130000000001765,3.369272
1348,-21.15239095957897,4.9895809773727695,1.0,0.0022559999999995917,3.3715279999999996
1349,-21.153781747328793,4.981823159488477,1.0,0.0027660000000002682,3.374294
1350,-21.15695653617312,4.986622210968583,1.0,0.0022039999999998727,3.3764979999999998
1351,-21.159017126566113,4.996281685531487,1.0,0.0022619999999999862,3.3787599999999998
1352,-21.16148168659583,4.994293931426408,1.0,0.0027639999999999887,3.3815239999999998
1353,-21.163581182988707,4.984513690196885,1.0,0.0023539999999999672,3.3838779999999997
1354,-21.166615245672894,4.9783879806138085,1.0,0.0022519999999999207,3.3861299999999996
1355,-21.17007686998189,5.000942895275193,1.0,0.0027160000000003848,3.388846
1356,-21.17316786711509,5.015210698891141,1.0,0.0022719999999996077,3.3911179999999996
1357,-21.17478896578133,5.004343473098322,1.0,0.002811000000000341,3.393929
1358,-21.179235834755687,5.008376480182852,1.0,0.0022169999999999135,3.396146
1359,-21.18118094719003,5.009845227167545,1.0,0.0022649999999999615,3.398411
1360,-21.18209619500191,5.014855136744599,1.0,0.0027490000000001125,3.40116
1361,-21.18541898646388,5.0216175202423345,1.0,0.0023049999999997794,3.4034649999999997
1362,-21.187047065775964,5.025398225584014,1.0,0.0022530000000000605,3.405718
1363,-21.18937167708735,5.024178624532576,1.0,0.0027650000000001285,3.408483
1364,-21.190610937972753,5.026905062088592,1.0,0.0022660000000001013,3.410749
1365,-21.192838658238813,5.020783821065748,1.0,0.002806999999999782,3.413556
1366,-21.19452782627705,5.019547594427377,1.0,0.0022769999999998625,3.4158329999999997
1367,-21.195498573262753,5.01235849420857,1.0,0.002232000000000234,3.418065
1368,-21.197824933075715,5.001900404796317,1.0,0.002737999999999907,3.420803
1369,-21.19826242533136,4.9984734314714165,1.0,0.0022820000000001173,3.423085
1370,-21.200479688369583,4.994363024104847,1.0,0.002282999999999813,3.4253679999999997
1371,-21.20470012245454,4.9856628700354655,1.0,0.0027690000000002435,3.428137
1372,-21.209950884115585,4.979826055443879,1.0,0.0022400000000000198,3.430377
1373,-21.212311749319742,4.966386374765194,1.0,0.002785999999999955,3.433163
1374,-21.213527024635972,4.956526671693977,1.0,0.0022519999999999207,3.435415
1375,-21.216833581453752,4.962519736679219,1.0,0.002263000000000126,3.437678
1376,-21.21866626408247,4.97203341946306,1.0,0.002750999999999948,3.440429
1377,-21.223189136695296,4.9803554258093845,1.0,0.0022769999999998625,3.442706
1378,-21.22662551753796,4.968599435151161,1.0,0.002254999999999896,3.4449609999999997
1379,-21.229758484846702,4.9611447721701465,1.0,0.0028450000000002085,3.447806
1380,-21.23202989449971,4.9767737982611955,1.0,0.002755000000000063,3.450561
1381,-21.233979604107894,4.970782351974025,1.0,0.002234999999999765,3.4527959999999998
1382,-21.237245947406144,4.950499950585743,1.0,0.0022459999999999702,3.4550419999999997
1383,-21.23857553705514,4.964168943684068,1.0,0.0023200000000000998,3.457362
1384,-21.23980230988361,4.954859725735223,1.0,0.0022329999999999295,3.4595949999999998
1385,-21.242397829611697,4.949523656021903,1.0,0.0023580000000000823,3.461953
1386,-21.24510018935922,4.915289088760318,1.0,0.0022340000000000693,3.464187
1387,-21.24862946677466,4.905321932617986,1.0,0.002367000000000008,3.466554
1388,-21.251320477609664,4.9019149386328795,1.0,0.0022619999999999862,3.468816
1389,-21.253637300951905,4.912194106056079,1.0,0.0023369999999998115,3.4711529999999997
1390,-21.255375412050284,4.921894552471057,1.0,0.0022260000000002833,3.473379
1391,-21.25662299597463,4.908239074549667,1.0,0.002365999999999868,3.475745
1392,-21.25891242334838,4.882796234597694,1.0,0.0022440000000001348,3.477989
1393,-21.261511696007155,4.864532060865928,1.0,0.0023439999999999017,3.480333
1394,-21.263975789111136,4.864447651058619,1.0,0.0022609999999998465,3.4825939999999997
1395,-21.266179998499133,4.855541367486692,1.0,0.002359000000000222,3.484953
1396,-21.267748384686904,4.856719261754216,1.0,0.0022009999999998975,3.487154
1397,-21.271046995192584,4.874025293292594,1.0,0.00231799999999982,3.4894719999999997
1398,-21.274177592672253,4.8542175092974515,1.0,0.002239000000000324,3.491711
1399,-21.276397133703636,4.857244536803568,1.0,0.0023369999999998115,3.494048
1400,-21.277935466355764,4.860925928039515,1.0,0.0023620000000001973,3.49641
1401,-21.2793039478995,4.863883465874087,1.0,0.002330999999999861,3.498741
1402,-21.281060278224658,4.863342347525579,1.0,0.002553999999999945,3.501295
1403,-21.28305120881732,4.867820749736926,1.0,0.0035650000000000404,3.50486
1404,-21.284192871443565,4.867025361542542,1.0,0.002693999999999974,3.507554
1405,-21.285589980008425,4.860546449627665,1.0,0.0023610000000000575,3.509915
1406,-21.28771922312969,4.8501392447669165,1.0,0.002365999999999868,3.5122809999999998
1407,-21.290989338529737,4.844416882372181,1.0,0.0022410000000001595,3.514522
1408,-21.29264005354903,4.845969797635371,1.0,0.0028570000000001095,3.517379
1409,-21.295512927016652,4.837335968122824,1.0,0.0025769999999996074,3.5199559999999996
1410,-21.297897950806956,4.840699043747822,1.0,0.0022980000000001333,3.5222539999999998
1411,-21.302215272405263,4.8411554668175,1.0,0.0022370000000000445,3.524491
1412,-21.303234103999333,4.83550259407467,1.0,0.0022700000000002163,3.526761
1413,-21.305203437707164,4.825213252029052,1.0,0.002562999999999871,3.529324
1414,-21.307289465233804,4.823905132818559,1.0,0.0024639999999997997,3.5317879999999997
1415,-21.31015779032407,4.796811087123291,1.0,0.0023580000000000823,3.534146
1416,-21.313983867341783,4.803408081552315,1.0,0.0027300000000001212,3.536876
1417,-21.317201331033615,4.805430694208184,1.0,0.0022839999999999527,3.53916
1418,-21.320296479891766,4.797355838308319,1.0,0.0023130000000000095,3.541473
1419,-21.322762367680745,4.789878752357383,1.0,0.0027400000000001867,3.544213
1420,-21.3235051087319,4.799014287670998,1.0,0.002301999999999804,3.546515
1421,-21.32472863972828,4.783797892000654,1.0,0.0023140000000001493,3.548829
1422,-21.328070371210302,4.794914047065014,1.0,0.0029919999999998836,3.551821
1423,-21.332623772510654,4.78063493786654,1.0,0.0024609999999998244,3.5542819999999997
1424,-21.334323718108692,4.77721136768624,1.0,0.002283000000000257,3.556565
1425,-21.335399625902134,4.767532847142502,1.0,0.0023279999999998857,3.558893
1426,-21.337445748577828,4.7755999652335355,1.0,0.0021759999999999557,3.561069
1427,-21.338269394150878,4.779271043535544,1.0,0.0022850000000000925,3.563354
1428,-21.33941236152411,4.775136318557274,1.0,0.0022020000000000373,3.565556
1429,-21.34262415340806,4.771351168879571,1.0,0.0029209999999997294,3.5684769999999997
1430,-21.34477031629379,4.753646750161473,1.0,0.002682000000000073,3.5711589999999998
1431,-21.346030422888695,4.751115803407294,1.0,0.0022440000000001348,3.573403
1432,-21.348180649851564,4.740334013730721,1.0,0.002210999999999963,3.575614
1433,-21.349765052341667,4.744801798636052,1.0,0.002222999999999864,3.5778369999999997
1434,-21.3519751278424,4.716391016428935,1.0,0.0021930000000001115,3.58003
1435,-21.35309265095519,4.720683490663156,1.0,0.0027520000000000877,3.582782
1436,-21.354682917544608,4.727142107454028,1.0,0.002193999999999807,3.5849759999999997
1437,-21.356088208327883,4.728666816534791,1.0,0.0022290000000002586,3.587205
1438,-21.359552965204063,4.712167540329071,1.0,0.0021659999999998902,3.589371
1439,-21.361130196685245,4.711559442264505,1.0,0.002296000000000298,3.591667
1440,-21.36225471936188,4.725001261592045,1.0,0.0021959999999996427,3.593863
1441,-21.36471444422947,4.7209915277837,1.0,0.002202999999999733,3.5960659999999995
1442,-21.36573971756645,4.720788149042452,1.0,0.002239000000000324,3.598305
1443,-21.36750383978424,4.72859522669277,1.0,0.00231099999999973,3.6006159999999996
1444,-21.369469957836966,4.728783033220716,1.0,0.0021970000000006706,3.6028130000000003
1445,-21.37243861182094,4.7329025399842655,1.0,0.002733999999999348,3.6055469999999996
1446,-21.374208164729097,4.725630755594163,1.0,0.002284000000000397,3.607831
1447,-21.376161086420765,4.693284090483212,1.0,0.002257999999999427,3.6100889999999994
1448,-21.377407855629823,4.709156724348648,1.0,0.0028100000000002012,3.6128989999999996
1449,-21.379933132145887,4.694563558095378,1.0,0.0022050000000000125,3.6151039999999997
1450,-21.382174627795816,4.67290274320258,1.0,0.002316000000000429,3.61742
1451,-21.382878804355908,4.677909459393021,1.0,0.0022319999999993456,3.6196519999999994
1452,-21.384893090962528,4.683874803338271,1.0,0.002291000000000487,3.621943
1453,-21.388627335340004,4.686413334082806,1.0,0.0027169999999996364,3.6246599999999995
1454,-21.38983662294221,4.676050756623148,1.0,0.0023020000000002483,3.626962
1455,-21.39153334104403,4.6780547316540995,1.0,0.0022210000000004726,3.6291830000000003
1456,-21.394802057093067,4.668232182490751,1.0,0.0022849999999996484,3.631468
1457,-21.396412255036616,4.658103264104558,1.0,0.0022250000000001435,3.633693
1458,-21.397686797387795,4.667133264400325,1.0,0.0026529999999995724,3.6363459999999996
1459,-21.399631221333646,4.66369246261564,1.0,0.002119000000000426,3.638465
1460,-21.40185512939675,4.652388363176001,1.0,0.0030409999999996273,3.6415059999999997
1461,-21.403242796256897,4.654165700906034,1.0,0.0026130000000001985,3.644119
1462,-21.404398441808127,4.652910510467384,1.0,0.0021500000000003183,3.646269
1463,-21.40536790367151,4.649570600754617,1.0,0.002246999999999666,3.648516
1464,-21.40762335335451,4.641842361601906,1.0,0.0025849999999998374,3.6511009999999997
1465,-21.40969334700061,4.641879708436446,1.0,0.0021380000000004173,3.653239
1466,-21.410966336365675,4.651270255234884,1.0,0.0023439999999999017,3.655583
1467,-21.41272036107718,4.644217833430862,1.0,0.002322999999999631,3.6579059999999997
1468,-21.416758392271248,4.644105750393217,1.0,0.0023530000000002715,3.660259
1469,-21.419910441445936,4.654587289872181,1.0,0.0022799999999998377,3.6625389999999998
1470,-21.42216726055696,4.667512047473556,1.0,0.0023210000000002395,3.66486
1471,-21.424228634101937,4.66390968138766,1.0,0.002398999999999596,3.6672589999999996
1472,-21.42550963999267,4.671103572816956,1.0,0.0022330000000003736,3.669492
1473,-21.427110213362198,4.6585717450555135,1.0,0.002761999999999709,3.6722539999999997
1474,-21.42800065856131,4.652450752927968,1.0,0.0022970000000004376,3.674551
1475,-21.428938103126494,4.649235926926233,1.0,0.002190999999999832,3.676742
1476,-21.43079088862428,4.6484026772510125,1.0,0.002801999999999971,3.679544
1477,-21.43372603829972,4.638592942742657,1.0,0.0022120000000001028,3.681756
1478,-21.437779976428175,4.633542847975749,1.0,0.0025240000000001928,3.68428
1479,-21.440480587558866,4.618196811053864,1.0,0.002214999999999634,3.686495
1480,-21.441888493573146,4.617082758035117,1.0,0.002263000000000126,3.688758
1481,-21.4433632550288,4.612372638296853,1.0,0.0021940000000002513,3.6909520000000002
1482,-21.44501612058936,4.6163615544868595,1.0,0.00276699999999952,3.6937189999999998
1483,-21.446557029447526,4.615982933966424,1.0,0.002726000000000006,3.6964449999999998
1484,-21.449744339852106,4.615436613886907,1.0,0.002259000000000455,3.698704
1485,-21.45218137242665,4.630299860162464,1.0,0.002893999999999508,3.7015979999999997
1486,-21.45417261123275,4.623185726251892,1.0,0.0022120000000001028,3.70381
1487,-21.456394117071184,4.628429419577142,1.0,0.002340000000000231,3.70615
1488,-21.458340912337192,4.633539341668525,1.0,0.002214999999999634,3.7083649999999997
1489,-21.460523198788877,4.6193662518639895,1.0,0.002315000000000289,3.71068
1490,-21.466155294445542,4.610411753042644,1.0,0.002222999999999864,3.712903
1491,-21.4675663088614,4.596292882051741,1.0,0.0023210000000002395,3.715224
1492,-21.469018851043565,4.598622216561502,1.0,0.0022240000000000038,3.717448
1493,-21.472671071345147,4.613816368849838,1.0,0.0023159999999995406,3.7197639999999996
1494,-21.473159776728707,4.6119399554604925,1.0,0.002220000000000333,3.721984
1495,-21.475626641952925,4.627710838484584,1.0,0.0022690000000000765,3.724253
1496,-21.48044881543943,4.642044495472361,1.0,0.0022279999999996747,3.7264809999999997
1497,-21.484501139130252,4.642466877046194,1.0,0.0023119999999998697,3.7287929999999996
1498,-21.485455469858678,4.639560045355468,1.0,0.002208000000000432,3.731001
1499,-21.48718520463955,4.630825270639184,1.0,0.002398999999999596,3.7333999999999996
1500,-21.48885078259734,4.615893335235287,1.0,0.002663000000000082,3.7360629999999997
1501,-21.490573284993964,4.620379125810885,1.0,0.002252000000000365,3.738315
1502,-21.492427517041833,4.63887391799687,1.0,0.0022500000000000853,3.740565
1503,-21.493791094695027,4.635645851372265,1.0,0.002702999999999456,3.7432679999999996
1504,-21.494510304215616,4.632872752596399,1.0,0.0022299999999999542,3.7454979999999995
1505,-21.49631531860464,4.629858037951876,1.0,0.00216700000000003,3.7476649999999996
1506,-21.499206771473784,4.631443353159078,1.0,0.002475000000000449,3.75014
1507,-21.501109572551172,4.62321243921152,1.0,0.0021969999999997825,3.752337
1508,-21.503963252495936,4.633709568957898,1.0,0.0027639999999999887,3.755101
1509,-21.505987339635897,4.632318642646167,1.0,0.002163000000000359,3.757264
1510,-21.5073786185436,4.6308772638002536,1.0,0.0022249999999992554,3.7594889999999994
1511,-21.50821329676852,4.6280937081704305,1.0,0.002636000000000749,3.762125
1512,-21.510362529520904,4.6222751743959725,1.0,0.002145999999999759,3.764271
1513,-21.511784859014266,4.621880957497724,1.0,0.002126999999999768,3.7663979999999997
1514,-21.512921315467715,4.620246217738378,1.0,0.003010999999999875,3.7694089999999996
1515,-21.514754598972633,4.6085469598852224,1.0,0.0026200000000002888,3.772029
1516,-21.517225011462997,4.604824847434113,1.0,0.00326200000000032,3.775291
1517,-21.518100316546217,4.589865790362889,1.0,0.002818999999999683,3.77811
1518,-21.51957456005414,4.592970837345558,1.0,0.0027169999999996364,3.7808269999999995
1519,-21.520256993242093,4.589969749033551,1.0,0.0031360000000004717,3.783963
1520,-21.521563067072798,4.571580045692021,1.0,0.0026079999999994996,3.7865709999999995
1521,-21.522115846553543,4.572076657403885,1.0,0.002553999999999945,3.7891249999999994
1522,-21.524417991131973,4.572549407594925,1.0,0.003231000000000428,3.792356
1523,-21.52560133808248,4.560745657725514,1.0,0.0025479999999999947,3.794904
1524,-21.526897520819197,4.553571451998563,1.0,0.0031920000000003057,3.798096
1525,-21.52923248642134,4.548054101247394,1.0,0.002555000000000085,3.8006510000000002
1526,-21.53149250854372,4.549076044336573,1.0,0.0025729999999999364,3.803224
1527,-21.5357460796477,4.529191582223894,1.0,0.0032319999999996796,3.806456
1528,-21.537126126410538,4.523804107089169,1.0,0.0026330000000003295,3.809089
1529,-21.5385394588663,4.528221926474535,1.0,0.002518999999999494,3.8116079999999997
1530,-21.541931278930548,4.545618283748419,1.0,0.0032000000000005357,3.814808
1531,-21.545162625928704,4.526543383308897,1.0,0.0029930000000000234,3.8178010000000002
1532,-21.546038208509458,4.5381227353249285,1.0,0.002609999999999779,3.820411
1533,-21.54975052626027,4.534682014050891,1.0,0.0024889999999997414,3.8228999999999997
1534,-21.550120737934108,4.536973227694928,1.0,0.002595000000000347,3.825495
1535,-21.55147189812115,4.537151784719521,1.0,0.003146000000000093,3.828641
1536,-21.55321542790943,4.5376777212553,1.0,0.002670999999999424,3.8313119999999996
1537,-21.55636332794335,4.558249503707663,1.0,0.0027220000000003353,3.834034
1538,-21.559371581548568,4.5476656298462075,1.0,0.0029719999999997526,3.8370059999999997
1539,-21.563055230997236,4.535236068500308,1.0,0.002489999999999881,3.8394959999999996
1540,-21.56498787179482,4.535378060929292,1.0,0.0026120000000000587,3.8421079999999996
1541,-21.56651459098463,4.534873675912454,1.0,0.0030780000000003582,3.845186
1542,-21.567943163876333,4.537337710084924,1.0,0.002585999999999977,3.847772
1543,-21.56957312226633,4.528533034661948,1.0,0.0027249999999998664,3.850497
1544,-21.57126943383551,4.529619673899441,1.0,0.0032129999999996883,3.8537099999999995
1545,-21.572049278099932,4.530186086102716,1.0,0.0026239999999999597,3.8563339999999995
1546,-21.574340590980185,4.526712010743248,1.0,0.003303000000000722,3.859637
1547,-21.57806420976913,4.539128663277585,1.0,0.0026849999999996044,3.862322
1548,-21.579792910057822,4.538850120658895,1.0,0.0026159999999997297,3.8649379999999995
1549,-21.581406275986062,4.517612257679874,1.0,0.0032320000000005678,3.86817
1550,-21.582641279679585,4.501401212055882,1.0,0.0027679999999996596,3.8709379999999998
1551,-21.584676655605158,4.493543061220072,1.0,0.0026570000000001315,3.873595
1552,-21.58674917176259,4.477742918627112,1.0,0.003110999999999642,3.8767059999999995
1553,-21.58925607722784,4.480952634140318,1.0,0.002552000000000554,3.879258
1554,-21.591582571186244,4.482720020161942,1.0,0.0026289999999997704,3.881887
1555,-21.593777705450414,4.461994726002572,1.0,0.002553999999999945,3.884441
1556,-21.596162011940578,4.476349268058563,1.0,0.002695000000000114,3.887136
1557,-21.597989334955162,4.481113163188528,1.0,0.0033490000000000464,3.890485
1558,-21.59998497868562,4.48738987133043,1.0,0.0026130000000001985,3.893098
1559,-21.602952611954677,4.491456869825783,1.0,0.0025479999999999947,3.895646
1560,-21.604527639605735,4.499201760845471,1.0,0.0035999999999996035,3.8992459999999998
1561,-21.607514303645118,4.490791933636258,1.0,0.003194999999999837,3.9024409999999996
1562,-21.60915058315197,4.485143813953096,1.0,0.004368000000000372,3.906809
1563,-21.6098567885683,4.488753058204085,1.0,0.00616599999999945,3.9129749999999994
1564,-21.611312705038006,4.481694410621173,1.0,0.0034810000000007335,3.916456
1565,-21.61308422632945,4.4900944269842915,1.0,0.0025610000000000355,3.919017
1566,-21.613875070525225,4.494067336192489,1.0,0.0023439999999999017,3.921361
1567,-21.615560207955312,4.502663354790332,1.0,0.00278199999999984,3.924143
1568,-21.617061435716693,4.4951005414943985,1.0,0.002295000000000158,3.926438
1569,-21.62002708616082,4.500410764859832,1.0,0.002219000000000193,3.9286570000000003
1570,-21.621323369773208,4.500703688458615,1.0,0.0027809999999997004,3.931438
1571,-21.623815883613965,4.4995405275297955,1.0,0.0022729999999997474,3.9337109999999997
1572,-21.6254592403204,4.479868464390372,1.0,0.0028050000000003905,3.936516
1573,-21.627075827020054,4.468438002797174,1.0,0.002250999999999337,3.9387669999999995
1574,-21.629598285595637,4.463011374265486,1.0,0.002240000000000464,3.941007
1575,-21.63278548790837,4.435701994750374,1.0,0.0026409999999996714,3.9436479999999996
1576,-21.635547244718367,4.42787613250286,1.0,0.002171000000000589,3.945819
1577,-21.637801180600277,4.4184145429029344,1.0,0.002123000000000097,3.9479420000000003
1578,-21.638934423540157,4.411242064856229,1.0,0.0026599999999996626,3.950602
1579,-21.64112574277619,4.398275907046679,1.0,0.002102999999999966,3.952705
1580,-21.642552627174254,4.405413171278822,1.0,0.0026690000000000325,3.955374
1581,-21.646769907810196,4.403216425317452,1.0,0.0024930000000003005,3.9578670000000002
1582,-21.648242262250314,4.411481961829149,1.0,0.002275000000000027,3.9601420000000003
1583,-21.650225498781786,4.413753704914226,1.0,0.002741999999999578,3.962884
1584,-21.650908078923283,4.420852210564683,1.0,0.0022999999999999687,3.965184
1585,-21.65308215152624,4.412567842649339,1.0,0.002221999999999724,3.9674059999999995
1586,-21.655558030640627,4.407901251030525,1.0,0.0029810000000001224,3.9703869999999997
1587,-21.65831844457987,4.406179550819517,1.0,0.0025330000000005626,3.9729200000000002
1588,-21.661041386905858,4.39337235931522,1.0,0.0024929999999994124,3.9754129999999996
1589,-21.662261478978817,4.387775841592431,1.0,0.0025180000000002423,3.977931
1590,-21.663995239846653,4.381935104252619,1.0,0.0027479999999995286,3.9806789999999994
1591,-21.665817657934824,4.373986266007972,1.0,0.002279000000000586,3.982958
1592,-21.667904970619148,4.397530417395258,1.0,0.0022409999999997154,3.9851989999999997
1593,-21.670097873306368,4.386596918895862,1.0,0.002190999999999832,3.9873899999999995
1594,-21.671210936760435,4.386245233327845,1.0,0.0022690000000000765,3.9896589999999996
1595,-21.672423384059346,4.376728642608654,1.0,0.002215000000000522,3.991874
1596,-21.673665255238202,4.366100780671605,1.0,0.0022849999999996484,3.994159
1597,-21.675342415169318,4.367668110903508,1.0,0.002254999999999896,3.9964139999999997
1598,-21.677396006608824,4.367413319038015,1.0,0.0022340000000005134,3.998648
1599,-21.67859675827988,4.359217800840343,1.0,0.002190999999999832,4.000839
1600,-21.680256437958413,4.356640375062631,1.0,0.0023689999999998435,4.003208
1601,-21.6842069529237,4.364936112141829,1.0,0.002207000000000292,4.005415
1602,-21.68603942552675,4.370070175578932,1.0,0.0024129999999997764,4.007828
1603,-21.68686228086517,4.352487377216796,1.0,0.0030330000000002855,4.010861
1604,-21.68995835901319,4.350197654801222,1.0,0.00308699999999984,4.013948
1605,-21.691615391062065,4.356751450914197,1.0,0.0027759999999998897,4.016724
1606,-21.693588204822824,4.361932584366386,1.0,0.0022279999999996747,4.018952
1607,-21.695950188921742,4.380078907690941,1.0,0.0022169999999999135,4.0211689999999995
1608,-21.697345562646717,4.395600938127629,1.0,0.0024300000000003763,4.023599
1609,-21.698735632558233,4.395315094470234,1.0,0.0022399999999995757,4.0258389999999995
1610,-21.700303197086903,4.393593849878016,1.0,0.002307000000000059,4.028146
1611,-21.701295984244645,4.39945976100995,1.0,0.0029880000000002127,4.031134
1612,-21.70504717266965,4.38722261072352,1.0,0.0024050000000004346,4.033539
1613,-21.70648352599091,4.373594519436323,1.0,0.0022719999999996077,4.035811
1614,-21.708207789340655,4.369482102916146,1.0,0.00231899999999996,4.03813
1615,-21.70919664068377,4.360308119265069,1.0,0.0022690000000000765,4.040399
1616,-21.711629301259894,4.328085498054644,1.0,0.0022929999999998785,4.042692
1617,-21.71441543741899,4.342372368610979,1.0,0.0023080000000001988,4.045
1618,-21.71641425805168,4.34411309078624,1.0,0.0025250000000003325,4.047525
1619,-21.718346341979718,4.3462083228717985,1.0,0.0022560000000000358,4.049781
1620,-21.71932703747828,4.342605723200415,1.0,0.002217999999999165,4.0519989999999995
1621,-21.72142542318273,4.346577868327713,1.0,0.002239000000000324,4.054238
1622,-21.723728407663323,4.352043395817203,1.0,0.0022120000000001028,4.05645
1623,-21.72410242511113,4.353306918674611,1.0,0.002221999999999724,4.058672
1624,-21.725950585671235,4.3490501736102685,1.0,0.002403000000000155,4.061075
1625,-21.72882998065958,4.3464471399064255,1.0,0.0023650000000001725,4.06344
1626,-21.7297255013542,4.334580408654464,1.0,0.0022500000000000853,4.06569
1627,-21.731608093326898,4.3524114020323355,1.0,0.0022120000000001028,4.067902
1628,-21.733469308312607,4.358384572951797,1.0,0.0022489999999999455,4.070151
1629,-21.73611052385522,4.3504894125827045,1.0,0.002178999999999931,4.07233
1630,-21.737788955875946,4.349260144762351,1.0,0.002705999999999875,4.075036
1631,-21.739224890107437,4.350878729715115,1.0,0.0022079999999995437,4.077243999999999
1632,-21.742326584632828,4.3644370002243775,1.0,0.0025360000000000937,4.0797799999999995
1633,-21.743490937402104,4.359531372722574,1.0,0.0026220000000005683,4.082402
1634,-21.74507494021679,4.3471071120358085,1.0,0.002231000000000094,4.084633
1635,-21.747089124957945,4.345209289397583,1.0,0.0022199999999994446,4.086853
1636,-21.747784255595,4.339278710233826,1.0,0.002240000000000464,4.089093
1637,-21.749595971991077,4.342238350362407,1.0,0.002190999999999832,4.091284
1638,-21.751115906426353,4.328674130711107,1.0,0.0022060000000001523,4.09349
1639,-21.752357283194513,4.329363608149631,1.0,0.002277999999999558,4.095768
1640,-21.754521960351408,4.313339651712032,1.0,0.0027249999999998664,4.0984929999999995
1641,-21.75672087572014,4.321440024662323,1.0,0.0022100000000007114,4.100703
1642,-21.757791965025387,4.314370737253076,1.0,0.0023209999999993514,4.103024
1643,-21.759695458899134,4.302397117473253,1.0,0.0022700000000002163,4.105294
1644,-21.760852985769006,4.3012874800829755,1.0,0.002779000000000309,4.108073
1645,-21.76226962395298,4.3071762459922605,1.0,0.0022209999999995844,4.110294
1646,-21.76346263525098,4.302221668154103,1.0,0.002348000000000461,4.112642
1647,-21.76491856411503,4.305530758256051,1.0,0.0022489999999999455,4.114891
1648,-21.766121198209028,4.301066763164393,1.0,0.002330999999999861,4.117222
1649,-21.768206206529424,4.303741485951891,1.0,0.002726000000000006,4.119948
1650,-21.768839393284566,4.303296621061513,1.0,0.00231899999999996,4.122267
1651,-21.769606001106432,4.296932236268746,1.0,0.002232000000000234,4.124499
1652,-21.77268708791009,4.301667287024865,1.0,0.0023119999999998697,4.126811
1653,-21.773898312922377,4.3121751452942,1.0,0.002307000000000059,4.129118
1654,-21.775281729638515,4.301417469674232,1.0,0.0027879999999997906,4.131906
1655,-21.776883373525315,4.309251958787837,1.0,0.0021979999999999222,4.134104
1656,-21.777695884614815,4.30478422108724,1.0,0.0022999999999999687,4.136404
1657,-21.778794896108145,4.297137829622729,1.0,0.0021930000000001115,4.138597
1658,-21.780520184328033,4.293967699663382,1.0,0.0023489999999997124,4.140946
1659,-21.784989164765733,4.305341571505206,1.0,0.002680000000000682,4.143626
1660,-21.787083299637423,4.292012093337454,1.0,0.0024809999999995114,4.146107
1661,-21.78845606629357,4.301307181962398,1.0,0.0027770000000000294,4.148884
1662,-21.791184804419462,4.3214849513747895,1.0,0.0022279999999996747,4.1511119999999995
1663,-21.792528698157447,4.332353993190832,1.0,0.0022410000000006036,4.153353
1664,-21.79327687169846,4.331580676719069,1.0,0.0022120000000001028,4.155565
1665,-21.793710934580048,4.329604016875205,1.0,0.0022409999999997154,4.157806
1666,-21.797435163798756,4.309737413024405,1.0,0.0022370000000000445,4.160043
1667,-21.799595071746012,4.2970817233051415,1.0,0.002589999999999648,4.162633
1668,-21.8007600513411,4.292723383348783,1.0,0.0020959999999998757,4.1647289999999995
1669,-21.80151764343458,4.287189046510208,1.0,0.002171000000000589,4.1669
1670,-21.803472323012787,4.297047445130827,1.0,0.0022050000000000125,4.169105
1671,-21.80598771083189,4.288436953129976,1.0,0.0021959999999996427,4.171301
1672,-21.808332673567204,4.276843160615961,1.0,0.002730999999999817,4.1740319999999995
1673,-21.80968677906898,4.261527063803574,1.0,0.002195000000000391,4.176227
1674,-21.812262064878603,4.270301395070108,1.0,0.002543000000000184,4.17877
1675,-21.81345920863285,4.270755722628676,1.0,0.0027809999999997004,4.181551
1676,-21.817202911737702,4.278579853590442,1.0,0.0022679999999999367,4.183819
1677,-21.819380547138742,4.285426532513244,1.0,0.002207000000000292,4.186026
1678,-21.820536234266605,4.289638733767129,1.0,0.0022120000000001028,4.188238
1679,-21.822125184735462,4.289056047146154,1.0,0.0022129999999993544,4.1904509999999995
1680,-21.825144823992396,4.2749435692932565,1.0,0.002164000000000499,4.192615
1681,-21.826521198415204,4.270252894217868,1.0,0.002188000000000301,4.194803
1682,-21.828467322392044,4.275250338356713,1.0,0.0026169999999998694,4.19742
1683,-21.829608018030438,4.272554599368973,1.0,0.0024039999999994066,4.199824
1684,-21.830848842820597,4.272087293739593,1.0,0.0027850000000002595,4.202609
1685,-21.83248277173282,4.2621597419865,1.0,0.002686999999999884,4.205296
1686,-21.8349614811102,4.243546128165016,1.0,0.0027140000000001052,4.20801
1687,-21.83564158781217,4.235998155808585,1.0,0.0025250000000003325,4.210535
1688,-21.836405670947943,4.225463903238205,1.0,0.0028519999999998547,4.213387
1689,-21.838925710931427,4.234439202555261,1.0,0.003191000000000166,4.216578
1690,-21.840434194198277,4.231238510622477,1.0,0.0023239999999997707,4.218902
1691,-21.841693220703526,4.232149163770935,1.0,0.0021849999999998815,4.221087
1692,-21.84468204084919,4.221320578516046,1.0,0.002339000000000091,4.223426
1693,-21.84586059527684,4.2263368428009125,1.0,0.00277499999999975,4.226201
1694,-21.8474190544487,4.231268154578787,1.0,0.0023850000000003035,4.228586
1695,-21.848285743544665,4.231464698378188,1.0,0.002474999999999561,4.2310609999999995
1696,-21.849645060211962,4.2363619777263555,1.0,0.0022730000000006356,4.233334
1697,-21.85323651535912,4.2354713821605054,1.0,0.0022569999999992874,4.235590999999999
1698,-21.85465087828185,4.243281675927696,1.0,0.0021370000000002776,4.237728
1699,-21.85580852354688,4.25044614908814,1.0,0.0022450000000002746,4.239973
1700,-21.859972954460694,4.252590455190524,1.0,0.0022039999999998727,4.242177
1701,-21.86203333954558,4.277824425783677,1.0,0.002221999999999724,4.244399
1702,-21.864081701398565,4.283858209210151,1.0,0.0022940000000000182,4.246693
1703,-21.8647935742634,4.284779714924877,1.0,0.0027090000000002945,4.249402
1704,-21.866142319068505,4.27507159274354,1.0,0.0021810000000002105,4.251583
1705,-21.867791305260383,4.279151405726989,1.0,0.0028519999999998547,4.254435
1706,-21.868874716100166,4.277000898845056,1.0,0.0024129999999997764,4.256848
1707,-21.873504903163926,4.282983983731931,1.0,0.0022159999999997737,4.2590639999999995
1708,-21.87579125469473,4.27243133605897,1.0,0.002331000000000749,4.261395
1709,-21.87970766839355,4.2745160276808605,1.0,0.0024199999999998667,4.263815
1710,-21.88156069434864,4.288119835938454,1.0,0.002146999999999899,4.265962
1711,-21.883934029318706,4.251686000837899,1.0,0.0022919999999997387,4.268254
1712,-21.884448229547203,4.254343444507336,1.0,0.0026929999999998344,4.270947
1713,-21.88720571948496,4.2584993927026416,1.0,0.002251000000000225,4.273198
1714,-21.889060390681422,4.269386104895641,1.0,0.002221999999999724,4.2754199999999996
1715,-21.88973731164277,4.270709358063063,1.0,0.0022500000000000853,4.27767
1716,-21.891545016924134,4.259379655886997,1.0,0.0022540000000006444,4.279924
1717,-21.894479716691812,4.240269237493846,1.0,0.0022569999999992874,4.282181
1718,-21.897899976303783,4.248012572922342,1.0,0.0022450000000002746,4.284426
1719,-21.89907391412696,4.239158583603418,1.0,0.0027369999999997674,4.287163
1720,-21.900583355665177,4.224477935033847,1.0,0.002196000000000531,4.289359
1721,-21.902305757314984,4.215824520766422,1.0,0.0022409999999997154,4.2916
1722,-21.902943285630464,4.213267847001101,1.0,0.002246999999999666,4.2938469999999995
1723,-21.904097000231623,4.228209461356766,1.0,0.0022700000000002163,4.296117
1724,-21.90460767146346,4.22413938885889,1.0,0.002253999999999756,4.2983709999999995
1725,-21.906290796052147,4.225434058464965,1.0,0.0022489999999999455,4.300619999999999
1726,-21.907541473993675,4.228436987837496,1.0,0.0022120000000001028,4.3028319999999995
1727,-21.908537161162503,4.21653873010471,1.0,0.0027860000000003993,4.305618
1728,-21.909872133827676,4.208414038447121,1.0,0.0022130000000002426,4.307831
1729,-21.91087251820086,4.20079045187111,1.0,0.0022969999999995494,4.310128
1730,-21.912931239991135,4.2006192225275525,1.0,0.0024839999999999307,4.312612
1731,-21.915805050847588,4.196146718007931,1.0,0.0022410000000006036,4.314853
1732,-21.918389368857365,4.217140693240916,1.0,0.0022559999999991476,4.317108999999999
1733,-21.91929313424925,4.220007924497705,1.0,0.002271000000000356,4.31938
1734,-21.921183422959153,4.211160656753592,1.0,0.0022940000000000182,4.321674
1735,-21.922070805222532,4.211049401037425,1.0,0.0027679999999996596,4.3244419999999995
1736,-21.92583457011819,4.206013062127352,1.0,0.002236000000000793,4.326678
1737,-21.927844780082545,4.205007614266172,1.0,0.0026449999999993423,4.329323
1738,-21.929181662037994,4.206835275205819,1.0,0.0021580000000005484,4.331481
1739,-21.93010803927116,4.201932419734994,1.0,0.0022129999999993544,4.3336939999999995
1740,-21.933563065406904,4.175543457349882,1.0,0.0022780000000004463,4.335972
1741,-21.935179060427814,4.186866358189123,1.0,0.0022240000000000038,4.338196
1742,-21.936473415604958,4.186561536957393,1.0,0.0027249999999998664,4.340921
1743,-21.93857314690911,4.165518746512674,1.0,0.002208000000000432,4.343129
1744,-21.939492915435785,4.167395556365475,1.0,0.0026049999999999685,4.345734
1745,-21.94132646890287,4.173362008570414,1.0,0.0027479999999995286,4.348482
1746,-21.942579075063794,4.1620416251163626,1.0,0.0021649999999997505,4.3506469999999995
1747,-21.94547698257606,4.170847328475286,1.0,0.002196000000000531,4.352843
1748,-21.94840576680762,4.174542022338332,1.0,0.0022820000000001173,4.355125
1749,-21.95095636953776,4.156283441517575,1.0,0.002275000000000027,4.3574
1750,-21.951959373057967,4.148557469918303,1.0,0.002246999999999666,4.359647
1751,-21.954626580120227,4.139579627873537,1.0,0.0022880000000000678,4.361935
1752,-21.95608200637728,4.136877766712017,1.0,0.002226999999999535,4.364161999999999
1753,-21.9576651339627,4.131063083335911,1.0,0.002759000000000178,4.366921
1754,-21.958341683885205,4.118378732822325,1.0,0.0022140000000003823,4.369135
1755,-21.959565673027495,4.120099243735045,1.0,0.0022890000000002075,4.371424
1756,-21.96148902410757,4.104259364652934,1.0,0.0022370000000000445,4.373661
1757,-21.962282041925373,4.120904028783584,1.0,0.002234999999999765,4.375896
1758,-21.963430176239576,4.111834713344322,1.0,0.002232000000000234,4.378128
1759,-21.96413220188796,4.121181739757681,1.0,0.0022479999999998057,4.380376
1760,-21.965125170128694,4.124570566437488,1.0,0.0022299999999999542,4.382606
1761,-21.966058589716834,4.125777463240517,1.0,0.0027799999999995606,4.385386
1762,-21.96709670517787,4.109067754204506,1.0,0.0022410000000006036,4.387627
1763,-21.96761526433962,4.116805416446388,1.0,0.002194999999999503,4.389822
1764,-21.968785312008944,4.1159664880739175,1.0,0.0022180000000000533,4.39204
1765,-21.969898990737626,4.112648005694694,1.0,0.0022060000000001523,4.394246
1766,-21.971143245601436,4.1058735540372275,1.0,0.0022650000000004056,4.396511
1767,-21.97191242360192,4.092517112887225,1.0,0.002230999999999206,4.3987419999999995
1768,-21.97321215703466,4.075521506726858,1.0,0.0022650000000004056,4.401007
1769,-21.975685841367046,4.064035940125395,1.0,0.0027340000000002362,4.403741
1770,-21.97692460492595,4.06217179086821,1.0,0.0022569999999992874,4.405997999999999
1771,-21.977169084886732,4.065033884621385,1.0,0.0022580000000003153,4.408256
1772,-21.97964740123504,4.059594128447573,1.0,0.0022330000000003736,4.410489
1773,-21.979890027907544,4.05725783950189,1.0,0.0022739999999998872,4.412763
1774,-21.98222929250871,4.051729286026058,1.0,0.002264000000000266,4.415027
1775,-21.983816758389928,4.024920352295686,1.0,0.0022569999999992874,4.4172839999999995
1776,-21.986047278537622,4.021791420881154,1.0,0.0021919999999999717,4.4194759999999995
1777,-21.987340686056644,4.022891074974031,1.0,0.002831000000000472,4.422307
1778,-21.99107220878176,4.02010741174764,1.0,0.0022519999999994766,4.4245589999999995
1779,-21.99263675719468,4.026540435865613,1.0,0.0022450000000002746,4.426804
1780,-21.99370041582239,4.020244302253241,1.0,0.0022450000000002746,4.429049
1781,-21.995703422747916,4.026800554400599,1.0,0.0022079999999995437,4.431257
1782,-21.997509594759737,4.041453624379207,1.0,0.002215000000000522,4.433472
1783,-21.99923148620588,4.046799630095768,1.0,0.0021849999999998815,4.435657
1784,-22.001061648648,4.04420056411005,1.0,0.0021370000000002776,4.437794
1785,-22.002542614157065,4.045702038985494,1.0,0.002610999999999919,4.440405
1786,-22.004482439118,4.061232236759245,1.0,0.002421999999999258,4.442826999999999
1787,-22.00640596223446,4.062439843516321,1.0,0.0026880000000000237,4.445514999999999
1788,-22.0073036472971,4.06600106477235,1.0,0.0024540000000001783,4.447969
1789,-22.00983253123214,4.05990197698744,1.0,0.0022700000000002163,4.450239
1790,-22.011801010322582,4.050531930710564,1.0,0.0022560000000000358,4.452495
1791,-22.013401730627624,4.042338361128324,1.0,0.0022359999999999047,4.454731
1792,-22.015386116579712,4.019734704310571,1.0,0.002265999999999657,4.456996999999999
1793,-22.016401544907303,4.017756180293925,1.0,0.002695000000000114,4.4596919999999995
1794,-22.019487258336557,4.020272404252226,1.0,0.0022299999999999542,4.4619219999999995
1795,-22.020516009649157,4.02414121666702,1.0,0.0022330000000003736,4.464155
1796,-22.02184767020129,4.0201469597450465,1.0,0.0022820000000001173,4.466437
1797,-22.025213272502505,4.014769514358997,1.0,0.002254999999999896,4.468692
1798,-22.02639602724401,4.008121637385906,1.0,0.0022159999999997737,4.470908
1799,-22.027570358609438,4.024471527339793,1.0,0.0022370000000000445,4.473145
1800,-22.029677140162367,4.035915057006357,1.0,0.002323000000000519,4.475468
1801,-22.031145490920863,4.043720220742444,1.0,0.002754999999999619,4.478223
1802,-22.03345041229051,4.033545072347721,1.0,0.002531000000000283,4.480754
1803,-22.03549057549881,4.037054281115134,1.0,0.0034969999999994172,4.4842509999999995
1804,-22.036777198696065,4.037249996764341,1.0,0.0032820000000004512,4.487533
1805,-22.038064002715526,4.036497263348471,1.0,0.00232700000000019,4.48986
1806,-22.039249251035763,4.04089695275428,1.0,0.0024399999999999977,4.4923
1807,-22.040897763347445,4.038081067491734,1.0,0.002413999999999916,4.494714
1808,-22.04148831852659,4.03937169031019,1.0,0.0028969999999999274,4.497611
1809,-22.04394881322028,4.033087497892742,1.0,0.0028100000000002012,4.500421
1810,-22.04553064371618,4.023624170402339,1.0,0.002298999999999829,4.50272
1811,-22.04716897365552,4.009111226629005,1.0,0.002213999999999494,4.5049339999999995
1812,-22.04794419721621,4.001099627132839,1.0,0.002399000000000484,4.507333
1813,-22.049916657983974,4.001870170134363,1.0,0.0022739999999998872,4.509607
1814,-22.05065923902213,4.0053001417592204,1.0,0.0023970000000002045,4.512004
1815,-22.051816739103742,4.011965785327355,1.0,0.002798999999999552,4.514803
1816,-22.05355791987842,3.9979066588381706,1.0,0.0023210000000002395,4.517124
1817,-22.055165020223015,4.001972197298116,1.0,0.0024399999999999977,4.519564
1818,-22.05665443000197,4.011573574561769,1.0,0.002295000000000158,4.521859
1819,-22.057913298731982,4.013675566318614,1.0,0.0028719999999999857,4.524731
1820,-22.060099885598774,4.030288081522429,1.0,0.0022529999999996164,4.526984
1821,-22.061562569812683,4.037935611267777,1.0,0.0025120000000002918,4.529496
1822,-22.06268356068327,4.030610002551105,1.0,0.0023049999999997794,4.531801
1823,-22.06428478229966,4.0310019898062945,1.0,0.0023489999999997124,4.5341499999999995
1824,-22.06691324806707,4.02577728732057,1.0,0.0027850000000002595,4.536935
1825,-22.070375979315756,4.042409393142357,1.0,0.0023660000000003123,4.539301
1826,-22.072215638442337,4.047486560570469,1.0,0.0022180000000000533,4.541519
1827,-22.074463923855056,4.055704309190585,1.0,0.0023479999999995727,4.543867
1828,-22.075191842573027,4.067695902032351,1.0,0.0026359999999998607,4.5465029999999995
1829,-22.07586460071571,4.06710444724687,1.0,0.002283000000000257,4.548786
1830,-22.076615260751538,4.063827715819155,1.0,0.002349999999999852,4.551136
1831,-22.077399289667067,4.066737956694743,1.0,0.0023490000000006006,4.553485
1832,-22.079509192537877,4.0658452479674665,1.0,0.0022569999999992874,4.5557419999999995
1833,-22.080593866840122,4.058627421274477,1.0,0.0027740000000004983,4.558516
1834,-22.082118955482763,4.053273881564115,1.0,0.0022609999999998465,4.560777
1835,-22.083366410075325,4.031335550395285,1.0,0.002455000000000318,4.563232
1836,-22.08449713807499,4.036414667019376,1.0,0.002558999999999756,4.565791
1837,-22.085150640118208,4.032096547580858,1.0,0.002342999999999762,4.568134
1838,-22.08721280640708,4.028466919327121,1.0,0.002424000000000426,4.570558
1839,-22.090063758024044,4.035044084309981,1.0,0.0023450000000000415,4.572903
1840,-22.092099495583074,4.013177684770427,1.0,0.0023489999999997124,4.575252
1841,-22.09315351507239,4.01204874881258,1.0,0.0028449999999997644,4.578097
1842,-22.09410581088394,4.008594024726162,1.0,0.0023699999999999832,4.580467
1843,-22.095169870460136,4.011384028998693,1.0,0.002350999999999992,4.582818
1844,-22.09720057748969,4.010520548934046,1.0,0.002339000000000091,4.585157
1845,-22.09996006799065,3.9843523457794663,1.0,0.0023020000000002483,4.587459
1846,-22.10229542266137,3.9995357267616622,1.0,0.0023929999999996454,4.589852
1847,-22.10451978005019,3.987910402750648,1.0,0.0023569999999999425,4.5922089999999995
1848,-22.10609511266692,3.9896313088104844,1.0,0.0027129999999999654,4.5949219999999995
1849,-22.10742258011833,3.9809287066375196,1.0,0.002715000000000245,4.597637
1850,-22.109012681660452,3.9851381663282903,1.0,0.002283000000000257,4.59992
1851,-22.112322939177915,3.960966663318763,1.0,0.002429999999999488,4.6023499999999995
1852,-22.112807793597675,3.963526989215422,1.0,0.0022740000000007754,4.604624
1853,-22.114569660292055,3.9577671570025528,1.0,0.002853999999999246,4.6074779999999995
1854,-22.116120714134752,3.9444882975289164,1.0,0.0022700000000002163,4.609748
1855,-22.11904498311197,3.926108255341929,1.0,0.0023840000000001638,4.612132
1856,-22.119538232390425,3.926302371331079,1.0,0.0023039999999996397,4.6144359999999995
1857,-22.120699919487024,3.91920300323268,1.0,0.0023930000000005336,4.616829
1858,-22.121987147321413,3.9270522470703133,1.0,0.0027639999999999887,4.619593
1859,-22.123382394273474,3.9104216305517396,1.0,0.002359000000000222,4.621952
1860,-22.124170564406697,3.902142347112436,1.0,0.002257999999999427,4.62421
1861,-22.12519075759234,3.900315797002346,1.0,0.0023369999999998115,4.6265469999999995
1862,-22.125964129185327,3.9073400851964504,1.0,0.0024720000000000297,4.6290189999999996
1863,-22.12714320919336,3.8962690084085088,1.0,0.0021100000000000563,4.631129
1864,-22.12945088873092,3.90124854714199,1.0,0.0021339999999998582,4.6332629999999995
1865,-22.130484178472475,3.8961973927255884,1.0,0.0021340000000007464,4.635397
1866,-22.131050009264086,3.880613894652811,1.0,0.002425999999999817,4.637823
1867,-22.13265241691196,3.8771978378266194,1.0,0.0029810000000001224,4.640804
1868,-22.13407475683803,3.868556984270331,1.0,0.0020599999999992846,4.642863999999999
1869,-22.134305153186027,3.870975411038964,1.0,0.0022180000000000533,4.6450819999999995
1870,-22.136211125633068,3.875258626025658,1.0,0.002844000000000513,4.647926
1871,-22.136899395946905,3.884705537846464,1.0,0.002582999999999558,4.650509
1872,-22.138870619429532,3.8704696706026605,1.0,0.0032770000000006405,4.653786
1873,-22.141659390862134,3.8582608470500386,1.0,0.002353999999999523,4.65614
1874,-22.143340481285282,3.8499786165040737,1.0,0.0027800000000004488,4.65892
1875,-22.145205287124497,3.862116070952622,1.0,0.0022279999999996747,4.661148
1876,-22.14730230496378,3.847380028924017,1.0,0.002589999999999648,4.6637379999999995
1877,-22.148452425572152,3.843247990928003,1.0,0.0021250000000003766,4.665863
1878,-22.148849356817205,3.8496482476723655,1.0,0.0022570000000001755,4.66812
1879,-22.150217371952944,3.833266095411379,1.0,0.0027559999999997586,4.670876
1880,-22.151492175223698,3.828015005280958,1.0,0.0024439999999996687,4.6733199999999995
1881,-22.15380615445624,3.8180820398541053,1.0,0.00264700000000051,4.675967
1882,-22.15523106918039,3.8194389185899014,1.0,0.0025279999999998637,4.678495
1883,-22.15598457849149,3.816264807200675,1.0,0.0021019999999998262,4.680597
1884,-22.159105809745892,3.834352536721576,1.0,0.002227000000000423,4.682824
1885,-22.16161870043714,3.815671571812144,1.0,0.0022099999999998232,4.685034
1886,-22.162958689158522,3.8133914304993675,1.0,0.002177999999999791,4.687212
1887,-22.164113543763158,3.8075303940622205,1.0,0.0027239999999997266,4.689935999999999
1888,-22.165262605884607,3.8049015358719296,1.0,0.0021740000000001203,4.69211
1889,-22.16601401566377,3.805249038059105,1.0,0.002304000000000528,4.694414
1890,-22.167355333301067,3.8016818754422395,1.0,0.002491000000000021,4.696905
1891,-22.169791982973337,3.800969445645262,1.0,0.0021689999999994214,4.6990739999999995
1892,-22.171333254377444,3.7921032818579405,1.0,0.002220000000000333,4.701294
1893,-22.172913386789773,3.7893449157818333,1.0,0.0022039999999998727,4.703498
1894,-22.174303263459407,3.7874483397073955,1.0,0.002195000000000391,4.705693
1895,-22.175119267990773,3.7993890323602213,1.0,0.002199000000000062,4.707892
1896,-22.177002966549185,3.801505421063145,1.0,0.0022299999999999542,4.710122
1897,-22.17814544553759,3.795863254846604,1.0,0.0022769999999994184,4.712399
1898,-22.179119326972977,3.789295515999297,1.0,0.0027439999999998577,4.715142999999999
1899,-22.180369539708632,3.795721763332317,1.0,0.002204000000000761,4.717347
1900,-22.180953859563942,3.796277468164123,1.0,0.0022050000000000125,4.719552
1901,-22.182721708799058,3.784686866806719,1.0,0.002202999999999733,4.721755
1902,-22.185686805679673,3.7998668054746436,1.0,0.0022159999999997737,4.723971
1903,-22.187924638946924,3.7989076512522866,1.0,0.002253999999999756,4.7262249999999995
1904,-22.190470796731915,3.7972711044794982,1.0,0.0025660000000007344,4.728791
1905,-22.192768132895594,3.817495818783631,1.0,0.0022399999999995757,4.731031
1906,-22.19508396853972,3.8099466566809537,1.0,0.002208000000000432,4.733239
1907,-22.19600394394879,3.8033812050172444,1.0,0.002222999999999864,4.735462
1908,-22.197806609155748,3.8179508018232435,1.0,0.0022500000000000853,4.737712
1909,-22.198828390528796,3.817417020864421,1.0,0.0022619999999999862,4.739974
1910,-22.19992044261182,3.8127838467279886,1.0,0.0027689999999997994,4.742743
1911,-22.201615691765006,3.8048254607457204,1.0,0.0022760000000001668,4.745019
1912,-22.203544499333066,3.7967437806563815,1.0,0.0023169999999996804,4.747336
1913,-22.204423380854713,3.7929107176406145,1.0,0.0022560000000000358,4.749592
1914,-22.2053686460874,3.7925253829256214,1.0,0.002246999999999666,4.7518389999999995
1915,-22.205850614552993,3.7969694325288432,1.0,0.0022780000000004463,4.754117
1916,-22.206823427771,3.799798763053919,1.0,0.0022419999999998552,4.756359
1917,-22.207337338544043,3.8013614768181583,1.0,0.0023249999999999105,4.758684
1918,-22.208781895212915,3.791315696834516,1.0,0.0022580000000003153,4.760942
1919,-22.210777099545687,3.7859827365806717,1.0,0.0022700000000002163,4.763212
1920,-22.21221703673482,3.768765537233441,1.0,0.0022689999999991883,4.765480999999999
1921,-22.21264933434417,3.7732285232609564,1.0,0.0022440000000001348,4.7677249999999995
1922,-22.214185834952207,3.774869222766285,1.0,0.0022739999999998872,4.769998999999999
1923,-22.216395257979507,3.787494762585303,1.0,0.0022820000000001173,4.7722809999999996
1924,-22.218428219321808,3.7908683623182418,1.0,0.002254999999999896,4.7745359999999994
1925,-22.21935691153126,3.7915617399307884,1.0,0.0022890000000002075,4.776825
1926,-22.221517984526347,3.7966284467606437,1.0,0.002251000000000225,4.779076
1927,-22.22269062091174,3.79921859779304,1.0,0.002283000000000257,4.781359
1928,-22.225723675064067,3.782800748637876,1.0,0.0022299999999999542,4.783589
1929,-22.22739187853222,3.7887744037174578,1.0,0.0022959999999994096,4.7858849999999995
1930,-22.22990333830628,3.794332149099393,1.0,0.002272000000000496,4.788157
1931,-22.230895654424003,3.786030523991908,1.0,0.0022890000000002075,4.790446
1932,-22.23217573123074,3.7802592841369815,1.0,0.0022729999999997474,4.792719
1933,-22.235083341562756,3.7808487769519603,1.0,0.0022679999999999367,4.794987
1934,-22.23649839874199,3.7846510882324855,1.0,0.0022289999999998145,4.797216
1935,-22.239001542751794,3.785618810863444,1.0,0.0022700000000002163,4.799486
1936,-22.2403356504715,3.7939041496883315,1.0,0.0022739999999998872,4.80176
1937,-22.241408354641948,3.799832553927149,1.0,0.0023140000000001493,4.804074
1938,-22.24324816929993,3.8004761933020963,1.0,0.0022690000000000765,4.806343
1939,-22.244902968392925,3.7843633429501073,1.0,0.002295000000000158,4.808638
1940,-22.246297072717148,3.7825413274558852,1.0,0.002438999999999858,4.811077
1941,-22.24701957419581,3.7882216859567057,1.0,0.0023580000000000823,4.813435
1942,-22.248135849783473,3.792132362635328,1.0,0.0022560000000000358,4.815691
1943,-22.248984430168914,3.7956761805718293,1.0,0.00229499999999927,4.817985999999999
1944,-22.25010379317642,3.7789057535346,1.0,0.0022770000000003066,4.820263
1945,-22.25096545506908,3.7827459355607718,1.0,0.0022609999999998465,4.822524
1946,-22.252947557836436,3.7914167528190434,1.0,0.0022650000000004056,4.824789
1947,-22.254596666794782,3.7919415674675467,1.0,0.0022440000000001348,4.827033
1948,-22.25564827605332,3.7750112161579366,1.0,0.002599000000000018,4.829632
1949,-22.258025830188014,3.7562720697158234,1.0,0.0025759999999994676,4.832208
1950,-22.259957344175184,3.7702136686779313,1.0,0.00216800000000017,4.834376
1951,-22.26184395899576,3.759734966086914,1.0,0.002619000000000149,4.836995
1952,-22.26301586332921,3.7550747380678358,1.0,0.0026479999999997617,4.839643
1953,-22.264575614420515,3.74764918250849,1.0,0.0031840000000000757,4.842827
1954,-22.26623386692897,3.7393008844195883,1.0,0.002323000000000519,4.84515
1955,-22.26698559279926,3.739060135245306,1.0,0.0021969999999997825,4.847347
1956,-22.267226048360936,3.7428966991810753,1.0,0.002202999999999733,4.84955
1957,-22.267645417364598,3.7425724658297743,1.0,0.002219000000000193,4.851769
1958,-22.26859086979671,3.7563090445930323,1.0,0.0021889999999995524,4.8539579999999996
1959,-22.270633115855865,3.74207065159725,1.0,0.002718999999999916,4.8566769999999995
1960,-22.271805641631545,3.7482467232152876,1.0,0.0021900000000005804,4.858867
1961,-22.27332188873304,3.73865631705548,1.0,0.002234999999999765,4.861102
1962,-22.27597952486773,3.7480623555283348,1.0,0.0026849999999996044,4.863786999999999
1963,-22.2770403244427,3.742117592009523,1.0,0.0027280000000002858,4.866515
1964,-22.278430071642113,3.741262897319131,1.0,0.002693999999999974,4.869209
1965,-22.279740684908482,3.726534701874347,1.0,0.002705999999999875,4.8719149999999996
1966,-22.280237434912173,3.725671716198636,1.0,0.0021800000000000708,4.874095
1967,-22.28125661794568,3.7319171142381693,1.0,0.0022120000000001028,4.876307
1968,-22.28323345188296,3.7357605753837118,1.0,0.0023020000000002483,4.878609
1969,-22.285620186207513,3.7234522116337216,1.0,0.002245999999999526,4.8808549999999995
1970,-22.286650503860777,3.722585982425272,1.0,0.0021930000000001115,4.883048
1971,-22.287912127128557,3.735756154800115,1.0,0.002227000000000423,4.885275
1972,-22.290447601439727,3.7255486374506037,1.0,0.002340000000000231,4.887615
1973,-22.291033703944755,3.7292225023360066,1.0,0.002342999999999762,4.889958
1974,-22.292603888172113,3.724240138111178,1.0,0.002155000000000129,4.892113
1975,-22.294246712712507,3.722602086378476,1.0,0.0022479999999998057,4.894361
1976,-22.29565130870119,3.733404117665871,1.0,0.002210999999999963,4.896572
1977,-22.296473981398496,3.735000550008807,1.0,0.002226999999999535,4.8987989999999995
1978,-22.298031553626732,3.7241014423610435,1.0,0.002208000000000432,4.901007
1979,-22.298726613142588,3.731938124528661,1.0,0.0022209999999995844,4.9032279999999995
1980,-22.29991918831314,3.725682844081044,1.0,0.0022740000000007754,4.905502
1981,-22.3009200005862,3.725589436811459,1.0,0.0022099999999998232,4.907712
1982,-22.302001075178367,3.739450142447989,1.0,0.0021849999999998815,4.909897
1983,-22.303895742400325,3.7354838316026266,1.0,0.002246999999999666,4.912144
1984,-22.305384485765288,3.734885032111497,1.0,0.00216800000000017,4.914312
1985,-22.30643593885692,3.729982699502939,1.0,0.0022729999999997474,4.9165849999999995
1986,-22.308232545738825,3.7375787267972287,1.0,0.0021760000000004,4.918761
1987,-22.310401118595774,3.7217346989533255,1.0,0.0021940000000002513,4.920955
1988,-22.31274792139721,3.7026917006583955,1.0,0.0021769999999996514,4.923132
1989,-22.313506105140007,3.706702070657487,1.0,0.0021959999999996427,4.9253279999999995
1990,-22.31417079653599,3.701790777599104,1.0,0.0021500000000003183,4.927478
1991,-22.315439793312333,3.700088666389104,1.0,0.002221999999999724,4.9296999999999995
1992,-22.316439579880544,3.700475659973018,1.0,0.0021930000000001115,4.931893
1993,-22.31930912022606,3.697583082260561,1.0,0.0022260000000002833,4.934119
1994,-22.320785950220234,3.69566058304141,1.0,0.0021769999999996514,4.936296
1995,-22.321510648619135,3.696591662686633,1.0,0.0022220000000006124,4.938518
1996,-22.322905096766313,3.7025371601152375,1.0,0.002199000000000062,4.940717
1997,-22.323353711070396,3.7000896083559476,1.0,0.0022619999999999862,4.942979
1998,-22.324206495391007,3.7028296978124637,1.0,0.0021919999999999717,4.945171
1999,-22.325366739857348,3.7081706941307586,1.0,0.0021999999999993136,4.9473709999999995
