iter,f,grad_norm,step_norm,gTd,alpha,armijo_iters,time_iter_sec,time_cum_sec,hvp_calls_iter,hvp_calls_cum,yk_resid_rel,inner_T,inner_r,inner_minres_total_iters,eta,lambda_min_PHPT,Lambda_shift,seed_outer,seed_Sk,seed_Rk_base
0,0.6931471805599454,0.4578048452742801,0.387567763929723,-0.04308572684852855,1.0,0,0.4431640829425305,0.4431958328932524,50,50,,,,,0.676612773508068,2.969223256540201,0.0,0,3757552657,
1,0.6685151742321847,0.441504701424518,0.3503142546294745,-0.033439388871403394,1.0,0,0.2965504170861095,0.739976457785815,50,100,,,,,0.6644582014126381,2.740376691223627,0.0,0,673228719,
2,0.6495020786174883,0.42723423073604894,0.3303217155760427,-0.029188672830684454,1.0,0,0.29079587501473725,1.030842874897644,50,150,,,,,0.653631571098007,2.852089422266338,0.0,0,3241444873,
3,0.6328152190991247,0.41369132861612923,0.34520137605294476,-0.03111284512412882,1.0,0,0.3394986670464277,1.370473749935627,50,200,,,,,0.6431884083347035,2.7346077714702575,0.0,0,3685993406,
4,0.6151029461450039,0.4008153860561798,0.34925258305335005,-0.031247336281848108,1.0,0,0.2669199160300195,1.6374636248219758,50,250,,,,,0.6330998231370625,2.618082913436812,0.0,0,1216546553,
5,0.5972212295645385,0.38671460974730626,0.3724627618050313,-0.035074071266651144,1.0,0,0.2628117501735687,1.9004032909870148,50,300,,,,,0.62186381929431,2.5738417218884906,0.0,0,2078861726,
6,0.5771755836646543,0.37149461568630765,0.36287851357989287,-0.03237371063566235,1.0,0,0.43258358305320144,2.3330569160170853,50,350,,,,,0.6095035813564246,2.5724507332851356,0.0,0,2471122328,
7,0.5585321831675261,0.35677647807288193,0.30649758459677984,-0.022290040337963665,1.0,0,0.2670259161386639,2.6001734999008477,50,400,,,,,0.597307691288905,2.4940405175621176,0.0,0,23012616,
8,0.5458019840234986,0.34675466792836906,0.394126528217359,-0.03693946814812069,1.0,0,0.2568797080311924,2.857185499975458,50,450,,,,,0.5888587843688579,2.371307646927801,0.0,0,3031610183,
9,0.524347358519321,0.3310955393642373,0.3708849855019879,-0.03205267646926314,1.0,0,0.2624638748820871,3.119779290864244,50,500,,,,,0.5754090191891654,2.267998057058405,0.0,0,2976135721,
10,0.506023360269521,0.31596075337054264,0.35199609674597127,-0.027202851605004737,1.0,0,0.5646235418971628,3.6844721660017967,50,550,,,,,0.562103863507931,2.3134870975777275,0.0,0,556745865,
11,0.4904794404490471,0.3040122025970136,0.29303694366676836,-0.019209616571748623,1.0,0,0.2620616250205785,3.946665416005999,50,600,,,,,0.5513730158404686,2.2563631263993136,0.0,0,4118645239,
12,0.4796486143917694,0.2968413492292411,0.2940431680604039,-0.018997144417849034,1.0,0,0.27237750007770956,4.219110833015293,50,650,,,,,0.5448314870023951,2.147636960338216,0.0,0,2090914255,
13,0.46878175568390484,0.28764027701753503,0.2766495031380614,-0.01626119456633083,1.0,0,0.29377191700041294,4.512949707917869,50,700,,,,,0.5363210577793259,2.053227070698225,0.0,0,1802160804,
14,0.45953871609727315,0.28180438614526476,0.2687383598728621,-0.015083353740675398,1.0,0,0.2556292498484254,4.76864383299835,50,750,,,,,0.5308525088433366,2.2279279219629973,0.0,0,3957305396,
15,0.4509519955376819,0.2748946630518184,0.34951606465453616,-0.024469289737218132,1.0,0,0.2830112499650568,5.05178308300674,50,800,,,,,0.52430397962615,2.13604545638215,0.0,0,2416193258,
16,0.4369170875287782,0.26484575967777435,0.27153825574808776,-0.014755818109125123,1.0,0,0.2704687500372529,5.322377624921501,50,850,,,,,0.5146316737995965,2.056467343134602,0.0,0,2322685169,
17,0.4285023945281799,0.25976175386711015,0.32641409026653423,-0.020628960357126788,1.0,0,0.27321591693907976,5.595662957988679,50,900,,,,,0.5096682782625481,1.9685844877851981,0.0,0,3860999861,
18,0.4167185919726882,0.25138303202680023,0.2592866911464739,-0.012907812879852655,1.0,0,0.2566252090036869,5.852413082960993,50,950,,,,,0.5013811245218553,1.944479851005858,0.0,0,3521360814,
19,0.40936976961948457,0.24583720689385619,0.27376651612795083,-0.014435032510845054,1.0,0,0.2609370001591742,6.113429374992847,50,1000,,,,,0.49581973225543996,1.8965818793497928,0.0,0,2710367621,
20,0.4011733909303729,0.240242234039408,0.29234463325490917,-0.016082681222356534,1.0,0,0.30624566599726677,6.419739624951035,50,1050,,,,,0.49014511528669547,1.9758599982983471,0.0,0,2613302452,
21,0.39203361849560575,0.2335699049206236,0.23383666795400104,-0.01010327446895099,1.0,0,0.2724055831786245,6.692299999995157,50,1100,,,,,0.4832907043598331,1.8926255337898037,0.0,0,691998362,
22,0.3862276849074229,0.22908282665974178,0.2889729754581751,-0.015161281091175111,1.0,0,0.24935850012116134,6.9417901248671114,50,1150,,,,,0.47862597783628685,1.8898522645899019,0.0,0,3097918053,
23,0.3775648706919395,0.22316317603638408,0.25274113076868376,-0.01172604183586807,1.0,0,0.26727212499827147,7.209130749804899,50,1200,,,,,0.4724014987660222,1.8292863131303838,0.0,0,1397135628,
24,0.3708193165421853,0.21893498882859438,0.26480801075752164,-0.012389827381113471,1.0,0,0.25791154196485877,7.467161332955584,50,1250,,,,,0.4679048929308117,1.8503267867703697,0.0,0,227095882,
25,0.36377952077226805,0.21434177167954035,0.3150191715908683,-0.017529643674638665,1.0,0,0.2702959158923477,7.737525624921545,50,1300,,,,,0.46297059483248,1.8705113149142527,0.0,0,1284190969,
26,0.3536862945431616,0.20650780087227644,0.23261872627096133,-0.009894840258606461,1.0,0,0.2514673329424113,7.989062082953751,50,1350,,,,,0.45443129389631215,1.8589247756578655,0.0,0,3043713942,
27,0.3480880848653189,0.20199379294956143,0.23066964073835136,-0.008978398469753224,1.0,0,0.40270391711965203,8.391826790990308,50,1400,,,,,0.44943719577885566,1.7317308197273995,0.0,0,587957511,
28,0.34301846603622127,0.19933540201829805,0.2655584957718366,-0.01190721089112831,1.0,0,0.4546488751657307,8.846601207973436,50,1450,,,,,0.4464699340586083,1.7518147706086675,0.0,0,1432336787,
29,0.3361503041422843,0.19489080039891132,0.24088208068545924,-0.009993543503258174,1.0,0,0.7463485840708017,9.593080749968067,50,1500,,,,,0.44146438180096853,1.6675370141918715,0.0,0,352480436,
30,0.3304021622758685,0.19056340186497242,0.27609387719111306,-0.013359692588474742,1.0,0,0.36618916713632643,9.959366290830076,50,1550,,,,,0.4365356822356821,1.6738714889288486,0.0,0,31145354,
31,0.32281241601282606,0.18552092665157355,0.22792074766857626,-0.008377086895429356,1.0,0,0.3120018329937011,10.271439875010401,50,1600,,,,,0.43072140259287506,1.649531391148754,0.0,0,2124181941,
32,0.31802631973656276,0.18213678158203414,0.2476257106346691,-0.009881957087757093,1.0,0,0.28494770894758403,10.556465082801878,50,1650,,,,,0.4267748605319134,1.6762518104953574,0.0,0,1230359124,
33,0.3123559553441002,0.17743489085246847,0.23021090799284596,-0.008491332028076837,1.0,0,0.2746102081146091,10.831483540823683,50,1700,,,,,0.42123021122952287,1.5546222785739754,0.0,0,4183152444,
34,0.3075100144022356,0.17338577451412773,0.2421117661181618,-0.009161585799039652,1.0,0,0.2614459169562906,11.093006790848449,50,1750,,,,,0.41639617495136494,1.6036148372812535,0.0,0,3864314740,
35,0.30221751260892854,0.16970379273382588,0.2120026698661181,-0.006994049133342025,1.0,0,0.24485308304429054,11.33795987488702,50,1800,,,,,0.4119512018841866,1.6402300166355246,0.0,0,2181434260,
36,0.29821500863234857,0.1666485629734509,0.23604566021296267,-0.008619811009491636,1.0,0,0.2765570830088109,11.614589207805693,50,1850,,,,,0.40822611745630744,1.5453122814060223,0.0,0,89664926,
37,0.2932625708223954,0.16319458200921977,0.2356061613287935,-0.008521160313048467,1.0,0,0.3095690419431776,11.924293207935989,50,1900,,,,,0.4039734917160033,1.5708901595027909,0.0,0,927708477,
38,0.28842986666097004,0.15928234354705123,0.24301289295648157,-0.008530312006114505,1.0,0,0.25640170904807746,12.18076895782724,50,1950,,,,,0.39910192125201704,1.4788097507617177,0.0,0,1942326601,
39,0.28354761364038755,0.15600841630285678,0.25429368502051913,-0.009579726869423965,1.0,0,0.3047139998525381,12.485556124942377,50,2000,,,,,0.3949790074204663,1.5855006811596797,0.0,0,2095392586,
40,0.278046685167506,0.15316415288320664,0.20999213281394713,-0.006366702399138192,1.0,0,0.2512276249472052,12.736917165806517,50,2050,,,,,0.39136192058401215,1.5855329223774013,0.0,0,3732358584,
41,0.27438337021389986,0.15067120909222498,0.26479280750646356,-0.010199073158155818,1.0,0,0.2630789999384433,13.000187957892194,50,2100,,,,,0.38816389462728884,1.545940853953826,0.0,0,1108313345,
42,0.2685647808499579,0.14792242750654772,0.23693804964569443,-0.008068339968287193,1.0,0,0.2554337498731911,13.25569074996747,50,2150,,,,,0.38460684797146777,1.4923713345145857,0.0,0,143506814,
43,0.2639577771292039,0.1452284483352166,0.23189707485126027,-0.007804493283288286,1.0,0,0.25847608409821987,13.514291749801487,50,2200,,,,,0.3810885045960014,1.4558129484033036,0.0,0,3917595041,
44,0.25950057158609285,0.1410430263647847,0.23494406123368275,-0.008078316827639823,1.0,0,0.24693095800466835,13.76128904079087,50,2250,,,,,0.3755569548880498,1.4413523319684969,0.0,0,2981519830,
45,0.2549194679489079,0.13703465377350157,0.24571398046846957,-0.008293464950657255,1.0,0,0.32984045799821615,14.091252249898389,50,2300,,,,,0.3701819198360471,1.4196102517944804,0.0,0,3907629306,
46,0.2501839253603501,0.13419442249979555,0.21630550033916146,-0.006315761646701496,1.0,0,0.28048262489028275,14.37179866596125,50,2350,,,,,0.36632556899538904,1.4117319252038516,0.0,0,3041951927,
47,0.24657129771957043,0.13053848591887734,0.23173442289970553,-0.007169303512613024,1.0,0,0.46043854183517396,14.832365499809384,50,2400,,,,,0.3613011014636924,1.4019282462599998,0.0,0,2112316551,
48,0.24244624948554774,0.12789237251825755,0.20750992019409417,-0.0057261397868917175,1.0,0,0.3409491248894483,15.17376804095693,50,2450,,,,,0.35762043078976563,1.4061682972518446,0.0,0,3551713253,
49,0.23913337263879655,0.12555685821907228,0.1939823398646584,-0.00511051946976322,1.0,0,0.5759382080286741,15.749775582924485,50,2500,,,,,0.3543400319171858,1.3723025800438597,0.0,0,3444023912,
50,0.23620736033531067,0.12308148254424535,0.19279607529357434,-0.005000328675279015,1.0,0,0.47550283302553,16.22535724984482,50,2550,,,,,0.35082970590337037,1.400143080265106,0.0,0,2907820693,
51,0.2333469854366082,0.12126184054309566,0.17911780957152942,-0.004226601723195347,1.0,0,0.7195655829273164,16.94506120798178,50,2600,,,,,0.34822670854358034,1.325287438152562,0.0,0,2657384924,
52,0.2309403064812669,0.11922939629973053,0.18107831770814004,-0.004308460013243423,1.0,0,1.073852333938703,18.019079790916294,50,2650,,,,,0.3452960994562935,1.3474244650907197,0.0,0,1705482282,
53,0.22846866353427306,0.1180951333138764,0.2233078257108562,-0.00655523804237008,1.0,0,1.5721679169218987,19.591336165787652,50,2700,,,,,0.343649724739998,1.2967734193222615,0.0,0,2662064237,
54,0.22472036782355725,0.11548283480865112,0.18749259852732544,-0.004560666245616114,1.0,0,0.35452995798550546,19.946001457981765,50,2750,,,,,0.3398276545672102,1.3123877376692215,0.0,0,3635317158,
55,0.2220840242785908,0.11291664573147889,0.17106271037175622,-0.0038754468624084557,1.0,0,0.875088999979198,20.82122112484649,50,2800,,,,,0.33603072141022894,1.3145157220309416,0.0,0,987329362,
56,0.21987010059328904,0.11113919712023429,0.18794522491083895,-0.0046879937278588345,1.0,0,1.2407154999673367,22.062320082914084,50,2850,,,,,0.3333754596850738,1.3546459578562953,0.0,0,3328500339,
57,0.21719227547901074,0.10902639278687856,0.17096958759525221,-0.0037329024948123506,1.0,0,0.48166183289140463,22.544122790917754,50,2900,,,,,0.33019144868830047,1.2663807849235262,0.0,0,157738150,
58,0.21506362458721573,0.10695760346282336,0.19468900677270834,-0.0046690460860246575,1.0,0,0.3714368329383433,22.915648124879226,50,2950,,,,,0.32704373325722563,1.2837105003215374,0.0,0,1755997775,
59,0.21240139684740578,0.10459954940026471,0.16764196480207524,-0.0035180777512944833,1.0,0,0.6292489159386605,23.544986499939114,50,3000,,,,,0.3234185359565291,1.2408086912701755,0.0,0,2926905740,
60,0.21041128994911978,0.10308531326957016,0.20077269591975364,-0.005040531680702385,1.0,0,0.3796043749898672,23.92467008298263,50,3050,,,,,0.3210690163649712,1.2698502305749562,0.0,0,3677471389,
61,0.2075458680781372,0.10112754432029257,0.18955377176809993,-0.00432792813140364,1.0,0,0.37039100006222725,24.295138332992792,50,3100,,,,,0.3180055727818187,1.3199801526273869,0.0,0,662960536,
62,0.20507037809818385,0.09999532095771177,0.1777269253379514,-0.003919388676676424,1.0,0,0.49517462495714426,24.790397624950856,50,3150,,,,,0.31622036771484496,1.2322139959914062,0.0,0,732536926,
63,0.20284863035304596,0.09859971734344067,0.1725062988598821,-0.0036118958320491565,1.0,0,0.7916061659343541,25.582075832877308,50,3200,,,,,0.31400591928089616,1.246713471319909,0.0,0,2439046558,
64,0.2007795959229844,0.0975760664412338,0.19319500964106542,-0.004508720934233317,1.0,0,0.7162451250478625,26.29841616586782,50,3250,,,,,0.31237167996032195,1.2245267966988678,0.0,0,1858825164,
65,0.1982207274086999,0.09568962371351776,0.194237851198987,-0.00434280146719144,1.0,0,1.0298527078703046,27.32838924997486,50,3300,,,,,0.30933739462521787,1.1891202980351856,0.0,0,1272723354,
66,0.19575514737152253,0.09295893180268025,0.15654870918684058,-0.002953897478516513,1.0,0,1.1835860828869045,28.512191207846627,50,3350,,,,,0.3048916722422576,1.194090527191656,0.0,0,2541405669,
67,0.1940831160429447,0.09162190622099048,0.15677564442605305,-0.0029207909578298414,1.0,0,0.40341108315624297,28.915758582996204,50,3400,,,,,0.30269110694070694,1.1823081672160143,0.0,0,2140915651,
68,0.1924247002492679,0.09022816082269473,0.16841789465270826,-0.003270035695335868,1.0,0,0.4169875839725137,29.33288574987091,50,3450,,,,,0.30038002733653035,1.220806580573875,0.0,0,401703394,
69,0.1905554092413109,0.08890465238713445,0.17316960252841299,-0.0035133770103582852,1.0,0,0.32083395798690617,29.653868124820292,50,3500,,,,,0.29816883201826183,1.1546089687554777,0.0,0,1543392617,
70,0.18856421830140657,0.08722981918403587,0.15123349987195908,-0.0027009232529715318,1.0,0,0.337679082993418,29.991630957927555,50,3550,,,,,0.2953469471385067,1.1991484360976905,0.0,0,2484009154,
71,0.18701826409951264,0.08611589040020615,0.16767684970927638,-0.0031801863737284343,1.0,0,0.3201812501065433,30.3119402078446,50,3600,,,,,0.29345509094273037,1.156202325376503,0.0,0,432186169,
72,0.18519982718487066,0.0850208662309083,0.15822960789289245,-0.0027789204498061353,1.0,0,0.4521436251234263,30.764164499938488,50,3650,,,,,0.29158337783712623,1.1723078188072689,0.0,0,3491236957,
73,0.18361056716494106,0.08339947980062179,0.15392991982902138,-0.002634643825007252,1.0,0,0.2979187499731779,31.067611790960655,50,3700,,,,,0.28878968091090407,1.1324366905398475,0.0,0,1401453692,
74,0.18211088846379317,0.08211790079958844,0.15226935657408358,-0.0025275296309179036,1.0,0,0.4051000829786062,31.47278995788656,50,3750,,,,,0.28656221104602825,1.1474513503178545,0.0,0,1860059625,
75,0.18067528651596657,0.08094793156385621,0.1556988734024804,-0.0027249861335406802,1.0,0,0.40477170795202255,31.877643040847033,50,3800,,,,,0.2845134997919364,1.118499211170153,0.0,0,1210734248,
76,0.17912228751846757,0.0791890374957985,0.16767298303634334,-0.0031577675054995365,1.0,0,0.2843450838699937,32.16207537497394,50,3850,,,,,0.28140546813414713,1.0973416452250584,0.0,0,3654689226,
77,0.17731560050383707,0.07774977462673124,0.178229334775574,-0.003457614565483157,1.0,0,0.2994197499938309,32.46162579092197,50,3900,,,,,0.27883646574064025,1.135558741688819,0.0,0,3000632214,
78,0.17533876764619533,0.07558859775909219,0.18174226162858106,-0.003572927629136373,1.0,0,0.36480345809832215,32.826511207968,50,3950,,,,,0.27493380614084584,1.0995727487796572,0.0,0,2923936912,
79,0.1733022105530759,0.07488472356925185,0.15023080631549302,-0.002383184340596729,1.0,0,0.26112837507389486,33.08784429100342,50,4000,,,,,0.2736507328132922,1.1174863480084467,0.0,0,574956910,
80,0.17192654628924045,0.07438197085753702,0.1363896860338903,-0.0021018921193769555,1.0,0,0.30325191700831056,33.3911709159147,50,4050,,,,,0.27273058291569907,1.1254476192157545,0.0,0,2162836574,
81,0.1707454496397941,0.07353039111572254,0.14027106977456874,-0.002147866110197687,1.0,0,0.2832822499331087,33.674692707834765,50,4100,,,,,0.2711648781013547,1.1133042555487407,0.0,0,3649273447,
82,0.16952323877917222,0.07284922105020035,0.12783308987876113,-0.0017438520974567527,1.0,0,0.2918860409408808,33.96671929094009,50,4150,,,,,0.26990594852689026,1.0711866929422225,0.0,0,908836073,
83,0.16852620173112784,0.0720541151074754,0.14022468769197294,-0.002065636775221465,1.0,0,0.30579904094338417,34.27262149984017,50,4200,,,,,0.2684289759088527,1.061452228795743,0.0,0,2641798559,
84,0.16734796706974528,0.0713658124907072,0.15432631459973747,-0.002491456737599756,1.0,0,0.26017975015565753,34.5328714158386,50,4250,,,,,0.2671438048892529,1.0956482707639092,0.0,0,2959818164,
85,0.1659303183326448,0.07050336217647496,0.1618076688689216,-0.002574505909538206,1.0,0,0.24437570804730058,34.77731145778671,50,4300,,,,,0.2655246922161383,1.0673636413178065,0.0,0,622926447,
86,0.1644584145211641,0.0698386792206401,0.12700176647152756,-0.0016971532398958468,1.0,0,0.3092155419290066,35.08665162487887,50,4350,,,,,0.26427008763883986,1.0821019513983583,0.0,0,3038241400,
87,0.1634911348762366,0.06923487490486245,0.1509125261985024,-0.0023980405665146825,1.0,0,0.40118333394639194,35.48791183298454,50,4400,,,,,0.26312520765761394,1.0615462160258573,0.0,0,551322101,
88,0.1621304651921595,0.06795357057982451,0.1520500992015075,-0.002264704360526148,1.0,0,0.2661489169113338,35.754133499925956,50,4450,,,,,0.26067905665746244,1.0348544951757295,0.0,0,2404569086,
89,0.1608295716324584,0.06707342373353627,0.13485745267547933,-0.0018193226856879163,1.0,0,0.2515680829528719,36.00577395781875,50,4500,,,,,0.25898537358996987,1.0366696030280822,0.0,0,1226897879,
90,0.15980015824268107,0.0662486126545804,0.14584568792929842,-0.002098866686766637,1.0,0,0.6353038749657571,36.64191454090178,50,4550,,,,,0.25738805849258123,1.026443899361564,0.0,0,744913493,
91,0.15860594572200518,0.0651940588284957,0.12258946764592213,-0.0015467170214439258,1.0,0,0.6327173751778901,37.27475795778446,50,4600,,,,,0.2553312727193747,1.0483160674734353,0.0,0,489196606,
92,0.15773071415195317,0.06466183687417633,0.13474529730394202,-0.0017738557917353224,1.0,0,0.35390854184515774,37.62874245783314,50,4650,,,,,0.254286918409454,1.0631989201405152,0.0,0,1054608687,
93,0.15671594872209868,0.06388872375335039,0.14265128266080332,-0.002030388071054038,1.0,0,0.2799272909760475,37.90873924992047,50,4700,,,,,0.25276218814005863,1.0124361094860745,0.0,0,4253976258,
94,0.15556585189547212,0.06298387841644616,0.1366039068807515,-0.0018416499034586483,1.0,0,0.3641007919795811,38.27289954083972,50,4750,,,,,0.2509658909422676,1.025811731179594,0.0,0,1722334846,
95,0.15452149132982806,0.06186049721786657,0.13697242447198696,-0.001848915044382617,1.0,0,0.29336345801129937,38.56633549998514,50,4800,,,,,0.24871770587930922,0.9852876175845124,0.0,0,1150669954,
96,0.15347290729960125,0.060906825971073046,0.14135960401703307,-0.0019512224316091365,1.0,0,0.2607307501602918,38.827200749889016,50,4850,,,,,0.2467930833128697,0.9864959820916832,0.0,0,3374222509,
97,0.15235738378358074,0.06022498383796458,0.1430958711459915,-0.001974178609747613,1.0,0,0.24832095787860453,39.075638874899596,50,4900,,,,,0.24540779090722564,0.9916974122504535,0.0,0,1908512080,
98,0.15123986005673312,0.0596688315262519,0.11962470648539589,-0.0013745345275688182,1.0,0,0.4708859999664128,39.546672749798745,50,4950,,,,,0.24427204409479997,0.9760288735070707,0.0,0,2092919000,
99,0.1504557387771566,0.05925312073579501,0.13281338971080747,-0.001701870995091379,1.0,0,0.25908179115504026,39.80588054098189,50,5000,,,,,0.24341963917439982,0.932387802089043,0.0,0,3786996292,
100,0.14949654511726895,0.05793199874279384,0.14138195458817837,-0.001943374291369027,1.0,0,0.3043914169538766,40.11033837497234,50,5050,,,,,0.24069067024459806,1.0245699379561508,0.0,0,2092262000,
101,0.1483901461185311,0.057516991269700356,0.14194872215047818,-0.001849553606878802,1.0,0,0.28441920783370733,40.39488062495366,50,5100,,,,,0.23982700279514055,0.9542257141708945,0.0,0,1092899071,
102,0.14733787287873268,0.057289941577249745,0.13258573623863534,-0.0016830081818212405,1.0,0,0.2601302918046713,40.655157499946654,50,5150,,,,,0.23935317331769335,0.983477845170689,0.0,0,441188289,
103,0.146374505096011,0.05648786208876003,0.14490712684837115,-0.0019325789535384256,1.0,0,0.267759749898687,40.922983333002776,50,5200,,,,,0.23767175282048145,0.9617308058214744,0.0,0,1428211589,
104,0.14526884713419716,0.055876286599303014,0.12709561780624204,-0.0015548236561972555,1.0,0,0.42033745907247066,41.34346799994819,50,5250,,,,,0.2363816545320364,0.9698820152919346,0.0,0,1181901459,
105,0.144391075163683,0.0550544445911213,0.10366632921885255,-0.0009655033994019226,1.0,0,0.2756855839397758,41.61922612483613,50,5300,,,,,0.23463683553764805,0.9882724648227512,0.0,0,4292997947,
106,0.143846600463217,0.05447392340504813,0.12277785464176999,-0.0013785173385291397,1.0,0,0.2587284171022475,41.87807587487623,50,5350,,,,,0.23339649398619536,0.937436220042646,0.0,0,2211669401,
107,0.14306042575879216,0.05428206469768611,0.1288042617416734,-0.001517434635181551,1.0,0,0.30609441618435085,42.18424187484197,50,5400,,,,,0.23298511690167273,0.9547614835229685,0.0,0,1270348811,
108,0.1421885750223686,0.05409515126512109,0.17466905499226246,-0.0026781642976251192,1.0,0,0.5317844171077013,42.71611216594465,50,5450,,,,,0.23258364358897016,0.9193580654616063,0.0,0,1097475769,
109,0.14067672058960473,0.05246101050422493,0.1265384111505813,-0.0014084429798054492,1.0,0,0.24850854207761586,42.96470595779829,50,5500,,,,,0.22904368689013221,0.9373757317200462,0.0,0,3298468166,
110,0.13988095578202425,0.05170590335193295,0.12131670067791259,-0.0013311672142497766,1.0,0,0.2762310418765992,43.241014290833846,50,5550,,,,,0.2273893211035491,0.9432433861951149,0.0,0,3960101873,
111,0.13912128334564536,0.051209061421361134,0.1499693298202426,-0.0020597589834602486,1.0,0,0.30883379094302654,43.549917332828045,50,5600,,,,,0.22629419219538344,0.9224021070021096,0.0,0,2744670666,
112,0.13795779598870936,0.05019635857166876,0.16420369598741216,-0.002343404574020207,1.0,0,0.2563342088833451,43.8063979158178,50,5650,,,,,0.22404543863169532,0.9292359946579538,0.0,0,1347039321,
113,0.1366277661496914,0.04899553613506857,0.14190961697035567,-0.0018140551040829577,1.0,0,0.2497492921538651,44.05622804095037,50,5700,,,,,0.2213493531390335,0.9121774755847407,0.0,0,2920320806,
114,0.13559263813788525,0.048000205121653566,0.12575060896509363,-0.001335123896693809,1.0,0,0.3175222920253873,44.37389183300547,50,5750,,,,,0.21908949112555254,0.9464617055013574,0.0,0,3590437643,
115,0.13483601116805582,0.0478327890833854,0.12507472986424276,-0.0013154701237302355,1.0,0,0.2625576669815928,44.63680262491107,50,5800,,,,,0.218707085123883,0.8745751331102395,0.0,0,92060330,
116,0.13408678464475673,0.04730562076348664,0.12087537350012233,-0.0012298280764934592,1.0,0,0.25534770800732076,44.892226290889084,50,5850,,,,,0.21749855347446945,0.8578942243221116,0.0,0,4230982478,
117,0.1333895020401147,0.04703451635963793,0.12326475921936206,-0.0012746102527373692,1.0,0,0.5275807080324739,45.41997795784846,50,5900,,,,,0.21687442532405227,0.892470346123819,0.0,0,2497014643,
118,0.1326678929894445,0.046705543509670155,0.11994716815927038,-0.0012639334595666261,1.0,0,0.2503503749612719,45.67041308293119,50,5950,,,,,0.21611465362087356,0.8313566799276926,0.0,0,80103403,
119,0.13194590637695966,0.046123439476902194,0.10260771394119719,-0.0009143366216572234,1.0,0,0.25218754122033715,45.922674499917775,50,6000,,,,,0.21476368286305345,0.8852438786004374,0.0,0,431207073,
120,0.1314289908293224,0.04562607593678868,0.114963450523285,-0.001136378171337583,1.0,0,0.26716404198668897,46.18996291584335,50,6050,,,,,0.21360261219561122,0.9294019207718738,0.0,0,2219508343,
121,0.13078255884512635,0.04506746990840475,0.1239291697926607,-0.0012848455450189524,1.0,0,0.26054358296096325,46.450578124960884,50,6100,,,,,0.2122910028908544,0.8267243401696317,0.0,0,2302296080,
122,0.1300551645509281,0.04454035038237223,0.0974854592862972,-0.0007985205953676267,1.0,0,0.25406141695566475,46.704715749947354,50,6150,,,,,0.2110458490053103,0.8521486810714685,0.0,0,1136047657,
123,0.1296020195235362,0.0443166003275413,0.12426900258448087,-0.0012922018622277462,1.0,0,0.251998791936785,46.95684991590679,50,6200,,,,,0.21051508337300037,0.8615065952045893,0.0,0,1504418919,
124,0.12887236219459555,0.044273674198532585,0.1170620241549597,-0.001117304520115161,1.0,0,0.3838676658924669,47.34163204091601,50,6250,,,,,0.21041310367591792,0.880583645369608,0.0,0,3876641860,
125,0.12823515721943118,0.044014924195835435,0.12916833996917965,-0.001367280671731866,1.0,0,0.3092776669654995,47.65098291588947,50,6300,,,,,0.20979734077398463,0.8310820907261454,0.0,0,2621670261,
126,0.12745551758350684,0.04347506728023963,0.11175349246785708,-0.0010140776479702445,1.0,0,0.2608615830540657,47.911970832850784,50,6350,,,,,0.20850675595826537,0.8283380396354701,0.0,0,649975369,
127,0.12688242780544842,0.04314911288806733,0.13921713964154966,-0.001546421779648659,1.0,0,0.46735620801337063,48.37945720786229,50,6400,,,,,0.20772364547173566,0.8414558293621668,0.0,0,734703278,
128,0.1259994536599834,0.04234267079435727,0.11578569389229783,-0.0010989670917603018,1.0,0,0.31288874987512827,48.692426540888846,50,6450,,,,,0.20577334811475775,0.8281040189488309,0.0,0,2658610772,
129,0.12537447860328746,0.04182757889497621,0.12096572377550277,-0.0012816858289323586,1.0,0,0.26675825007259846,48.95925624994561,50,6500,,,,,0.20451791827362267,0.833335111158334,0.0,0,1374155959,
130,0.12464781838813585,0.041170890093293264,0.10505990798130982,-0.0008642944869251284,1.0,0,0.2802954171784222,49.23962608282454,50,6550,,,,,0.20290611152277613,0.8479130403354498,0.0,0,3646569180,
131,0.12415302307782206,0.04085773472749016,0.10930957427971323,-0.000932980041670915,1.0,0,0.26063775015063584,49.50033341581002,50,6600,,,,,0.20213296299092376,0.8083638984357487,0.0,0,3522877462,
132,0.12362380611404639,0.04067077769211788,0.09997183757692069,-0.000805702301247674,1.0,0,0.24296712479554117,49.74341066600755,50,6650,,,,,0.20166997221231991,0.8123046154491418,0.0,0,4054708256,
133,0.12316594861903801,0.040176667413539646,0.10768437660969252,-0.0009482856530527643,1.0,0,0.23928387509658933,49.9828226249665,50,6700,,,,,0.20044118193011048,0.8389982042427744,0.0,0,247081018,
134,0.12262830342189784,0.03955469060855657,0.12473243997306795,-0.0011825990320783657,1.0,0,0.3396805829834193,50.322573540965095,50,6750,,,,,0.19888361070876748,0.8379357849932013,0.0,0,3140563021,
135,0.12195653976114414,0.039363111482812616,0.13702132864632457,-0.0014695556792224819,1.0,0,0.26265683420933783,50.58562395791523,50,6800,,,,,0.1984013898207687,0.769449371942431,0.0,0,725923602,
136,0.12111597686589957,0.03846438988781466,0.12338534102482433,-0.0011611630436289527,1.0,0,0.3551362091675401,50.94083400000818,50,6850,,,,,0.19612340474256165,0.7757440048103985,0.0,0,257452030,
137,0.1204538258604449,0.038536374565865616,0.087879020478371,-0.0006210654038577734,1.0,0,0.47571620903909206,51.41664045793004,50,6900,,,,,0.19630683779702024,0.784281123091825,0.0,0,2314103595,
138,0.12010574181534957,0.03823069885606699,0.1088434511942289,-0.0009040061278645887,1.0,0,0.6446280418895185,52.061343332985416,50,6950,,,,,0.19552672159085313,0.7827428615765755,0.0,0,2470713343,
139,0.11958940572981197,0.037720860547952456,0.09233556410627115,-0.0006666502992009178,1.0,0,0.6330576671753079,52.694540665950626,50,7000,,,,,0.1942185896044775,0.7513156546816497,0.0,0,676682774,
140,0.1192131587039541,0.037655969581986776,0.09986716810769268,-0.0007659723998653854,1.0,0,0.255828500026837,52.95052654086612,50,7050,,,,,0.19405146116941963,0.7497194383017222,0.0,0,958774574,
141,0.11877918755691141,0.03734930341820036,0.11658340746601464,-0.0010406079201624634,1.0,0,0.5346922499593347,53.48534662486054,50,7100,,,,,0.1932596787180408,0.8056591677080743,0.0,0,829240230,
142,0.11818512543237002,0.03666744203404672,0.09792005588955609,-0.0007474312886587025,1.0,0,0.4205247920472175,53.905957290902734,50,7150,,,,,0.1914874461526048,0.7890566035954711,0.0,0,1110119642,
143,0.11776147350577733,0.03635480247915834,0.10712271645041048,-0.0008865924155608974,1.0,0,0.46393133304081857,54.369964707875624,50,7200,,,,,0.19066935380170127,0.7851023252258312,0.0,0,98391761,
144,0.11726292210460429,0.03588319070921373,0.11920805923032747,-0.001077512799966325,1.0,0,0.3259338750503957,54.695978415897116,50,7250,,,,,0.18942858999953976,0.7525152883262259,0.0,0,2866645691,
145,0.1166526828572362,0.035318193286588306,0.09837098598705474,-0.0007001478071355292,1.0,0,0.26914408314041793,54.96521812491119,50,7300,,,,,0.1879313525907487,0.8050313032640368,0.0,0,339195491,
146,0.11625724872669412,0.03493379710973833,0.10506108139827004,-0.0008438155843826573,1.0,0,0.7342217080295086,55.699566582916304,50,7350,,,,,0.18690585092430448,0.7661910730226732,0.0,0,895703990,
147,0.11577937719011647,0.03433658630562827,0.11461239487649849,-0.0010114494520062974,1.0,0,0.3388066249899566,56.038535999832675,50,7400,,,,,0.18530133919005623,0.7388131624318507,0.0,0,49243730,
148,0.11520916960641434,0.034249959371778986,0.09840959651948647,-0.0007259880006844232,1.0,0,0.5996480418834835,56.63857670780271,50,7450,,,,,0.18506744546726467,0.7689033104415055,0.0,0,2768524851,
149,0.11479899940295635,0.03389710603427084,0.10594243752557546,-0.0008456270250296295,1.0,0,0.355804790975526,56.994452624814585,50,7500,,,,,0.18411166729534237,0.749699872789666,0.0,0,1734863401,
150,0.11432389286485038,0.0335284798188243,0.10071304228461662,-0.0007765753803744948,1.0,0,0.3007169999182224,57.295316457981244,50,7550,,,,,0.1831078365849597,0.7301554641537756,0.0,0,201964207,
151,0.1138867091658858,0.033243925890685415,0.0922794336416623,-0.0006445416645238431,1.0,0,1.1746469580102712,58.47008837480098,50,7600,,,,,0.18232916906157778,0.7460368230064174,0.0,0,866630641,
152,0.1135208137694659,0.03304238770765815,0.09285757406785376,-0.0006090359990658217,1.0,0,1.446429249830544,59.91665404080413,50,7650,,,,,0.1817756521310215,0.7640602765416146,0.0,0,514166452,
153,0.11317719709541213,0.03257718245198298,0.10749147630251835,-0.0008266089962540368,1.0,0,0.965218500001356,60.88196187489666,50,7700,,,,,0.18049150243704823,0.7672873566578103,0.0,0,2241452051,
154,0.11270522128448511,0.03262008240495981,0.08295991939277442,-0.0005103968218693948,1.0,0,0.43816341692581773,61.32021687482484,50,7750,,,,,0.1806103053675504,0.7749170998517221,0.0,0,4223657280,
155,0.11242010935300492,0.032487075068156755,0.087580842380216,-0.0005479915218733807,1.0,0,0.4335232500452548,61.75382987479679,50,7800,,,,,0.1802417128973112,0.7492008100135366,0.0,0,1408271961,
156,0.11211080455177631,0.03227999661411001,0.10886883761659599,-0.0008417652049811566,1.0,0,0.4364515410270542,62.19042287487537,50,7850,,,,,0.17966634802908976,0.7357047629103013,0.0,0,740544449,
157,0.11163027281803971,0.032072589096987396,0.09264821545240025,-0.0005999977167708039,1.0,0,0.4991908750962466,62.68974879081361,50,7900,,,,,0.17908821596349492,0.7165721321400733,0.0,0,3819556827,
158,0.11128866004554303,0.03195476548874241,0.08965836181932384,-0.0005637094889050758,1.0,0,0.4230938751716167,63.11297687492333,50,7950,,,,,0.17875895918454665,0.777983121875542,0.0,0,1246303319,
159,0.11096901620446435,0.03187012747642369,0.08555290191660428,-0.000532453241051596,1.0,0,0.3003643329720944,63.41342608281411,50,8000,,,,,0.1785220643965997,0.7488949580216381,0.0,0,1351462461,
160,0.11066502428493817,0.0317566633472962,0.09529954160096395,-0.0006613698459191986,1.0,0,0.4134513749741018,63.826961665879935,50,8050,,,,,0.17820399363453165,0.7232344957935,0.0,0,1470778989,
161,0.11029424156395037,0.03155438968850813,0.09237898197025932,-0.0006209913788445403,1.0,0,0.2870971660595387,64.11413566581905,50,8100,,,,,0.17763555299688216,0.7286353395921961,0.0,0,2819660091,
162,0.10994384893971726,0.03135297334519348,0.08288319051450325,-0.00046378613231890306,1.0,0,0.34096008306369185,64.45523091591895,50,8150,,,,,0.17706770836375976,0.7244921766604496,0.0,0,2628686208,
163,0.10968023284968995,0.031242261067368625,0.09345315994858788,-0.0006396345452770137,1.0,0,0.25099083315581083,64.70630291593261,50,8200,,,,,0.17675480493431747,0.7478466308978242,0.0,0,888148230,
164,0.10932004344709885,0.030945034167433234,0.0831678094230858,-0.0004948511908869002,1.0,0,0.25819691689684987,64.96462791599333,50,8250,,,,,0.17591200688819747,0.7190383816888878,0.0,0,3325975866,
165,0.10904092466256744,0.030785439252813636,0.11344854316940357,-0.0008673637946143486,1.0,0,0.5606136249843985,65.52534120786004,50,8300,,,,,0.17545779906522718,0.7290827351546971,0.0,0,4238685268,
166,0.10854695126563224,0.030186526886608094,0.09992553380219481,-0.000662724015060488,1.0,0,0.3876694159116596,65.9139703749679,50,8350,,,,,0.1737427031175931,0.7006229340354706,0.0,0,880763047,
167,0.10817060825494154,0.029971433392925285,0.10862090636476263,-0.0008320323231592063,1.0,0,0.32226258306764066,66.23636083281599,50,8400,,,,,0.1731225964249765,0.7193975601258331,0.0,0,1118017696,
168,0.10769868858117926,0.02984284486910653,0.09483091231075252,-0.000609601257392544,1.0,0,0.3723331249784678,66.60877320799045,50,8450,,,,,0.17275081727478608,0.6922558864877287,0.0,0,499684271,
169,0.10735239816461248,0.02958003756194153,0.07853193087380105,-0.0004465153741189176,1.0,0,0.24880195781588554,66.85770187480375,50,8500,,,,,0.1719884808989879,0.6989668106883133,0.0,0,3743912352,
170,0.10709931712698999,0.02933746943928959,0.09280488284543882,-0.0006255114395798715,1.0,0,0.25271795806474984,67.11054979078472,50,8550,,,,,0.17128184211786604,0.6965327084670764,0.0,0,3250765551,
171,0.1067451652561456,0.02905655195823227,0.10018500618136936,-0.0006816231616890704,1.0,0,0.9144498340319842,68.02512616594322,50,8600,,,,,0.1704598250563231,0.6766246736018517,0.0,0,3122186889,
172,0.10636036552416248,0.028944760414298106,0.09807103555223796,-0.0006489833769283744,1.0,0,0.37276991712860763,68.39796974998899,50,8650,,,,,0.17013159734246341,0.6885314897032484,0.0,0,3881401452,
173,0.10599346463869028,0.028826475199643427,0.10159214777502888,-0.0006928552166259445,1.0,0,0.4306447908747941,68.82883574999869,50,8700,,,,,0.16978361287133523,0.6950795602118474,0.0,0,25223568,
174,0.10560307308631929,0.02838729376652871,0.08704880406776117,-0.0005074286653400795,1.0,0,0.2901212079450488,69.11907937494107,50,8750,,,,,0.168485292433876,0.6927043587367263,0.0,0,3047193214,
175,0.10531409966818178,0.028078836993593082,0.07685735403813676,-0.0004033885464751914,1.0,0,0.5230264579877257,69.64224333292805,50,8800,,,,,0.16756741029685063,0.6954343889979006,0.0,0,490613039,
176,0.10508621836354258,0.02787817594676308,0.08234959979497732,-0.0004553391911530878,1.0,0,0.34576937509700656,69.98809254099615,50,8850,,,,,0.16696758950994975,0.6769790969592064,0.0,0,1549029271,
177,0.10482715901584334,0.02785513813132853,0.0858709398742864,-0.0005227143746691981,1.0,0,0.339628083165735,70.32779337489046,50,8900,,,,,0.1668985863670766,0.7089999209146911,0.0,0,4164610876,
178,0.10453363873066143,0.027485268945707513,0.09364681894998628,-0.0005977736749277783,1.0,0,0.2659270828589797,70.5938663748093,50,8950,,,,,0.1657868177682035,0.6629301852697413,0.0,0,4222145253,
179,0.10419509896424406,0.027241812491183136,0.08846675363859964,-0.0005118695234255668,1.0,0,0.2551974579691887,70.8492017078679,50,9000,,,,,0.1650509390799796,0.6806348574734871,0.0,0,910181845,
180,0.1039053574502485,0.026958248785189796,0.09179440381640552,-0.000543459416783009,1.0,0,0.2541647080797702,71.10350724984892,50,9050,,,,,0.16418967319898592,0.647093673053218,0.0,0,3159302157,
181,0.10359528050663727,0.026673063508171394,0.08507118966312537,-0.000506814987475616,1.0,0,0.43922812514938414,71.54287237487733,50,9100,,,,,0.16331890125815626,0.6616174601660764,0.0,0,2624769509,
182,0.10330819993271645,0.026573811608532512,0.08228324385581878,-0.00042597077736160734,1.0,0,0.2838983330875635,71.82684912486002,50,9150,,,,,0.16301475886720354,0.7041493367577897,0.0,0,2794587548,
183,0.10306862637398305,0.02653328068021712,0.09290452877013979,-0.0005752914185076846,1.0,0,0.25045454199425876,72.07737841596827,50,9200,,,,,0.16289039468371708,0.6686719578332169,0.0,0,1107352757,
184,0.1027397675736998,0.026251304869387607,0.09537948909664129,-0.000579380775536898,1.0,0,0.48956737481057644,72.56702045793645,50,9250,,,,,0.16202254432450938,0.6668523369138044,0.0,0,235231621,
185,0.10241303820980698,0.02608800256109362,0.102037124969599,-0.0006904127579836194,1.0,0,0.2557349579874426,72.82289099995978,50,9300,,,,,0.1615178088047681,0.6595796575945225,0.0,0,683612716,
186,0.10202431190512015,0.02555990326709548,0.08702349607243026,-0.0004930265729662559,1.0,0,0.26671908306889236,73.08971124980599,50,9350,,,,,0.15987464860663644,0.6668375398645316,0.0,0,1689669140,
187,0.10174617634850741,0.025490360932740562,0.07763996511683331,-0.0003825684154658464,1.0,0,0.28430400020442903,73.3741384157911,50,9400,,,,,0.1596570102837347,0.6785932293297583,0.0,0,3341704477,
188,0.10152726377517189,0.02528118651819156,0.09079303273823984,-0.0005474676690952268,1.0,0,0.31152441701851785,73.68573037488386,50,9450,,,,,0.15900058653411175,0.6868954691759133,0.0,0,611098043,
189,0.1012182230701945,0.025001531531617955,0.08405731507741743,-0.000437097290403701,1.0,0,0.3397051249630749,74.02555662486702,50,9500,,,,,0.1581187260624685,0.6901372602528342,0.0,0,2099037390,
190,0.10097042820389467,0.02499480408594733,0.09162817821548451,-0.0005379905058380089,1.0,0,0.2815443330910057,74.30728358286433,50,9550,,,,,0.1580974512316607,0.6645076938438659,0.0,0,2215434257,
191,0.10066627978825604,0.024787555089118864,0.08074834625450897,-0.0004259574367971747,1.0,0,0.26227641594596207,74.56963879079558,50,9600,,,,,0.1574406398904643,0.6602048070400902,0.0,0,4016160657,
192,0.10042669658542343,0.024495373023713646,0.09438306964741112,-0.0005690849026790493,1.0,0,0.2641696250066161,74.83394616586156,50,9650,,,,,0.15650997739349926,0.646627179463556,0.0,0,1710013459,
193,0.100102088481594,0.024151721294647984,0.08161248572799991,-0.00041361659595348784,1.0,0,0.2571983749512583,75.09129224997014,50,9700,,,,,0.15540824075527007,0.6460424142983885,0.0,0,4095311256,
194,0.09986773814162124,0.023902248092227935,0.08002247574835836,-0.00040605302456043113,1.0,0,0.5667050420306623,75.65810333285481,50,9750,,,,,0.15460351901631456,0.6350405935794643,0.0,0,949259762,
195,0.0996395502710544,0.023774946311108436,0.0962018380552595,-0.0005787752483934934,1.0,0,0.2514897920191288,75.9096684998367,50,9800,,,,,0.1541912653528352,0.6636324224843626,0.0,0,376167645,
196,0.0993145553052668,0.02367135788145189,0.07874603765387342,-0.00038644598858660756,1.0,0,0.2659332079347223,76.17568058287725,50,9850,,,,,0.15385498978405573,0.6724992647183972,0.0,0,4291195711,
197,0.09909599021154687,0.023392087090385528,0.08090913532074911,-0.00041273025051533784,1.0,0,0.2709847919177264,76.44680729089305,50,9900,,,,,0.15294471906667953,0.6552718820378638,0.0,0,1239788605,
198,0.09886450692468683,0.023455406686092042,0.07046755681427702,-0.00030851170372188976,1.0,0,0.2445777498651296,76.69145816587843,50,9950,,,,,0.15315158074956994,0.6446656338341991,0.0,0,3488716010,
199,0.09869045399040997,0.023335482233221086,0.07261876954442081,-0.000327390660014273,1.0,0,0.258542874827981,76.9500807498116,50,10000,,,,,0.15275955692925103,0.658944036505689,0.0,0,1095607007,
200,0.09850603168898063,0.023274024077918207,0.07582920526626713,-0.00035567083477031845,1.0,0,0.319829624844715,77.27003916585818,50,10050,,,,,0.15255826453495794,0.6402229192305724,0.0,0,3662876557,
201,0.09830489272780449,0.02317309552752329,0.07891105887339767,-0.000390366308726639,1.0,0,0.2757114579435438,77.54586624982767,50,10100,,,,,0.15222711823956758,0.6414535797873223,0.0,0,477193672,
202,0.09808382072267272,0.022956435309739717,0.07781531572098857,-0.00037274868761532417,1.0,0,0.2542942080181092,77.80091879097745,50,10150,,,,,0.15151381227379807,0.6417976504905742,0.0,0,2574816205,
203,0.09787334719786062,0.022886882292444437,0.07543863446934816,-0.00034425510596981383,1.0,0,0.25036679091863334,78.05135558289476,50,10200,,,,,0.15128411116982654,0.6435865596277195,0.0,0,860048185,
204,0.09767863648382236,0.022860127545270444,0.07733051874612455,-0.00038221875518770244,1.0,0,0.5715527080465108,78.62304829084314,50,10250,,,,,0.15119565980963356,0.6236644282123628,0.0,0,693610905,
205,0.0974621711418575,0.02252148395784002,0.08565941221043342,-0.00046339479684397823,1.0,0,0.24525183299556375,78.86837291601114,50,10300,,,,,0.15007159610612536,0.6194167834725106,0.0,0,1446906609,
206,0.09720064058813219,0.022441378535371346,0.08646932945162562,-0.00045636388732006524,1.0,0,0.25882333307527006,79.12736033299007,50,10350,,,,,0.14980446767493732,0.6565378662170102,0.0,0,3411821989,
207,0.09694585478801064,0.022213620504329262,0.06894609259289516,-0.00029436766757391766,1.0,0,0.27041062503121793,79.39784287498333,50,10400,,,,,0.14904234466865202,0.6094951389263644,0.0,0,587445812,
208,0.0967802889879956,0.022118712474579413,0.07380206109609666,-0.00033133436552203004,1.0,0,0.25992337497882545,79.65783754084259,50,10450,,,,,0.14872361101916337,0.6420772279855984,0.0,0,1724016069,
209,0.09659299731024322,0.021910065110376003,0.06576170389174066,-0.00026903735221841624,1.0,0,0.25100475014187396,79.9089132908266,50,10500,,,,,0.14802048881954147,0.6104332055847346,0.0,0,4099719475,
210,0.09644184831923666,0.021667113283004455,0.06356903585821386,-0.0002506683325691859,1.0,0,0.2917893750127405,80.20082995784469,50,10550,,,,,0.14719753151124668,0.6207383262172289,0.0,0,682109860,
211,0.096299564744896,0.021520228255328788,0.07156086774842331,-0.0002928042814297937,1.0,0,0.30746245780028403,80.5099400409963,50,10600,,,,,0.1466977445475178,0.6589830176072591,0.0,0,346898696,
212,0.09613384914087972,0.021380878920309113,0.08013134520425817,-0.000380316035574241,1.0,0,0.25080624991096556,80.76087349979207,50,10650,,,,,0.14622201927312148,0.6216843684480263,0.0,0,2641680670,
213,0.09591994167843518,0.021165508916087195,0.06556436665281719,-0.00026804153304897286,1.0,0,0.3456993750296533,81.10669995797798,50,10700,,,,,0.14548370670314664,0.6339296362637461,0.0,0,1350709164,
214,0.09576863956251432,0.021185877637969943,0.09318992587337532,-0.0005037203540996978,1.0,0,0.49443866685032845,81.6012343748007,50,10750,,,,,0.14555369331614346,0.6309694248617274,0.0,0,3932893327,
215,0.0954810945597624,0.02108992727177092,0.09005502711008948,-0.0004701941993706218,1.0,0,0.2600663329940289,81.86169787496328,50,10800,,,,,0.14522371456401645,0.6221597543970387,0.0,0,386592105,
216,0.09521524351894446,0.021086612894627266,0.07305387216845002,-0.000316021122702047,1.0,0,0.25364924990572035,82.11542337480932,50,10850,,,,,0.14521230283494324,0.617097495511759,0.0,0,4151038779,
217,0.09503718930347817,0.020929036847431276,0.0800011081523717,-0.00039219719398828924,1.0,0,0.27243637503124774,82.38796874997206,50,10900,,,,,0.14466871412793877,0.6111087596848896,0.0,0,2746507310,
218,0.09481661383007448,0.020878442276705073,0.07960245338498569,-0.00039602855946501255,1.0,0,0.2658866657875478,82.65398670779541,50,10950,,,,,0.14449374476670288,0.5977040224512385,0.0,0,1749281078,
219,0.09459369689571658,0.020599908783854863,0.07674319845461108,-0.00034097569997190166,1.0,0,0.2504214169457555,82.90454420796596,50,11000,,,,,0.1435266831772227,0.5849192316824882,0.0,0,36575103,
220,0.09440134354980569,0.0205968423396313,0.07749116858166225,-0.00035978381430460174,1.0,0,0.27383279195055366,83.17844370799139,50,11050,,,,,0.14351600029136577,0.6025221930320589,0.0,0,591515902,
221,0.09419778554226903,0.02034594037877995,0.07050331624447871,-0.0003026419704016863,1.0,0,0.3019034580793232,83.4804289159365,50,11100,,,,,0.14263919650215348,0.5759557448574725,0.0,0,306830495,
222,0.09402722470690458,0.020265092666538514,0.07707982747026623,-0.00036355109112940436,1.0,0,0.2538154579233378,83.73433112492785,50,11150,,,,,0.1423555150548742,0.6095178127293956,0.0,0,3975419180,
223,0.09382238002669892,0.020036024295974793,0.08259156328682556,-0.00037206520445317746,1.0,0,0.3011930419597775,84.03560441592708,50,11200,,,,,0.1415486640557755,0.6221530536981087,0.0,0,1329929625,
224,0.0936108695429933,0.01994546206768018,0.07037976002796581,-0.00030631968165408403,1.0,0,0.7211031669285148,84.75678362487815,50,11250,,,,,0.14122840389836663,0.5982260573940099,0.0,0,627036669,
225,0.09343657938971121,0.019782508660848675,0.07423354423107865,-0.0003317953798554715,1.0,0,0.6873840419575572,85.44426149991341,50,11300,,,,,0.1406503062948982,0.6120974396431801,0.0,0,551249840,
226,0.09324873064446004,0.01964872990500366,0.08365268005639068,-0.00040779253538976483,1.0,0,0.31736858282238245,85.76170599996112,50,11350,,,,,0.14017392733673284,0.6105098027641485,0.0,0,2500502417,
227,0.09301800627093061,0.019548616622273342,0.08547926334381203,-0.0004004164177315206,1.0,0,0.24900579219684005,86.01087308279239,50,11400,,,,,0.1398163675049289,0.6126254512752773,0.0,0,753472662,
228,0.09279216615491777,0.019434096260745846,0.07791482029782415,-0.00033279507678124124,1.0,0,0.6036937499884516,86.6146349159535,50,11450,,,,,0.139406227481938,0.5795672525161986,0.0,0,1994828072,
229,0.09260386947575464,0.01952720881376811,0.08326442140429703,-0.000384224211404394,1.0,0,0.6205997499637306,87.23537233285606,50,11500,,,,,0.13973978965837935,0.5946774116516929,0.0,0,3022534693,
230,0.09238518432833503,0.019449639981460192,0.07201621950780208,-0.00029760470046913087,1.0,0,0.26920350012369454,87.50465999986045,50,11550,,,,,0.13946196607484132,0.5831054788766092,0.0,0,1897456232,
231,0.09221655736863847,0.019232460538196713,0.07706308482707973,-0.0003329079703642372,1.0,0,0.3328655001241714,87.84038858278655,50,11600,,,,,0.13868114701788672,0.6052669504901802,0.0,0,2176564889,
232,0.09202868094488315,0.018990920201536705,0.07565938137105664,-0.0003552953906021031,1.0,0,0.25658412487246096,88.09732891595922,50,11650,,,,,0.13780754769437234,0.6139733731409621,0.0,0,1243515109,
233,0.09182928379555881,0.018828890221052642,0.07316384328058202,-0.00030003560047271505,1.0,0,0.2599947499111295,88.35746145783924,50,11700,,,,,0.1372184033614028,0.5775548802467622,0.0,0,1113651899,
234,0.09166038717161884,0.018776192165650053,0.06830591766211205,-0.0002786557066862791,1.0,0,0.262275209184736,88.61987379100174,50,11750,,,,,0.13702624626563356,0.5901299360040965,0.0,0,4033170356,
235,0.0915048670026751,0.018600899946003197,0.0705788888316274,-0.0002804833425462442,1.0,0,0.25184929207898676,88.871798499953,50,11800,,,,,0.13638511629207636,0.6175788527356015,0.0,0,1256606170,
236,0.09134670263693848,0.018514087889531166,0.0752454047592138,-0.0003162344006186501,1.0,0,0.2514365001115948,89.12331474991515,50,11850,,,,,0.13606648334373592,0.5965773443312319,0.0,0,2370617508,
237,0.09116783080489896,0.01835496044661316,0.06777994571621888,-0.0002489087944610531,1.0,0,0.25609487504698336,89.37954383296892,50,11900,,,,,0.1354804799467922,0.5757149071604605,0.0,0,1726235524,
238,0.09102678730391603,0.018364070910962302,0.06945992138260476,-0.00028168953664307466,1.0,0,0.25876774988137186,89.63844966585748,50,11950,,,,,0.1355140985689766,0.5968205867574781,0.0,0,3689187658,
239,0.09086944934730518,0.018300912749406005,0.07633287400724291,-0.00033795656185395376,1.0,0,0.27412245818413794,89.91265312489122,50,12000,,,,,0.13528086616150123,0.5662893528934017,0.0,0,2358905157,
240,0.09068140816422796,0.017737291966470562,0.08182576091218016,-0.0003483930720451956,1.0,0,0.3302028749603778,90.24292720784433,50,12050,,,,,0.13318142500540592,0.5729103420215443,0.0,0,1883077067,
241,0.09048387676699295,0.017658762837334672,0.05494426482040506,-0.00016981948350018044,1.0,0,0.6179827919695526,90.86104954080656,50,12100,,,,,0.1328862778368582,0.5668082520930027,0.0,0,1350074091,
242,0.09038789228393436,0.017561007511283627,0.07670615997492335,-0.0003287234335395749,1.0,0,0.4697667919099331,91.33088849997148,50,12150,,,,,0.13251795165668548,0.5959249827294133,0.0,0,2626001294,
243,0.09020341323844555,0.017557435586951307,0.06780833871708568,-0.00025863832964524827,1.0,0,0.3007573338691145,91.63174424995668,50,12200,,,,,0.13250447383749467,0.5713220588966412,0.0,0,1331673800,
244,0.09005841847350929,0.017590143194121933,0.0631581269100058,-0.00022683619987257317,1.0,0,1.1742734159342945,92.80616024998017,50,12250,,,,,0.13262783717652163,0.5717437570084448,0.0,0,1967792957,
245,0.08993103262368835,0.017388091074832985,0.0728820240939369,-0.00028931045623364795,1.0,0,1.1343271671794355,93.9405684999656,50,12300,,,,,0.13186391119192917,0.563348507688449,0.0,0,3518464415,
246,0.08976898996870203,0.017081722236579448,0.0699945925934045,-0.0002582389678120543,1.0,0,0.7152721250895411,94.65595008293167,50,12350,,,,,0.13069706284603128,0.578138969426777,0.0,0,2757324949,
247,0.08962362146568856,0.017136209850566964,0.06232081584232903,-0.000215779486640004,1.0,0,0.7013314580544829,95.35738391592167,50,12400,,,,,0.13090534691358854,0.5755057072647928,0.0,0,4055745434,
248,0.08950275055739228,0.017000369936146825,0.06842660591157353,-0.0002631012984486354,1.0,0,0.8016819159965962,96.15984279080294,50,12450,,,,,0.13038546673669893,0.583636788602382,0.0,0,1270115818,
249,0.08935474063872348,0.016946529563486874,0.08777432812686431,-0.0004200005068191101,1.0,0,0.3534086251165718,96.51332112494856,50,12500,,,,,0.13017883684949283,0.5589210750667939,0.0,0,996175529,
250,0.08911778818733715,0.016787347037438373,0.08086061110605514,-0.00036246276709048795,1.0,0,0.2730805000755936,96.78652820782736,50,12550,,,,,0.12956599491162168,0.550179019569271,0.0,0,4073905397,
251,0.08891426239400728,0.016705721873670327,0.06519717212575576,-0.00022890812629413482,1.0,0,0.2666625001002103,97.05326341581531,50,12600,,,,,0.12925061653110334,0.559457874368059,0.0,0,3007316038,
252,0.08878495977625699,0.01666920940282607,0.05888756503489266,-0.00018259263230323375,1.0,0,0.2743622499983758,97.32772558298893,50,12650,,,,,0.12910929247279634,0.572282143480159,0.0,0,1629446472,
253,0.08868251067954463,0.016586216349954337,0.062323598399995205,-0.00020797968152896148,1.0,0,0.26951145799830556,97.5973167498596,50,12700,,,,,0.12878748522257252,0.5607870007553593,0.0,0,831593259,
254,0.08856508295111731,0.0165296609275451,0.06702667551129944,-0.0002479859312127735,1.0,0,0.24642270896583796,97.84387008287013,50,12750,,,,,0.12856772895071725,0.5382756337674389,0.0,0,1838939942,
255,0.08842461439356891,0.016379785284674278,0.0584424011613462,-0.00017800923180238818,1.0,0,0.26486300001852214,98.10880304081365,50,12800,,,,,0.12798353520931618,0.5359599469982667,0.0,0,3095000903,
256,0.08832408447978146,0.01625774962416095,0.06588644381185636,-0.00023862570512220063,1.0,0,0.2929097078740597,98.4017892908305,50,12850,,,,,0.12750588074344238,0.5138186372265632,0.0,0,824312538,
257,0.08819021545914947,0.01605153211353075,0.05254056701389494,-0.00015868844474733128,1.0,0,0.263037292053923,98.66489924979396,50,12900,,,,,0.12669464121868276,0.5592070021957609,0.0,0,1640737397,
258,0.0881013404062262,0.015917153653489325,0.07092084220938466,-0.0002759471524725941,1.0,0,0.2666912078857422,98.93165816599503,50,12950,,,,,0.12616320245415985,0.5571704795798866,0.0,0,1677254288,
259,0.087946378019786,0.01580038320960079,0.08324927627490614,-0.00035911204661844486,1.0,0,0.294742041034624,99.2268005409278,50,13000,,,,,0.12569957521646916,0.5530636160530799,0.0,0,2083635575,
260,0.08774434533044406,0.015863668892695672,0.0776397411201697,-0.0003098608547180395,1.0,0,0.33506195805966854,99.56193679082207,50,13050,,,,,0.12595105752908814,0.49851433670294626,0.0,0,1729473761,
261,0.087569348150635,0.01582333697512651,0.07514487872038143,-0.00027578094045159983,1.0,0,0.4149760832078755,99.97698691580445,50,13100,,,,,0.12579084614997432,0.5174191110346957,0.0,0,3281193875,
262,0.08741247721114755,0.015724015379529277,0.060962333293088505,-0.0002027392647369553,1.0,0,0.4180633327923715,100.39513404085301,50,13150,,,,,0.12539543603947184,0.5336635499321171,0.0,0,1290655892,
263,0.08729858640977295,0.015675163575232527,0.057729065987636885,-0.00017406156352791046,1.0,0,1.0302873328328133,101.42550116591156,50,13200,,,,,0.12520049351033935,0.5424548543069223,0.0,0,459866287,
264,0.08719969393281443,0.015577849468124629,0.05632047785507639,-0.00017418868361931294,1.0,0,0.8636182909831405,102.29029887495562,50,13250,,,,,0.12481125537436369,0.5484528677328158,0.0,0,329125000,
265,0.08710060897250221,0.015490479260819227,0.05884428565577103,-0.00018508305991833088,1.0,0,0.45396891701966524,102.74444004101679,50,13300,,,,,0.12446075389784214,0.5370680879603342,0.0,0,2011844857,
266,0.08699635432540384,0.015361521427948444,0.06069998152379151,-0.00019493810082571415,1.0,0,0.33733916701748967,103.08185970783234,50,13350,,,,,0.12394160491113726,0.5441516502696551,0.0,0,623556112,
267,0.08688802899725058,0.01531483314018575,0.06918627827195495,-0.00025995849029597674,1.0,0,0.4967670829501003,103.57880212482996,50,13400,,,,,0.12375311365854902,0.5404473370889068,0.0,0,4186346205,
268,0.08674187623647925,0.015212456377056618,0.06724499628254195,-0.00024348796531744625,1.0,0,0.993093583965674,104.5719740409404,50,13450,,,,,0.12333878699361615,0.5585625721394137,0.0,0,269253361,
269,0.08660657610338021,0.01509736642282863,0.0664267361263064,-0.00022323157316426944,1.0,0,0.6340922499075532,105.20615649991669,50,13500,,,,,0.12287134093363118,0.5222045211324418,0.0,0,2019142463,
270,0.08648100932615538,0.015015541874596118,0.06248245159175603,-0.00020907217556031458,1.0,0,0.6211800000164658,105.82751749991439,50,13550,,,,,0.122537920149626,0.5428248582805749,0.0,0,4233338122,
271,0.08636360873657675,0.01482304181475862,0.05377767762184601,-0.00015140546709306525,1.0,0,0.7924448340199888,106.62004429078661,50,13600,,,,,0.12174991505031377,0.5298067693977634,0.0,0,210058154,
272,0.08627916386045063,0.014824409300474553,0.06640783396634857,-0.00022742726298632775,1.0,0,0.40176254184916615,107.02188570797443,50,13650,,,,,0.12175553088248005,0.5644518990050048,0.0,0,3925121763,
273,0.08615159803902098,0.014719503799784223,0.06688840022341139,-0.00023434037567935165,1.0,0,0.4084955411963165,107.43051670794375,50,13700,,,,,0.1213239621830091,0.524442419259219,0.0,0,2164241125,
274,0.08601901648054777,0.014602047231564516,0.0506762266136492,-0.00013315181027773057,1.0,0,0.4632337079383433,107.89383466588333,50,13750,,,,,0.12083893094348575,0.5630683000230055,0.0,0,1703356768,
275,0.08594453262170988,0.014487560106767307,0.06268401365048318,-0.0001998665647390177,1.0,0,0.49457375006750226,108.38879666593857,50,13800,,,,,0.12036428085926201,0.5343776116017049,0.0,0,1613642685,
276,0.08583283841570528,0.014336165295016808,0.05706725905444857,-0.00016994817036933884,1.0,0,0.44251112500205636,108.83140337490477,50,13850,,,,,0.11973372663964321,0.514472824026535,0.0,0,2745182181,
277,0.08573739541010642,0.014351711654993802,0.0617721338055543,-0.00020253255952085421,1.0,0,0.28618570789694786,109.11767162499018,50,13900,,,,,0.11979862960398922,0.5260988028984672,0.0,0,1278365745,
278,0.085623390190008,0.01423242188595083,0.07708036689646618,-0.0002883688945700627,1.0,0,0.7301031250972301,109.84785758284852,50,13950,,,,,0.11929971452585639,0.5197794405333518,0.0,0,2419865323,
279,0.08546123479506486,0.014096614978568761,0.06093520122083423,-0.00018174695174878486,1.0,0,0.4453889580909163,110.29333629086614,50,14000,,,,,0.1187291665033018,0.5282424822743899,0.0,0,3686704246,
280,0.0853586633076531,0.014056151772623511,0.0603160115099155,-0.00018691232473713393,1.0,0,0.6208186249714345,110.9142981658224,50,14050,,,,,0.11855864275801875,0.5260301117048449,0.0,0,4259336003,
281,0.08525305071184298,0.01398427735042806,0.06419167474709542,-0.0002131985144867699,1.0,0,0.3458689160179347,111.26025674981065,50,14100,,,,,0.11825513667671295,0.510158121397753,0.0,0,302916087,
282,0.08513309305802867,0.013948806497610274,0.06042457262050397,-0.0001896693883233262,1.0,0,0.3018955001607537,111.56223754095845,50,14150,,,,,0.11810506550360265,0.508571389410436,0.0,0,1931113389,
283,0.08502668354059868,0.013841180589425227,0.05375094391487102,-0.00014450746971548565,1.0,0,0.29061366710811853,111.85299154091626,50,14200,,,,,0.11764854690741075,0.5374026118505201,0.0,0,3548036707,
284,0.08494597828049989,0.0137991897742827,0.0696775867045641,-0.00023719632507959232,1.0,0,0.5321925410535187,112.38532233284786,50,14250,,,,,0.1174699526444218,0.5199951253895878,0.0,0,248417273,
285,0.0848124876519457,0.013535577695383938,0.05418195811227273,-0.000145085728140797,1.0,0,0.2871745410375297,112.67264062492177,50,14300,,,,,0.11634250167236365,0.5430878953148764,0.0,0,4112606958,
286,0.08473111191237481,0.013475140470309677,0.055346767513007024,-0.00015181259578688432,1.0,0,0.29732408304698765,112.97009841585532,50,14350,,,,,0.11608247270931851,0.5241038567721026,0.0,0,2759598771,
287,0.08464568024456427,0.01340344769620481,0.06681965635798037,-0.00022018091080260518,1.0,0,0.603720041224733,113.57398670795374,50,14400,,,,,0.1157732598496078,0.5460137720387054,0.0,0,3654539567,
288,0.08452200443584716,0.013177344955185443,0.05266793522892651,-0.00014401917624112746,1.0,0,0.7515382079873234,114.32569587486796,50,14450,,,,,0.11479261716323678,0.5025679113667566,0.0,0,3676157798,
289,0.08444180505325355,0.013044225456779114,0.05310893470524788,-0.00013938116128461712,1.0,0,0.37710574991069734,114.70294458279386,50,14500,,,,,0.11421131930233147,0.49705880026464955,0.0,0,3144396806,
290,0.0843624828713397,0.012936192124293122,0.06720222282409291,-0.00021866222282895028,1.0,0,0.5572871249169111,115.26036920794286,50,14550,,,,,0.11373738226411369,0.49511512631890253,0.0,0,1184126640,
291,0.08424026706519418,0.012943325215361814,0.05106626968523129,-0.00012936698936841752,1.0,0,0.7429192080162466,116.00336612481624,50,14600,,,,,0.11376873566741354,0.515547854768255,0.0,0,2519962014,
292,0.08416789127461449,0.012916883424987115,0.06134033121027313,-0.00017410682117217932,1.0,0,0.46282437490299344,116.46632554079406,50,14650,,,,,0.11365246774701865,0.5133941270279025,0.0,0,2042550593,
293,0.08407013973309252,0.01289337511794287,0.055173448413222075,-0.0001489036842550195,1.0,0,0.324269708013162,116.79074699990451,50,14700,,,,,0.11354899875359038,0.5011821226124308,0.0,0,3830037837,
294,0.08398638497696226,0.012860669165377078,0.05699450671105882,-0.00016904805911967323,1.0,0,0.5293809589929879,117.32222420792095,50,14750,,,,,0.11340489039444938,0.5069032409406525,0.0,0,2475091850,
295,0.0838920246192151,0.01278536559407233,0.05039114081277655,-0.00011986145665308227,1.0,0,0.5281983339227736,117.8505722079426,50,14800,,,,,0.11307239094523618,0.5287126027645063,0.0,0,3443722066,
296,0.08382437625120756,0.012737231953253634,0.055318347856407275,-0.00015100032420306824,1.0,0,0.41468062507919967,118.2653401249554,50,14850,,,,,0.1128593458835095,0.49336811553064613,0.0,0,854239228,
297,0.08373981603211149,0.012679400899681132,0.05723664882971147,-0.00016988937473512273,1.0,0,0.36938537494279444,118.63485908298753,50,14900,,,,,0.11260284587736286,0.49079034396001053,0.0,0,3858180266,
298,0.08364479616785948,0.012543354181594019,0.057074971651009866,-0.0001630118928456378,1.0,0,0.40397195890545845,119.03891599993221,50,14950,,,,,0.1119971168450064,0.49758715524762176,0.0,0,1513023518,
299,0.08355310895578834,0.01245539831350207,0.046955141691418976,-0.00010892399398049753,1.0,0,0.42375837499275804,119.46275345794857,50,15000,,,,,0.1116037558216661,0.5245144585291626,0.0,0,3852402899,
300,0.08349224607069292,0.012434461120677101,0.06366729493848004,-0.00019122949041544315,1.0,0,0.7105460839811713,120.17344108293764,50,15050,,,,,0.11150991489852864,0.521337284188835,0.0,0,3154096541,
301,0.08338457766554508,0.012357411501490693,0.05248995076900651,-0.0001400214462633281,1.0,0,1.0116880838759243,121.18544612498954,50,15100,,,,,0.11116389477474552,0.5028244046690377,0.0,0,3854134146,
302,0.08330579257599685,0.012357474875839226,0.047548684963759975,-0.00011158482611940157,1.0,0,0.7645530418958515,121.95013504079543,50,15150,,,,,0.111164179823535,0.5217830910530961,0.0,0,2735558558,
303,0.0832434807785419,0.01235378491433142,0.054896129976222015,-0.00014178756564806882,1.0,0,0.47910633287392557,122.42939745797776,50,15200,,,,,0.11114758168458466,0.5119698371724204,0.0,0,3982985503,
304,0.08316446769175669,0.012232610220139885,0.059246506394450074,-0.00017231016856057634,1.0,0,0.286381958052516,122.71586087485775,50,15250,,,,,0.1106011311883377,0.5027358241884362,0.0,0,65960830,
305,0.08306747945692566,0.012054082175834037,0.058355755668332385,-0.00016553087078393354,1.0,0,0.31602783291600645,123.03203154099174,50,15300,,,,,0.10979108422742731,0.48911054465626896,0.0,0,1600511718,
306,0.0829754445240991,0.012106882597387056,0.05268060655577638,-0.00013455628695969418,1.0,0,0.5454395839478821,123.57767083286308,50,15350,,,,,0.11003128008610577,0.4781267895337362,0.0,0,26224596,
307,0.0828996956344979,0.011987001472833003,0.05314356737766756,-0.00013453365900663826,1.0,0,0.27908312482759356,123.85688587487675,50,15400,,,,,0.10948516553777048,0.5092823902809204,0.0,0,1140636598,
308,0.08282483242534218,0.011991540425237545,0.054039879356262865,-0.00013655227503299458,1.0,0,0.28493400011211634,124.14194049988873,50,15450,,,,,0.1095058921941534,0.4817411866814972,0.0,0,3671467396,
309,0.08274776579788311,0.011861596305920517,0.05107192723363541,-0.0001301860517984402,1.0,0,0.29686741693876684,124.43892829096876,50,15500,,,,,0.10891095585807939,0.4804002109056033,0.0,0,2289081790,
310,0.08267486716332954,0.011832274414084304,0.04493901996249363,-0.00010069451874124493,1.0,0,0.29260433302260935,124.73167837481014,50,15550,,,,,0.1087762585037944,0.49762470792594543,0.0,0,2068824636,
311,0.08261874066157376,0.01177671643412228,0.04733868055478223,-0.00010479720529590322,1.0,0,0.27253795810975134,125.00434820796363,50,15600,,,,,0.10852058069381254,0.48615667269682733,0.0,0,3206054052,
312,0.08255969364553034,0.011758272099703211,0.057029323865355024,-0.00016195347974105347,1.0,0,0.31465591699816287,125.31913374993019,50,15650,,,,,0.10843556658081892,0.48262753576291806,0.0,0,4134089632,
313,0.08246879222454988,0.01180001804555654,0.05646872243580941,-0.00015640737603262535,1.0,0,0.3011229580733925,125.62033441592939,50,15700,,,,,0.10862788797337698,0.49112006764418503,0.0,0,1173979752,
314,0.08238131216259881,0.01173431009374636,0.04819707941404875,-0.00010685543930875874,1.0,0,0.5772745830472559,126.19777608290315,50,15750,,,,,0.10832502062656789,0.4836585134040071,0.0,0,590449552,
315,0.08232137891087946,0.011692880890386793,0.04621579078932158,-0.00010904586865250065,1.0,0,1.0335703750606626,127.23147899983451,50,15800,,,,,0.1081336251606631,0.49354720218108167,0.0,0,4088941173,
316,0.08226033640166544,0.01161189571060035,0.05354480280698952,-0.00014082096891268798,1.0,0,0.9265022079925984,128.15806112485006,50,15850,,,,,0.10775850644195265,0.4540918970162997,0.0,0,3785210944,
317,0.0821815293569273,0.011482018792737449,0.048155274546251674,-0.00010608866791488721,1.0,0,0.9409711251500994,129.0991731658578,50,15900,,,,,0.10715418233898968,0.4912959970089542,0.0,0,573900027,
318,0.0821217578094052,0.011457275871385732,0.0563775795655569,-0.0001498127687967083,1.0,0,0.40733662503771484,129.50659316591918,50,15950,,,,,0.10703866531018467,0.49211268304809924,0.0,0,3554060750,
319,0.0820384802584046,0.011390949447283432,0.056774024839588585,-0.0001480444665968569,1.0,0,0.2619827080052346,129.76864849985577,50,16000,,,,,0.10672839100859448,0.4952587004319445,0.0,0,762871099,
320,0.0819560114115128,0.01121300257906932,0.04675372216415216,-0.00010024735446569992,1.0,0,0.26129862503148615,130.03008570801467,50,16050,,,,,0.10589146603513108,0.48283435309662714,0.0,0,2389208564,
321,0.08190021591508212,0.011052381962496487,0.06525191503298441,-0.00019045530732962105,1.0,0,0.2981310000177473,130.32828558282927,50,16100,,,,,0.10513030943784236,0.4906234160346617,0.0,0,584873409,
322,0.08179327659154088,0.011049234341903073,0.05036283228904128,-0.00011753901783672094,1.0,0,0.2614623340778053,130.58989320788532,50,16150,,,,,0.10511533828087637,0.4979231706603467,0.0,0,3240514966,
323,0.0817275046549592,0.010949494770185857,0.05332414261390806,-0.00012529702621948648,1.0,0,0.2832364160567522,130.87326324987225,50,16200,,,,,0.10463983357300344,0.46078057094798724,0.0,0,1198499606,
324,0.08165696202838399,0.010905944102406834,0.05474810628321478,-0.00013866035677112946,1.0,0,0.4357245829887688,131.30911970790476,50,16250,,,,,0.10443152829680716,0.4729373579032395,0.0,0,243319306,
325,0.08157912067503234,0.010845375178486924,0.05490608884656685,-0.00014142830316761965,1.0,0,0.2811033339239657,131.5903049998451,50,16300,,,,,0.10414113106014801,0.4876374718043114,0.0,0,1534899190,
326,0.08150006558246392,0.010694086956499527,0.04797487445525255,-0.00010795241031862028,1.0,0,0.266084749950096,131.85647133295424,50,16350,,,,,0.10341221860350704,0.4960410378414119,0.0,0,1973592650,
327,0.08143928570704789,0.010737347252324064,0.05446802314779189,-0.00013781008554406842,1.0,0,0.27403887500986457,132.13058387488127,50,16400,,,,,0.10362117183435084,0.4873624330824392,0.0,0,1144213392,
328,0.08136173444815026,0.010778974927099722,0.055205976166412464,-0.0001451653527014366,1.0,0,0.5533727079164237,132.68404537485912,50,16450,,,,,0.10382184224477874,0.47260605732411964,0.0,0,3980402632,
329,0.08128049953904484,0.010688728646816626,0.05102986096582561,-0.00012421634736671825,1.0,0,0.26054637506604195,132.9446648748126,50,16500,,,,,0.10338630783046963,0.4643323345929832,0.0,0,1842943156,
330,0.08121087631838371,0.010588955491729767,0.050701019283628634,-0.00011206084651659157,1.0,0,0.26195800001733005,133.20669958298095,50,16550,,,,,0.10290265055735817,0.45750528751702507,0.0,0,1212947899,
331,0.08114816113105902,0.010456723946237582,0.0382945733441325,-6.729215127966449e-05,1.0,0,0.2612300410401076,133.4680525828153,50,16600,,,,,0.10225812410873565,0.47766029495446666,0.0,0,205499987,
332,0.0811105174264824,0.010415839096707057,0.04741834226946225,-0.00011039876395737408,1.0,0,0.28328025015071034,133.75139854080044,50,16650,,,,,0.10205801828718337,0.48038745136686556,0.0,0,1587558139,
333,0.08104937177589847,0.01033161606396679,0.04760454417123954,-0.00010105338350907966,1.0,0,0.30610112519934773,134.05757933296263,50,16700,,,,,0.1016445574734171,0.4838433892087617,0.0,0,1014943215,
334,0.08099287620201931,0.010282982405153036,0.04846105845864577,-0.00010052757290687508,1.0,0,0.5952365829143673,134.6529449999798,50,16750,,,,,0.10140504132020772,0.462913368652614,0.0,0,4059551358,
335,0.08093680237374566,0.010261707330699064,0.04407140216174944,-8.769912209514324e-05,1.0,0,0.2760672909207642,134.92908499995247,50,16800,,,,,0.10130008554142027,0.44306372928758264,0.0,0,1869438018,
336,0.08088752232006981,0.010245106606851016,0.052081626393162696,-0.0001251927121431466,1.0,0,0.48020683391951025,135.4094269578345,50,16850,,,,,0.10121811402536117,0.472041417558667,0.0,0,4015546113,
337,0.08081767679885521,0.010131881335170652,0.04815004517996647,-0.00011094787901998207,1.0,0,0.347632042132318,135.7571902498603,50,16900,,,,,0.10065724680901347,0.4873072937798978,0.0,0,1082900840,
338,0.08075600037781488,0.010039188294629426,0.050841518118522215,-0.00011446757981628038,1.0,0,0.26774604083038867,136.02506966586225,50,16950,,,,,0.10019574988306354,0.47171012725245887,0.0,0,1332748348,
339,0.08069172591849452,0.009897768761774929,0.052294322030032044,-0.0001260237561694157,1.0,0,0.34493633289821446,136.3700802498497,50,17000,,,,,0.09948753068487995,0.4651311244946606,0.0,0,88459380,
340,0.08062184067712934,0.009900429883490184,0.04632436199931505,-9.660947737317384e-05,1.0,0,0.2753323749639094,136.64554266585037,50,17050,,,,,0.0995009039330306,0.47359776016900984,0.0,0,3834556638,
341,0.08056855845399309,0.009959756239948502,0.04133225039014937,-7.983968793799306e-05,1.0,0,0.2686197499278933,136.91423899983056,50,17100,,,,,0.09979857834632967,0.48334868169887146,0.0,0,3096647327,
342,0.08052434610538053,0.009905492807103218,0.04247720503961031,-8.05517398000144e-05,1.0,0,0.411015166901052,137.3253187078517,50,17150,,,,,0.09952634227732483,0.4457572401097356,0.0,0,190586353,
343,0.08047922759395074,0.009894537008092136,0.04466397137862304,-9.088260667212982e-05,1.0,0,0.37614683411084116,137.70155412494205,50,17200,,,,,0.09947128735515659,0.4829349879946252,0.0,0,3020453682,
344,0.08042864048054613,0.009799635696522516,0.043694201175772225,-8.412372754898663e-05,1.0,0,0.27708224998787045,137.97871683281846,50,17250,,,,,0.09899310933859243,0.46571291220842576,0.0,0,3169628606,
345,0.08038166717036643,0.009743579303740096,0.04781031815707146,-0.00010592090325373891,1.0,0,0.5482814589049667,138.52707545785233,50,17300,,,,,0.09870957047693044,0.43251005756145344,0.0,0,1674880337,
346,0.08032251841667161,0.009759814642674437,0.044258546375463455,-9.069837287843884e-05,1.0,0,0.2626342079602182,138.79015508294106,50,17350,,,,,0.09879177416503075,0.48717229555061153,0.0,0,2479500790,
347,0.08027220523380907,0.009697138662678476,0.049367918755156726,-0.0001123160581156491,1.0,0,0.25762987486086786,139.04792704083957,50,17400,,,,,0.09847405070717095,0.464443493779907,0.0,0,1103828233,
348,0.0802098787644919,0.009637488845881514,0.04652599689309343,-9.32627017734121e-05,1.0,0,0.271237124921754,139.31932374997996,50,17450,,,,,0.09817071277056877,0.46630960369386665,0.0,0,552862293,
349,0.08015768990089044,0.009615741123401562,0.05402781515959761,-0.00012794149138222193,1.0,0,0.2714721658267081,139.59087358298711,50,17500,,,,,0.09805988539357754,0.4700600048706994,0.0,0,890441873,
350,0.08008591401729226,0.009537053107171232,0.04730069779844339,-9.954993866293712e-05,1.0,0,0.2751126659568399,139.86607445799746,50,17550,,,,,0.09765783689582333,0.464798062669134,0.0,0,2279038222,
351,0.08002974302487861,0.009587399717936564,0.04507620436495049,-9.148208325874048e-05,1.0,0,0.254478125134483,140.120682957815,50,17600,,,,,0.09791526805323347,0.4746630455921121,0.0,0,3510949519,
352,0.07997842575961893,0.00958306101410911,0.037872185985348604,-6.588704173332204e-05,1.0,0,0.5197870000265539,140.6406059579458,50,17650,,,,,0.09789311014626673,0.4479973456091361,0.0,0,4136353955,
353,0.07994176265407188,0.009535807819603198,0.0523692350403676,-0.00012997686771868007,1.0,0,0.3616267091128975,141.0023157079704,50,17700,,,,,0.09765146091893966,0.44512505397667207,0.0,0,3590200280,
354,0.07986971792200159,0.009404867592076585,0.04932680523886136,-0.00010855944827751059,1.0,0,0.5229511670768261,141.5255512909498,50,17750,,,,,0.09697869658887247,0.46486716582481374,0.0,0,2213649555,
355,0.0798095232418218,0.009269979806384835,0.04705591788750168,-9.826197306539681e-05,1.0,0,0.26097416691482067,141.7866617499385,50,17800,,,,,0.09628073434693378,0.4681987251390562,0.0,0,857364074,
356,0.0797544023731859,0.00918737257533062,0.05009647466704174,-0.00011111317045758008,1.0,0,0.25948366709053516,142.04629062488675,50,17850,,,,,0.09585078286237739,0.4637747652294059,0.0,0,2889318779,
357,0.0796927640544051,0.009090061129886869,0.047349690156736894,-0.00010037563662344038,1.0,0,0.251545166131109,142.29909749981016,50,17900,,,,,0.09534181207574602,0.45305199883617764,0.0,0,2622090833,
358,0.0796372519345146,0.009033803175960937,0.04588464077657805,-9.550965476053484e-05,1.0,0,0.2691329999361187,142.56831295788288,50,17950,,,,,0.09504632121213812,0.45495104976346135,0.0,0,4090135041,
359,0.07958438566149136,0.009030453666565977,0.05416418379906964,-0.00013018524819737254,1.0,0,0.2822494169231504,142.85070699988864,50,18000,,,,,0.0950286991732812,0.4433209895459355,0.0,0,696029442,
360,0.07951199852351251,0.00890307215203513,0.049816339293722915,-0.00011322291749660101,1.0,0,0.26017529191449285,143.11096695787273,50,18050,,,,,0.0943560922889197,0.4390010007069563,0.0,0,3512781371,
361,0.07944926016720115,0.008958119394755394,0.04363613381449736,-8.767651870513552e-05,1.0,0,0.514051292091608,143.6251044999808,50,18100,,,,,0.09464734224876784,0.4642728057924749,0.0,0,3726001581,
362,0.07940024885285876,0.008923148753098286,0.05439321479916246,-0.00012491409569421742,1.0,0,0.27006000000983477,143.89524829084985,50,18150,,,,,0.09446241979273179,0.4604704389761641,0.0,0,4260791964,
363,0.07933048059795965,0.008720234565295215,0.038632077542339674,-6.485274898059745e-05,1.0,0,0.44179200008511543,144.33718074997887,50,18200,,,,,0.09338219619014759,0.4389524891483384,0.0,0,3137958078,
364,0.07929388248271968,0.008658637585855835,0.04035950232931036,-7.362143519680575e-05,1.0,0,1.2267875839024782,145.56406270782463,50,18250,,,,,0.09305180055139091,0.4578216879010843,0.0,0,3484946249,
365,0.07925289999421495,0.008580671803503937,0.04057309454338457,-6.941181963909126e-05,1.0,0,0.3251685418654233,145.88957645790651,50,18300,,,,,0.09263191568516727,0.4685325786276356,0.0,0,4009527789,
366,0.07921417295734498,0.00854502638018651,0.043571827949718527,-8.461231241764333e-05,1.0,0,0.458621249999851,146.34834283287637,50,18350,,,,,0.09243931187642251,0.44934388640288864,0.0,0,729067512,
367,0.07916709509535758,0.008404707555341694,0.03578703446914381,-6.083429056837069e-05,1.0,0,0.5245096660219133,146.87299533281475,50,18400,,,,,0.09167719212182326,0.45443994928117853,0.0,0,4056561579,
368,0.07913355773522077,0.00833391281749365,0.04357320081912096,-8.379086300442211e-05,1.0,0,0.8091971250250936,147.68230416579172,50,18450,,,,,0.09129026682781495,0.47663702749091,0.0,0,141355219,
369,0.07908691134369797,0.008289026294245667,0.04887895885631409,-0.00010170826681355868,1.0,0,0.6169106669258326,148.29938458278775,50,18500,,,,,0.0910440898369887,0.43666646083006067,0.0,0,1273950204,
370,0.07903069418732572,0.008286706440912967,0.04285775402398066,-7.476059388382264e-05,1.0,0,0.36411099997349083,148.66359141585417,50,18550,,,,,0.09103134867128448,0.46657878381609336,0.0,0,2299551923,
371,0.07898907871438182,0.008245787055847602,0.04053930599357334,-7.314767733727008e-05,1.0,0,0.27632250008173287,148.94005629094318,50,18600,,,,,0.09080631616714556,0.45883348528081525,0.0,0,1175852966,
372,0.07894867826210929,0.008177752950197037,0.039101687359273975,-6.535034435638559e-05,1.0,0,0.5320366250816733,149.47223966591991,50,18650,,,,,0.09043092916805089,0.46155611060985413,0.0,0,3950862991,
373,0.07891233289009493,0.008109613402080645,0.04267720309653963,-7.547510540940593e-05,1.0,0,0.3108092499896884,149.7842723748181,50,18700,,,,,0.09005339195211164,0.4541495474615782,0.0,0,3267144896,
374,0.07887015393029585,0.008101249805154849,0.039065799156281326,-6.32270892572803e-05,1.0,0,0.49050345784053206,150.2749200828839,50,18750,,,,,0.09000694309415717,0.4460301429330408,0.0,0,1122491955,
375,0.07883490596544475,0.008117350976113796,0.036773682425290395,-5.950225936458975e-05,1.0,0,0.8073321250267327,151.08239970798604,50,18800,,,,,0.09009634274549548,0.4483136101886147,0.0,0,2795848186,
376,0.07880185358300489,0.008053608514067348,0.03189839997691409,-4.1498299471860885e-05,1.0,0,0.5074197091162205,151.5899158748798,50,18850,,,,,0.08974189943425172,0.4490409175585191,0.0,0,3377072611,
377,0.07877874973412763,0.008059278773285846,0.02910516065928599,-3.67249516165643e-05,1.0,0,0.6953064170666039,152.28573658294044,50,18900,,,,,0.08977348591475016,0.44593224999638015,0.0,0,2903857330,
378,0.07875842622127024,0.007986845384079224,0.03887031282839024,-6.601145691074188e-05,1.0,0,0.6350427910219878,152.92095670779236,50,18950,,,,,0.08936915230704175,0.4623117875330119,0.0,0,988920906,
379,0.07872156943314748,0.007988915589851781,0.03965727363902637,-6.65051718569709e-05,1.0,0,0.6723010409623384,153.5937500828877,50,19000,,,,,0.08938073388517115,0.4439245346870905,0.0,0,2197496125,
380,0.07868453474947995,0.00796156924050902,0.03927889072450925,-6.911550054066953e-05,1.0,0,0.5619396669790149,154.1557749158237,50,19050,,,,,0.08922762599390965,0.43872098458061276,0.0,0,655843130,
381,0.07864659545696358,0.007905261973050064,0.042024166352993865,-7.783850141176757e-05,1.0,0,0.319317416055128,154.47518154093996,50,19100,,,,,0.08891154015677641,0.4181532575442265,0.0,0,3908966814,
382,0.07860366783359166,0.007793107764728895,0.03421230874868528,-5.1368543239694846e-05,1.0,0,1.2115887920372188,155.68685279088095,50,19150,,,,,0.08827858044128765,0.4741182022495742,0.0,0,2982321065,
383,0.0785751455301815,0.007754204435252048,0.03632259160845306,-5.844476677273617e-05,1.0,0,0.7802347089163959,156.4671633329708,50,19200,,,,,0.08805796065803505,0.4201810415045268,0.0,0,185179502,
384,0.07854289293082167,0.007686969749536716,0.04152457606286786,-7.327455897143647e-05,1.0,0,1.1458709158468992,157.61313679092564,50,19250,,,,,0.08767536569377236,0.45348459755853315,0.0,0,524694601,
385,0.07850232665269033,0.007765470655312891,0.04280395531104941,-8.083788791874624e-05,1.0,0,1.564877332886681,159.1782312078867,50,19300,,,,,0.08812190791915987,0.41619681838276457,0.0,0,2566478589,
386,0.07845759470892516,0.007751203441682232,0.03456691620512708,-5.304602614151892e-05,1.0,0,0.360910041956231,159.53935049986467,50,19350,,,,,0.08804091913242519,0.4189716286831839,0.0,0,999815576,
387,0.07842809103151575,0.007714659239276439,0.030354164075592938,-3.720330316780015e-05,1.0,0,0.45296270796097815,159.99240174982697,50,19400,,,,,0.08783313292417867,0.46124866807970966,0.0,0,1468031233,
388,0.07840748624055358,0.007723233231103835,0.044325816359040954,-8.271844321569612e-05,1.0,0,0.3307092080358416,160.3232511249371,50,19450,,,,,0.08788192778440762,0.4378248053885476,0.0,0,4110934158,
389,0.07836178464899304,0.007708693462601101,0.04157644601134806,-7.365653602551238e-05,1.0,0,0.31689058314077556,160.64022929081693,50,19500,,,,,0.08779916550059631,0.44609288728100005,0.0,0,1201754137,
390,0.07832108275285396,0.007630784307778228,0.03917205235856897,-6.576810842516758e-05,1.0,0,0.44624620815739036,161.08663699985482,50,19550,,,,,0.08735436055388551,0.43906967759931587,0.0,0,3212736091,
391,0.07828477102570969,0.0075901232710566665,0.04041793785732008,-6.95031099850943e-05,1.0,0,0.42738274997100234,161.51410391600803,50,19600,,,,,0.08712131352922009,0.43272418887764147,0.0,0,3484627883,
392,0.07824636285548459,0.0075805448577862715,0.0477924781887222,-9.570826089963462e-05,1.0,0,0.3444462919142097,161.85863516596146,50,19650,,,,,0.0870663244761502,0.4385942337433215,0.0,0,3568016038,
393,0.07819326220003785,0.007538791581211182,0.04186737087513853,-7.755341355429775e-05,1.0,0,0.3469301669392735,162.20564924995415,50,19700,,,,,0.08682621482715448,0.4523793191684981,0.0,0,929898214,
394,0.0781507217607257,0.0074309446332651505,0.02944895465803618,-3.890674342015926e-05,1.0,0,0.31370512512512505,162.5194848747924,50,19750,,,,,0.08620292705741,0.4618813378906105,0.0,0,3214992257,
395,0.07812929789149475,0.007404793261381992,0.04468493987296107,-8.299444745726894e-05,1.0,0,0.4825835421215743,163.0021459579002,50,19800,,,,,0.08605110842622535,0.43616567553526814,0.0,0,4258706320,
396,0.07808316333380001,0.0074523681618369675,0.036255430996060774,-5.844648505650069e-05,1.0,0,0.3196605001576245,163.3219126658514,50,19850,,,,,0.08632709981133947,0.45128575372637597,0.0,0,2577250548,
397,0.07805103171460133,0.0073699813466002835,0.04411345930433436,-8.168124548366925e-05,1.0,0,0.6488199580926448,163.97087074979208,50,19900,,,,,0.08584859548414454,0.449519588940302,0.0,0,2976773704,
398,0.07800605200560129,0.00735077532436296,0.039480328475848446,-6.519537034474742e-05,1.0,0,0.98399629117921,164.95510558295064,50,19950,,,,,0.08573666266168144,0.47249212113802785,0.0,0,2232690429,
399,0.07796990203398298,0.007290478251070964,0.03772743935546521,-5.805827401778509e-05,1.0,0,1.005522791063413,165.96069691586308,50,20000,,,,,0.08538429745023943,0.4421062203477746,0.0,0,2766633550,
400,0.07793750637385628,0.007315528543097668,0.03691478261163743,-5.61648400164912e-05,1.0,0,0.4452080000191927,166.4060404158663,50,20050,,,,,0.08553086310272841,0.4488628060083708,0.0,0,2190912858,
401,0.07790626995152403,0.007240260837190415,0.03575594304883223,-5.4676720388236216e-05,1.0,0,0.5222847079858184,166.9284790828824,50,20100,,,,,0.0850897222770789,0.42659080051939996,0.0,0,3964798821,
402,0.07787586903220317,0.007190653808200467,0.03598323171507738,-5.391459017766645e-05,1.0,0,0.3885610420256853,167.31717291590758,50,20150,,,,,0.08479772289513715,0.4550169641908971,0.0,0,110725091,
403,0.0778459015733579,0.007188939879005,0.032617182819498006,-4.461893570302462e-05,1.0,0,0.4771058331243694,167.7944264158141,50,20200,,,,,0.08478761630689355,0.45459147398705296,0.0,0,745212283,
404,0.07782117519952488,0.00720221340473701,0.03869329811542031,-5.9274172318936716e-05,1.0,0,0.3654649998061359,168.16003766586073,50,20250,,,,,0.08486585535265058,0.4300020980474354,0.0,0,912043104,
405,0.07778805830532376,0.007162235644661794,0.04382030222176393,-7.93956256787597e-05,1.0,0,0.5273988749831915,168.68757420801558,50,20300,,,,,0.08462999258337314,0.43668463092291876,0.0,0,3718305081,
406,0.07774394321455202,0.007118478679158459,0.04301145235091376,-7.632667413458901e-05,1.0,0,0.42923212493769825,169.1169449579902,50,20350,,,,,0.08437107726678887,0.4312325982680935,0.0,0,2481884226,
407,0.07770161198241972,0.006987983160421395,0.045240353765130505,-8.173730584032956e-05,1.0,0,0.400817166082561,169.5178443749901,50,20400,,,,,0.08359415745386393,0.4431750273041527,0.0,0,244866917,
408,0.07765608618061604,0.00695988416814616,0.032643089492159605,-4.8628248801753054e-05,1.0,0,0.28716691699810326,169.80509020783938,50,20450,,,,,0.08342592024153021,0.4504473419396556,0.0,0,3442860751,
409,0.07762921948686767,0.006883214418161982,0.038501139821152254,-6.293040290475605e-05,1.0,0,0.38112720800563693,170.18978670798242,50,20500,,,,,0.08296513977666754,0.44715950983272396,0.0,0,947689767,
410,0.07759457734327352,0.00678940141891018,0.033636417239493975,-4.6258208032753245e-05,1.0,0,0.2678695418871939,170.45781704084948,50,20550,,,,,0.08239782411514383,0.4423245993325282,0.0,0,957216504,
411,0.07756922779252753,0.006787768706679576,0.04415863966796708,-8.285664531571068e-05,1.0,0,0.28076470806263387,170.73868074989878,50,20600,,,,,0.08238791602340464,0.4289850685298384,0.0,0,4149995369,
412,0.07752378285845773,0.006756483432021514,0.034013530064509793,-4.637326663898668e-05,1.0,0,0.4890266249421984,171.22794912499376,50,20650,,,,,0.08219783106640657,0.43644076151387123,0.0,0,2534136230,
413,0.07749816471054491,0.006750173982946357,0.030776469900387578,-3.971426872295145e-05,1.0,0,0.7131970408372581,171.94124304084107,50,20700,,,,,0.0821594424454448,0.43011988500453324,0.0,0,3955344318,
414,0.07747638624778902,0.006731868489074825,0.03186282277774933,-4.139511355771445e-05,1.0,0,0.496600833022967,172.43793187499978,50,20750,,,,,0.08204796456387461,0.45132599155989844,0.0,0,113795971,
415,0.07745343784699209,0.0067515335917954266,0.03258024856096513,-4.3589607957274034e-05,1.0,0,0.35108466586098075,172.7891106249299,50,20800,,,,,0.08216771623816392,0.41751563183076035,0.0,0,3160928393,
416,0.07742946282915569,0.006697002721482411,0.0314363336556189,-4.276263918798648e-05,1.0,0,0.29211891698651016,173.0814237499144,50,20850,,,,,0.08183521687808012,0.43568741804846634,0.0,0,424694399,
417,0.07740590613493321,0.006593118262580538,0.03944297463763474,-6.124334577657862e-05,1.0,0,0.3041497499216348,173.38572033285163,50,20900,,,,,0.08119801883408571,0.4313875855227756,0.0,0,1446720061,
418,0.07737173106351662,0.006626028354585079,0.02964660559191109,-3.8808615375181766e-05,1.0,0,0.3928962501231581,173.77870737481862,50,20950,,,,,0.08140041986737587,0.45228209576679185,0.0,0,271487019,
419,0.07735047383810595,0.0066096572507537395,0.039358236806734774,-6.302020382162515e-05,1.0,0,0.6851177911739796,174.46399033279158,50,21000,,,,,0.08129979858987192,0.42626799910475155,0.0,0,1211969675,
420,0.07731536209876977,0.006576604991110013,0.04065103780773774,-6.747760533854964e-05,1.0,0,0.6739575411193073,175.13809012481943,50,21050,,,,,0.0810962698964016,0.3912527239327314,0.0,0,3572232740,
421,0.07727810536537519,0.006496254692039663,0.02898926665138651,-3.4467566448456134e-05,1.0,0,0.40361474989913404,175.5422507908661,50,21100,,,,,0.08059934672216434,0.4202213234282842,0.0,0,4143146146,
422,0.07725921917921436,0.006486645348401998,0.03103646229886898,-3.793608114318643e-05,1.0,0,0.40508504188619554,175.94752749986947,50,21150,,,,,0.08053971286515739,0.42207957490000947,0.0,0,2388210602,
423,0.07723814416738059,0.006481720131327567,0.03916413343964124,-6.216900665561097e-05,1.0,0,0.36649320810101926,176.3141542498488,50,21200,,,,,0.08050913073265396,0.41955972115837686,0.0,0,3087760418,
424,0.07720373763134707,0.006438836498884378,0.03429532725135594,-4.796495269592712e-05,1.0,0,0.43917029188014567,176.75341537501663,50,21250,,,,,0.08024236100018729,0.42350744577674126,0.0,0,2529751913,
425,0.07717735314214068,0.0063623966975320054,0.03673304289287641,-5.739268419249509e-05,1.0,0,0.30908475001342595,177.06259241583757,50,21300,,,,,0.07976463312478786,0.417003915068538,0.0,0,2222886489,
426,0.07714585469929111,0.006279889515344844,0.03704142045503059,-5.682640605207958e-05,1.0,0,0.4470462091267109,177.50972229079343,50,21350,,,,,0.07924575392628204,0.41166637856487237,0.0,0,1148776590,
427,0.07711460663326573,0.006284073790372507,0.03568254286317256,-5.201390104780712e-05,1.0,0,0.35498429206199944,177.86484466586262,50,21400,,,,,0.07927215015610783,0.42266150444283374,0.0,0,1418306064,
428,0.0770859397932337,0.006210220600544306,0.03515964646037867,-5.117241369158729e-05,1.0,0,0.332382625201717,178.19737466587685,50,21450,,,,,0.07880495289348446,0.426576011607833,0.0,0,2075225041,
429,0.077057732703187,0.00614915485115662,0.0353545635386703,-5.2819192556732587e-05,1.0,0,0.32637466699816287,178.5238837909419,50,21500,,,,,0.07841654704943733,0.4081344859003655,0.0,0,3826004997,
430,0.0770286560230592,0.006146671881213303,0.028307154864593464,-3.262595737738435e-05,1.0,0,0.33567141694948077,178.85964091587812,50,21550,,,,,0.07840071352489913,0.44269568958646577,0.0,0,3439752926,
431,0.07701074675731143,0.006125117657018606,0.027682182802712396,-3.2565189110483035e-05,1.0,0,0.34812941681593657,179.20784004079178,50,21600,,,,,0.0782631308920018,0.4068433730447134,0.0,0,1881916825,
432,0.07699291834360028,0.006111661070308112,0.04445201635161275,-7.73670638406749e-05,1.0,0,0.3185379998758435,179.52652016584761,50,21650,,,,,0.0781771134687647,0.42840690347091065,0.0,0,1018723706,
433,0.07695034605499143,0.006009673140790547,0.03036760393028789,-3.696619759917436e-05,1.0,0,0.3369017499499023,179.8635069578886,50,21700,,,,,0.07752208163349683,0.43472562808012755,0.0,0,133292383,
434,0.07692992836279958,0.005995753750324723,0.030584225609316593,-3.7175366771924385e-05,1.0,0,0.32828729203902185,180.19361674995162,50,21750,,,,,0.07743225264916889,0.42139467430119765,0.0,0,2964851224,
435,0.0769095441303919,0.005982135216224499,0.031344223166830706,-3.879300319946185e-05,1.0,0,0.3495364170521498,180.5432350828778,50,21800,,,,,0.07734426427489306,0.41096422118261233,0.0,0,2676355419,
436,0.07688820993649774,0.005934034755575281,0.03258807421392459,-3.981647665432912e-05,1.0,0,0.3476198338903487,180.89094937499613,50,21850,,,,,0.0770326862804049,0.4320896826021791,0.0,0,3999261274,
437,0.076866103778069,0.005906172348052353,0.027629712686899587,-3.063097945758655e-05,1.0,0,0.3519407499115914,181.24303445778787,50,21900,,,,,0.07685162553942729,0.4238866245974368,0.0,0,550501721,
438,0.07684926762279437,0.005900878364899827,0.03387064333454231,-4.517939753467439e-05,1.0,0,0.4197408340405673,181.66285229078494,50,21950,,,,,0.07681717493438447,0.4154620777369065,0.0,0,3144796842,
439,0.07682449378665165,0.005916686786458672,0.031016524957313534,-3.753125456909748e-05,1.0,0,0.42785979085601866,182.09115645801648,50,22000,,,,,0.07692000251208181,0.42397203742294537,0.0,0,2249105080,
440,0.07680376798972244,0.005895976951048871,0.030642552919261053,-3.806344788939205e-05,1.0,0,0.3079723340924829,182.39920141594484,50,22050,,,,,0.07678526519488535,0.37960778315560056,0.0,0,4154195048,
441,0.07678281296051802,0.005929621573648615,0.026997637832758273,-2.769568224069009e-05,1.0,0,0.2827441249974072,182.68202087492682,50,22100,,,,,0.07700403608674428,0.4178744026389517,0.0,0,351780822,
442,0.07676762123271383,0.0058992775542589,0.0296631111294116,-3.6614277423480454e-05,1.0,0,0.27568562515079975,182.95778533280827,50,22150,,,,,0.07680675461350323,0.38095707937231915,0.0,0,2583661703,
443,0.07674753659603395,0.005838663107912772,0.03492420614745372,-4.8490184227081396e-05,1.0,0,0.5431479578837752,183.501070874976,50,22200,,,,,0.07641114518126771,0.4149598691221424,0.0,0,1816045750,
444,0.07672085113130757,0.005793034574154286,0.031951526048935544,-3.897593008770068e-05,1.0,0,0.2902242080308497,183.7914083749056,50,22250,,,,,0.07611198705955774,0.4036213624127215,0.0,0,3297963800,
445,0.07669926019073603,0.00576736712175878,0.027277286709362067,-3.0055309137605447e-05,1.0,0,0.30893749999813735,184.10047583281994,50,22300,,,,,0.07594318351082459,0.42637745253649706,0.0,0,472792648,
446,0.07668284300390808,0.005699962547755872,0.036079007421839386,-5.121051761111575e-05,1.0,0,0.27165041700936854,184.37221312499605,50,22350,,,,,0.07549809631875411,0.4263438485568431,0.0,0,1464271665,
447,0.07665479365080616,0.005784812865292216,0.03193267309309109,-3.9877557560442895e-05,1.0,0,0.2901900000870228,184.662477707956,50,22400,,,,,0.0760579572779352,0.4160994550425494,0.0,0,1650651688,
448,0.07663283173779703,0.005684989951415201,0.03027197202406925,-3.5768268238318954e-05,1.0,0,0.265614541945979,184.92817774997093,50,22450,,,,,0.07539887234843237,0.4049109745851189,0.0,0,2802850285,
449,0.07661319371825077,0.005665068696150419,0.03077428346538213,-3.839729465989836e-05,1.0,0,0.2705746670253575,185.1988879579585,50,22500,,,,,0.07526665062396772,0.3931832716842904,0.0,0,3737235416,
450,0.07659209126355057,0.00569387103066091,0.02864644825518728,-3.227337843879527e-05,1.0,0,0.28588008298538625,185.4848499998916,50,22550,,,,,0.07545774334460917,0.4130083853893289,0.0,0,3710668071,
451,0.07657439446016269,0.005658817948276476,0.027618902599031124,-2.8815154773183396e-05,1.0,0,0.2774263331666589,185.76235654088669,50,22600,,,,,0.07522511514299247,0.43222436607170817,0.0,0,3311410088,
452,0.07655854705968872,0.005677983647168247,0.03043078823051105,-3.842471949615658e-05,1.0,0,0.3714151659514755,186.13385766581632,50,22650,,,,,0.07535239642618041,0.38486960441365836,0.0,0,1588524819,
453,0.07653750451779448,0.005637206386294242,0.03457311824106259,-4.771226175671835e-05,1.0,0,0.26831787498667836,186.4022591658868,50,22700,,,,,0.07508133180953999,0.38400252310945887,0.0,0,1740386645,
454,0.07651096456141793,0.005545936903993964,0.02874332586165846,-3.115593129957829e-05,1.0,0,0.3193851250689477,186.72177812480368,50,22750,,,,,0.07447104742108818,0.41026333490810757,0.0,0,975577404,
455,0.07649375256266705,0.005518981774743076,0.032574843798773165,-4.309864498419139e-05,1.0,0,0.3368857919704169,187.05874391598627,50,22800,,,,,0.07428984974236437,0.3949588268182891,0.0,0,1443396798,
456,0.07647010349456855,0.005490198119148142,0.027123108423277528,-2.8780882151551855e-05,1.0,0,0.3370989579707384,187.39592637494206,50,22850,,,,,0.07409587113428212,0.42598551796913586,0.0,0,4134909300,
457,0.07645432126484553,0.00542455624938783,0.031281396317159094,-3.911140994361217e-05,1.0,0,0.2946463329717517,187.69071545801125,50,22900,,,,,0.07365158687623662,0.4247540765664267,0.0,0,964274001,
458,0.0764328961269651,0.005422645031956694,0.03829037756956813,-5.6236293021574176e-05,1.0,0,0.40675595798529685,188.0976524578873,50,22950,,,,,0.0736386110132225,0.3919058840887221,0.0,0,1667776500,
459,0.07640190293816174,0.00539311296311358,0.023709656623532645,-2.2460112091992716e-05,1.0,0,0.3281277921050787,188.42615804099478,50,23000,,,,,0.07343781698221687,0.38591892289915997,0.0,0,1320089668,
460,0.0763895702886539,0.005334951780953906,0.032474953507363596,-4.208547941427668e-05,1.0,0,0.29324670787900686,188.71954883285798,50,23050,,,,,0.07304075424688539,0.39984074113499823,0.0,0,1358211557,
461,0.07636648489363902,0.005336822817449083,0.02663202579350078,-2.8327171005639016e-05,1.0,0,0.27378979208879173,188.99342320789583,50,23100,,,,,0.07305356129203479,0.4247295850227108,0.0,0,3937589335,
462,0.07635104578313567,0.005311499749332957,0.03367858129685928,-4.3289500462118394e-05,1.0,0,0.3002107080537826,189.29377499991097,50,23150,,,,,0.07288003669958569,0.4089080375459097,0.0,0,222580817,
463,0.07632720058914252,0.005321099554820168,0.02631240071682559,-2.7277574773710973e-05,1.0,0,0.3180527091026306,189.61196804093197,50,23200,,,,,0.07294586729089023,0.40353332217769033,0.0,0,644642984,
464,0.07631226958673405,0.005265658933466546,0.028291905643788157,-3.208825251400385e-05,1.0,0,0.2730138339102268,189.8850631248206,50,23250,,,,,0.07256486018360778,0.38754425620180083,0.0,0,2390664698,
465,0.07629475706774459,0.00525179297565232,0.027634690719170317,-2.9284337088778212e-05,1.0,0,0.2588924169540405,190.14402649994008,50,23300,,,,,0.0724692553822124,0.4049525205192661,0.0,0,3239240027,
466,0.0762785999260605,0.005231046493732865,0.033134173502326524,-4.017945048219579e-05,1.0,0,0.26406533387489617,190.40822437498719,50,23350,,,,,0.0723259738526407,0.40309802748047147,0.0,0,657301382,
467,0.07625638938460473,0.005230535022641419,0.028626695822753657,-3.2299838765003996e-05,1.0,0,0.2710239998996258,190.67938824999146,50,23400,,,,,0.07232243789199462,0.40010445673051587,0.0,0,2034585777,
468,0.07623872691040891,0.0051848196490231185,0.034474753012982556,-4.364019109429628e-05,1.0,0,0.27652637497521937,190.95605320786126,50,23450,,,,,0.07200569178213011,0.39793155122551366,0.0,0,3237989254,
469,0.07621471439822647,0.005193406353852167,0.030893600081546055,-3.658414007346262e-05,1.0,0,0.2762574169319123,191.2324531658087,50,23500,,,,,0.07206529229700083,0.40505660263598975,0.0,0,2967959691,
470,0.07619458133687701,0.005126752843568759,0.0309819613339858,-3.791312774008271e-05,1.0,0,0.2751699578948319,191.50771687482484,50,23550,,,,,0.07160134666030213,0.4163420375249287,0.0,0,3659409280,
471,0.07617379522859778,0.005094984940491321,0.029669393429276904,-3.3093909598088395e-05,1.0,0,0.27642287500202656,191.78423137497157,50,23600,,,,,0.0713791632095202,0.4379557970608879,0.0,0,4177094984,
472,0.07615554664244115,0.005098968875386329,0.030210853026807608,-3.5512344298635414e-05,1.0,0,0.36489250021986663,192.1515691659879,50,23650,,,,,0.07140706460418556,0.42781165389841797,0.0,0,1740477391,
473,0.07613603580609835,0.005022594815301886,0.02965884312495098,-3.227585688500285e-05,1.0,0,0.28348079207353294,192.43521158280782,50,23700,,,,,0.0708702674984502,0.39419024280351694,0.0,0,3587354971,
474,0.0761183870023672,0.005060904071431101,0.02914476429315093,-3.294604510399206e-05,1.0,0,0.26857308321632445,192.70386716583744,50,23750,,,,,0.07114003142697578,0.4025735942721599,0.0,0,4240417767,
475,0.07610034825562206,0.005003837453152207,0.02643257410792841,-2.7699436135893548e-05,1.0,0,0.2672564168460667,192.97120304079726,50,23800,,,,,0.07073780780567211,0.3895500365576724,0.0,0,3707090330,
476,0.0760850697445695,0.004935411149267913,0.027569131322674783,-3.0605687548404504e-05,1.0,0,0.29856233415193856,193.26984500000253,50,23850,,,,,0.0702524814456252,0.42329081907533006,0.0,0,2897577888,
477,0.0760684479855831,0.00493242338967009,0.026519057837779348,-2.6730661050743672e-05,1.0,0,0.28213204187341034,193.55204824986868,50,23900,,,,,0.07023121378468472,0.38249098600505343,0.0,0,828826863,
478,0.07605379113427524,0.004908893160496978,0.02822991231546906,-3.1404899057783536e-05,1.0,0,0.2637527498882264,193.81590449996293,50,23950,,,,,0.0700634937788359,0.4024784724495426,0.0,0,3324888341,
479,0.07603670368514592,0.004906250708118781,0.03106895936251584,-3.604768955950634e-05,1.0,0,0.29275787505321205,194.10880229086615,50,24000,,,,,0.07004463368537793,0.4048762875127469,0.0,0,589879034,
480,0.07601695546402654,0.0049208983817490915,0.022923908035184817,-2.0455684686798824e-05,1.0,0,0.27651120792143047,194.38544558291323,50,24050,,,,,0.07014911533119353,0.37975338504428374,0.0,0,2446132119,
481,0.07600573898525706,0.0048436415952963835,0.02871513864098262,-3.226435927813542e-05,1.0,0,0.42594920797273517,194.81152933300473,50,24100,,,,,0.0695962757286364,0.3986949963866989,0.0,0,3444653594,
482,0.07598822676573394,0.004815454185520118,0.030167955639595217,-3.492967283368309e-05,1.0,0,0.4076320000458509,195.22000749991275,50,24150,,,,,0.06939347365221112,0.40333365809712524,0.0,0,1757079063,
483,0.07596905816442867,0.004772962306495033,0.024078842908792655,-2.254363111210654e-05,1.0,0,0.41371525009162724,195.63380787498318,50,24200,,,,,0.06908662899935872,0.4067089469538712,0.0,0,3446088050,
484,0.07595679542749947,0.004755298448290985,0.03047304272020774,-3.468251993661272e-05,1.0,0,0.36207591579295695,195.9959782077931,50,24250,,,,,0.06895867203108674,0.40813078126045327,0.0,0,994368262,
485,0.07593782583489825,0.004725624609906408,0.028454261425439942,-3.0833602757393356e-05,1.0,0,0.2581422091461718,196.25426683295518,50,24300,,,,,0.06874317864273086,0.4008718407877302,0.0,0,1785435646,
486,0.07592089597410558,0.004747866308720861,0.027512586456904988,-2.9111003386413904e-05,1.0,0,0.33325399993918836,196.58765933290124,50,24350,,,,,0.0689047625982476,0.3870431800455401,0.0,0,674193786,
487,0.07590492458411138,0.0047886471478174,0.029802809854723934,-3.329833569900191e-05,1.0,0,0.275166958803311,196.862913957797,50,24400,,,,,0.0692000516460602,0.3996773660301815,0.0,0,1594475909,
488,0.07588663166672237,0.004775836410199417,0.02486414933748597,-2.3089189229287173e-05,1.0,0,0.3106258751358837,197.17374912486412,50,24450,,,,,0.06910742659222247,0.4006434310576039,0.0,0,3126925843,
489,0.0758739294156317,0.004765490857227885,0.030464326072564413,-3.452015836949775e-05,1.0,0,0.25490704202093184,197.4287463328801,50,24500,,,,,0.06903253477330733,0.40359949309788834,0.0,0,1840510255,
490,0.07585496854683976,0.004705210613198891,0.028554349201926333,-3.193374149604328e-05,1.0,0,0.2704567501787096,197.69927895790897,50,24550,,,,,0.06859453777961398,0.3951061365538261,0.0,0,1203746391,
491,0.07583745532842398,0.004654241322707573,0.026249106722762386,-2.661480425534454e-05,1.0,0,0.2651882921345532,197.96455279085785,50,24600,,,,,0.06822200028368836,0.39279482689598266,0.0,0,673438018,
492,0.07582291282713635,0.0046138301635805885,0.03246181221029898,-3.805817282164647e-05,1.0,0,0.2933475829195231,198.2587659158744,50,24650,,,,,0.06792518062972368,0.39271631370753807,0.0,0,3932635460,
493,0.07580211811210133,0.004575894550767385,0.023612023148768656,-2.103620819278453e-05,1.0,0,0.27960241585969925,198.53851129091345,50,24700,,,,,0.06764535867868086,0.4030073009417179,0.0,0,33311761,
494,0.07579066905878735,0.004585355402901908,0.026937171397603106,-2.641202529801486e-05,1.0,0,0.29427674994803965,198.83293012483045,50,24750,,,,,0.06771525236534165,0.40284575977546355,0.0,0,1889106358,
495,0.07577625691362931,0.004548976650611693,0.028325410893742516,-2.966788487775176e-05,1.0,0,0.26590795814991,199.0989811248146,50,24800,,,,,0.06744610181924299,0.3813327840823172,0.0,0,2750544185,
496,0.07575998325058801,0.004537724119087642,0.025474353504786298,-2.5359191594499295e-05,1.0,0,0.29154050000943244,199.39061183296144,50,24850,,,,,0.0673626314738939,0.3933509407238548,0.0,0,3967556029,
497,0.075746169400892,0.004503367262736282,0.029794756760367712,-3.360513430678077e-05,1.0,0,0.2734442080836743,199.66414000000805,50,24900,,,,,0.06710713272623323,0.3959890495332577,0.0,0,907397071,
498,0.07572793149240724,0.004491713472083049,0.02510094106132096,-2.412204745690799e-05,1.0,0,0.26691424986347556,199.93119416595437,50,24950,,,,,0.06702024673248412,0.4074706972832997,0.0,0,4285442870,
499,0.07571471699213977,0.004438956136891872,0.021341932028142753,-1.7672039703365273e-05,1.0,0,0.26767483400180936,200.19901391584426,50,25000,,,,,0.06662549164465409,0.4073806963309317,0.0,0,3896761042,
500,0.07570507345089236,0.004427099320581587,0.02609924581907057,-2.5615701216850303e-05,1.0,0,0.2583049579989165,200.4573957498651,50,25050,,,,,0.06653645106692711,0.3913458187832192,0.0,0,1166022782,
501,0.075691060205419,0.004391604178425966,0.0214973168529624,-1.7521142543669492e-05,1.0,0,0.27415683399885893,200.73166849999689,50,25100,,,,,0.06626917970237722,0.3922734503116739,0.0,0,2299084455,
502,0.0756814730172425,0.0044158092378746155,0.0247649667612595,-2.30552044584778e-05,1.0,0,0.35999870812520385,201.09174704086035,50,25150,,,,,0.06645155557151854,0.3914637668593708,0.0,0,333563298,
503,0.07566889873958775,0.004364964698480582,0.031271130801712385,-3.607307058002118e-05,1.0,0,0.2990697920322418,201.39090812485665,50,25200,,,,,0.06606787947619162,0.3942558667273873,0.0,0,3025658835,
504,0.07564916157923426,0.004341105192630281,0.026371305695644685,-2.514817413074298e-05,1.0,0,0.3812349590007216,201.77221479080617,50,25250,,,,,0.06588706392479696,0.3912507211419933,0.0,0,286413692,
505,0.07563538757084083,0.004322247320411326,0.02952341218306395,-2.981546331184844e-05,1.0,0,0.33929195906966925,202.1115859579295,50,25300,,,,,0.06574380062341488,0.3827609755716218,0.0,0,2136390089,
506,0.07561890734573269,0.004346886721314555,0.021662111215174817,-1.7932179043543602e-05,1.0,0,0.2784697921015322,202.3901986249257,50,25350,,,,,0.06593092386213434,0.37838413254797054,0.0,0,725677177,
507,0.0756090802006143,0.0042938975647099096,0.026927101338853697,-2.6693449604102297e-05,1.0,0,0.281433291034773,202.67177720787004,50,25400,,,,,0.06552783808969978,0.3973906584005794,0.0,0,3537146770,
508,0.0755945374506441,0.004258664680846914,0.024741171131056196,-2.2676575243747633e-05,1.0,0,0.27771799988113344,202.9496316658333,50,25450,,,,,0.06525844528370955,0.379002907567538,0.0,0,2470055414,
509,0.07558214570097922,0.0041930812159658324,0.02641678605741741,-2.5035682213136392e-05,1.0,0,0.3371023328509182,203.28688954096287,50,25500,,,,,0.06475400540480745,0.39299884311683153,0.0,0,1223099337,
510,0.07556841585768287,0.004224045452330243,0.030083805049426444,-3.372800772992205e-05,1.0,0,0.36264225002378225,203.6496136658825,50,25550,,,,,0.06499265691084065,0.4027761451132381,0.0,0,1777273365,
511,0.07555000497007236,0.004167156583285412,0.024853956363841162,-2.2636179015406633e-05,1.0,0,0.2893376250285655,203.93904437497258,50,25600,,,,,0.06455351720305728,0.3794554103700777,0.0,0,1026989169,
512,0.07553766407195249,0.004124496105804026,0.022963531004674288,-2.0036711420668113e-05,1.0,0,0.2787858748342842,204.21797479083762,50,25650,,,,,0.06422223996252409,0.3834291351911372,0.0,0,827771631,
513,0.07552678568769011,0.004098233361582097,0.02171636633970421,-1.7572009689111086e-05,1.0,0,0.2758613331243396,204.49391224980354,50,25700,,,,,0.06401744575959038,0.39832873492721727,0.0,0,1460313104,
514,0.07551721800004793,0.0040902245434042495,0.026066882085107865,-2.5453417993609467e-05,1.0,0,0.2794907088391483,204.77347204089165,50,25750,,,,,0.06395486332879033,0.3792741339015463,0.0,0,828005763,
515,0.07550322348948504,0.004052020692186943,0.024119507092947017,-2.063221061653408e-05,1.0,0,0.2570541249588132,205.03067029081285,50,25800,,,,,0.06365548438419853,0.3928653382285516,0.0,0,2345103951,
516,0.07549190668326117,0.004022438519659465,0.022956216526301813,-1.9271740585750324e-05,1.0,0,0.8713977499864995,205.90229562483728,50,25850,,,,,0.06342269719634655,0.38082342763209004,0.0,0,4106722259,
517,0.0754813945046833,0.003981412245032184,0.021450060644519858,-1.6500101381946933e-05,1.0,0,0.4485375410877168,206.35122770792805,50,25900,,,,,0.06309843298396707,0.40020981270656614,0.0,0,159465957,
518,0.07547239856016112,0.003996589200881411,0.025047655078996926,-2.3773084897291465e-05,1.0,0,0.2808902501128614,206.63226516591385,50,25950,,,,,0.06321858271806963,0.37750614561386275,0.0,0,2019668350,
519,0.0754595099975685,0.003979674096698979,0.026762045894671183,-2.596349750076933e-05,1.0,0,0.2615443749818951,206.89389708288945,50,26000,,,,,0.06308465817216559,0.40432446064413174,0.0,0,1356620705,
520,0.07544540831846722,0.003921627533680196,0.022055676540488144,-1.780515911175389e-05,1.0,0,0.4081440418958664,207.3021378328558,50,26050,,,,,0.06262289943527205,0.3844563792382351,0.0,0,4144048216,
521,0.07543570597528365,0.003929059552706216,0.023659280386260285,-1.9843596447720223e-05,1.0,0,0.5052077500149608,207.80743283289485,50,26100,,,,,0.06268221081539974,0.3833994320818323,0.0,0,2749020255,
522,0.07542491760730416,0.003911621690244043,0.020393544339455345,-1.5433714385161493e-05,1.0,0,0.31572600011713803,208.12329787481576,50,26150,,,,,0.06254295875831302,0.3602860559878008,0.0,0,623302210,
523,0.07541643900121997,0.0039014977221321534,0.025090527840483615,-2.242660644777717e-05,1.0,0,0.31711374991573393,208.44052391592413,50,26200,,,,,0.062461970206935946,0.38308202344968506,0.0,0,2808818287,
524,0.07540421051194433,0.0038814179511345737,0.026303550506905637,-2.3983373174631608e-05,1.0,0,0.3073138331528753,208.74792358279228,50,26250,,,,,0.06230102688667799,0.3911887498305079,0.0,0,955163296,
525,0.07539111768497539,0.0038807168858203235,0.02073836302128465,-1.6375120826088855e-05,1.0,0,0.36229566717520356,209.11029904079624,50,26300,,,,,0.062295400197930534,0.37433310928443986,0.0,0,2868001862,
526,0.07538225690967704,0.003859859924240643,0.020900598406170316,-1.6756058997098094e-05,1.0,0,0.33882966614328325,209.4492759159766,50,26350,,,,,0.06212777095824896,0.3798690020128655,0.0,0,1696698094,
527,0.07537318525026701,0.0038774434148032082,0.024124318624613617,-2.2600825782005697e-05,1.0,0,0.31994658312760293,209.76930237491615,50,26400,,,,,0.06226912087707043,0.3903826875661997,0.0,0,3707574613,
528,0.0753609260042994,0.0038264878589848185,0.025380259370955244,-2.192154519332109e-05,1.0,0,0.2689027499873191,210.03834362491034,50,26450,,,,,0.061858611841721915,0.39011134340065373,0.0,0,1908738880,
529,0.0753488845839334,0.0038295695069883854,0.02480664359448618,-2.315555433024636e-05,1.0,0,0.27057029097341,210.30905583291315,50,26500,,,,,0.061883515632100164,0.3742492538890956,0.0,0,954028906,
530,0.0753362766254605,0.003801985135417868,0.022975716213195826,-1.9168013297864302e-05,1.0,0,0.2684532920829952,210.57759354100563,50,26550,,,,,0.06166023950178809,0.39648935974183613,0.0,0,4058326193,
531,0.07532582280660456,0.003719335284058125,0.024447013532822092,-2.1568578913172372e-05,1.0,0,0.2666080000344664,210.84427845780738,50,26600,,,,,0.06098635326085767,0.3955075341548594,0.0,0,2024655238,
532,0.0753140287933861,0.0036878310198755174,0.01966448406574633,-1.4602444615559898e-05,1.0,0,0.265648459084332,211.1100049999077,50,26650,,,,,0.0607275145208127,0.4059937471254922,0.0,0,3102342197,
533,0.07530606810919116,0.00366802682854354,0.022081316330779192,-1.674704840258454e-05,1.0,0,0.32106658397242427,211.43115370790474,50,26700,,,,,0.060564237207642105,0.38743118094408086,0.0,0,369656839,
534,0.07529695384582837,0.0036781659986974374,0.018816400050349482,-1.3369010813460797e-05,1.0,0,0.2666090838611126,211.69824791583233,50,26750,,,,,0.06064788536047599,0.3964364578375238,0.0,0,1095019620,
535,0.0752897213409758,0.0036542650608842138,0.02090773393333147,-1.5362438241935213e-05,1.0,0,0.27626754087395966,211.9745987909846,50,26800,,,,,0.060450517457538884,0.3815201044468744,0.0,0,3016039506,
536,0.07528142334872871,0.0036485047402876644,0.021295155594749995,-1.7033536292198537e-05,1.0,0,0.3141231248155236,212.28886395785958,50,26850,,,,,0.060402853742912384,0.387761703627805,0.0,0,1248476445,
537,0.07527217605553004,0.003661067902876301,0.020521894976591546,-1.587530868760689e-05,1.0,0,0.27199087501503527,212.56093262485228,50,26900,,,,,0.06050675915033213,0.3855704243661355,0.0,0,293333978,
538,0.07526355751181703,0.003662657095279335,0.023114274483416148,-1.958798400178141e-05,1.0,0,0.2621707911603153,212.82318108296022,50,26950,,,,,0.060519890079868244,0.3879738569389621,0.0,0,2669568088,
539,0.07525291473710569,0.0036280169624465833,0.021232423755458554,-1.6468858104613268e-05,1.0,0,0.26534070912748575,213.08866133284755,50,27000,,,,,0.06023302219253641,0.3734453672449816,0.0,0,3144076148,
540,0.0752440194489358,0.0036085313490708264,0.018807822703769843,-1.3076789127052364e-05,1.0,0,0.2689901669509709,213.35773312486708,50,27050,,,,,0.060071052505102876,0.3938023737927213,0.0,0,3824833669,
541,0.07523686582456654,0.0035963229420373794,0.019840168187943694,-1.492867157273739e-05,1.0,0,0.27024329197593033,213.62804966582917,50,27100,,,,,0.0599693500218018,0.37543316822440054,0.0,0,3409451105,
542,0.07522884048325683,0.0035739120308763152,0.022886552179260767,-1.8806799064538264e-05,1.0,0,0.2687692081090063,213.89689233293757,50,27150,,,,,0.059782204968337485,0.39942873424308395,0.0,0,140817520,
543,0.07521860891702145,0.0035678511655493567,0.0182343005906849,-1.2354520925268171e-05,1.0,0,0.26160729210823774,214.1586337077897,50,27200,,,,,0.05973149224278058,0.3686565340862707,0.0,0,3867988405,
544,0.0752118598404542,0.0035217922913687054,0.020259143216620576,-1.4919693033791967e-05,1.0,0,0.30535912490449846,214.46406354079954,50,27250,,,,,0.059344690506975474,0.36922106156993206,0.0,0,1283259722,
545,0.07520372217275227,0.003471663862398096,0.021317653554473685,-1.5697405429320567e-05,1.0,0,0.2640852080658078,214.72829737490974,50,27300,,,,,0.058920827068177646,0.3921074689745855,0.0,0,1870596874,
546,0.0751951365398358,0.0034522295791339077,0.02111698698967537,-1.575730080922223e-05,1.0,0,0.2702682081144303,214.9987033328507,50,27350,,,,,0.05875567699494159,0.3806512035876807,0.0,0,3692616448,
547,0.07518659949285501,0.003463979978850662,0.02284213967556566,-1.791381349116474e-05,1.0,0,0.26777495886199176,215.266615124885,50,27400,,,,,0.05885558579141543,0.3839081379879697,0.0,0,3593107092,
548,0.0751768926044344,0.0034961482369955475,0.02011341198359928,-1.3778741097901836e-05,1.0,0,0.26195070799440145,215.52864383300766,50,27450,,,,,0.05912823553088277,0.3901108260888854,0.0,0,1200345879,
549,0.07516942255125708,0.0034954704384795856,0.020568391388573595,-1.5339326132587533e-05,1.0,0,0.31576750008389354,215.84455791581422,50,27500,,,,,0.05912250365537293,0.39479411500042505,0.0,0,2521335032,
550,0.07516110531217197,0.0034498247648861997,0.0230777343268136,-1.8616470326423477e-05,1.0,0,0.2703704999294132,216.1150859578047,50,27550,,,,,0.05873520890306086,0.3739448065111592,0.0,0,2932292852,
551,0.0751509464313734,0.003403876954198207,0.021668036254073805,-1.687719332165171e-05,1.0,0,0.26831225003115833,216.38347395788878,50,27600,,,,,0.058342754084789374,0.38093492682358726,0.0,0,3117033940,
552,0.075141792071273,0.003358630540619629,0.020006473783774396,-1.4459936532536072e-05,1.0,0,0.2664064581040293,216.65001670783386,50,27650,,,,,0.05795369307144825,0.3757942477642439,0.0,0,1104620333,
553,0.07513395319568227,0.0033950556787071076,0.024191334066456103,-2.054812463204574e-05,1.0,0,0.26889912504702806,216.91898874985054,50,27700,,,,,0.05826710631829169,0.36820250442407493,0.0,0,2896569896,
554,0.07512281799948495,0.003382857038921421,0.020526558164728887,-1.4806151964372072e-05,1.0,0,0.25995504204183817,217.17901441594586,50,27750,,,,,0.05816233350650076,0.3795278001756651,0.0,0,1201469266,
555,0.07511478159945782,0.00337306988203059,0.02099320104455108,-1.6439808666821097e-05,1.0,0,0.3196270000189543,217.49880249984562,50,27800,,,,,0.058078136006853645,0.3983094738828363,0.0,0,568036502,
556,0.07510594324164388,0.003362879847938164,0.020968233997168517,-1.5962158148890912e-05,1.0,0,0.2687685419805348,217.76771320798434,50,27850,,,,,0.05799034271271523,0.3862365142536191,0.0,0,3260224462,
557,0.07509723096575736,0.003325845067127245,0.0206949436113967,-1.5381469030142698e-05,1.0,0,0.2697335418779403,218.03758841590025,50,27900,,,,,0.057670140169131245,0.3799368651424085,0.0,0,2044148600,
558,0.0750888864377327,0.0032886638006309273,0.018279178317391422,-1.2119864188846767e-05,1.0,0,0.3103797079529613,218.34805229096673,50,27950,,,,,0.057346872631652085,0.3740543900127481,0.0,0,3108269572,
559,0.07508231750496847,0.003251782978624572,0.019294694297373613,-1.3312105975996115e-05,1.0,0,0.318027124973014,218.66632383293472,50,28000,,,,,0.057024406867801546,0.36850712802654806,0.0,0,2318338374,
560,0.07507504839572607,0.003229690548031023,0.0183958988523841,-1.1983345885594399e-05,1.0,0,0.2670299590099603,218.93349687498994,50,28050,,,,,0.05683036642527499,0.37117027443967676,0.0,0,1047528366,
561,0.07506857359891243,0.0032163587301478817,0.021022511462832665,-1.5082623179915466e-05,1.0,0,0.2870612919796258,219.22063412494026,50,28100,,,,,0.05671295028604915,0.35791485509551035,0.0,0,1970317121,
562,0.07506036462855648,0.003201388536751178,0.019378424219241918,-1.3640281520634639e-05,1.0,0,0.26400108402594924,219.48478220799007,50,28150,,,,,0.05658081421074796,0.38959658670165004,0.0,0,2295461757,
563,0.07505299924778433,0.003133605686006825,0.020944180166110056,-1.4749598269048938e-05,1.0,0,0.2879909158218652,219.77284570783377,50,28200,,,,,0.05597861811448033,0.3676915110692485,0.0,0,2742268233,
564,0.07504501548573869,0.0031670220021324767,0.018664588361455316,-1.2762492241021672e-05,1.0,0,0.2710614169482142,220.0440502499696,50,28250,,,,,0.05627630053701537,0.3950297597835054,0.0,0,3475780366,
565,0.07503813317861556,0.0031775947074236333,0.017125784071528524,-1.066066294866004e-05,1.0,0,0.26146804192103446,220.30559895792976,50,28300,,,,,0.05637015795102612,0.3746054384669645,0.0,0,2171299177,
566,0.07503237019662684,0.0031574494918837873,0.017125791696186922,-1.1424267832207416e-05,1.0,0,0.31989570800215006,220.62563354079612,50,28350,,,,,0.05619118695920017,0.4013608712549792,0.0,0,3033625389,
567,0.07502624537439676,0.0031673701236427623,0.023961944123107152,-2.0460408770732297e-05,1.0,0,0.2582696669269353,220.88399366592057,50,28400,,,,,0.05627939341928591,0.366192494579105,0.0,0,3200984472,
568,0.07501518035421056,0.003151088943848753,0.020833373505197452,-1.5447582024479152e-05,1.0,0,0.2810685420408845,221.16520462487824,50,28450,,,,,0.05613456104619286,0.37904842890667495,0.0,0,3347527323,
569,0.07500679135623294,0.0031562983225010798,0.020853600245978737,-1.4718404496449204e-05,1.0,0,0.25939016696065664,221.42467629094608,50,28500,,,,,0.05618094269857956,0.3765869916429955,0.0,0,647146042,
570,0.07499873188087444,0.0031220181056178975,0.018720907943372358,-1.2044042165019659e-05,1.0,0,0.28565750014968216,221.71047795796767,50,28550,,,,,0.05587502219791861,0.3673146841505351,0.0,0,263813091,
571,0.07499216846679604,0.0031033442083769187,0.018027609951598238,-1.1457700574067275e-05,1.0,0,0.2613634578883648,221.97198695782572,50,28600,,,,,0.055707667411020886,0.37879301133461246,0.0,0,578238039,
572,0.07498594943810936,0.0031102254079791464,0.01852448655946418,-1.2520445682111678e-05,1.0,0,0.2881303750909865,222.26026299991645,50,28650,,,,,0.055769394904186885,0.37630304641391604,0.0,0,1594800248,
573,0.07497918021565735,0.003067104413225534,0.020328094366020285,-1.4998000519963647e-05,1.0,0,0.3176683750934899,222.57801158283837,50,28700,,,,,0.05538144466538891,0.37497507852453693,0.0,0,163420199,
574,0.0749711055784563,0.00304567695749138,0.019809004791302945,-1.3651116241308973e-05,1.0,0,0.257717875065282,222.8358236658387,50,28750,,,,,0.05518765221941752,0.3716531482243632,0.0,0,1625192156,
575,0.07496373095385801,0.0030241683156370376,0.014969918610498277,-7.992782913677765e-06,1.0,0,0.2828348749317229,223.11873624986038,50,28800,,,,,0.05499243871330892,0.3687996530579865,0.0,0,767419560,
576,0.07495942020156895,0.0029967166235491385,0.015430928252803398,-8.803090945833558e-06,1.0,0,0.28155045909807086,223.4003639158327,50,28850,,,,,0.05474227455585983,0.37398101422699004,0.0,0,3103708880,
577,0.07495469245173728,0.002991078468931626,0.016822753358393037,-1.0310669613894096e-05,1.0,0,0.2808784591034055,223.68138324981555,50,28900,,,,,0.054690753047765085,0.3674610263520059,0.0,0,2619554076,
578,0.07494913069420121,0.0029788592301850814,0.022586204933504325,-1.698218936916562e-05,1.0,0,0.2785770839545876,223.96010687481612,50,28950,,,,,0.054578926612613786,0.37532878895079896,0.0,0,2601779021,
579,0.0749399085710602,0.002981779500951206,0.023147668755050043,-1.873419393792054e-05,1.0,0,0.266626083990559,224.22687820787542,50,29000,,,,,0.05460567279094001,0.36343893322380294,0.0,0,3852571556,
580,0.07492979877384058,0.0029560004374816714,0.019308399276316317,-1.2601780228246033e-05,1.0,0,0.27726325020194054,224.50427587493323,50,29050,,,,,0.054369112899528456,0.36884890310780494,0.0,0,3299168334,
581,0.07492297835279473,0.002936490507903464,0.018523089568727648,-1.2423326809755227e-05,1.0,0,0.28223362495191395,224.78659545793198,50,29100,,,,,0.05418939479181756,0.38265173388806456,0.0,0,1995009328,
582,0.07491631002290065,0.002916704481135653,0.01978702204884939,-1.3429282337506989e-05,1.0,0,0.2661511250771582,225.05288687488064,50,29150,,,,,0.054006522579551935,0.3973178820554147,0.0,0,2185193031,
583,0.07490907728439465,0.002905611677801946,0.017019450533289675,-1.000481697969239e-05,1.0,0,0.26549933291971684,225.31846433295868,50,29200,,,,,0.05390372601037841,0.3664610669847577,0.0,0,3267876607,
584,0.07490365835913482,0.002890522050329126,0.014436554864054771,-7.387607077933448e-06,1.0,0,0.27501637511886656,225.5935494999867,50,29250,,,,,0.053763575497999816,0.36211251105396,0.0,0,1342523031,
585,0.07489966886785285,0.002878596778146337,0.017868870544963406,-1.1798044172454709e-05,1.0,0,0.27012929087504745,225.86376029090025,50,29300,,,,,0.05365255611940905,0.39785049003464523,0.0,0,3144584295,
586,0.07489331388635453,0.0028706561960000695,0.01791402566692358,-1.0587163812917816e-05,1.0,0,0.2812290422152728,226.1450633329805,50,29350,,,,,0.05357850498100959,0.36819629373959845,0.0,0,2265289569,
587,0.07488759103878659,0.002862002355992558,0.018536034003804318,-1.1619131380135298e-05,1.0,0,0.27264304202981293,226.41783929080702,50,29400,,,,,0.05349768551996019,0.36175250197193,0.0,0,1686203272,
588,0.07488127918111048,0.002851615951006632,0.017533346016162413,-1.1059030174550291e-05,1.0,0,0.2713355841115117,226.68925179098733,50,29450,,,,,0.053400523883260095,0.3632291141975699,0.0,0,1347374082,
589,0.07487530513165713,0.002842739831833838,0.01816378658691473,-1.1629977264801337e-05,1.0,0,0.3179407501593232,227.00732687488198,50,29500,,,,,0.05331735019516478,0.37471773568930505,0.0,0,2512158044,
590,0.07486900874137054,0.0028490636997426555,0.01790236795323821,-1.0760120168021935e-05,1.0,0,0.26715579186566174,227.2748646659311,50,29550,,,,,0.05337662128444114,0.3801812071200983,0.0,0,280464315,
591,0.07486319329200308,0.0028303331547005076,0.018935551066216364,-1.1585641370146153e-05,1.0,0,0.3194572499487549,227.5943904579617,50,29600,,,,,0.05320087550689845,0.37927916413208207,0.0,0,2924180394,
592,0.07485692310058187,0.002822045801584273,0.01823387680094824,-1.1561625598543264e-05,1.0,0,0.26182295801118016,227.8562854998745,50,29650,,,,,0.05312293103344612,0.3730595525035699,0.0,0,3416517376,
593,0.07485067281163942,0.0028167370803373246,0.01533291200203941,-8.148064313669632e-06,1.0,0,0.2732729578856379,228.12963487487286,50,29700,,,,,0.05307294113140259,0.36848729337021585,0.0,0,271369890,
594,0.07484628426642381,0.0028250913988853445,0.01491078471187729,-7.73795516931997e-06,1.0,0,0.2758474168367684,228.4055535409134,50,29750,,,,,0.05315158886510679,0.37476555306424836,0.0,0,3305940182,
595,0.07484207235533194,0.0028382018282841486,0.018432708392278462,-1.1706269162626697e-05,1.0,0,0.2648641658015549,228.67049587494694,50,29800,,,,,0.053274776661044285,0.366542983254643,0.0,0,2846539455,
596,0.07483574210724307,0.002800677300441551,0.01923272314711277,-1.3408481426554759e-05,1.0,0,0.26290966710075736,228.9335253748577,50,29850,,,,,0.05292142572192808,0.38040752624887036,0.0,0,388254655,
597,0.07482852012143067,0.002780159787155324,0.017402549898287347,-1.0415830512949536e-05,1.0,0,0.31169925001449883,229.24536816589534,50,29900,,,,,0.05272722055215241,0.3722821068239634,0.0,0,496949040,
598,0.07482291041188498,0.002722996693425314,0.016885479685146473,-9.830300917766703e-06,1.0,0,0.2832513749599457,229.52869358286262,50,29950,,,,,0.05218234081971902,0.38760253484542173,0.0,0,4236155650,
599,0.0748176099588335,0.0027134623158346087,0.01656119239501805,-9.82112786249977e-06,1.0,0,0.27888912498019636,229.80772266583517,50,30000,,,,,0.05209090434840433,0.3724652569689971,0.0,0,1869812428,
600,0.07481233935756174,0.0026838000339585956,0.02036723981042304,-1.3668278686078204e-05,1.0,0,0.2749097920022905,230.08277924987487,50,30050,,,,,0.05180540545115534,0.3699815707834359,0.0,0,3077303565,
601,0.07480494224097145,0.0026474837416162783,0.013694405933724134,-6.886311847478415e-06,1.0,0,0.25293108308687806,230.335848540999,50,30100,,,,,0.051453704838585516,0.3596172617374317,0.0,0,2100620246,
602,0.07480125743836533,0.0026306042623475937,0.014677406100538515,-7.509121765644916e-06,1.0,0,0.27347670891322196,230.60941204079427,50,30150,,,,,0.05128941666998752,0.37328501779440926,0.0,0,2147960865,
603,0.07479722057755564,0.002607779010319491,0.016702546806065834,-9.191688855427934e-06,1.0,0,0.3534451660234481,230.96299845795147,50,30200,,,,,0.05106641763742089,0.3646490615937653,0.0,0,4257397694,
604,0.07479224329152265,0.0026112517949728365,0.015857429893638197,-8.720458049193804e-06,1.0,0,0.3570630829781294,231.3202225829009,50,30250,,,,,0.05110040895113107,0.3713540956204203,0.0,0,2420438501,
605,0.0747875442083503,0.0026038218406096245,0.017972840646485865,-1.1064098780521585e-05,1.0,0,0.2698365000542253,231.5901410409715,50,30300,,,,,0.05102765760457386,0.3605154894811368,0.0,0,177766840,
606,0.07478156614857412,0.0025900142066213,0.015513424336444325,-8.068224908023547e-06,1.0,0,0.2747926670126617,231.86506508290768,50,30350,,,,,0.05089218217586371,0.37256702452550955,0.0,0,3115970763,
607,0.07477720729531276,0.0025591381672264765,0.01614535629346657,-9.321098041635399e-06,1.0,0,0.2726732501760125,232.13788708299398,50,30400,,,,,0.0505879251128812,0.3675233110031705,0.0,0,1784398785,
608,0.07477221411306713,0.002534173857221635,0.017633925537150895,-1.0810751133329567e-05,1.0,0,0.26115470891818404,232.39918720792048,50,30450,,,,,0.05034057863415591,0.3570251021705838,0.0,0,3624531823,
609,0.07476637925810456,0.0025134666627972635,0.017076492912579955,-9.51798461949764e-06,1.0,0,0.309261417016387,232.70853029098362,50,30500,,,,,0.05013448576376608,0.38594532745458004,0.0,0,2350908176,
610,0.07476121722795012,0.0025313683931104092,0.017469720696891258,-1.0761544755222323e-05,1.0,0,0.27445616689510643,232.9830691658426,50,30550,,,,,0.050312706080178286,0.3648261197559139,0.0,0,1433202542,
611,0.07475545915454786,0.0025037296478287686,0.014156844248620704,-7.152533835087912e-06,1.0,0,0.32620479189790785,233.30942012486048,50,30600,,,,,0.05003728257838118,0.37193318402404824,0.0,0,3434954038,
612,0.07475162742042268,0.0024885769563525624,0.017828513293209954,-1.0477257900014122e-05,1.0,0,0.28151624999009073,233.59137712488882,50,30650,,,,,0.0498856387786361,0.3502692492950426,0.0,0,2284623035,
613,0.07474598611092109,0.002488583390578137,0.01714455105094285,-9.545603926009026e-06,1.0,0,0.2588897498790175,233.8504063328728,50,30700,,,,,0.04988570326835272,0.36112088269239234,0.0,0,4219555439,
614,0.07474087138318239,0.002471005607382419,0.015552465916824501,-8.255007534724748e-06,1.0,0,0.2676052909810096,234.11809333297424,50,30750,,,,,0.04970921048842376,0.3695157143525819,0.0,0,1061193690,
615,0.07473642673981615,0.0024851397945052957,0.014626601102435919,-7.763861722273322e-06,1.0,0,0.29928195802494884,234.41745637496933,50,30800,,,,,0.04985117646059414,0.36708960208533503,0.0,0,2396689946,
616,0.07473228012654093,0.002452446940257823,0.015080691979347726,-7.78763429503648e-06,1.0,0,0.26582641690038145,234.68336387490854,50,30850,,,,,0.04952218634367654,0.344209345075842,0.0,0,3892047145,
617,0.07472807996870387,0.002435323574363479,0.016187982076852837,-9.09861007568416e-06,1.0,0,0.2746944590471685,234.95820449991152,50,30900,,,,,0.0493489977037374,0.3666628822023741,0.0,0,2492297950,
618,0.07472319804903349,0.002412210483957956,0.013827221021818657,-6.5735759891730294e-06,1.0,0,0.3086437080055475,235.26692758291028,50,30950,,,,,0.04911425947683581,0.36011844373890783,0.0,0,2690989103,
619,0.07471965279186372,0.002385602696579464,0.01395614810627882,-7.339927721687501e-06,1.0,0,0.2722159998957068,235.5392875408288,50,31000,,,,,0.04884263195794698,0.3949587788062111,0.0,0,3375024477,
620,0.07471572182495019,0.0023486052846210183,0.012566919122287442,-5.303092033940151e-06,1.0,0,0.26115795806981623,235.80051395785995,50,31050,,,,,0.04846241104836839,0.3733937204875965,0.0,0,408489429,
621,0.07471288648642233,0.002332611912109143,0.012519993719682246,-5.537290007001862e-06,1.0,0,0.31459866603836417,236.11525591579266,50,31100,,,,,0.048297121157571524,0.36833353105778444,0.0,0,991482247,
622,0.07470989516557923,0.002327554569275433,0.014340051032341056,-7.01130234704379e-06,1.0,0,0.41097004199400544,236.52629912481643,50,31150,,,,,0.04824473618204823,0.3693926013520771,0.0,0,1972255311,
623,0.0747061087640816,0.0023358475909294454,0.013136945441703761,-5.869716473277941e-06,1.0,0,0.2916798749938607,236.81812245794572,50,31200,,,,,0.048330607185606986,0.37173792886304113,0.0,0,2534976072,
624,0.0747029716632299,0.002329065762887077,0.01434828343765489,-6.6594598793548545e-06,1.0,0,0.28607179084792733,237.10427541588433,50,31250,,,,,0.04826039538676695,0.3738697640123374,0.0,0,2744043332,
625,0.07469939476569208,0.002324718837697308,0.012818279359562302,-5.674794614821959e-06,1.0,0,0.30723954108543694,237.4116642079316,50,31300,,,,,0.04821533819955335,0.3653951680762686,0.0,0,1578371287,
626,0.07469636554054704,0.0023082933764378803,0.013514002222530502,-6.363805729831932e-06,1.0,0,0.35925604216754436,237.77106612501666,50,31350,,,,,0.048044701856061925,0.36608391776818966,0.0,0,2202251198,
627,0.07469296317014279,0.0022907450049279346,0.013857892867505472,-6.446606338357689e-06,1.0,0,0.2694841658230871,238.04062979086302,50,31400,,,,,0.04786172797682857,0.38032335945370427,0.0,0,4099908477,
628,0.07468951224457121,0.0022920585354273917,0.014490842189247895,-7.0037466722967e-06,1.0,0,0.33608504198491573,238.37679979088716,50,31450,,,,,0.047875448148580205,0.3637348072816444,0.0,0,773753038,
629,0.07468572999905929,0.002275121133659187,0.016944120965475293,-9.514059670917981e-06,1.0,0,0.2885580000001937,238.66543699987233,50,31500,,,,,0.04769822987972601,0.3628998979765512,0.0,0,3518818266,
630,0.07468061380719636,0.002290491326853356,0.015387157634095455,-8.420875774398113e-06,1.0,0,0.2829301250167191,238.94852320780046,50,31550,,,,,0.04785907778941583,0.37071457673131797,0.0,0,1009276930,
631,0.07467611700191598,0.002278861280757697,0.013447656431083957,-6.001867422018751e-06,1.0,0,0.3225040838588029,239.2712147908751,50,31600,,,,,0.04773742013093813,0.3627230308217134,0.0,0,4045840909,
632,0.07467288557497315,0.002311648968048074,0.0176836796844715,-1.0182206543745272e-05,1.0,0,0.47584720817394555,239.74720974988304,50,31650,,,,,0.04807961073103727,0.3698763117637613,0.0,0,1757883616,
633,0.07466737176061448,0.0022711653146122047,0.015112566075718776,-7.652466534958654e-06,1.0,0,0.3037784160114825,240.05112470779568,50,31700,,,,,0.04765674469172443,0.383164729137982,0.0,0,2862352391,
634,0.07466327468302061,0.002271156942363281,0.011293113824583454,-4.59135484380046e-06,1.0,0,0.29820966604165733,240.34942466579378,50,31750,,,,,0.04765665685256658,0.35890658067827463,0.0,0,2487386200,
635,0.07466081626176047,0.0022439283361299503,0.014395522111513724,-7.2675215355999265e-06,1.0,0,0.2777782080229372,240.6273478330113,50,31800,,,,,0.04737012071052754,0.3774385400918013,0.0,0,44349913,
636,0.07465692522661058,0.0022233002781672857,0.01429713574157517,-6.748314878169358e-06,1.0,0,0.26713162497617304,240.89456366584636,50,31850,,,,,0.047151885202686074,0.3608878150628866,0.0,0,1985807654,
637,0.07465328305030552,0.0022266870725595952,0.013413693541981865,-6.027269487412771e-06,1.0,0,0.29941283306106925,241.19411816587672,50,31900,,,,,0.047187785205067584,0.3499398407423072,0.0,0,1107461426,
638,0.07465004378132331,0.0022236700727697976,0.014766738274088552,-7.213055334977184e-06,1.0,0,0.45667037507519126,241.6508674158249,50,31950,,,,,0.04715580635266242,0.37643526917243786,0.0,0,248078279,
639,0.07464619711929837,0.002223840042503136,0.01594896271256317,-8.380342898448211e-06,1.0,0,0.28207849990576506,241.9330783749465,50,32000,,,,,0.04715760853248536,0.3790289122260684,0.0,0,236529925,
640,0.07464168846134275,0.0022101903442089837,0.014618105291282338,-6.9837556122125505e-06,1.0,0,0.41732362494803965,242.35053458297625,50,32050,,,,,0.04701266153079385,0.38096801482677584,0.0,0,3481346406,
641,0.0746379440681942,0.0021954298418633477,0.011933604574733326,-4.773424450598733e-06,1.0,0,0.375904583837837,242.72652816586196,50,32100,,,,,0.04685541422144668,0.34427715534096287,0.0,0,1297952743,
642,0.07463537283842009,0.0021819490145287,0.013765418732153709,-6.128777160868973e-06,1.0,0,0.3214332088828087,243.0480417078361,50,32150,,,,,0.04671133710919331,0.365930098414335,0.0,0,4155587669,
643,0.07463209276757629,0.002155433797952566,0.014894628381109344,-7.556562838108803e-06,1.0,0,0.45379512500949204,243.50191770796664,50,32200,,,,,0.04642664965246325,0.3821482188752863,0.0,0,804919269,
644,0.07462804531056086,0.002134435568798339,0.011398933623251546,-4.571288471737949e-06,1.0,0,0.3510385421104729,243.85309587488882,50,32250,,,,,0.04619995204324717,0.35997871543125076,0.0,0,2055469720,
645,0.07462559748041733,0.0021409385693659604,0.013998056364908012,-6.489809181277478e-06,1.0,0,0.27469029114581645,244.12787233293056,50,32300,,,,,0.046270277385876565,0.36666093320283666,0.0,0,293849503,
646,0.0746221298661806,0.0021289690819923947,0.013114739844192806,-5.986242472264884e-06,1.0,0,0.3455641670152545,244.47357858298346,50,32350,,,,,0.04614075294132503,0.3393831314782074,0.0,0,2789477911,
647,0.0746189262546907,0.0021310343157524667,0.014465582327926482,-7.164756153852666e-06,1.0,0,0.27693641604855657,244.750660790829,50,32400,,,,,0.046163127231075525,0.38159745087550123,0.0,0,3811849493,
648,0.07461508989172935,0.0021218394680238084,0.016442990177161453,-9.004704136033286e-06,1.0,0,0.26306554209440947,245.01385366590694,50,32450,,,,,0.04606342874801884,0.362110279812906,0.0,0,2987680830,
649,0.07461024351036236,0.0021156840748381713,0.011614608039283561,-4.711394695944301e-06,1.0,0,0.26741683413274586,245.28135783295147,50,32500,,,,,0.04599656590266464,0.3649823814561726,0.0,0,4048490061,
650,0.07460771697188515,0.002126227913877092,0.013571383262100091,-6.26965016233771e-06,1.0,0,0.2756165841128677,245.55711620789953,50,32550,,,,,0.04611103895898565,0.36892483844067403,0.0,0,292035201,
651,0.07460436167720602,0.0021473423658985246,0.013814027594458074,-6.276954477210756e-06,1.0,0,0.2673678749706596,245.82457070797682,50,32600,,,,,0.04633942561036471,0.36009563578227805,0.0,0,52679083,
652,0.07460099346441754,0.002139311986682216,0.013404449243073466,-5.797066177306569e-06,1.0,0,0.2617364579346031,246.08639295795,50,32650,,,,,0.046252697074681125,0.36060727284144667,0.0,0,2189262688,
653,0.07459787688975122,0.0021132319336441365,0.012852301312431041,-5.69804666843715e-06,1.0,0,0.42971158400177956,246.51619254099205,50,32700,,,,,0.04596990247590413,0.3654717677228204,0.0,0,2989140211,
654,0.07459482754972133,0.0020852076591417854,0.014619120602876429,-7.445878198006253e-06,1.0,0,0.31451845820993185,246.8316126659047,50,32750,,,,,0.04566407405326189,0.36839646470192794,0.0,0,2679921799,
655,0.07459085091267459,0.002080994514943282,0.013099117862017144,-5.667331607907772e-06,1.0,0,0.6817895409185439,247.51348808291368,50,32800,,,,,0.04561791879232636,0.35472523789965077,0.0,0,1534793112,
656,0.07458780789087671,0.0020703025533044873,0.014053493359328869,-6.724777977257247e-06,1.0,0,0.6002889170777053,248.11393424985,50,32850,,,,,0.04550057750517555,0.34907280657203843,0.0,0,3823996432,
657,0.07458422468143797,0.0020735344489844518,0.014120835543639451,-6.602195205609492e-06,1.0,0,0.34921116614714265,248.46323012490757,50,32900,,,,,0.04553607854201382,0.3733870352337687,0.0,0,477848876,
658,0.07458067376666205,0.002048338844199434,0.012319813246786493,-5.274606308873345e-06,1.0,0,0.34628708311356604,248.80964620783925,50,32950,,,,,0.0452585775759627,0.3635062470505417,0.0,0,1560734878,
659,0.07457784862618061,0.002020279370245536,0.013968747609995792,-6.484937791843489e-06,1.0,0,0.3528731248807162,249.16265229089186,50,33000,,,,,0.044947517954226746,0.3682946343042732,0.0,0,278087522,
660,0.07457437461549482,0.0020319592889710995,0.01209024936854811,-4.880041204497956e-06,1.0,0,0.6290482920594513,249.79179116594605,50,33050,,,,,0.04507725911112054,0.3414836584047727,0.0,0,3540352335,
661,0.07457175804272913,0.0020455480015000842,0.010640925544910142,-3.989722547861735e-06,1.0,0,0.896548958029598,250.68843266600743,50,33100,,,,,0.045227734870321376,0.3661375178207479,0.0,0,562091448,
662,0.07456962987348437,0.002045385818808492,0.017776465531012815,-1.0339264459563491e-05,1.0,0,0.38282025000080466,251.071381540969,50,33150,,,,,0.045225941878621966,0.3499288196356994,0.0,0,3799168018,
663,0.07456410088050569,0.002025676432256277,0.011321132679266542,-4.360841176850622e-06,1.0,0,0.3243409169372171,251.3958150409162,50,33200,,,,,0.0450075152864083,0.366039450141304,0.0,0,946265237,
664,0.07456174840891526,0.002004674789299189,0.011178285653218876,-4.333911039821914e-06,1.0,0,0.38528500008396804,251.78120158286765,50,33250,,,,,0.04477359477749345,0.35954684398105324,0.0,0,2343790085,
665,0.07455943884989266,0.002001231873898356,0.013206039441684324,-5.724940629201598e-06,1.0,0,0.2869821251370013,252.06837283284403,50,33300,,,,,0.04473513019874153,0.3605202442703888,0.0,0,129270804,
666,0.07455637002628382,0.0020082235474924654,0.012882489444354982,-5.673011694646629e-06,1.0,0,0.33486683294177055,252.40332479099743,50,33350,,,,,0.04481320728861599,0.3693958447262907,0.0,0,2242517275,
667,0.07455333619790497,0.0019998218253359005,0.00997254785510381,-3.3246911166136437e-06,1.0,0,0.39260754082351923,252.79601174988784,50,33400,,,,,0.04471936745232317,0.3612375613157016,0.0,0,3015287861,
668,0.07455156861882109,0.0019861899082159002,0.0136277788616423,-6.382186214448392e-06,1.0,0,0.39741462492384017,253.19351391587406,50,33450,,,,,0.04456669056835946,0.37909462613641315,0.0,0,2236952941,
669,0.07454815151533806,0.001975774055133058,0.01202815166309936,-4.887671353211944e-06,1.0,0,0.3641008751001209,253.5584752499126,50,33500,,,,,0.04444968003409089,0.3527057310660339,0.0,0,2914005331,
670,0.07454554353727853,0.0019624618950333725,0.012514627729619003,-5.2350363010106524e-06,1.0,0,0.364899167092517,253.92381170787849,50,33550,,,,,0.044299682787051334,0.3680278021070616,0.0,0,2163303665,
671,0.074542727729238,0.0019785861023059893,0.013186549230764203,-5.901246633348791e-06,1.0,0,0.4334293329156935,254.35733191599138,50,33600,,,,,0.04448130059143943,0.3472638287061187,0.0,0,86833482,
672,0.07453958052385087,0.001927569629416585,0.011609474669197114,-4.857504258592264e-06,1.0,0,0.391687290975824,254.74910708284006,50,33650,,,,,0.043904095815955314,0.36368234733445015,0.0,0,1558569478,
673,0.0745369917594081,0.0018900116376356383,0.012115368672335567,-4.9704579553095585e-06,1.0,0,0.3874346250668168,255.1366214158479,50,33700,,,,,0.04347426408388805,0.36886795741442807,0.0,0,2917904551,
674,0.0745343411431888,0.0018661115114549057,0.011372377914738545,-4.3039714880268684e-06,1.0,0,0.42116345884278417,255.55795316584408,50,33750,,,,,0.04319851283846361,0.36885142996376336,0.0,0,536783824,
675,0.07453204373527733,0.0018753787877829101,0.012135827545964505,-5.031434965788465e-06,1.0,0,0.8498399588279426,256.4078800829593,50,33800,,,,,0.04330564383291063,0.3653748253221312,0.0,0,1321568971,
676,0.07452935913911587,0.0018781609172878794,0.011618301541849473,-4.300835736273992e-06,1.0,0,0.4373899169731885,256.845443374943,50,33850,,,,,0.04333775394835177,0.36193496501887334,0.0,0,2466253667,
677,0.07452706048783334,0.001880296348163389,0.012007338658541212,-4.6853453010221395e-06,1.0,0,0.7298163748346269,257.5753433748614,50,33900,,,,,0.04336238402306069,0.3347664831760137,0.0,0,286906968,
678,0.07452456767566074,0.001862736467436045,0.013528490894885102,-5.898712289321653e-06,1.0,0,0.48568583303131163,258.0611126248259,50,33950,,,,,0.043159430805283394,0.36662507196916705,0.0,0,2015912887,
679,0.074521424030559,0.0018498267787736941,0.012599773240759556,-5.042498134343763e-06,1.0,0,0.35902770911343396,258.4202813329175,50,34000,,,,,0.04300961263222088,0.3674888455024195,0.0,0,2953209545,
680,0.07451871775984986,0.0018326129831312931,0.010951364309017119,-3.871278203001674e-06,1.0,0,0.3284832499921322,258.7488509158138,50,34050,,,,,0.042809029224350474,0.3489192024161726,0.0,0,1650800761,
681,0.07451664471416888,0.0018384142279660209,0.010680293480783582,-3.738542704048683e-06,1.0,0,0.284171124920249,259.0331669577863,50,34100,,,,,0.04287673294417406,0.35176118841888276,0.0,0,2788749661,
682,0.07451464534160018,0.0018426945066881246,0.011624842409726648,-4.4551507074315524e-06,1.0,0,0.36177604203112423,259.395030999789,50,34150,,,,,0.042926617694480945,0.3571349789260322,0.0,0,526443206,
683,0.07451225602158651,0.0018306132177255614,0.014851182881876788,-7.279850602111001e-06,1.0,0,0.34957408299669623,259.74467941583134,50,34200,,,,,0.04278566603110861,0.3590560725717975,0.0,0,1582029618,
684,0.07450837226660885,0.001812018757615374,0.010098917670986227,-3.615589020231991e-06,1.0,0,0.3303923748899251,260.0751581660006,50,34250,,,,,0.04256781363442776,0.3546986759712128,0.0,0,2935284246,
685,0.0745064481108309,0.0017999909977944098,0.01229847636830243,-4.988906848608695e-06,1.0,0,0.48567983298562467,260.5609180829488,50,34300,,,,,0.042426300779049894,0.35354683985424273,0.0,0,3705271050,
686,0.07450379622902431,0.0017785229299450746,0.013288859059972537,-5.8120253761143996e-06,1.0,0,0.298494708025828,260.85954858292826,50,34350,,,,,0.04217253762752574,0.36188170791235225,0.0,0,1314334125,
687,0.07450069817435123,0.0017900079972472532,0.013019128362244638,-5.548962241309004e-06,1.0,0,0.4597660000436008,261.3193998748902,50,34400,,,,,0.04230848611386672,0.36851756903010063,0.0,0,2074187086,
688,0.07449773718510397,0.0017716659785680074,0.011455918358181322,-4.454093891335558e-06,1.0,0,0.3639680000487715,261.6836679580156,50,34450,,,,,0.04209116271342486,0.3699293841496733,0.0,0,2017341940,
689,0.07449536082087904,0.0017521989087637484,0.01076412527543985,-3.82146955826373e-06,1.0,0,0.3209573752246797,262.0047106249258,50,34500,,,,,0.04185927506256825,0.36695812845366804,0.0,0,1513856778,
690,0.07449332233934397,0.001753110261153516,0.010332181940590813,-3.5433850564726794e-06,1.0,0,0.34223962505348027,262.3470946250018,50,34550,,,,,0.04187015955490874,0.3661692639953354,0.0,0,305542850,
691,0.07449142915000509,0.0017350388024283932,0.00938355278788008,-2.8728568799781253e-06,1.0,0,0.3103796250652522,262.65755516593345,50,34600,,,,,0.041653796974926466,0.3491151825336842,0.0,0,1958658292,
692,0.07448989603305121,0.0017391379528976024,0.014247616437728884,-6.904908540406615e-06,1.0,0,0.34109587501734495,262.9987290829886,50,34650,,,,,0.04170297295034974,0.3722071294752257,0.0,0,506296304,
693,0.07448622353090989,0.0017058730781407657,0.01165297320923248,-4.384590918012065e-06,1.0,0,0.3334733748342842,263.332285790937,50,34700,,,,,0.04130221638291056,0.3529575740754039,0.0,0,3350974900,
694,0.0744838876279402,0.0016948201260393472,0.010492108212240614,-3.675186021828262e-06,1.0,0,0.31638770806603134,263.6487555829808,50,34750,,,,,0.041168193135469856,0.3371307984831824,0.0,0,2041283954,
695,0.0744819333196288,0.0016990350467334092,0.011565968438706723,-4.400217212548881e-06,1.0,0,0.2942231670022011,263.9431211249903,50,34800,,,,,0.04121935281798356,0.3784792430068726,0.0,0,1868087155,
696,0.07447959481497309,0.0016970013566465446,0.010805283240688907,-3.791330653411366e-06,1.0,0,0.3017000409308821,264.2449041658547,50,34850,,,,,0.04119467631438005,0.3680662259326387,0.0,0,1528348202,
697,0.0744775756993879,0.0016896848235707321,0.011870273300305025,-4.666382141370338e-06,1.0,0,0.27473550010472536,264.5197119580116,50,34900,,,,,0.0411057760365953,0.35507833101400427,0.0,0,2165885576,
698,0.07447508600975469,0.0016929257853003376,0.010572282008587357,-3.743720068162049e-06,1.0,0,0.292058166814968,264.8119062909391,50,34950,,,,,0.04114517936891681,0.36022735541611617,0.0,0,3325148473,
699,0.07447309213566246,0.0016789252196102854,0.013526825473860452,-5.889386069818067e-06,1.0,0,0.2888666670769453,265.10085170785896,50,35000,,,,,0.04097468998797044,0.3576980637780205,0.0,0,3118211003,
700,0.07446995391242671,0.0016717568285491552,0.010864546551643525,-3.930072444989017e-06,1.0,0,0.9402469578199089,266.04116987483576,50,35050,,,,,0.040887123016289065,0.3649327407463179,0.0,0,2697703913,
701,0.07446785827677571,0.0016537589772659326,0.010312290249573381,-3.518293341766114e-06,1.0,0,0.38848283397965133,266.4299395829439,50,35100,,,,,0.04066643551217555,0.3546424192098928,0.0,0,941577993,
702,0.07446598725852033,0.0016608626915495584,0.010208514553101415,-3.5224396057891725e-06,1.0,0,0.45823379210196435,266.88825437496416,50,35150,,,,,0.040753683165446024,0.33892727501550207,0.0,0,2204951776,
703,0.0744641193745736,0.00166054790833229,0.011180062723711836,-4.077636220204478e-06,1.0,0,0.3948160409927368,267.28324999986216,50,35200,,,,,0.04074982096073908,0.3569860659559115,0.0,0,2775136108,
704,0.07446193880217722,0.0016629242900989378,0.011211378739447008,-4.265009682265421e-06,1.0,0,0.28248854214325547,267.5658875408117,50,35250,,,,,0.040778968722847045,0.37013819454876745,0.0,0,3952202205,
705,0.074459671665258,0.0016387468041022426,0.011865596649419781,-4.822431337039936e-06,1.0,0,0.49868741701357067,268.06471570790745,50,35300,,,,,0.040481437772172106,0.35912065597135573,0.0,0,3965484859,
706,0.0744571136905821,0.0016237607040933359,0.010903390788453825,-4.017879417928952e-06,1.0,0,0.3667136658914387,268.4315156249795,50,35350,,,,,0.04029591423573035,0.35334995126852065,0.0,0,2531141391,
707,0.07445496734731447,0.0015976061105323657,0.00946973118554453,-2.777718207639244e-06,1.0,0,0.3980661660898477,268.8296581658069,50,35400,,,,,0.03997006518048683,0.36165094141589765,0.0,0,836753116,
708,0.07445348208731584,0.0015889225298444853,0.011450964438179181,-4.377744806875436e-06,1.0,0,0.34496220806613564,269.17472433298826,50,35450,,,,,0.039861291121142645,0.3633783843628088,0.0,0,2583225782,
709,0.07445115964729959,0.0015725878214415418,0.00963350193287368,-3.0080939645405055e-06,1.0,0,0.3780636659357697,269.55293574999087,50,35500,,,,,0.039655867427677606,0.3579838931366629,0.0,0,3562938949,
710,0.07444955832580187,0.001569502344321676,0.012066505557010441,-4.5183090639560494e-06,1.0,0,0.31143504194915295,269.86445579095744,50,35550,,,,,0.039616945166452144,0.3675444692653451,0.0,0,3197771035,
711,0.07444714936718186,0.0015944442752489241,0.010208335814486227,-3.5508129255135312e-06,1.0,0,0.32171712489798665,270.1862541658338,50,35600,,,,,0.039930493050411034,0.3626819747304991,0.0,0,2952535377,
712,0.07444527036459272,0.0015838388567395612,0.009094103875515352,-2.7041804270057663e-06,1.0,0,0.3395540409255773,270.52594120800495,50,35650,,,,,0.03979747299439452,0.3712223952918043,0.0,0,2189518627,
713,0.07444383569279764,0.0015732993758210388,0.009114992633902187,-2.9123986169004603e-06,1.0,0,0.3026743750087917,270.82870049984194,50,35700,,,,,0.03966483802842309,0.3439930090876045,0.0,0,2152482826,
714,0.07444229436708769,0.001573434682066107,0.008934042949869233,-2.607287157314937e-06,1.0,0,0.30741366604343057,271.136254707817,50,35750,,,,,0.039666543611286666,0.3644988172481581,0.0,0,2520938915,
715,0.07444090651900456,0.0015506198054531014,0.013692923357408439,-5.704733091155265e-06,1.0,0,0.3565614998806268,271.4928958329838,50,35800,,,,,0.03937791012043556,0.36265572309800936,0.0,0,2749904882,
716,0.07443786595210714,0.0015653748135787025,0.0095024976875595,-3.0392496396323963e-06,1.0,0,0.3233820830937475,271.81635587499477,50,35850,,,,,0.039564817876223096,0.3595920229808058,0.0,0,3968920342,
717,0.07443626041891008,0.0015659072941630124,0.011270528338677309,-4.095192497812969e-06,1.0,0,0.41477349982596934,272.2313357498497,50,35900,,,,,0.03957154652225526,0.3682598345539462,0.0,0,1956041221,
718,0.07443407924888724,0.0015669169764446031,0.010889701912652696,-3.996286427388393e-06,1.0,0,0.34138654195703566,272.5728826248087,50,35950,,,,,0.0395843021467425,0.3495406989370904,0.0,0,513823096,
719,0.07443195683718429,0.0015661393062604697,0.010792180753513403,-3.7276341139365276e-06,1.0,0,0.3533302079886198,272.9263599580154,50,36000,,,,,0.039574477965735315,0.34951458215935793,0.0,0,3356561828,
720,0.07442996438317825,0.001559092834182244,0.011489772980451002,-4.338853880118864e-06,1.0,0,0.4859991669654846,273.4125087498687,50,36050,,,,,0.03948534961453734,0.37630609583719854,0.0,0,1506428329,
721,0.0744276562193382,0.0015389934884781663,0.010169730596733926,-3.4505880756248567e-06,1.0,0,0.4365972918458283,273.8492427498568,50,36100,,,,,0.03923000750035827,0.3564047037319582,0.0,0,4229657980,
722,0.074425817599584,0.001522817218441706,0.009607777702045246,-3.176851028691139e-06,1.0,0,0.3130830000154674,274.16245174990036,50,36150,,,,,0.03902329071774581,0.3375762341018584,0.0,0,3934177920,
723,0.0744241365557447,0.0014910202973228562,0.00976307212223725,-2.9538288776896873e-06,1.0,0,0.28124833293259144,274.44387195794843,50,36200,,,,,0.0386137319786997,0.3273267633599539,0.0,0,3256920862,
724,0.07442256152779525,0.0014819346058278708,0.010510833782608038,-3.6055025422187193e-06,1.0,0,0.2606649580411613,274.7046810828615,50,36250,,,,,0.03849590375387842,0.34386945254756274,0.0,0,2425460800,
725,0.07442064542875687,0.001471120682003048,0.009365557269390555,-2.871237148055683e-06,1.0,0,0.27051033289171755,274.9752709160093,50,36300,,,,,0.03835519106982845,0.37189703156867443,0.0,0,2192569313,
726,0.07441911840678486,0.0014580655942856644,0.009751459656329271,-3.1484439936876608e-06,1.0,0,0.26076525007374585,275.2361824158579,50,36350,,,,,0.03818462510337982,0.3517573206303311,0.0,0,3722727893,
727,0.07441744725729436,0.0014501585567746073,0.011070331399424758,-3.7920921255030116e-06,1.0,0,0.27132979198358953,275.5076573328115,50,36400,,,,,0.03808094742485548,0.36076989419953615,0.0,0,59242476,
728,0.0744154331885076,0.0014481104552282308,0.009532905167408927,-2.905473063949253e-06,1.0,0,0.2768211248330772,275.7852856249083,50,36450,,,,,0.0380540465026813,0.3697611708211206,0.0,0,3833831349,
729,0.07441389146597055,0.0014470505961674811,0.010138625993034018,-3.3468290639237038e-06,1.0,0,0.2692195838317275,276.05459095793776,50,36500,,,,,0.03804011824597133,0.35356603453206736,0.0,0,2016473186,
730,0.07441212442574283,0.001428124353370714,0.00904792843096646,-2.7595888612225316e-06,1.0,0,0.3105690840166062,276.3652380409185,50,36550,,,,,0.03779053258913817,0.3395036615574071,0.0,0,1366597251,
731,0.07441066293269132,0.0014122283115121747,0.008798867703066239,-2.6698352880062832e-06,1.0,0,0.27465241705067456,276.6399693749845,50,36600,,,,,0.03757962628223137,0.3590575420046151,0.0,0,3213058783,
732,0.0744092410340072,0.0014075502097336539,0.010248160781044374,-3.603234917351261e-06,1.0,0,0.2657436670269817,276.9057886658702,50,36650,,,,,0.037517332124414896,0.34558966536869906,0.0,0,1243770489,
733,0.07440733870901425,0.001383757715795485,0.008842824022691579,-2.5052189364126357e-06,1.0,0,0.3016776251606643,277.20753779099323,50,36700,,,,,0.03719889401306825,0.33890122286469365,0.0,0,3005922372,
734,0.07440600720199661,0.001386588420054996,0.009680838537308821,-2.8767192026282692e-06,1.0,0,0.34362683398649096,277.5512978329789,50,36750,,,,,0.03723692280593277,0.3565950146513229,0.0,0,1537165952,
735,0.07440447926850452,0.00138959880691322,0.009988698881949054,-3.1615570783231226e-06,1.0,0,0.27605070802383125,277.8274888328742,50,36800,,,,,0.03727732295797567,0.3604806827989283,0.0,0,3700416484,
736,0.07440279648361739,0.0013921767151101176,0.009604574633786112,-3.073830383405368e-06,1.0,0,0.3419722500257194,278.16954454081133,50,36850,,,,,0.03731188436825615,0.3668031190184274,0.0,0,1178700189,
737,0.0744011714532079,0.0013863611665757864,0.009889151211133894,-2.963977170620954e-06,1.0,0,0.254822124959901,278.42450537486,50,36900,,,,,0.037233871227362145,0.35573781134451354,0.0,0,1310834777,
738,0.07439959179313506,0.0013872499430767926,0.010010306711970299,-3.341826490113212e-06,1.0,0,0.278204333037138,278.70310895796865,50,36950,,,,,0.037245804368771424,0.3605277336847222,0.0,0,2310974988,
739,0.07439782880458676,0.0013743835523991786,0.008005818109057015,-2.072211346429671e-06,1.0,0,0.2668029582127929,278.9700569577981,50,37000,,,,,0.037072679325875255,0.3614721170529977,0.0,0,3056069659,
740,0.07439672975448586,0.0013633325223289623,0.00841025040591469,-2.3748393896324504e-06,1.0,0,0.27355141704902053,279.24368854099885,50,37050,,,,,0.03692333303385492,0.346159114147224,0.0,0,499098510,
741,0.07439547451079154,0.0013609606878158703,0.008640297906621498,-2.3768531323521958e-06,1.0,0,0.2769325829576701,279.5207034579944,50,37100,,,,,0.036891200682762686,0.34461270554839646,0.0,0,3706028855,
742,0.07439421533567757,0.0013595137580263296,0.009796197179008648,-3.15617610693324e-06,1.0,0,0.27706829202361405,279.7978426248301,50,37150,,,,,0.03687158469643432,0.3650675894748592,0.0,0,3373142951,
743,0.0743925433784866,0.0013435028896984585,0.007277783802544446,-1.6823898283814212e-06,1.0,0,0.2728734170086682,280.07079829089344,50,37200,,,,,0.036653825035028176,0.3521169222112818,0.0,0,3587705162,
744,0.07439165046635612,0.001337409149252202,0.008022365213177438,-2.200986803003666e-06,1.0,0,0.2733307499438524,280.3442051250022,50,37250,,,,,0.03657060498887327,0.3596304972437388,0.0,0,2701940982,
745,0.07439048308740111,0.001336025019423829,0.008977987739564808,-2.5932121913696506e-06,1.0,0,0.26291195792146027,280.6071967498865,50,37300,,,,,0.03655167601388244,0.3330220402310045,0.0,0,390857606,
746,0.07438910830731663,0.001325535074312398,0.00953381856392923,-2.8800989847663085e-06,1.0,0,0.27850741683505476,280.88577987486497,50,37350,,,,,0.03640789851546499,0.3547442307839697,0.0,0,691466490,
747,0.074387586122203,0.0013299791018728296,0.008419900166113624,-2.3115570787374307e-06,1.0,0,0.2695447909645736,281.15540074999444,50,37400,,,,,0.036468878538732576,0.356931777291402,0.0,0,2895092242,
748,0.07438636045981051,0.0013187587802526587,0.008622992566231325,-2.4336627659465725e-06,1.0,0,0.2790694579016417,281.4345405828208,50,37450,,,,,0.03631471850713783,0.35529051452321886,0.0,0,1519234234,
749,0.07438507622002064,0.0013159734860260497,0.009401404154271048,-2.852224137073417e-06,1.0,0,0.2845277499873191,281.7192022909876,50,37500,,,,,0.03627634885191796,0.36675186112692315,0.0,0,4075321248,
750,0.07438356742755389,0.0012912031581418847,0.007838502367128852,-1.889675225133916e-06,1.0,0,0.2815672908909619,282.0008530828636,50,37550,,,,,0.03593331543487025,0.36078804999684194,0.0,0,903285475,
751,0.07438256004864319,0.0012891509003945128,0.008237535634395002,-2.306882990017274e-06,1.0,0,0.27307145786471665,282.2740670409985,50,37600,,,,,0.03590474760243432,0.3612319411807795,0.0,0,3930602024,
752,0.07438134029902957,0.0012906251842150587,0.00913997489521551,-2.6614709348550896e-06,1.0,0,0.25753962504677474,282.531682041008,50,37650,,,,,0.035925272221864354,0.34721535995374264,0.0,0,2412274306,
753,0.0743799285719785,0.0012746127011645453,0.009227872526651231,-2.687784715237279e-06,1.0,0,0.2687663750257343,282.80053041595966,50,37700,,,,,0.035701718462344996,0.36995196741814973,0.0,0,2209372233,
754,0.07437849526702087,0.001249225748974317,0.007804064427815334,-1.9836378956058122e-06,1.0,0,0.26796712493523955,283.0685703328345,50,37750,,,,,0.03534438780024796,0.3477417093484221,0.0,0,3037125608,
755,0.07437744921399264,0.0012442483950607902,0.008555556710761351,-2.4088763324703862e-06,1.0,0,0.3585498339962214,283.4272678748239,50,37800,,,,,0.03527390529925472,0.36009251422612204,0.0,0,319013266,
756,0.07437617741115324,0.0012389935831075376,0.0074079877468824174,-1.6628500871984373e-06,1.0,0,0.30162383313290775,283.72896395786665,50,37850,,,,,0.03519934066296608,0.35192406219266276,0.0,0,990128315,
757,0.07437529191609164,0.0012341208506557678,0.0076256544488538455,-1.8858118611937242e-06,1.0,0,0.27515120804309845,284.004260082962,50,37900,,,,,0.03513005622904364,0.344991982897339,0.0,0,1847400070,
758,0.07437429742407425,0.0012260511708639945,0.00975005972190342,-3.0463190991303036e-06,1.0,0,0.31427741702646017,284.31868475000374,50,37950,,,,,0.03501501350655165,0.3312989434501905,0.0,0,1531820462,
759,0.07437269319526786,0.0012232030360301341,0.008980594165796234,-2.5849565260257213e-06,1.0,0,0.3324339578393847,284.6512906248681,50,38000,,,,,0.03497431966500755,0.36402179143522506,0.0,0,3154517826,
760,0.07437132963268436,0.001228219660506826,0.007967771710350732,-2.116413132764143e-06,1.0,0,0.25942679215222597,284.91084854095243,50,38050,,,,,0.0350459649675512,0.35179586729776335,0.0,0,662058325,
761,0.07437020970959024,0.0012115384462263222,0.009039281173336883,-2.6889917073877358e-06,1.0,0,0.32502879202365875,285.2360127498396,50,38100,,,,,0.034807160846962545,0.370167127514686,0.0,0,3137846722,
762,0.07436879558705847,0.0011910119533005343,0.0078105646759881265,-1.941092571701083e-06,1.0,0,0.27976504201069474,285.5158569999039,50,38150,,,,,0.03451104103472589,0.34357622772697477,0.0,0,970150755,
763,0.0743677670276337,0.0012035632304185319,0.009136147623804049,-2.8663087484747166e-06,1.0,0,0.27208270807750523,285.78808179078624,50,38200,,,,,0.03469240882986553,0.35488847892414904,0.0,0,2917523468,
764,0.07436625884358491,0.0012039521176479711,0.008107587080678208,-1.877393177962985e-06,1.0,0,0.2700826250948012,286.0582468328066,50,38250,,,,,0.034698013165712686,0.3493097807764523,0.0,0,3538186930,
765,0.07436525997798954,0.0012073404117196277,0.00713997132132946,-1.6896439595571626e-06,1.0,0,0.2687495411373675,286.32714016595855,50,38300,,,,,0.03474680433823559,0.33432348958450525,0.0,0,2766659392,
766,0.07436436961863452,0.0011932331602593136,0.007315217722365194,-1.7569924689944866e-06,1.0,0,0.27321262494660914,286.60042920778506,50,38350,,,,,0.03454320715074548,0.3549550899280465,0.0,0,568857151,
767,0.07436344398251062,0.0011938621719369948,0.007813756050218073,-1.8640791076314527e-06,1.0,0,0.27005491591989994,286.8705529998988,50,38400,,,,,0.03455231065988199,0.3584112959665141,0.0,0,2366864556,
768,0.07436245688029774,0.0011932543445588267,0.007769342571902156,-1.9046991989452104e-06,1.0,0,0.2685477500781417,287.1391839578282,50,38450,,,,,0.034543513784194374,0.3486516314396895,0.0,0,4093994468,
769,0.07436145022285387,0.0011934135074562536,0.006474334325716923,-1.4246761093539083e-06,1.0,0,0.26282320893369615,287.40208095801063,50,38500,,,,,0.03454581751031886,0.3423320800534414,0.0,0,2664976749,
770,0.07436069996216545,0.0011897154936384745,0.009169410833864189,-2.851435579441632e-06,1.0,0,0.26586229098029435,287.6680902079679,50,38550,,,,,0.034492252661119056,0.3465660423057249,0.0,0,382140681,
771,0.07435919610505393,0.0011835862676867204,0.008328713163502035,-2.1869768983682783e-06,1.0,0,0.2667571250349283,287.9349196248222,50,38600,,,,,0.03440328861732146,0.3550731110238541,0.0,0,2045284929,
772,0.0743580400910415,0.0011710275161654626,0.007785888381756976,-1.9249748790824293e-06,1.0,0,0.3571224161423743,288.2921884160023,50,38650,,,,,0.03422027931162255,0.33911230267036924,0.0,0,3775925649,
773,0.07435702114043721,0.0011561588710848037,0.00873868894024596,-2.4342743367306043e-06,1.0,0,0.2663137500640005,288.55858249985613,50,38700,,,,,0.03400233625921613,0.33386279422015486,0.0,0,152998429,
774,0.07435573824341601,0.0011504422024003593,0.007464352118205994,-1.8102712519610282e-06,1.0,0,0.2737214579246938,288.83244737493806,50,38750,,,,,0.03391816920767333,0.34265539784579935,0.0,0,3221617573,
775,0.07435478348498432,0.0011337309494620052,0.00842865457377474,-2.2702680117849135e-06,1.0,0,0.7470260830596089,289.57960549998097,50,38800,,,,,0.033670921422824254,0.3544221730782613,0.0,0,871239035,
776,0.07435358572338507,0.0011162050578287213,0.008337373824616578,-2.3513360209176607e-06,1.0,0,0.28506170795299113,289.86475479090586,50,38850,,,,,0.03340965515878189,0.3498142885714033,0.0,0,3569194493,
777,0.07435234534427067,0.0011148387354382458,0.009583840263821001,-2.723314284370451e-06,1.0,0,0.28448666678741574,290.149384832941,50,38900,,,,,0.03338920088049796,0.3590811232877986,0.0,0,1759741996,
778,0.07435090504686001,0.001106128139475969,0.007966497000951952,-2.0741328087137754e-06,1.0,0,0.30941220792010427,290.4588833749294,50,38950,,,,,0.033258504769095816,0.3475894053291499,0.0,0,2280460515,
779,0.07434981101506577,0.0010898856859613895,0.007867787520724884,-1.9994360988848993e-06,1.0,0,0.2710718750022352,290.7300971657969,50,39000,,,,,0.033013416756848865,0.36465478869623175,0.0,0,3669147020,
780,0.07434875531105531,0.001099082773360482,0.007069603664385409,-1.5576082188540382e-06,1.0,0,0.35854712477885187,291.0887804578524,50,39050,,,,,0.03315241730795029,0.34000049594923276,0.0,0,2578222413,
781,0.07434793335869024,0.001100520276276818,0.005950321406145973,-1.147286789703552e-06,1.0,0,0.2794988341629505,291.3683805409819,50,39100,,,,,0.033174090436315175,0.3367127968746115,0.0,0,3310755340,
782,0.07434733053612598,0.0011028807060159136,0.007217270858700074,-1.659473298309936e-06,1.0,0,0.2814511659089476,291.64990479080006,50,39150,,,,,0.03320964778518305,0.3523976622462955,0.0,0,2558156428,
783,0.07434645669974405,0.0011012337258283595,0.008195429565904565,-2.157330817379398e-06,1.0,0,0.3315119589678943,291.9815483749844,50,39200,,,,,0.03318484180809605,0.3376899957373554,0.0,0,2894114395,
784,0.0743453214141435,0.0010974375621881337,0.008276534205607531,-2.243959186250215e-06,1.0,0,0.2704311669804156,292.2520633749664,50,39250,,,,,0.03312759517665195,0.36074216709350976,0.0,0,743632373,
785,0.07434414071618495,0.001101336124529829,0.00759055898062121,-1.7557759820648953e-06,1.0,0,0.265772582963109,292.5179783748463,50,39300,,,,,0.0331863846257743,0.3254787386966425,0.0,0,2550991220,
786,0.07434321221725594,0.0011053673098017948,0.007229864872663037,-1.6340816684668964e-06,1.0,0,0.2646700411569327,292.7827889579348,50,39350,,,,,0.03324706467948403,0.33394574963602514,0.0,0,340674908,
787,0.07434234785970406,0.0010918582286443671,0.008428816502860509,-2.228988555537591e-06,1.0,0,0.272770042065531,293.0556444157846,50,39400,,,,,0.03304327811589473,0.3211924005486798,0.0,0,1019808937,
788,0.0743411746381403,0.001091208321099808,0.00820317319949803,-2.302157808782156e-06,1.0,0,0.36426916578784585,293.4199854999315,50,39450,,,,,0.03303344246517168,0.35153575654188035,0.0,0,2211551633,
789,0.07433996398344178,0.0010687330181449518,0.006997093915170705,-1.5777040360325142e-06,1.0,0,0.27097049984149635,293.69116958300583,50,39500,,,,,0.03269148234854075,0.3512891252851946,0.0,0,967020059,
790,0.07433913499730925,0.0010706577027628733,0.006928130810095484,-1.574643447363665e-06,1.0,0,0.2666983751114458,293.95802854094654,50,39550,,,,,0.032720906203265114,0.360651674117974,0.0,0,1096425156,
791,0.07433831051739292,0.0010587072441719824,0.007235949466455334,-1.577314337835481e-06,1.0,0,0.2840654579922557,294.242166957818,50,39600,,,,,0.03253778179550632,0.34142853022886704,0.0,0,4040490717,
792,0.0743374784039354,0.001056048820636354,0.006518693841722281,-1.3708922522066802e-06,1.0,0,0.25810708315111697,294.50034308293834,50,39650,,,,,0.03249690478547694,0.34580114981507293,0.0,0,2485883732,
793,0.07433675795544416,0.0010498514242864656,0.008410243720604001,-2.214477752028697e-06,1.0,0,0.2848207079805434,294.7852491249796,50,39700,,,,,0.03240141083790127,0.3607348377007757,0.0,0,185283860,
794,0.07433559409985344,0.0010484615406711332,0.00656775961718323,-1.3382182623140298e-06,1.0,0,0.2722191249486059,295.05755174998194,50,39750,,,,,0.032379955847269666,0.3477426655057133,0.0,0,1213495866,
795,0.074334888861768,0.0010531798604341755,0.0060951107554334085,-1.2592219063245229e-06,1.0,0,0.3066767919808626,295.36430566594936,50,39800,,,,,0.03245273271134767,0.37766260906444954,0.0,0,2257270511,
796,0.07433422946805579,0.0010371268684953184,0.008637567040782583,-2.3127966402483486e-06,1.0,0,0.2648811668623239,295.62926508300006,50,39850,,,,,0.03220445417167194,0.34316448823082524,0.0,0,1294965278,
797,0.07433300918812814,0.0010250743406694793,0.0074225741719649236,-1.7293802139217589e-06,1.0,0,0.5457187090069056,296.17505520791747,50,39900,,,,,0.032016782172315184,0.35125069194697345,0.0,0,749931540,
798,0.07433209938161812,0.0010203448821617333,0.00728788436473742,-1.645006943603841e-06,1.0,0,0.5841143750585616,296.75925362482667,50,39950,,,,,0.031942837728694884,0.33176100140523335,0.0,0,498395845,
799,0.0743312361594528,0.001012776943613147,0.007727518926107709,-1.8968143451074966e-06,1.0,0,0.834566208999604,297.59395670797676,50,40000,,,,,0.031824156604899165,0.35078465964937044,0.0,0,2392182937,
800,0.07433024022987655,0.0010082036487602506,0.007781171993740537,-1.9553102626465956e-06,1.0,0,0.3361672079190612,297.930208040867,50,40050,,,,,0.031752222737317946,0.359752515501063,0.0,0,1563775374,
801,0.07432921423855623,0.0009928857426163345,0.007062834370139398,-1.5470315593254627e-06,1.0,0,0.5165420840494335,298.4469360408839,50,40100,,,,,0.031510089536787016,0.34826425030233543,0.0,0,2552305715,
802,0.0743283992129282,0.00099127160132257,0.0066721794950606525,-1.4226873847991838e-06,1.0,0,0.4842809580732137,298.9313038329128,50,40150,,,,,0.03148446603203824,0.3534499250453127,0.0,0,3031519845,
803,0.07432765014169113,0.0009997215373036305,0.006408359997825903,-1.313508878972665e-06,1.0,0,0.3680753749795258,299.29951649997383,50,40200,,,,,0.031618373413311925,0.3371768345500438,0.0,0,1955838015,
804,0.07432696006506814,0.0009934734309376546,0.006584853948756905,-1.3748836779260954e-06,1.0,0,0.44054879201576114,299.7402489159722,50,40250,,,,,0.031519413556372756,0.34414713285394455,0.0,0,876435087,
805,0.07432623695165397,0.00098591633770593,0.007307183671323623,-1.7079973881781762e-06,1.0,0,0.5386371670756489,300.2789721658919,50,40300,,,,,0.03139930473284289,0.35303648335732773,0.0,0,2706784316,
806,0.07432533812468006,0.0009774879686757412,0.00642736998509399,-1.3839393833067022e-06,1.0,0,0.514516957802698,300.7935866659973,50,40350,,,,,0.03126480399228086,0.3409815103167749,0.0,0,3872609876,
807,0.0743246115508383,0.0009640533662158572,0.007674556816815022,-1.7799417552302996e-06,1.0,0,0.36698370799422264,301.16070974990726,50,40400,,,,,0.031049208785665652,0.34719795854732316,0.0,0,3631903535,
808,0.07432367701043548,0.0009638506585459587,0.006283797112843446,-1.2099691717596265e-06,1.0,0,0.45221775001846254,301.6130094579421,50,40450,,,,,0.031045944317188334,0.35421042779965006,0.0,0,1888641983,
809,0.07432304087868534,0.000970314400340587,0.006621459737356995,-1.3603810253306817e-06,1.0,0,0.39290762483142316,302.0060652908869,50,40500,,,,,0.031149869989144208,0.3469298581964231,0.0,0,3040421067,
810,0.074322324473427,0.0009655155969992982,0.007150676232192846,-1.5759865906911053e-06,1.0,0,0.5123515001032501,302.5185512499884,50,40550,,,,,0.03107274685313962,0.3432638894934962,0.0,0,1826749690,
811,0.07432149513759773,0.0009487472014991922,0.006839349244095763,-1.4697776703081607e-06,1.0,0,0.5441778749227524,303.06287070782855,50,40600,,,,,0.03080174023491517,0.3488648546669919,0.0,0,1686978506,
812,0.0743207244267246,0.0009509159099675068,0.007009014291699949,-1.5643869520844266e-06,1.0,0,1.3049480828922242,304.36797029082663,50,40650,,,,,0.03083692445701268,0.3359685131461136,0.0,0,1684878909,
813,0.07431989713342661,0.0009497254996242432,0.006594359721190282,-1.3982845019432578e-06,1.0,0,0.5705255412030965,304.9386365409009,50,40700,,,,,0.030817616709022833,0.3449928481086521,0.0,0,4143413546,
814,0.07431916014755899,0.0009528820481518693,0.006945349359244679,-1.4014779582510336e-06,1.0,0,0.38367195799946785,305.3227724158205,50,40750,,,,,0.030868787604178258,0.3475208786778759,0.0,0,3977732795,
815,0.07431842027921648,0.0009504424621284005,0.008595931927166177,-2.2485018240404793e-06,1.0,0,0.3760184161365032,305.6989353329409,50,40800,,,,,0.030829246862815192,0.3363348154487018,0.0,0,1718518333,
816,0.07431723418236491,0.0009449142891603654,0.005623697759634057,-1.0306272690535006e-06,1.0,0,0.3616611671168357,306.06068416591734,50,40850,,,,,0.03073945817935582,0.3405926646748775,0.0,0,2799929765,
817,0.07431669301803186,0.0009478355934412319,0.0068484060795913435,-1.428838907046586e-06,1.0,0,0.3684213331434876,306.4292447499465,50,40900,,,,,0.030786938682519766,0.3397435639883613,0.0,0,2292302325,
818,0.07431594357914247,0.0009387482931328868,0.007356236576595402,-1.6967562327969973e-06,1.0,0,0.27026058407500386,306.6995958329644,50,40950,,,,,0.03063899954523461,0.33539073430986976,0.0,0,2473820973,
819,0.07431505150321538,0.0009118067199890566,0.006463607059344836,-1.2915830144325112e-06,1.0,0,0.2760271669831127,306.9757637497969,50,41000,,,,,0.03019613750116158,0.35893573505167004,0.0,0,733269104,
820,0.07431437173340796,0.0009058615517765623,0.005898936645903589,-1.068343743816648e-06,1.0,0,0.3535896660760045,307.32989158295095,50,41050,,,,,0.030097533981649764,0.3360538124582822,0.0,0,1724810916,
821,0.07431381106517315,0.0009057648242996213,0.006957266797963161,-1.5528596948027108e-06,1.0,0,0.3273203750140965,307.657291874988,50,41100,,,,,0.030095927038382143,0.3485846386381958,0.0,0,3545309833,
822,0.07431299588049944,0.0009035325380004152,0.006416201864452169,-1.3050034270841991e-06,1.0,0,0.33716245903633535,307.99459666595794,50,41150,,,,,0.030058817974105624,0.33234662727854963,0.0,0,4117006572,
823,0.07431231291257769,0.0008922304098006572,0.006354339536800726,-1.3229049222352993e-06,1.0,0,0.3042364588472992,308.29897854081355,50,41200,,,,,0.02987022614244253,0.3474508571960029,0.0,0,1880273957,
824,0.0743116177426826,0.0008803842716073103,0.006093941125145431,-1.150354554912955e-06,1.0,0,0.3293411659542471,308.62840024987236,50,41250,,,,,0.02967127013808661,0.32897344991266375,0.0,0,3513524642,
825,0.07431101369942797,0.0008723516431535815,0.005379553188215238,-8.875094822722588e-07,1.0,0,0.2712666660081595,308.89980870787986,50,41300,,,,,0.029535599590216236,0.3416789401475917,0.0,0,166325473,
826,0.07431054800049591,0.0008635022459647391,0.007130322116872963,-1.559567884741674e-06,1.0,0,0.26969920890405774,309.1696512908675,50,41350,,,,,0.02938540872550081,0.32944267559134366,0.0,0,3939229300,
827,0.07430973034343943,0.0008479051537455645,0.0059259027289460696,-1.0406032861064976e-06,1.0,0,0.3925049160607159,309.56223929091357,50,41400,,,,,0.029118810994708637,0.34661509266103213,0.0,0,887597751,
828,0.07430918189143013,0.0008511665586792303,0.0056583275355466525,-9.86373135417027e-07,1.0,0,0.34568300005048513,309.9080132499803,50,41450,,,,,0.029174758930953143,0.346555013023404,0.0,0,3554633286,
829,0.07430866479266027,0.0008450778659933213,0.005543500312661032,-9.876570638506524e-07,1.0,0,0.28855416690930724,310.19665508298203,50,41500,,,,,0.029070223012445592,0.33465551949481853,0.0,0,1691676699,
830,0.0743081467765817,0.0008470523761428623,0.005944343572927447,-1.0623864984962374e-06,1.0,0,0.32779833395034075,310.5246007498354,50,41550,,,,,0.02910416424058355,0.34245700904267123,0.0,0,1301529404,
831,0.0743075890109059,0.0008472946914452205,0.005497197084681263,-9.312526747222985e-07,1.0,0,0.2558082090690732,310.7805518328678,50,41600,,,,,0.029108326840359966,0.3543070192506932,0.0,0,3454210449,
832,0.07430710045026953,0.0008444505834180283,0.0061110439151873,-1.142066208515907e-06,1.0,0,0.26997429179027677,311.05061020795256,50,41650,,,,,0.029059431918363927,0.3478632222372278,0.0,0,3599788407,
833,0.07430650125827068,0.0008246809140150835,0.005290785817716813,-8.811436362709918e-07,1.0,0,0.25889754109084606,311.30959033290856,50,41700,,,,,0.028717258121469108,0.33239030679777626,0.0,0,509088232,
834,0.07430604021525809,0.0008210733143136051,0.006354614264370759,-1.2694664918541395e-06,1.0,0,0.277194167021662,311.58691924996674,50,41750,,,,,0.02865437687882263,0.34783034578870126,0.0,0,2309411187,
835,0.07430537528991588,0.0008175241134390025,0.00609427874489313,-1.1461583474312983e-06,1.0,0,0.2729090000502765,311.85991429095156,50,41800,,,,,0.028592378590089396,0.32466457531850573,0.0,0,3062105407,
836,0.07430477395268315,0.0008112348248207497,0.005009471690603149,-8.209500973439615e-07,1.0,0,0.2902798750437796,312.15027254098095,50,41850,,,,,0.028482184340755005,0.3475432214274932,0.0,0,2083115649,
837,0.0743043459791641,0.0008079964260784208,0.005547211741594297,-9.682958046333066e-07,1.0,0,0.26862791716121137,312.41903204098344,50,41900,,,,,0.02842527794197307,0.3316104567984983,0.0,0,3495601348,
838,0.07430383987038919,0.000809969663601066,0.005725237667866932,-1.0854271217951277e-06,1.0,0,0.2717418340034783,312.6908514578827,50,41950,,,,,0.028459965980321657,0.3345778911052642,0.0,0,2742981327,
839,0.07430327157663127,0.0008042991527822138,0.005148246660878064,-7.880161103592562e-07,1.0,0,0.27638783399015665,312.96738354093395,50,42000,,,,,0.028360168419496627,0.3525554357752311,0.0,0,2014691307,
840,0.0743028591442903,0.0007992687527166851,0.0064322323918098705,-1.210464727875305e-06,1.0,0,0.2872414579614997,313.25471391598694,50,42050,,,,,0.028271341544339298,0.3517980737478441,0.0,0,3740754850,
841,0.07430222248103432,0.0008070443841042944,0.005901937388520368,-1.0801774867665245e-06,1.0,0,0.33161620795726776,313.5864114158321,50,42100,,,,,0.02840852660917659,0.33942196031535293,0.0,0,1428127297,
842,0.07430165539341191,0.0007987188096834443,0.006546986648420366,-1.3340616107094167e-06,1.0,0,0.3265621669124812,313.9131156660151,50,42150,,,,,0.028261613713364712,0.346428309215243,0.0,0,134621773,
843,0.0743009563305489,0.0007998951593769392,0.004696550003351733,-6.778553988718306e-07,1.0,0,0.6154206658247858,314.52890170784667,50,42200,,,,,0.028282417848849824,0.3489587571976377,0.0,0,2620341572,
844,0.07430060046600073,0.0007883581343437611,0.005543385519580824,-9.037837667398997e-07,1.0,0,0.30407837498933077,314.8331271659117,50,42250,,,,,0.028077715974483414,0.33485448685163266,0.0,0,4287783511,
845,0.07430012553105565,0.000786413164874595,0.005576531218836285,-9.54268927562888e-07,1.0,0,0.3354181668255478,315.1686907908879,50,42300,,,,,0.028043059121190667,0.3545012290303376,0.0,0,1571413258,
846,0.07429962553779085,0.0007884171348381656,0.006216926708783896,-1.2076839704722643e-06,1.0,0,0.32383354217745364,315.49265541578643,50,42350,,,,,0.02807876661889132,0.35169991040761023,0.0,0,1311324317,
847,0.07429899288288187,0.0007826237008518857,0.004381569419839601,-5.887533756843245e-07,1.0,0,0.27064025006257,315.76337945787236,50,42400,,,,,0.027975412433990775,0.3377385770580554,0.0,0,72026051,
848,0.07429868406036466,0.0007795975163845013,0.0054719919707028825,-9.517836923941904e-07,1.0,0,0.2714015410747379,316.0348551659845,50,42450,,,,,0.027921273545175214,0.35267662110201436,0.0,0,33519143,
849,0.07429818475714291,0.0007707444574043617,0.0056649909890905395,-9.692077527302908e-07,1.0,0,0.5808848331216723,316.61582708288915,50,42500,,,,,0.027762284801585796,0.34723590390901904,0.0,0,2377510483,
850,0.0742976760996717,0.0007661585073875648,0.005255673262042374,-8.338736779967017e-07,1.0,0,0.8259320841170847,317.4419024158269,50,42550,,,,,0.02767956841042802,0.3384244829219664,0.0,0,2614615278,
851,0.07429723896543786,0.0007634331537058807,0.004764850142234941,-7.328695028014532e-07,1.0,0,0.5957055001053959,318.03774683293886,50,42600,,,,,0.027630294129919804,0.3399751356558241,0.0,0,3990365753,
852,0.0742968569039196,0.0007620786765873739,0.0041521954345899005,-5.2100825991312e-07,1.0,0,0.49949720804579556,318.5373929578345,50,42650,,,,,0.027605772522923063,0.3433551107984991,0.0,0,3218845341,
853,0.07429658433290927,0.0007621015879699057,0.005227758928997226,-8.551277401423565e-07,1.0,0,0.5404216249007732,319.0779437078163,50,42700,,,,,0.027606187494290217,0.34201754318000016,0.0,0,2147396552,
854,0.07429613631327057,0.0007504363495884441,0.006129433418951394,-1.1726985138181678e-06,1.0,0,0.47007408319041133,319.5481040829327,50,42750,,,,,0.027394093333936862,0.3418855118987168,0.0,0,824022107,
855,0.07429552264050546,0.000748203290193628,0.0052139896597351845,-8.773082875579917e-07,1.0,0,0.4460506672039628,319.9942459159065,50,42800,,,,,0.027353304922689472,0.33728311508296005,0.0,0,923579323,
856,0.07429506553849016,0.0007362991493181862,0.005271558803779514,-8.50149371303552e-07,1.0,0,0.6296266249846667,320.62395412498154,50,42850,,,,,0.027134832767463046,0.34246069191970285,0.0,0,565550747,
857,0.07429462104738058,0.000736481150408223,0.00493380021115316,-7.67619819408264e-07,1.0,0,0.5633796250913292,321.1874742079526,50,42900,,,,,0.027138186203359702,0.3545593027525086,0.0,0,2484600060,
858,0.07429422041982357,0.0007294130473528612,0.0056037065064569545,-9.662098824908865e-07,1.0,0,0.3905501249246299,321.57812179089524,50,42950,,,,,0.027007647941886037,0.3536723960658407,0.0,0,3895227875,
859,0.07429371416906094,0.0007264547091851322,0.004727248486984841,-6.492923209923605e-07,1.0,0,0.35654429090209305,321.93475333298557,50,43000,,,,,0.026952823770156852,0.3445213924895572,0.0,0,723806533,
860,0.07429337406286757,0.0007201639651222808,0.005225427247533864,-8.430084438599862e-07,1.0,0,0.3929279160220176,322.3277694999706,50,43050,,,,,0.026835870865732695,0.35474320896192685,0.0,0,3065716962,
861,0.07429293469155845,0.0007135546168622837,0.0049330291417361396,-7.342340461280769e-07,1.0,0,0.5511022079735994,322.87901037489064,50,43100,,,,,0.026712443109200696,0.35679867760634854,0.0,0,40721058,
862,0.07429255025668069,0.0007112368022466638,0.005432439312944271,-9.220506518045509e-07,1.0,0,0.6986687909811735,323.5777673330158,50,43150,,,,,0.02666902327132855,0.36514847742332013,0.0,0,3351508966,
863,0.07429206732278518,0.000700043672248657,0.004926730508445637,-7.493969818040555e-07,1.0,0,0.5645314580760896,324.14248224999756,50,43200,,,,,0.026458338425695917,0.35170497831712905,0.0,0,324118415,
864,0.07429167654676835,0.0006979346271688725,0.004185656776049574,-5.558427758974235e-07,1.0,0,0.5532031250186265,324.69576716586016,50,43250,,,,,0.026418452399201445,0.3342432192240043,0.0,0,2461233980,
865,0.07429138619971543,0.0006991991045613158,0.005068337394049832,-7.85727777661943e-07,1.0,0,1.257880707969889,325.95378395798616,50,43300,,,,,0.02644237327777739,0.3265308559250977,0.0,0,3751219776,
866,0.07429097555044901,0.0006966402293823815,0.004483802058212518,-6.33259281464848e-07,1.0,0,0.8766857499722391,326.83064883295447,50,43350,,,,,0.026393943043478394,0.33930962121669433,0.0,0,3753289005,
867,0.07429064535473712,0.0006927806782050606,0.004320519403791477,-5.528632349896531e-07,1.0,0,0.575702124973759,327.4064509579912,50,43400,,,,,0.026320727159504172,0.33293186091829546,0.0,0,4004551098,
868,0.0742903555913132,0.0006925404164626423,0.004510443139902912,-6.787235434504262e-07,1.0,0,0.5109580000862479,327.9174875828903,50,43450,,,,,0.026316162646986403,0.34125414461098863,0.0,0,18986135,
869,0.07429000351141762,0.000692169456376938,0.004915490253533188,-7.690036120519374e-07,1.0,0,1.022431124933064,328.94005741598085,50,43500,,,,,0.02630911356121559,0.34654832948679737,0.0,0,4088257686,
870,0.07428960209576513,0.0006869280599351145,0.00586043780469134,-1.0441958251728029e-06,1.0,0,0.7907317080534995,329.7311786247883,50,43550,,,,,0.02620931246589873,0.35028725798094384,0.0,0,3694248514,
871,0.07428905817663864,0.0006869381463872874,0.004669658675519559,-6.803878391314835e-07,1.0,0,0.6837882499676198,330.41514929081313,50,43600,,,,,0.02620950488634395,0.3460710472640099,0.0,0,2342255419,
872,0.07428870276060712,0.000686866446331549,0.005032685290551116,-8.152397287539101e-07,1.0,0,0.49385379208251834,330.9091483328957,50,43650,,,,,0.0262081370251979,0.34441145858385114,0.0,0,1675129747,
873,0.07428827671608162,0.0006791481260402587,0.00503869354354673,-8.299093314811616e-07,1.0,0,0.4159439168870449,331.32523441594094,50,43700,,,,,0.026060470564444126,0.3571596583572675,0.0,0,1842214950,
874,0.07428784590472026,0.0006867490818966019,0.004817876651423962,-7.597183161831596e-07,1.0,0,0.3210879999678582,331.64646791596897,50,43750,,,,,0.02620589784564921,0.32598249824300324,0.0,0,2976679329,
875,0.07428745047290558,0.0006839181555751459,0.005176205868623817,-7.861736024851293e-07,1.0,0,0.3663069158792496,332.012862249976,50,43800,,,,,0.02615182891453571,0.3419067063520386,0.0,0,2843770150,
876,0.07428704022589332,0.0006772388893757927,0.004764675991774781,-7.425435377587807e-07,1.0,0,0.39499391708523035,332.4079659578856,50,43850,,,,,0.026023813889893093,0.3560963176219578,0.0,0,1482487486,
877,0.07428665324367288,0.0006731980962977747,0.005003694666702102,-7.920627379846298e-07,1.0,0,0.39084166614338756,332.798895874992,50,43900,,,,,0.025946061286788304,0.3306620841629241,0.0,0,636818686,
878,0.07428623987821767,0.0006706820635452302,0.005599027525367715,-9.817692573609456e-07,1.0,0,0.38611908280290663,333.18510479084216,50,43950,,,,,0.025897530066499204,0.32636907496827394,0.0,0,4034689738,
879,0.07428572791254423,0.0006736058728531055,0.004768333903884204,-7.253777743316863e-07,1.0,0,0.5094447080045938,333.69464183296077,50,44000,,,,,0.025953918256269234,0.3425714621798479,0.0,0,3519241767,
880,0.07428534941296719,0.0006668477058016098,0.0040408656480361745,-5.051607089730841e-07,1.0,0,0.42374433297663927,334.1184765829239,50,44050,,,,,0.025823394544513503,0.33099372129921084,0.0,0,3727772735,
881,0.07428508580199347,0.0006626970121067584,0.004373834352275609,-5.86710645547167e-07,1.0,0,0.6324639169033617,334.75105166598223,50,44100,,,,,0.025742902169467185,0.3314829511073909,0.0,0,1165709245,
882,0.07428477935591977,0.0006591844740202794,0.005309486669054259,-8.442051595746949e-07,1.0,0,0.389035000000149,335.14036037493497,50,44150,,,,,0.025674588098356696,0.32158310045908844,0.0,0,1166200900,
883,0.07428433712845753,0.0006561500936911002,0.0051802471906550514,-8.565792863877093e-07,1.0,0,0.9299962921068072,336.0704971658997,50,44200,,,,,0.02561542686919545,0.34370307303465364,0.0,0,159213593,
884,0.07428389100977117,0.0006488422835096172,0.005116672162582616,-8.115846897151144e-07,1.0,0,0.38505545794032514,336.4556636658963,50,44250,,,,,0.025472382760739466,0.3511089239096613,0.0,0,1220818263,
885,0.07428346716009065,0.0006490989735171087,0.005061808125151847,-8.150462937119073e-07,1.0,0,1.5961799579672515,338.05192779097706,50,44300,,,,,0.025477420856851046,0.346447677357512,0.0,0,3793543487,
886,0.07428304263978494,0.0006397479311171705,0.006129109753456956,-1.06379511868321e-06,1.0,0,1.4449635420460254,339.49698724993505,50,44350,,,,,0.02529323884197456,0.3408809721633148,0.0,0,1594877517,
887,0.07428248535623083,0.0006325279961428721,0.004335745811023712,-5.737172381055139e-07,1.0,0,1.2469136659055948,340.7439981249627,50,44400,,,,,0.02515010926701656,0.3405521857965745,0.0,0,1425234459,
888,0.07428218711951745,0.0006343326090914024,0.004804531118051011,-6.937276557617905e-07,1.0,0,0.45466149994172156,341.199111207854,50,44450,,,,,0.025185960555265754,0.3284228374168753,0.0,0,1360991518,
889,0.07428182350830953,0.0006313308145540149,0.004617823832347979,-6.923885057769535e-07,1.0,0,0.33130212500691414,341.53050074982457,50,44500,,,,,0.02512629727106672,0.33557369355884753,0.0,0,2479931707,
890,0.07428146365960016,0.0006263521878831015,0.004142988634328291,-5.600556987921974e-07,1.0,0,0.32979112514294684,341.86043708282523,50,44550,,,,,0.02502702914616718,0.3207217332390078,0.0,0,3120726225,
891,0.07428117162760932,0.0006228285092796992,0.004520071947766125,-6.313783879585752e-07,1.0,0,0.4293572921305895,342.28993837488815,50,44600,,,,,0.024956532396943676,0.3362610304435255,0.0,0,693116393,
892,0.07428084197900774,0.0006275885183326318,0.004250959143146251,-5.474871563218917e-07,1.0,0,0.2870065411552787,342.5770251248032,50,44650,,,,,0.02505171687395161,0.3335432580217953,0.0,0,2956277372,
893,0.07428055679523701,0.0006212811186274213,0.0049092167838711166,-7.224968685288429e-07,1.0,0,0.45109270908869803,343.0282037497964,50,44700,,,,,0.02492551140152236,0.33759532970973205,0.0,0,207258042,
894,0.07428017972480608,0.0006178655834603584,0.0037900545322799503,-4.5855424043952345e-07,1.0,0,0.2695053748320788,343.2977911659982,50,44750,,,,,0.024856902129194586,0.3514291202046622,0.0,0,432739051,
895,0.07427994136440133,0.0006138629421870967,0.0038505175109904005,-4.772113925325921e-07,1.0,0,0.5797177499625832,343.87762024998665,50,44800,,,,,0.024776257630786308,0.34424399053955534,0.0,0,2416565367,
896,0.07427969194834996,0.0006160924471538385,0.004739011652681521,-6.43873815689105e-07,1.0,0,0.7272152078803629,344.60498745786026,50,44850,,,,,0.024821209623099326,0.34790899142996473,0.0,0,2267406988,
897,0.07427935575016664,0.0006100132270374945,0.004841492877139488,-7.080598784092975e-07,1.0,0,0.36826150002889335,344.97332941601053,50,44900,,,,,0.02469844584255241,0.33429040748310845,0.0,0,906660074,
898,0.07427898649289927,0.0006073226017788224,0.004561799207934663,-6.408433569847924e-07,1.0,0,0.41037754202261567,345.38378824992105,50,44950,,,,,0.024643916120998758,0.33035546247454345,0.0,0,468090016,
899,0.07427865297057637,0.0006010320181469938,0.004509911337645681,-6.134501946678178e-07,1.0,0,0.3592984168790281,345.7431587500032,50,45000,,,,,0.02451595435929415,0.33517072344516863,0.0,0,792409958,
900,0.07427833274816747,0.0006026162700068903,0.004354336094705804,-6.009472266424554e-07,1.0,0,0.3830723331775516,346.1263049999252,50,45050,,,,,0.02454824372550693,0.33759890908030493,0.0,0,3222182975,
901,0.07427801829839094,0.0005974626324303949,0.0046834485994092494,-6.664751632069357e-07,1.0,0,0.44060441688634455,346.5670440408867,50,45100,,,,,0.024443048754817696,0.34623722979983895,0.0,0,1900160512,
902,0.07427767151803552,0.0005893133082217251,0.004158131467123243,-5.365745270711935e-07,1.0,0,0.2893252910580486,346.8565129158087,50,45150,,,,,0.024275776161056625,0.34115073174157984,0.0,0,2367721159,
903,0.07427739250774419,0.0005854221973828643,0.004110848237165242,-5.171922364035459e-07,1.0,0,0.47848229203373194,347.335083915852,50,45200,,,,,0.024195499527450644,0.33421888576105707,0.0,0,3824203429,
904,0.07427712328790174,0.0005860433977262693,0.003995686442842045,-4.767910741270093e-07,1.0,0,0.25516016711480916,347.5907135407906,50,45250,,,,,0.024208333228999252,0.3330194055494105,0.0,0,3831511531,
905,0.07427687380224673,0.0005917895380775267,0.0038435668711278726,-4.989445414804741e-07,1.0,0,0.27189912484027445,347.86269324994646,50,45300,,,,,0.02432672477086726,0.3449489386702952,0.0,0,1226996239,
906,0.07427661525194534,0.0005825591653662064,0.003510080433183377,-3.927238010740162e-07,1.0,0,0.386281416984275,348.24911795789376,50,45350,,,,,0.024136262456441064,0.3386729156602087,0.0,0,2332300212,
907,0.07427641052632906,0.0005809297257456807,0.004437247175338966,-6.045630475746819e-07,1.0,0,0.30376170785166323,348.5529601247981,50,45400,,,,,0.02410248380863849,0.32527143054548746,0.0,0,312730238,
908,0.0742760959808596,0.000578044770523318,0.004341161149007381,-5.763303165940319e-07,1.0,0,0.2628603749908507,348.81596508296207,50,45450,,,,,0.024042561646449363,0.3393018851032634,0.0,0,620971722,
909,0.07427579575640131,0.0005700368989338745,0.004248245230516732,-5.603593267013293e-07,1.0,0,0.3041084590367973,349.1201550408732,50,45500,,,,,0.023875445523254105,0.3445455641569194,0.0,0,4045149753,
910,0.074275504073464,0.0005584888998580672,0.00314720476175296,-3.3482284591798686e-07,1.0,0,0.3393487080466002,349.4596617498901,50,45550,,,,,0.02363236974698194,0.3424185317078567,0.0,0,4220129745,
911,0.07427533042365987,0.0005537162411513045,0.0042083583168091784,-5.38227299563702e-07,1.0,0,0.26052591600455344,349.7202707079705,50,45600,,,,,0.02353117594068143,0.34816299793479133,0.0,0,649650278,
912,0.0742750511720725,0.000553888955792065,0.004233346026105469,-5.388117021088273e-07,1.0,0,0.25951374997384846,349.97986916592345,50,45650,,,,,0.02353484556550276,0.32883024272161276,0.0,0,2904916127,
913,0.07427477087021922,0.0005509625921351705,0.003951313971266847,-4.525271699570363e-07,1.0,0,0.310192208038643,350.2901349158492,50,45700,,,,,0.02347259236077623,0.3520525365657984,0.0,0,1930907464,
914,0.07427453492277636,0.0005539058252067634,0.0038177550349174504,-4.5121270482522623e-07,1.0,0,0.2662812499329448,350.5564981249627,50,45750,,,,,0.023535203955070444,0.3282244064515056,0.0,0,3521257994,
915,0.07427429958525275,0.0005547432871380603,0.0037478242697323986,-4.168188923717724e-07,1.0,0,0.38059025001712143,350.93716091592796,50,45800,,,,,0.023552988921537333,0.3291241563578614,0.0,0,111476862,
916,0.07427408203060654,0.0005548226151869643,0.003282294694773304,-3.4326756158087727e-07,1.0,0,0.3908364581875503,351.3281029998325,50,45850,,,,,0.023554672894926056,0.3533899914260346,0.0,0,1637616428,
917,0.07427390393555455,0.0005508196183812932,0.003837351911092617,-4.45459148453294e-07,1.0,0,0.25639133411459625,351.58457874995656,50,45900,,,,,0.023469546616440917,0.3419408531603012,0.0,0,2614435517,
918,0.07427367215814576,0.0005491490687504154,0.004116887704289915,-5.271520497497721e-07,1.0,0,0.3452937500551343,351.9299544999376,50,45950,,,,,0.02343392986142989,0.33699989901745236,0.0,0,3383081432,
919,0.07427339810659916,0.0005533985518265019,0.004140530265604617,-5.330854317046969e-07,1.0,0,0.26399062504060566,352.1940864578355,50,46000,,,,,0.023524424580135896,0.3371211603083618,0.0,0,3558241613,
920,0.0742731206017634,0.0005459365115960233,0.004569858270785573,-6.389643465541315e-07,1.0,0,0.39120812504552305,352.5854410408065,50,46050,,,,,0.023365284325169752,0.34924296264179855,0.0,0,3734082222,
921,0.0742727877785545,0.0005324136606186012,0.00468191367223274,-6.396190846464413e-07,1.0,0,0.2643872501794249,352.84996195789427,50,46100,,,,,0.02307409067804409,0.3368065162559587,0.0,0,379551857,
922,0.07427245436293914,0.0005224042195882211,0.003299583143286752,-3.617418484295688e-07,1.0,0,0.2601685000117868,353.110264999792,50,46150,,,,,0.02285616371109161,0.3557829248069981,0.0,0,896469985,
923,0.0742722664875739,0.0005177321187313038,0.0034004880496717833,-3.483927825715899e-07,1.0,0,0.2975028750952333,353.4078498329036,50,46200,,,,,0.022753727578823296,0.3348378769147717,0.0,0,1308134674,
924,0.0742720858451694,0.0005126769880836227,0.003849808481281004,-4.4462948542335725e-07,1.0,0,0.26025841594673693,353.6681895828806,50,46250,,,,,0.022642371520748942,0.32829375799832466,0.0,0,3942934347,
925,0.07427185449334207,0.0005099033062315313,0.003869859447503583,-4.6084264001854466e-07,1.0,0,0.3477487911004573,354.01602208288386,50,46300,,,,,0.02258103864377215,0.32391058097471903,0.0,0,2993615631,
926,0.07427161518592881,0.0005119159013115537,0.0033807582949067225,-3.5550891436003857e-07,1.0,0,0.42652949993498623,354.4429446249269,50,46350,,,,,0.0226255585856251,0.34445222440905354,0.0,0,1289123837,
927,0.074271430291562,0.0005102478032460951,0.003613726055340848,-3.990914690584618e-07,1.0,0,0.3505664160475135,354.79359408281744,50,46400,,,,,0.022588665371068187,0.3529683994193601,0.0,0,1437459498,
928,0.07427122290922769,0.0005042823816154149,0.0037858650800058477,-4.2490019820174395e-07,1.0,0,0.3157319580204785,355.1094067078084,50,46450,,,,,0.02245623257840493,0.3409243735313019,0.0,0,954691307,
929,0.07427100227592379,0.0005037531247568787,0.0039501970667533874,-4.6002265804249577e-07,1.0,0,0.3547801251988858,355.46441829088144,50,46500,,,,,0.022444445298489307,0.3385452961045448,0.0,0,719441913,
930,0.07427076309206715,0.0005022267494204773,0.003953394708306089,-4.808588840395545e-07,1.0,0,0.3568348749540746,355.82132962485775,50,46550,,,,,0.022410416092087118,0.33355252736847313,0.0,0,555280922,
931,0.07427051295103954,0.000497836854374913,0.0037168091671600234,-4.098930334307191e-07,1.0,0,0.38191583403386176,356.2033802908845,50,46600,,,,,0.02231225793986151,0.3456390388046241,0.0,0,2575931973,
932,0.0742702999481095,0.000493668630445211,0.0027191507213751615,-2.3298786256092044e-07,1.0,0,0.5597755829803646,356.7632359159179,50,46650,,,,,0.02221865500981576,0.345685537034965,0.0,0,3666559539,
933,0.07427017918067245,0.0004924280634001157,0.00352768612468534,-3.867835119336116e-07,1.0,0,0.42795391706749797,357.1913015409373,50,46700,,,,,0.02219072020913507,0.3314354078626461,0.0,0,826939469,
934,0.07426997818449899,0.00048659824129064483,0.0037664367471845236,-4.1808971049669775e-07,1.0,0,0.30593604082241654,357.4973252909258,50,46750,,,,,0.022058971900128184,0.35469730942383343,0.0,0,3408201362,
935,0.07426976097345292,0.00048283450501028605,0.0032762169654086807,-3.5017262361377125e-07,1.0,0,0.28965883306227624,357.7871251248289,50,46800,,,,,0.021973495511872616,0.3537937547746256,0.0,0,3802499061,
936,0.07426957940186807,0.00047748776661977197,0.0035906789416807862,-3.811488200556023e-07,1.0,0,0.27020575013011694,358.0574118748773,50,46850,,,,,0.021851493464286872,0.3347447518826775,0.0,0,2316969943,
937,0.07426938135414807,0.000478463242701784,0.0031865443257929763,-3.1536256965810885e-07,1.0,0,0.3802900000009686,358.43778549996205,50,46900,,,,,0.02187380265755783,0.33159926381341753,0.0,0,511445978,
938,0.07426921778208277,0.00047814010047891094,0.003911470640445985,-4.4791530049149436e-07,1.0,0,0.2729058749973774,358.7108327499591,50,46950,,,,,0.02186641489771268,0.34967214010855796,0.0,0,2356968867,
939,0.07426898472271144,0.0004748464734292169,0.003571066535314116,-3.8548961553675845e-07,1.0,0,0.25845154095441103,358.9695680409204,50,47000,,,,,0.0217909722919657,0.3573913778375877,0.0,0,1986245838,
940,0.0742687844573392,0.00046934381825923966,0.0037240282336668726,-4.3603705469719736e-07,1.0,0,0.30354954209178686,359.2731966248248,50,47050,,,,,0.02166434439947906,0.3361922739219961,0.0,0,3166171417,
941,0.07426855891788631,0.00046888532437844446,0.0027954058717961955,-2.4886193879733843e-07,1.0,0,0.2564735831692815,359.52975649992004,50,47100,,,,,0.021653760051742618,0.34474219043137216,0.0,0,729779435,
942,0.07426843005029303,0.00046990087381635205,0.0031793919700052373,-3.151711825517724e-07,1.0,0,0.2593508339487016,359.78923583286814,50,47150,,,,,0.02167719709317494,0.3576795446866252,0.0,0,3158683660,
943,0.07426826653285043,0.00046893265197393277,0.0030441659054328395,-3.0233452577190815e-07,1.0,0,0.3031510829459876,360.09252454084344,50,47200,,,,,0.021654852850433615,0.34683695803755443,0.0,0,2648324367,
944,0.07426811011943464,0.0004637863932218774,0.0033356188348186533,-3.362089558168821e-07,1.0,0,0.27273816685192287,360.36552379094064,50,47250,,,,,0.02153570043490291,0.35044391291826515,0.0,0,2287048593,
945,0.07426793607348797,0.00045781580275007104,0.003814909251438268,-4.209086079581187e-07,1.0,0,0.25598566699773073,360.6215951249469,50,47300,,,,,0.021396630640128155,0.3353895678076814,0.0,0,2600085686,
946,0.07426771759432074,0.0004539764574060395,0.0034917503786991585,-3.537646714414544e-07,1.0,0,0.26902054087258875,360.8906952908728,50,47350,,,,,0.02130672329115952,0.35781952070698797,0.0,0,2348965131,
947,0.07426753388967716,0.0004513682587481785,0.002636617454483956,-2.1485185524529116e-07,1.0,0,0.29458674998022616,361.18535687495023,50,47400,,,,,0.02124542912600681,0.3457086981087654,0.0,0,1716212984,
948,0.07426742264501357,0.00045211134298210734,0.0037877215316751652,-4.2435095441777203e-07,1.0,0,0.4425791250541806,361.6280663749203,50,47450,,,,,0.021262910030899047,0.3366158697361226,0.0,0,1107260236,
949,0.07426720207623877,0.0004503131079010783,0.00281926743641441,-2.4152145877986414e-07,1.0,0,0.28207604191266,361.91101158293895,50,47500,,,,,0.02122058217629946,0.3273116309490067,0.0,0,2493596558,
950,0.0742670767823656,0.000448091235632066,0.0030970531851926457,-3.0432502260159003e-07,1.0,0,0.26719383290037513,362.1783030407969,50,47550,,,,,0.021168165618023354,0.351505779441625,0.0,0,3831436258,
951,0.0742669195934815,0.0004493903034347486,0.003082948606141164,-3.0653093564355894e-07,1.0,0,0.2829103749245405,362.4614216659684,50,47600,,,,,0.02119882787879435,0.33797192340988347,0.0,0,2423928757,
952,0.0742667608216406,0.00044696103216572316,0.0032246576043961704,-3.0348613661649534e-07,1.0,0,0.26518516591750085,362.72668341593817,50,47650,,,,,0.02114145293412265,0.3559057167177033,0.0,0,337346087,
953,0.0742666033656774,0.0004457551458644416,0.002801936734427283,-2.5713106834595783e-07,1.0,0,0.2981264581903815,363.02494104090147,50,47700,,,,,0.021112914196397464,0.34010311617658917,0.0,0,1589671393,
954,0.07426647032288664,0.0004385338507286477,0.003015992976175492,-2.866686877945749e-07,1.0,0,0.2713554168585688,363.2963776248507,50,47750,,,,,0.020941199839757216,0.3388054909909441,0.0,0,928126718,
955,0.07426632171767697,0.0004308414089287294,0.003658253553835036,-3.862066912034166e-07,1.0,0,0.29700412484817207,363.59351945784874,50,47800,,,,,0.02075671960905021,0.3397717170405271,0.0,0,1317066665,
956,0.07426612133518792,0.000431774882299533,0.0026549372873138437,-2.0862920367422285e-07,1.0,0,0.2615941660478711,363.8552538328804,50,47850,,,,,0.02077919349492499,0.3414693319014085,0.0,0,2377940733,
957,0.07426601354052151,0.0004311855212994198,0.0032869210083035926,-3.4712235395095676e-07,1.0,0,0.25818891706876457,364.11358395800926,50,47900,,,,,0.020765007134586295,0.3496502512349542,0.0,0,2870795223,
958,0.07426583379439858,0.0004313668439356289,0.0030994642097408108,-2.903333840326098e-07,1.0,0,0.5158577500842512,364.629526207922,50,47950,,,,,0.020769372738136047,0.33792181159467477,0.0,0,3455976937,
959,0.07426568386987638,0.0004296376740308716,0.0031099330372889745,-2.934329362100383e-07,1.0,0,0.2760436669923365,364.90570308291353,50,48000,,,,,0.02072770305728234,0.32091856540615116,0.0,0,1774589743,
960,0.07426553200289487,0.0004227697319848025,0.0032450252473208404,-3.1478051329181177e-07,1.0,0,0.3695344580337405,365.2753204999026,50,48050,,,,,0.0205613650321374,0.3415160737046998,0.0,0,1971630646,
961,0.07426536907164893,0.0004247439536300494,0.002773101711124182,-2.420458636211356e-07,1.0,0,0.4027739171870053,365.67823833297007,50,48100,,,,,0.020609317155841175,0.3618030920508971,0.0,0,223360282,
962,0.0742652438214051,0.00042594129692570076,0.002957160461544986,-2.8384980445763387e-07,1.0,0,0.6018432499840856,366.2802260830067,50,48150,,,,,0.02063834530493423,0.3279801186730329,0.0,0,850824101,
963,0.0742650973636553,0.0004191706573599701,0.003149730627820621,-2.9692275885070265e-07,1.0,0,0.7759931250475347,367.05633262498304,50,48200,,,,,0.020473657644885294,0.3430630921135361,0.0,0,2867470810,
964,0.07426494321672125,0.00041299717600025513,0.002800759805425608,-2.43407428967143e-07,1.0,0,0.4586511249653995,367.5150648748968,50,48250,,,,,0.0203223319528113,0.351503044731816,0.0,0,1368897077,
965,0.07426481744787788,0.00041223693615955007,0.0032348974067355906,-3.1095397577340427e-07,1.0,0,0.30840287497267127,367.8235657908954,50,48300,,,,,0.02030361879467673,0.3506858475190592,0.0,0,3523567432,
966,0.07426465635936685,0.0004092678512570293,0.0025209122021778558,-1.8935654050902884e-07,1.0,0,0.3150268329773098,368.1386798748281,50,48350,,,,,0.02023036952843495,0.3501065168870138,0.0,0,3127754955,
967,0.07426455832346396,0.00040958517969357584,0.0032638535517068882,-3.0542335465553657e-07,1.0,0,0.4188770418986678,368.55764562496915,50,48400,,,,,0.020238210881734973,0.34935264210972256,0.0,0,379925712,
968,0.07426439990818522,0.00040756243365435135,0.0027878422216248305,-2.4092001445450106e-07,1.0,0,0.44904991588555276,369.00678704096936,50,48450,,,,,0.020188175590041595,0.3515366712444188,0.0,0,944349429,
969,0.07426427525986176,0.0004045523560302067,0.002955979605935885,-2.6746487374659436e-07,1.0,0,0.5947131251450628,369.60163666587323,50,48500,,,,,0.020113486918737055,0.3356134013032785,0.0,0,3444928456,
970,0.07426413645110713,0.00040336132259403555,0.0030673299858313746,-2.8772758512192396e-07,1.0,0,0.4018666669726372,370.00364629086107,50,48550,,,,,0.020083857263833448,0.3390848639308614,0.0,0,1588207678,
971,0.07426398764223936,0.0004028060413126157,0.002886163698849958,-2.5340702772900987e-07,1.0,0,0.7407271249685436,370.74446104094386,50,48600,,,,,0.020070028433278705,0.33243713000755376,0.0,0,2700593376,
972,0.07426385657293194,0.00039543516310676504,0.0025711760105058368,-1.9826754724714196e-07,1.0,0,0.4854347079526633,371.23004275001585,50,48650,,,,,0.019885551616859037,0.33126518585415626,0.0,0,137533553,
973,0.07426375404253019,0.00039435074248938634,0.003284761638025846,-3.078842506947241e-07,1.0,0,1.1494915001094341,372.3796255828347,50,48700,,,,,0.019858266351557137,0.3368039268774295,0.0,0,2653958275,
974,0.07426359392083687,0.00039566474553771923,0.0030334348060708227,-2.9055270731896994e-07,1.0,0,1.2258925000205636,373.6059426658321,50,48750,,,,,0.019891323373212734,0.34054453608966734,0.0,0,2784219237,
975,0.07426344384826185,0.00039342024604515323,0.0026496054513691666,-2.205025864727984e-07,1.0,0,1.1618306247983128,374.76786829088815,50,48800,,,,,0.019834824073965297,0.3518637458095383,0.0,0,4147527882,
976,0.0742633300401713,0.00039346433317199504,0.002476804026409891,-1.8631927563650077e-07,1.0,0,1.0304003341589123,375.79844299983233,50,48850,,,,,0.01983593539947121,0.32067422384644,0.0,0,2739945437,
977,0.074263233550246,0.0003972184055266537,0.00245110664877646,-1.9148077741169465e-07,1.0,0,0.9595992078538984,376.7581973329652,50,48900,,,,,0.019930338821170446,0.3557618562565768,0.0,0,1028711001,
978,0.07426313464841867,0.0003952888783830296,0.0032354869411623226,-3.161809993241426e-07,1.0,0,0.5661269999109209,377.324496707879,50,48950,,,,,0.019881873110525316,0.3282278549660149,0.0,0,3299576186,
979,0.07426297142183388,0.0003895392693820802,0.003105693283024817,-2.8540342159097073e-07,1.0,0,0.5501245409250259,377.8747652499005,50,49000,,,,,0.01973674921009233,0.34635340610990206,0.0,0,1599869769,
980,0.07426282386614252,0.0003862081175002161,0.003388764548141646,-3.4399053199790563e-07,1.0,0,1.133608124917373,379.00846412498504,50,49050,,,,,0.019652178441593088,0.3418032522566925,0.0,0,728248331,
981,0.07426264599342011,0.0003811969634384959,0.002763822041689643,-2.3664098517302605e-07,1.0,0,0.8291655001230538,379.8380913748406,50,49100,,,,,0.019524266015358834,0.34462747976141017,0.0,0,282458540,
982,0.07426252356285462,0.0003740136506926658,0.0033788367105085666,-3.3416189182344186e-07,1.0,0,0.34199495892971754,380.18017566599883,50,49150,,,,,0.01933943253285023,0.34265856260324157,0.0,0,3369153375,
983,0.07426235093306485,0.0003736351884652697,0.0026880977578048666,-2.2332335938573182e-07,1.0,0,0.3201586250215769,380.5004786248319,50,49200,,,,,0.019329645326939388,0.3460951396616397,0.0,0,1225353531,
984,0.07426223564554127,0.00037195013880918215,0.002485488006252985,-1.8703256602624541e-07,1.0,0,0.5869303750805557,381.0874892908614,50,49250,,,,,0.01928600888751175,0.3474225126533742,0.0,0,3778766659,
985,0.07426213904411187,0.0003738458834633365,0.002567785771860108,-1.9842949322707193e-07,1.0,0,0.4189574168995023,381.5065438328311,50,49300,,,,,0.019335094607043857,0.32773402361737347,0.0,0,1714900588,
986,0.07426203675428827,0.00037079697566765426,0.0023821120530599423,-1.726633018696694e-07,1.0,0,0.3180096661671996,381.82469954085536,50,49350,,,,,0.01925608931397168,0.3364352724876183,0.0,0,1230747406,
987,0.07426194765653317,0.0003719701376909437,0.0028168261295936766,-2.2406187822774426e-07,1.0,0,0.9259718752000481,382.7507956249174,50,49400,,,,,0.01928652736214956,0.3377122526029057,0.0,0,2638549625,
988,0.07426183181519247,0.0003716934216424482,0.0026873599302656057,-2.0039037672252829e-07,1.0,0,1.083374832989648,383.83458166592754,50,49450,,,,,0.019279352210135284,0.32349488347138916,0.0,0,2050119513,
989,0.0742617275543788,0.0003720301963237709,0.0028267396691894395,-2.371077502895763e-07,1.0,0,1.0805439590476453,384.91521862498485,50,49500,,,,,0.01928808430932867,0.35410793415398484,0.0,0,1401557832,
990,0.07426160473871729,0.00036917239927911153,0.0029275854198677225,-2.444550096971874e-07,1.0,0,1.1740512500982732,386.08974795788527,50,49550,,,,,0.01921385956228242,0.3430284741479256,0.0,0,3064708364,
991,0.07426147822865178,0.0003697671221680632,0.00276500358417699,-2.1454684589145447e-07,1.0,0,0.5413893749937415,386.6312591659371,50,49600,,,,,0.019229329737878626,0.3405151264965674,0.0,0,3568128704,
992,0.07426136702614446,0.0003697894798469795,0.002709978715870315,-2.3090097816093323e-07,1.0,0,1.4246572081465274,388.0560634159483,50,49650,,,,,0.019229911072258746,0.33894151550467916,0.0,0,1669920563,
993,0.0742612480520576,0.0003618045430613892,0.002651847720610865,-2.1688526226813225e-07,1.0,0,1.514034415828064,389.570255999919,50,49700,,,,,0.01902116040259871,0.35530395713156154,0.0,0,1231667112,
994,0.07426113613117608,0.00036010146467344484,0.0024138247754219903,-1.6610782055975138e-07,1.0,0,0.8491837091278285,390.4195299157873,50,49750,,,,,0.018976339601552372,0.3273548015591739,0.0,0,127160695,
995,0.07426105027694986,0.0003620754149969184,0.00231045884853463,-1.7065331960823433e-07,1.0,0,1.3080037080217153,391.7276383328717,50,49800,,,,,0.01902827934935049,0.3384798498730773,0.0,0,3662503460,
996,0.07426096228026394,0.0003603255952835762,0.0029463525049431357,-2.683551308189887e-07,1.0,0,1.386568209156394,393.1146798748523,50,49850,,,,,0.018982244210935025,0.3355701265542699,0.0,0,67899893,
997,0.07426082370389303,0.0003593438949108565,0.0025764443469925226,-1.9648343124600272e-07,1.0,0,1.2476747080218047,394.36251649982296,50,49900,,,,,0.01895636818883977,0.3451345601881366,0.0,0,3591931963,
998,0.07426072182524088,0.0003567284109559857,0.002898659978989495,-2.3684772405016437e-07,1.0,0,1.5597955421544611,395.9233449159656,50,49950,,,,,0.018887255252047232,0.3371404870390702,0.0,0,3689690371,
999,0.07426059905486374,0.0003501682070018448,0.0030095521300202996,-2.728017415108456e-07,1.0,0,1.2832700838334858,397.20674599986523,50,50000,,,,,0.018712781915093353,0.31910218063288176,0.0,0,1532928243,
1000,0.07426045836417229,0.0003491029259016689,0.002348207219126028,-1.7040268363952365e-07,1.0,0,0.9609702080488205,398.16816316591576,50,50050,,,,,0.018684296237794693,0.33086963339821956,0.0,0,3773977089,
1001,0.07426037030928206,0.00034670674143141665,0.00216781623889212,-1.4877111932940048e-07,1.0,0,1.015318457968533,399.18751054094173,50,50100,,,,,0.018620062873992038,0.31338031418237894,0.0,0,2029450927,
1002,0.07426029366979908,0.00034281291240400067,0.0026680175695952754,-1.999855560826737e-07,1.0,0,1.2983692078851163,400.48634308297187,50,50150,,,,,0.018515207598188053,0.3545914466776206,0.0,0,1599698839,
1003,0.07426019020663215,0.00034238292333152155,0.002433762496304081,-1.6552426933466673e-07,1.0,0,1.0416608748491853,401.52819479093887,50,50200,,,,,0.01850359217372458,0.35749025475413065,0.0,0,4028830728,
1004,0.07426010474940312,0.00034046823509425127,0.0029260934095230963,-2.613772082514782e-07,1.0,0,1.0577078338246793,402.58599399984814,50,50250,,,,,0.01845178135287353,0.3218341020629414,0.0,0,2865440868,
1005,0.074259969675068,0.00034259034936963986,0.0024482709573445762,-1.8846678677878092e-07,1.0,0,1.055104915983975,403.6411926248111,50,50300,,,,,0.018509196345861154,0.32207726944115506,0.0,0,1014009042,
1006,0.07425987252450608,0.000337998280498853,0.002534338827235549,-1.91850249804489e-07,1.0,0,0.9125637081451714,404.554185540881,50,50350,,,,,0.018384729546524554,0.3515796429875789,0.0,0,920348616,
1007,0.07425977359541563,0.0003377805910345605,0.0026137041868753612,-2.1213863835791028e-07,1.0,0,1.2247068751603365,405.7789784159977,50,50400,,,,,0.01837880820495607,0.3307192498147017,0.0,0,2773010218,
1008,0.07425966458881245,0.0003365254065556796,0.0025336899950810354,-1.923887664416051e-07,1.0,0,0.883985250024125,406.6630645408295,50,50450,,,,,0.018344628820329934,0.3238924168160315,0.0,0,2514524410,
1009,0.07425956502587958,0.00033497306341811816,0.0029180144380291516,-2.660819329756924e-07,1.0,0,1.0040710410103202,407.6672294999007,50,50500,,,,,0.01830226935158911,0.33222949711944866,0.0,0,3602375310,
1010,0.07425942803294866,0.0003324282959433495,0.00212925972632642,-1.3887652884241065e-07,1.0,0,0.911382416030392,408.578702832805,50,50550,,,,,0.01823261626710082,0.34061851394073356,0.0,0,1950539482,
1011,0.07425935641614526,0.00033224623893562494,0.0022047364621718166,-1.4770165789189457e-07,1.0,0,0.8701502080075443,409.4489380000159,50,50600,,,,,0.018227622964490597,0.33686227308943456,0.0,0,826105446,
1012,0.0742592799345333,0.00032854178271117166,0.0019428428817010028,-1.1315232740728084e-07,1.0,0,0.2660013330169022,409.7150817499496,50,50650,,,,,0.018125721577668893,0.3432423715561445,0.0,0,160701127,
1013,0.07425922178496287,0.00032859633906535973,0.002619819166158098,-1.9766186244435612e-07,1.0,0,0.3919495418667793,410.1071154579986,50,50700,,,,,0.01812722645815845,0.3489201398548359,0.0,0,774509103,
1014,0.07425911988681834,0.0003276717451554773,0.0019879701204799267,-1.1879516518707786e-07,1.0,0,0.2698356250766665,410.3770904999692,50,50750,,,,,0.018101705586918523,0.3416913696917589,0.0,0,1061317098,
1015,0.07425905857644087,0.00032681352473484695,0.002335430412678118,-1.5638865026554352e-07,1.0,0,0.295709416968748,410.6729332078248,50,50800,,,,,0.01807798453187874,0.3151143737453915,0.0,0,3151628344,
1016,0.07425897787477705,0.0003270900632618328,0.002219055367847699,-1.4296350395070817e-07,1.0,0,0.45990787493065,411.13298366591334,50,50850,,,,,0.018085631403460395,0.32748347505581415,0.0,0,1977936973,
1017,0.0742589039011003,0.0003259325417025507,0.002727847464850156,-2.1349964244902852e-07,1.0,0,0.2567053330130875,411.38979487493634,50,50900,,,,,0.018053601903845966,0.3185278877194423,0.0,0,586792796,
1018,0.07425879368024653,0.0003252928182526912,0.002499484981688766,-1.9087480319444136e-07,1.0,0,0.2562693750951439,411.6461484997999,50,50950,,,,,0.018035875865970337,0.3370782742038302,0.0,0,990814343,
1019,0.0742586952781207,0.00032070148797757247,0.002646601470632422,-2.2023125232514773e-07,1.0,0,0.2626367500051856,411.90898012486286,50,51000,,,,,0.017908140271328355,0.3423626366546152,0.0,0,935455039,
1020,0.07425858158708462,0.0003163974122632178,0.0024770864172190096,-1.8222400685884384e-07,1.0,0,0.2864729999564588,412.19553633290343,50,51050,,,,,0.01778756341557825,0.35239834785446905,0.0,0,534008877,
1021,0.07425848768661478,0.000316443508658611,0.0024694191004388955,-1.7508281405589414e-07,1.0,0,0.30775395897217095,412.5034289578907,50,51100,,,,,0.017788859116273058,0.3269881363714456,0.0,0,2116057994,
1022,0.0742583975519217,0.00031590963808278514,0.002006288908648389,-1.2287582133735536e-07,1.0,0,0.27218087506480515,412.7757033749949,50,51150,,,,,0.017773847025413073,0.3329630317396972,0.0,0,3681709124,
1023,0.07425833409741411,0.00031678767961445956,0.0025112921943708467,-1.970665466614452e-07,1.0,0,0.25514741614460945,413.03098995797336,50,51200,,,,,0.017798530265571356,0.3113441342674822,0.0,0,2391987294,
1024,0.07425823252597738,0.0003134260786134067,0.002349343525597012,-1.6061763314453596e-07,1.0,0,0.5178357919212431,413.5489742499776,50,51250,,,,,0.017703843611301097,0.34792030382659905,0.0,0,3260951727,
1025,0.07425814973439068,0.0003085033262782289,0.002227303673408293,-1.463232055327554e-07,1.0,0,0.8340246251318604,414.3830923750065,50,51300,,,,,0.01756426275931412,0.3314914902632651,0.0,0,2836219661,
1026,0.07425807414973071,0.0003071901740323541,0.0019145562726184014,-1.0741495349681855e-07,1.0,0,0.34194108401425183,414.72512249997817,50,51350,,,,,0.017526841530417114,0.3501414857992297,0.0,0,729477218,
1027,0.07425801875879406,0.0003086523616553106,0.002365016265133211,-1.7346978623395695e-07,1.0,0,0.46583566605113447,415.1911098328419,50,51400,,,,,0.017568504821279203,0.34071248500943685,0.0,0,1398185018,
1028,0.074257929365108,0.00030259111400566553,0.002204470660782779,-1.435309591228977e-07,1.0,0,0.6155532500706613,415.80705079087056,50,51450,,,,,0.01739514627721381,0.3448348446505088,0.0,0,2261405379,
1029,0.07425785541098805,0.0003005622567013341,0.0019449405722334525,-1.0746267599144099e-07,1.0,0,0.785391875077039,416.5925768748857,50,51500,,,,,0.017336731430732093,0.3443987211995716,0.0,0,1894783745,
1030,0.07425780010354102,0.0002992003363580648,0.002090975817548697,-1.360355638722969e-07,1.0,0,0.5158611249644309,417.10858724988066,50,51550,,,,,0.017297408371142332,0.3373886238641131,0.0,0,2052445790,
1031,0.07425772998010344,0.00029674069175485536,0.002504964870628563,-1.8430850435370856e-07,1.0,0,0.5596084578428417,417.66828333283775,50,51600,,,,,0.017226163001517643,0.340332185169865,0.0,0,1693251609,
1032,0.07425763506640491,0.00029076583130318635,0.002249389128067298,-1.475262324443509e-07,1.0,0,0.41096808295696974,418.0793883749284,50,51650,,,,,0.017051857121826535,0.3393921988573676,0.0,0,2832028495,
1033,0.07425755914746382,0.0002925705671250017,0.0021524955111628394,-1.4220968127394905e-07,1.0,0,0.28242029109969735,418.36194308288395,50,51700,,,,,0.017104694300834545,0.33466039561263267,0.0,0,2681574173,
1034,0.07425748596208578,0.00028844167994704367,0.0022412099145949103,-1.4700098874662901e-07,1.0,0,0.3380203749984503,418.7000428328756,50,51750,,,,,0.01698357088326962,0.3226920818626477,0.0,0,848825718,
1035,0.07425741023191783,0.00029067865490180547,0.0021493858579372327,-1.4104444338272638e-07,1.0,0,0.30061625014059246,419.00075058289804,50,51800,,,,,0.017049300715918102,0.33205912908800045,0.0,0,3669962580,
1036,0.07425733752749224,0.00029161682174870003,0.0023455191368809917,-1.6109450652907362e-07,1.0,0,0.30802462506107986,419.30893970793113,50,51850,,,,,0.017076791904473743,0.34862785260942336,0.0,0,2142320334,
1037,0.07425725446618581,0.00029003679807006704,0.0020580009944576047,-1.3058012785557007e-07,1.0,0,0.25675341696478426,419.5657782908529,50,51900,,,,,0.017030466760193833,0.32928526822521953,0.0,0,4157798894,
1038,0.07425718734470609,0.0002867963926110644,0.002238562774788351,-1.4478791963947659e-07,1.0,0,0.26752512506209314,419.83338762493804,50,51950,,,,,0.016935063997843777,0.3429996831889281,0.0,0,1225924345,
1039,0.07425711270799623,0.0002859809521962994,0.0023451794977652632,-1.5927676903661757e-07,1.0,0,0.4795564580708742,420.3130261248443,50,52000,,,,,0.01691097135578851,0.32064901990960737,0.0,0,3286362750,
1040,0.07425703050115863,0.0002846594489418748,0.0016753301971581573,-8.886085012076414e-08,1.0,0,0.2717612918931991,420.5848666247912,50,52050,,,,,0.016871853749421694,0.32542339937918746,0.0,0,1235702522,
1041,0.0742569848059338,0.00028193775846494337,0.0023468579375790616,-1.610540318566491e-07,1.0,0,0.3401185420807451,420.9250680829864,50,52100,,,,,0.016791002306739862,0.3358006455138718,0.0,0,398757416,
1042,0.07425690190413059,0.0002814928268037918,0.0022367254764955277,-1.4555327000825193e-07,1.0,0,0.2546711661852896,421.1798183328938,50,52150,,,,,0.016777747965796595,0.33400292960484357,0.0,0,93647969,
1043,0.07425682682994893,0.0002813562771651691,0.0020070658036426665,-1.211024104111862e-07,1.0,0,0.2961040830705315,421.4759981657844,50,52200,,,,,0.016773678104851336,0.33310220915976296,0.0,0,156308893,
1044,0.07425676444043239,0.0002792805135104497,0.0021655516162880184,-1.370640863412371e-07,1.0,0,0.26179508306086063,421.73787095793523,50,52250,,,,,0.016711687931218966,0.3362435182338413,0.0,0,2311010831,
1045,0.07425669395980614,0.0002760597128538866,0.0017227516709721212,-9.064957186348084e-08,1.0,0,0.26209179079160094,422.0001023749355,50,52300,,,,,0.016615044774356963,0.33877799085614013,0.0,0,3128954703,
1046,0.07425664728953785,0.0002732035166303086,0.0017915902611861198,-9.681358100483109e-08,1.0,0,0.2598082919139415,422.26006033294834,50,52350,,,,,0.016528869187887856,0.34698195289345135,0.0,0,1461269338,
1047,0.07425659745360083,0.0002709283658561462,0.0020647882859754683,-1.2849001760225315e-07,1.0,0,0.25892345793545246,422.5190671249293,50,52400,,,,,0.016459901757183915,0.3382800257012289,0.0,0,773887583,
1048,0.07425653123736162,0.00027049400156736595,0.0021109302685683546,-1.2910776882637357e-07,1.0,0,0.268138709012419,422.7873467078898,50,52450,,,,,0.01644670184466679,0.32177746125803947,0.0,0,2808299602,
1049,0.07425646481733253,0.0002707195686008708,0.0020027039093267925,-1.1557736691793552e-07,1.0,0,0.28460679203271866,423.0721012079157,50,52500,,,,,0.016453557931367636,0.34688834750848585,0.0,0,3534984244,
1050,0.07425640526098787,0.000268417255313375,0.002099256298280838,-1.3210241419410614e-07,1.0,0,0.24684116686694324,423.31908483291045,50,52550,,,,,0.016383444549708557,0.3549603569895842,0.0,0,2000812490,
1051,0.07425633731707093,0.00026533502163252526,0.002172871179501891,-1.338103236116003e-07,1.0,0,0.2936135418713093,423.6127794999629,50,52600,,,,,0.016289107453526276,0.3403996614113795,0.0,0,3629786018,
1052,0.07425626854009323,0.00026436619151146444,0.001919421672939077,-1.0694788095266473e-07,1.0,0,0.270247750217095,423.88339550001547,50,52650,,,,,0.016259341669067184,0.3200043937696501,0.0,0,160842033,
1053,0.0742562135425827,0.0002621969852378289,0.0016501936117532862,-7.78634877084748e-08,1.0,0,0.2598143748473376,424.1497354998719,50,52700,,,,,0.016192497807251013,0.339730146176935,0.0,0,3220310192,
1054,0.07425617349937988,0.0002619303323944222,0.0014886748212056225,-7.103166074141525e-08,1.0,0,0.6388296252116561,424.78865487501025,50,52750,,,,,0.016184261873635825,0.3446449841791828,0.0,0,4268545667,
1055,0.07425613702120909,0.0002634179907668277,0.0019289357812016978,-1.1323877591468928e-07,1.0,0,0.6188595418352634,425.40760041587055,50,52800,,,,,0.016230156831245585,0.32114275847777307,0.0,0,4103493311,
1056,0.0742560788912615,0.000260430909583725,0.0019870732745743613,-1.1365811522856672e-07,1.0,0,0.6121555841527879,426.01990341581404,50,52850,,,,,0.01613787190380829,0.3444914111056198,0.0,0,1347230719,
1057,0.07425602035896456,0.00025937484182963187,0.0018455222404105366,-9.795525930608284e-08,1.0,0,0.4573404169641435,426.4773819579277,50,52900,,,,,0.016105118497845083,0.3307593524320326,0.0,0,62728633,
1058,0.07425596988827743,0.0002594115270586684,0.002012692953842188,-1.1649822126574797e-07,1.0,0,0.298970292089507,426.77649558288977,50,52950,,,,,0.016106257388315524,0.3306485017058933,0.0,0,1893999241,
1059,0.07425591004354593,0.00025810962545411967,0.001860034389833812,-9.557425868042718e-08,1.0,0,0.27759520802646875,427.05417379084975,50,53000,,,,,0.016065790533120978,0.35032950166108046,0.0,0,3553366784,
1060,0.07425586086119253,0.0002568436147633798,0.0016797503791048207,-8.422898623623529e-08,1.0,0,0.3837138330563903,427.4380301248748,50,53050,,,,,0.01602634127813893,0.3399059044067626,0.0,0,777155673,
1061,0.07425581762602537,0.00025464445143986357,0.0019501262316756,-1.1668545783852672e-07,1.0,0,0.29600662481971085,427.73412316595204,50,53100,,,,,0.01595758288212421,0.3416704442381851,0.0,0,3764323439,
1062,0.07425575755035838,0.00025456783612019747,0.0019881532810763322,-1.1744040601734534e-07,1.0,0,0.3025839999318123,428.03684233292006,50,53150,,,,,0.01595518210865039,0.33429194260806644,0.0,0,2945140124,
1063,0.07425569712859525,0.0002530864831670562,0.0018861320106124035,-1.0865076459444152e-07,1.0,0,0.3268089578486979,428.36379708279856,50,53200,,,,,0.01590869206336763,0.33203092558152153,0.0,0,1345941424,
1064,0.07425564125832176,0.0002578929255022718,0.0018950265038196036,-1.0169600712849286e-07,1.0,0,0.2855865000747144,428.6495320829563,50,53250,,,,,0.01605904497478825,0.3152640742372387,0.0,0,1738216141,
1065,0.07425558876804003,0.00025723802171041766,0.0018337712070042303,-9.927847504209758e-08,1.0,0,0.4265275001525879,429.0761489579454,50,53300,,,,,0.016038641516986956,0.3319510140785212,0.0,0,3636762265,
1066,0.07425553766355157,0.00025415535779722126,0.0018445259471381956,-9.465392506446723e-08,1.0,0,0.6739015828352422,429.7501911248546,50,53350,,,,,0.01594225071303363,0.3383159844193769,0.0,0,4217524088,
1067,0.0742554889382524,0.00025197016633765157,0.001661582356885509,-8.382761471920554e-08,1.0,0,0.8369838751386851,430.58800687501207,50,53400,,,,,0.015873568166535575,0.35442066843638664,0.0,0,2042735030,
1068,0.0742554458377079,0.0002492491249752498,0.001835584035071609,-9.876391377206283e-08,1.0,0,0.43496987503021955,431.0231279579457,50,53450,,,,,0.015787625691510734,0.3428162682874376,0.0,0,244940271,
1069,0.07425539512859068,0.0002486150517229665,0.0018745591853777256,-1.0288390659462941e-07,1.0,0,0.25730458297766745,431.28051883284934,50,53500,,,,,0.015767531567210086,0.3559323145302874,0.0,0,2386225337,
1070,0.07425534211975339,0.00024894554425148284,0.0017112922881075496,-9.01788110903845e-08,1.0,0,0.32152687502093613,431.6022089580074,50,53550,,,,,0.015778008247287832,0.3330712253098402,0.0,0,1066556835,
1071,0.07425529578988269,0.00024924560167739957,0.0019032855337783952,-1.05642994313051e-07,1.0,0,0.9934110830072314,432.5964602078311,50,53600,,,,,0.015787514106958053,0.35093053659779266,0.0,0,3982948926,
1072,0.07425524149058185,0.0002461952239546902,0.0019243912590127866,-1.11166265662462e-07,1.0,0,0.45960941701196134,433.05621587485075,50,53650,,,,,0.0156906094194805,0.3257041473872997,0.0,0,4111393668,
1073,0.07425518438919218,0.00024251976400206833,0.0016821241990076347,-8.50615380456886e-08,1.0,0,0.44637324986979365,433.5027254158631,50,53700,,,,,0.015573046073330302,0.3479042831469044,0.0,0,3659124447,
1074,0.0742551406474257,0.00024083654961035757,0.0017703866685086613,-9.359980952620171e-08,1.0,0,0.32672470808029175,433.829535999801,50,53750,,,,,0.015518909420779462,0.3386403089190075,0.0,0,801065295,
1075,0.07425509265577286,0.00024028973555415462,0.001857563689467422,-1.1028838252432244e-07,1.0,0,2.1208446249365807,435.95046004094183,50,53800,,,,,0.015501281739074179,0.32833668418379325,0.0,0,1540965401,
1076,0.07425503617552112,0.0002403276688953277,0.0019300371839282933,-1.1467939816697041e-07,1.0,0,0.43077304190956056,436.3816507498268,50,53850,,,,,0.015502505245776493,0.33447854327911875,0.0,0,1513281111,
1077,0.0742549771378484,0.00023815505129838008,0.0016942120477973783,-8.837289116046263e-08,1.0,0,0.69187495787628,437.073622707976,50,53900,,,,,0.015432273043799481,0.3469560235127841,0.0,0,2614267255,
1078,0.07425493184159698,0.00023747805542826623,0.0015803137278461849,-7.468628373581596e-08,1.0,0,0.9476892501115799,438.02141299983487,50,53950,,,,,0.015410323015052806,0.352429894006915,0.0,0,776189636,
1079,0.07425489340011432,0.00023602469723358946,0.0016932417102923873,-8.444878796770674e-08,1.0,0,0.6914359999354929,438.7129380828701,50,54000,,,,,0.01536309530119466,0.3376845240759288,0.0,0,2874347997,
1080,0.07425484997984688,0.00023571376186658138,0.0015986904247225282,-7.61276838863579e-08,1.0,0,0.3068973331246525,439.0199472079985,50,54050,,,,,0.015352972411444676,0.33511178930572205,0.0,0,3897885234,
1081,0.07425481086725434,0.00023194282407927222,0.0012573325688891687,-4.7453988672678334e-08,1.0,0,0.3713862500153482,439.39143704087473,50,54100,,,,,0.015229669204525495,0.34017741827411035,0.0,0,1512943351,
1082,0.07425478652689138,0.00023051775506793427,0.0018952630210427419,-1.0259513945049522e-07,1.0,0,0.2852172090206295,439.6767421248369,50,54150,,,,,0.015182811171450901,0.33176248840869643,0.0,0,2164416337,
1083,0.07425473372030605,0.0002308678876616185,0.001314045856600366,-5.3180952872143176e-08,1.0,0,0.3636082080192864,440.04049649997614,50,54200,,,,,0.015194337355133935,0.348015809552762,0.0,0,3352951370,
1084,0.07425470643820492,0.00022966144789718056,0.0018776145773720387,-9.865828792783854e-08,1.0,0,0.8926483748946339,440.9332284578122,50,54250,,,,,0.015154585045364342,0.3253866199126192,0.0,0,3640596267,
1085,0.07425465568165557,0.00022656749973161313,0.0017961846865366274,-9.136344155333786e-08,1.0,0,0.7464707910548896,441.67990174982697,50,54300,,,,,0.015052159304618494,0.3389564847225253,0.0,0,1305475971,
1086,0.07425460875210797,0.00022553500240405717,0.001499373724682027,-6.909543540022168e-08,1.0,0,0.6364861249458045,442.31654066592455,50,54350,,,,,0.015017822825032168,0.3476985148891856,0.0,0,4275150297,
1087,0.07425457329960525,0.00022411641259131531,0.0018133596015658907,-9.582474836511199e-08,1.0,0,0.38858141703531146,442.70527854096144,50,54400,,,,,0.014970518113656432,0.3196846566234094,0.0,0,1423627244,
1088,0.07425452411820849,0.00022608379619887056,0.0017422934838149048,-9.171033478877094e-08,1.0,0,0.7389170001260936,443.44428104092367,50,54450,,,,,0.015036083140195474,0.33242578348467544,0.0,0,3941115762,
1089,0.074254477102067,0.0002246850950646994,0.0016525028016564699,-8.503502379952958e-08,1.0,0,0.29615962505340576,443.7405698329676,50,54500,,,,,0.014989499493468733,0.33224967296050484,0.0,0,234110520,
1090,0.07425443350640712,0.00022378379708373395,0.001753806985179668,-9.16005840999233e-08,1.0,0,0.32319137500599027,444.06390679092146,50,54550,,,,,0.014959404970911576,0.34159213556714735,0.0,0,4118428672,
1091,0.07425438663558499,0.00022061634442844844,0.001470731986279468,-6.364904315104535e-08,1.0,0,0.5630828749854118,444.6270731659606,50,54600,,,,,0.01485315940897587,0.32009538121274034,0.0,0,2791074725,
1092,0.07425435396139757,0.00021963819514775145,0.001723084021880344,-8.720250029721563e-08,1.0,0,0.2767113340087235,444.9039602498524,50,54650,,,,,0.014820195516515679,0.34407822608929434,0.0,0,2772326934,
1093,0.0742543092627668,0.00021944593412907682,0.0015591022134003873,-7.434454968905414e-08,1.0,0,0.6429842079523951,445.5470291248057,50,54700,,,,,0.014813707642891999,0.3387769657043395,0.0,0,3756834440,
1094,0.07425427116268765,0.0002159444304780446,0.0015259239269762928,-7.387243502322615e-08,1.0,0,0.3529728332068771,445.9000779998023,50,54750,,,,,0.014695047821563719,0.33674075722785907,0.0,0,162221322,
1095,0.07425423330703411,0.00021185946525610844,0.001658272237699422,-8.512752073266533e-08,1.0,0,0.5200534998439252,446.4202742499765,50,54800,,,,,0.014555392995591306,0.32385040706384255,0.0,0,3780185922,
1096,0.07425418970321518,0.00021099500335154683,0.0013113344729569342,-5.354699989879337e-08,1.0,0,0.34716029185801744,446.76752416579984,50,54850,,,,,0.014525667053583007,0.3327582673662631,0.0,0,2993037203,
1097,0.07425416229543416,0.00021021600440427894,0.0014085715842297895,-6.085807300992271e-08,1.0,0,0.2815599169116467,447.0492292079143,50,54900,,,,,0.014498827690688615,0.33787592063495564,0.0,0,3555141874,
1098,0.07425413110446116,0.00020799703295369288,0.0014140553257449525,-5.975256390006639e-08,1.0,0,0.6738444590009749,447.7231585828122,50,54950,,,,,0.014422102237666077,0.3303209727075891,0.0,0,1218858111,
1099,0.07425410043712444,0.00020706237915514895,0.00159389235461452,-7.543902607561096e-08,1.0,0,0.503762082895264,448.2270099159796,50,55000,,,,,0.014389662232142523,0.3378166713404397,0.0,0,2930246575,
1100,0.07425406173143352,0.00020550815541989868,0.0013748954006084163,-5.957753098899832e-08,1.0,0,0.6669310419820249,448.89411066588946,50,55050,,,,,0.014335555636943364,0.32082658755735827,0.0,0,3142602179,
1101,0.07425403123426524,0.00020605099375864769,0.0012755111544280949,-5.022799003906694e-08,1.0,0,0.8250431660562754,449.7194082078058,50,55100,,,,,0.014354476436242726,0.3451203063830041,0.0,0,317464750,
1102,0.07425400556968087,0.00020617386790371844,0.0012683048765887422,-4.6969863691661954e-08,1.0,0,0.8865833750460297,450.60613183281384,50,55150,,,,,0.014358755792328193,0.3428588982547958,0.0,0,1179993157,
1103,0.07425398147744791,0.00020565579913333005,0.0012881488111091892,-5.1779447768334934e-08,1.0,0,0.6321003749035299,451.23833004082553,50,55200,,,,,0.014340704276057367,0.34352696031542074,0.0,0,750600515,
1104,0.07425395499204768,0.0002042023898475478,0.0015046728814112785,-6.688847627565567e-08,1.0,0,1.7415785840712488,452.98003358300775,50,55250,,,,,0.014289940162490107,0.35358130568689317,0.0,0,915972927,
1105,0.07425392065907747,0.0002052509000920303,0.001489318986386622,-6.715866779670275e-08,1.0,0,0.3995654999744147,453.3797104158439,50,55300,,,,,0.014326580195288418,0.3340035494282431,0.0,0,355348141,
1106,0.07425388623621992,0.00020497004649655456,0.0017032327828877534,-8.45370866623514e-08,1.0,0,0.3864532499574125,453.7662441658322,50,55350,,,,,0.014316775003350251,0.3590233426161805,0.0,0,108622775,
1107,0.07425384287451108,0.00020524226431837224,0.0017457269342162475,-9.208683706485546e-08,1.0,0,0.6101093329489231,454.3765391658526,50,55400,,,,,0.01432627880220025,0.32597089571743015,0.0,0,4286633409,
1108,0.07425379568528437,0.00020401286213824558,0.0013904875348287424,-5.6816423514078956e-08,1.0,0,0.46010133414529264,454.83675045799464,50,55450,,,,,0.01428330711488924,0.33725729346261357,0.0,0,2251161575,
1109,0.07425376655346808,0.00020508584813690663,0.0011340495874231611,-3.875353070384581e-08,1.0,0,0.2790496658999473,455.11614649998955,50,55500,,,,,0.014320818696460989,0.36137229057099446,0.0,0,703985763,
1110,0.07425374667904774,0.0002050031548773266,0.0017328506650387521,-8.930107456537605e-08,1.0,0,0.7900359998457134,455.906271582935,50,55550,,,,,0.014317931235947693,0.33436066815967974,0.0,0,4022602335,
1111,0.07425370090148412,0.00020308757900433676,0.0014988566707814302,-6.719599183889448e-08,1.0,0,1.0223692499566823,456.9288452079054,50,55600,,,,,0.014250879937896354,0.349962517246363,0.0,0,2998157860,
1112,0.07425366651117407,0.0002034246628247911,0.0016899517571460744,-8.887526366705603e-08,1.0,0,0.5449374590534717,457.4739298329223,50,55650,,,,,0.014262701806628052,0.3546425130746138,0.0,0,3693073862,
1113,0.07425362101682353,0.00020172053669479908,0.0014746445599796668,-6.447457453187902e-08,1.0,0,1.085962374927476,458.5600421659183,50,55700,,,,,0.014202835516008734,0.3360722202924722,0.0,0,1813390517,
1114,0.0742535879722859,0.0001979907349172957,0.001542887667158646,-6.980731300231409e-08,1.0,0,1.5445617081131786,460.104760290822,50,55750,,,,,0.014070918055240592,0.32515141217798343,0.0,0,3269665291,
1115,0.07425355221549093,0.00019733412649215856,0.0015306355421071944,-6.965304928636283e-08,1.0,0,1.239477958995849,461.3447069998365,50,55800,,,,,0.01404756656834765,0.33206785128452354,0.0,0,3454012504,
1116,0.07425351649175371,0.0001952382982204409,0.0016466598285179795,-7.85129618028409e-08,1.0,0,1.0474446250591427,462.3923025408294,50,55850,,,,,0.013972769883614376,0.33905147855638956,0.0,0,3686608067,
1117,0.07425347619139624,0.00019338709214376145,0.001359515393495694,-5.6769425750708476e-08,1.0,0,1.481990542029962,463.8745313328691,50,55900,,,,,0.013906368761965196,0.3371578185278826,0.0,0,113868425,
1118,0.07425344710575889,0.00019331407546928985,0.001204339491199103,-4.3444698577631206e-08,1.0,0,0.9937972920015454,464.8684286659118,50,55950,,,,,0.013903743217899627,0.353974603615453,0.0,0,1909857873,
1119,0.07425342486397102,0.00019253198696641527,0.001295500786196103,-5.1541161565420763e-08,1.0,0,1.0954382088966668,465.96396045782603,50,56000,,,,,0.013875589607883885,0.3439102769077071,0.0,0,3575516468,
1120,0.07425339849450435,0.0001913898933372226,0.0013958205442459336,-5.741902911578222e-08,1.0,0,1.1729657920077443,467.1370133748278,50,56050,,,,,0.013834373615643847,0.3477527782317088,0.0,0,1200326570,
1121,0.07425336911719876,0.00018829114701056905,0.0013408978247936435,-5.384900882084012e-08,1.0,0,1.3044386669062078,468.44166820799,50,56100,,,,,0.013721922132506403,0.3245143447059645,0.0,0,2225323994,
1122,0.074253341554094,0.00018757011500517205,0.001449897944034883,-6.53732671804087e-08,1.0,0,1.0638825001660734,469.50570916594006,50,56150,,,,,0.013695623936322582,0.3417055606189597,0.0,0,2844383989,
1123,0.0742533080563273,0.00018543109885296144,0.001341809704077468,-5.3985431576052475e-08,1.0,0,1.0738704579416662,470.5797144579701,50,56200,,,,,0.0136173087962696,0.32550515713032724,0.0,0,1170244567,
1124,0.0742532804431894,0.00018286920382842322,0.0014775219831572432,-6.133794623883868e-08,1.0,0,1.0162616667803377,471.5961347077973,50,56250,,,,,0.01352291402873002,0.34227321656822063,0.0,0,3781746875,
1125,0.07425324905642128,0.00018277952408323137,0.0013880710889855555,-5.3269524180289706e-08,1.0,0,0.6565344999544322,472.2528581658844,50,56300,,,,,0.013519597778160095,0.3322155474492037,0.0,0,4207753705,
1126,0.07425322175810993,0.0001829372409733043,0.0011706497412997759,-4.060429854387822e-08,1.0,0,0.3872665408998728,472.6402318328619,50,56350,,,,,0.013525429419183123,0.34745958236411106,0.0,0,1208923320,
1127,0.0742532009613194,0.00018310411668154554,0.0013526270499319285,-5.6854416501991695e-08,1.0,0,0.3953346249181777,473.0357086658478,50,56400,,,,,0.013531596974546114,0.33385821326166876,0.0,0,2202786815,
1128,0.0742531718508391,0.00018391990418618832,0.0015027247924828465,-6.565036802216499e-08,1.0,0,0.44076841697096825,473.47657020785846,50,56450,,,,,0.013561707274019312,0.34029979322328086,0.0,0,3444660402,
1129,0.07425313824394685,0.00018233737494252313,0.0011198688675886617,-3.690968882736797e-08,1.0,0,0.7757930420339108,474.2525710829068,50,56500,,,,,0.01350323572120857,0.3571607918701567,0.0,0,3404024700,
1130,0.07425311939626644,0.0001807271949997971,0.001158668262582861,-4.389255774566653e-08,1.0,0,0.8986479169689119,475.1513606249355,50,56550,,,,,0.013443481505911967,0.334376327273952,0.0,0,168756926,
1131,0.07425309696133484,0.00017980771605148485,0.0014031257138067178,-6.18630392398041e-08,1.0,0,0.6704264578875154,475.82188541581854,50,56600,,,,,0.013409239950552189,0.3411626551871979,0.0,0,3114412073,
1132,0.07425306536978454,0.0001799659069492024,0.001414332517552607,-5.8263735500282537e-08,1.0,0,0.4703011668752879,476.29233262501657,50,56650,,,,,0.013415137231843824,0.34599357421265436,0.0,0,519270692,
1133,0.07425303552515278,0.00017815495665478507,0.0013830748638025208,-5.299051802098661e-08,1.0,0,0.7147140000015497,477.00714158290066,50,56700,,,,,0.01334747004697089,0.3554068526748516,0.0,0,3726538523,
1134,0.07425300831876877,0.00017767866751660237,0.0013398232841359808,-5.099143406513063e-08,1.0,0,0.8964331250172108,477.9036668748595,50,56750,,,,,0.013329616180393281,0.3418805247211254,0.0,0,3357592937,
1135,0.07425298217341375,0.0001774441266474138,0.0011088187246830173,-3.5972075932509186e-08,1.0,0,0.9871937921270728,478.8909580828622,50,56800,,,,,0.013320815539876445,0.3440653093982194,0.0,0,1241605792,
1136,0.07425296380711632,0.00017625760744885012,0.001203386369354856,-4.326943084166909e-08,1.0,0,0.7728541661053896,479.6639870000072,50,56850,,,,,0.013276204557359386,0.3315595073502811,0.0,0,1018097784,
1137,0.07425294164436248,0.00017469249617103888,0.0011538829911294723,-4.0664867127995414e-08,1.0,0,0.9359628329984844,480.6003417908214,50,56900,,,,,0.013217128892881347,0.33673837267186824,0.0,0,660812511,
1138,0.07425292083332805,0.00017262344465120616,0.001328302160621299,-5.388785449658308e-08,1.0,0,0.5530004999600351,481.1534912500065,50,56950,,,,,0.013138624153662596,0.35267305405482596,0.0,0,3604817212,
1139,0.07425289327303533,0.00016971492897810113,0.0009150586615954573,-2.5911510015112266e-08,1.0,0,0.6798563750926405,481.83343845792115,50,57000,,,,,0.013027468248976895,0.35034486581574303,0.0,0,823776859,
1140,0.07425288002737965,0.000169354220997128,0.0012508980360250242,-4.7026937644186494e-08,1.0,0,0.9183447088580579,482.7518684999086,50,57050,,,,,0.013013616753121631,0.34081700407624377,0.0,0,1982934644,
1141,0.07425285596234259,0.00016845663154861412,0.001250709628649289,-4.641958192906277e-08,1.0,0,0.965767125133425,483.71774312481284,50,57100,,,,,0.012979084387914817,0.32809472832383885,0.0,0,3600896808,
1142,0.07425283226276559,0.00016705500739107985,0.0011532979595664998,-3.915066616956134e-08,1.0,0,0.951196082867682,484.66908716596663,50,57150,,,,,0.012924976107950058,0.3196810749888239,0.0,0,2021054981,
1143,0.07425281222094025,0.0001686043545022211,0.001212887602890897,-4.4455511409971104e-08,1.0,0,0.9487690830137581,485.61800899985246,50,57200,,,,,0.012984773948830264,0.34249131183766757,0.0,0,2097785933,
1144,0.07425278947607938,0.00016847975338004547,0.0014916014958929317,-6.681862819786029e-08,1.0,0,0.90636320784688,486.5247979159467,50,57250,,,,,0.012979975091657358,0.33688984367039576,0.0,0,1721419823,
1145,0.07425275530501173,0.00016511147693727723,0.0012149431017683813,-4.470063319519851e-08,1.0,0,0.9294345418456942,487.45438224985264,50,57300,,,,,0.012849571079895128,0.3307176071456489,0.0,0,293539344,
1146,0.07425273245856495,0.0001653883380674978,0.0013876218519840741,-5.511383019956262e-08,1.0,0,0.9747100418899208,488.42919579078443,50,57350,,,,,0.012860339733751119,0.3300327444040077,0.0,0,3993161908,
1147,0.07425270425674654,0.0001646886771640378,0.001145943995367098,-3.8189709078872025e-08,1.0,0,0.8523944169282913,489.28167004091665,50,57400,,,,,0.012833108632129544,0.34594864086808247,0.0,0,4204720110,
1148,0.07425268470640126,0.0001660149090244929,0.0014084471252988498,-5.7703800052086624e-08,1.0,0,0.7202847090084106,490.0020992909558,50,57450,,,,,0.012884677296094493,0.3340232642717128,0.0,0,4235548262,
1149,0.07425265519370937,0.00016763443161121262,0.001496643693494013,-6.315025708112217e-08,1.0,0,0.5993137920740992,490.601510749897,50,57500,,,,,0.012947371610145923,0.33345515243778867,0.0,0,1925531278,
1150,0.07425262279712194,0.00016756204850315834,0.0012502415229572051,-4.7597341494438634e-08,1.0,0,0.6091080829501152,491.21078262501396,50,57550,,,,,0.012944576026396475,0.3398179900288875,0.0,0,2111486621,
1151,0.07425259842669354,0.00016561811824424805,0.0011554315077084683,-4.077265795262641e-08,1.0,0,0.7975148749537766,492.0084360409528,50,57600,,,,,0.01286927030737361,0.33717993157844106,0.0,0,1862634715,
1152,0.07425257757189016,0.00016573199973442108,0.0012000554575002306,-4.110631120184075e-08,1.0,0,0.4413234170060605,492.4498521659989,50,57650,,,,,0.012873694098215208,0.3471673847378351,0.0,0,4262167335,
1153,0.0742525565662818,0.00016465680060652935,0.001284920192863989,-5.0691533282779536e-08,1.0,0,0.7889430839568377,493.2388803327922,50,57700,,,,,0.012831866606481277,0.3402537454938241,0.0,0,3895365629,
1154,0.07425253066752527,0.00016338925039876076,0.0009352957037420374,-2.6723246377789548e-08,1.0,0,0.806495709111914,494.0458622078877,50,57750,,,,,0.012782380466828577,0.3280585944276912,0.0,0,3584108894,
1155,0.07425251699797933,0.00016179720579176813,0.0010586424854443788,-3.309812399104568e-08,1.0,0,0.8983511249534786,494.9443667908199,50,57800,,,,,0.012719953057765902,0.3281077326637792,0.0,0,2308405874,
1156,0.07425250009034837,0.00016160926555238944,0.0012831775131911477,-5.167073569241811e-08,1.0,0,0.8629682501778007,495.8074795829598,50,57850,,,,,0.012712563295904939,0.33434619002681165,0.0,0,3818782889,
1157,0.07425247373226816,0.0001581434058330205,0.0011670434436908072,-4.182591643632187e-08,1.0,0,0.8089226670563221,496.61655224999413,50,57900,,,,,0.012575508173947505,0.3454044501688171,0.0,0,3500182243,
1158,0.07425245237435599,0.0001573197131340539,0.0010346721652010741,-3.360492403799773e-08,1.0,0,0.9107065419666469,497.5274034999311,50,57950,,,,,0.012542715540665581,0.3325999231723462,0.0,0,396391598,
1159,0.07425243521837485,0.00015514375109373872,0.0012178568233055962,-4.510478945115105e-08,1.0,0,0.9298461668659002,498.45738137490116,50,58000,,,,,0.012455671442910604,0.3425036312154757,0.0,0,3711193496,
1160,0.0742524122171925,0.0001524910164453403,0.0010442127827013418,-3.3268189837179547e-08,1.0,0,0.9441731250844896,499.4017013749108,50,58050,,,,,0.012348725296375342,0.3393347448707422,0.0,0,131079682,
1161,0.07425239524004473,0.00015309020102504043,0.001284634568781952,-4.7375196866883577e-08,1.0,0,0.929624083917588,500.3317090407945,50,58100,,,,,0.012372962499944806,0.3280152696503095,0.0,0,1538858546,
1162,0.07425237103063326,0.00015276965738200018,0.0009222274661888464,-2.7323871633841907e-08,1.0,0,0.922235915903002,501.25408224994317,50,58150,,,,,0.012360002321278107,0.3293620623405014,0.0,0,1885729032,
1163,0.07425235708993888,0.00015143915852451425,0.0012480091150892634,-4.806489867758497e-08,1.0,0,0.9478899168316275,502.2021330827847,50,58200,,,,,0.012306061860908804,0.3452805986281867,0.0,0,3271021456,
1164,0.07425233255657902,0.00014912404611290312,0.0011551252936109252,-3.847876993625236e-08,1.0,0,1.059277334017679,503.26154704089276,50,58250,,,,,0.012211635685398705,0.32229877745854346,0.0,0,310865107,
1165,0.07425231288487674,0.0001486606891893014,0.0011223665909816235,-3.661781878606585e-08,1.0,0,0.987740500131622,504.2495444158558,50,58300,,,,,0.012192648981632392,0.342339157688466,0.0,0,390505689,
1166,0.07425229417892631,0.00014838205514949054,0.0008466618972885771,-2.150027463020629e-08,1.0,0,0.8685617079026997,505.11825354094617,50,58350,,,,,0.012181217309837738,0.3532384819868537,0.0,0,297095782,
1167,0.07425228320445643,0.00014806941756401965,0.0012750314214614014,-4.8916429916642526e-08,1.0,0,1.0721419579349458,506.1907902499661,50,58400,,,,,0.012168377770435123,0.3270965715458146,0.0,0,1641567232,
1168,0.07425225821905851,0.00014811118821393086,0.001208326791903894,-4.201424762871429e-08,1.0,0,1.0047191248741,507.1956335408613,50,58450,,,,,0.012170094010069554,0.31016434337303544,0.0,0,4050675293,
1169,0.07425223675114645,0.00014830154318015414,0.0008319883949926148,-2.1758905239770095e-08,1.0,0,1.0142471669241786,508.21002591587603,50,58500,,,,,0.012177912102661692,0.3469567588358171,0.0,0,3088977011,
1170,0.07425222567207276,0.0001471784045387953,0.000821884393058088,-1.9339545921544213e-08,1.0,0,1.0677450001239777,509.2779170409776,50,58550,,,,,0.012131710701248827,0.3388059167159208,0.0,0,4160989201,
1171,0.07425221579104518,0.000147331484669138,0.001200264382492705,-4.433868947456941e-08,1.0,0,0.9123306658584625,510.19034087494947,50,58600,,,,,0.01213801815244721,0.33976565719901786,0.0,0,2423896629,
1172,0.07425219319067176,0.0001445368718621231,0.0009746863031569446,-2.6933011144017366e-08,1.0,0,0.5121175001841038,510.702557957964,50,58650,,,,,0.01202234884962681,0.331295815904016,0.0,0,3922631729,
1173,0.07425217942194626,0.00014433473359913435,0.0011677633960317602,-4.076173253902957e-08,1.0,0,0.6121781668625772,511.3159961248748,50,58700,,,,,0.012013939137482525,0.34551919872169956,0.0,0,1543793951,
1174,0.0742521586091408,0.00014308500455290912,0.0009935284156965657,-3.036666776817146e-08,1.0,0,0.8796479580923915,512.1961208749563,50,58750,,,,,0.01196181443397736,0.3363769176316334,0.0,0,3488175777,
1175,0.0742521431397132,0.0001420690123330052,0.0011730062210381952,-4.0964235281680463e-08,1.0,0,0.8256317088380456,513.0226611248218,50,58800,,,,,0.011919270629237562,0.3301115091007465,0.0,0,2845478772,
1176,0.07425212222775378,0.0001402095922135712,0.0011851241981032964,-4.010614957055991e-08,1.0,0,0.8467036669608206,513.8694655408617,50,58850,,,,,0.011841013141347796,0.3370126361782177,0.0,0,1365076302,
1177,0.07425210172665808,0.0001407346657537134,0.001028099495607773,-3.148420854322789e-08,1.0,0,0.9290979998186231,514.7987077077851,50,58900,,,,,0.011863164238672303,0.3350793271888688,0.0,0,191616217,
1178,0.07425208565348372,0.0001400447234728962,0.0011419802333110136,-4.081130380427394e-08,1.0,0,0.9151540000457317,515.7140275409911,50,58950,,,,,0.011834049326958892,0.320976616613417,0.0,0,615549252,
1179,0.07425206483197128,0.00014029682724727533,0.000995218536073854,-3.118756232937286e-08,1.0,0,1.0195045408327132,516.7336858748458,50,59000,,,,,0.011844696165257906,0.3516825128436088,0.0,0,2187318057,
1180,0.07425204893046111,0.00014073478608968802,0.0008920264019771883,-2.4499156185158848e-08,1.0,0,0.7037145828362554,517.4374919999391,50,59050,,,,,0.011863169310504173,0.32600237728450154,0.0,0,1856270045,
1181,0.07425203642879577,0.00014108904823994638,0.0010391923845380646,-3.0355003002433917e-08,1.0,0,0.3525437500793487,517.7901762498077,50,59100,,,,,0.011878091102527645,0.33723413558987414,0.0,0,1649687285,
1182,0.0742520209251201,0.0001400321450210196,0.0009888725176351101,-3.023536452406359e-08,1.0,0,0.40179079095833004,518.19205508288,50,59150,,,,,0.01183351786329913,0.32507056509816656,0.0,0,1472209769,
1183,0.07425200549755209,0.0001391823774711952,0.0009825352665934174,-3.0301404854561585e-08,1.0,0,0.4676345828920603,518.6598369579297,50,59200,,,,,0.01179755811476236,0.34597965285791255,0.0,0,270958356,
1184,0.07425199004313787,0.00013698025457147656,0.0009015754436650845,-2.3568925352330223e-08,1.0,0,0.4183894998859614,519.0786333750002,50,59250,,,,,0.01170385639742203,0.3408507685605631,0.0,0,1886929489,
1185,0.07425197800761217,0.0001359585384592417,0.0009573384776944574,-2.844256870497923e-08,1.0,0,0.4199310000985861,519.4987091659568,50,59300,,,,,0.011660126005290067,0.33627845009582447,0.0,0,3858539586,
1186,0.07425196350002804,0.0001348154028768454,0.0009545501324135256,-2.9580769828423863e-08,1.0,0,0.3847465410362929,519.8835495410021,50,59350,,,,,0.011611003525830376,0.3466442604992538,0.0,0,3458495381,
1187,0.07425194842059683,0.00013426632057612117,0.0010254784738050837,-3.245280963948403e-08,1.0,0,0.5472472500987351,520.4309437079355,50,59400,,,,,0.01158733448969698,0.3433461158276064,0.0,0,2355384152,
1188,0.07425193188044259,0.00013332921474940428,0.0008479322656309065,-2.3262038762477383e-08,1.0,0,0.6282395829912275,521.059322624933,50,59450,,,,,0.011546827042499782,0.3437840153413496,0.0,0,4186420296,
1189,0.07425192002488648,0.00013341848815046035,0.0009399089358012028,-2.6514489533118658e-08,1.0,0,0.3829584170598537,521.4424239159562,50,59500,,,,,0.011550692106989103,0.3297473797062302,0.0,0,763003990,
1190,0.0742519065069702,0.00013254366085857988,0.0008518249002278951,-2.1532974043183844e-08,1.0,0,0.4916243329644203,521.9342101658694,50,59550,,,,,0.011512760783521035,0.3348001012492287,0.0,0,1208585763,
1191,0.07425189553278967,0.00013233632801401036,0.0009627863782529043,-2.7417817974443093e-08,1.0,0,0.3673300831578672,522.3016915409826,50,59600,,,,,0.011503752779593725,0.3394221069740604,0.0,0,2011747038,
1192,0.07425188154347688,0.00013132835953247714,0.0007805061466859874,-1.880268543264493e-08,1.0,0,0.4426804161630571,522.7459827079438,50,59650,,,,,0.011459858617473303,0.3285481419085891,0.0,0,1569437926,
1193,0.07425187194711604,0.00013197899729338087,0.0009338222419187188,-2.6190728955726434e-08,1.0,0,0.4218009589239955,523.167869332945,50,59700,,,,,0.011488211231230947,0.33402469721039363,0.0,0,2528622561,
1194,0.07425185859088439,0.00013089039525986736,0.001079426708438182,-3.3891328000400515e-08,1.0,0,0.43763120798394084,523.6055921658408,50,59750,,,,,0.011440734035011361,0.3429519868727387,0.0,0,3664327592,
1195,0.0742518412795585,0.000129326199819775,0.0010877044225958848,-3.4398803014694674e-08,1.0,0,0.3664335000794381,523.9721113329288,50,59800,,,,,0.011372167771351908,0.3269255458334284,0.0,0,1057339039,
1196,0.0742518237533615,0.00012777321366345664,0.0008761054826688663,-2.2074299858040897e-08,1.0,0,0.4214771669358015,524.3936889159959,50,59850,,,,,0.011303681420822892,0.33648211006507367,0.0,0,782453173,
1197,0.07425181249635869,0.00012638200264224292,0.000992599545507614,-2.9608068589353876e-08,1.0,0,0.3549092919565737,524.7489807079546,50,59900,,,,,0.011241975032984325,0.350383952232754,0.0,0,1958766411,
1198,0.07425179740628576,0.00012541094863673257,0.0008996246693991046,-2.362901381548906e-08,1.0,0,0.4010452500078827,525.1501132079866,50,59950,,,,,0.011198702989039962,0.3415748312558837,0.0,0,3328695880,
1199,0.0742517853371605,0.00012361399339994825,0.0009297795504627447,-2.589180015144956e-08,1.0,0,0.3886944998521358,525.5388988750055,50,60000,,,,,0.011118183008025558,0.33597384092088806,0.0,0,3572044725,
1200,0.0742517721271809,0.0001232749978446627,0.0008825688528307705,-2.3274761777164182e-08,1.0,0,0.40993999992497265,525.9489220830146,50,60050,,,,,0.011102927444807639,0.32155827637118906,0.0,0,1621510664,
1201,0.07425176026791952,0.00012389719497364238,0.0011526411875633943,-3.5389196845997505e-08,1.0,0,0.5059298749547452,526.4550093750004,50,60100,,,,,0.011130911686544027,0.33105313342719866,0.0,0,1767223315,
1202,0.07425174217659121,0.00012507948359897467,0.0009410739796092632,-2.6877359577211824e-08,1.0,0,0.40840970911085606,526.8635106659494,50,60150,,,,,0.011183893937219481,0.3442353912281312,0.0,0,893039447,
1203,0.07425172848485515,0.00012443025249115773,0.0008543131197436552,-2.138137480794857e-08,1.0,0,0.46756166592240334,527.3311490409542,50,60200,,,,,0.011154830903745593,0.3400754371090948,0.0,0,439006869,
1204,0.07425171757461062,0.00012358175065600014,0.000911461918572434,-2.5010937937999595e-08,1.0,0,0.4019589589443058,527.7331935409456,50,60250,,,,,0.011116732912866087,0.33475652104188575,0.0,0,248614053,
1205,0.07425170480084355,0.00012249187635405466,0.0008543266478479432,-2.2121977116428792e-08,1.0,0,0.3985312080476433,528.1318162907846,50,60300,,,,,0.011067604815589265,0.3575262267463764,0.0,0,2558057259,
1206,0.07425169351871537,0.00012134242292100727,0.0006475183019360473,-1.3124222741737526e-08,1.0,0,0.3635880828369409,528.495553374989,50,60350,,,,,0.011015553681999251,0.3374943834757155,0.0,0,3077898195,
1207,0.07425168683522676,0.0001212237898007207,0.0007462167982572306,-1.7503901558078997e-08,1.0,0,0.41350125009194016,528.9091960408259,50,60400,,,,,0.011010167564606849,0.33398943794971697,0.0,0,3609839437,
1208,0.07425167791499077,0.00012063874231217118,0.0006826687135821201,-1.5691089632476176e-08,1.0,0,0.38657204201444983,529.2959872079082,50,60450,,,,,0.010983566921185994,0.33301725573267915,0.0,0,3922472352,
1209,0.07425166992522815,0.00012019088078290805,0.0007919410283820181,-1.8397582542406405e-08,1.0,0,0.3949800420086831,529.6911007498857,50,60500,,,,,0.010963160164063464,0.332517523258096,0.0,0,2728137504,
1210,0.0742516605530209,0.00011999347720384256,0.0008197045993915817,-2.0695716189514564e-08,1.0,0,0.4317463750485331,530.1229931248818,50,60550,,,,,0.010954153422507946,0.34852544306807554,0.0,0,198896262,
1211,0.07425165001223222,0.0001205431921336117,0.0009304543120879138,-2.7418179065916427e-08,1.0,0,0.36039224988780916,530.4838428329676,50,60600,,,,,0.010979216371563669,0.3338084766726311,0.0,0,4187812557,
1212,0.07425163606737459,0.00011960062533573386,0.0009089972377578356,-2.2759184183198845e-08,1.0,0,0.5574671248905361,531.0414470408577,50,60650,,,,,0.010936207081787263,0.3300570186749369,0.0,0,652046985,
1213,0.0742516244398849,0.00011884240433807355,0.0008774053044498126,-2.258809811490794e-08,1.0,0,0.37519633304327726,531.4167409997899,50,60700,,,,,0.010901486336187077,0.32424371087870035,0.0,0,3446296531,
1214,0.07425161292977703,0.0001174993752754508,0.0009559243749304329,-2.693792422200288e-08,1.0,0,0.4428532919846475,531.8597390828654,50,60750,,,,,0.010839712877906443,0.3483308087348461,0.0,0,3517698414,
1215,0.07425159920320304,0.00011702073906390051,0.0006778610515381553,-1.449341768804301e-08,1.0,0,0.38327633403241634,532.2431822498329,50,60800,,,,,0.010817612447481214,0.32986253237795293,0.0,0,3002768620,
1216,0.07425159182705951,0.00011616036287656046,0.0009318279624959273,-2.4390386643426836e-08,1.0,0,0.4187079581897706,532.6640017079189,50,60850,,,,,0.01077777170274823,0.33344848334622007,0.0,0,3864986934,
1217,0.07425157936523233,0.00011591245066507015,0.0009270294112073611,-2.4998634049068616e-08,1.0,0,0.3920087500009686,533.0560948329512,50,60900,,,,,0.0107662644712579,0.32825593395051633,0.0,0,1641610178,
1218,0.07425156660532423,0.00011388064710524756,0.0007827871966268667,-1.8301257758985254e-08,1.0,0,0.40161141590215266,533.4577872077934,50,60950,,,,,0.010671487576961684,0.3271866357430776,0.0,0,116944257,
1219,0.07425155727993873,0.00011176837623372757,0.0009020456762301867,-2.4104768609155475e-08,1.0,0,0.39181570801883936,533.8497750828974,50,61000,,,,,0.010572056386234778,0.3491832923769829,0.0,0,3087699049,
1220,0.07425154500317183,0.0001112677368593584,0.0009549062561759685,-2.562801079167347e-08,1.0,0,0.41458470816724,534.2644404158928,50,61050,,,,,0.010548352329125075,0.344117734398399,0.0,0,2210305122,
1221,0.07425153193786532,0.00011034717442268251,0.0008900323492914645,-2.2899502100599294e-08,1.0,0,0.3676427921745926,534.6321711249184,50,61100,,,,,0.010504626334272082,0.3309081425739285,0.0,0,1089597260,
1222,0.07425152027850679,0.00010998665157924316,0.0009060207683144398,-2.509344803657906e-08,1.0,0,0.38138954201713204,535.0136444577947,50,61150,,,,,0.010487452101404,0.3279317247481027,0.0,0,2971517771,
1223,0.07425150750507055,0.00010859801666094852,0.0008700969881365396,-2.061730042886479e-08,1.0,0,0.4583893748931587,535.472114832839,50,61200,,,,,0.010421037216177117,0.34025415122693625,0.0,0,2262467488,
1224,0.07425149699595751,0.0001085934524726553,0.0008181816984889065,-1.955021778615872e-08,1.0,0,0.45894787507131696,535.9314686658327,50,61250,,,,,0.010420818224719942,0.3283503384954812,0.0,0,1142678605,
1225,0.0742514870353535,0.00011004997111956583,0.0008791251720136842,-2.1782827096517265e-08,1.0,0,0.40495124994777143,536.3365559999365,50,61300,,,,,0.01049047049085816,0.3580838819566312,0.0,0,3155093040,
1226,0.07425147593654136,0.00010962127258323521,0.000797363644192648,-1.8029598307165008e-08,1.0,0,0.49422295787371695,536.8308751659933,50,61350,,,,,0.010470017792880546,0.3190764066870609,0.0,0,3747942481,
1227,0.0742514667432898,0.00010832630833465646,0.0007810224664277599,-1.8416304854464935e-08,1.0,0,0.44376570801250637,537.2747337499168,50,61400,,,,,0.010407992521838995,0.34812609625800633,0.0,0,3476914580,
1228,0.07425145736309033,0.00010761361510522121,0.0007284530877771515,-1.5157430353696103e-08,1.0,0,0.3969610419590026,537.671835207846,50,61450,,,,,0.010373698236657031,0.33522489306152436,0.0,0,1407173491,
1229,0.07425144964065701,0.00010742378025239324,0.0005476072120484939,-9.187986396653374e-09,1.0,0,0.3946231249719858,538.0665454159025,50,61500,,,,,0.010364544382286818,0.3246342814009093,0.0,0,4065578041,
1230,0.07425144496508612,0.00010696372198801978,0.0008208387211135579,-2.0334215097940932e-08,1.0,0,0.4382510001305491,538.5049001248553,50,61550,,,,,0.010342326720231757,0.32843865070058437,0.0,0,2315831769,
1231,0.0742514346081899,0.0001062234322806903,0.0006830154920854191,-1.4612834249298952e-08,1.0,0,0.37060962500981987,538.8756036248524,50,61600,,,,,0.010306475259791307,0.3368545644569602,0.0,0,2472520592,
1232,0.07425142717992884,0.00010479697940669713,0.0008703900696950984,-2.0513256795626665e-08,1.0,0,0.4168173340149224,539.2925529999193,50,61650,,,,,0.010237039582159343,0.33969362266950537,0.0,0,484184120,
1233,0.07425141672495209,0.00010424842399249755,0.0006782258935627314,-1.3387296183073336e-08,1.0,0,0.3967890830244869,539.6894291248173,50,61700,,,,,0.010210211750619941,0.3324699516446308,0.0,0,1996724680,
1234,0.07425140991181801,0.00010347650512339326,0.0008258451079753481,-1.9276792509425643e-08,1.0,0,0.4321550000458956,540.1216703748796,50,61750,,,,,0.010172340198960772,0.34883466018762294,0.0,0,2452332083,
1235,0.0742514000981022,0.00010454252739166699,0.0009183393338074013,-2.2865949164197576e-08,1.0,0,0.40281845908612013,540.524641915923,50,61800,,,,,0.01022460402126493,0.3340677583077659,0.0,0,2494912614,
1236,0.07425138840610612,0.00010342839181722134,0.0007255194506005521,-1.4698798598279875e-08,1.0,0,0.4476643749512732,540.9723943748977,50,61850,,,,,0.010169975015565247,0.3332474563456514,0.0,0,87584265,
1237,0.07425138090629285,0.00010427946680887931,0.0008514426639709435,-1.9437716109912683e-08,1.0,0,0.3947497920598835,541.3672965408769,50,61900,,,,,0.010211731822217,0.33679236283462477,0.0,0,58711404,
1238,0.07425137099156767,0.00010424828419275202,0.0007943233557932933,-1.8309973797998648e-08,1.0,0,0.3895450830459595,541.756930958014,50,61950,,,,,0.010210204904542906,0.3345792950192633,0.0,0,623509950,
1239,0.07425136167150928,0.00010380458600258386,0.0006886659917214173,-1.3506654716557686e-08,1.0,0,0.4325529998168349,542.1897507908288,50,62000,,,,,0.010188453562861435,0.339463714614808,0.0,0,2844404763,
1240,0.07425135479671197,0.00010320278268755072,0.0007400450778425948,-1.6144017802248553e-08,1.0,0,0.36951575009152293,542.5593533748761,50,62050,,,,,0.010158877038706134,0.34658414263652965,0.0,0,967172551,
1241,0.07425134658037241,0.00010305104500244177,0.0007351127380190909,-1.59486107215759e-08,1.0,0,0.41344595793634653,542.9729357499164,50,62100,,,,,0.010151406060366306,0.34043494697986043,0.0,0,4002250280,
1242,0.0742513384686687,0.00010256789609094008,0.0007043048504860829,-1.481439801328863e-08,1.0,0,0.3464133751112968,543.3194458750077,50,62150,,,,,0.010127580959485837,0.34670359202992745,0.0,0,2473756905,
1243,0.07425133093244898,0.00010122615946892497,0.0007522172381910517,-1.7583329307220582e-08,1.0,0,0.3854090420063585,543.7049495829269,50,62200,,,,,0.010061121183492672,0.32569967998455696,0.0,0,3515816449,
1244,0.07425132197801382,0.00010022549327557089,0.0007162256581408186,-1.4970866566813103e-08,1.0,0,0.37844091607257724,544.0834776249249,50,62250,,,,,0.010011268315032362,0.35574367008624636,0.0,0,3750755843,
1245,0.07425131437029302,9.996238987583512e-05,0.0006681551408865307,-1.3849462973839694e-08,1.0,0,0.3881075829267502,544.4716651248746,50,62300,,,,,0.009998119316943319,0.33635938719922975,0.0,0,2923228536,
1246,0.07425130731821264,0.00010085188121351659,0.0006505909455415536,-1.207840672734687e-08,1.0,0,0.36086554219946265,544.8326222908217,50,62350,,,,,0.010042503732312804,0.3202104167581843,0.0,0,3150301618,
1247,0.07425130117249537,0.00010060823584787787,0.0007671762775118635,-1.6868982278284242e-08,1.0,0,0.38922329200431705,545.221987582976,50,62400,,,,,0.01003036568864156,0.33905753297323304,0.0,0,1368637133,
1248,0.07425129258595678,0.00010018190970033411,0.0006889334753434768,-1.3980207557478308e-08,1.0,0,0.3615011249203235,545.5836375409272,50,62450,,,,,0.010009091352382298,0.3313810401278565,0.0,0,1057618331,
1249,0.07425128547459509,9.972168448911581e-05,0.0005701364786274091,-9.577564736253013e-09,1.0,0,0.4121771671343595,545.9958994579501,50,62500,,,,,0.00998607452851799,0.3326702168552777,0.0,0,1690605960,
1250,0.07425128059513464,9.91375513076467e-05,0.0007108087134354487,-1.4112928898497482e-08,1.0,0,0.35910875000990927,546.3551583748776,50,62550,,,,,0.009956784185049241,0.33511366574929974,0.0,0,3712568998,
1251,0.07425127340810728,9.745144603512901e-05,0.000613704846770006,-1.164272513423735e-08,1.0,0,0.36627254099585116,546.7215213750023,50,62600,,,,,0.009871749897314508,0.34331564890279687,0.0,0,2575452358,
1252,0.07425126748982967,9.750525925669872e-05,0.0007259538301465386,-1.5535145651582457e-08,1.0,0,0.42335779196582735,547.1450113328174,50,62650,,,,,0.009874475138289564,0.3454666911779599,0.0,0,4088585945,
1253,0.07425125957763107,9.856405362063709e-05,0.0007740240907677141,-1.7453724301751775e-08,1.0,0,0.3920510411262512,547.5371509578545,50,62700,,,,,0.009927943070980872,0.3194324138382679,0.0,0,238298374,
1254,0.0742512507076262,9.94070353992946e-05,0.0007398287895227249,-1.5969414261691635e-08,1.0,0,0.40112970815971494,547.9385437909514,50,62750,,,,,0.009970307688296013,0.32879639103009467,0.0,0,3037471345,
1255,0.0742512425826285,9.836459447038842e-05,0.0007298116667287458,-1.5995007196728316e-08,1.0,0,0.41162233403883874,548.350313665811,50,62800,,,,,0.009917892642612563,0.3119910777879426,0.0,0,3286704620,
1256,0.07425123444279505,9.767829369835025e-05,0.0007603996441631131,-1.7395497854680296e-08,1.0,0,0.38805279205553234,548.7384498328902,50,62850,,,,,0.009883232957810427,0.3509568849519018,0.0,0,1858986559,
1257,0.07425122559158666,9.652999785238832e-05,0.0006061508953940679,-1.0763378978652378e-08,1.0,0,0.42565737501718104,549.1641939999536,50,62900,,,,,0.00982496808403917,0.34540164318309075,0.0,0,3564748,
1258,0.07425122011333843,9.691908288659755e-05,0.0006701554193944344,-1.3055496525134369e-08,1.0,0,0.4179899168666452,549.5823273328133,50,62950,,,,,0.009844749000690548,0.3206440895089172,0.0,0,2571544079,
1259,0.0742512134682887,9.696511290505437e-05,0.0007565358117905872,-1.6271135864566434e-08,1.0,0,0.4095086669549346,549.9919821249787,50,63000,,,,,0.009847086518613227,0.3348048558409027,0.0,0,1578473934,
1260,0.07425120519804024,9.549221251867117e-05,0.0008011349021009379,-1.7739501916360753e-08,1.0,0,0.44840437499806285,550.4404752498958,50,63050,,,,,0.00977201169251609,0.34710698802926415,0.0,0,704942396,
1261,0.0742511961628626,9.423833169287853e-05,0.0006094587727107275,-1.1310825658127211e-08,1.0,0,0.46452758298255503,550.9050939159933,50,63100,,,,,0.009707642952482262,0.3215076686429685,0.0,0,3007150594,
1262,0.07425119040728946,9.313081230565002e-05,0.0006953252682231925,-1.527350831350627e-08,1.0,0,0.383993708062917,551.2891804999672,50,63150,,,,,0.009650430679801291,0.32697898343783477,0.0,0,1987337340,
1263,0.07425118265384893,9.232046980822554e-05,0.0006649232862530074,-1.3614670350266325e-08,1.0,0,0.37423733389005065,551.6635055828374,50,63200,,,,,0.009608354167505773,0.3469858485704998,0.0,0,2484851866,
1264,0.07425117572458234,9.032185274759883e-05,0.000717012839984413,-1.4912920400571063e-08,1.0,0,0.4554375410079956,552.1190899577923,50,63250,,,,,0.009503780971150315,0.3326636225515368,0.0,0,3082456593,
1265,0.07425116814362945,8.962715748578841e-05,0.0006364214770604757,-1.2709772964056395e-08,1.0,0,0.3659641668200493,552.4851476249751,50,63300,,,,,0.009467162060817826,0.33532240789742984,0.0,0,1604259751,
1266,0.07425116169275402,8.946786157365806e-05,0.0005751054742976727,-9.896563844012461e-09,1.0,0,0.37951866700313985,552.8647577909287,50,63350,,,,,0.009458745243088961,0.32180166464719073,0.0,0,3507282012,
1267,0.0742511566617681,8.906438830851678e-05,0.0007570696844362957,-1.7513187743266686e-08,1.0,0,0.4031582500319928,553.2680082498118,50,63400,,,,,0.009437393088587376,0.3451450042067498,0.0,0,1834948825,
1268,0.07425114776941466,8.838960263139479e-05,0.0005538659279132085,-9.133128320459796e-09,1.0,0,0.3960092910565436,553.6644058329985,50,63450,,,,,0.009401574476192527,0.351501640412194,0.0,0,116747992,
1269,0.07425114312830455,8.747111511262764e-05,0.0006992410448716007,-1.4742330233328548e-08,1.0,0,0.40558466711081564,554.0701397079974,50,63500,,,,,0.009352599377318995,0.33670480089542515,0.0,0,354507404,
1270,0.07425113563102875,8.62223039698833e-05,0.0006116071888831312,-1.1216094940014917e-08,1.0,0,0.4173699589446187,554.4876104998402,50,63550,,,,,0.009285596586643385,0.35838527475875465,0.0,0,2549068825,
1271,0.07425112993020962,8.685352607493065e-05,0.0006368791449988009,-1.0975362960661044e-08,1.0,0,0.4640314159914851,554.951726624975,50,63600,,,,,0.009319523918899003,0.3456398453207191,0.0,0,3192337779,
1272,0.07425112434055324,8.648676489779414e-05,0.00047323299642248686,-6.477992382072922e-09,1.0,0,0.44008524995297194,555.3919016248547,50,63650,,,,,0.009299826068147412,0.34647439917885037,0.0,0,1558510718,
1273,0.0742511210483348,8.574708046948493e-05,0.0006147181958206733,-1.1442879573044778e-08,1.0,0,0.4543456251267344,555.8463854158763,50,63700,,,,,0.009259971947553887,0.3443916592856484,0.0,0,2933392815,
1274,0.07425111524468767,8.500727568789463e-05,0.0006032878736369662,-1.1210511167199625e-08,1.0,0,0.43852479103952646,556.285139915999,50,63750,,,,,0.00921993902842609,0.3241665337201053,0.0,0,2377266767,
1275,0.07425110955141243,8.439627394802224e-05,0.0005509586040501341,-9.017287048952303e-09,1.0,0,0.46289804205298424,556.7482202500105,50,63800,,,,,0.00918674446950726,0.3438272801883378,0.0,0,1386313772,
1276,0.07425110497356159,8.434991132737292e-05,0.0005895037032784492,-1.0839086969012754e-08,1.0,0,0.48756183311343193,557.2359305408318,50,63850,,,,,0.009184220779542101,0.3333049739818746,0.0,0,326347583,
1277,0.07425109946800065,8.353012866572646e-05,0.000671375845136776,-1.2827398212053377e-08,1.0,0,0.4363034169655293,557.6723756659776,50,63900,,,,,0.009139481859806193,0.35974498313367115,0.0,0,3477812705,
1278,0.07425109294336651,8.310844207664969e-05,0.0006473995175937554,-1.2181310568953076e-08,1.0,0,0.452506042085588,558.1250314998906,50,63950,,,,,0.00911638316859541,0.33763237308145594,0.0,0,393429865,
1279,0.07425108674760532,8.292095358842877e-05,0.0006095565697276247,-1.0914473696467082e-08,1.0,0,0.44428449985571206,558.5694161658175,50,64000,,,,,0.009106094310319258,0.3351949932342889,0.0,0,265269425,
1280,0.07425108120308205,8.250434014419362e-05,0.0005725054210100894,-9.762593210773274e-09,1.0,0,0.48712670896202326,559.0566199577879,50,64050,,,,,0.009083189976224962,0.32190614097424375,0.0,0,3572558057,
1281,0.07425107624334541,8.277372399609077e-05,0.000604986602059472,-1.088621931734008e-08,1.0,0,0.4506554580293596,559.5073670828715,50,64100,,,,,0.009098006594638781,0.3497862200671609,0.0,0,1567228541,
1282,0.07425107070799225,8.356508462878372e-05,0.0007161864983197808,-1.4997194331287143e-08,1.0,0,0.4142889170907438,559.9221156248823,50,64150,,,,,0.00914139401999409,0.34375917923177857,0.0,0,817906249,
1283,0.07425106308631399,8.359008711572839e-05,0.0006019648089707779,-1.1081466303865344e-08,1.0,0,0.49158929102122784,560.4137880830094,50,64200,,,,,0.009142761460069293,0.33092704017906815,0.0,0,2265171211,
1284,0.07425105745933225,8.245314925633123e-05,0.0005853985263268364,-9.767972866015455e-09,1.0,0,0.5607925839722157,560.9747348749079,50,64250,,,,,0.00908037164747849,0.32067414150862905,0.0,0,3272358169,
1285,0.07425105249677581,8.175431360791073e-05,0.0006692457509916239,-1.2834086000123014e-08,1.0,0,0.4884069168474525,561.4632387079764,50,64300,,,,,0.009041809199928448,0.32541578201766364,0.0,0,1383928920,
1286,0.07425104597797949,8.115907863547901e-05,0.0006302578449109906,-1.2276381514287159e-08,1.0,0,0.4112714168149978,561.8746027909219,50,64350,,,,,0.00900883336706141,0.31501739150451324,0.0,0,2510106048,
1287,0.074251039740926,8.02647200167395e-05,0.0006276084305887663,-1.2001723224112454e-08,1.0,0,0.4334160420112312,562.3080964579713,50,64400,,,,,0.008959057987128975,0.3187189304598496,0.0,0,3631830310,
1288,0.0742510336447806,7.81853001966736e-05,0.0005134417544173271,-7.494044828700994e-09,1.0,0,0.42175066703930497,562.7299855409656,50,64450,,,,,0.00884224520111683,0.3395589888522317,0.0,0,2220072888,
1289,0.07425102982955334,7.802713881031982e-05,0.000607700236311512,-1.0424040081788412e-08,1.0,0,0.3832899578846991,563.1134525828529,50,64500,,,,,0.00883329716528997,0.33573811621516436,0.0,0,3621425689,
1290,0.07425102453231402,7.865537399702299e-05,0.000587457492186333,-9.93261726729643e-09,1.0,0,0.383544959127903,563.4970803328324,50,64550,,,,,0.008868786500814133,0.3235547468110826,0.0,0,3080499768,
1291,0.07425101948339465,7.973501002098953e-05,0.0005511208815207225,-9.245736511084798e-09,1.0,0,0.6669390830211341,564.1641060828697,50,64600,,,,,0.00892944623260533,0.3340964797050478,0.0,0,851973064,
1292,0.0742510147907206,8.036689618212787e-05,0.0004900819206593942,-7.215998482377016e-09,1.0,0,0.9087204579263926,565.0729145410005,50,64650,,,,,0.008964758567977604,0.3307412288238021,0.0,0,967777756,
1293,0.07425101112638441,7.985942098143733e-05,0.0006443607290517553,-1.1755162348197611e-08,1.0,0,0.8445514999330044,565.9176158749033,50,64700,,,,,0.008936409848559842,0.32573927194134744,0.0,0,2557909497,
1294,0.07425100515547045,8.017646678992576e-05,0.0006008666665227154,-1.1088530026295299e-08,1.0,0,0.6044052501674742,566.5222861659713,50,64750,,,,,0.008954131269415574,0.3247778224272096,0.0,0,2298413752,
1295,0.07425099952925453,7.864959569505811e-05,0.0006662738061391257,-1.3047830720262048e-08,1.0,0,0.4863765831105411,567.0088102498557,50,64800,,,,,0.008868460728619038,0.34919229835249727,0.0,0,742034544,
1296,0.07425099290226567,7.932696275788999e-05,0.0005268994202548069,-8.513350616625358e-09,1.0,0,0.47942383401095867,567.4883677498437,50,64850,,,,,0.008906568517554333,0.32353734586630506,0.0,0,1361955930,
1297,0.07425098857878909,7.876639860769034e-05,0.000684575497371961,-1.3750426800427612e-08,1.0,0,0.7215135840233415,568.210023707943,50,64900,,,,,0.008875043583424835,0.3451459003863415,0.0,0,3170971346,
1298,0.07425098159199862,7.783219441826249e-05,0.0005214586186244862,-7.896728947438184e-09,1.0,0,0.4883854170329869,568.6985832909122,50,64950,,,,,0.008822255630974569,0.33411246285344515,0.0,0,1366025145,
1299,0.07425097757422613,7.712682508020951e-05,0.00048320539158284325,-6.990309907005013e-09,1.0,0,0.42522504180669785,569.1239139579702,50,65000,,,,,0.008782187943799057,0.33586916080130097,0.0,0,4256453418,
1300,0.07425097402265882,7.64331238401304e-05,0.0006283420535405495,-1.161570113315861e-08,1.0,0,0.46292687486857176,569.5869409998413,50,65050,,,,,0.008742603950776359,0.3255054812278439,0.0,0,1517829243,
1301,0.07425096811916815,7.581124359877277e-05,0.0006620047568372537,-1.2433560947316625e-08,1.0,0,0.5581231669057161,570.1453042498324,50,65100,,,,,0.008706965234728617,0.3368667469917329,0.0,0,3820297513,
1302,0.07425096179671192,7.501838333417626e-05,0.00047161982666299234,-6.67818845233057e-09,1.0,0,0.4513949169777334,570.5967798749916,50,65150,,,,,0.008661315335107956,0.35063655495370083,0.0,0,4041012936,
1303,0.07425095840357769,7.47876341514753e-05,0.00048702339803591467,-7.3566002656502035e-09,1.0,0,0.5265602921135724,571.1235291659832,50,65200,,,,,0.008647984398197958,0.34234391828664884,0.0,0,1746231922,
1304,0.07425095467142276,7.477947268052508e-05,0.0005596477155836948,-8.87478689936887e-09,1.0,0,0.4802849171683192,571.6039319999982,50,65250,,,,,0.008647512514042699,0.3374983977991097,0.0,0,4893737,
1305,0.07425095015766434,7.448736468050557e-05,0.0005492845118024914,-8.399863022762527e-09,1.0,0,0.42689300002530217,572.0310767909978,50,65300,,,,,0.008630606275372871,0.3383401602612483,0.0,0,3246884123,
1306,0.07425094588480885,7.462879029769869e-05,0.0006355116002948922,-1.1493538654561449e-08,1.0,0,0.5484180001076311,572.5796664999798,50,65350,,,,,0.008638795650882054,0.32615857643371693,0.0,0,3430342716,
1307,0.07425094004480079,7.243555328654072e-05,0.00048168322473641215,-7.036295896006462e-09,1.0,0,0.6605502918828279,573.2403148747981,50,65400,,,,,0.008510907900250168,0.33447065747993565,0.0,0,650157898,
1308,0.07425093647688816,7.243506721033492e-05,0.000499043579432237,-6.5450891752830496e-09,1.0,0,0.3981734160333872,573.6385727080051,50,65450,,,,,0.008510879344129777,0.3277437302880009,0.0,0,115537513,
1309,0.07425093314782992,7.244553604275065e-05,0.0004952621593172206,-7.375776808516744e-09,1.0,0,0.7063896670006216,574.3450485828798,50,65500,,,,,0.008511494348394448,0.32659898499405804,0.0,0,2601337073,
1310,0.07425092940779152,7.204372559629758e-05,0.0005427293527285812,-8.504591720637524e-09,1.0,0,0.5044303750619292,574.849637332838,50,65550,,,,,0.008487857538642929,0.3540646160501604,0.0,0,2719790210,
1311,0.07425092508960734,7.240116309756666e-05,0.0005075416353548013,-7.4638059798581e-09,1.0,0,0.37619804218411446,575.2259269158822,50,65600,,,,,0.008508887300791253,0.3442151254662362,0.0,0,1399855776,
1312,0.07425092130008165,7.223023543846749e-05,0.0005956468010816082,-9.692140499519178e-09,1.0,0,0.3785087079741061,575.6045770409983,50,65650,,,,,0.008498837299211434,0.3338678689457659,0.0,0,3323707377,
1313,0.07425091637662126,7.114596227946963e-05,0.0005201104878568505,-7.750882435197597e-09,1.0,0,0.4338537498842925,576.038516207831,50,65700,,,,,0.008434806594076099,0.3318760717756884,0.0,0,660023662,
1314,0.07425091244161794,7.081384667809387e-05,0.0005611538603438294,-9.482298051996922e-09,1.0,0,0.36433116695843637,576.4029914159328,50,65750,,,,,0.00841509635584132,0.33850639477796,0.0,0,3931188368,
1315,0.07425090762825881,7.013135940755237e-05,0.0004687294641929507,-6.5286014856176e-09,1.0,0,0.3702952500898391,576.773377666017,50,65800,,,,,0.008374446812031967,0.33870111037403405,0.0,0,3112540288,
1316,0.07425090431382123,7.024066118434423e-05,0.0005944871179354101,-9.921546131678991e-09,1.0,0,0.38882504194043577,577.162291290937,50,65850,,,,,0.008380970181568732,0.34824251720828486,0.0,0,3801587373,
1317,0.07425089927552456,7.021564485285928e-05,0.0004827292475825424,-7.1461716474981195e-09,1.0,0,0.4213152499869466,577.5837020829786,50,65900,,,,,0.008379477600236144,0.3289363015221832,0.0,0,1895424405,
1318,0.07425089565205087,6.965484297335184e-05,0.0004674198189790534,-6.5855129055189495e-09,1.0,0,0.35967858391813934,577.9434739579447,50,65950,,,,,0.00834594769773642,0.3283153663320156,0.0,0,1619706979,
1319,0.07425089231258925,6.946049179199721e-05,0.00045444494078681014,-5.873169221600017e-09,1.0,0,0.3614508749451488,578.3050167500041,50,66000,,,,,0.008334296118569175,0.36162408586723455,0.0,0,3072531907,
1320,0.07425088932664534,6.897245977073814e-05,0.00041052169215162227,-5.101816740359343e-09,1.0,0,0.3797577091027051,578.684853374958,50,66050,,,,,0.00830496597047442,0.330232867187007,0.0,0,3767141087,
1321,0.07425088673675065,6.875744759182949e-05,0.0004417524979771708,-5.748455983302436e-09,1.0,0,0.4200862920843065,579.1050085409079,50,66100,,,,,0.008292011070411658,0.3263479454604373,0.0,0,4259128190,
1322,0.07425088382154087,6.83206368297878e-05,0.0004434838496412472,-5.979852905254987e-09,1.0,0,0.3969142499845475,579.5020086248405,50,66150,,,,,0.008265629850760788,0.3367592604795499,0.0,0,2389066020,
1323,0.07425088078820433,6.781828031571376e-05,0.00048405733488841683,-6.9096630792098555e-09,1.0,0,0.3954001658130437,579.897550040856,50,66200,,,,,0.008235185505847077,0.3444301757141607,0.0,0,900413833,
1324,0.07425087728017532,6.7844666075277e-05,0.000461837018377809,-6.352608727015104e-09,1.0,0,0.40603025001473725,580.3036667909473,50,66250,,,,,0.00823678736372847,0.3475342374185132,0.0,0,72264482,
1325,0.07425087405575231,6.693153589785898e-05,0.0005100160537559157,-7.85151926272663e-09,1.0,0,0.3908096661325544,580.6946269159671,50,66300,,,,,0.008181169592292961,0.33101037117268106,0.0,0,3997608076,
1326,0.07425087007869971,6.606385852804174e-05,0.0004584690067649223,-6.114881053596334e-09,1.0,0,0.37448283308185637,581.0691980828997,50,66350,,,,,0.00812796767513514,0.35067572408578007,0.0,0,2586613742,
1327,0.07425086697845294,6.660542501370564e-05,0.0004979878576951228,-7.433321949499769e-09,1.0,0,0.3663875418715179,581.435721707996,50,66400,,,,,0.008161214677589705,0.3440522299757618,0.0,0,2636848729,
1328,0.07425086320645524,6.606133297065493e-05,0.0005462027326357898,-8.896554935269964e-09,1.0,0,0.3582536249887198,581.7941212498117,50,66450,,,,,0.008127812311480558,0.32895441281677684,0.0,0,2665266426,
1329,0.07425085869130302,6.563876729628125e-05,0.0005091597920625176,-7.0735864801822215e-09,1.0,0,0.41763679194264114,582.2118416659068,50,66500,,,,,0.008101775564422977,0.35374041418711605,0.0,0,3815311239,
1330,0.07425085509608981,6.498180921743805e-05,0.00048338817481610144,-7.121299038847009e-09,1.0,0,0.42258804105222225,582.6345127499662,50,66550,,,,,0.008061129524913866,0.32646342928283584,0.0,0,378563148,
1331,0.07425085148745295,6.406082163286066e-05,0.00046894669435989286,-6.5504758294927014e-09,1.0,0,0.41529300017282367,583.0498883749824,50,66600,,,,,0.008003800449340341,0.32733269746623783,0.0,0,4107130179,
1332,0.07425084816296831,6.34974938291138e-05,0.0004682081286617991,-6.993784121198593e-09,1.0,0,0.4181250841356814,583.468110457994,50,66650,,,,,0.007968531472555893,0.355796107154508,0.0,0,3914779652,
1333,0.07425084461770834,6.241600512666799e-05,0.0004555209665291485,-6.192702915867458e-09,1.0,0,0.346004500053823,583.8142521658447,50,66700,,,,,0.00790038006216587,0.32144265730012545,0.0,0,618339840,
1334,0.07425084147914918,6.258266529069183e-05,0.0005142567748520283,-7.534273080777116e-09,1.0,0,0.37093062489293516,584.1852750407998,50,66750,,,,,0.007910920634837126,0.32403638069937407,0.0,0,1344933622,
1335,0.0742508376590077,6.209562025927791e-05,0.0004801537603383112,-6.702772974473004e-09,1.0,0,0.36600287491455674,584.5513673748355,50,66800,,,,,0.007880077427238764,0.3433972745817897,0.0,0,449350633,
1336,0.07425083425882453,6.222055168113077e-05,0.00041976965826284594,-5.069669455576961e-09,1.0,0,0.40317995799705386,584.9546384578571,50,66850,,,,,0.007888000486887078,0.34155020053404006,0.0,0,2066807853,
1337,0.07425083168462758,6.274593871921996e-05,0.000456642011985032,-5.820653000127169e-09,1.0,0,0.3733987910673022,585.3281833329238,50,66900,,,,,0.00792123340895974,0.3456389633319494,0.0,0,3216840436,
1338,0.07425082872812863,6.301743411823262e-05,0.0004890817019531124,-6.583804939949315e-09,1.0,0,0.39059279183857143,585.7189209579956,50,66950,,,,,0.007938352103442667,0.3209221333143584,0.0,0,3972357334,
1339,0.074250825385523,6.281593041277463e-05,0.0005007855374953949,-7.49736552679794e-09,1.0,0,0.40858995891176164,586.1276013329625,50,67000,,,,,0.007925650157102232,0.3392528501454675,0.0,0,1829046329,
1340,0.07425082158811663,6.242433891196067e-05,0.0004205801810383088,-5.308959098178892e-09,1.0,0,0.4167111669667065,586.5444012908265,50,67050,,,,,0.007900907473952638,0.32545512170371177,0.0,0,1906340008,
1341,0.07425081889541518,6.218902953061424e-05,0.00043652777491625977,-5.839066477546802e-09,1.0,0,0.38384220795705914,586.9283334158827,50,67100,,,,,0.00788600212595801,0.3217707016203649,0.0,0,4200344660,
1342,0.07425081593597482,6.203923690253938e-05,0.0005012780441212834,-7.23132309116748e-09,1.0,0,0.41544941696338356,587.343930499861,50,67150,,,,,0.007876499025743569,0.3221040590529092,0.0,0,1688399228,
1343,0.07425081226693622,6.238736936592258e-05,0.0005219915112757912,-8.320628208585441e-09,1.0,0,0.4251240829471499,587.7691471658181,50,67200,,,,,0.00789856755151987,0.33117235771716075,0.0,0,1149865286,
1344,0.07425080804729266,6.174871530149438e-05,0.00042630648975619376,-5.392308625745178e-09,1.0,0,0.4139603329822421,588.1831976249814,50,67250,,,,,0.007858035078917271,0.33780874142937856,0.0,0,641557452,
1345,0.07425080531599704,6.213108307813986e-05,0.00045670986936529055,-5.888031548207325e-09,1.0,0,0.39538329117931426,588.5786684998311,50,67300,,,,,0.007882327262816475,0.33148281022943094,0.0,0,2107765373,
1346,0.07425080233096545,6.223079866571813e-05,0.0004619512781531172,-6.0254090405523325e-09,1.0,0,0.40998824988491833,588.9887500409968,50,67350,,,,,0.007888649990062821,0.3227971627981265,0.0,0,849214015,
1347,0.07425079927343342,6.140274347107525e-05,0.00045425122621812596,-6.4072721141710024e-09,1.0,0,0.3877384578809142,589.3766246659216,50,67400,,,,,0.00783599026741836,0.32046529352585196,0.0,0,79716652,
1348,0.074250796027857,6.067464945679557e-05,0.0004983608785425949,-6.737027368976732e-09,1.0,0,0.3862756669986993,589.7629867908545,50,67450,,,,,0.007789393394661459,0.3129346718150618,0.0,0,699341657,
1349,0.07425079260826055,6.0417160495653064e-05,0.00044365249664700304,-5.725359779766192e-09,1.0,0,0.40597304212860763,590.1690458329394,50,67500,,,,,0.007772847643923883,0.33271863241272165,0.0,0,3007959236,
1350,0.0742507897070169,5.977475954555223e-05,0.0004937625686255221,-7.0113247713333396e-09,1.0,0,0.39209974999539554,590.5613092498388,50,67550,,,,,0.0077314138128515815,0.3158420638005318,0.0,0,2759172410,
1351,0.07425078615373089,6.015663656523274e-05,0.0004905454165876861,-6.7147948591043825e-09,1.0,0,0.4802627090830356,591.0416603749618,50,67600,,,,,0.007756070948955582,0.3417011885613021,0.0,0,959184590,
1352,0.07425078274895569,6.008265569812073e-05,0.00046337543045112106,-6.110100676819295e-09,1.0,0,0.3442578329704702,591.386033832794,50,67650,,,,,0.007751300258545061,0.3428470606891951,0.0,0,3141646648,
1353,0.07425077964936067,5.981721483302679e-05,0.000425819472617321,-5.4446296740016575e-09,1.0,0,0.35823450004681945,591.7444175409619,50,67700,,,,,0.00773415896093601,0.3157803263127351,0.0,0,3030990220,
1354,0.0742507768900426,5.920910420044807e-05,0.0004639867822430133,-6.270239528001598e-09,1.0,0,0.39081229106523097,592.1353201658931,50,67750,,,,,0.0076947452329786765,0.330028301274598,0.0,0,2850292755,
1355,0.0742507737153302,5.8498193931095996e-05,0.00042848202228984466,-5.437900010251131e-09,1.0,0,0.415513375075534,592.5509244578425,50,67800,,,,,0.007648411203060149,0.3418258557675332,0.0,0,4254408868,
1356,0.07425077095978636,5.786983388500224e-05,0.0004428351812251872,-5.74314438477255e-09,1.0,0,0.3948706667870283,592.94588466594,50,67850,,,,,0.007607222481629036,0.3379178384808816,0.0,0,2360402141,
1357,0.07425076804959638,5.724737518451474e-05,0.0004175232519554353,-5.160628406025354e-09,1.0,0,0.3741474999114871,593.3201196659356,50,67900,,,,,0.007566199520533062,0.33754742012023425,0.0,0,2618268833,
1358,0.07425076543234632,5.6697874112440595e-05,0.0003967514575779667,-4.650952158136629e-09,1.0,0,0.3731066251639277,593.6936949158553,50,67950,,,,,0.007529799075170638,0.319548140760411,0.0,0,3003220536,
1359,0.07425076307685377,5.59280298328789e-05,0.00036625139931298556,-4.0036661359553865e-09,1.0,0,0.40076908306218684,594.0945492079481,50,68000,,,,,0.007478504518476866,0.357281285853491,0.0,0,3781718711,
1360,0.07425076104671985,5.5746352478846476e-05,0.00035705454760883435,-4.0320469612621685e-09,1.0,0,0.38202941603958607,594.4767264157999,50,68050,,,,,0.007466348001456032,0.33776679375460794,0.0,0,2705867217,
1361,0.07425075900450573,5.5176390081279515e-05,0.0004480745705209615,-5.981415220709404e-09,1.0,0,0.3837027919944376,594.8605151658412,50,68100,,,,,0.007428081184348991,0.3474320188037669,0.0,0,4190758151,
1362,0.07425075597169434,5.5064740102011374e-05,0.0004630933039956373,-6.248411865302228e-09,1.0,0,0.40720891603268683,595.2678059998434,50,68150,,,,,0.007420561980201457,0.32785328590438134,0.0,0,2896949026,
1363,0.0742507528049858,5.4925990418424615e-05,0.00041406957162926376,-4.8944906282573664e-09,1.0,0,0.39439454092644155,595.6622959999368,50,68200,,,,,0.007411207082414079,0.3266500863638989,0.0,0,3586709220,
1364,0.07425075032290936,5.454688319174626e-05,0.0003097442752503475,-3.079356222948935e-09,1.0,0,0.40624712500721216,596.0686909158248,50,68250,,,,,0.0073855861779378255,0.34725325142620095,0.0,0,172003924,
1365,0.07425074876435181,5.438143194448352e-05,0.00038359598055558554,-4.338903939398171e-09,1.0,0,0.3729191671591252,596.4417604159098,50,68300,,,,,0.007374376715661027,0.3331419983298296,0.0,0,717857013,
1366,0.07425074656786773,5.3892760805360055e-05,0.0004227791222331547,-5.311888627471458e-09,1.0,0,0.3678608750924468,596.8097092078533,50,68350,,,,,0.0073411688991168195,0.3329719889159306,0.0,0,2447952101,
1367,0.07425074387456893,5.4090325630303496e-05,0.00046706492367163055,-6.3918165515883966e-09,1.0,0,0.4109015827998519,597.2207598749083,50,68400,,,,,0.007354612541140661,0.323407869958138,0.0,0,1744373131,
1368,0.07425074063479221,5.335313285089805e-05,0.00037553111027718557,-4.318915782877485e-09,1.0,0,0.38919220794923604,597.6100998749025,50,68450,,,,,0.007304322887913571,0.3376952542141427,0.0,0,70357024,
1369,0.07425073844889288,5.336566803502588e-05,0.00040180917716570657,-4.742693133664089e-09,1.0,0,0.45736129209399223,598.0675460828934,50,68500,,,,,0.007305180903648169,0.3159012270061884,0.0,0,1934862855,
1370,0.07425073604631982,5.3299299379677765e-05,0.0004016748887652967,-4.867884895783158e-09,1.0,0,0.47044987487606704,598.538084999891,50,68550,,,,,0.007300636916028475,0.32831910857409435,0.0,0,2643468418,
1371,0.07425073358319764,5.228488825108868e-05,0.00041309288627627676,-5.031768530869752e-09,1.0,0,0.3926295421551913,598.9307934998069,50,68600,,,,,0.007230829015478701,0.34592319313421693,0.0,0,1193277473,
1372,0.07425073103504023,5.232682453611081e-05,0.00035213483938662936,-3.845607586872691e-09,1.0,0,0.38715854194015265,599.3180582078639,50,68650,,,,,0.007233728259764173,0.3349996186258288,0.0,0,3995902327,
1373,0.07425072908835655,5.067884366846164e-05,0.00037543870476829046,-4.260310495570701e-09,1.0,0,0.38618525001220405,599.7046991249081,50,68700,,,,,0.007118907477166819,0.32819532713311755,0.0,0,1855443115,
1374,0.07425072693229195,5.043714924719537e-05,0.0004179785205189872,-5.122839742648228e-09,1.0,0,0.42322058300487697,600.1280111249071,50,68750,,,,,0.0071019116614609735,0.3283925775372003,0.0,0,1765668285,
1375,0.07425072433758562,5.031707870259803e-05,0.0003899213238755149,-4.487894438429801e-09,1.0,0,0.3894173330627382,600.517572082812,50,68800,,,,,0.007093453228336536,0.3376602472008085,0.0,0,2038416972,
1376,0.07425072206284525,4.9815851326266505e-05,0.00035778234873571675,-3.7067861858713608e-09,1.0,0,0.4019298329949379,600.9196503749117,50,68850,,,,,0.007058034522887126,0.3166643193187632,0.0,0,2207387359,
1377,0.07425072018452647,5.002284746877563e-05,0.00047311365999978323,-5.944917660455111e-09,1.0,0,0.4435179168358445,601.3632625828031,50,68900,,,,,0.0070726831873607655,0.31201459039630625,0.0,0,270493458,
1378,0.07425071716574055,4.978390102439596e-05,0.0003581203971367354,-3.5560426128801233e-09,1.0,0,0.38279270892962813,601.7461935828906,50,68950,,,,,0.007055770760476559,0.33633823506401817,0.0,0,3508502409,
1379,0.07425071536312186,5.0060471632242136e-05,0.0004636141640744506,-6.110247551713522e-09,1.0,0,0.3884368340950459,602.1347664159257,50,69000,,,,,0.0070753425098889836,0.34636955619958076,0.0,0,1586945326,
1380,0.07425071226646969,5.012645301032777e-05,0.00040001233836868376,-4.983268723530011e-09,1.0,0,0.36524804192595184,602.5001007500105,50,69050,,,,,0.0070800037436662255,0.3492671389515268,0.0,0,2021337626,
1381,0.0742507097436691,5.001110309674208e-05,0.00034973027016598076,-3.529979712227849e-09,1.0,0,0.4531802081037313,602.9533730829135,50,69100,,,,,0.007071852875784541,0.3287997434234877,0.0,0,532614610,
1382,0.07425070795748229,5.0115019032723074e-05,0.00036417496473845697,-3.857437891392177e-09,1.0,0,0.3467237919103354,603.3001839579083,50,69150,,,,,0.007079196213746521,0.337210156437799,0.0,0,981125491,
1383,0.07425070600370509,4.978809771280534e-05,0.00036844519487438623,-3.878388003704343e-09,1.0,0,0.375470417086035,603.6757432499435,50,69200,,,,,0.00705606814825405,0.3411197452706224,0.0,0,2584895899,
1384,0.07425070403960822,4.992865918430612e-05,0.000303043288273598,-2.627801082659564e-09,1.0,0,0.3776811249554157,604.0535107499454,50,69250,,,,,0.007066021453711142,0.33466445478035617,0.0,0,771241958,
1385,0.07425070270922757,4.973722905116412e-05,0.00038648234074171024,-4.592891049497726e-09,1.0,0,0.40914754197001457,604.4628050408792,50,69300,,,,,0.007052462623166756,0.3467672302463926,0.0,0,1133584338,
1386,0.0742507003854132,4.920484235312973e-05,0.00040756986754581995,-5.101146837934716e-09,1.0,0,0.37924762489274144,604.8421342079528,50,69350,,,,,0.007014616336844783,0.3305864584909871,0.0,0,3258630151,
1387,0.07425069780363076,4.850905373513386e-05,0.0003549390562876154,-3.695373433131902e-09,1.0,0,0.5038411670830101,605.3460608329624,50,69400,,,,,0.006964844128559796,0.3590756753600966,0.0,0,2506709656,
1388,0.07425069593198283,4.8514140127189674e-05,0.0004266887355072751,-5.507853020760102e-09,1.0,0,0.4641375420615077,605.8103638750035,50,69450,,,,,0.006965209266575533,0.32418671485322653,0.0,0,288553167,
1389,0.07425069314622737,4.872994123913025e-05,0.00042462608061232676,-5.244173083245185e-09,1.0,0,0.4764868749771267,606.2869979159441,50,69500,,,,,0.006980683436392904,0.3405359385579804,0.0,0,2485488523,
1390,0.07425069049241766,4.829056877673432e-05,0.00039761321582061437,-4.751955264765793e-09,1.0,0,0.607725040987134,606.8948263328057,50,69550,,,,,0.00694914158560137,0.33775568256999083,0.0,0,4160174294,
1391,0.07425068808789217,4.7651083615601823e-05,0.0003598029554140532,-3.6719697650236398e-09,1.0,0,1.0425097078550607,607.9374235828873,50,69600,,,,,0.006902976431627289,0.32353729773289297,0.0,0,1576879203,
1392,0.07425068622849294,4.7400016471963543e-05,0.0003710977585906154,-3.9094858170468505e-09,1.0,0,0.40487470803782344,608.3423867910169,50,69650,,,,,0.006884766987485019,0.3479124606920808,0.0,0,1733986690,
1393,0.07425068425014089,4.680234498382923e-05,0.0003329562559904266,-3.1983906971428623e-09,1.0,0,0.36633950006216764,608.7088777909521,50,69700,,,,,0.006841223939020651,0.34800557234900675,0.0,0,1171390463,
1394,0.07425068263143447,4.68639117184008e-05,0.0003305562422362096,-3.200452046881766e-09,1.0,0,0.44175129220820963,609.1507193748839,50,69750,,,,,0.006845722147326811,0.3375567674173408,0.0,0,1166767113,
1395,0.07425068101144305,4.619909669367083e-05,0.00033526907833065887,-3.331269290145738e-09,1.0,0,0.3941900839563459,609.5450568748638,50,69800,,,,,0.006796991738531895,0.340491249166335,0.0,0,113188972,
1396,0.07425067932499888,4.5865708735926144e-05,0.00036044331218849294,-3.8453475032487e-09,1.0,0,0.37310112500563264,609.9182527498342,50,69850,,,,,0.006772422663709505,0.3348199855099188,0.0,0,1411271010,
1397,0.07425067737836757,4.532474192408032e-05,0.00033445768975474646,-3.271147039567289e-09,1.0,0,0.4151079999282956,610.3335042907856,50,69900,,,,,0.006732365254803123,0.33743581054995064,0.0,0,1894022013,
1398,0.07425067572288985,4.5299482163749825e-05,0.00029877761927214535,-2.656249264939027e-09,1.0,0,0.43673050007782876,610.7703281249851,50,69950,,,,,0.006730488998858094,0.3348495999685396,0.0,0,389359614,
1399,0.07425067437992183,4.524320049684239e-05,0.00035486316257999945,-3.5498247272453986e-09,1.0,0,0.38373829098418355,611.1541576248128,50,70000,,,,,0.006726306601459852,0.3432645406274219,0.0,0,201012827,
1400,0.07425067258347498,4.446570009654741e-05,0.0002427093174110782,-1.7160701089650433e-09,1.0,0,0.36188012501224875,611.5161269158125,50,70050,,,,,0.00666826065001567,0.33939301782554665,0.0,0,1228794635,
1401,0.07425067171439988,4.423669393787265e-05,0.000375717710526753,-3.975248103997975e-09,1.0,0,0.5276132919825613,612.0438629998825,50,70100,,,,,0.006651067127752707,0.3393663129225586,0.0,0,1035830397,
1402,0.07425066970128921,4.403997118056585e-05,0.00026177335975049125,-2.1104217661114315e-09,1.0,0,0.3559602501336485,612.3999202498235,50,70150,,,,,0.00663626183785464,0.3337001519033808,0.0,0,3428107471,
1403,0.07425066863399624,4.399216827833024e-05,0.0003674697007065884,-4.143850923278996e-09,1.0,0,0.4275159169919789,612.8275250408333,50,70200,,,,,0.006632659216206592,0.3371227659036619,0.0,0,3812820163,
1404,0.07425066653782919,4.429086602928502e-05,0.00027161375730068725,-2.3040992128316964e-09,1.0,0,0.41418716683983803,613.2417985829525,50,70250,,,,,0.006655138317817671,0.32818906763399586,0.0,0,2295829606,
1405,0.07425066537280053,4.370415249577279e-05,0.0003434115784931623,-3.3530747899755125e-09,1.0,0,0.41003837483003736,613.6519332497846,50,70300,,,,,0.006610911623654698,0.32457301151395856,0.0,0,3789854025,
1406,0.0742506636754938,4.324346479553921e-05,0.00034293955919173394,-3.3754825991244757e-09,1.0,0,0.41524274996481836,614.0673185829073,50,70350,,,,,0.00657597633781777,0.3263390084064546,0.0,0,2862667388,
1407,0.07425066196757973,4.3450570270636654e-05,0.0003786815545898859,-4.196408259124489e-09,1.0,0,0.4009505840949714,614.4683559578843,50,70400,,,,,0.006591704655901739,0.33870814167205016,0.0,0,1326724912,
1408,0.07425065984690518,4.3394786458052224e-05,0.00036834595024270685,-3.778245588667018e-09,1.0,0,0.4584553330205381,614.9269575828221,50,70450,,,,,0.0065874719322401845,0.33623570700750655,0.0,0,454318531,
1409,0.07425065793490203,4.348006312212003e-05,0.0003143325863926119,-2.958324523876927e-09,1.0,0,0.36795295891352,615.2950442908332,50,70500,,,,,0.00659394139510809,0.3396714476792071,0.0,0,3127966607,
1410,0.07425065643822544,4.310906154855604e-05,0.0002758185332088702,-2.2267140061830027e-09,1.0,0,0.38181604188866913,615.6769487909041,50,70550,,,,,0.006565749123181302,0.3165874306677503,0.0,0,52940658,
1411,0.07425065531245714,4.291680600071826e-05,0.0003258151191225002,-3.061004816971947e-09,1.0,0,0.3869955411646515,616.0640846248716,50,70600,,,,,0.00655109197010073,0.3309809289265459,0.0,0,2686581929,
1412,0.0742506537649461,4.2196943611088586e-05,0.00036087613753253494,-3.949470225887093e-09,1.0,0,0.5218977499753237,616.58614991582,50,70650,,,,,0.0064959174572256214,0.3310291334495449,0.0,0,1235408560,
1413,0.07425065176735263,4.15908606665835e-05,0.00027604064777112956,-2.390062833612698e-09,1.0,0,0.3664116251748055,616.9527113328222,50,70700,,,,,0.006449097662974527,0.34302614635271944,0.0,0,4251582527,
1414,0.0742506505595611,4.1834098076524535e-05,0.00030197873229245644,-2.7428816960310427e-09,1.0,0,0.3719109168741852,617.3247026249301,50,70750,,,,,0.006467928422340845,0.3397160780127496,0.0,0,1553586046,
1415,0.07425064917196525,4.072041456967797e-05,0.0003607775405323928,-3.681766663400442e-09,1.0,0,0.36565729207359254,617.6904532909393,50,70800,,,,,0.006381254936897441,0.3380680323573688,0.0,0,3169753025,
1416,0.07425064730918204,4.089552755824264e-05,0.0002636599943878114,-2.0424807378216266e-09,1.0,0,0.4498075828887522,618.1404051659629,50,70850,,,,,0.006394961106859262,0.3388881365229878,0.0,0,711931524,
1417,0.07425064627666554,4.112722282848983e-05,0.00033238235417280533,-3.209144437002416e-09,1.0,0,0.4054072918370366,618.5459050408099,50,70900,,,,,0.00641305097660153,0.3297938733316189,0.0,0,2578922060,
1418,0.07425064465358613,4.1144690049589156e-05,0.000273042704685552,-2.1427264014793776e-09,1.0,0,0.37358662486076355,618.919632790843,50,70950,,,,,0.006414412681578038,0.32151677122861305,0.0,0,2439908650,
1419,0.07425064356972695,4.0965470215356755e-05,0.0002475493949587289,-1.8722025794943814e-09,1.0,0,0.364355708938092,619.2840697909705,50,71000,,,,,0.0064004273463071784,0.3505768635728886,0.0,0,3937975859,
1420,0.07425064262392309,4.079263690995343e-05,0.00031018928072671086,-2.7556993110335303e-09,1.0,0,0.38407220877707005,619.6682933748234,50,71050,,,,,0.006386911374831612,0.3421893873499357,0.0,0,107388777,
1421,0.07425064123042863,4.078935491443847e-05,0.00030161232626044914,-2.7679896359989304e-09,1.0,0,0.38021412515081465,620.0485934158787,50,71100,,,,,0.0063866544383141995,0.3265465502107248,0.0,0,602598536,
1422,0.07425063983203874,4.074791824660792e-05,0.0003066934653711408,-2.645488261544835e-09,1.0,0,0.3881827499717474,620.4368627078366,50,71150,,,,,0.0063834096098094725,0.3387199191026535,0.0,0,129459878,
1423,0.074250638492178,4.0903919988525185e-05,0.00030987505717347227,-3.0294787543185865e-09,1.0,0,0.35302920802496374,620.7901265828405,50,71200,,,,,0.006395617248438588,0.3351216432862395,0.0,0,1976790521,
1424,0.07425063695977888,4.02420028501817e-05,0.00026498206311981095,-2.124775342999438e-09,1.0,0,0.5674016671255231,621.3576214578934,50,71250,,,,,0.006343658475216151,0.34715358716967265,0.0,0,1921655600,
1425,0.07425063588525668,3.946728766086236e-05,0.00031281578797412256,-3.1172073482134146e-09,1.0,0,0.36124341608956456,621.7189709579106,50,71300,,,,,0.0062822995519843175,0.3219109502715007,0.0,0,3595961496,
1426,0.07425063431164111,3.935170109724048e-05,0.0002469801578939562,-1.8239157143655097e-09,1.0,0,0.3730153338983655,622.0920723329764,50,71350,,,,,0.006273093423283323,0.30689174925870283,0.0,0,3594283835,
1427,0.07425063338938859,3.9450570207845435e-05,0.00023211741881464917,-1.6781670843421947e-09,1.0,0,0.40294533316046,622.4951082908083,50,71400,,,,,0.006280968890851588,0.3582244905881597,0.0,0,1065722267,
1428,0.0742506325411753,3.870777945675845e-05,0.00030302496851971743,-2.685040471738358e-09,1.0,0,0.3801257919985801,622.8753329159226,50,71450,,,,,0.0062215576391092325,0.3317802595881744,0.0,0,657346680,
1429,0.07425063118293877,3.871078210760945e-05,0.0002728801030026093,-2.277506412039655e-09,1.0,0,0.41322191595099866,623.2887054579332,50,71500,,,,,0.006221798944646913,0.349197875635584,0.0,0,1326826142,
1430,0.07425063003154521,3.8826822227129756e-05,0.00027644228347979097,-2.353016842659027e-09,1.0,0,0.35259987507015467,623.641610374907,50,71550,,,,,0.006231117253521214,0.33548492579306033,0.0,0,4043279972,
1431,0.07425062884184394,3.849209023685814e-05,0.0003380718157870219,-3.2486602616609168e-09,1.0,0,0.3888623749371618,624.0305592499208,50,71600,,,,,0.006204199403376566,0.35548032320372414,0.0,0,111411199,
1432,0.07425062720072456,3.832645596558124e-05,0.00026220638340898833,-2.02760136550414e-09,1.0,0,0.36668983311392367,624.3973400827963,50,71650,,,,,0.006190836451206027,0.35112946264681555,0.0,0,2071981143,
1433,0.07425062617546026,3.825703141488282e-05,0.0002607461187458566,-2.074671863107379e-09,1.0,0,0.3839932919945568,624.7814682908356,50,71700,,,,,0.006185226868505538,0.33593654431684183,0.0,0,205877485,
1434,0.07425062512719631,3.8062929708014204e-05,0.00026211451754063316,-2.023806494639456e-09,1.0,0,0.8210189160890877,625.6025666249916,50,71750,,,,,0.006169516164823154,0.3439728558890814,0.0,0,2861570945,
1435,0.07425062410456429,3.7919723877716755e-05,0.0003397023817683869,-3.1917303647494006e-09,1.0,0,0.5583890830166638,626.1611524999607,50,71800,,,,,0.0061578993072083235,0.319562272854843,0.0,0,3703805176,
1436,0.07425062248944936,3.792471859774851e-05,0.00029057431410063476,-2.3729715240190262e-09,1.0,0,0.3814327500294894,626.5428102498408,50,71850,,,,,0.006158304847744102,0.3355674985832814,0.0,0,599503116,
1437,0.07425062128918536,3.8139660537588095e-05,0.00026432650216141705,-2.0552589757982097e-09,1.0,0,0.4392532091587782,626.9822023329325,50,71900,,,,,0.006175731579140086,0.3302312986763815,0.0,0,84757306,
1438,0.07425062025041423,3.818623376942312e-05,0.0003305971926614635,-3.273580915727243e-09,1.0,0,0.6284420830197632,627.6107328329235,50,71950,,,,,0.006179501093892865,0.34467033226026944,0.0,0,694546143,
1439,0.07425061859724444,3.7154852079571984e-05,0.00027047236612313274,-2.0537825653245737e-09,1.0,0,0.38735350011847913,627.9982479158789,50,72000,,,,,0.006095478002550086,0.33454546251960054,0.0,0,2367573218,
1440,0.07425061755924839,3.706294014670576e-05,0.00026448458806417065,-2.057852315706917e-09,1.0,0,0.47738891700282693,628.4757451249752,50,72050,,,,,0.006087933980153346,0.33213556380710335,0.0,0,758149329,
1441,0.07425061651903797,3.68232355352142e-05,0.00024327664013994543,-1.6285312565102044e-09,1.0,0,0.372584291966632,628.8484779999126,50,72100,,,,,0.006068215185308956,0.33585012793335123,0.0,0,3248420592,
1442,0.07425061569548254,3.675937609516897e-05,0.000294540762116093,-2.698660887644364e-09,1.0,0,0.4249258330091834,629.2735498750117,50,72150,,,,,0.0060629511044679365,0.33631695250471844,0.0,0,246426407,
1443,0.07425061433298491,3.6495962446734e-05,0.0002534561990971911,-1.8787631042072594e-09,1.0,0,0.391026166966185,629.6646796248388,50,72200,,,,,0.006041188827270175,0.33462882555892587,0.0,0,2515306092,
1444,0.07425061338333014,3.62895915922577e-05,0.00023736736253084111,-1.8209834480154433e-09,1.0,0,0.5576919161248952,630.2225084998645,50,72250,,,,,0.00602408429491634,0.34323943613833235,0.0,0,3666565146,
1445,0.0742506124639878,3.598528427233997e-05,0.00030858599805609074,-2.8067047272691327e-09,1.0,0,0.3597130838315934,630.5823725408409,50,72300,,,,,0.005998773564016229,0.3426424663601927,0.0,0,2500698037,
1446,0.07425061104554542,3.587623408772187e-05,0.0002882633450089665,-2.3700708315397645e-09,1.0,0,0.3830395410768688,630.9655056248885,50,72350,,,,,0.005989677294122102,0.33031334983752675,0.0,0,2381636808,
1447,0.07425060984707298,3.583941527913621e-05,0.0002608126936420799,-2.0419968087547357e-09,1.0,0,0.3657222499605268,631.3314579159487,50,72400,,,,,0.005986602983256549,0.33756470361786745,0.0,0,3294945799,
1448,0.07425060881509919,3.5851221106328084e-05,0.00026463962440701454,-1.875630949682739e-09,1.0,0,0.40609008306637406,631.7376582080033,50,72450,,,,,0.005987588922623871,0.34535476394574366,0.0,0,127373982,
1449,0.07425060786674129,3.602531615772896e-05,0.00031719691315124944,-2.765790716257667e-09,1.0,0,0.3953172080218792,632.1331114578061,50,72500,,,,,0.006002109309045359,0.32670060725958944,0.0,0,4009090990,
1450,0.07425060646782741,3.597695537963569e-05,0.0002346188854287049,-1.6321791228786742e-09,1.0,0,0.4143963330425322,632.5479646248277,50,72550,,,,,0.0059980793075480165,0.34276922519718217,0.0,0,2860687477,
1451,0.07425060564338584,3.5427363485831554e-05,0.0003332183114653819,-2.9055559817923274e-09,1.0,0,0.39101525000296533,632.9390719579533,50,72600,,,,,0.005952089001840577,0.33752366955678154,0.0,0,2220020291,
1452,0.07425060417137282,3.525029725971362e-05,0.00021983586979146066,-1.430578987056413e-09,1.0,0,0.44225679198279977,633.3814745829441,50,72650,,,,,0.00593719607725007,0.3361789894682527,0.0,0,545417581,
1453,0.07425060344799361,3.5178116933248824e-05,0.00024045865877262823,-1.7495223559512734e-09,1.0,0,0.35682433284819126,633.738390540937,50,72700,,,,,0.005931114307889271,0.34307054380533347,0.0,0,3797688796,
1454,0.07425060256381935,3.4878513606625505e-05,0.0002651086668044728,-2.0296380001027907e-09,1.0,0,0.36962724989280105,634.1080925408751,50,72750,,,,,0.0059058033836748665,0.34167833767030587,0.0,0,2901285656,
1455,0.07425060153791374,3.481750608622057e-05,0.00027414858311129074,-2.1771180280090244e-09,1.0,0,0.48394958418793976,634.592135165818,50,72800,,,,,0.0059006360747143665,0.31544456756351724,0.0,0,2606870040,
1456,0.07425060043733944,3.401319434813197e-05,0.00024248463267582178,-1.663662411033971e-09,1.0,0,0.4289755418431014,635.0212579159997,50,72850,,,,,0.005832083191118931,0.3427843627074332,0.0,0,3915257018,
1457,0.07425059959714758,3.42111501394759e-05,0.00029757977798450296,-2.458280335889541e-09,1.0,0,0.39443195797502995,635.4158247909509,50,72900,,,,,0.005849029846006592,0.3347843071207467,0.0,0,146051502,
1458,0.07425059835542613,3.430766125375134e-05,0.0002282622227246064,-1.5614552863294733e-09,1.0,0,0.3818006250075996,635.7977724999655,50,72950,,,,,0.005857274217052787,0.3271459616620814,0.0,0,2123733037,
1459,0.0742505975669355,3.447839759068811e-05,0.0003358444087964083,-3.197690235954929e-09,1.0,0,0.46623879205435514,636.2641542910133,50,73000,,,,,0.0058718308550815826,0.3398954477797405,0.0,0,1282236212,
1460,0.07425059595105993,3.349692955810608e-05,0.0002452718053550101,-1.8319997909938356e-09,1.0,0,0.40007745777256787,636.6643132078461,50,73050,,,,,0.005787653199536585,0.3290580285813406,0.0,0,2462537436,
1461,0.07425059502536448,3.307829105093308e-05,0.000241832005917925,-1.7884743834223525e-09,1.0,0,0.4162082918919623,637.08061024989,50,73100,,,,,0.0057513729709464225,0.3280985110711873,0.0,0,2686416384,
1462,0.07425059412241626,3.28745479056267e-05,0.00027330465020586147,-2.191989173691877e-09,1.0,0,0.4677875000052154,637.5484817498364,50,73150,,,,,0.005733633045951468,0.3259454895232164,0.0,0,4207658255,
1463,0.07425059301579012,3.234533271355841e-05,0.00024700837163213577,-1.764467349877672e-09,1.0,0,0.40718479081988335,637.9558128328063,50,73200,,,,,0.005687295729391818,0.33250953406892925,0.0,0,3363908620,
1464,0.07425059212491178,3.206467889679973e-05,0.00026113788029646066,-1.9287419324948816e-09,1.0,0,0.5339605829212815,638.4899152079597,50,73250,,,,,0.005662568224471978,0.3285090246447089,0.0,0,203111300,
1465,0.07425059115093023,3.196860635537326e-05,0.00029397517011954343,-2.453007124879847e-09,1.0,0,0.36510300007648766,638.8552139578387,50,73300,,,,,0.005654078736219833,0.331678642723022,0.0,0,3568348610,
1466,0.07425058991168702,3.1888904056583376e-05,0.00020850996543323244,-1.3268364489741815e-09,1.0,0,0.5109655000269413,639.3663145829923,50,73350,,,,,0.005647026125013358,0.34836610099695864,0.0,0,80775419,
1467,0.07425058924181951,3.1420178486136604e-05,0.0002656574702398913,-2.1024430084713864e-09,1.0,0,0.42907658289186656,639.7954817498103,50,73400,,,,,0.005605370503912886,0.32066018881757824,0.0,0,2077375378,
1468,0.07425058817997068,3.1234426024026996e-05,0.00023732811881345363,-1.6682673638304597e-09,1.0,0,0.40013383398763835,640.1957055828534,50,73450,,,,,0.005588776791394249,0.33052579675242616,0.0,0,2249426982,
1469,0.0742505873374665,3.126784474746586e-05,0.0002477936021020243,-1.9054906484294557e-09,1.0,0,0.4196167499758303,640.6154157908168,50,73500,,,,,0.0055917657986959595,0.3329897955519587,0.0,0,1569898567,
1470,0.07425058637481592,3.0747648781322674e-05,0.00019912193925007864,-1.22062982630948e-09,1.0,0,0.3915352080948651,641.0070535407867,50,73550,,,,,0.005545056246903423,0.3459096863674981,0.0,0,1077393630,
1471,0.07425058575871146,3.0526004952845445e-05,0.00020940987446698808,-1.2968711969734577e-09,1.0,0,0.35966683318838477,641.3668075827882,50,73600,,,,,0.005525034384765894,0.31729325259876384,0.0,0,3023867277,
1472,0.07425058510390298,3.0364932966202513e-05,0.00023670715962952998,-1.6231719487444702e-09,1.0,0,0.3541124160401523,641.7210049158894,50,73650,,,,,0.005510438545724153,0.3284632239598316,0.0,0,2201879352,
1473,0.07425058428303016,3.0418169306869576e-05,0.00020142604597011806,-1.2196575860787298e-09,1.0,0,0.3838140000589192,642.1049149159808,50,73700,,,,,0.005515266929793115,0.3320770621690804,0.0,0,12436993,
1474,0.07425058366699264,3.0177073401377474e-05,0.0002280505697305067,-1.5278326402330849e-09,1.0,0,0.43133933399803936,642.5363850828726,50,73750,,,,,0.005493366308683363,0.34142863290186337,0.0,0,3699542603,
1475,0.0742505828956739,2.9799446540640924e-05,0.00024087161647202683,-1.6159593686451416e-09,1.0,0,0.4286222921218723,642.9650979579892,50,73800,,,,,0.005458886932392072,0.33278430970663087,0.0,0,4076410710,
1476,0.07425058207916058,2.9734494426553227e-05,0.000253692124205521,-1.8319330528756552e-09,1.0,0,0.5758176250383258,643.5410515409894,50,73850,,,,,0.005452934478476083,0.3349498201779715,0.0,0,3720230255,
1477,0.0742505811541488,2.9748304700258833e-05,0.00022600403738451812,-1.3962917536121256e-09,1.0,0,0.3936622920446098,643.9348277079407,50,73900,,,,,0.005454200647231346,0.34451886168863977,0.0,0,1558824816,
1478,0.07425058044898888,2.9706349464706156e-05,0.0002594728269757348,-1.9054855837887035e-09,1.0,0,0.38932754192501307,644.3243721658364,50,73950,,,,,0.005450353150457882,0.3430192769636812,0.0,0,28869070,
1479,0.07425057948724298,2.936712833333318e-05,0.00022742006889040178,-1.5445417729416738e-09,1.0,0,0.37096745800226927,644.6954325409606,50,74000,,,,,0.005419144612697947,0.3377101375368632,0.0,0,437614658,
1480,0.07425057870774399,2.9747035441622346e-05,0.00021325907315259147,-1.3373348001704516e-09,1.0,0,0.38735649990849197,645.0828844159842,50,74050,,,,,0.005454084289926435,0.3283575578478345,0.0,0,3254956063,
1481,0.07425057803234927,2.937047797074973e-05,0.0002297460015389864,-1.5277985183150404e-09,1.0,0,0.40981383295729756,645.4928409999702,50,74100,,,,,0.005419453659802779,0.33681665469150385,0.0,0,1240709931,
1482,0.07425057726097,2.907385836888577e-05,0.00020339921200872326,-1.272858990114533e-09,1.0,0,0.4015039170626551,645.8947272079531,50,74150,,,,,0.005392018023790886,0.35127703705766583,0.0,0,659028035,
1483,0.07425057661866616,2.8806551844808858e-05,0.0002381263248862281,-1.5828658600807956e-09,1.0,0,0.4220190839841962,646.3168349999469,50,74200,,,,,0.005367173543384717,0.34079099738016166,0.0,0,2684698404,
1484,0.07425057581951927,2.8987743188466015e-05,0.00022439057171734543,-1.4470654375766013e-09,1.0,0,0.3954584158491343,646.7123773749918,50,74250,,,,,0.0053840266704824205,0.3253309143032173,0.0,0,2152875208,
1485,0.0742505750890516,2.9029463498940803e-05,0.00019867266436759967,-1.122899619940502e-09,1.0,0,0.41830795793794096,647.1308443329763,50,74300,,,,,0.005387899729852144,0.3454714755380946,0.0,0,1897968991,
1486,0.07425057452214706,2.8657579951345347e-05,0.00021711161044114422,-1.4065912884183889e-09,1.0,0,0.44930466590449214,647.5802397078369,50,74350,,,,,0.0053532774962022425,0.3395232851472081,0.0,0,4011271630,
1487,0.07425057381220093,2.852312443043387e-05,0.00019430120636147708,-1.1264067256587497e-09,1.0,0,0.4946050001308322,648.0749894999899,50,74400,,,,,0.005340704488214441,0.3525662831086262,0.0,0,4123662543,
1488,0.07425057324342049,2.838522536479104e-05,0.00020617897269304447,-1.2711389619697236e-09,1.0,0,0.4037160000298172,648.4788540408481,50,74450,,,,,0.005327778652007893,0.34941213204003935,0.0,0,2427442667,
1489,0.07425057260195708,2.812669372883928e-05,0.00021741277142656713,-1.2761291745241318e-09,1.0,0,0.3726652089972049,648.8516554578673,50,74500,,,,,0.0053034605427814095,0.34107672425415186,0.0,0,2285037611,
1490,0.07425057195739723,2.7895404686333096e-05,0.00019391378819508628,-1.0866119066320285e-09,1.0,0,0.368692166171968,649.2204275829718,50,74550,,,,,0.00528161004678811,0.32800780476708663,0.0,0,2166718389,
1491,0.07425057140881408,2.77156708540477e-05,0.00026479464061565894,-2.0964845391002018e-09,1.0,0,0.41711516701616347,649.6376772909425,50,74600,,,,,0.005264567489741935,0.33196470369084,0.0,0,2209816299,
1492,0.07425057035094298,2.729148205573154e-05,0.00016214185258290955,-8.059210829171964e-10,1.0,0,0.48440462490543723,650.1221715409774,50,74650,,,,,0.00522412500383859,0.33331084373597314,0.0,0,175955555,
1493,0.074250569944258,2.700442805356119e-05,0.0001789571665792682,-9.540453360530603e-10,1.0,0,0.38271300005726516,650.5050316248089,50,74700,,,,,0.005196578494890767,0.3494530509516749,0.0,0,1962960658,
1494,0.07425056946277311,2.685618662718122e-05,0.00020016202193052474,-1.1384161674283166e-09,1.0,0,0.46604408300481737,650.9712204160169,50,74750,,,,,0.005182295497863975,0.3326795036621957,0.0,0,361571963,
1495,0.07425056888820382,2.6922399684876596e-05,0.00023322966965955117,-1.5639795488977805e-09,1.0,0,0.3754039581399411,651.3467335000169,50,74800,,,,,0.005188679955911387,0.33813619583661164,0.0,0,2976151200,
1496,0.07425056809829794,2.6934232988994935e-05,0.0002011999722740129,-1.184895165157685e-09,1.0,0,0.3836392080411315,651.7305140409153,50,74850,,,,,0.005189820130697685,0.33782761816197093,0.0,0,1106054820,
1497,0.07425056750072025,2.718410060105411e-05,0.00022347024521385294,-1.5285144791799146e-09,1.0,0,0.4163725827820599,652.1469767498784,50,74900,,,,,0.005213837416054907,0.3188864685912485,0.0,0,2180278848,
1498,0.0742505667295388,2.6905609284446762e-05,0.00017910455859781823,-9.408331324347565e-10,1.0,0,0.5246617919765413,652.6717267909553,50,74950,,,,,0.00518706171974527,0.3140109398798425,0.0,0,2520374620,
1499,0.07425056625438169,2.6850852083816955e-05,0.0002180130636703504,-1.2483543739360312e-09,1.0,0,0.4118854580447078,653.0838192079682,50,75000,,,,,0.005181780783072259,0.32848839726070445,0.0,0,4095419493,
1500,0.07425056562371031,2.68400584446051e-05,0.00017098114167499713,-8.866183585405224e-10,1.0,0,0.4513762081041932,653.5353869579267,50,75050,,,,,0.005180739179364765,0.342994979994311,0.0,0,2923912757,
1501,0.07425056517663481,2.675701488040307e-05,0.00019416751390866017,-1.0667716736599212e-09,1.0,0,0.41091154096648097,653.946407624986,50,75100,,,,,0.005172718326025792,0.3203655072657421,0.0,0,2131260054,
1502,0.07425056463821395,2.6640497955779915e-05,0.00018488922989320068,-1.0483758438199204e-09,1.0,0,0.38778370805084705,654.3342807078734,50,75150,,,,,0.005161443398486504,0.3377305759537416,0.0,0,3362313932,
1503,0.07425056410946035,2.6229491015354402e-05,0.00021219273030116426,-1.1788420296252725e-09,1.0,0,0.4545477090869099,654.7889712499455,50,75200,,,,,0.005121473519930997,0.3334469455719582,0.0,0,4244004681,
1504,0.07425056351375961,2.6436582302761804e-05,0.0002167992401385958,-1.342203954335159e-09,1.0,0,0.40054949978366494,655.189609499881,50,75250,,,,,0.005141651709593115,0.3247002067491273,0.0,0,1999068902,
1505,0.07425056283604498,2.6348865977955166e-05,0.00019205684738285065,-1.0777301447885936e-09,1.0,0,0.3972787919919938,655.5869806248229,50,75300,,,,,0.0051331146468742705,0.3333645570041172,0.0,0,2394975526,
1506,0.0742505622923705,2.6150426402212383e-05,0.00020188953304470933,-1.1097800894906307e-09,1.0,0,0.41685445909388363,656.0039279158227,50,75350,,,,,0.005113748762132569,0.34224372658483804,0.0,0,3337485094,
1507,0.07425056173188346,2.586716037492652e-05,0.0001728295480067072,-8.419963546087053e-10,1.0,0,0.39684829115867615,656.4009116659872,50,75400,,,,,0.005085976835862165,0.34565176490215677,0.0,0,138915318,
1508,0.07425056130675085,2.5788914916896846e-05,0.00017533205502418835,-8.951225773388663e-10,1.0,0,0.4389467090368271,656.8399475410115,50,75450,,,,,0.005078278735644278,0.3334165071889522,0.0,0,600441781,
1509,0.07425056085487647,2.5496653819665876e-05,0.00017461194529881026,-8.611418366599125e-10,1.0,0,0.48668554215691984,657.3267187909223,50,75500,,,,,0.005049421137087486,0.3046535770628655,0.0,0,1603147612,
1510,0.07425056042044764,2.5060729973670226e-05,0.0002145531264600178,-1.2991886236033975e-09,1.0,0,0.43043537507764995,657.7573032910004,50,75550,,,,,0.005006069313710131,0.33553478203104464,0.0,0,4065833189,
1511,0.07425055976423073,2.517893985610045e-05,0.00015393380599907884,-7.022660898520526e-10,1.0,0,0.40804387512616813,658.1654942079913,50,75600,,,,,0.00501786208021907,0.3425364999778818,0.0,0,2036865896,
1512,0.07425055940996991,2.509432361464102e-05,0.0001652653397827656,-8.444533801294021e-10,1.0,0,0.4474920001812279,658.6131257498637,50,75650,,,,,0.005009423481264188,0.33187800245500404,0.0,0,20687187,
1513,0.07425055898396646,2.5157175069847592e-05,0.00018633945620183056,-1.0080007247615566e-09,1.0,0,0.3940329169854522,659.0072525828145,50,75700,,,,,0.005015692880335437,0.33628429082247097,0.0,0,1433473833,
1514,0.07425055847563425,2.5096635556181832e-05,0.00021044980988739134,-1.2039488500670062e-09,1.0,0,0.4499529160093516,659.4573411659803,50,75750,,,,,0.0050096542351924685,0.33588759253099637,0.0,0,2400843335,
1515,0.07425055786749378,2.5247420664251318e-05,0.0001874137773988718,-1.0147344445889898e-09,1.0,0,0.3720721669960767,659.8297982909717,50,75800,,,,,0.005024681150506101,0.35102266406837584,0.0,0,1633273984,
1516,0.07425055735571807,2.5030095292971294e-05,0.00014236302734323052,-5.752320499832826e-10,1.0,0,0.401689708000049,660.2315656659193,50,75850,,,,,0.005003008624115223,0.3460375553082905,0.0,0,1009557230,
1517,0.07425055706559296,2.489045874795282e-05,0.00021019127509484042,-1.3063564839224055e-09,1.0,0,0.3640959169715643,660.5958068748005,50,75900,,,,,0.004989033849148833,0.3336068224393266,0.0,0,628341650,
1518,0.0742505564065091,2.453299247249299e-05,0.00019559369463635515,-1.1282491109918304e-09,1.0,0,0.39329841593280435,660.9891972078476,50,75950,,,,,0.004953079090070437,0.31387998235178366,0.0,0,784004234,
1519,0.074250555837058,2.4507495862374013e-05,0.00017695238798624705,-9.934274382898028e-10,1.0,0,0.38266262505203485,661.3729372499511,50,76000,,,,,0.004950504606843025,0.3278874394718261,0.0,0,2116689772,
1520,0.07425055533609656,2.441133615049836e-05,0.00017544258593159599,-9.6535433703875e-10,1.0,0,0.47564733284525573,661.8486749578733,50,76050,,,,,0.004940782949138563,0.32185674872072634,0.0,0,1568296088,
1521,0.07425055484931306,2.4037829890592123e-05,0.00021170226502785627,-1.325147933157845e-09,1.0,0,0.41356612485833466,662.2623283329885,50,76100,,,,,0.0049028389623352025,0.33263495717263974,0.0,0,3071391384,
1522,0.07425055418084897,2.391552180154729e-05,0.00019397582433056888,-1.0980485717477805e-09,1.0,0,0.3922993747983128,662.6547668748535,50,76150,,,,,0.004890349864942926,0.32431243653056524,0.0,0,1826090264,
1523,0.07425055362702981,2.3872056420077087e-05,0.00016692943290565405,-8.039723758533761e-10,1.0,0,0.4244844578206539,663.0793467077892,50,76200,,,,,0.00488590384883668,0.34122640156502515,0.0,0,2911450926,
1524,0.07425055322137379,2.3899416704066082e-05,0.00017379397549825015,-8.504287886132634e-10,1.0,0,0.3868937080260366,663.4663407909684,50,76250,,,,,0.004888702967461419,0.32382992111225517,0.0,0,1226490848,
1525,0.07425055279235432,2.364287478539477e-05,0.00016257131302184447,-7.953661354319302e-10,1.0,0,0.4401541252154857,663.9065834998619,50,76300,,,,,0.004862393935644743,0.3325248466731723,0.0,0,252126207,
1526,0.07425055239076064,2.3512965771576546e-05,0.00018596018476328693,-1.0261406369346598e-09,1.0,0,0.40609791688621044,664.312769040931,50,76350,,,,,0.00484901699023385,0.3424995572399871,0.0,0,3764298917,
1527,0.0742505518735003,2.341197093625342e-05,0.0001968108334565368,-1.074739908544549e-09,1.0,0,0.4004073750693351,664.7132647498511,50,76400,,,,,0.004838591834020868,0.32920169406240185,0.0,0,1418575153,
1528,0.0742505513312311,2.3462742284554796e-05,0.00014627123662466884,-6.303989875299803e-10,1.0,0,0.397239041980356,665.1106492499821,50,76450,,,,,0.004843835493135042,0.3342600972869712,0.0,0,2607564936,
1529,0.07425055101339023,2.3350474098476164e-05,0.00017780560164226537,-8.693943315981207e-10,1.0,0,0.4123652500566095,665.5231015409809,50,76500,,,,,0.004832232827428348,0.3487930470123627,0.0,0,46229928,
1530,0.07425055057457326,2.3318024384841707e-05,0.0001957181198650471,-1.1638351005323818e-09,1.0,0,0.5296721248887479,666.0531774580013,50,76550,,,,,0.004828874028678084,0.32953780464334703,0.0,0,1697020355,
1531,0.07425054998812937,2.3140735433455805e-05,0.0001503063350546533,-6.803720542877712e-10,1.0,0,0.3682903330773115,666.421605165815,50,76600,,,,,0.004810481829656548,0.33778197256411097,0.0,0,481016176,
1532,0.07425054964539646,2.2823136256053977e-05,0.00017776286582993957,-8.509415114777352e-10,1.0,0,0.3956665419973433,666.8173628328368,50,76650,,,,,0.004777356618052914,0.3387971879391815,0.0,0,1241500239,
1533,0.07425054921603694,2.2885779982743414e-05,0.00017485512332445925,-8.970733470901731e-10,1.0,0,0.42199433385394514,667.2394929579459,50,76700,,,,,0.004783908442136347,0.3326041142932809,0.0,0,1443821331,
1534,0.0742505487637881,2.267708208793283e-05,0.00016757983805872233,-8.582258336904634e-10,1.0,0,0.39020608295686543,667.6297856247984,50,76750,,,,,0.004762045998090824,0.33432884515787953,0.0,0,1351412180,
1535,0.07425054833111326,2.2813658210846382e-05,0.00018218696841914084,-9.851535991088828e-10,1.0,0,0.36539170797914267,667.9952651248313,50,76800,,,,,0.004776364539149664,0.34914727778951354,0.0,0,378184404,
1536,0.07425054783456102,2.2577989376784554e-05,0.00018515933482587707,-9.265771263066675e-10,1.0,0,0.3805082079488784,668.3759121659677,50,76850,,,,,0.004751630180978372,0.33756473623054994,0.0,0,3539214697,
1537,0.07425054736712114,2.239212542158836e-05,0.00015914015144718915,-7.669047169137157e-10,1.0,0,0.4359316669870168,668.811933540972,50,76900,,,,,0.004732031849173076,0.3295170601762217,0.0,0,2010439456,
1538,0.07425054698067532,2.223625700210205e-05,0.00017341384797177301,-8.126553165478302e-10,1.0,0,0.421534291934222,669.2335583330132,50,76950,,,,,0.004715533586149297,0.3487385354562607,0.0,0,3443035605,
1539,0.07425054657043378,2.21551302672745e-05,0.00017457962187282484,-9.056678007421473e-10,1.0,0,0.3590989171061665,669.5927997909021,50,77000,,,,,0.004706923652161197,0.3411224428386855,0.0,0,779373249,
1540,0.07425054611387259,2.2062149055894753e-05,0.0001615774746698832,-7.258833046774824e-10,1.0,0,0.3652396670076996,669.9581261249259,50,77050,,,,,0.004697036199125439,0.3453356064483464,0.0,0,2285249465,
1541,0.07425054574776027,2.19828489194433e-05,0.00014819161025341607,-6.221602705027985e-10,1.0,0,0.37154516601003706,670.3298065830022,50,77100,,,,,0.004688587092018586,0.34735555785309985,0.0,0,1873557467,
1542,0.07425054543401881,2.1850076219406528e-05,0.0001310792203288886,-5.274256483415227e-10,1.0,0,0.48445820808410645,670.8143529158551,50,77150,,,,,0.004674406509858393,0.32555786789668006,0.0,0,3463475761,
1543,0.07425054516812875,2.1345462409336668e-05,0.00016080097530738426,-7.418913531068376e-10,1.0,0,0.4075016248971224,671.2219915830065,50,77200,,,,,0.004620114977934712,0.3344893749211412,0.0,0,477148474,
1544,0.07425054479407406,2.1050847461829272e-05,0.0001743302242586377,-8.628033363392901e-10,1.0,0,0.40854412503540516,671.6306297499686,50,77250,,,,,0.004588120253636479,0.33488565012871907,0.0,0,2940108963,
1545,0.074250544359154,2.073295788643312e-05,0.00013314860789039444,-5.416099668704247e-10,1.0,0,0.4128327500075102,672.0436104158871,50,77300,,,,,0.004553345790342869,0.3499039465159645,0.0,0,3193188261,
1546,0.07425054408618423,2.0755897508409244e-05,0.00016885552774428307,-8.44768115327507e-10,1.0,0,0.418216124875471,672.4619231659453,50,77350,,,,,0.0045558640792290155,0.33357957658780824,0.0,0,1568693741,
1547,0.07425054366030225,2.067596262126939e-05,0.00017397657609680357,-8.882931846602456e-10,1.0,0,0.39519000006839633,672.8575712498277,50,77400,,,,,0.004547082869408627,0.3317940769342166,0.0,0,3165311641,
1548,0.07425054321257593,2.0588192187645515e-05,0.00015839714419653035,-7.19267371775201e-10,1.0,0,0.45055495807901025,673.3100631248672,50,77450,,,,,0.0045374213147607876,0.3302925010478335,0.0,0,292723309,
1549,0.07425054285008602,2.0622735304760995e-05,0.00015006429337961047,-7.312469748162102e-10,1.0,0,0.3879807919729501,673.6982115828432,50,77500,,,,,0.004541226189561691,0.34024821376924674,0.0,0,2739740357,
1550,0.07425054248167182,2.0532842023651914e-05,0.00012704661810391662,-5.036696222963279e-10,1.0,0,0.46157308388501406,674.1599429578055,50,77550,,,,,0.004531317912445773,0.32920183443870416,0.0,0,244940490,
1551,0.07425054222797448,2.0488488611345656e-05,0.00013768763508273653,-6.233826545945074e-10,1.0,0,0.38580812490545213,674.5458440408111,50,77600,,,,,0.004526421170344808,0.33376815491771206,0.0,0,74544929,
1552,0.07425054191412205,2.0298983892614897e-05,0.0001473768740510582,-6.252530916401254e-10,1.0,0,0.49687883304432034,675.0428035408258,50,77650,,,,,0.0045054393673220035,0.3496836129054088,0.0,0,2175612613,
1553,0.07425054159897711,2.0203477228088843e-05,0.00017403045369265822,-8.525410425177264e-10,1.0,0,0.35590149997733533,675.3988975000102,50,77700,,,,,0.004494827830750455,0.33751275426459587,0.0,0,2744488594,
1554,0.0742505411689709,2.0204481950850558e-05,0.00012288501527301046,-4.312918360692807e-10,1.0,0,0.4064397909678519,675.8054284579121,50,77750,,,,,0.0044949395936820504,0.33837451756003983,0.0,0,1777927017,
1555,0.07425054095148187,2.033780406012243e-05,0.00012982507207319913,-4.871739632985536e-10,1.0,0,0.4314162500668317,676.2369371249806,50,77800,,,,,0.004509745454027581,0.33570409856166517,0.0,0,2211914705,
1556,0.07425054070567805,2.0124346134393496e-05,0.00012315283338101013,-4.457161217379495e-10,1.0,0,0.4116647499613464,676.6486850408837,50,77850,,,,,0.004486016733628342,0.3350437172054823,0.0,0,696881321,
1557,0.0742505404810705,1.9947448083210548e-05,0.00014718900057024813,-6.246283778608704e-10,1.0,0,0.3997829589061439,677.0485559159424,50,77900,,,,,0.0044662566074074326,0.34801078677892533,0.0,0,1724562866,
1558,0.07425054016626335,1.9963170667059165e-05,0.00014490082414326174,-6.819454211684089e-10,1.0,0,0.44042895920574665,677.4891790410038,50,77950,,,,,0.004468016413024818,0.3408809038357219,0.0,0,2261488587,
1559,0.07425053982278637,1.9813829955599602e-05,0.00015091744143027857,-6.920475482304214e-10,1.0,0,0.38473837496712804,677.874007665785,50,78000,,,,,0.004451272846681003,0.34743296487502523,0.0,0,3120766520,
1560,0.07425053947411861,1.9512454136379397e-05,0.0001392735293085056,-5.649489257194828e-10,1.0,0,0.4370563749689609,678.3111984159332,50,78050,,,,,0.004417290361339109,0.33193037963800376,0.0,0,2424161303,
1561,0.07425053918935931,1.9462709955989266e-05,0.00014568498832928022,-6.158826096615883e-10,1.0,0,0.3960659170988947,678.7076649579685,50,78100,,,,,0.004411656146617647,0.3192825851565418,0.0,0,449759317,
1562,0.07425053887902147,1.938133444289621e-05,0.00016079506053217634,-7.075939133791771e-10,1.0,0,0.43088116706348956,679.1387835829519,50,78150,,,,,0.004402423700973841,0.354923805933449,0.0,0,423789681,
1563,0.0742505385223869,1.9316955492206406e-05,0.0001460029344582912,-6.614332801611868e-10,1.0,0,0.5175451249815524,679.6564675827976,50,78200,,,,,0.004395105856769141,0.34703356315632067,0.0,0,2265150750,
1564,0.0742505381891383,1.92250786477596e-05,0.00014066047849476565,-5.702015805833492e-10,1.0,0,0.3831337501760572,680.0397181659937,50,78250,,,,,0.004384641222239238,0.3276984511725725,0.0,0,3270118584,
1565,0.07425053790178521,1.907134420193034e-05,0.0001422272349133458,-5.908083049373832e-10,1.0,0,0.3798927499447018,680.4197011659853,50,78300,,,,,0.004367075016750954,0.3325625983760096,0.0,0,2926034900,
1566,0.07425053760387246,1.8868023943823544e-05,0.00015343238772358485,-6.740218169577889e-10,1.0,0,0.36534533300437033,680.7851959159598,50,78350,,,,,0.004343733871201543,0.32997289999886625,0.0,0,2232933974,
1567,0.07425053726424888,1.86288201879651e-05,0.00014571542619563706,-5.903444637319269e-10,1.0,0,0.48444941686466336,681.2697249997873,50,78400,,,,,0.004316111697809164,0.33520829041774175,0.0,0,2930973138,
1568,0.07425053696673531,1.842773971418434e-05,0.00013151593569166235,-5.274283549831172e-10,1.0,0,0.35153820808045566,681.6213744999841,50,78450,,,,,0.004292754327257075,0.3463445136982518,0.0,0,2998386179,
1569,0.07425053670111004,1.8544379827804192e-05,0.00014537926061133338,-6.082996116857168e-10,1.0,0,0.42647220892831683,682.0479363328777,50,78500,,,,,0.004306318593393223,0.33847300625378285,0.0,0,241547140,
1570,0.07425053639454686,1.855602767376685e-05,0.00015265947138243808,-6.650307045121835e-10,1.0,0,0.47222762485034764,682.5203041248024,50,78550,,,,,0.004307670794497515,0.34391057491828014,0.0,0,1068855717,
1571,0.07425053605941298,1.8605188456765214e-05,0.0001329356426799204,-5.476172969032691e-10,1.0,0,0.3764955000951886,682.8969404578675,50,78600,,,,,0.00431337321092961,0.34689351941876767,0.0,0,48567254,
1572,0.07425053578349362,1.839341422809417e-05,0.00013365458441816616,-5.307441913009106e-10,1.0,0,0.40719070797786117,683.3042683748063,50,78650,,,,,0.004288754391206632,0.3329788249440304,0.0,0,2665657164,
1573,0.07425053551605196,1.8257175973491863e-05,0.0001507926500495693,-6.709327152908296e-10,1.0,0,0.38362037506885827,683.6879824998323,50,78700,,,,,0.00427284167428327,0.3434774654281789,0.0,0,3475323204,
1574,0.07425053517812807,1.8010087076809873e-05,0.00013206275101108208,-5.098580490369023e-10,1.0,0,0.5405811669770628,684.228711332893,50,78750,,,,,0.0042438292940232495,0.3445159285980138,0.0,0,151289558,
1575,0.07425053492131616,1.7976430726302405e-05,0.0001335874388954214,-5.267339592831618e-10,1.0,0,0.3837240419816226,684.6128304998856,50,78800,,,,,0.004239862111708635,0.3304435267422249,0.0,0,3943215000,
1576,0.07425053465597942,1.7596686275937658e-05,0.00014129700579769105,-5.678168565990329e-10,1.0,0,0.4015574159566313,685.0145347497892,50,78850,,,,,0.004194840435098534,0.3303085457234577,0.0,0,4179572461,
1577,0.07425053436982178,1.7478626073906532e-05,0.00012755365815734867,-5.021927204977858e-10,1.0,0,0.7809304168913513,685.7955574158113,50,78900,,,,,0.004180744679349186,0.3360960526231025,0.0,0,267261073,
1578,0.07425053411681896,1.737095116412187e-05,0.00013138654461354802,-5.051692432923179e-10,1.0,0,0.395850749919191,686.1915084999055,50,78950,,,,,0.004167847305758918,0.33666895341993525,0.0,0,4147404544,
1579,0.07425053386234626,1.7198338437333307e-05,0.00010769737255376011,-3.7241657224314845e-10,1.0,0,0.44597137509845197,686.6376079998445,50,79000,,,,,0.004147087946660078,0.3385475704580475,0.0,0,3017528650,
1580,0.07425053367488191,1.7204385474489625e-05,0.0001264789274189213,-4.812632536493959e-10,1.0,0,0.5972799581941217,687.234973374987,50,79050,,,,,0.004147816952866848,0.3323320512317269,0.0,0,1548030936,
1581,0.07425053343247259,1.7078873038705387e-05,0.00012968127757979187,-4.93439669890467e-10,1.0,0,0.3987118750810623,687.6338175409473,50,79100,,,,,0.004132659318006432,0.32991369163460443,0.0,0,2058268952,
1582,0.07425053318403162,1.7109504868210093e-05,0.00013712912356751697,-5.562976854561932e-10,1.0,0,0.3773501249961555,688.0112500409596,50,79150,,,,,0.004136363725328092,0.33852029366604103,0.0,0,1490431847,
1583,0.07425053290380673,1.7095310288281503e-05,0.00014016010818429847,-5.593685420118271e-10,1.0,0,0.5511070839129388,688.562503582798,50,79200,,,,,0.004134647540998084,0.31273089722212344,0.0,0,1398456089,
1584,0.07425053262185459,1.68326502731468e-05,0.00013212996645129246,-5.046980457932697e-10,1.0,0,0.382404665928334,688.9449982498772,50,79250,,,,,0.0041027612985825536,0.32812906411338505,0.0,0,3630798270,
1585,0.07425053236758586,1.688721678618708e-05,0.00011757762672446563,-4.163425825728718e-10,1.0,0,0.45692316605709493,689.4020102908835,50,79300,,,,,0.004109405892119575,0.32887276767437573,0.0,0,609856525,
1586,0.07425053215785075,1.6803642744903008e-05,0.00011735354722829185,-4.172181180934743e-10,1.0,0,0.3572173749562353,689.7593152499758,50,79350,,,,,0.004099224651675364,0.3426263570821713,0.0,0,365691251,
1587,0.07425053194780808,1.6801368936159997e-05,0.00011727235372669936,-4.1074830903515815e-10,1.0,0,0.45103533286601305,690.2104318749625,50,79400,,,,,0.00409894729609445,0.33368159123541885,0.0,0,103902243,
1588,0.07425053174095937,1.6517846934523233e-05,0.00013586310741291706,-5.378198621542061e-10,1.0,0,0.3687575838994235,690.5795822909568,50,79450,,,,,0.004064215414384827,0.3312657876253273,0.0,0,3908635525,
1589,0.07425053147003635,1.6546810600771843e-05,0.00012623412889243836,-4.683341293231692e-10,1.0,0,0.430643750121817,691.0104010829236,50,79500,,,,,0.004067777108049535,0.31114375750157564,0.0,0,3690043185,
1590,0.07425053123405176,1.6363414312656806e-05,0.00011230331469641804,-3.7489054351565353e-10,1.0,0,0.4622802920639515,691.4727692499291,50,79550,,,,,0.0040451717284506975,0.32355820433869986,0.0,0,3049129916,
1591,0.07425053104531798,1.633989697207142e-05,0.00015672743656380592,-7.071700521009388e-10,1.0,0,0.44881474995054305,691.9216702498961,50,79600,,,,,0.004042263842461476,0.35494769883827565,0.0,0,2189772948,
1592,0.07425053068912972,1.6081266069652656e-05,0.000120134313426516,-4.1027636292030105e-10,1.0,0,0.41700991708785295,692.3388247909024,50,79650,,,,,0.00401014539258275,0.3403937346191164,0.0,0,2392390390,
1593,0.0742505304825844,1.593800484182512e-05,0.00011907148922936641,-4.0035787011669546e-10,1.0,0,0.4546401668339968,692.7935467909556,50,79700,,,,,0.0039922430840099304,0.36153129915158927,0.0,0,3955479715,
1594,0.07425053028096056,1.5765699622253847e-05,0.00011795742512371666,-4.2008461073325733e-10,1.0,0,0.5497788339853287,693.343418458011,50,79750,,,,,0.003970604440416326,0.3546490146231576,0.0,0,2713338331,
1595,0.07425053006941987,1.6048163949787455e-05,0.00011826155837807857,-3.916471366544756e-10,1.0,0,0.39405262493528426,693.7375555830076,50,79800,,,,,0.004006015969736948,0.3477954281156281,0.0,0,2897610798,
1596,0.07425052987215144,1.605443686563245e-05,0.00012702188523928452,-4.196439982773916e-10,1.0,0,0.49022149993106723,694.2279193748254,50,79850,,,,,0.004006798830192558,0.3216429728255848,0.0,0,3961201452,
1597,0.07425052966050558,1.5976848514875672e-05,0.00011250357163859192,-3.672567307166144e-10,1.0,0,0.45729025010950863,694.6853539999574,50,79900,,,,,0.003997105016743452,0.33274215890363945,0.0,0,39564646,
1598,0.07425052947557195,1.5856261824026976e-05,9.565420840783917e-05,-2.689853474948378e-10,1.0,0,0.4188902920577675,695.1043353329878,50,79950,,,,,0.003981992192863639,0.33311759528257795,0.0,0,3542158137,
1599,0.07425052934012757,1.5798913902410004e-05,0.00014560418215696456,-5.8055590748051e-10,1.0,0,0.4232989998999983,695.5277765409555,50,80000,,,,,0.003974784761771385,0.3400411109716194,0.0,0,4207153173,
1600,0.07425052904748988,1.5519456708747967e-05,0.00013668649497688607,-5.197483471215628e-10,1.0,0,0.4900677911937237,696.0179920408409,50,80050,,,,,0.003939474166528823,0.3435064568834108,0.0,0,991255579,
1601,0.07425052878567914,1.5331532061970507e-05,0.00011309846857873988,-3.5581327240692107e-10,1.0,0,0.42969195800833404,696.4478320409544,50,80100,,,,,0.003915550033133341,0.3310972375134029,0.0,0,1313515256,
1602,0.0742505286064457,1.529503308210297e-05,0.00010864037021089755,-3.612126307142043e-10,1.0,0,0.43008045805618167,696.8779975408688,50,80150,,,,,0.003910886482896553,0.339994539530896,0.0,0,913651684,
1603,0.07425052842461533,1.5262044540695185e-05,0.00011668483510505177,-3.8889234392256545e-10,1.0,0,0.6672031250782311,697.5453440409619,50,80200,,,,,0.003906666678985447,0.34550660785878723,0.0,0,2666677611,
1604,0.07425052822875727,1.5248230745418516e-05,0.000118292521752569,-3.822011614846373e-10,1.0,0,0.3526973749976605,697.8984911658335,50,80250,,,,,0.003904898301546215,0.3286841782284568,0.0,0,995275661,
1605,0.0742505280361801,1.5057872181889919e-05,0.000106250609775921,-3.153320565730674e-10,1.0,0,0.40689349989406765,698.3055244158022,50,80300,,,,,0.003880447420322806,0.3204611166758599,0.0,0,534585346,
1606,0.07425052787738558,1.5001874844992245e-05,0.00011989748786574607,-4.308871743364926e-10,1.0,0,0.3876635830383748,698.6932764579542,50,80350,,,,,0.0038732253800924424,0.3461474606786174,0.0,0,1190765951,
1607,0.07425052766042244,1.499088144852624e-05,0.00010571582727648969,-3.2734860402395976e-10,1.0,0,0.4041803330183029,699.0975482079666,50,80400,,,,,0.003871805967313734,0.3353897547686001,0.0,0,1979492153,
1608,0.07425052749559446,1.4952021609394062e-05,0.00011053511144436417,-3.5006559546799804e-10,1.0,0,0.40751541685312986,699.5051528329495,50,80450,,,,,0.0038667844017211592,0.3335246343926436,0.0,0,2521331311,
1609,0.07425052731928515,1.4819155963097998e-05,0.00010149771856794105,-3.0876519307195036e-10,1.0,0,0.3669083749409765,699.8721508749295,50,80500,,,,,0.003849565684995906,0.3429057316689406,0.0,0,1655412616,
1610,0.07425052716389742,1.4672543866172187e-05,9.690547045516198e-05,-2.7273368555386543e-10,1.0,0,0.3627957080025226,700.2350830829237,50,80550,,,,,0.0038304756710064334,0.3284321955872732,0.0,0,444748228,
1611,0.07425052702656432,1.4787235471227966e-05,9.297651847641879e-05,-2.6313302823679293e-10,1.0,0,0.39448687504045665,700.6296603749506,50,80600,,,,,0.0038454174638429006,0.3493210830064804,0.0,0,138448983,
1612,0.07425052689414142,1.4607558464947334e-05,0.00011419498273605898,-3.464252868803354e-10,1.0,0,0.3952009591739625,701.0249434579164,50,80650,,,,,0.0038219835772733686,0.33098932662728064,0.0,0,4153474709,
1613,0.07425052671961249,1.4567267293902133e-05,0.00010000165616558758,-3.106170279080072e-10,1.0,0,0.4112495419103652,701.436283540912,50,80700,,,,,0.0038167089611211035,0.3314826750273145,0.0,0,3185895271,
1614,0.07425052656332039,1.4445862774406392e-05,0.00010960539766716376,-3.6666753344586315e-10,1.0,0,0.39000037498772144,701.8263736658264,50,80750,,,,,0.003800771339400253,0.34009434006428546,0.0,0,1185963429,
1615,0.07425052637878948,1.4432959819593247e-05,9.820050204244282e-05,-2.8621516442704274e-10,1.0,0,0.5015072920359671,702.3279667908791,50,80800,,,,,0.0037990735475367213,0.34674818261741713,0.0,0,1077291493,
1616,0.07425052623471251,1.4481622958572301e-05,0.0001061369896274532,-3.4177710754296875e-10,1.0,0,0.3931776250246912,702.7212830828503,50,80850,,,,,0.0038054727641348715,0.3318325394117203,0.0,0,1681541582,
1617,0.07425052606271286,1.4586057760645698e-05,0.00011051460134088124,-3.4695851213553926e-10,1.0,0,0.3928252919577062,703.11424458283,50,80900,,,,,0.003819169773739536,0.3283495541346523,0.0,0,3176182770,
1618,0.07425052588798914,1.4544512564955164e-05,0.00010540346900597858,-3.2643013603167404e-10,1.0,0,0.41177275008521974,703.5268478328362,50,80950,,,,,0.0038137268602975705,0.3482222474780692,0.0,0,1136578570,
1619,0.07425052572374968,1.4578353869584943e-05,9.30483534536514e-05,-2.637825415260042e-10,1.0,0,0.3784420839510858,703.9053764159326,50,81000,,,,,0.0038181610586229785,0.3313144236211512,0.0,0,791221800,
1620,0.07425052559099515,1.4505329654045934e-05,0.00010696465555986326,-3.474167061275277e-10,1.0,0,0.4252557079307735,704.330958541017,50,81050,,,,,0.0038085863064982435,0.3123179175392512,0.0,0,691042151,
1621,0.07425052541607267,1.4237253496906466e-05,0.00010632970517633598,-3.352022285459603e-10,1.0,0,0.3818318750709295,704.7128770409618,50,81100,,,,,0.0037732285243417827,0.36412523816487913,0.0,0,3694237819,
1622,0.07425052524740001,1.4177589388879275e-05,9.136237617329896e-05,-2.373502717605318e-10,1.0,0,0.4132212500553578,705.1261841249652,50,81150,,,,,0.0037653139827747797,0.3507672858956673,0.0,0,3191590654,
1623,0.07425052512785241,1.4120579238628406e-05,0.00011204101187760524,-3.607852370367007e-10,1.0,0,0.39544524997472763,705.5220926660113,50,81200,,,,,0.003757735919224288,0.35084433705518603,0.0,0,55892219,
1624,0.07425052494621641,1.3945323409383007e-05,0.00012379169861031266,-4.3171195300471145e-10,1.0,0,0.4360315001104027,705.9582102079876,50,81250,,,,,0.0037343437722554425,0.3275937782530979,0.0,0,4013757634,
1625,0.0742505247288801,1.3933907439742187e-05,9.33455527674709e-05,-2.4543845475743815e-10,1.0,0,0.48210266698151827,706.440454499796,50,81300,,,,,0.0037328149484996153,0.347870081465513,0.0,0,2835914438,
1626,0.07425052460532314,1.3881551646493804e-05,0.00010919853272153543,-3.57202630744923e-10,1.0,0,0.5167525419965386,706.9572990408633,50,81350,,,,,0.003725795438090208,0.3305334542427408,0.0,0,2260052812,
1627,0.07425052442545244,1.3521323620721048e-05,0.00010151379727959387,-2.822064105991857e-10,1.0,0,0.63761220802553,707.5950588749256,50,81400,,,,,0.003677135246454915,0.337594198520454,0.0,0,4020201988,
1628,0.07425052428340292,1.3390191813000566e-05,0.00010370039579060949,-3.1029874587156154e-10,1.0,0,0.7149315418209881,708.3100906659383,50,81450,,,,,0.003659261102053332,0.3393770702344688,0.0,0,3762198052,
1629,0.07425052412719917,1.3389514039778855e-05,9.865338397070932e-05,-3.002955743643656e-10,1.0,0,0.5249512079171836,708.8351459158584,50,81500,,,,,0.003659168490214526,0.34312252809779864,0.0,0,728766164,
1630,0.07425052397614795,1.3113549068184695e-05,8.658971153042497e-05,-2.1998948838685128e-10,1.0,0,0.5325742079876363,709.3678906660061,50,81550,,,,,0.00362126346296216,0.34446340295556666,0.0,0,2753257603,
1631,0.07425052386541017,1.3093153410533578e-05,8.50560943129884e-05,-2.194282173008001e-10,1.0,0,0.4074605000205338,709.775491790846,50,81600,,,,,0.0036184462702289195,0.3308818085911169,0.0,0,2455467039,
1632,0.07425052375502197,1.3011408243861203e-05,8.498267612916263e-05,-2.189939540427892e-10,1.0,0,0.41234116698615253,710.1879650407936,50,81650,,,,,0.0036071329673109088,0.34505574302223624,0.0,0,4152254234,
1633,0.07425052364482203,1.2916262827282561e-05,8.227538305516897e-05,-1.9711318833217152e-10,1.0,0,0.44219266599975526,710.6302499999292,50,81700,,,,,0.003593920258893144,0.341565196965825,0.0,0,1782135826,
1634,0.07425052354561432,1.2986386537211685e-05,0.00010424856654378104,-3.1073135767863097e-10,1.0,0,0.4986253750976175,711.1290267498698,50,81750,,,,,0.0036036629333515203,0.3234144892865842,0.0,0,2365780020,
1635,0.07425052338924122,1.2939185949350076e-05,9.97540747823185e-05,-2.838649451249546e-10,1.0,0,0.4858990830834955,711.6177174998447,50,81800,,,,,0.0035971079980103566,0.3343213718078673,0.0,0,3811885101,
1636,0.07425052324638301,1.2951437177340422e-05,9.348903146416458e-05,-2.64938654585355e-10,1.0,0,0.5265935838688165,712.1444540407974,50,81850,,,,,0.0035988105225672026,0.3401501502476599,0.0,0,1737195687,
1637,0.07425052311311875,1.279473677406723e-05,8.885534555079504e-05,-2.2389016691281968e-10,1.0,0,0.4316798329818994,712.5762297499459,50,81900,,,,,0.003576973130185245,0.3467609090258254,0.0,0,2081459900,
1638,0.07425052300042925,1.2725501287552696e-05,8.713621438558452e-05,-2.2651972640429535e-10,1.0,0,0.46569712506607175,713.0420076658484,50,81950,,,,,0.0035672820588723703,0.32306509845328607,0.0,0,2923700607,
1639,0.07425052288649796,1.2794411430734452e-05,9.793837981444732e-05,-2.584918378120729e-10,1.0,0,0.37676070793531835,713.4189043748192,50,82000,,,,,0.003576927652432245,0.3308875853021339,0.0,0,1612045190,
1640,0.07425052275634819,1.2775588916147221e-05,0.00010485916716926166,-3.237669998158862e-10,1.0,0,0.3806679998524487,713.7997236659285,50,82050,,,,,0.0035742955832089797,0.3359872044747402,0.0,0,2161929028,
1641,0.07425052259346569,1.2674867940162517e-05,0.00010265547800045825,-3.1649204992129267e-10,1.0,0,0.5908121250104159,714.3906679998618,50,82100,,,,,0.003560178077029647,0.32077921062451314,0.0,0,1109016216,
1642,0.07425052243419772,1.2590840629878722e-05,9.507401636227799e-05,-2.722446085134867e-10,1.0,0,0.4347345840651542,714.8254868749063,50,82150,,,,,0.003548357455200747,0.3381219243006419,0.0,0,778031358,
1643,0.07425052229725757,1.2469412930694899e-05,9.388546632053484e-05,-2.629904624116219e-10,1.0,0,0.417466500075534,715.2430962498765,50,82200,,,,,0.0035312055916775645,0.31989822389011985,0.0,0,966715706,
1644,0.07425052216491113,1.2433384972555364e-05,0.00010095944360889614,-3.004903909423688e-10,1.0,0,0.40397370886057615,715.6472187498584,50,82250,,,,,0.0035261005335292645,0.3282717071355587,0.0,0,606111576,
1645,0.07425052201365179,1.228770185883181e-05,0.00010202459240087542,-3.1046654266282054e-10,1.0,0,0.43942054198123515,716.0867318748496,50,82300,,,,,0.0035053818420867945,0.32696821673374876,0.0,0,1871651472,
1646,0.07425052185741604,1.2130332382227804e-05,8.836936404958496e-05,-2.2965589295302823e-10,1.0,0,0.5972375839482993,716.6841146659572,50,82350,,,,,0.003482862670595527,0.3398010636060799,0.0,0,2580454645,
1647,0.07425052174179413,1.2052637477850874e-05,8.085091603353967e-05,-2.031435210768137e-10,1.0,0,1.2130976668559015,717.8975836657919,50,82400,,,,,0.003471690867264952,0.3426128407650831,0.0,0,4140466783,
1648,0.0742505216396431,1.2095240293738021e-05,8.488592530938736e-05,-2.2012813510612938e-10,1.0,0,0.6196364159695804,718.5173412498552,50,82450,,,,,0.003477821199219135,0.3402782891657003,0.0,0,2834196538,
1649,0.07425052152890575,1.2138374509570172e-05,8.133185788153875e-05,-1.8555637325083861e-10,1.0,0,0.42476037493906915,718.9422405408695,50,82500,,,,,0.0034840170076465143,0.3297303703597678,0.0,0,4073990515,
1650,0.07425052143554639,1.2121586808076834e-05,7.469658624096576e-05,-1.6578090641728885e-10,1.0,0,0.5488759169820696,719.4912044999655,50,82550,,,,,0.0034816069290023012,0.32987361580840546,0.0,0,2656164601,
1651,0.07425052135213611,1.198056781028473e-05,0.00010166156259598232,-3.085249429939512e-10,1.0,0,0.6803210000507534,720.1716232909821,50,82600,,,,,0.003461295683741094,0.34366951520773853,0.0,0,3365465165,
1652,0.0742505211969203,1.1835912189719999e-05,7.076619625322967e-05,-1.4632049658118314e-10,1.0,0,1.4396521670278162,721.6114142909646,50,82650,,,,,0.003440336057672273,0.34266775568588287,0.0,0,3826396731,
1653,0.07425052112333187,1.1829912874165652e-05,9.07890291142934e-05,-2.4481984324814067e-10,1.0,0,1.1932302080094814,722.8103132499382,50,82700,,,,,0.003439464038795238,0.3459227477483466,0.0,0,837134447,
1654,0.07425052100016728,1.1701043791460874e-05,8.134271052978115e-05,-1.9395486616783933e-10,1.0,0,1.1443720411043614,723.9551460410003,50,82750,,,,,0.003420678849506465,0.33922227394752236,0.0,0,31723720,
1655,0.07425052090260972,1.1790702756956068e-05,8.203184324707453e-05,-1.9341076140936073e-10,1.0,0,0.602407000027597,724.5576429159846,50,82800,,,,,0.003433759274753556,0.3390148254818447,0.0,0,2201518281,
1656,0.07425052080526579,1.1635391422194256e-05,7.534001937796448e-05,-1.653218935697506e-10,1.0,0,0.3775243340060115,724.9352585829329,50,82850,,,,,0.0034110689559424413,0.3380142759426743,0.0,0,2426603962,
1657,0.07425052072208649,1.1525868722757002e-05,0.00010468007207987035,-3.084483189969828e-10,1.0,0,0.48205629200674593,725.4174064998515,50,82900,,,,,0.0033949769841277277,0.3247629895781038,0.0,0,616483993,
1658,0.07425052056687431,1.1380196880766906e-05,8.250730024397207e-05,-1.8985251235022336e-10,1.0,0,0.45717745809815824,725.8747267078143,50,82950,,,,,0.0033734547396944434,0.3410725878517853,0.0,0,1201882102,
1659,0.07425052047132663,1.1324162812321102e-05,9.61349025078637e-05,-2.755068144439122e-10,1.0,0,0.5374975411687046,726.4123632498085,50,83000,,,,,0.0033651393451566165,0.34544814512084154,0.0,0,3572798537,
1660,0.07425052033273091,1.1295067512640456e-05,6.871582719378552e-05,-1.3842104249402457e-10,1.0,0,0.45310895796865225,726.8655619157944,50,83050,,,,,0.003360813519468234,0.33218254542840775,0.0,0,1480702963,
1661,0.0742505202630709,1.1286833423699062e-05,8.19804648284074e-05,-1.9105695396127427e-10,1.0,0,0.4683338748291135,727.3340435409918,50,83100,,,,,0.0033595882818731023,0.3566458875498964,0.0,0,2799557028,
1662,0.07425052016691222,1.1265243325519979e-05,7.171974105741359e-05,-1.4128583727350947e-10,1.0,0,0.39333524997346103,727.7274682908319,50,83150,,,,,0.0033563735378410995,0.3337180293100632,0.0,0,3416347538,
1663,0.07425052009583433,1.1306224060920267e-05,7.859642110420154e-05,-1.8001417071360822e-10,1.0,0,0.4053078331053257,728.1328678748105,50,83200,,,,,0.0033624729085778918,0.3521470372737303,0.0,0,970997740,
1664,0.07425052000529767,1.1154727007729864e-05,9.445152651258938e-05,-2.6633462928251687e-10,1.0,0,0.4179366659373045,728.5510998750106,50,83250,,,,,0.0033398693099775424,0.3431350827292663,0.0,0,3848337618,
1665,0.0742505198712978,1.1124072457765965e-05,7.541174930196248e-05,-1.6809907640803887e-10,1.0,0,0.49131937487982213,729.0425059997942,50,83300,,,,,0.003335276968673811,0.3388626616677429,0.0,0,2873716061,
1666,0.07425051978671127,1.1236334215641928e-05,8.6334819827724e-05,-2.2385232818705724e-10,1.0,0,0.5618341669905931,729.6044857078232,50,83350,,,,,0.0033520641723633407,0.332105069742375,0.0,0,2597346860,
1667,0.0742505196741283,1.1136483389843066e-05,8.29686036500218e-05,-2.0454156072577915e-10,1.0,0,0.5287487918976694,730.1336275408976,50,83400,,,,,0.0033371370049554553,0.3352276887323994,0.0,0,1747919855,
1668,0.07425051957127045,1.0991205543011619e-05,5.8586638035150136e-05,-9.93560723846574e-11,1.0,0,0.9045784589834511,731.0382979998831,50,83450,,,,,0.003315298710977884,0.33713799504501246,0.0,0,4023114905,
1669,0.07425051952129816,1.0925715425079678e-05,9.753367667978592e-05,-2.701509719654743e-10,1.0,0,0.5120765420142561,731.5504754998256,50,83500,,,,,0.003305406998401207,0.3271525689007945,0.0,0,3853866587,
1670,0.07425051938540683,1.0781326709004598e-05,8.930155488300097e-05,-2.374590210292799e-10,1.0,0,0.3873541250359267,731.9379711248912,50,83550,,,,,0.0032834930651677334,0.3203511255349361,0.0,0,2311265276,
1671,0.07425051926597558,1.0870085074198167e-05,9.313861889607641e-05,-2.4540361147312337e-10,1.0,0,0.3654935001395643,732.3035565409809,50,83600,,,,,0.003296981206224592,0.32746928831633026,0.0,0,3938280904,
1672,0.07425051914246297,1.0856496589477327e-05,7.118227839616555e-05,-1.4939269699457896e-10,1.0,0,0.49811154208146036,732.8018052079715,50,83650,,,,,0.0032949198153334972,0.34467259391421073,0.0,0,1317129364,
1673,0.07425051906731069,1.0854842802061474e-05,7.729900122926297e-05,-1.7651039684204866e-10,1.0,0,0.7367778748739511,733.5413353748154,50,83700,,,,,0.0032946688455839494,0.33487410883429425,0.0,0,638785823,
1674,0.0742505189784973,1.0733602195898213e-05,8.236635782595802e-05,-1.8543614805262718e-10,1.0,0,0.35123750008642673,733.8926667908672,50,83750,,,,,0.00327621766613548,0.3365575093812641,0.0,0,3127882720,
1675,0.07425051888522889,1.0694839894549115e-05,8.727098763825207e-05,-2.2141521031390347e-10,1.0,0,0.47464191704057157,734.3673982080072,50,83800,,,,,0.003270296606509739,0.3365248938304117,0.0,0,1874212621,
1676,0.07425051877386496,1.0621257824531168e-05,8.669510840184888e-05,-2.2326236976895302e-10,1.0,0,0.45737645914778113,734.8248694159556,50,83850,,,,,0.003259027128535626,0.33792258502718103,0.0,0,2291383660,
1677,0.0742505186615654,1.0531645645369526e-05,7.561601662659949e-05,-1.7705707054928994e-10,1.0,0,0.411866000154987,735.236823040992,50,83900,,,,,0.003245249704625135,0.3320297092101315,0.0,0,2260467102,
1678,0.07425051857253095,1.0510385747478659e-05,6.396701373980841e-05,-1.227921131931875e-10,1.0,0,0.3569887918420136,735.5939519158565,50,83950,,,,,0.0032419725087481322,0.34304358190293105,0.0,0,165404558,
1679,0.07425051851079774,1.0587277661574231e-05,8.645277656273812e-05,-2.032051258298917e-10,1.0,0,0.36466075014322996,735.9587069579866,50,84000,,,,,0.0032538097150224122,0.33511820093963907,0.0,0,2196742742,
1680,0.07425051840854167,1.0514153756792496e-05,7.560785338141533e-05,-1.7922915222499495e-10,1.0,0,0.38149362499825656,736.3403404159471,50,84050,,,,,0.0032425535858012426,0.3289544554531011,0.0,0,1853857264,
1681,0.07425051831842211,1.0374141116167196e-05,7.534216129537128e-05,-1.6600862741640755e-10,1.0,0,0.394067500019446,736.7346419158857,50,84100,,,,,0.0032208913542942108,0.3429963018004812,0.0,0,618097834,
1682,0.07425051823490186,1.0332566916684208e-05,6.730812784863053e-05,-1.3674797160573432e-10,1.0,0,0.3988117908593267,737.1335973329842,50,84150,,,,,0.003214431040897317,0.3352264027596653,0.0,0,767726106,
1683,0.07425051816614056,1.0243559677759771e-05,7.506287429415652e-05,-1.593244607536233e-10,1.0,0,0.38322870898991823,737.516916415887,50,84200,,,,,0.0032005561513211685,0.3483649275864891,0.0,0,887616241,
1684,0.07425051808601654,1.0219562464024656e-05,8.265068824311017e-05,-1.9459388222954363e-10,1.0,0,0.4232967921998352,737.940301165916,50,84250,,,,,0.0031968050400399232,0.3301653044579636,0.0,0,3500529278,
1685,0.07425051798816618,1.0292620124864376e-05,7.639441000784773e-05,-1.69729220189588e-10,1.0,0,0.4860350829549134,738.426419874886,50,84300,,,,,0.003208211359132122,0.3161964793529139,0.0,0,3900649676,
1686,0.0742505179027976,1.0269889503409282e-05,7.16226823440935e-05,-1.5085478986451936e-10,1.0,0,0.3693339161109179,738.7961544999853,50,84350,,,,,0.003204666831888969,0.335228333181826,0.0,0,1843420253,
1687,0.0742505178268961,1.0117940069036837e-05,8.232055834016422e-05,-1.854906513759059e-10,1.0,0,0.4401341660413891,739.2363616249058,50,84400,,,,,0.0031808709607648086,0.3389815518768691,0.0,0,2389830766,
1688,0.07425051773359131,9.959950666355945e-06,7.078329385676542e-05,-1.512688440624811e-10,1.0,0,0.5910752499476075,739.8275237078778,50,84450,,,,,0.0031559389516205706,0.3142640705368417,0.0,0,3905697241,
1689,0.07425051765752244,9.90659784127307e-06,0.00010585843022569977,-2.950447300161786e-10,1.0,0,0.4052922499831766,740.2329037080053,50,84500,,,,,0.0031474748356854374,0.33293156667991075,0.0,0,3612175065,
1690,0.07425051750908127,9.921947313301327e-06,7.737719722881091e-05,-1.7417191264443033e-10,1.0,0,0.4840655419975519,740.7170599158853,50,84550,,,,,0.0031499122707309367,0.3389209828652882,0.0,0,3123018329,
1691,0.07425051742150407,9.783974377517276e-06,7.414261881602706e-05,-1.609315639704836e-10,1.0,0,0.48300141701474786,741.2001544998493,50,84600,,,,,0.0031279345225751253,0.344906645607029,0.0,0,1780080388,
1692,0.07425051734057325,9.72652770671455e-06,7.370772463551512e-05,-1.436921688671822e-10,1.0,0,0.398937749909237,741.5992598328739,50,84650,,,,,0.003118738159370637,0.344330985227457,0.0,0,3363416002,
1693,0.07425051726828508,9.776687141545838e-06,7.955774815952954e-05,-1.753819069863278e-10,1.0,0,0.38969554216600955,741.9890534579754,50,84700,,,,,0.0031267694416995057,0.33232981485721996,0.0,0,3332009802,
1694,0.07425051718008466,9.863148498491802e-06,7.183811649467573e-05,-1.5350936902489905e-10,1.0,0,0.4496004169341177,742.4387902079616,50,84750,,,,,0.0031405649966991292,0.32814005276677227,0.0,0,1139214105,
1695,0.07425051710287896,9.827768521363541e-06,8.127505297983884e-05,-1.852845976750829e-10,1.0,0,0.37093066703528166,742.8098132498562,50,84800,,,,,0.0031349271955443464,0.3459890370674577,0.0,0,4207603052,
1696,0.07425051700971086,9.813346377118627e-06,7.804586417981935e-05,-1.8401445895842126e-10,1.0,0,0.3917505000717938,743.2016509159002,50,84850,,,,,0.003132626115117894,0.33561995682161105,0.0,0,3791386345,
1697,0.07425051691720141,9.746790182089387e-06,6.71430620300181e-05,-1.3685390148490927e-10,1.0,0,0.4972592080011964,743.6990521249827,50,84900,,,,,0.003121984974673867,0.3551433244019993,0.0,0,1081484672,
1698,0.07425051684843395,9.68871546773619e-06,8.467007648881484e-05,-2.159192726926955e-10,1.0,0,0.9201234590727836,744.6192722078413,50,84950,,,,,0.003112670150808818,0.3310463478465473,0.0,0,2290299184,
1699,0.07425051673987836,9.53255629270277e-06,7.439545912111849e-05,-1.650914637862456e-10,1.0,0,1.090068332850933,745.7096267079469,50,85000,,,,,0.00308748381254101,0.33199075599527905,0.0,0,3675164872,
1700,0.07425051665690047,9.557409841325355e-06,7.543533169465593e-05,-1.5819729316895357e-10,1.0,0,0.8305847079027444,746.5405499578919,50,85050,,,,,0.0030915060797813993,0.34268478058679447,0.0,0,1257608306,
1701,0.07425051657733242,9.544255765431363e-06,6.905767030096235e-05,-1.4186681290461502e-10,1.0,0,0.8515804579947144,747.3923532499466,50,85100,,,,,0.003089377892947278,0.3363037528038772,0.0,0,869388623,
1702,0.07425051650599367,9.350292658908538e-06,6.759257342245646e-05,-1.549024753156168e-10,1.0,0,0.4212662500794977,747.8137255827896,50,85150,,,,,0.003057824824758367,0.3099583146697722,0.0,0,3073974569,
1703,0.07425051642818689,9.24545303153387e-06,7.445863590989572e-05,-1.6628100094670764e-10,1.0,0,0.43444612505845726,748.2482761659194,50,85200,,,,,0.003040633656252241,0.3265460415993777,0.0,0,834966376,
1704,0.07425051634461574,9.274746008914641e-06,8.881892382368184e-05,-2.1782953311017453e-10,1.0,0,0.4091085409745574,748.657530499855,50,85250,,,,,0.0030454467667182495,0.31686660051099197,0.0,0,482612338,
1705,0.07425051623499504,9.209663719646805e-06,6.195498149034838e-05,-1.1629194485175238e-10,1.0,0,0.3026225417852402,748.9602455829736,50,85300,,,,,0.003034742776521069,0.3526619709292878,0.0,0,2692303156,
1706,0.0742505161765599,9.105908428537957e-06,6.314484011357089e-05,-1.1880976635139866e-10,1.0,0,1.2502831669989973,750.2106189997867,50,85350,,,,,0.003017599779383932,0.3342295299285236,0.0,0,1400792907,
1707,0.07425051611683012,9.055344482344424e-06,7.389050916614634e-05,-1.5494152694951041e-10,1.0,0,0.7191599579527974,750.9299158749636,50,85400,,,,,0.0030092099432150665,0.3121486412360327,0.0,0,2993303535,
1708,0.07425051603892002,9.084193717436492e-06,6.453368772168491e-05,-1.197301864175682e-10,1.0,0,0.4880322499666363,751.4181997908745,50,85450,,,,,0.003013999621339806,0.3382629858019993,0.0,0,1496098255,
1709,0.07425051597871798,9.042391639925017e-06,6.729390037773634e-05,-1.2780028491012966e-10,1.0,0,1.0338655000086874,752.452197290957,50,85500,,,,,0.003007056973175769,0.3303756807185733,0.0,0,1620840149,
1710,0.0742505159144656,8.92686475278122e-06,7.555081023408113e-05,-1.5749175511734118e-10,1.0,0,0.8499190830625594,753.3022741249297,50,85550,,,,,0.0029877859282052355,0.3378192384256523,0.0,0,444696380,
1711,0.07425051583525347,8.836010216194344e-06,6.807669760146374e-05,-1.3841535409572415e-10,1.0,0,0.4763400829397142,753.7787597079296,50,85600,,,,,0.0029725427189856066,0.338016815002681,0.0,0,1609124918,
1712,0.07425051576568532,8.799425996096256e-06,5.512476699731649e-05,-9.179124561863532e-11,1.0,0,0.5837225830182433,754.3626227078494,50,85650,,,,,0.002966382644922306,0.3349651306166216,0.0,0,652173244,
1713,0.07425051571957096,8.77773292938983e-06,7.086436662279646e-05,-1.5490820295008737e-10,1.0,0,0.47718654200434685,754.8399551659822,50,85700,,,,,0.0029627239036720634,0.31578951001565897,0.0,0,3004698423,
1714,0.07425051564173041,8.681168694518073e-06,5.327958853425282e-05,-8.840085581595895e-11,1.0,0,0.9552484170999378,755.7952874579933,50,85750,,,,,0.0029463823062389704,0.33533669687712697,0.0,0,2462958613,
1715,0.07425051559731641,8.501129871566655e-06,6.99128759262707e-05,-1.392107447776481e-10,1.0,0,0.6640618329402059,756.4594951248728,50,85800,,,,,0.0029156697123588356,0.3413156143375441,0.0,0,2946267816,
1716,0.07425051552731532,8.666289998966259e-06,6.618209808048343e-05,-1.284702336458937e-10,1.0,0,0.47877962491475046,756.9398964999709,50,85850,,,,,0.0029438563142528303,0.31981179723738734,0.0,0,530497789,
1717,0.07425051546273442,8.67805646676464e-06,6.670535805894338e-05,-1.3128105144740768e-10,1.0,0,0.5169230001047254,757.4569080409128,50,85900,,,,,0.0029458541149834016,0.3241505162766379,0.0,0,2933967544,
1718,0.07425051539676422,8.521879346229052e-06,6.801764066628173e-05,-1.2657279463853924e-10,1.0,0,0.35737337497994304,757.814367624931,50,85950,,,,,0.0029192258128190513,0.32663051212812094,0.0,0,2725745541,
1719,0.0742505153331047,8.453825690641707e-06,6.412007323984067e-05,-1.2240276877867767e-10,1.0,0,0.7278112091589719,758.5423181660008,50,86000,,,,,0.0029075463350807856,0.3344335535464407,0.0,0,74856350,
1720,0.07425051527161364,8.387159819051755e-06,5.532144033178497e-05,-8.705313566017907e-11,1.0,0,0.798854666063562,759.3412702498026,50,86050,,,,,0.0028960593604157626,0.332713197736364,0.0,0,23254012,
1721,0.07425051522783596,8.332688242145882e-06,6.892326744255156e-05,-1.3963991061931644e-10,1.0,0,0.3364973340649158,759.6779343329836,50,86100,,,,,0.0028866396107144867,0.3295940240226582,0.0,0,2757302677,
1722,0.07425051515766205,8.281630406793191e-06,5.173209740293417e-05,-7.554132162144442e-11,1.0,0,0.3785182498395443,760.0565899158828,50,86150,,,,,0.002877782202807084,0.3446149476921706,0.0,0,425537455,
1723,0.07425051511967974,8.232618188463573e-06,6.646437174769073e-05,-1.249684857644262e-10,1.0,0,0.40169079089537263,760.4583676247858,50,86200,,,,,0.0028692539428331492,0.32982661163092625,0.0,0,3182513563,
1724,0.0742505150568526,8.118722930104012e-06,4.675535908584223e-05,-6.924277913091686e-11,1.0,0,0.30981579213403165,760.7683207078371,50,86250,,,,,0.0028493372791061453,0.34424038225378145,0.0,0,4011550832,
1725,0.07425051502206374,8.04093646301184e-06,4.8827058447004484e-05,-7.099871337206362e-11,1.0,0,0.8595525419805199,761.6280145829078,50,86300,,,,,0.0028356545034633257,0.3402022010447887,0.0,0,339809759,
1726,0.07425051498640506,8.021076902762939e-06,5.1673852860453136e-05,-7.854773044355999e-11,1.0,0,0.592470666160807,762.2205757498741,50,86350,,,,,0.0028321505791117354,0.32214191981541423,0.0,0,2599705084,
1727,0.07425051494694249,8.028575301910315e-06,5.8410716355954276e-05,-9.398563508792299e-11,1.0,0,0.3212056669872254,762.5418736659922,50,86400,,,,,0.002833474069390845,0.3336762504575498,0.0,0,1893236097,
1728,0.07425051489969184,8.021380177392881e-06,6.403623184424253e-05,-1.09216626830761e-10,1.0,0,0.4665202081669122,763.0087774579879,50,86450,,,,,0.0028322041200084577,0.3278482519670654,0.0,0,686674007,
1729,0.0742505148447767,7.993793892803642e-06,6.42850504269242e-05,-1.1768739771877058e-10,1.0,0,0.2865187078714371,763.29542987491,50,86500,,,,,0.002827329816771231,0.34882381172264987,0.0,0,281068817,
1730,0.07425051478564296,7.882156098898637e-06,6.0123189869172156e-05,-1.022321746482893e-10,1.0,0,0.35495854215696454,763.6504900828004,50,86550,,,,,0.0028075177824723814,0.3235705358676502,0.0,0,780174284,
1731,0.07425051473426511,7.828028251877155e-06,6.417830116548946e-05,-1.191783388721041e-10,1.0,0,0.2589666252024472,763.9095424159896,50,86600,,,,,0.0027978613710970663,0.33333035609114686,0.0,0,3903937483,
1732,0.07425051467436986,7.724645739929172e-06,6.437268358896472e-05,-1.1865115616145541e-10,1.0,0,0.6172528329771012,764.5268613749649,50,86650,,,,,0.0027793246913466537,0.3290847249386868,0.0,0,1203336242,
1733,0.0742505146147304,7.642874501071505e-06,4.778778035751502e-05,-6.847729705180888e-11,1.0,0,0.2962617080193013,764.8232579159085,50,86700,,,,,0.0027645749223111143,0.34754750208402424,0.0,0,3940798500,
1734,0.0742505145803293,7.689059425398911e-06,5.905101980200731e-05,-1.0697798436186917e-10,1.0,0,0.4026061659678817,765.2260104578454,50,86750,,,,,0.0027729153296483667,0.32093921270395265,0.0,0,1712007113,
1735,0.07425051452657883,7.576214611188438e-06,4.733185619846595e-05,-6.75494012128022e-11,1.0,0,0.3761485000140965,765.6023875828832,50,86800,,,,,0.0027524924361727932,0.33803807141653225,0.0,0,4215425433,
1736,0.07425051449265445,7.502015078968357e-06,6.35126305921861e-05,-1.2235682555341707e-10,1.0,0,0.5232922499999404,766.1257660000119,50,86850,,,,,0.0027389806642195117,0.336156483948058,0.0,0,2283058222,
1737,0.07425051443118993,7.459600213052895e-06,4.9298914611529736e-05,-7.179288390782542e-11,1.0,0,0.9456530420575291,767.0715643749572,50,86900,,,,,0.0027312268695684904,0.3275161848639619,0.0,0,157620147,
1738,0.07425051439511413,7.393569232996738e-06,6.0916977577939847e-05,-1.0783537507147101e-10,1.0,0,0.879019666928798,767.950736165978,50,86950,,,,,0.002719111846356589,0.34524992074328403,0.0,0,3063759221,
1739,0.07425051434091572,7.391473831917652e-06,5.7544499966799586e-05,-9.62718134931513e-11,1.0,0,0.40156283415853977,768.3525038328953,50,87000,,,,,0.002718726509216705,0.3362571337319755,0.0,0,150127341,
1740,0.07425051429253104,7.408277191496766e-06,4.18660354596285e-05,-5.317046920229154e-11,1.0,0,0.49462358304299414,768.8472143330146,50,87050,,,,,0.0027218150546091053,0.3459276711125158,0.0,0,3335255167,
1741,0.07425051426582005,7.323038896926973e-06,5.820521696616711e-05,-9.682518206231773e-11,1.0,0,0.4959758340846747,769.3433011248708,50,87100,,,,,0.0027061113977305097,0.3518407760097754,0.0,0,3495017402,
1742,0.07425051421716541,7.278421190958921e-06,5.1829683136593586e-05,-7.638202537512138e-11,1.0,0,0.8399839159101248,770.1834307909012,50,87150,,,,,0.0026978549240014595,0.3322050086838408,0.0,0,2029744608,
1743,0.07425051417877704,7.195471477948789e-06,6.113120678888871e-05,-9.848994152355413e-11,1.0,0,0.7479155000764877,770.9314739159308,50,87200,,,,,0.0026824376000102574,0.3299632989852472,0.0,0,4233848059,
1744,0.07425051412926495,7.254839786487789e-06,5.5370963147442565e-05,-8.155429468435355e-11,1.0,0,0.5057159170974046,771.4372880829033,50,87250,,,,,0.0026934809794182304,0.3304778439992572,0.0,0,3957073089,
1745,0.07425051408827804,7.185163472839598e-06,4.75093375486995e-05,-6.546266203911866e-11,1.0,0,0.4064717919100076,771.8438543328084,50,87300,,,,,0.0026805155237080045,0.3284619229633211,0.0,0,613724571,
1746,0.07425051405539669,7.178598052297352e-06,5.7795108050028226e-05,-9.568929832354886e-11,1.0,0,0.4525234578177333,772.2965142498724,50,87350,,,,,0.002679290587505833,0.3353375993223183,0.0,0,2743860512,
1747,0.07425051400731048,7.108148513677836e-06,5.170982295014524e-05,-7.892868623484487e-11,1.0,0,0.6293383750598878,772.9259267498273,50,87400,,,,,0.00266611112177978,0.34995552086708287,0.0,0,548696758,
1748,0.07425051396765694,7.012875700683915e-06,5.151218872859329e-05,-7.712171866056405e-11,1.0,0,0.5313876250293106,773.4576097498648,50,87450,,,,,0.002648183471869711,0.31251986834123185,0.0,0,2911894985,
1749,0.07425051392892926,7.0017312985228786e-06,6.029087681225782e-05,-1.1181974654588523e-10,1.0,0,0.5540294998791069,774.0120955409948,50,87500,,,,,0.002646078475503491,0.32398530814992865,0.0,0,3751879811,
1750,0.07425051387275722,6.9783304825866135e-06,5.3603729038096014e-05,-8.555871368258509e-11,1.0,0,0.6358716250397265,774.6481132498011,50,87550,,,,,0.0026416529829988294,0.32882298867150467,0.0,0,265640678,
1751,0.07425051382978876,6.930369340859942e-06,5.076201549627522e-05,-7.517601551267062e-11,1.0,0,0.4287655418738723,775.0770274579991,50,87600,,,,,0.0026325594657784926,0.32571125843534005,0.0,0,3243656238,
1752,0.07425051379200745,6.950716574000331e-06,5.3217732887068215e-05,-7.933714911964962e-11,1.0,0,0.47247799998149276,775.549590874929,50,87650,,,,,0.002636421167795527,0.33908441493048913,0.0,0,2689131738,
1753,0.0742505137521364,6.922465678739504e-06,5.865788128656095e-05,-1.0144872477435848e-10,1.0,0,0.49847349990159273,776.0481445828918,50,87700,,,,,0.002631057901061758,0.35167877648577905,0.0,0,1147297394,
1754,0.07425051370118414,6.919282290267768e-06,5.039760424651853e-05,-7.403468087717302e-11,1.0,0,0.35898891603574157,776.4072228749283,50,87750,,,,,0.002630452867904644,0.32817088280857726,0.0,0,1271407567,
1755,0.07425051366397299,6.858454268044296e-06,5.215206822857354e-05,-7.59723936758217e-11,1.0,0,0.4263187500182539,776.8336433749646,50,87800,,,,,0.0026188650725160116,0.3308927956956961,0.0,0,2515396904,
1756,0.07425051362580101,6.822442097391632e-06,5.009556756528342e-05,-7.208868254546202e-11,1.0,0,0.32701379084028304,777.1607892499305,50,87850,,,,,0.002611980493302282,0.32814238374348137,0.0,0,4061618340,
1757,0.07425051358958658,6.899541684191774e-06,5.2022765872486135e-05,-8.382266835425639e-11,1.0,0,0.29860049998387694,777.4594754998107,50,87900,,,,,0.002626697866940881,0.3279690406323224,0.0,0,665433276,
1758,0.07425051354747358,6.770283259798039e-06,5.444583435003177e-05,-8.18828429221811e-11,1.0,0,0.3733822079375386,777.8329988329206,50,87950,,,,,0.0026019767984741984,0.34978162170075555,0.0,0,3171418386,
1759,0.07425051350633158,6.764426911018995e-06,5.0579942309042385e-05,-7.24399531965828e-11,1.0,0,0.8829172500409186,778.7160115828738,50,88000,,,,,0.0026008511897105905,0.33151859148241886,0.0,0,4113461944,
1760,0.07425051346993525,6.794330782856766e-06,4.444383475533952e-05,-5.663008354610866e-11,1.0,0,0.7166890418156981,779.432786332909,50,88050,,,,,0.0026065937126558037,0.32350660736574244,0.0,0,2329311676,
1761,0.07425051344148287,6.7831336639033e-06,5.0537498662909014e-05,-7.341770460374453e-11,1.0,0,0.28893254208378494,779.7221699578222,50,88100,,,,,0.0026044449819305647,0.3385185469786443,0.0,0,2937027291,
1762,0.07425051340460445,6.738125054284545e-06,4.2267199893984456e-05,-5.045033023824467e-11,1.0,0,0.2917728750035167,780.0140834578779,50,88150,,,,,0.00259578987098042,0.3305649692034425,0.0,0,1200758852,
1763,0.07425051337925796,6.714203672195151e-06,5.101422079355289e-05,-7.541626070216062e-11,1.0,0,0.336690166965127,780.3508570829872,50,88200,,,,,0.0025911780471814653,0.3427300093701202,0.0,0,1361200669,
1764,0.0742505133413677,6.677877500322294e-06,4.8050837263333624e-05,-7.003304231648772e-11,1.0,0,0.2923220838420093,780.6433176659048,50,88250,,,,,0.002584158954151678,0.3437771071914753,0.0,0,3731969094,
1765,0.07425051330618518,6.666037348379178e-06,5.170967674380695e-05,-8.008921140674979e-11,1.0,0,0.27195466705597937,780.9154179159086,50,88300,,,,,0.0025818670276331387,0.3433139393867839,0.0,0,3664988653,
1766,0.07425051326594567,6.6695204778255885e-06,5.053592830121622e-05,-7.376719201500444e-11,1.0,0,0.3892586659640074,781.3048144159839,50,88350,,,,,0.002582541476496668,0.32251576290670936,0.0,0,1783712490,
1767,0.0742505132288929,6.5909221307522325e-06,5.017918760904831e-05,-7.192442655495646e-11,1.0,0,0.2713182079605758,781.5762758748606,50,88400,,,,,0.002567279129886782,0.32524516659134933,0.0,0,1029032058,
1768,0.07425051319275702,6.606217752944151e-06,4.7650930512790504e-05,-6.460294412569569e-11,1.0,0,0.3130395000334829,781.8894503749907,50,88450,,,,,0.0025702563593821047,0.33413100837987814,0.0,0,135795191,
1769,0.07425051316029949,6.553071864832768e-06,4.691710367184553e-05,-6.412974161479603e-11,1.0,0,0.280140875140205,782.1696745408699,50,88500,,,,,0.0025598968465218998,0.3182493536007554,0.0,0,716434600,
1770,0.07425051312808129,6.544146234344679e-06,4.6731217440940216e-05,-6.45678515266956e-11,1.0,0,0.2852575839497149,782.4550164579414,50,88550,,,,,0.0025581528950288875,0.31111774896328065,0.0,0,2434878686,
1771,0.07425051309565876,6.487666974485829e-06,4.9201244424157386e-05,-6.870018825134896e-11,1.0,0,0.31872829096391797,782.7738769578282,50,88600,,,,,0.0025470899031023284,0.3178897720245479,0.0,0,1837326590,
1772,0.07425051306114949,6.44457943133459e-06,5.224664954238597e-05,-7.915295469828539e-11,1.0,0,0.2787256247829646,783.0527458749712,50,88650,,,,,0.0025386176221192883,0.3299326314638826,0.0,0,2382344341,
1773,0.07425051302138849,6.305263712627872e-06,3.8713588343570606e-05,-4.2799952896317837e-11,1.0,0,0.2761657917872071,783.328989040805,50,88700,,,,,0.002511028417327823,0.3348866619125443,0.0,0,894077314,
1774,0.0742505129998827,6.29295764640635e-06,5.406108702396612e-05,-7.870510754621046e-11,1.0,0,0.2617559579666704,783.5908428749535,50,88750,,,,,0.002508576816923562,0.3293387040558098,0.0,0,1016856681,
1775,0.07425051296034754,6.29350503386303e-06,4.75441344904032e-05,-5.934185363848247e-11,1.0,0,0.2760842910502106,783.8670682078227,50,88800,,,,,0.0025086859177392115,0.3354890470576238,0.0,0,479816264,
1776,0.07425051293052809,6.354498414785447e-06,4.8694308933509164e-05,-6.896203709376388e-11,1.0,0,0.29730133316479623,784.1644544999581,50,88850,,,,,0.0025208130463771896,0.3233027068943791,0.0,0,3127232166,
1777,0.07425051289588122,6.340354477018247e-06,3.911932716597071e-05,-4.825189170669191e-11,1.0,0,0.2657619998790324,784.4303571658675,50,88900,,,,,0.0025180060518231974,0.3371727123391341,0.0,0,2399151762,
1778,0.07425051287165065,6.308581950722137e-06,5.351468852635104e-05,-8.094586605974464e-11,1.0,0,0.33049712516367435,784.7609315409791,50,88950,,,,,0.0025116890633042413,0.3418797640829761,0.0,0,905936161,
1779,0.07425051283099379,6.186380371685107e-06,4.6842992736407724e-05,-6.412703679493702e-11,1.0,0,0.27908654185011983,785.0400979998522,50,89000,,,,,0.002487243528825657,0.3375287343360456,0.0,0,3715618862,
1780,0.07425051279879094,6.12233214438057e-06,5.190647511679439e-05,-7.711004493888358e-11,1.0,0,0.43024350004270673,785.4704249999486,50,89050,,,,,0.002474334687220096,0.3292051821209791,0.0,0,792914062,
1781,0.07425051276005648,6.0868477570257534e-06,4.545949898363736e-05,-6.333207927131878e-11,1.0,0,0.5501990830525756,786.0208493748214,50,89100,,,,,0.002467153776525848,0.33923365869987765,0.0,0,1017991046,
1782,0.07425051272825703,6.022952901058843e-06,4.975934640739858e-05,-6.77088906867381e-11,1.0,0,0.34399349987506866,786.3649200829677,50,89150,,,,,0.002454170511814296,0.3439382480762611,0.0,0,958061564,
1783,0.07425051269424549,6.0267069380372676e-06,4.1297547180890524e-05,-4.971397456418061e-11,1.0,0,0.25915470882318914,786.6241578329355,50,89200,,,,,0.0024549352207415306,0.3379796429672916,0.0,0,1362545602,
1784,0.07425051266928526,6.08771920278312e-06,4.804595426527054e-05,-6.559859180228885e-11,1.0,0,0.3077902081422508,786.9320370408241,50,89250,,,,,0.0024673303797390247,0.330695442501172,0.0,0,2927982314,
1785,0.07425051263633514,6.0840179855926825e-06,5.1492027525615773e-05,-7.438722264322459e-11,1.0,0,0.3340625409036875,787.2662292078603,50,89300,,,,,0.002466580220790048,0.3417630293236209,0.0,0,3169626911,
1786,0.0742505125989873,6.055092595721871e-06,5.278334701115101e-05,-8.132267280547907e-11,1.0,0,0.3205071659758687,787.5868825828657,50,89350,,,,,0.0024607097747848835,0.33385668724025913,0.0,0,1025344524,
1787,0.07425051255814072,5.963387573586648e-06,5.304287042271836e-05,-8.034789078288316e-11,1.0,0,0.305163917131722,787.8921247499529,50,89400,,,,,0.002442004826691923,0.31302824446304084,0.0,0,2325601708,
1788,0.07425051251777498,5.847952735480963e-06,4.3223509405112516e-05,-5.5750105574734845e-11,1.0,0,0.5244908330496401,788.4166843330022,50,89450,,,,,0.0024182540676035186,0.3446264961495332,0.0,0,2771817603,
1789,0.07425051248978268,5.8370578717471565e-06,5.49336477814124e-05,-8.311022446744743e-11,1.0,0,0.6133888331241906,789.0301577500068,50,89500,,,,,0.0024160003873648604,0.33649057387890735,0.0,0,3056696624,
1790,0.07425051244802977,5.808697305005922e-06,4.334066133995626e-05,-5.3607581899035895e-11,1.0,0,0.41795825003646314,789.4482069159858,50,89550,,,,,0.002410123919014523,0.3394466159573605,0.0,0,2116666536,
1791,0.07425051242110911,5.764864118737653e-06,4.647802162428725e-05,-6.194806792890977e-11,1.0,0,0.312732582911849,789.7610220829956,50,89600,,,,,0.002401013144224257,0.3326298113459429,0.0,0,2886253690,
1792,0.07425051239000625,5.782658675706752e-06,5.523622767974275e-05,-8.266018441382275e-11,1.0,0,0.28147000004537404,790.0425779579673,50,89650,,,,,0.0024047159241180134,0.33522143398695053,0.0,0,452247874,
1793,0.07425051234847482,5.73575743492069e-06,4.658294436808186e-05,-6.175597151920078e-11,1.0,0,0.283405166817829,790.3260631659068,50,89700,,,,,0.002394944140250601,0.35395046040524475,0.0,0,1630587990,
1794,0.07425051231746846,5.678959037729185e-06,4.551188863555927e-05,-6.146787713516674e-11,1.0,0,0.30320666590705514,790.6294033329468,50,89750,,,,,0.0023830566585226597,0.336794370123753,0.0,0,4142225178,
1795,0.0742505122865996,5.601634915414477e-06,4.2033882955632446e-05,-4.996861702666025e-11,1.0,0,0.25043133297003806,790.8799183329102,50,89800,,,,,0.00236677732696054,0.34027704140869264,0.0,0,2588476672,
1796,0.07425051226150435,5.545368565658145e-06,3.062686503878924e-05,-2.977961798442398e-11,1.0,0,0.26669816579669714,791.1466959158424,50,89850,,,,,0.002354860625527155,0.33984854722386715,0.0,0,2268059948,
1797,0.07425051224655917,5.541468182774529e-06,3.38120985189236e-05,-3.32806886354593e-11,1.0,0,0.265808500116691,791.4125808749814,50,89900,,,,,0.0023540323240717254,0.3407617908292461,0.0,0,620828484,
1798,0.07425051222984651,5.529257035848688e-06,4.791811963875932e-05,-6.997261425632831e-11,1.0,0,0.2580285840667784,791.670693332795,50,89950,,,,,0.0023514372277074905,0.32185021835562894,0.0,0,888302941,
1799,0.07425051219471407,5.47828208140481e-06,4.56106632677318e-05,-5.718154829532887e-11,1.0,0,0.26230270811356604,791.9330737909768,50,90000,,,,,0.002340573024155583,0.32501377218070704,0.0,0,963462207,
1800,0.07425051216599923,5.514288638466303e-06,3.2497299135227484e-05,-3.0575849203775195e-11,1.0,0,0.2591733750887215,792.1923224998172,50,90050,,,,,0.0023482522518814505,0.321303999567864,0.0,0,671126416,
1801,0.07425051215064637,5.447508708942544e-06,4.552329226422661e-05,-5.884947793968397e-11,1.0,0,0.31254754099063575,792.5050089999568,50,90100,,,,,0.0023339898690745305,0.3569558634110444,0.0,0,2696223494,
1802,0.07425051212109651,5.412496447968783e-06,3.7349612861573174e-05,-4.031227369142373e-11,1.0,0,0.267241665860638,792.7723985828925,50,90150,,,,,0.0023264772614338576,0.3471513375705429,0.0,0,2344785784,
1803,0.07425051210085279,5.438103846484275e-06,3.717144505975987e-05,-3.996027781580924e-11,1.0,0,0.30075562512502074,793.0732956659049,50,90200,,,,,0.0023319742379546726,0.3409831483193687,0.0,0,3765505539,
1804,0.07425051208078556,5.385517862781172e-06,3.627632525198372e-05,-3.5844557322693286e-11,1.0,0,0.3406225419603288,793.4141170829535,50,90250,,,,,0.002320671855903193,0.31932981442112235,0.0,0,2688796969,
1805,0.0742505120627826,5.404482906547307e-06,4.05728777787705e-05,-4.681234588185793e-11,1.0,0,0.3021706249564886,793.7163739579264,50,90300,,,,,0.002324754375530307,0.31533427251267654,0.0,0,2065202213,
1806,0.07425051203927731,5.395574877525614e-06,4.196489915927281e-05,-4.759298421406983e-11,1.0,0,0.30551229207776487,794.0220285409596,50,90350,,,,,0.0023228376778254684,0.3329943954387514,0.0,0,3849411409,
1807,0.07425051201537547,5.406951623411719e-06,4.664626757304981e-05,-6.032087559183912e-11,1.0,0,0.28298654104582965,794.3051543748006,50,90400,,,,,0.0023252852778555405,0.3563366549108689,0.0,0,514270163,
1808,0.07425051198508481,5.326768084727182e-06,3.847666153876037e-05,-4.309490718904263e-11,1.0,0,0.2757540422026068,794.5810417497996,50,90450,,,,,0.0023079792210345357,0.3274081177168362,0.0,0,555913422,
1809,0.07425051196345253,5.2583788330706545e-06,3.2352440279370834e-05,-3.038370722882289e-11,1.0,0,0.2765417080372572,794.857666665921,50,90500,,,,,0.00229311552981324,0.32466648322148745,0.0,0,3738800785,
1810,0.0742505119482002,5.302004226009532e-06,4.7394467440766806e-05,-6.511606174981756e-11,1.0,0,0.4430224590469152,795.3007748748641,50,90550,,,,,0.002302608135573557,0.3421115909392262,0.0,0,2797685715,
1811,0.0742505119155095,5.226134991345847e-06,3.7269560790347134e-05,-4.01503589218484e-11,1.0,0,0.45861399988643825,795.7595657908823,50,90600,,,,,0.0022860741438863806,0.32397643395974624,0.0,0,3226832364,
1812,0.07425051189535375,5.196515305110889e-06,3.913152481136537e-05,-4.585459131511854e-11,1.0,0,0.6367243751883507,796.396377540892,50,90650,,,,,0.0022795866522487994,0.3532290580754711,0.0,0,880356456,
1813,0.07425051187233209,5.125586584365054e-06,4.111339717969823e-05,-5.1877218300744275e-11,1.0,0,0.6562422921415418,797.052755832905,50,90700,,,,,0.002263975835640711,0.33421519871747735,0.0,0,1671419991,
1814,0.07425051184629405,5.074935382012459e-06,3.19930299880508e-05,-3.034990322189104e-11,1.0,0,0.27945362497121096,797.3322995000053,50,90750,,,,,0.0022527617233104036,0.33040759197548564,0.0,0,3534079609,
1815,0.0742505118310535,5.052707699612291e-06,3.883459814770448e-05,-4.6803925690533445e-11,1.0,0,0.4124285839498043,797.7448183328379,50,90800,,,,,0.002247822879946792,0.3297357860202593,0.0,0,2304140817,
1816,0.07425051180756403,5.033489484090458e-06,4.141681101149384e-05,-4.8131833675618413e-11,1.0,0,0.3272386670578271,798.072202624986,50,90850,,,,,0.0022435439563535317,0.3338127960199232,0.0,0,1400751743,
1817,0.07425051178339342,5.0011852349261095e-06,4.41928709751385e-05,-5.449581834650256e-11,1.0,0,0.40523970895446837,798.4775839159265,50,90900,,,,,0.0022363329883821215,0.31897725088887086,0.0,0,946677105,
1818,0.07425051175602583,4.988322834086622e-06,3.325799004949508e-05,-3.1327178839059575e-11,1.0,0,0.3076688328292221,798.7853459999897,50,90950,,,,,0.0022334553575316034,0.33152118035276484,0.0,0,3156979325,
1819,0.07425051174029562,4.974806552337274e-06,3.775057647847356e-05,-4.125202719834261e-11,1.0,0,0.3812717499677092,799.1673805830069,50,91000,,,,,0.0022304274371378404,0.3418305808442814,0.0,0,2519796630,
1820,0.07425051171958633,4.930968944231298e-06,3.3270073253691306e-05,-3.213919393786212e-11,1.0,0,0.3976187091320753,799.5650826247875,50,91050,,,,,0.0022205785156646225,0.3252502784987837,0.0,0,766950707,
1821,0.07425051170344724,4.950443583869128e-06,3.500205868398311e-05,-3.543489639792257e-11,1.0,0,0.34329250012524426,799.9084613749292,50,91100,,,,,0.0022249592319566504,0.34424026916137124,0.0,0,2478246789,
1822,0.07425051168565802,4.9564859600043095e-06,3.661756224849293e-05,-4.067114131154441e-11,1.0,0,0.35336579103022814,800.261910415953,50,91150,,,,,0.0022263166800804216,0.34032241615154285,0.0,0,2497003433,
1823,0.07425051166525057,4.929162242909534e-06,3.3795860867440326e-05,-3.502515526206185e-11,1.0,0,0.4009040838573128,800.6629052078351,50,91200,,,,,0.00222017166969348,0.32840144480422123,0.0,0,245837567,
1824,0.07425051164767035,4.9194901129350555e-06,4.474849000518723e-05,-5.6494250470154805e-11,1.0,0,0.7697833329439163,801.4328199999873,50,91250,,,,,0.002217992360882935,0.32013973867604467,0.0,0,3049616758,
1825,0.07425051161929672,4.902561422397635e-06,3.514698175867636e-05,-3.461301232986824e-11,1.0,0,0.7375713330693543,802.1704888329841,50,91300,,,,,0.0022141728528725204,0.3463738835164872,0.0,0,2174008632,
1826,0.07425051160191795,4.81679923874347e-06,3.573857900857625e-05,-3.813649694818455e-11,1.0,0,0.5738163748756051,802.7444532078225,50,91350,,,,,0.0021947207655516154,0.3373291727045033,0.0,0,262107418,
1827,0.07425051158277118,4.768071808765353e-06,3.8247804760690834e-05,-4.0373889389879905e-11,1.0,0,0.5250887922011316,803.2696899159346,50,91400,,,,,0.0021835914931061058,0.3422924158227849,0.0,0,1534076858,
1828,0.07425051156250392,4.775408631981918e-06,4.435759005423503e-05,-5.3738526583218686e-11,1.0,0,0.4927430828101933,803.7625477910042,50,91450,,,,,0.002185270837214902,0.33897248537239283,0.0,0,1058950339,
1829,0.07425051153550964,4.844413285736555e-06,3.6542833231734474e-05,-3.868145004824371e-11,1.0,0,0.905340249883011,804.6680091249291,50,91500,,,,,0.002201002790942473,0.33157722710620435,0.0,0,3471336266,
1830,0.07425051151608528,4.799483475031953e-06,4.03928660337503e-05,-4.7455832398025664e-11,1.0,0,0.4215691660065204,805.0898608327843,50,91550,,,,,0.0021907723466923607,0.3365432871162067,0.0,0,3416559384,
1831,0.07425051149225455,4.73281527060252e-06,3.383251623502175e-05,-3.192880790831234e-11,1.0,0,0.8287065408658236,805.9187034578063,50,91600,,,,,0.002175503452215721,0.33901809263799765,0.0,0,832246968,
1832,0.07425051147621993,4.743674597409186e-06,3.383362847913796e-05,-3.385503812847324e-11,1.0,0,0.4000752919819206,806.3189584158827,50,91650,,,,,0.002177997841461094,0.3367518002282876,0.0,0,2057750601,
1833,0.07425051145922998,4.644949911744029e-06,3.1140472395117906e-05,-2.7940170900578727e-11,1.0,0,0.2786405421793461,806.5977388329338,50,91700,,,,,0.0021552145860085554,0.33179066330071305,0.0,0,1546256347,
1834,0.07425051144519929,4.635445009634189e-06,3.310673280403472e-05,-3.373753556403656e-11,1.0,0,0.3466316252015531,806.9445072079543,50,91750,,,,,0.002153008362648457,0.34056065847197997,0.0,0,1482225983,
1835,0.07425051142826783,4.588741949661414e-06,3.427103648114641e-05,-3.481179680854453e-11,1.0,0,0.3775406249333173,807.3221355827991,50,91800,,,,,0.002142134904636357,0.34532646197880285,0.0,0,3015285624,
1836,0.07425051141079497,4.535222365546547e-06,3.6380222000119426e-05,-4.080564284191878e-11,1.0,0,0.383148750057444,807.7053648328874,50,91850,,,,,0.0021296061526832953,0.3000255115763858,0.0,0,1475915678,
1837,0.0742505113903172,4.525102711278726e-06,3.187300987876722e-05,-3.042253848594385e-11,1.0,0,0.36620412510819733,808.0716788750142,50,91900,,,,,0.0021272288807927383,0.3443677224199601,0.0,0,25007209,
1838,0.0742505113750517,4.472609883338911e-06,3.557962880397769e-05,-3.668796711962154e-11,1.0,0,0.2966993749141693,808.3684614580125,50,91950,,,,,0.002114854577350157,0.3163482599110015,0.0,0,1368995829,
1839,0.07425051135664062,4.438051875422275e-06,3.345989686873862e-05,-3.370434552635811e-11,1.0,0,0.4610967501066625,808.82969399984,50,92000,,,,,0.0021066684303473753,0.332041706889098,0.0,0,2882060650,
1840,0.07425051133972485,4.356305256160076e-06,2.835838018994198e-05,-2.5443557499805057e-11,1.0,0,0.5581812500022352,809.3880164998118,50,92050,,,,,0.0020871763835766436,0.3422886718609708,0.0,0,1283190663,
1841,0.07425051132695876,4.3246886639322135e-06,3.100498490108384e-05,-2.875674153004011e-11,1.0,0,0.8718162919394672,810.2599680409767,50,92100,,,,,0.0020795885804485974,0.344234340666733,0.0,0,342293548,
1842,0.07425051131252525,4.276332791939544e-06,2.6264298413747622e-05,-2.0162009846191173e-11,1.0,0,0.36996166594326496,810.6303944999818,50,92150,,,,,0.002067929590662976,0.3291999711607695,0.0,0,1666066623,
1843,0.07425051130240656,4.276070943566791e-06,4.112946359123834e-05,-4.575981621925142e-11,1.0,0,0.7135420420672745,811.3440870409831,50,92200,,,,,0.002067866277970312,0.3284059299465241,0.0,0,2066598854,
1844,0.07425051127943019,4.299514940365487e-06,2.479028747611157e-05,-1.897100297230424e-11,1.0,0,0.31649020803160965,811.6607205828186,50,92250,,,,,0.0020735271737706952,0.3325197412368175,0.0,0,2663289602,
1845,0.07425051126990947,4.279052049172364e-06,3.3980853584679274e-05,-3.2486837720715416e-11,1.0,0,0.6069384999573231,812.2678004158661,50,92300,,,,,0.0020685869692068457,0.32366652754983677,0.0,0,1581617616,
1846,0.07425051125360863,4.203654299736431e-06,3.25303336020191e-05,-3.063006316632336e-11,1.0,0,0.30360591714270413,812.5715535408817,50,92350,,,,,0.002050281517191342,0.3530261552749107,0.0,0,1974676743,
1847,0.0742505112382375,4.227966213434777e-06,3.3191130510464755e-05,-3.1266552893126455e-11,1.0,0,0.312306750100106,812.8839603329543,50,92400,,,,,0.002056201890242001,0.33097555906851106,0.0,0,3777711776,
1848,0.07425051122254755,4.1643475738898e-06,3.082486814409548e-05,-2.6411658927696915e-11,1.0,0,0.315364875132218,813.1994592498522,50,92450,,,,,0.0020406733138574142,0.3335356997044639,0.0,0,3002497631,
1849,0.07425051120928973,4.166183675011661e-06,2.7325532715226095e-05,-2.1907120035504563e-11,1.0,0,0.5313240420073271,813.7309257909656,50,92500,,,,,0.0020411231405801224,0.3281465318555716,0.0,0,642130125,
1850,0.07425051119829595,4.1277672590215574e-06,3.2848547065742304e-05,-3.215717406713108e-11,1.0,0,0.32057791599072516,814.051605165936,50,92550,,,,,0.0020316907390204733,0.3382414005889795,0.0,0,4120248464,
1851,0.07425051118216452,4.086608377442888e-06,2.965811985233124e-05,-2.385250035809168e-11,1.0,0,0.5130761249456555,814.5647833328694,50,92600,,,,,0.002021536142996926,0.3255865810110074,0.0,0,1293294301,
1852,0.07425051117018741,4.118901942745464e-06,3.0516534939891436e-05,-2.7045249864204422e-11,1.0,0,0.5234302501194179,815.0882993747946,50,92650,,,,,0.002029507808003079,0.33369127451357133,0.0,0,218283962,
1853,0.07425051115661338,4.137745866004895e-06,2.7777695306807517e-05,-2.1883575453052843e-11,1.0,0,0.33893662481568754,815.4273279998451,50,92700,,,,,0.0020341449963080056,0.34001997799694406,0.0,0,655546532,
1854,0.0742505111456308,4.151695097038802e-06,3.3239550329272846e-05,-3.028981496148972e-11,1.0,0,0.6320247920230031,816.0594378327951,50,92750,,,,,0.0020375708814759797,0.34498466733384164,0.0,0,1148905998,
1855,0.0742505111304235,4.1238304269647395e-06,3.0065463354089683e-05,-2.571961076940672e-11,1.0,0,0.5907670410815626,816.6506708329543,50,92800,,,,,0.002030721651769326,0.31424260807642684,0.0,0,3746484158,
1856,0.0742505111175136,4.129349467614362e-06,2.684194506894411e-05,-2.056557341281797e-11,1.0,0,0.3397653750143945,816.9905730828177,50,92850,,,,,0.00203208008395692,0.32621827211555465,0.0,0,567113777,
1857,0.07425051110719369,4.054275327722492e-06,2.8014706441128875e-05,-2.4071588803035036e-11,1.0,0,0.40472862496972084,817.3953916658647,50,92900,,,,,0.002013523113282411,0.34024214980793877,0.0,0,3389217280,
1858,0.07425051109511571,4.044909178898501e-06,3.165308509319031e-05,-3.046991397069618e-11,1.0,0,0.38912916695699096,817.7848326249514,50,92950,,,,,0.002011195957359327,0.3156305296670957,0.0,0,1352054226,
1859,0.07425051107982514,4.0109985841163495e-06,3.6974712719356334e-05,-3.8935037258946934e-11,1.0,0,0.3894796660169959,818.1744444998913,50,93000,,,,,0.0020027477584849147,0.33314416901666694,0.0,0,3752368950,
1860,0.07425051106028663,4.034508430750605e-06,3.001852038165314e-05,-2.5112471798505113e-11,1.0,0,0.3593735001049936,818.5339034160133,50,93050,,,,,0.0020086085807719247,0.3334736990486811,0.0,0,1648298202,
1861,0.07425051104768454,4.019880348180772e-06,2.641333888214623e-05,-2.098398423743853e-11,1.0,0,0.3794756249990314,818.9134518748615,50,93100,,,,,0.002004963926902619,0.34103633224879837,0.0,0,2308539069,
1862,0.0742505110371556,3.9607954955104505e-06,3.060471540987206e-05,-2.740469658169817e-11,1.0,0,0.3368299170397222,819.2503752498887,50,93150,,,,,0.0019901747399438197,0.33357055613272696,0.0,0,1071842479,
1863,0.07425051102340463,3.9352290369170156e-06,2.6231681514397227e-05,-2.086091461141786e-11,1.0,0,0.33054249989800155,819.5810025827959,50,93200,,,,,0.0019837411718561008,0.3354818371969759,0.0,0,1668815995,
1864,0.07425051101294061,3.948433640631763e-06,2.7091836275055595e-05,-2.1927021774466277e-11,1.0,0,0.26814829208888113,819.8492947909981,50,93250,,,,,0.001987066591896649,0.3171208811538515,0.0,0,2061119020,
1865,0.07425051100193764,3.963189120874369e-06,3.353328592717793e-05,-3.3086103286470816e-11,1.0,0,0.37537312507629395,820.2247555828653,50,93300,,,,,0.001990776009719418,0.328936373651765,0.0,0,1066925481,
1866,0.07425051098533474,3.90928065500969e-06,2.766291501795112e-05,-2.2118404658796825e-11,1.0,0,0.4643314171116799,820.6891729158815,50,93350,,,,,0.0019771900907625674,0.3289565791627965,0.0,0,272727679,
1867,0.0742505109742358,3.862186319887445e-06,2.8501865403892224e-05,-2.311201662529345e-11,1.0,0,0.8729942080099136,821.5622490828391,50,93400,,,,,0.0019652445954352464,0.32795564279216205,0.0,0,3944970778,
1868,0.07425051096263575,3.8452176832091595e-06,2.7343836718288367e-05,-2.3094064887749273e-11,1.0,0,0.4931825411040336,822.0555837498978,50,93450,,,,,0.0019609226612003748,0.3371486015150753,0.0,0,55538629,
1869,0.07425051095104984,3.837466858566174e-06,2.8393605866002747e-05,-2.3734915552333025e-11,1.0,0,0.5171120420563966,822.5728286658414,50,93500,,,,,0.0019589453434351286,0.31750564698728817,0.0,0,1760859181,
1870,0.07425051093914029,3.832100650039475e-06,2.908695478807153e-05,-2.5516791672086463e-11,1.0,0,0.8281226248946041,823.4010959998704,50,93550,,,,,0.0019575751965223392,0.3267984665799928,0.0,0,1008380179,
1871,0.07425051092633905,3.774868830308286e-06,3.358648145852773e-05,-3.2908912352034825e-11,1.0,0,0.3324216671753675,823.733652040828,50,93600,,,,,0.0019429021669420943,0.3496729381751131,0.0,0,356459991,
1872,0.07425051090982425,3.7761273589377473e-06,2.37213139579236e-05,-1.6567092118079682e-11,1.0,0,0.26124020921997726,823.9950259157922,50,93650,,,,,0.0019432260184903214,0.33071545142347125,0.0,0,2460886797,
1873,0.07425051090151277,3.7560180283427945e-06,2.9386964551846597e-05,-2.4833988479797857e-11,1.0,0,0.33283625007607043,824.3279508748092,50,93700,,,,,0.0019380448984331593,0.3259002004435203,0.0,0,1626867774,
1874,0.0742505108890537,3.677599118759308e-06,2.0933163112141535e-05,-1.3984283837124211e-11,1.0,0,0.3127864159177989,824.6408846660051,50,93750,,,,,0.001917706734294717,0.3368230123497926,0.0,0,3783513816,
1875,0.07425051088204107,3.6481952389069783e-06,3.580280991781059e-05,-3.800439306509316e-11,1.0,0,0.32336962479166687,824.9643987079617,50,93800,,,,,0.0019100249314883244,0.3424347681738228,0.0,0,4021505042,
1876,0.07425051086297474,3.6030391181142096e-06,2.895859042725267e-05,-2.3626496135062496e-11,1.0,0,0.6443501671310514,825.6088371248916,50,93850,,,,,0.0018981673050904153,0.33144537601648977,0.0,0,4031404039,
1877,0.07425051085112305,3.645644560390642e-06,2.71525074558904e-05,-2.069904713809215e-11,1.0,0,0.49703370803035796,826.1060022078454,50,93900,,,,,0.0019093571065650977,0.3298616570101994,0.0,0,2949637047,
1878,0.0742505108407375,3.6212781401326727e-06,2.178330524824985e-05,-1.3859550223860965e-11,1.0,0,0.345535458996892,826.4516533329152,50,93950,,,,,0.0019029656171703872,0.32490551870713863,0.0,0,515461442,
1879,0.07425051083378306,3.6092524888937535e-06,2.9223217418474112e-05,-2.517801805438737e-11,1.0,0,0.3137996250297874,826.7655951660126,50,94000,,,,,0.0018998032763667277,0.3392057033791324,0.0,0,1522082956,
1880,0.07425051082115208,3.605603527025782e-06,2.5229910545914874e-05,-1.8408955126205026e-11,1.0,0,0.3503540828824043,827.1160342078656,50,94050,,,,,0.0018988426809574779,0.3282206321190174,0.0,0,2195069161,
1881,0.07425051081191694,3.585053829836775e-06,2.7104117218650832e-05,-2.2159714127096066e-11,1.0,0,0.3872392079792917,827.5033612078987,50,94100,,,,,0.001893423837875919,0.3252455149877634,0.0,0,167400749,
1882,0.07425051080080138,3.562767355990065e-06,2.909033189620175e-05,-2.4715370538804428e-11,1.0,0,0.28911775001324713,827.7925649578683,50,94150,,,,,0.0018875294318208829,0.34285322447370137,0.0,0,1689468373,
1883,0.07425051078840311,3.583202716968763e-06,2.6529885743764768e-05,-2.016010092017039e-11,1.0,0,0.29342020908370614,828.0860768328421,50,94200,,,,,0.0018929349478967214,0.3235843335336771,0.0,0,1003822533,
1884,0.07425051077829084,3.561373234112498e-06,2.2357654927390928e-05,-1.6027481067860736e-11,1.0,0,0.31161533296108246,828.3977813748643,50,94250,,,,,0.0018871600976367899,0.3073590456305135,0.0,0,353304935,
1885,0.07425051077025258,3.5363619404500525e-06,2.5808247677224173e-05,-1.8084717608981727e-11,1.0,0,0.34186687506735325,828.7397902908269,50,94300,,,,,0.0018805217202813832,0.3305320949410019,0.0,0,1129630168,
1886,0.0742505107611769,3.5286249208277127e-06,2.9812458179410758e-05,-2.466841580914388e-11,1.0,0,0.32481845817528665,829.0647561659571,50,94350,,,,,0.0018784634467637938,0.33340872934433874,0.0,0,1867442895,
1887,0.07425051074880087,3.4715572930770257e-06,2.6657269898167474e-05,-2.0594054938975825e-11,1.0,0,0.34550141682848334,829.4104584159795,50,94400,,,,,0.0018632115534949394,0.3511762745970425,0.0,0,2140111377,
1888,0.07425051073846811,3.4816947730999614e-06,2.49950663592572e-05,-1.7195404422325132e-11,1.0,0,0.4310701668728143,829.841615207959,50,94450,,,,,0.0018659300021972853,0.32356282307978723,0.0,0,3613190940,
1889,0.07425051072983818,3.4674313308404244e-06,2.625242961376398e-05,-2.071883395249015e-11,1.0,0,0.5702757500112057,830.4120410829782,50,94500,,,,,0.0018621040064508816,0.33171850046251383,0.0,0,1417236061,
1890,0.07425051071944355,3.454722736582548e-06,2.9438151825231564e-05,-2.652460882942052e-11,1.0,0,0.3424881671089679,830.7546717079822,50,94550,,,,,0.001858688445270629,0.33755869849191095,0.0,0,519302204,
1891,0.07425051070613911,3.409980957654623e-06,2.5766942911071064e-05,-1.9272072916393776e-11,1.0,0,0.581072875065729,831.3358861249872,50,94600,,,,,0.0018466133752506567,0.3419048274684217,0.0,0,748383457,
1892,0.07425051069647096,3.3530544668401905e-06,2.84547068442998e-05,-2.3018277825614377e-11,1.0,0,0.42312537506222725,831.7591096248943,50,94650,,,,,0.001831134748411539,0.33559568472239365,0.0,0,4062833160,
1893,0.07425051068492158,3.319829624998318e-06,2.129852666471827e-05,-1.331553065180013e-11,1.0,0,0.7288965829648077,832.4880993328989,50,94700,,,,,0.0018220399625140822,0.3443757863674211,0.0,0,3386319131,
1894,0.07425051067824266,3.2960668937336548e-06,2.5420896706451822e-05,-1.782343827341442e-11,1.0,0,0.3788263329770416,832.867437957786,50,94750,,,,,0.001815507337835255,0.3345697682976318,0.0,0,2053921914,
1895,0.0742505106692973,3.3198736505571716e-06,2.2041977709883714e-05,-1.406811458147454e-11,1.0,0,0.48952575004659593,833.3570537078194,50,94800,,,,,0.0018220520438662479,0.33689449065597016,0.0,0,1261922724,
1896,0.07425051066223887,3.3183244973630136e-06,1.903809514485356e-05,-1.0151760008728878e-11,1.0,0,0.31693825009278953,833.6741382908076,50,94850,,,,,0.0018216268820378705,0.3544188288970356,0.0,0,1167001102,
1897,0.07425051065714555,3.303534748944292e-06,2.5829697830296958e-05,-1.8564260955293815e-11,1.0,0,0.5685970841441303,834.242821124848,50,94900,,,,,0.0018175628596954472,0.32566682693135546,0.0,0,3334940643,
1898,0.07425051064783045,3.2582076809054387e-06,2.356700137516233e-05,-1.5507041267679935e-11,1.0,0,0.5761780838947743,834.8191592500079,50,94950,,,,,0.0018050506034195935,0.32673331334804173,0.0,0,2994371149,
1899,0.0742505106400516,3.244423311141413e-06,2.75519954765881e-05,-2.2342995623793806e-11,1.0,0,0.4471333338879049,835.2664304159116,50,95000,,,,,0.0018012282784648406,0.3334478949720838,0.0,0,4219773882,
1900,0.07425051062884128,3.249355765816694e-06,2.348202701714023e-05,-1.6351300610206735e-11,1.0,0,0.6969572501257062,835.9635308329016,50,95050,,,,,0.001802596950462497,0.3102288804781141,0.0,0,1982238607,
1901,0.07425051062063986,3.2411411742995895e-06,3.106088667885129e-05,-2.7383281229522797e-11,1.0,0,0.6119586250279099,836.5767327079084,50,95100,,,,,0.0018003169649535578,0.34347113202929624,0.0,0,3083513777,
1902,0.07425051060690507,3.193126224277471e-06,2.31064844750048e-05,-1.539325877390126e-11,1.0,0,0.2601679170038551,836.8370516658761,50,95150,,,,,0.0017869320704149531,0.33911925505264096,0.0,0,3089113340,
1903,0.07425051059918354,3.194084731522198e-06,2.394682201273483e-05,-1.6589101834770724e-11,1.0,0,0.3727587079629302,837.209898540983,50,95200,,,,,0.0017872002494186817,0.33848994609659905,0.0,0,1918872406,
1904,0.07425051059086496,3.1582875082407656e-06,2.7570692044055547e-05,-2.1778768569456906e-11,1.0,0,0.3065341671463102,837.5165186249651,50,95250,,,,,0.0017771571422473494,0.3320287108394409,0.0,0,1634209795,
1905,0.07425051057993698,3.1934043141424006e-06,2.2187528747437835e-05,-1.4570073072306896e-11,1.0,0,0.2614922921638936,837.7781567499042,50,95300,,,,,0.0017870098808183464,0.34854201690557296,0.0,0,2205491996,
1906,0.07425051057262852,3.1933049144651213e-06,2.645157932565849e-05,-2.075354645421893e-11,1.0,0,0.264360792003572,838.0426034999546,50,95350,,,,,0.00178698206887062,0.3338486928412454,0.0,0,646361151,
1907,0.07425051056221997,3.142092685614277e-06,2.5659290836898015e-05,-1.9126047233671872e-11,1.0,0,0.30188708286732435,838.3446325829718,50,95400,,,,,0.0017725949017229731,0.33337789834967074,0.0,0,3026787095,
1908,0.07425051055262699,3.1491363894592594e-06,2.577011803774128e-05,-1.7603826270142245e-11,1.0,0,0.2694090420845896,838.6141300408635,50,95450,,,,,0.001774580623544408,0.34198015712349683,0.0,0,502929817,
1909,0.07425051054379093,3.117784462645458e-06,2.6567931693836534e-05,-2.0477209437240545e-11,1.0,0,0.25766495801508427,838.8719396248925,50,95500,,,,,0.0017657249113736426,0.33339546202684234,0.0,0,2226662782,
1910,0.07425051053351917,3.117155838455904e-06,2.1724373144849384e-05,-1.3478442955859811e-11,1.0,0,0.26168495789170265,839.1338460829575,50,95550,,,,,0.0017655468950033312,0.3493336472663849,0.0,0,794495809,
1911,0.07425051052675671,3.1221193652397798e-06,2.1850382540157434e-05,-1.450676636406602e-11,1.0,0,0.2850375408306718,839.4189602078404,50,95600,,,,,0.0017669519985669617,0.341215008152132,0.0,0,4054343900,
1912,0.07425051051947992,3.103906089797566e-06,2.281530821900621e-05,-1.5173870425793232e-11,1.0,0,0.2597660000901669,839.6788771660067,50,95650,,,,,0.0017617905919256028,0.31474798541363086,0.0,0,399363499,
1913,0.07425051051186804,3.0788487961421123e-06,2.0708067781343152e-05,-1.3007935506694828e-11,1.0,0,0.25809799996204674,839.9371728748083,50,95700,,,,,0.0017546648671874958,0.32163790960185074,0.0,0,2830779233,
1914,0.07425051050534467,3.0846950553606813e-06,2.4474253352263305e-05,-1.8003539909017116e-11,1.0,0,0.2645920410286635,840.2018482498825,50,95750,,,,,0.0017563299961455652,0.35609680442583946,0.0,0,3608695426,
1915,0.07425051049631679,3.0455102236134694e-06,2.1480832711794817e-05,-1.4301906186726986e-11,1.0,0,0.2534395831171423,840.4553694159258,50,95800,,,,,0.0017451390270157474,0.33509900616603994,0.0,0,1909387313,
1916,0.07425051048914336,2.9782767083095877e-06,1.9860564234517625e-05,-1.1016326104735313e-11,1.0,0,0.2609958751127124,840.7165045829024,50,95850,,,,,0.001725768439944823,0.3353846673526208,0.0,0,669838151,
1917,0.07425051048361703,2.965964466627939e-06,2.1788394079416887e-05,-1.3606349847214959e-11,1.0,0,0.26161704189144075,840.9781912909821,50,95900,,,,,0.001722197568987931,0.3291184379863476,0.0,0,1536437296,
1918,0.07425051047679253,2.9572761306336366e-06,2.3915684689936964e-05,-1.6479223851651437e-11,1.0,0,0.30629020906053483,841.2846276247874,50,95950,,,,,0.00171967326275477,0.3245283091888657,0.0,0,2987531929,
1919,0.07425051046852561,2.9540985298959282e-06,2.2612639070298288e-05,-1.5217560868549276e-11,1.0,0,0.258997208904475,841.5436985827982,50,96000,,,,,0.0017187491177876799,0.32907254895581034,0.0,0,734932082,
1920,0.07425051046089298,2.958561581702296e-06,2.3413326526620268e-05,-1.5271355095495116e-11,1.0,0,0.25477695814333856,841.7985615408979,50,96050,,,,,0.001720046970783733,0.3182205327997265,0.0,0,3018311066,
1921,0.0742505104532342,2.959368387929528e-06,2.1085285879900196e-05,-1.2558060113254948e-11,1.0,0,0.2627847499679774,842.0614765000064,50,96100,,,,,0.0017202814850859518,0.3311175922907182,0.0,0,2872589698,
1922,0.07425051044693526,2.9636414226273643e-06,2.117890809848469e-05,-1.2666002326307191e-11,1.0,0,0.32557795802131295,842.3871332078706,50,96150,,,,,0.0017215229950910806,0.34590527984740643,0.0,0,4235028146,
1923,0.07425051044057984,2.97615737694709e-06,1.9979233555621623e-05,-1.1839291280782057e-11,1.0,0,0.2717379159294069,842.6589534159284,50,96200,,,,,0.001725154305257095,0.33730232225923484,0.0,0,844932277,
1924,0.07425051043464266,2.9478041501897896e-06,2.3573320222185034e-05,-1.6126493740993926e-11,1.0,0,0.26856724987737834,842.9276574158575,50,96250,,,,,0.0017169170481388404,0.33313873490884055,0.0,0,168430336,
1925,0.07425051042655399,2.960839291216826e-06,2.1141960827279897e-05,-1.2867337675333057e-11,1.0,0,0.28194845793768764,843.2097733749542,50,96300,,,,,0.0017207089501763005,0.34906933610777036,0.0,0,3263005325,
1926,0.0742505104200995,2.9452902001187663e-06,2.1234867469712795e-05,-1.2939548151047293e-11,1.0,0,0.2604584579821676,843.4704507498536,50,96350,,,,,0.0017161847802957485,0.34607248309185906,0.0,0,2515581008,
1927,0.07425051041361103,2.912202663090682e-06,2.483254887351463e-05,-1.7519172143500942e-11,1.0,0,0.27112029190175235,843.7417017908301,50,96400,,,,,0.0017065177007844607,0.3146048988320668,0.0,0,4187553015,
1928,0.07425051040482354,2.86802421885097e-06,2.060180875377981e-05,-1.264084364974037e-11,1.0,0,0.2637475421652198,844.0055289578158,50,96450,,,,,0.0016935242008459667,0.33844167404088493,0.0,0,2016591939,
1929,0.07425051039848518,2.8289431772019534e-06,1.628371764944779e-05,-7.802012353633517e-12,1.0,0,0.26244274992495775,844.2680548329372,50,96500,,,,,0.0016819462468229932,0.3346800826310446,0.0,0,915459871,
1930,0.07425051039457317,2.8140625445204915e-06,2.08431681153121e-05,-1.2329302856782917e-11,1.0,0,0.2723282079678029,844.5404704578687,50,96550,,,,,0.0016775167792068405,0.3218361555918352,0.0,0,116334304,
1931,0.07425051038838848,2.7704346665696965e-06,1.8099826084248337e-05,-9.717974640448956e-12,1.0,0,0.2637119588907808,844.8042581249028,50,96600,,,,,0.0016644622755021205,0.3372100120471471,0.0,0,2860037813,
1932,0.07425051038351588,2.769271741544006e-06,1.954603230589912e-05,-1.1107617789246011e-11,1.0,0,0.25626633292995393,845.0606108328793,50,96650,,,,,0.0016641128992781727,0.3370282542677056,0.0,0,746625155,
1933,0.074250510377947,2.7512680121200875e-06,2.0364781288503555e-05,-1.2554550885256756e-11,1.0,0,0.27824804093688726,845.3389984578826,50,96700,,,,,0.0016586946711556311,0.34089303180563696,0.0,0,3156222509,
1934,0.0742505103716513,2.7333578447446e-06,1.6339331911282134e-05,-7.241088727925508e-12,1.0,0,0.2547840001061559,845.5939174999949,50,96750,,,,,0.001653286981967922,0.34003271782230804,0.0,0,1467619065,
1935,0.07425051036801907,2.7368908179682044e-06,2.19702238958837e-05,-1.435368754991763e-11,1.0,0,0.40351850003935397,845.9975075409748,50,96800,,,,,0.0016543551063687035,0.33276126408236717,0.0,0,2284784059,
1936,0.07425051036082234,2.7144527850101785e-06,2.1786275915661634e-05,-1.3093221273550385e-11,1.0,0,0.33978562499396503,846.3377174579073,50,96850,,,,,0.001647559645357393,0.3402799293057526,0.0,0,624297349,
1937,0.07425051035425409,2.7113658862054416e-06,2.0897279378685347e-05,-1.1778092706810586e-11,1.0,0,0.320733625208959,846.6585369578097,50,96900,,,,,0.0016466225694449356,0.32478153617782446,0.0,0,4211066322,
1938,0.07425051034834473,2.696251070901605e-06,1.8559939876032887e-05,-9.615528133921027e-12,1.0,0,0.6202085830736905,847.2788283748087,50,96950,,,,,0.0016420265134587824,0.331094216066663,0.0,0,2622619903,
1939,0.07425051034352227,2.6935810584883484e-06,1.912547222409867e-05,-1.085688910944982e-11,1.0,0,0.3786170419771224,847.6575902909972,50,97000,,,,,0.0016412132885424576,0.35897700949891637,0.0,0,3235325654,
1940,0.07425051033807767,2.667597911187961e-06,1.9605114025118702e-05,-1.1726754250702108e-11,1.0,0,0.4893393749371171,848.1470610830002,50,97050,,,,,0.0016332782712042554,0.3482501339759443,0.0,0,1531189094,
1941,0.07425051033219802,2.63219466996786e-06,2.1746547371775545e-05,-1.3779001839028282e-11,1.0,0,0.5848072080407292,848.7319601248018,50,97100,,,,,0.0016224039786587865,0.3464193751970648,0.0,0,2612202027,
1942,0.07425051032528655,2.6312709616238433e-06,1.620519356766728e-05,-7.856168571827745e-12,1.0,0,0.5161221669986844,849.2481805828866,50,97150,,,,,0.001622119280948181,0.3342539585615301,0.0,0,139193451,
1943,0.07425051032134715,2.6163288923207926e-06,1.8059033339415526e-05,-9.403282676196675e-12,1.0,0,0.5652949591167271,849.8135889580008,50,97200,,,,,0.001617506999156663,0.3243583153247544,0.0,0,984327223,
1944,0.07425051031663149,2.6063120258937284e-06,1.9836803524429598e-05,-1.1189139483649812e-11,1.0,0,0.4920103328768164,850.3057541658636,50,97250,,,,,0.0016144076393196758,0.3349036083440076,0.0,0,2772523826,
1945,0.07425051031102156,2.6124372732091877e-06,2.0105881975966972e-05,-1.1142026811464113e-11,1.0,0,0.34226120891980827,850.6481022909284,50,97300,,,,,0.0016163035832445548,0.32414137288807715,0.0,0,2057415418,
1946,0.07425051030543295,2.599791158132465e-06,1.9266152441927267e-05,-1.033959860280328e-11,1.0,0,0.4455766249448061,851.0937691659201,50,97350,,,,,0.0016123867892452062,0.3270020301935608,0.0,0,34234102,
1947,0.07425051030024743,2.6056550987397675e-06,2.2004409391020926e-05,-1.3920010433362301e-11,1.0,0,0.687785416841507,851.7816542498767,50,97400,,,,,0.0016142041688521833,0.3213267480654407,0.0,0,1507855905,
1948,0.0742505102932663,2.5671029325742824e-06,2.647435818731768e-05,-1.8179218856229292e-11,1.0,0,0.4006035828497261,852.1826642497908,50,97450,,,,,0.0016022181288995211,0.32711527798279516,0.0,0,3319834248,
1949,0.07425051028414872,2.556405806906598e-06,1.6316890139636748e-05,-7.687282196121922e-12,1.0,0,0.3706505000591278,852.5534205827862,50,97500,,,,,0.001598876420148411,0.3433575823516983,0.0,0,1010854600,
1950,0.07425051028029417,2.5492964154734153e-06,1.8145845032815247e-05,-9.527240896190919e-12,1.0,0,0.3147254581563175,852.8683511249255,50,97550,,,,,0.0015966516262082393,0.3202648041223874,0.0,0,3380242380,
1951,0.07425051027551743,2.5568023027383255e-06,1.7117943254168714e-05,-9.23163522162831e-12,1.0,0,0.29987083305604756,853.1683112077881,50,97600,,,,,0.001599000407360275,0.3323931634680458,0.0,0,4287036827,
1952,0.07425051027088811,2.529634237188175e-06,2.0013147527589615e-05,-1.1887431206558816e-11,1.0,0,0.3426022909116,853.5109976658132,50,97650,,,,,0.0015904823913480384,0.3354507868197354,0.0,0,4119348936,
1953,0.07425051026492584,2.48391835967233e-06,2.0969032723144746e-05,-1.2356849524496479e-11,1.0,0,0.4085276660043746,853.9196636658162,50,97700,,,,,0.0015760451642235162,0.3438421276404792,0.0,0,2055044210,
1954,0.07425051025872913,2.4830862343687806e-06,1.8309665417248602e-05,-9.217986379555025e-12,1.0,0,0.5429727910086513,854.4627364578191,50,97750,,,,,0.0015757811505309931,0.3304648584962322,0.0,0,3847372318,
1955,0.07425051025410553,2.4752470548951e-06,1.526165328284367e-05,-6.717939848090057e-12,1.0,0,0.4976615831255913,854.9606650408823,50,97800,,,,,0.0015732917894958646,0.3406508251035151,0.0,0,2307761266,
1956,0.0742505102507373,2.4661816645802453e-06,1.8247605091082024e-05,-9.778779689184976e-12,1.0,0,0.3901377501897514,855.3508936248254,50,97850,,,,,0.0015704081203878962,0.3136350441382952,0.0,0,3667923724,
1957,0.07425051024583393,2.4800452502273263e-06,1.604232551959304e-05,-7.983322878498805e-12,1.0,0,0.35491354181431234,855.7059027079958,50,97900,,,,,0.0015748159416983708,0.33724453353840694,0.0,0,1187560325,
1958,0.07425051024183157,2.4802242439437602e-06,1.882405744879875e-05,-1.1110040938814436e-11,1.0,0,0.32706987485289574,856.0331160828937,50,97950,,,,,0.0015748727707163397,0.34674063668603555,0.0,0,4055833876,
1959,0.07425051023626136,2.468340884541957e-06,1.608396769559594e-05,-7.693117954926484e-12,1.0,0,0.47890495788306,856.512103082845,50,98000,,,,,0.0015710954409398421,0.34637092199291475,0.0,0,714853798,
1960,0.07425051023240399,2.4464332611897738e-06,1.7853275401890407e-05,-8.755918249972562e-12,1.0,0,0.4015857079066336,856.913749624975,50,98050,,,,,0.0015641078163572272,0.32458716407240973,0.0,0,3793430427,
1961,0.07425051022801266,2.4246785350079177e-06,2.0190321871862928e-05,-1.1652110368869134e-11,1.0,0,0.6642171249259263,857.5781102909241,50,98100,,,,,0.001557137930630398,0.32552397939917127,0.0,0,1325434420,
1962,0.074250510222169,2.3941628675533687e-06,1.7635918893474833e-05,-9.10707615854758e-12,1.0,0,0.32858720794320107,857.9071209579706,50,98150,,,,,0.0015473082651990743,0.3332288682133293,0.0,0,1543923530,
1963,0.0742505102176022,2.393913068700346e-06,1.760738423731858e-05,-9.068960273680863e-12,1.0,0,0.5171454579103738,858.4244188328739,50,98200,,,,,0.0015472275426388796,0.3302077851044098,0.0,0,1796769056,
1964,0.07425051021305495,2.3776819948081586e-06,1.9695521675209433e-05,-1.1080027851270243e-11,1.0,0,0.2850941251963377,858.7096585829277,50,98250,,,,,0.0015419734092415986,0.3604271299256795,0.0,0,2263696477,
1965,0.07425051020749963,2.374272889339492e-06,1.7629454768082086e-05,-8.894589697296568e-12,1.0,0,0.31796629121527076,859.0277124159038,50,98300,,,,,0.0015408675768343923,0.30857295909626403,0.0,0,2056557981,
1966,0.0742505102030396,2.3478411035917176e-06,1.7248408647714237e-05,-8.420520354075254e-12,1.0,0,0.4759137500077486,859.503773082979,50,98350,,,,,0.001532266655511278,0.3423877041170245,0.0,0,2868096852,
1967,0.07425051019881754,2.3283606303044915e-06,1.7015130137420072e-05,-8.300590975829723e-12,1.0,0,0.3520136249717325,859.8559263749048,50,98400,,,,,0.0015258966643598418,0.3264339635304358,0.0,0,3491611334,
1968,0.07425051019465559,2.314002050074747e-06,1.6747681304228197e-05,-7.933679575842686e-12,1.0,0,0.4047907500062138,860.2608640829567,50,98450,,,,,0.001521184423426281,0.33272092995296865,0.0,0,3498953726,
1969,0.07425051019067741,2.3112209322297904e-06,1.6330423731743613e-05,-8.214232399039262e-12,1.0,0,0.45783245912753046,860.7187890829518,50,98500,,,,,0.0015202700195129121,0.35083517466335434,0.0,0,825834168,
1970,0.07425051018655968,2.311774321439869e-06,1.894932823472292e-05,-1.0179351407265316e-11,1.0,0,0.49835187499411404,861.2172331248876,50,98550,,,,,0.0015204520122121148,0.33587623534724886,0.0,0,238823294,
1971,0.07425051018145601,2.283015154121781e-06,1.5501354623391104e-05,-7.657053851131807e-12,1.0,0,0.45565566699951887,861.6729910408612,50,98600,,,,,0.0015109649744854381,0.3061653493256441,0.0,0,2670524055,
1972,0.07425051017761851,2.256551000041051e-06,1.6648869416067785e-05,-7.747856269741506e-12,1.0,0,0.4778918749652803,862.1509752077982,50,98650,,,,,0.0015021820795233349,0.3365395452940207,0.0,0,3642075073,
1973,0.07425051017373308,2.2371013691017697e-06,1.914721335992056e-05,-1.0799041540770034e-11,1.0,0,0.40343049983493984,862.554543540813,50,98700,,,,,0.00149569427661597,0.3253863139433831,0.0,0,3029489174,
1974,0.07425051016831953,2.198325731716956e-06,1.4522021560647916e-05,-6.5526226227696855e-12,1.0,0,0.4842314999550581,863.0388659578748,50,98750,,,,,0.00148267519427451,0.3354991690921066,0.0,0,331544264,
1975,0.07425051016503517,2.1503366614816173e-06,1.8172024832105703e-05,-9.481987124188176e-12,1.0,0,0.39358324999921024,863.4325434998609,50,98800,,,,,0.0014664026259801968,0.33359369177962206,0.0,0,763063597,
1976,0.07425051016028199,2.12912602226471e-06,1.36383999339652e-05,-5.483868973625996e-12,1.0,0,0.3100490409415215,863.7426789579913,50,98850,,,,,0.0014591525013735575,0.3249454352162239,0.0,0,53897542,
1977,0.07425051015753267,2.1373536410935962e-06,1.4264505126869368e-05,-6.05719325435565e-12,1.0,0,0.27578512486070395,864.0185492909513,50,98900,,,,,0.0014619690971746277,0.3359468226068988,0.0,0,3840116683,
1978,0.07425051015449585,2.1444990706873602e-06,1.742697255064221e-05,-8.771482670288749e-12,1.0,0,0.3469497908372432,864.3655825830065,50,98950,,,,,0.0014644108271545113,0.33389454362286275,0.0,0,4051560780,
1979,0.07425051015009854,2.139073626370112e-06,1.5755386533104936e-05,-7.152342331136571e-12,1.0,0,0.288955416996032,864.6546209158842,50,99000,,,,,0.0014625572215712151,0.337228106599349,0.0,0,3477377467,
1980,0.07425051014651252,2.1099813033745035e-06,1.5696284650242403e-05,-7.026012221842704e-12,1.0,0,0.3307373330462724,864.9855354158208,50,99050,,,,,0.0014525774689752363,0.3347068675553298,0.0,0,3985824257,
1981,0.07425051014299064,2.106748357781271e-06,1.5398105872493556e-05,-6.871641787800675e-12,1.0,0,0.9364769170060754,865.9221594159026,50,99100,,,,,0.0014514642116777359,0.32966771316169685,0.0,0,1115609491,
1982,0.07425051013954653,2.1011062962105034e-06,2.086370358049438e-05,-1.1629874637149793e-11,1.0,0,0.3841086248867214,866.3064649580047,50,99150,,,,,0.0014495193328170905,0.3259864473906708,0.0,0,1588744973,
1983,0.07425051013371606,2.1119702975586436e-06,1.686123034017508e-05,-7.958017221620708e-12,1.0,0,0.4572732080705464,866.7638319579419,50,99200,,,,,0.0014532619507709695,0.31755302295746646,0.0,0,1187436940,
1984,0.07425051012972639,2.091880482435082e-06,1.746264551765562e-05,-8.651687179477111e-12,1.0,0,0.3321874998509884,867.0961062908173,50,99250,,,,,0.0014463334617006833,0.32731198859553196,0.0,0,576432687,
1985,0.07425051012538895,2.0781185227834014e-06,1.4938957149175298e-05,-6.5303535445954535e-12,1.0,0,0.2930748339276761,867.3893178328872,50,99300,,,,,0.001441568077748464,0.3267101822681175,0.0,0,3348980251,
1986,0.0742505101221151,2.094436892263922e-06,1.372816859900477e-05,-5.4152659053144834e-12,1.0,0,0.26465912512503564,867.6541223328095,50,99350,,,,,0.0014472169472003575,0.34064124455315703,0.0,0,1118226484,
1987,0.07425051011939998,2.0933716572599347e-06,1.6047683624939796e-05,-7.200772047887473e-12,1.0,0,0.39206687500700355,868.0462768748403,50,99400,,,,,0.0014468488716033664,0.35645567748396084,0.0,0,1447195295,
1988,0.07425051011578948,2.0833668698940715e-06,1.563641638091861e-05,-6.815026842065446e-12,1.0,0,0.6620236658491194,868.7084253327921,50,99450,,,,,0.0014433872903327337,0.32982596317788765,0.0,0,3369632799,
1989,0.07425051011237367,2.0749712433162533e-06,1.4013234401195071e-05,-5.8743802231940935e-12,1.0,0,0.39988108398392797,869.1084985828493,50,99500,,,,,0.0014404760474635645,0.32686047936680074,0.0,0,4001722890,
1990,0.07425051010942935,2.046840854582499e-06,1.6056894461700867e-05,-7.185333644519432e-12,1.0,0,0.5775003749877214,869.6860916248988,50,99550,,,,,0.0014306784595367677,0.3380475024718108,0.0,0,2463883036,
1991,0.07425051010582685,2.041185006948517e-06,1.9190349567527923e-05,-1.0736926366284152e-11,1.0,0,0.6703267919365317,870.3565688747913,50,99600,,,,,0.0014287004608904265,0.32856228822661504,0.0,0,1565528399,
1992,0.07425051010044409,1.990037288249069e-06,1.4007012172690842e-05,-5.774460695670451e-12,1.0,0,0.2834148327820003,870.6400729578454,50,99650,,,,,0.0014106868143741434,0.32726227974875394,0.0,0,1693647083,
1993,0.07425051009754957,1.9742232565021696e-06,1.3480572091575989e-05,-5.2443560215613765e-12,1.0,0,0.30243291705846786,870.9426596658304,50,99700,,,,,0.0014050705521439731,0.323176425772639,0.0,0,205681846,
1994,0.07425051009492095,1.9602262075605175e-06,1.271988989507336e-05,-4.588321772774962e-12,1.0,0,0.3551549999974668,871.2979831658304,50,99750,,,,,0.0014000807860836165,0.33628150200634,0.0,0,1336220574,
1995,0.07425051009262067,1.969715551125045e-06,1.0803826001369035e-05,-3.525399720014031e-12,1.0,0,0.4277687920257449,871.7259009999689,50,99800,,,,,0.0014034655503876983,0.34541388857386934,0.0,0,1430271974,
1996,0.0742505100908536,1.958573987257924e-06,1.5500491567050998e-05,-5.9922631366339556e-12,1.0,0,0.5212580419611186,872.2473545409739,50,99850,,,,,0.0013994906170667683,0.33322575747809924,0.0,0,1160600741,
1997,0.07425051008784889,1.947024155386867e-06,1.5544054689115425e-05,-6.8307260316885845e-12,1.0,0,0.5538592499215156,872.8013087909203,50,99900,,,,,0.001395358074254371,0.3472889273708779,0.0,0,813952330,
1998,0.07425051008442429,1.9190485437625835e-06,1.6965574218146493e-05,-8.061306392225501e-12,1.0,0,0.5980952919926494,873.3998002908193,50,99950,,,,,0.0013852972763138544,0.32850986339814997,0.0,0,2389783660,
1999,0.07425051008038314,1.916027558074586e-06,1.395393538888134e-05,-5.721709687806677e-12,1.0,0,0.381279791938141,873.7812234580051,50,100000,,,,,0.001384206472342398,0.3357731854388122,0.0,0,4143521146,
2000,0.07425051007751561,1.9038029203969797e-06,1.3422802238769806e-05,-5.078388398977828e-12,1.0,0,0.4749003332108259,874.2562504999805,50,100050,,,,,0.0013797836498513018,0.3449923788432287,0.0,0,4009315193,
2001,0.07425051007497022,1.9184905385414935e-06,1.3051047270093057e-05,-5.059079004669335e-12,1.0,0,0.3794678330887109,874.6361938749906,50,100100,,,,,0.00138509585897204,0.32689365014240956,0.0,0,1265854135,
2002,0.07425051007243416,1.9062112081606191e-06,1.3937653000878604e-05,-5.530034413493665e-12,1.0,0,0.38733308389782906,875.0236089159735,50,100150,,,,,0.0013806560788844624,0.3489704217458637,0.0,0,2297778721,
2003,0.07425051006966196,1.9028962955887745e-06,1.1684630754073059e-05,-4.0843758517929855e-12,1.0,0,0.3954637919086963,875.4192143329419,50,100200,,,,,0.0013794550719718184,0.3301932267947518,0.0,0,3208397087,
2004,0.07425051006761518,1.8881991600896657e-06,1.480509084850357e-05,-6.5856710654687455e-12,1.0,0,0.44072212488390505,875.860073832795,50,100250,,,,,0.0013741175932538183,0.35504757305201246,0.0,0,1852142710,
2005,0.07425051006431507,1.8990047413069185e-06,1.2489640613316062e-05,-4.7641409115882746e-12,1.0,0,0.35079924995079637,876.210958957905,50,100300,,,,,0.0013780438096471818,0.3401479466304425,0.0,0,1234508870,
2006,0.07425051006192718,1.8807856306205567e-06,1.4928594687331807e-05,-6.576534891071585e-12,1.0,0,0.3979939171113074,876.6090358328074,50,100350,,,,,0.0013714173801657016,0.3123919976111384,0.0,0,3894128421,
2007,0.07425051005863095,1.8365233577049724e-06,1.3618781800023761e-05,-5.332245193618479e-12,1.0,0,0.26138520799577236,876.8705629999749,50,100400,,,,,0.0013551838833549387,0.33916351047844195,0.0,0,851186512,
2008,0.0742505100559577,1.8292732818692993e-06,1.716518800028473e-05,-8.0086848161769e-12,1.0,0,0.31456262501887977,877.1852639578283,50,100450,,,,,0.001352506296425011,0.32893454384029186,0.0,0,9935401,
2009,0.07425051005194236,1.807025398597871e-06,1.1878563278158734e-05,-4.554170180791504e-12,1.0,0,0.29310524999164045,877.478506000014,50,100500,,,,,0.0013442564482262567,0.3437365196808252,0.0,0,1833239989,
2010,0.07425051004966063,1.7892812620994728e-06,1.1738654961357336e-05,-3.82415392456438e-12,1.0,0,0.3114875419996679,877.7901404998265,50,100550,,,,,0.0013376401840926703,0.3303992180729134,0.0,0,2108390913,
2011,0.07425051004774352,1.7790412255483098e-06,1.3950447098312734e-05,-5.680797366171594e-12,1.0,0,0.2916102921590209,878.0818847499322,50,100600,,,,,0.0013338070420972855,0.3493946492845071,0.0,0,3689430725,
2012,0.07425051004489625,1.7818974758945198e-06,1.4193548842157905e-05,-5.839151218919983e-12,1.0,0,0.3926928339060396,878.4746624578256,50,100650,,,,,0.001334877326159419,0.33233344946049037,0.0,0,616761169,
2013,0.07425051004196967,1.7746251211146233e-06,1.4312407382473829e-05,-5.530459748921056e-12,1.0,0,0.27147033298388124,878.74631149997,50,100700,,,,,0.0013321505624795658,0.3270505446061331,0.0,0,1641911269,
2014,0.07425051003919685,1.7688584006323488e-06,1.4682460725827521e-05,-5.746331375080246e-12,1.0,0,0.2638544589281082,879.0102400409523,50,100750,,,,,0.0013299843610480346,0.3209344408221401,0.0,0,1271678927,
2015,0.07425051003631575,1.7738872464621083e-06,1.3405465200094969e-05,-5.406439240364083e-12,1.0,0,0.33329316694289446,879.34367620782,50,100800,,,,,0.0013318735850155255,0.3166972969178274,0.0,0,545113705,
2016,0.07425051003360583,1.7832567444164018e-06,1.2197070803461376e-05,-4.369426866062043e-12,1.0,0,0.2614505828823894,879.6052157077938,50,100850,,,,,0.001335386365220344,0.32615402448487224,0.0,0,4068653969,
2017,0.07425051003141558,1.775466585786445e-06,1.2185923555590077e-05,-4.3754092846351264e-12,1.0,0,0.2547400000039488,879.8601066658739,50,100900,,,,,0.0013324663544669504,0.35241156271013657,0.0,0,370291009,
2018,0.0742505100292229,1.7742398102735083e-06,1.1508224389621513e-05,-3.824049591772598e-12,1.0,0,0.2594704171642661,880.1197173749097,50,100950,,,,,0.0013320059347741316,0.3272018551611071,0.0,0,4134002392,
2019,0.07425051002730615,1.7649046604478043e-06,1.2616277455313725e-05,-4.660148408461571e-12,1.0,0,0.2709310830105096,880.390727999853,50,101000,,,,,0.001328497143560273,0.33410411306462173,0.0,0,56207109,
2020,0.07425051002497064,1.7589120243356351e-06,1.3227260286197954e-05,-5.127269126905236e-12,1.0,0,0.2575461659580469,880.6483590409625,50,101050,,,,,0.0013262398064964101,0.34282499081464435,0.0,0,2009381318,
2021,0.07425051002240107,1.7550034755717415e-06,1.4209624614175332e-05,-5.746042435825469e-12,1.0,0,0.27075304090976715,880.9191790409386,50,101100,,,,,0.0013247654417185488,0.3461140186174715,0.0,0,1390055089,
2022,0.07425051001952084,1.7165625057172593e-06,1.3380449866590407e-05,-5.076509229918174e-12,1.0,0,0.29404433304443955,881.2133016248699,50,101150,,,,,0.001310176517007254,0.33838025935199006,0.0,0,852338379,
2023,0.07425051001697663,1.694253678652841e-06,1.1976425365834171e-05,-4.0010277651112265e-12,1.0,0,0.3140167500823736,881.5274654158857,50,101200,,,,,0.0013016350020850088,0.33705581619687164,0.0,0,1711593965,
2024,0.07425051001497102,1.6878573115744798e-06,1.3420565303575621e-05,-5.2755725818993004e-12,1.0,0,0.30377158313058317,881.8313130829483,50,101250,,,,,0.0012991756276864493,0.32786484148109274,0.0,0,1797726440,
2025,0.07425051001232708,1.6841260157149309e-06,1.4009614148947756e-05,-5.614928322656863e-12,1.0,0,0.26832966692745686,882.0997529579327,50,101300,,,,,0.001297738808741933,0.3296200582310886,0.0,0,939798637,
2026,0.07425051000951324,1.6821470657385584e-06,1.3399424972228116e-05,-4.839060549131561e-12,1.0,0,0.2885687919333577,882.388397165807,50,101350,,,,,0.001296976123812061,0.3232679075244241,0.0,0,2460231127,
2027,0.07425051000708743,1.6740999971020125e-06,1.2069383042452477e-05,-4.446219273016949e-12,1.0,0,0.2704667919315398,882.659005999798,50,101400,,,,,0.0012938701623818414,0.3346117009409041,0.0,0,2544450780,
2028,0.07425051000485956,1.6705222039813333e-06,1.3731795838398321e-05,-5.4299533211557094e-12,1.0,0,0.45789833297021687,883.1169798749033,50,101450,,,,,0.0012924868293260605,0.3393304510682987,0.0,0,41796687,
2029,0.07425051000213806,1.6608718578618547e-06,1.2880332543188909e-05,-4.814995583931896e-12,1.0,0,0.8045047079212964,883.9215707499534,50,101500,,,,,0.0012887481747268761,0.3375629491449284,0.0,0,1571544958,
2030,0.07425050999972496,1.6454099235831399e-06,1.4954990311600991e-05,-6.32357103793156e-12,1.0,0,0.5929882500786334,884.5147206250113,50,101550,,,,,0.0012827353287343183,0.32507296732181074,0.0,0,981401227,
2031,0.07425050999655497,1.6436045282029429e-06,1.2230568826247337e-05,-4.282871747162628e-12,1.0,0,0.30683008302003145,884.8219793748576,50,101600,,,,,0.00128203140687073,0.3183227450822297,0.0,0,3213407038,
2032,0.07425050999440855,1.6345782394801192e-06,1.25735693579834e-05,-4.694443565997152e-12,1.0,0,0.5359304999001324,885.3580543329008,50,101650,,,,,0.0012785062532033697,0.32407502828020807,0.0,0,1782638529,
2033,0.07425050999205621,1.6326858709594794e-06,1.2801775006176767e-05,-4.757008532583279e-12,1.0,0,0.4114431671332568,885.769586582901,50,101700,,,,,0.0012777659687749864,0.3310644050247354,0.0,0,3202287809,
2034,0.07425050998967228,1.6120523715175288e-06,1.024186048141156e-05,-2.94776898080582e-12,1.0,0,0.562227499904111,886.331908374792,50,101750,,,,,0.0012696662441435264,0.3423301624316628,0.0,0,1483076140,
2035,0.074250509988195,1.5947194401156678e-06,1.4281324742031562e-05,-5.463830592392524e-12,1.0,0,0.4786429170053452,886.8106970409863,50,101800,,,,,0.0012628220144247043,0.3418225761142748,0.0,0,3465087165,
2036,0.07425050998545663,1.602245528564696e-06,1.2318375113418485e-05,-4.232739683632016e-12,1.0,0,1.19042033306323,888.0012812498026,50,101850,,,,,0.0012657983759527802,0.3268676364294535,0.0,0,2401815121,
2037,0.07425050998333511,1.6142958201984207e-06,1.238580854176053e-05,-4.355118285377846e-12,1.0,0,0.4933261249680072,888.4947441658005,50,101900,,,,,0.0012705494166691906,0.34366990567956474,0.0,0,2570639468,
2038,0.07425050998115237,1.589750686337528e-06,1.3445666191036525e-05,-5.121324509265599e-12,1.0,0,0.4083483750000596,888.9032542498317,50,101950,,,,,0.0012608531581185527,0.3494972426618,0.0,0,4262934806,
2039,0.07425050997858577,1.605456892568417e-06,1.2503604643159636e-05,-4.4043929460921e-12,1.0,0,0.37575712497346103,889.2791050409433,50,102000,,,,,0.0012670662542142053,0.337363400657018,0.0,0,2178253079,
2040,0.0742505099763783,1.589209300713244e-06,1.286867111395721e-05,-4.843461798946927e-12,1.0,0,0.3229272498283535,889.6021217079833,50,102050,,,,,0.001260638449640992,0.32797565903548465,0.0,0,1932433321,
2041,0.07425050997395133,1.5739627836496754e-06,9.04051424577128e-06,-2.509865243938448e-12,1.0,0,0.6052109592128545,890.2074220830109,50,102100,,,,,0.001254576734859082,0.33945889191232886,0.0,0,1808710566,
2042,0.07425050997269397,1.560361656756747e-06,1.2229823655396553e-05,-4.316054641104011e-12,1.0,0,0.29484099987894297,890.5024585409556,50,102150,,,,,0.0012491443698615253,0.3344371778693217,0.0,0,2781813028,
2043,0.07425050997053101,1.565160330379307e-06,1.0393712366947227e-05,-3.2371943675554213e-12,1.0,0,0.5428070831112564,891.0453513329849,50,102200,,,,,0.001251063679586018,0.33725897776792935,0.0,0,2320363895,
2044,0.07425050996890889,1.548613448965607e-06,1.0396066485577155e-05,-3.2925755917004684e-12,1.0,0,0.32044170796871185,891.3659133748151,50,102250,,,,,0.001244432982914551,0.330962468223384,0.0,0,3887270410,
2045,0.07425050996725915,1.5592820226394259e-06,1.3078601592597533e-05,-4.988011676841825e-12,1.0,0,0.4152828329242766,891.7813432908151,50,102300,,,,,0.001248712145628217,0.3469194391943136,0.0,0,4200191560,
2046,0.07425050996476018,1.563703514505362e-06,1.3964835541840201e-05,-5.527779620550203e-12,1.0,0,0.45879804203286767,892.2402868329082,50,102350,,,,,0.0012504813131372105,0.3155068526843653,0.0,0,40513457,
2047,0.07425050996199017,1.5421790741242404e-06,1.1356323104788985e-05,-3.7556776228546096e-12,1.0,0,0.34463304094970226,892.5850310828537,50,102400,,,,,0.001241845028223828,0.3310719863940149,0.0,0,3824713386,
2048,0.07425050996010824,1.5354395954488331e-06,1.2355870564048204e-05,-4.345605474030026e-12,1.0,0,0.34267545910552144,892.9277944578789,50,102450,,,,,0.0012391285629218757,0.3278822944366959,0.0,0,128824109,
2049,0.0742505099579302,1.51655892304095e-06,1.1508675244762046e-05,-3.931475809473746e-12,1.0,0,0.3781339998822659,893.3060189159587,50,102500,,,,,0.001231486468882606,0.3373540717903959,0.0,0,4241896965,
2050,0.0742505099559603,1.5169187037174198e-06,1.2014963818360763e-05,-4.267740690294528e-12,1.0,0,0.3982927917968482,893.7044499579351,50,102550,,,,,0.0012316325359933537,0.33120235982690854,0.0,0,1776987856,
2051,0.07425050995382207,1.5015095847568205e-06,1.0935513577395156e-05,-3.6200945332138546e-12,1.0,0,0.64732287498191,894.3518662909046,50,102600,,,,,0.0012253610018100056,0.3288611067180493,0.0,0,3122619906,
2052,0.07425050995200816,1.4843476614388015e-06,1.058620391436377e-05,-3.4925677357014467e-12,1.0,0,0.5605099580716342,894.9125568328891,50,102650,,,,,0.0012183380735406742,0.3289637265030956,0.0,0,4247527801,
2053,0.07425050995025842,1.4743613142817e-06,1.1812676587262436e-05,-3.820287011716725e-12,1.0,0,0.27885037497617304,895.1915514159482,50,102700,,,,,0.0012142328089298608,0.34237495472200186,0.0,0,3424231323,
2054,0.07425050994834366,1.4732278051606922e-06,9.243771691883498e-06,-2.5681080471891786e-12,1.0,0,0.2932938328012824,895.4849296659231,50,102750,,,,,0.001213765959796489,0.3309512626609628,0.0,0,1087058745,
2055,0.07425050994705693,1.4481533839724831e-06,1.0334567053808285e-05,-3.183620942705671e-12,1.0,0,0.2739064998459071,895.7589786248282,50,102800,,,,,0.0012033924480286898,0.3266580151940118,0.0,0,645031973,
2056,0.07425050994546191,1.4278351764952623e-06,1.018844250455857e-05,-2.922044192677106e-12,1.0,0,0.347678457852453,896.1067359577864,50,102850,,,,,0.0011949205732998585,0.33656280124495863,0.0,0,276021081,
2057,0.07425050994399784,1.4294682185218682e-06,9.69608147515179e-06,-2.841393349575889e-12,1.0,0,0.5789807501714677,896.686108707916,50,102900,,,,,0.0011956037046286984,0.33881778940232066,0.0,0,550743160,
2058,0.07425050994257407,1.4270751805626766e-06,1.2111838419976512e-05,-4.3147438921862985e-12,1.0,0,0.3293862920254469,897.0155744159129,50,102950,,,,,0.0011946025199047073,0.33270146747306206,0.0,0,3213380414,
2059,0.07425050994041243,1.4165732242784146e-06,1.020340028355589e-05,-2.9012743571578013e-12,1.0,0,0.27164395805448294,897.287302415818,50,103000,,,,,0.0011901988171219187,0.33768684268977595,0.0,0,2245962073,
2060,0.07425050993895843,1.4160432078507199e-06,1.3268165675460497e-05,-4.919984515332921e-12,1.0,0,0.26802737498655915,897.5554235409945,50,103050,,,,,0.0011899761375131518,0.33476313381912737,0.0,0,2079750218,
2061,0.07425050993649246,1.4335914532521208e-06,1.0264008932353936e-05,-3.1587839426502113e-12,1.0,0,0.26491137500852346,897.8204085829202,50,103100,,,,,0.0011973267946772596,0.34248455012900353,0.0,0,1376588103,
2062,0.07425050993490967,1.4253557293109587e-06,1.0788621583635765e-05,-3.2623505371228178e-12,1.0,0,0.2600410000886768,898.0805928329937,50,103150,,,,,0.0011938826279458792,0.3314477384352045,0.0,0,2341018027,
2063,0.07425050993327445,1.4193185749825556e-06,1.3326505041398814e-05,-5.002613210677076e-12,1.0,0,0.2868268748279661,898.3675627079792,50,103200,,,,,0.0011913515748856655,0.3294499073574263,0.0,0,690584244,
2064,0.07425050993076762,1.402251395021821e-06,1.334359884750906e-05,-4.8020149187735406e-12,1.0,0,0.2590366250369698,898.6266781250015,50,103250,,,,,0.0011841669624769223,0.33333590551795234,0.0,0,3283687292,
2065,0.07425050992836106,1.380297937951309e-06,9.936988972459997e-06,-2.772919375287675e-12,1.0,0,0.44350175000727177,899.070322250016,50,103300,,,,,0.0011748608164166975,0.3494402445925679,0.0,0,774871811,
2066,0.07425050992697164,1.3819386646122586e-06,1.1295842245986956e-05,-3.6976015460134e-12,1.0,0,0.4559266248252243,899.5263884998858,50,103350,,,,,0.0011755588733076104,0.3290881394121185,0.0,0,1230579790,
2067,0.07425050992511881,1.3808889179313992e-06,9.385074523179935e-06,-2.758658034305468e-12,1.0,0,0.27635933295823634,899.8028354158159,50,103400,,,,,0.0011751123001362037,0.3402985408229559,0.0,0,3665095448,
2068,0.07425050992373668,1.352080265619317e-06,9.569291874746566e-06,-2.780215694420385e-12,1.0,0,0.2647997091989964,900.0677737079095,50,103450,,,,,0.0011627898630532161,0.3334816732145575,0.0,0,987072171,
2069,0.07425050992234379,1.339046112745677e-06,1.2015271721090048e-05,-3.940605703512479e-12,1.0,0,0.2848727088421583,900.3527289999183,50,103500,,,,,0.0011571716003884976,0.34363102968624143,0.0,0,3464009037,
2070,0.0742505099203693,1.3313426995389116e-06,9.187051706619394e-06,-2.333735677910487e-12,1.0,0,0.25961691699922085,900.6124421248678,50,103550,,,,,0.0011538382466961786,0.3389184915742137,0.0,0,1157462591,
2071,0.07425050991919996,1.336238876874645e-06,9.09240947976319e-06,-2.432087247062394e-12,1.0,0,0.2839319577906281,900.8964654579759,50,103600,,,,,0.0011559579909644834,0.35419602842730014,0.0,0,3638499707,
2072,0.07425050991798143,1.3296496011348641e-06,9.051335270701759e-06,-2.3760483339015386e-12,1.0,0,0.307379666948691,901.2039218328428,50,103650,,,,,0.0011531043322851858,0.34492351326972437,0.0,0,576255117,
2073,0.07425050991679083,1.3449383046464922e-06,1.0882058828222872e-05,-3.2459630307837997e-12,1.0,0,0.28897133306600153,901.4930352079682,50,103700,,,,,0.0011597147514136794,0.3121767784697672,0.0,0,296974493,
2074,0.07425050991516415,1.3418608008230324e-06,1.1071641612628847e-05,-3.2989883895577303e-12,1.0,0,0.26094850013032556,901.7541314580012,50,103750,,,,,0.0011583871549801614,0.3152025029066229,0.0,0,3430595568,
2075,0.07425050991351068,1.349772729916601e-06,1.0366646147189038e-05,-2.9559468634670347e-12,1.0,0,0.30929516698233783,902.0635709159542,50,103800,,,,,0.0011617971982736924,0.3311162436761425,0.0,0,3937970476,
2076,0.07425050991202935,1.3279490299170992e-06,8.8812879833844e-06,-2.3001736870160783e-12,1.0,0,0.28054783400148153,902.3442018749192,50,103850,,,,,0.0011523667080912652,0.3140700263527915,0.0,0,295679937,
2077,0.07425050991087678,1.3246482623544288e-06,1.0059514422164708e-05,-3.0801727346523182e-12,1.0,0,0.2613691249862313,902.6056542079896,50,103900,,,,,0.0011509336481111449,0.33846677656954527,0.0,0,2623403193,
2078,0.07425050990933346,1.3047090304898397e-06,1.1829108781548527e-05,-3.856547554064857e-12,1.0,0,0.2702015421818942,902.8759383750148,50,103950,,,,,0.0011422386048850913,0.3290050428831935,0.0,0,100203497,
2079,0.07425050990740106,1.3004155626181958e-06,1.000714312900123e-05,-2.898027020346677e-12,1.0,0,0.27926920796744525,903.1558169159107,50,104000,,,,,0.0011403576468012988,0.3460906066558688,0.0,0,1039031117,
2080,0.07425050990594899,1.292066050564555e-06,1.0421040601338034e-05,-3.2406066068900614e-12,1.0,0,0.2927437089383602,903.4487013749313,50,104050,,,,,0.0011366908333247678,0.33319478406493547,0.0,0,1601161851,
2081,0.07425050990432547,1.2849908498625423e-06,9.684219258849513e-06,-2.6778435637076036e-12,1.0,0,0.26312337489798665,903.711991207907,50,104100,,,,,0.0011335743689156624,0.3441861031936321,0.0,0,37132747,
2082,0.07425050990298393,1.2850016389719627e-06,1.0853812283807454e-05,-3.6078908789945626e-12,1.0,0,0.2567285830155015,903.9688003328629,50,104150,,,,,0.001133579127794775,0.3369179087120155,0.0,0,2039992828,
2083,0.07425050990117635,1.2730285440276007e-06,1.0653121933868431e-05,-3.182787009111835e-12,1.0,0,0.2965089997742325,904.2653947907966,50,104200,,,,,0.001128285665967445,0.32935660671868044,0.0,0,3609063053,
2084,0.07425050989958139,1.255865291060953e-06,1.0357689471611623e-05,-2.9562320207206746e-12,1.0,0,0.2687878750730306,904.5342698749155,50,104250,,,,,0.0011206539568756062,0.32581654655365355,0.0,0,1195957046,
2085,0.07425050989810035,1.254266652453445e-06,9.394879310258919e-06,-2.6954476897613846e-12,1.0,0,0.2741844579577446,904.8085317078512,50,104300,,,,,0.0011199404682631327,0.3437829377605309,0.0,0,4185781354,
2086,0.07425050989675012,1.244065837379316e-06,1.2441490931198161e-05,-4.481454342308116e-12,1.0,0,0.26038212492130697,905.0723377079703,50,104350,,,,,0.0011153769933880274,0.34072532905913394,0.0,0,2818535377,
2087,0.074250509894505,1.235017648850442e-06,8.294450615631527e-06,-2.0833355200584506e-12,1.0,0,0.27941850014030933,905.3518326249905,50,104400,,,,,0.0011113134791094913,0.3358546210091657,0.0,0,3212310249,
2088,0.07425050989346133,1.2326091183367508e-06,8.246723825157103e-06,-2.008409195800611e-12,1.0,0,0.2632472082041204,905.6151676250156,50,104450,,,,,0.0011102293088982793,0.32370829248861716,0.0,0,2043274543,
2089,0.07425050989245527,1.230809235112045e-06,8.968953259822298e-06,-2.359094973160756e-12,1.0,0,0.2600154159590602,905.8753301249817,50,104500,,,,,0.0011094184220176106,0.3352355438018678,0.0,0,1124392870,
2090,0.07425050989127333,1.2193799163463964e-06,9.761376572350664e-06,-2.7795864037141377e-12,1.0,0,0.27003366593271494,906.1454944577999,50,104550,,,,,0.0011042553673613709,0.3420397602736058,0.0,0,2980529472,
2091,0.07425050988988052,1.2151733530252306e-06,1.0527625115523145e-05,-3.224783570975179e-12,1.0,0,0.275798249989748,906.4213752909563,50,104600,,,,,0.0011023490159768959,0.3326480291281379,0.0,0,3916115634,
2092,0.07425050988826501,1.2018478913577648e-06,8.313783033533162e-06,-2.0499885199293725e-12,1.0,0,0.2562268751207739,906.6776820828672,50,104650,,,,,0.0010962882337039674,0.3339458441847593,0.0,0,1035025057,
2093,0.07425050988723798,1.1935735596132821e-06,7.742432062527803e-06,-1.7028369531140247e-12,1.0,0,0.322158666793257,906.9999765409157,50,104700,,,,,0.0010925079219910865,0.33463406484788116,0.0,0,2547945037,
2094,0.0742505098863849,1.190975345717365e-06,9.027902726087844e-06,-2.2565564808724902e-12,1.0,0,0.28136979206465185,907.2814269578084,50,104750,,,,,0.0010913181688753126,0.33765325714063443,0.0,0,3380179629,
2095,0.07425050988525438,1.1897584096620334e-06,8.541554798108403e-06,-2.27140912299014e-12,1.0,0,0.27819745894521475,907.5597810829058,50,104800,,,,,0.0010907604730929854,0.3193816814454321,0.0,0,3770882905,
2096,0.07425050988411677,1.1591619317034786e-06,6.080921496224402e-06,-1.0913035642396986e-12,1.0,0,0.2638727920129895,907.82373395795,50,104850,,,,,0.0010766438276902342,0.34496524604808376,0.0,0,3350732229,
2097,0.07425050988357007,1.1627960358766965e-06,8.681969143610981e-06,-2.2630515516934643e-12,1.0,0,0.26218316704034805,908.0860518747941,50,104900,,,,,0.0010783302072541123,0.3418119825176726,0.0,0,4055548352,
2098,0.07425050988243641,1.1410054230429196e-06,8.128625749903771e-06,-2.025966934858145e-12,1.0,0,0.37392154219560325,908.4600566658191,50,104950,,,,,0.001068178553914522,0.33174887202784037,0.0,0,340080524,
2099,0.07425050988142147,1.131112348456772e-06,9.273467969855372e-06,-2.4459664300757033e-12,1.0,0,0.47518062498420477,908.9353343329858,50,105000,,,,,0.001063537657281947,0.3412929089422548,0.0,0,2161308612,
2100,0.0742505098801963,1.1295768471362418e-06,9.067606328795695e-06,-2.5190236657400168e-12,1.0,0,0.45016379188746214,909.3856529158074,50,105050,,,,,0.0010628155282720712,0.3453211011887733,0.0,0,4025904787,
2101,0.07425050987893467,1.1030593101620612e-06,7.99468948776121e-06,-1.7571620637768911e-12,1.0,0,0.45187149988487363,909.8378322077915,50,105100,,,,,0.0010502663044019175,0.34006082762649786,0.0,0,1034092757,
2102,0.07425050987805437,1.1074487068447587e-06,6.663760002223346e-06,-1.2567165875289638e-12,1.0,0,0.4962842499371618,910.334197124932,50,105150,,,,,0.0010523538885967776,0.34343577446843443,0.0,0,4008303735,
2103,0.07425050987742476,1.1067661453977513e-06,7.592147300082043e-06,-1.7153946090869812e-12,1.0,0,0.5878313751891255,910.922122332966,50,105200,,,,,0.001052029536371366,0.3412493695338362,0.0,0,3270133187,
2104,0.07425050987656559,1.1062394007375352e-06,9.086666499190405e-06,-2.382581168897614e-12,1.0,0,0.4838032089173794,911.4060664579738,50,105250,,,,,0.001051779159680175,0.35270995282154016,0.0,0,3259973595,
2105,0.07425050987537204,1.1095819020757266e-06,9.736830521155522e-06,-2.7194764470156822e-12,1.0,0,0.36958241602405906,911.7757480829023,50,105300,,,,,0.0010533669361033346,0.32845927256205887,0.0,0,2298746112,
2106,0.07425050987400988,1.087900470974219e-06,9.028114464579224e-06,-2.392127933499124e-12,1.0,0,0.5935842080507427,912.3694277079776,50,105350,,,,,0.0010430246741924272,0.3376415636947868,0.0,0,3343467078,
2107,0.07425050987281172,1.0702539581423113e-06,7.759962255355629e-06,-1.7684706637004469e-12,1.0,0,0.30883812508545816,912.6783991248813,50,105400,,,,,0.0010345307912973452,0.3425895663666842,0.0,0,2606423791,
2108,0.07425050987192595,1.0723136351968834e-06,8.086238792048889e-06,-1.8856065137955434e-12,1.0,0,0.3508834580425173,913.0293719999027,50,105450,,,,,0.0010355257771764465,0.34811476530200713,0.0,0,20361370,
2109,0.0742505098709815,1.0723677045378545e-06,8.331496724038677e-06,-1.974642436292168e-12,1.0,0,0.3054355001077056,913.3348982909229,50,105500,,,,,0.0010355518840395467,0.3317566799860729,0.0,0,602603031,
2110,0.07425050986999225,1.0708915976309422e-06,8.368375802060224e-06,-1.9822575860618204e-12,1.0,0,0.30255237501114607,913.637545790989,50,105550,,,,,0.0010348389235194733,0.33761304279609794,0.0,0,451225776,
2111,0.07425050986899928,1.058956040692821e-06,8.871375412653025e-06,-2.317542577508498e-12,1.0,0,0.45122020901180804,914.0888455829117,50,105600,,,,,0.0010290558977493988,0.34000090560346474,0.0,0,1123632989,
2112,0.07425050986783846,1.0514708339788797e-06,7.389329646077688e-06,-1.647587959856138e-12,1.0,0,0.531043624971062,914.6200332078151,50,105650,,,,,0.0010254125189302498,0.35082475939548163,0.0,0,1325159160,
2113,0.07425050986701318,1.0439772204544682e-06,7.304779483987336e-06,-1.5281804582582785e-12,1.0,0,0.35186020797118545,914.972031082958,50,105700,,,,,0.001021752034720004,0.3426226797147643,0.0,0,4226993346,
2114,0.0742505098662477,1.046194313468773e-06,7.634581984425716e-06,-1.728214879472257e-12,1.0,0,0.5591677909251302,915.5314244159963,50,105750,,,,,0.0010228364060145558,0.33365247178168894,0.0,0,1359795300,
2115,0.07425050986538201,1.0446133706508327e-06,8.370462486673197e-06,-2.0004096664041085e-12,1.0,0,0.4070142079144716,915.9387604577933,50,105800,,,,,0.0010220632909222563,0.33708746554053104,0.0,0,4087808197,
2116,0.0742505098643799,1.0245185423263796e-06,7.666858439978645e-06,-1.691468223701184e-12,1.0,0,0.3105997499078512,916.2494521248154,50,105850,,,,,0.0010121850336407764,0.32432703561398696,0.0,0,1655787997,
2117,0.07425050986353252,1.023403342621407e-06,8.395135583987483e-06,-1.9715928729134516e-12,1.0,0,0.43190054199658334,916.6814917498268,50,105900,,,,,0.001011633996374878,0.32014768172616026,0.0,0,3459725751,
2118,0.0742505098625448,1.0249914492926138e-06,8.714128147621554e-06,-2.1930723400278347e-12,1.0,0,0.4199898748192936,917.1015778749716,50,105950,,,,,0.0010124186136636435,0.33128701794692944,0.0,0,228508476,
2119,0.07425050986144625,1.021686612719167e-06,7.10431766332262e-06,-1.5277213005363731e-12,1.0,0,0.3940818749833852,917.4957425829489,50,106000,,,,,0.0010107851466652877,0.3329141250995431,0.0,0,1926013146,
2120,0.07425050986068107,1.0194858235989906e-06,7.845728555940847e-06,-1.8268305615812226e-12,1.0,0,0.37415820895694196,917.8700339579955,50,106050,,,,,0.0010096959064980855,0.33576762652568715,0.0,0,2429430847,
2121,0.074250509859766,1.0217518210925048e-06,7.547501527042418e-06,-1.6580759641476115e-12,1.0,0,0.4022404160350561,918.2724077079911,50,106100,,,,,0.0010108174024483871,0.32161914308749695,0.0,0,2023939862,
2122,0.07425050985893546,1.0231690332819101e-06,6.732137214754903e-06,-1.3888432444290812e-12,1.0,0,0.39977933280169964,918.6723260409199,50,106150,,,,,0.001011518182378305,0.3441703834337208,0.0,0,647554221,
2123,0.07425050985823985,1.0212531981381184e-06,6.888865868828609e-06,-1.384031002729515e-12,1.0,0,0.4561414998024702,919.1285919998772,50,106200,,,,,0.0010105707289141707,0.35575020471675417,0.0,0,2802520585,
2124,0.0742505098575465,1.0162080868206034e-06,6.763937077176966e-06,-1.307183609562269e-12,1.0,0,0.3960527079179883,919.5247375408653,50,106250,,,,,0.001008071469103557,0.34355401289571,0.0,0,2595165223,
2125,0.0742505098568917,1.0083649608022881e-06,7.523529692862012e-06,-1.6579188240767735e-12,1.0,0,0.45297158299945295,919.9777998328209,50,106300,,,,,0.0010041737702222101,0.33305134278349213,0.0,0,1428285367,
2126,0.07425050985606121,9.901095273167916e-07,7.238534892233853e-06,-1.5740010383562232e-12,1.0,0,0.44584979210048914,920.423813290894,50,106350,,,,,0.0009950424751319874,0.32401787187127484,0.0,0,4294863081,
2127,0.07425050985527282,9.73940276736425e-07,8.330206792028633e-06,-1.984671907270931e-12,1.0,0,0.5610931671690196,920.9849962908775,50,106400,,,,,0.000986884125283422,0.3501685219385559,0.0,0,3202841769,
2128,0.07425050985427885,9.71025488102647e-07,8.299345667359666e-06,-1.907269097547186e-12,1.0,0,0.5522007918916643,921.5373120829463,50,106450,,,,,0.000985406255360015,0.31677163138399944,0.0,0,3615623743,
2129,0.07425050985332346,9.674659489868152e-07,6.855066349640307e-06,-1.4018046607266223e-12,1.0,0,0.5353009169921279,922.0748252908234,50,106500,,,,,0.0009835984693902361,0.33747321020929727,0.0,0,2209854238,
2130,0.07425050985262127,9.66060906112132e-07,8.67569249145859e-06,-2.180511658607042e-12,1.0,0,0.46387075004167855,922.5388517079409,50,106550,,,,,0.000982883973881013,0.3314695979285755,0.0,0,1209968926,
2131,0.07425050985152909,9.659546303835718e-07,7.602942831004258e-06,-1.5239347281820863e-12,1.0,0,0.44484491692855954,922.983786040917,50,106600,,,,,0.0009828299091824443,0.331488558195898,0.0,0,1967536199,
2132,0.07425050985076559,9.711512567623825e-07,8.086607692609748e-06,-1.900380729357926e-12,1.0,0,0.3219049160834402,923.3057802498806,50,106650,,,,,0.0009854700689327822,0.30606979532433687,0.0,0,2832788229,
2133,0.07425050984981366,9.667463004425358e-07,6.355887396722246e-06,-1.2176121923343573e-12,1.0,0,0.451671791030094,923.7575868328568,50,106700,,,,,0.0009832325769839685,0.3406787231056643,0.0,0,1724010638,
2134,0.07425050984920382,9.543881976792452e-07,7.395068756014754e-06,-1.5849845357645494e-12,1.0,0,0.29333533300086856,924.0510094577912,50,106750,,,,,0.0009769279388364555,0.33734832628390116,0.0,0,3178824099,
2135,0.07425050984840995,9.508220125302312e-07,8.123568691420261e-06,-1.8159021076174321e-12,1.0,0,0.3121142080053687,924.3632702908944,50,106800,,,,,0.0009751010268327232,0.3394136561208392,0.0,0,2215186582,
2136,0.07425050984750042,9.348331119823461e-07,7.282560648336123e-06,-1.5706031115420212e-12,1.0,0,0.30965854204259813,924.6730089997873,50,106850,,,,,0.0009668676807000771,0.35316470243815673,0.0,0,3066825745,
2137,0.07425050984671372,9.368691299552596e-07,6.5031509701821575e-06,-1.1487000896802415e-12,1.0,0,0.7084478749893606,925.381542790914,50,106900,,,,,0.0009679200018365463,0.30996337693965864,0.0,0,2814260374,
2138,0.07425050984613837,9.332084268361056e-07,7.589620562725365e-06,-1.4841320372101944e-12,1.0,0,0.6037594580557197,925.9854396248702,50,106950,,,,,0.0009660271356624024,0.3455403687350988,0.0,0,1083765188,
2139,0.07425050984539494,9.248583215418158e-07,7.785576678699382e-06,-1.7204256773443764e-12,1.0,0,0.4359804580453783,926.4215653748251,50,107000,,,,,0.0009616955451398409,0.33777827947526073,0.0,0,2368169775,
2140,0.07425050984453316,9.147351636611521e-07,5.652141552965034e-06,-9.490514413867505e-13,1.0,0,0.29881833284161985,926.7204744999763,50,107050,,,,,0.0009564178812951753,0.33833006423225825,0.0,0,3645383725,
2141,0.07425050984405782,9.096459201217254e-07,6.306221956727056e-06,-1.1440551369647155e-12,1.0,0,0.3000637909863144,927.0206767909694,50,107100,,,,,0.0009537535950766977,0.33469124000671757,0.0,0,2438500399,
2142,0.07425050984348477,9.047557114929222e-07,7.980122816466312e-06,-1.7537923133972085e-12,1.0,0,0.44188224989920855,927.4626493749674,50,107150,,,,,0.0009511864756675855,0.3147227464128111,0.0,0,906308344,
2143,0.07425050984260635,9.072852472151533e-07,6.6303742888829395e-06,-1.3461948936655168e-12,1.0,0,0.5792391668073833,928.0420434158295,50,107200,,,,,0.0009525152215136267,0.33027917568242154,0.0,0,2659535509,
2144,0.07425050984193218,9.036597703690386e-07,5.469477994279586e-06,-9.170875929262011e-13,1.0,0,0.8948686248622835,928.9370156659279,50,107250,,,,,0.0009506102094807517,0.3315066055114653,0.0,0,694662498,
2145,0.07425050984147295,8.991888863495507e-07,6.063707385086578e-06,-1.0549464260807553e-12,1.0,0,0.651211709016934,929.5883728328627,50,107300,,,,,0.00094825570725915,0.3489897373523101,0.0,0,2400860704,
2146,0.07425050984094453,8.912951390422964e-07,7.486240685218627e-06,-1.5220464665099698e-12,1.0,0,0.8973174588754773,930.4857788749505,50,107350,,,,,0.0009440842859841998,0.32410354395339386,0.0,0,3216917578,
2147,0.07425050984018224,8.810559043058444e-07,6.43213713352669e-06,-1.3189851315699083e-12,1.0,0,0.6804742501117289,931.1663451658096,50,107400,,,,,0.0009386457821275523,0.32312123751840394,0.0,0,3594620173,
2148,0.07425050983952165,8.66774480601271e-07,5.386008837703465e-06,-8.715113405335604e-13,1.0,0,0.32819391693919897,931.4946166248992,50,107450,,,,,0.0009310072398221568,0.33717813489083975,0.0,0,368586741,
2149,0.0742505098390852,8.650120910728547e-07,6.273437282991471e-06,-1.1701257191449423e-12,1.0,0,0.41522116609849036,931.9099868328776,50,107500,,,,,0.0009300602620652355,0.32880660944726636,0.0,0,3099895202,
2150,0.0742505098384992,8.639417873113821e-07,5.826679671559698e-06,-1.0723984712863915e-12,1.0,0,0.3024733748752624,932.2125658749137,50,107550,,,,,0.0009294846891215487,0.3370636164345325,0.0,0,4188744460,
2151,0.07425050983796214,8.619891877067366e-07,7.075490705772319e-06,-1.4527367109237228e-12,1.0,0,0.39908670890145004,932.6117413328029,50,107600,,,,,0.0009284337282255188,0.3322863166417754,0.0,0,2051227070,
2152,0.07425050983723441,8.543162610904905e-07,6.576487707526371e-06,-1.2832817495357553e-12,1.0,0,0.7222191670443863,933.3341884159017,50,107650,,,,,0.00092429230284066,0.34811999950810857,0.0,0,3364236442,
2153,0.07425050983659173,8.495233979961705e-07,6.2023037191672055e-06,-1.0921891807592098e-12,1.0,0,0.3150410410016775,933.6493200829718,50,107700,,,,,0.0009216959357598202,0.31858771938054,0.0,0,1061148450,
2154,0.07425050983604471,8.512054274882302e-07,6.3310649907670795e-06,-1.1458615009157e-12,1.0,0,0.29377941717393696,933.9432424998377,50,107750,,,,,0.000922607948962196,0.32344354278228965,0.0,0,2151277208,
2155,0.07425050983547071,8.542607877191823e-07,7.195799707373047e-06,-1.5426223893965607e-12,1.0,0,0.29221441596746445,934.235540082911,50,107800,,,,,0.0009242622937885015,0.3406745889431059,0.0,0,3442936667,
2156,0.07425050983469816,8.466071509921482e-07,5.45994182248112e-06,-8.690637223297158e-13,1.0,0,0.30816358304582536,934.5438036248088,50,107850,,,,,0.0009201125751733579,0.3277545214195505,0.0,0,1293389177,
2157,0.07425050983426293,8.31222729064582e-07,5.640450706337471e-06,-8.853475855009725e-13,1.0,0,0.27812920906580985,934.8220767078456,50,107900,,,,,0.0009117141707051514,0.3179571223539441,0.0,0,81873957,
2158,0.0742505098338195,8.387454051906549e-07,6.362277641107405e-06,-1.1195718548917813e-12,1.0,0,0.2685829580295831,935.0907452909742,50,107950,,,,,0.0009158304456561023,0.33722866150277075,0.0,0,1984885663,
2159,0.07425050983325873,8.370037357428302e-07,7.037018426295042e-06,-1.4566771249207245e-12,1.0,0,0.30520820897072554,935.3960569999181,50,108000,,,,,0.0009148790825802229,0.3300442813221212,0.0,0,4256307294,
2160,0.0742505098325292,8.315632029696552e-07,6.15868966950043e-06,-1.159021515694438e-12,1.0,0,0.5411929171532393,935.937395124929,50,108050,,,,,0.0009119008734339798,0.3144881210163184,0.0,0,285212155,
2161,0.0742505098319488,8.236198095989662e-07,6.142891123623112e-06,-1.0890267658693187e-12,1.0,0,0.27921075001358986,936.2166969578248,50,108100,,,,,0.0009075350183871509,0.3223947130056427,0.0,0,1093763212,
2162,0.07425050983140338,8.184256685122818e-07,6.220972760219647e-06,-1.1524857855452133e-12,1.0,0,0.27967000007629395,936.4965171657968,50,108150,,,,,0.0009046688170332178,0.3383605928111925,0.0,0,3179237527,
2163,0.07425050983082629,8.091889248224988e-07,5.908269557799709e-06,-1.058885907172214e-12,1.0,0,0.2718553750310093,936.7684596658219,50,108200,,,,,0.0008995492898237977,0.3341938179566164,0.0,0,3902051247,
2164,0.07425050983029607,8.102068420030623e-07,6.445023316423793e-06,-1.243378239725506e-12,1.0,0,0.28447470790706575,937.053019874962,50,108250,,,,,0.0009001149048888493,0.3304543097394693,0.0,0,3208035259,
2165,0.07425050982967338,7.963553869769564e-07,5.916400774580075e-06,-9.791623411245126e-13,1.0,0,0.36542858416214585,937.418521790998,50,108300,,,,,0.000892387464600975,0.3279207718873112,0.0,0,231390830,
2166,0.07425050982918296,7.921415623254736e-07,7.067396469135315e-06,-1.4751627196861836e-12,1.0,0,0.5003290420863777,937.9189674998634,50,108350,,,,,0.0008900233493147658,0.34146418274771645,0.0,0,2159742720,
2167,0.07425050982844417,7.861168004363601e-07,5.972697231338008e-06,-1.0243112530553404e-12,1.0,0,0.5589649169705808,938.4780859998427,50,108400,,,,,0.0008866322802810419,0.3409872584689357,0.0,0,1310183203,
2168,0.07425050982793124,7.950814885259284e-07,7.377701802791203e-06,-1.4869883608801544e-12,1.0,0,0.26881995890289545,938.7471954999492,50,108450,,,,,0.0008916734203316416,0.339114676960048,0.0,0,658800935,
2169,0.07425050982718642,8.019549349917883e-07,5.286506515130499e-06,-7.801719141340787e-13,1.0,0,0.2727906669024378,939.020126124844,50,108500,,,,,0.0008955193660618336,0.33712682655308257,0.0,0,2810469228,
2170,0.07425050982679571,7.971704551289386e-07,5.671426790157467e-06,-9.642113493756947e-13,1.0,0,0.2694795001298189,939.2896975828335,50,108550,,,,,0.0008928440262044309,0.3419780314302153,0.0,0,3834061224,
2171,0.07425050982631277,7.890636824556049e-07,6.697756703799312e-06,-1.3114296329419289e-12,1.0,0,0.45981000014580786,939.7496417909861,50,108600,,,,,0.0008882925658000324,0.33183382769160447,0.0,0,1915638606,
2172,0.07425050982565595,7.854969405995488e-07,7.082793403774711e-06,-1.46337379631831e-12,1.0,0,0.30191725003533065,940.0517612909898,50,108650,,,,,0.0008862826527691653,0.33652619426104025,0.0,0,1017596660,
2173,0.07425050982492307,7.839542447952254e-07,5.733799965105164e-06,-9.981133241202718e-13,1.0,0,0.44078941619955003,940.4926971248351,50,108700,,,,,0.0008854119068519608,0.3463686669125248,0.0,0,1784029115,
2174,0.07425050982442322,7.811944964130944e-07,7.565615548294454e-06,-1.619978852978728e-12,1.0,0,0.41196474991738796,940.904753832845,50,108750,,,,,0.0008838520783553629,0.3372171017555323,0.0,0,2102495502,
2175,0.074250509823612,7.686505213780115e-07,6.647358539371625e-06,-1.2781741446675357e-12,1.0,0,0.364559916080907,941.2694532908499,50,108800,,,,,0.0008767271647314297,0.3279382936876545,0.0,0,2240244600,
2176,0.07425050982297186,7.592209651856844e-07,6.426734375537592e-06,-1.2115052957955791e-12,1.0,0,0.401120041962713,941.6707207909785,50,108850,,,,,0.0008713328670408826,0.3367380358149887,0.0,0,155056068,
2177,0.07425050982236511,7.482556018515934e-07,5.539907158846256e-06,-8.840822961789278e-13,1.0,0,0.33282591705210507,942.0036407078151,50,108900,,,,,0.0008650176887506944,0.32021692329388435,0.0,0,1909077744,
2178,0.07425050982192238,7.446702891422208e-07,5.191424679864319e-06,-8.48655789584667e-13,1.0,0,0.280924417078495,942.2847074999008,50,108950,,,,,0.0008629428075731443,0.3398755900378153,0.0,0,1323578322,
2179,0.07425050982149745,7.342109761920985e-07,5.649860075434106e-06,-8.960779858468064e-13,1.0,0,0.45912995794788003,942.7439399999566,50,109000,,,,,0.0008568611183803934,0.32492793243796203,0.0,0,1258708105,
2180,0.0742505098210487,7.332715374408309e-07,5.319848622232744e-06,-8.087497840935642e-13,1.0,0,0.61661316617392,943.360644124914,50,109050,,,,,0.0008563127567897321,0.33867597586892806,0.0,0,683083063,
2181,0.07425050982064371,7.305436899766898e-07,4.8626699179181465e-06,-6.954643809878084e-13,1.0,0,0.3460326250642538,943.7068338748068,50,109100,,,,,0.0008547184858049402,0.30673667610303645,0.0,0,1184705692,
2182,0.07425050982029538,7.285177927584584e-07,5.354922066949907e-06,-8.389213967651368e-13,1.0,0,0.4196650830563158,944.1265834998339,50,109150,,,,,0.0008535325376097027,0.31546053464195234,0.0,0,228709767,
2183,0.07425050981987526,7.302214373321643e-07,6.7146893994268805e-06,-1.2689936957387705e-12,1.0,0,0.33424612507224083,944.4610232498962,50,109200,,,,,0.0008545299511030402,0.3235062558981641,0.0,0,3371866930,
2184,0.07425050981923961,7.242343921968793e-07,6.071434596281168e-06,-1.0341233146873823e-12,1.0,0,0.32136350008659065,944.7824695829768,50,109250,,,,,0.0008510196191609681,0.3519870507213267,0.0,0,3931813313,
2185,0.07425050981872178,7.042935774355208e-07,4.072951805445176e-06,-4.914270459806593e-13,1.0,0,0.3364655829500407,945.1190270828083,50,109300,,,,,0.0008392220072397534,0.3252383528247478,0.0,0,3999451936,
2186,0.07425050981847567,7.053469530780968e-07,5.6062553112535595e-06,-8.932747532263263e-13,1.0,0,0.3654974161181599,945.4846616249997,50,109350,,,,,0.0008398493633254102,0.34005435834456116,0.0,0,353692721,
2187,0.07425050981802833,7.100992305974838e-07,5.100922122553402e-06,-7.718366101840682e-13,1.0,0,0.42152116703800857,945.9062734579202,50,109400,,,,,0.0008426738577869161,0.3228541542958957,0.0,0,50610957,
2188,0.07425050981764182,7.062857863604309e-07,4.653574211717423e-06,-6.522294915801952e-13,1.0,0,0.7563854169566184,946.6628074578475,50,109450,,,,,0.0008404081070292164,0.33851061102310726,0.0,0,2899735242,
2189,0.07425050981731522,6.902865770034063e-07,5.030120179536876e-06,-7.81617155692779e-13,1.0,0,0.6307584159076214,947.2937111249194,50,109500,,,,,0.0008308348674697074,0.3365123552007039,0.0,0,2263294615,
2190,0.07425050981692384,6.862359393653415e-07,6.168301244584594e-06,-1.0431014919061192e-12,1.0,0,0.4873116670642048,947.7811316659208,50,109550,,,,,0.0008283935896452492,0.3166007181685083,0.0,0,2076127412,
2191,0.07425050981640142,6.978346000832883e-07,4.181999333057989e-06,-5.095294499332925e-13,1.0,0,0.32426450005732477,948.1054897077847,50,109600,,,,,0.0008353649502362954,0.3538195734546479,0.0,0,3164687490,
2192,0.07425050981614631,6.937434128647536e-07,5.419064185934936e-06,-8.315934096800121e-13,1.0,0,0.2762247498612851,948.381804500008,50,109650,,,,,0.0008329126081797259,0.3234335161991996,0.0,0,415245016,
2193,0.07425050981572984,6.944778608678005e-07,4.889163141234251e-06,-7.436740590922867e-13,1.0,0,0.27250166703015566,948.6544435408432,50,109700,,,,,0.0008333533829461548,0.3345801586228587,0.0,0,985940488,
2194,0.07425050981535747,6.912913493386094e-07,5.258608265142398e-06,-7.383865392682852e-13,1.0,0,0.28163720900192857,948.9361679158174,50,109750,,,,,0.0008314393239068076,0.32335973047368666,0.0,0,2548787568,
2195,0.07425050981498763,6.839721199749212e-07,4.639422310828815e-06,-6.481196269437234e-13,1.0,0,0.29274195805191994,949.2290527077857,50,109800,,,,,0.0008270260697069477,0.3548289337912473,0.0,0,1142347759,
2196,0.07425050981466308,6.782057179216551e-07,4.1186243948074655e-06,-5.012797515400218e-13,1.0,0,0.2658848750870675,949.4950273749419,50,109850,,,,,0.000823532463186276,0.3188448663315522,0.0,0,2374210290,
2197,0.07425050981441211,6.837169868028616e-07,5.4132717341931266e-06,-8.476963847946933e-13,1.0,0,0.2717683748342097,949.7668766658753,50,109900,,,,,0.0008268718079623114,0.3266669242214526,0.0,0,2821698437,
2198,0.07425050981398756,6.793397653409664e-07,5.295823395435266e-06,-8.306650423849037e-13,1.0,0,0.3003500420600176,950.0673720408231,50,109950,,,,,0.0008242207018396021,0.33122813614592567,0.0,0,200894447,
2199,0.07425050981357156,6.777188085065409e-07,5.012084106750437e-06,-7.545793756527623e-13,1.0,0,0.35226116608828306,950.4200129578821,50,110000,,,,,0.0008232367876295014,0.3399405610749593,0.0,0,1362285348,
2200,0.0742505098131937,6.651874089158852e-07,5.072240781612649e-06,-7.5387459424712e-13,1.0,0,0.5185853750444949,950.938685165951,50,110050,,,,,0.0008155902211992768,0.3423636614490169,0.0,0,4200288666,
2201,0.07425050981281622,6.535754135415088e-07,5.916656051684225e-06,-9.736151615897852e-13,1.0,0,0.32206266606226563,951.2617107499391,50,110100,,,,,0.0008084401112893328,0.3274173184502682,0.0,0,1810874451,
2202,0.07425050981232864,6.574844543260441e-07,4.4541606853703525e-06,-5.667326070313504e-13,1.0,0,0.40625995793379843,951.6680581248365,50,110150,,,,,0.0008108541510814655,0.3146171275137582,0.0,0,2731005314,
2203,0.0742505098120448,6.539563871378377e-07,4.8795852961612275e-06,-6.906314706821155e-13,1.0,0,0.3419340420514345,952.01007999992,50,110200,,,,,0.0008086756996088343,0.3227992217095962,0.0,0,3278731431,
2204,0.07425050981169906,6.517299081682921e-07,5.622444147291141e-06,-9.007408001951582e-13,1.0,0,0.34287112508900464,952.3530390828382,50,110250,,,,,0.0008072979054650719,0.3197240407977091,0.0,0,1639014260,
2205,0.07425050981124795,6.383303199789155e-07,5.368008333357719e-06,-8.274979995931505e-13,1.0,0,0.34456875012256205,952.6978108328767,50,110300,,,,,0.0007989557684746481,0.33498596531030056,0.0,0,2237489295,
2206,0.07425050981083359,6.423765521281975e-07,4.526287408784185e-06,-5.832695842452407e-13,1.0,0,0.32640366698615253,953.0243022078648,50,110350,,,,,0.0008014839687281322,0.3407729529700561,0.0,0,219523509,
2207,0.07425050981054157,6.360501046219798e-07,5.358188304667659e-06,-8.242867540624385e-13,1.0,0,0.2764283330179751,953.3008110828232,50,110400,,,,,0.0007975274945868511,0.3612494956940289,0.0,0,1165471088,
2208,0.07425050981012878,6.292267961007059e-07,4.279772606962693e-06,-5.468384048103011e-13,1.0,0,0.3460900420323014,953.6470315000042,50,110450,,,,,0.0007932381711067023,0.31931313094401603,0.0,0,1460239748,
2209,0.074250509809855,6.293081061379422e-07,4.892874125781103e-06,-6.669448223566601e-13,1.0,0,0.31188366701826453,953.9589977909345,50,110500,,,,,0.0007932894214206706,0.34072287660424827,0.0,0,3151845570,
2210,0.074250509809521,6.217469202451606e-07,4.53265498031664e-06,-5.923027046768238e-13,1.0,0,0.2907259159255773,954.2498682909645,50,110550,,,,,0.0007885093025736353,0.329850050654216,0.0,0,1422916392,
2211,0.07425050980922444,6.175787674321432e-07,4.429580011791539e-06,-6.194803036855764e-13,1.0,0,0.298860999988392,954.548817207804,50,110600,,,,,0.000785861799193817,0.34001444617787807,0.0,0,427007968,
2212,0.07425050980891428,6.128657432654606e-07,3.622136716518462e-06,-3.8796225269511315e-13,1.0,0,0.3039267919957638,954.8528888749424,50,110650,,,,,0.000782857422054272,0.33771746438097494,0.0,0,2784197132,
2213,0.07425050980872003,6.103027877063499e-07,4.374062235279243e-06,-6.091192155323157e-13,1.0,0,0.2895820830017328,955.1425602079835,50,110700,,,,,0.0007812187835084035,0.316807763252204,0.0,0,1524296421,
2214,0.07425050980841508,6.039465410425882e-07,4.013293435707629e-06,-4.554141272398557e-13,1.0,0,0.3247718750499189,955.4674036658835,50,110750,,,,,0.00077713997519275,0.3420341400004432,0.0,0,1497540369,
2215,0.07425050980818701,6.045417162577376e-07,4.2774106292461734e-06,-5.604167141988374e-13,1.0,0,0.3150360828731209,955.7825802499428,50,110800,,,,,0.0007775228075482659,0.3454406615303504,0.0,0,2061974866,
2216,0.07425050980790641,6.042911529703899e-07,4.8338800073946695e-06,-6.579926514063185e-13,1.0,0,0.29755000001750886,956.0802096249536,50,110850,,,,,0.0007773616616288649,0.33134865578996475,0.0,0,3081221013,
2217,0.07425050980757691,6.034809351344318e-07,3.82259006397741e-06,-4.348470721724865e-13,1.0,0,0.3279932087752968,956.4082792080007,50,110900,,,,,0.0007768403536985136,0.3369033648690572,0.0,0,3308185449,
2218,0.07425050980735923,6.082350318018733e-07,4.912868243350391e-06,-7.092152225670385e-13,1.0,0,0.29021783312782645,956.6986409998499,50,110950,,,,,0.0007798942439856017,0.3361937795149005,0.0,0,2539745376,
2219,0.0742505098070041,6.067736070457579e-07,4.893824939727761e-06,-6.917560730164456e-13,1.0,0,0.3002011252101511,956.9989952908363,50,111000,,,,,0.0007789567427307873,0.33597199418255086,0.0,0,3337286168,
2220,0.07425050980665775,6.054733042395707e-07,3.906888202802729e-06,-4.457815113498841e-13,1.0,0,0.2794982499908656,957.2785758329555,50,111050,,,,,0.000778121651311394,0.3324859377773017,0.0,0,4019758612,
2221,0.07425050980643463,5.944304818317319e-07,4.324533531544262e-06,-5.251229627412597e-13,1.0,0,0.3876303341239691,957.6662817909382,50,111100,,,,,0.0007709931788490298,0.33985577891034335,0.0,0,3820609365,
2222,0.07425050980617168,5.952301512670654e-07,4.841324806897008e-06,-6.592142574931858e-13,1.0,0,0.3457172499038279,958.0120907078963,50,111150,,,,,0.0007715116015116464,0.33337644718154563,0.0,0,1604114258,
2223,0.07425050980584161,5.837543932144679e-07,5.1649945455136455e-06,-7.704924895765711e-13,1.0,0,0.30966145801357925,958.3218368329108,50,111200,,,,,0.0007640382144987696,0.33990063955748473,0.0,0,3542140796,
2224,0.07425050980545578,5.765685650026715e-07,4.0956800381238526e-06,-4.891724066775831e-13,1.0,0,0.3095793330576271,958.6315023750067,50,111250,,,,,0.0007593211211356309,0.32980198443839853,0.0,0,2811446605,
2225,0.07425050980521089,5.744602973085428e-07,4.132310007729436e-06,-4.760830513684054e-13,1.0,0,0.35967404185794294,958.9912655409425,50,111300,,,,,0.0007579315914438075,0.3341395791799176,0.0,0,3411216889,
2226,0.07425050980497244,5.755253617793242e-07,4.670575367484191e-06,-6.314134159657304e-13,1.0,0,0.29304954200051725,959.2844605408609,50,111350,,,,,0.0007586338786129475,0.32806518300209675,0.0,0,4055824522,
2227,0.07425050980465628,5.694078433287377e-07,5.138435504822458e-06,-7.318740461209559e-13,1.0,0,0.30726799997501075,959.5918162078597,50,111400,,,,,0.0007545911762860322,0.31916366183250955,0.0,0,1196780158,
2228,0.07425050980428988,5.699075161266809e-07,3.160161916082974e-06,-2.9273290356666105e-13,1.0,0,0.32285737502388656,959.9147532498464,50,111450,,,,,0.0007549221921010674,0.33017912900013957,0.0,0,2191657518,
2229,0.07425050980414333,5.700825288294062e-07,4.7902998726912645e-06,-6.65735258517225e-13,1.0,0,0.4060952088329941,960.3209364158101,50,111500,,,,,0.0007550380976013106,0.33234673816784505,0.0,0,2450503125,
2230,0.07425050980380996,5.611807518217676e-07,3.6759313745871843e-06,-3.903573864787195e-13,1.0,0,0.3370929581578821,960.6581274578348,50,111550,,,,,0.000749119984930163,0.3323077950989084,0.0,0,3013929041,
2231,0.07425050980361453,5.592250711625002e-07,3.88929004922677e-06,-4.580393888466647e-13,1.0,0,0.3039224590174854,960.9621976658236,50,111600,,,,,0.000747813526998877,0.3381776637017029,0.0,0,3316646862,
2232,0.07425050980338518,5.595751288590885e-07,4.323389953587991e-06,-5.283970217119079e-13,1.0,0,0.29382741707377136,961.2561140828766,50,111650,,,,,0.0007480475445177856,0.3258695203763121,0.0,0,2443799735,
2233,0.07425050980312059,5.581386778607968e-07,4.143111967947374e-06,-5.073012937289366e-13,1.0,0,0.2964473329484463,961.5526970829815,50,111700,,,,,0.0007470867940613037,0.3312955597363244,0.0,0,3502669656,
2234,0.07425050980286658,5.570184432407791e-07,4.1100248180255834e-06,-5.086919042877746e-13,1.0,0,0.28832066687755287,961.8411001658533,50,111750,,,,,0.0007463366822291257,0.32981676937681703,0.0,0,1639965740,
2235,0.07425050980261194,5.525664899433572e-07,4.1374769766570885e-06,-5.285985246446942e-13,1.0,0,0.27439054218120873,962.1156349158846,50,111800,,,,,0.0007433481619963536,0.3399613898153286,0.0,0,2928648980,
2236,0.07425050980234729,5.506999075391597e-07,4.014697406544985e-06,-4.69339843624696e-13,1.0,0,0.33256349992007017,962.4482812078204,50,111850,,,,,0.0007420915762486189,0.32695642518119195,0.0,0,1204612227,
2237,0.07425050980211231,5.511885923168276e-07,3.943531538884793e-06,-4.688271295814278e-13,1.0,0,0.3268952080979943,962.7753201657906,50,111900,,,,,0.0007424207650091878,0.3318089624609122,0.0,0,4018213586,
2238,0.07425050980187761,5.468607536824314e-07,5.1100636067700325e-06,-7.503439263939548e-13,1.0,0,0.2975055000279099,963.0729132909328,50,111950,,,,,0.0007395003405559942,0.31997725183120385,0.0,0,3618951821,
2239,0.0742505098015019,5.357663695086441e-07,4.369178817478638e-06,-5.444248053251212e-13,1.0,0,0.3143517500720918,963.3873495829757,50,112000,,,,,0.0007319606338517422,0.32522513879132126,0.0,0,1180971792,
2240,0.07425050980122935,5.307005042276236e-07,3.919852310859813e-06,-4.682781029988799e-13,1.0,0,0.3186081249732524,963.7060957078356,50,112050,,,,,0.0007284919383408601,0.3380611947604238,0.0,0,1322018385,
2241,0.0742505098009949,5.281415401316814e-07,3.978069176594388e-06,-4.88906730291664e-13,1.0,0,0.37765416596084833,964.083843082888,50,112100,,,,,0.0007267334725548848,0.3360627731180073,0.0,0,279273860,
2242,0.07425050980075015,5.216496151088489e-07,3.964379703565771e-06,-4.498557460349719e-13,1.0,0,0.3987229159101844,964.483009332791,50,112150,,,,,0.0007222531516780311,0.33755142312730824,0.0,0,2559721849,
2243,0.07425050980052493,5.149188819001608e-07,3.910200225924823e-06,-4.583249613317198e-13,1.0,0,0.3286007910501212,964.8117569999304,50,112200,,,,,0.0007175784848364398,0.329803909923007,0.0,0,1318292043,
2244,0.07425050980029549,5.109070569499493e-07,4.17049672093246e-06,-5.203375540232129e-13,1.0,0,0.3941620828118175,965.2067886248697,50,112250,,,,,0.0007147776276227099,0.32563066546063835,0.0,0,1573143288,
2245,0.07425050980003503,5.092731869279274e-07,3.6563478842849716e-06,-3.863737822108516e-13,1.0,0,0.33268145797774196,965.5395568748936,50,112300,,,,,0.0007136337904891608,0.33006101181821657,0.0,0,3271904773,
2246,0.07425050979984157,5.07145633942891e-07,4.242144396718892e-06,-5.305865217812755e-13,1.0,0,0.34480995894409716,965.8844508328475,50,112350,,,,,0.0007121415827929801,0.3264372682828217,0.0,0,1734169707,
2247,0.07425050979957593,5.11675547927458e-07,3.4229700401476567e-06,-3.182837105071535e-13,1.0,0,0.3638879170175642,966.2485132499132,50,112400,,,,,0.0007153149990930276,0.3390668756449244,0.0,0,1098261954,
2248,0.07425050979941657,5.164598900120494e-07,4.059081154061282e-06,-4.524907700691377e-13,1.0,0,0.3254023748449981,966.5739994999021,50,112450,,,,,0.000718651438467947,0.31798628262599427,0.0,0,1935506290,
2249,0.07425050979919001,5.144524351586866e-07,3.3103886884336675e-06,-3.116411147951907e-13,1.0,0,0.3269692091271281,966.9010460409336,50,112500,,,,,0.0007172533967564648,0.3279538168989726,0.0,0,832602868,
2250,0.074250509799034,5.089222929084035e-07,3.6381398119987883e-06,-4.0206413112386103e-13,1.0,0,0.32769445795565844,967.2288255409803,50,112550,,,,,0.0007133878979267896,0.3425123278679109,0.0,0,2833832709,
2251,0.07425050979883274,5.04982377290327e-07,3.4452377533418855e-06,-3.4120149074960524e-13,1.0,0,0.2812487909104675,967.5101541657932,50,112600,,,,,0.0007106211207741626,0.3308005798989811,0.0,0,3240530873,
2252,0.07425050979866192,5.030374187644336e-07,4.0555866675034524e-06,-4.77752624418718e-13,1.0,0,0.33782670786604285,967.8481089998968,50,112650,,,,,0.0007092513086096024,0.3450183804481095,0.0,0,3739429236,
2253,0.07425050979842271,4.99625700234177e-07,3.974001934829571e-06,-4.407610899874545e-13,1.0,0,0.3152455829549581,968.1634358749725,50,112700,,,,,0.0007068420617324474,0.3199414098954351,0.0,0,427305282,
2254,0.07425050979820202,4.994755026443748e-07,4.396399668489093e-06,-5.311043940761431e-13,1.0,0,0.3251078329049051,968.488621957833,50,112750,,,,,0.0007067358082369782,0.3187539938360178,0.0,0,193551799,
2255,0.07425050979793613,4.921187691043774e-07,3.322329030465711e-06,-3.0953043838195886e-13,1.0,0,0.32296620798297226,968.8117212078068,50,112800,,,,,0.0007015117740311828,0.3456084602486086,0.0,0,3048859871,
2256,0.07425050979778111,4.95040517876253e-07,3.938988228217516e-06,-4.3191338583839333e-13,1.0,0,0.41971966717392206,969.231517582899,50,112850,,,,,0.0007035911581851018,0.3312580739834637,0.0,0,2113357479,
2257,0.07425050979756491,4.905787655015948e-07,3.930623858541355e-06,-4.3350570825430213e-13,1.0,0,0.3224337080027908,969.5540912498254,50,112900,,,,,0.0007004132819283161,0.34999166265310994,0.0,0,2493109355,
2258,0.07425050979734785,4.970671065214427e-07,4.07348149395548e-06,-4.5056177307683745e-13,1.0,0,0.3567947498522699,969.9109733328223,50,112950,,,,,0.0007050298621487196,0.32989506889380715,0.0,0,1574594078,
2259,0.07425050979712225,4.968516175230127e-07,4.221929314147684e-06,-5.216875363694653e-13,1.0,0,0.37256475002504885,970.2836636658758,50,113000,,,,,0.0007048770229784857,0.3274048149944428,0.0,0,3842193097,
2260,0.07425050979686107,4.835607524967927e-07,3.3750861167882685e-06,-3.4283558791195625e-13,1.0,0,0.42458316613920033,970.7083804998547,50,113050,,,,,0.0006953853266332219,0.3375855653673803,0.0,0,1913203664,
2261,0.07425050979668943,4.813364095783483e-07,3.554303455539138e-06,-3.8883679846769543e-13,1.0,0,0.3296100420411676,971.0383740828838,50,113100,,,,,0.0006937841231812301,0.31609145366257496,0.0,0,2017303816,
2262,0.07425050979649479,4.713384612125134e-07,3.472347279878895e-06,-3.405911117028114e-13,1.0,0,0.35223058401606977,971.3907517909538,50,113150,,,,,0.0006865409392108481,0.32674943399524214,0.0,0,360097884,
2263,0.07425050979632428,4.6845593756819116e-07,3.665847494070499e-06,-3.796907490906424e-13,1.0,0,0.33892758400179446,971.7297739158385,50,113200,,,,,0.000684438410354205,0.339437214089142,0.0,0,1731577950,
2264,0.07425050979613418,4.6663839180742e-07,3.38669867634533e-06,-3.2579881326659565e-13,1.0,0,0.32252470892854035,972.0523921248969,50,113250,,,,,0.0006831093556725892,0.34261833924868196,0.0,0,1366434288,
2265,0.07425050979597109,4.6778253453190276e-07,4.117782776766003e-06,-4.850500771295632e-13,1.0,0,0.39378766692243516,972.4462579579558,50,113300,,,,,0.0006839462950640955,0.3340553115723435,0.0,0,3600494033,
2266,0.07425050979572828,4.6722365225307675e-07,3.998562011928743e-06,-4.523560804164226e-13,1.0,0,0.3543456660117954,972.8007419158239,50,113350,,,,,0.0006835376011991416,0.31418866887234426,0.0,0,3000662441,
2267,0.0742505097955018,4.653550705260829e-07,3.8731982632849484e-06,-4.363215879971407e-13,1.0,0,0.31945429206825793,973.1202876658645,50,113400,,,,,0.0006821693855092611,0.33689595728173055,0.0,0,3833046320,
2268,0.07425050979528335,4.663004971615094e-07,3.5507512319337574e-06,-3.709234440088489e-13,1.0,0,0.3237866251729429,973.4441602909938,50,113450,,,,,0.0006828619898350687,0.32371405072598747,0.0,0,1798880530,
2269,0.07425050979509767,4.6441674467395947e-07,3.6426004742453874e-06,-3.908803595414414e-13,1.0,0,0.44805966690182686,973.8923549999017,50,113500,,,,,0.0006814812871047594,0.34232263297738613,0.0,0,3512414678,
2270,0.07425050979490197,4.553972272771541e-07,3.0399667561310273e-06,-2.665862174046726e-13,1.0,0,0.40708387503400445,974.299598665908,50,113550,,,,,0.0006748312583729018,0.33977081924152325,0.0,0,2746657535,
2271,0.07425050979476852,4.5483765150789066e-07,3.4865198714672596e-06,-3.478014156216903e-13,1.0,0,0.2802522911224514,974.5799445409793,50,113600,,,,,0.0006744165267161613,0.33352902331927303,0.0,0,4042457005,
2272,0.07425050979459438,4.589523980320625e-07,4.256937904340551e-06,-4.97471331265501e-13,1.0,0,0.3500739170704037,974.9301079579163,50,113650,,,,,0.0006774602556844664,0.32796503831319096,0.0,0,3342374535,
2273,0.07425050979434536,4.573431352973665e-07,3.6743243875646052e-06,-4.0253594353324455e-13,1.0,0,0.2690394159872085,975.199240332935,50,113700,,,,,0.0006762714952571685,0.33592194724738184,0.0,0,1965698007,
2274,0.07425050979414383,4.5349076658870303e-07,3.6607248864830047e-06,-3.8263763846666614e-13,1.0,0,0.2805476668290794,975.4799280827865,50,113750,,,,,0.000673417230688897,0.35810661257074256,0.0,0,605624371,
2275,0.07425050979395229,4.505571772268289e-07,3.2506591393675862e-06,-2.864094267799845e-13,1.0,0,0.2665137089788914,975.7465814158786,50,113800,,,,,0.000671235560162622,0.3465498018249311,0.0,0,3834434539,
2276,0.0742505097938089,4.4966271108112316e-07,3.097484164709358e-06,-2.7212877396584513e-13,1.0,0,0.27627366688102484,976.0230236658826,50,113850,,,,,0.0006705689458073071,0.3240207617234142,0.0,0,1595094784,
2277,0.07425050979367262,4.4596197973559913e-07,3.0449416316755848e-06,-2.746492983320354e-13,1.0,0,0.2950502501334995,976.3181616659276,50,113900,,,,,0.00066780384824857,0.32703944247195904,0.0,0,2366980748,
2278,0.07425050979353515,4.443115299236757e-07,3.401816996437674e-06,-3.527117733714487e-13,1.0,0,0.2719447501003742,976.5902435409371,50,113950,,,,,0.0006665669733220179,0.33974148384196773,0.0,0,372055326,
2279,0.07425050979335863,4.364484469591846e-07,3.2481566385254024e-06,-3.1078718609269246e-13,1.0,0,0.2670415840111673,976.8573725828901,50,114000,,,,,0.000660642450164372,0.3399784860885363,0.0,0,2138938532,
2280,0.07425050979320301,4.375927839222699e-07,3.4888073702336394e-06,-3.4634260666401557e-13,1.0,0,0.2712046660017222,977.1287232078612,50,114050,,,,,0.0006615079621004345,0.3282411069133515,0.0,0,2446801971,
2281,0.07425050979302966,4.4091165677512374e-07,3.234312775979627e-06,-2.881249032290014e-13,1.0,0,0.2817881249357015,977.4105864998419,50,114100,,,,,0.0006640117896356387,0.3149475413681871,0.0,0,3773103128,
2282,0.07425050979288537,4.365621722733369e-07,3.4076879128266523e-06,-3.49896379083141e-13,1.0,0,0.25775291700847447,977.6684261248447,50,114150,,,,,0.0006607285163161469,0.34001020919673003,0.0,0,617960776,
2283,0.07425050979271025,4.263169895556076e-07,3.5708538290822563e-06,-3.5712654068620555e-13,1.0,0,0.312759832944721,977.9813312499318,50,114200,,,,,0.0006529295440976826,0.3498043865766613,0.0,0,1642655425,
2284,0.07425050979253145,4.262613266716412e-07,3.0168979048228085e-06,-2.566227960965491e-13,1.0,0,0.31757770804688334,978.2990561248735,50,114250,,,,,0.0006528869172158692,0.3360182780390408,0.0,0,2696959710,
2285,0.074250509792403,4.277504054772531e-07,2.9677809622503698e-06,-2.562457825453175e-13,1.0,0,0.3500977079384029,978.6495617078617,50,114300,,,,,0.0006540263033527422,0.33595448939816974,0.0,0,1591269345,
2286,0.07425050979227477,4.276992363719854e-07,3.0597748154136754e-06,-2.7103974374970236e-13,1.0,0,0.2578189589548856,978.9074746249244,50,114350,,,,,0.0006539871836450509,0.3386826011683108,0.0,0,3500218137,
2287,0.0742505097921391,4.260844712425836e-07,2.8139053084517503e-06,-2.1579985711962705e-13,1.0,0,0.2785112909041345,979.186072290875,50,114400,,,,,0.0006527514620761745,0.33983399855421026,0.0,0,4256494968,
2288,0.07425050979203106,4.2411631485322554e-07,2.9764374832628065e-06,-2.6271275105065905e-13,1.0,0,0.34685708303004503,979.5330108329654,50,114450,,,,,0.0006512421322774084,0.3543445309163367,0.0,0,2646727196,
2289,0.07425050979189954,4.183237314638319e-07,2.8988432840984515e-06,-2.5689479704004876e-13,1.0,0,0.38148912508040667,979.9148032499943,50,114500,,,,,0.0006467795076096891,0.34684951404612363,0.0,0,3153077686,
2290,0.07425050979177095,4.1273125835408886e-07,3.277904449741171e-06,-3.172751899802191e-13,1.0,0,0.35735925007611513,980.2723039998673,50,114550,,,,,0.0006424416380918105,0.34824957373587906,0.0,0,4026936948,
2291,0.07425050979161212,4.074510123458812e-07,3.439302243335115e-06,-3.2923524674733403e-13,1.0,0,0.3082845411263406,980.5807302079629,50,114600,,,,,0.0006383188954949408,0.3459267614098153,0.0,0,2803850971,
2292,0.07425050979144729,4.009692696914447e-07,3.5580566283287823e-06,-3.4080105489067687e-13,1.0,0,0.35287929116748273,980.9338498748839,50,114650,,,,,0.0006332213433637915,0.34173370287673205,0.0,0,2184468293,
2293,0.0742505097912767,3.95453128371227e-07,3.7821186609151146e-06,-4.018438457665399e-13,1.0,0,0.26581462495960295,981.1998271248303,50,114700,,,,,0.0006288506407496353,0.3332407107873155,0.0,0,2896151427,
2294,0.07425050979107553,3.954161461230184e-07,3.1846387456960576e-06,-2.802263087533203e-13,1.0,0,0.27047254191711545,981.4704391248524,50,114750,,,,,0.0006288212354262683,0.332032797640295,0.0,0,3578585286,
2295,0.07425050979093525,3.9755195092795063e-07,3.034910822014215e-06,-2.64534450158015e-13,1.0,0,0.2556716250255704,981.7262499160133,50,114800,,,,,0.0006305172090656611,0.3465546099380291,0.0,0,3240356696,
2296,0.07425050979080282,3.9514634615617543e-07,3.477976024962318e-06,-3.4411744404849905e-13,1.0,0,0.25997629202902317,981.9863715828396,50,114850,,,,,0.0006286066704674517,0.3484947927773891,0.0,0,2844529405,
2297,0.07425050979063055,3.9141513286872844e-07,3.1705574496100563e-06,-2.844661441766541e-13,1.0,0,0.28160841716453433,982.2680650828406,50,114900,,,,,0.0006256317869711612,0.33261653811647296,0.0,0,211702768,
2298,0.07425050979048815,3.88728905773582e-07,2.8064962895473588e-06,-2.365020197360716e-13,1.0,0,0.28323041717521846,982.5514418329112,50,114950,,,,,0.0006234812794090789,0.3290429112624786,0.0,0,4112234513,
2299,0.0742505097903698,3.87251627171397e-07,2.82302781537129e-06,-2.365292717923093e-13,1.0,0,0.2659490001387894,982.8174783329014,50,115000,,,,,0.0006222954500648361,0.3365572833702154,0.0,0,949625529,
2300,0.07425050979025138,3.8592791048703664e-07,3.201703815191674e-06,-2.838108365102545e-13,1.0,0,0.334715667180717,983.1522804580163,50,115050,,,,,0.0006212309638830285,0.3397070511538516,0.0,0,3656128087,
2301,0.0742505097901093,3.8091160580400287e-07,2.749771193298768e-06,-2.2191792150091902e-13,1.0,0,0.2845547921024263,983.4369391659275,50,115100,,,,,0.0006171803673189895,0.3498680656917646,0.0,0,4286799434,
2302,0.0742505097899982,3.792539726496926e-07,2.9678651838823928e-06,-2.504009031924192e-13,1.0,0,0.263680333038792,983.7006916659884,50,115150,,,,,0.0006158359949285951,0.33329347131532505,0.0,0,3148201626,
2303,0.07425050978987284,3.8164075308694597e-07,2.1047547535174154e-06,-1.3804422796779363e-13,1.0,0,0.2671661670319736,983.9680061249528,50,115200,,,,,0.0006177707933262514,0.33279382811825176,0.0,0,848150979,
2304,0.07425050978980378,3.8182046766868594e-07,2.63333622811164e-06,-1.9657285668720145e-13,1.0,0,0.3261888329870999,984.2943408749998,50,115250,,,,,0.0006179162303004234,0.33489599427664624,0.0,0,3618653576,
2305,0.07425050978970538,3.827029937934339e-07,2.849366392564024e-06,-2.4313868368052574e-13,1.0,0,0.2867588330991566,984.582004457945,50,115300,,,,,0.0006186299328301484,0.34440466527224645,0.0,0,596028903,
2306,0.0742505097895837,3.82650480946592e-07,2.7175779931548848e-06,-2.1229161415108135e-13,1.0,0,0.28553375019691885,984.8676246248651,50,115350,,,,,0.0006185874885144316,0.35283808199489497,0.0,0,4017898754,
2307,0.07425050978947739,3.823412691126304e-07,2.9983340876086582e-06,-2.5484660328842934e-13,1.0,0,0.7321727920789272,985.5998878329992,50,115400,,,,,0.0006183375042099827,0.31230697576106803,0.0,0,1050530134,
2308,0.07425050978934981,3.8123093762583404e-07,2.6877912174208993e-06,-1.9688634109408564e-13,1.0,0,0.4424904161132872,986.0455527498852,50,115450,,,,,0.0006174390153090701,0.3279163198951742,0.0,0,1781572605,
2309,0.07425050978925127,3.7626321722467076e-07,2.579303540871167e-06,-1.9456619768287732e-13,1.0,0,0.3049078749027103,986.3506088748109,50,115500,,,,,0.0006134029811018779,0.35116991420398536,0.0,0,1170738948,
2310,0.07425050978915387,3.7553654244606083e-07,2.7001581368563856e-06,-2.2463459763659442e-13,1.0,0,0.2643825002014637,986.61508391588,50,115550,,,,,0.0006128103641797035,0.3250567126312373,0.0,0,1135067173,
2311,0.07425050978904144,3.731003219467822e-07,2.939605124471637e-06,-2.4344074218612776e-13,1.0,0,0.26545387506484985,986.8806232498027,50,115600,,,,,0.0006108193856998828,0.3447326486240975,0.0,0,632828771,
2312,0.07425050978891959,3.7217088676204485e-07,3.03356696385804e-06,-2.6163380665371083e-13,1.0,0,0.28045437508262694,987.1611703329254,50,115650,,,,,0.0006100581011363138,0.33524866247474816,0.0,0,1243343285,
2313,0.07425050978878864,3.6972369649283216e-07,2.4821513571997407e-06,-1.835818984318409e-13,1.0,0,0.28639700007624924,987.4476422909647,50,115700,,,,,0.0006080490905287435,0.3567654348244418,0.0,0,2061792733,
2314,0.07425050978869671,3.6423541517266256e-07,3.026614016087211e-06,-2.4937293565785884e-13,1.0,0,0.2752453328575939,987.7229675829876,50,115750,,,,,0.0006035191920499816,0.33086252927611476,0.0,0,2820638254,
2315,0.07425050978857187,3.6241168288817666e-07,2.7493582450341692e-06,-2.2533034116057936e-13,1.0,0,0.33380029210820794,988.0568717080168,50,115800,,,,,0.00060200638110254,0.3363862675345402,0.0,0,543972088,
2316,0.07425050978845911,3.587524818633521e-07,2.2143806368597456e-06,-1.4867049670674018e-13,1.0,0,0.2931273749563843,988.3500764158089,50,115850,,,,,0.0005989594993514604,0.33903179925177457,0.0,0,3224136707,
2317,0.07425050978838468,3.570485264561532e-07,2.778804464425194e-06,-2.2276720136786385e-13,1.0,0,0.275851208018139,988.6260826659855,50,115900,,,,,0.0005975353767402841,0.3327486155650202,0.0,0,2922428054,
2318,0.07425050978827318,3.5668835356543325e-07,2.8513539479200203e-06,-2.3087647442347234e-13,1.0,0,0.2658623750321567,988.892089957837,50,115950,,,,,0.0005972339186327525,0.3080254813409704,0.0,0,2574419018,
2319,0.07425050978815763,3.5621914131373884e-07,2.41369148092486e-06,-1.6810945513143302e-13,1.0,0,0.27779870806261897,989.1700392498169,50,116000,,,,,0.0005968409681931518,0.3335843849745866,0.0,0,944840703,
2320,0.07425050978807347,3.562115477314161e-07,2.4860206009986203e-06,-1.8771782099920835e-13,1.0,0,0.2845790002029389,989.4546986659989,50,116050,,,,,0.0005968346066804573,0.33651642912276325,0.0,0,3986283054,
2321,0.07425050978797952,3.5225346610438884e-07,2.44995512028682e-06,-1.7256513866045626e-13,1.0,0,0.2558114998973906,989.7105942079797,50,116100,,,,,0.0005935094490438959,0.3127834819423009,0.0,0,2916231511,
2322,0.07425050978789315,3.5366525231011565e-07,2.6403887797550776e-06,-2.075356299702141e-13,1.0,0,0.500115083064884,990.2107836659998,50,116150,,,,,0.0005946976141789334,0.32076280899614407,0.0,0,3772702652,
2323,0.07425050978778924,3.5295751733497035e-07,2.5883849357950443e-06,-2.0748314772508226e-13,1.0,0,1.0634854170493782,991.2748893748503,50,116200,,,,,0.000594102278513532,0.33222580849803196,0.0,0,4181182524,
2324,0.07425050978768541,3.492428684116063e-07,2.3310480615218515e-06,-1.5918585881276259e-13,1.0,0,0.40591870807111263,991.6808960409835,50,116250,,,,,0.0005909677388924088,0.35104664907516975,0.0,0,155761021,
2325,0.07425050978760571,3.5325286790799977e-07,2.8797646899413213e-06,-2.3787524387411634e-13,1.0,0,0.38108033314347267,992.0621149158105,50,116300,,,,,0.0005943507953288191,0.3320674484412733,0.0,0,1454065255,
2326,0.07425050978748668,3.501358796512041e-07,2.3819737571627068e-06,-1.6065851135957827e-13,1.0,0,0.4456180001143366,992.5078225408215,50,116350,,,,,0.0005917228064315285,0.3360380623830433,0.0,0,347154370,
2327,0.07425050978740626,3.4899681913756055e-07,2.2970822079069715e-06,-1.5663041546830266e-13,1.0,0,0.4477818750310689,992.9556959997863,50,116400,,,,,0.000590759527335413,0.33427582723416344,0.0,0,2031159137,
2328,0.07425050978732785,3.4765700431469965e-07,2.685413984601122e-06,-2.0238321512114988e-13,1.0,0,0.4143254170194268,993.37010512501,50,116450,,,,,0.0005896244604107767,0.33768765848003723,0.0,0,312822857,
2329,0.07425050978722653,3.4352779975783076e-07,2.5399466013484626e-06,-1.852137733961959e-13,1.0,0,0.2598802079446614,993.6301229158416,50,116500,,,,,0.0005861124463427055,0.33748577251642,0.0,0,77012657,
2330,0.07425050978713385,3.404196322298966e-07,2.6692960578379612e-06,-2.1676395055309627e-13,1.0,0,0.33499966701492667,993.9652632079087,50,116550,,,,,0.0005834549101943496,0.33355474949014396,0.0,0,388836866,
2331,0.07425050978702533,3.338338084816109e-07,2.220214877575027e-06,-1.475550493533572e-13,1.0,0,0.4037463329732418,994.3691559999716,50,116600,,,,,0.0005777835308154871,0.3188858630340166,0.0,0,714611277,
2332,0.0742505097869515,3.3316967233935744e-07,2.8619437613334094e-06,-2.3589059738433147e-13,1.0,0,0.26550725009292364,994.6348090828396,50,116650,,,,,0.0005772085172096453,0.3278251269587339,0.0,0,284264738,
2333,0.07425050978683342,3.3371701272495624e-07,2.3639476511835233e-06,-1.5846751221884647e-13,1.0,0,0.3258754999842495,994.9607671659905,50,116700,,,,,0.0005776824497290498,0.3223847065881758,0.0,0,146683166,
2334,0.07425050978675408,3.313562028208379e-07,2.695731441285971e-06,-2.1589900044092397e-13,1.0,0,0.40789454197511077,995.3687464999966,50,116750,,,,,0.0005756354773820303,0.3461040616470421,0.0,0,3085883109,
2335,0.07425050978664606,3.2713589197889446e-07,2.197283064289166e-06,-1.4692814850375586e-13,1.0,0,0.4679805829655379,995.8368255409878,50,116800,,,,,0.0005719579459880722,0.33419916278829,0.0,0,4192762314,
2336,0.07425050978657255,3.247800630823688e-07,2.295815893395536e-06,-1.5837988102391013e-13,1.0,0,0.850309917004779,996.6872229999863,50,116850,,,,,0.0005698947824663503,0.3145296418369764,0.0,0,447894743,
2337,0.07425050978649322,3.2018901738399745e-07,2.6937726690275716e-06,-1.9498270276408423e-13,1.0,0,0.6812447078991681,997.3689317498356,50,116900,,,,,0.0005658524696279034,0.335088603048489,0.0,0,356025148,
2338,0.07425050978639566,3.2276037746671913e-07,1.726268516935718e-06,-9.086708983031967e-14,1.0,0,0.36538249999284744,997.7344624579418,50,116950,,,,,0.0005681200379028354,0.33528036761037994,0.0,0,3595399652,
2339,0.0742505097863502,3.2147429725331405e-07,2.68737902394745e-06,-2.1486173886472222e-13,1.0,0,0.7588168329093605,998.4933705828153,50,117000,,,,,0.0005669870344666745,0.33568245245823675,0.0,0,3657677038,
2340,0.07425050978624263,3.194692110357879e-07,2.2780015651508643e-06,-1.545133418327755e-13,1.0,0,0.8714756248518825,999.3649290408939,50,117050,,,,,0.0005652160746438373,0.33332393596260995,0.0,0,4070022168,
2341,0.07425050978616529,3.179554923276968e-07,2.316692832067387e-06,-1.53414286483138e-13,1.0,0,0.3285835001152009,999.6936537500005,50,117100,,,,,0.0005638754227022994,0.3349864448978248,0.0,0,429885560,
2342,0.07425050978608852,3.129167179466572e-07,2.1182532652750247e-06,-1.2907847112446458e-13,1.0,0,0.27460499992594123,999.9683503748383,50,117150,,,,,0.0005593895940636161,0.3352383850630151,0.0,0,3709802514,
2343,0.0742505097860239,3.111192423420869e-07,2.8963980032114647e-06,-2.3597758625419935e-13,1.0,0,0.27235037507489324,1000.2407751248684,50,117200,,,,,0.0005577806399850097,0.33417382708300597,0.0,0,3573102382,
2344,0.0742505097859058,3.053452342828925e-07,2.293852487153872e-06,-1.693007515270465e-13,1.0,0,0.2724505001679063,1000.5133712498937,50,117250,,,,,0.0005525805228949826,0.33730768361088925,0.0,0,4290774250,
2345,0.0742505097858211,3.0465159870366647e-07,2.0387352609712974e-06,-1.1688288298455223e-13,1.0,0,0.2985119998920709,1000.8120225828607,50,117300,,,,,0.0005519525330168043,0.33328643352842263,0.0,0,3793403112,
2346,0.07425050978576259,3.029657560583316e-07,2.2289343929427424e-06,-1.4555092586071634e-13,1.0,0,0.2644570420961827,1001.0766295827925,50,117350,,,,,0.0005504232517420858,0.33316013465629674,0.0,0,2592550617,
2347,0.07425050978568973,3.0200769968352796e-07,2.422501911168271e-06,-1.6288258438607537e-13,1.0,0,0.283478416968137,1001.3601887079421,50,117400,,,,,0.0005495522720210771,0.3199913023213734,0.0,0,2388698986,
2348,0.07425050978560818,2.9925620051698426e-07,2.2315397497711196e-06,-1.3984283683297404e-13,1.0,0,0.2612566249445081,1001.6215842498932,50,117450,,,,,0.0005470431431952915,0.3246728892638584,0.0,0,1631347836,
2349,0.07425050978553818,3.0021626148571623e-07,2.1697220289906614e-06,-1.4186688689073412e-13,1.0,0,0.2743133748881519,1001.8959869998507,50,117500,,,,,0.0005479199407629879,0.32506321052426795,0.0,0,1878963938,
2350,0.07425050978546718,2.9791647388130366e-07,1.849231792459793e-06,-9.965282735409612e-14,1.0,0,0.28194233286194503,1002.178026832873,50,117550,,,,,0.0005458172531913073,0.3489471541662823,0.0,0,3218236152,
2351,0.0742505097854173,2.984069074741081e-07,1.8629288238834808e-06,-1.0193474808105106e-13,1.0,0,0.2680454580113292,1002.4461531660054,50,117600,,,,,0.0005462663338282052,0.3350235926329391,0.0,0,2784926327,
2352,0.07425050978536632,2.977716788689676e-07,1.9972695050746487e-06,-1.211130882559938e-13,1.0,0,0.26218429091386497,1002.7084207078442,50,117650,,,,,0.0005456845965106287,0.33716590136476443,0.0,0,886004107,
2353,0.07425050978530569,2.9453369632868853e-07,2.402220110787866e-06,-1.6336673532415052e-13,1.0,0,0.2624757920857519,1002.9709716248326,50,117700,,,,,0.0005427095874670804,0.33518842199418086,0.0,0,983924763,
2354,0.07425050978522393,2.939745732535434e-07,1.883718652001191e-06,-1.0367982106367648e-13,1.0,0,0.38171029184013605,1003.3527521658689,50,117750,,,,,0.0005421942209702565,0.32736763517821854,0.0,0,3382751701,
2355,0.07425050978517203,2.9161057791582804e-07,2.104133268051681e-06,-1.3452277140507884e-13,1.0,0,0.30242354213260114,1003.6553227498662,50,117800,,,,,0.0005400097942776853,0.34252709930846603,0.0,0,3331685510,
2356,0.0742505097851047,2.8641222749732667e-07,2.167846898046691e-06,-1.3788795858717849e-13,1.0,0,0.2761367089115083,1003.9316073749214,50,117850,,,,,0.0005351749503642026,0.33192329392065306,0.0,0,2750713225,
2357,0.07425050978503574,2.8696277441697037e-07,2.132606456547957e-06,-1.2969163972426833e-13,1.0,0,0.27039608312770724,1004.2020810828544,50,117900,,,,,0.0005356890650526388,0.3385334898423878,0.0,0,3602834863,
2358,0.0742505097849708,2.861649925026386e-07,1.9334279821822803e-06,-1.0960114352215887e-13,1.0,0,0.31235054112039506,1004.5145029579289,50,117950,,,,,0.00053494391528705,0.34178609007558,0.0,0,3440730631,
2359,0.07425050978491596,2.8411549085934375e-07,2.2515009270724552e-06,-1.4061923313864019e-13,1.0,0,0.25098245893605053,1004.7695004998241,50,118000,,,,,0.0005330248501330344,0.33192325707291065,0.0,0,1838915124,
2360,0.07425050978484557,2.8331812117079587e-07,2.5047618799463654e-06,-1.749584175813097e-13,1.0,0,0.27255929191596806,1005.0421380829066,50,118050,,,,,0.0005322763578920219,0.32373157131961144,0.0,0,2963904821,
2361,0.074250509784758,2.841872553885848e-07,1.6224943051588664e-06,-8.608130958487438e-14,1.0,0,0.278332666028291,1005.3205334998202,50,118100,,,,,0.0005330921640660128,0.3251239252528554,0.0,0,3792995965,
2362,0.07425050978471491,2.8178451157875716e-07,2.3448252067200633e-06,-1.565998171476097e-13,1.0,0,0.3042948751244694,1005.6249209998641,50,118150,,,,,0.0005308337890326474,0.3210373886456193,0.0,0,2489258080,
2363,0.07425050978463657,2.8426395570248517e-07,2.3081349937640667e-06,-1.6261701102212913e-13,1.0,0,0.3328088328707963,1005.9578660409898,50,118200,,,,,0.000533164098287277,0.337754305656327,0.0,0,1274441880,
2364,0.07425050978455516,2.790482710508667e-07,2.027702711212691e-06,-1.164993291661325e-13,1.0,0,0.4412927080411464,1006.3993119997904,50,118250,,,,,0.0005282501973978492,0.3415551603913737,0.0,0,2211926747,
2365,0.07425050978449682,2.809965221051885e-07,1.5741708216505925e-06,-7.14954955356334e-14,1.0,0,0.5543640840332955,1006.9537687078118,50,118300,,,,,0.000530091050768817,0.3228057891288497,0.0,0,43324406,
2366,0.07425050978446107,2.797934961718826e-07,2.245950690413666e-06,-1.403047583919022e-13,1.0,0,0.4155130418948829,1007.3693722498138,50,118350,,,,,0.0005289550984458724,0.3329538759185981,0.0,0,328215512,
2367,0.07425050978439085,2.7920600535340855e-07,2.3223197161747155e-06,-1.4835880186440828e-13,1.0,0,0.3899195420090109,1007.7593810828403,50,118400,,,,,0.0005283994751638277,0.34124001504089985,0.0,0,3947687963,
2368,0.0742505097843166,2.7918040226892684e-07,1.938570590124529e-06,-1.0917351793658693e-13,1.0,0,0.2898974169511348,1008.0497220410034,50,118450,,,,,0.0005283752475929648,0.34945978791277754,0.0,0,1334089170,
2369,0.07425050978426198,2.7907128196859315e-07,2.263466298095738e-06,-1.4559608912216108e-13,1.0,0,0.4447371659334749,1008.4946159578394,50,118500,,,,,0.0005282719772698464,0.3430489735757457,0.0,0,1715714225,
2370,0.07425050978418912,2.76482472998423e-07,2.0657853584160247e-06,-1.171692774211649e-13,1.0,0,0.34295666706748307,1008.8376651660074,50,118550,,,,,0.0005258160067917512,0.34146552830159915,0.0,0,2728676402,
2371,0.07425050978413042,2.801067258221726e-07,2.099269308375331e-06,-1.3409553605802813e-13,1.0,0,0.25589670799672604,1009.0936501659453,50,118600,,,,,0.0005292510990278363,0.3375080729624854,0.0,0,452574563,
2372,0.07425050978406333,2.754902929724319e-07,2.2363428487324612e-06,-1.5389137838333344e-13,1.0,0,0.33076937519945204,1009.4244954998139,50,118650,,,,,0.000524871691913778,0.32050633434952236,0.0,0,2145227930,
2373,0.07425050978398631,2.722204089014375e-07,1.8467806312038088e-06,-1.0392107490707105e-13,1.0,0,0.2564081670716405,1009.6809859159403,50,118700,,,,,0.0005217474570148258,0.336502687206472,0.0,0,3650032059,
2374,0.07425050978393428,2.689710195499287e-07,1.8549370301052907e-06,-9.368136875522022e-14,1.0,0,0.3027426248881966,1009.9838776248507,50,118750,,,,,0.0005186241602065302,0.3553441352800568,0.0,0,3149089110,
2375,0.07425050978388745,2.7092284451081025e-07,2.2405642801230567e-06,-1.459770254738322e-13,1.0,0,0.3167725407984108,1010.3010966659058,50,118800,,,,,0.0005205024923194991,0.34265474255527756,0.0,0,2297944943,
2376,0.07425050978381434,2.6721966509508605e-07,2.1557703475916033e-06,-1.268382811986082e-13,1.0,0,0.40052341599948704,1010.701757957926,50,118850,,,,,0.0005169329406171423,0.3338229845367318,0.0,0,2836648068,
2377,0.07425050978375086,2.6453280150124704e-07,1.7135387878524124e-06,-8.917680568718997e-14,1.0,0,0.43441254110075533,1011.1363172908314,50,118900,,,,,0.0005143275235696093,0.33705460814202565,0.0,0,2346344443,
2378,0.07425050978370629,2.6414468976479023e-07,1.7866190955911685e-06,-9.861645351669676e-14,1.0,0,0.3823916669934988,1011.5188060000073,50,118950,,,,,0.0005139500848961796,0.3364618302811221,0.0,0,124225650,
2379,0.07425050978365691,2.638359726898519e-07,1.901214410701581e-06,-1.0994106033582355e-13,1.0,0,0.4829777500126511,1012.0018744159024,50,119000,,,,,0.0005136496594857743,0.3407705591542672,0.0,0,2281452621,
2380,0.07425050978360187,2.636016180063451e-07,1.7563143996976657e-06,-9.179029131957651e-14,1.0,0,0.575131457997486,1012.5771007079165,50,119050,,,,,0.0005134214818317842,0.3211533749579072,0.0,0,398876340,
2381,0.07425050978355593,2.629066446902028e-07,2.0232720260550785e-06,-1.1721397135025385e-13,1.0,0,0.7011969580780715,1013.2784391248133,50,119100,,,,,0.0005127442293095094,0.3455560390082345,0.0,0,1071258454,
2382,0.07425050978349729,2.6111616116742257e-07,1.8148972910833224e-06,-9.856234819915526e-14,1.0,0,0.7305966669227928,1014.009170957841,50,119150,,,,,0.0005109952653082244,0.34392942091276946,0.0,0,4000115963,
2383,0.07425050978344794,2.5997769305017963e-07,1.794188601523058e-06,-9.588175363310124e-14,1.0,0,0.42252487502992153,1014.4320873329416,50,119200,,,,,0.0005098800771261607,0.33260252296498793,0.0,0,3545516880,
2384,0.0742505097834,2.570623507590847e-07,1.919708577746349e-06,-1.0432029059801912e-13,1.0,0,0.2973026670515537,1014.7295460000169,50,119250,,,,,0.0005070131662581207,0.3547591559211601,0.0,0,2096718726,
2385,0.07425050978334777,2.5755513533203513e-07,2.1199410900798913e-06,-1.3052796067703934e-13,1.0,0,0.2700019581243396,1014.9996972079389,50,119300,,,,,0.0005074989018037725,0.3283012354876376,0.0,0,4066898717,
2386,0.07425050978328246,2.511412072122343e-07,1.8229653823421682e-06,-9.811409049258533e-14,1.0,0,0.2891664169728756,1015.2889455829281,50,119350,,,,,0.0005011399078223908,0.3351999690176782,0.0,0,1180868198,
2387,0.07425050978323336,2.494996226170041e-07,1.6885882362521326e-06,-8.511183155156688e-14,1.0,0,0.3946565838996321,1015.6874350409489,50,119400,,,,,0.0004994993719885983,0.3526541833518349,0.0,0,789669869,
2388,0.07425050978319073,2.462973165363525e-07,2.018811077705019e-06,-1.1199776729603336e-13,1.0,0,0.44168820790946484,1016.129266457865,50,119450,,,,,0.000496283504195286,0.3268357928217091,0.0,0,1032556745,
2389,0.07425050978313469,2.4895715533182434e-07,1.455147711869165e-06,-6.790767334758888e-14,1.0,0,0.32327783410437405,1016.4526310409419,50,119500,,,,,0.0004989560655326523,0.32331143557574554,0.0,0,2030081898,
2390,0.0742505097831007,2.4688769590359173e-07,1.716785541056215e-06,-8.541127747422656e-14,1.0,0,0.2635703750420362,1016.7162960409187,50,119550,,,,,0.0004968779486992673,0.3281810755932337,0.0,0,2771216109,
2391,0.07425050978305797,2.447734663453071e-07,1.4732116265870577e-06,-6.314997193757179e-14,1.0,0,0.4496790838893503,1017.1660496247932,50,119600,,,,,0.0004947458603619712,0.3326790690012483,0.0,0,766082931,
2392,0.07425050978302637,2.4434813460954274e-07,1.3896277530986893e-06,-5.2374000308199614e-14,1.0,0,0.8573766250628978,1018.0235970828217,50,119650,,,,,0.0004943158247613996,0.3333775234565657,0.0,0,453413411,
2393,0.07425050978300016,2.4316454088063693e-07,1.6712328905001967e-06,-8.67226750506163e-14,1.0,0,0.3626976248342544,1018.3864393748809,50,119700,,,,,0.0004931171674973778,0.33606539771569716,0.0,0,3343327731,
2394,0.07425050978295672,2.426863208426789e-07,1.6096838149802227e-06,-7.754690929992337e-14,1.0,0,0.2962017501704395,1018.6827287499327,50,119750,,,,,0.0004926320339185007,0.3525503160191331,0.0,0,742619499,
2395,0.07425050978291795,2.424274027594941e-07,1.9968970532240446e-06,-1.116477986320244e-13,1.0,0,0.26111575006507337,1018.9439329579473,50,119800,,,,,0.000492369173242491,0.33163496309217727,0.0,0,1679288374,
2396,0.07425050978286205,2.4055403327602743e-07,1.79423460060216e-06,-8.840664158157543e-14,1.0,0,0.29103754088282585,1019.2351041659713,50,119850,,,,,0.0004904630804413594,0.3397215835687107,0.0,0,1651215565,
2397,0.07425050978281782,2.3971128146632156e-07,1.9843365676059127e-06,-1.1099250799580508e-13,1.0,0,0.2559272910002619,1019.4911709579173,50,119900,,,,,0.000489603187761601,0.34074398433923725,0.0,0,3485005725,
2398,0.07425050978276232,2.3597993625147998e-07,1.8784518860050977e-06,-9.914075640218012e-14,1.0,0,0.25461820885539055,1019.7458704998717,50,119950,,,,,0.00048577766133435984,0.33420189870403066,0.0,0,3019914261,
2399,0.07425050978271269,2.3544912702269785e-07,1.874376199183345e-06,-1.0150469816852664e-13,1.0,0,0.2554587919730693,1020.0014071660116,50,120000,,,,,0.00048523100377314914,0.33175960173038876,0.0,0,740855154,
2400,0.07425050978266186,2.34983287347723e-07,1.3825159548300524e-06,-5.753596862960084e-14,1.0,0,0.2627815830055624,1020.2643276248127,50,120050,,,,,0.0004847507476505044,0.3345459876011721,0.0,0,3320651907,
2401,0.07425050978263308,2.3425571781443894e-07,1.8546265743185573e-06,-1.0053464245729277e-13,1.0,0,0.273328541778028,1020.5378037909977,50,120100,,,,,0.00048399970848590285,0.3248454088406849,0.0,0,1526901353,
2402,0.07425050978258277,2.3162130135568807e-07,1.985635086489064e-06,-1.0881117579200073e-13,1.0,0,0.39214441599324346,1020.9300294998102,50,120150,,,,,0.00048127050746507214,0.337321586451252,0.0,0,1855262749,
2403,0.07425050978252828,2.3217711935827067e-07,1.8392686720757703e-06,-9.508413845268976e-14,1.0,0,0.5447730831801891,1021.4749370829668,50,120200,,,,,0.0004818476100991585,0.3281151963724039,0.0,0,431040417,
2404,0.07425050978248071,2.2871666517839408e-07,1.4451706438104499e-06,-6.534394284491279e-14,1.0,0,0.25687845796346664,1021.7319036249537,50,120250,,,,,0.0004782433116922746,0.3301386437042902,0.0,0,3728258210,
2405,0.07425050978244803,2.2556526357748933e-07,1.9885450489313466e-06,-1.0967410531960003e-13,1.0,0,0.2501356250140816,1021.9821745830122,50,120300,,,,,0.0004749371153926479,0.3248433328672414,0.0,0,2826395718,
2406,0.07425050978239311,2.266078913988644e-07,1.76747584135248e-06,-8.511262637436577e-14,1.0,0,0.27364124986343086,1022.2559021660127,50,120350,,,,,0.00047603349818984837,0.34046668887008874,0.0,0,828588705,
2407,0.07425050978235055,2.2605420502792876e-07,1.6102391238951906e-06,-7.555149340010791e-14,1.0,0,0.2675405831541866,1022.5235294159502,50,120400,,,,,0.00047545158010877276,0.34024966026714715,0.0,0,4006957182,
2408,0.07425050978231273,2.245613835499558e-07,1.4232833535371354e-06,-5.6627610585900495e-14,1.0,0,0.2633120419923216,1022.7869801658671,50,120450,,,,,0.0004738790811482986,0.3386207888044548,0.0,0,1065693716,
2409,0.07425050978228438,2.2433527749835e-07,1.8727838462369595e-06,-1.006528334051089e-13,1.0,0,0.29506958392448723,1023.0821382908616,50,120500,,,,,0.000473640451712425,0.34946149356617157,0.0,0,3632815439,
2410,0.07425050978223402,2.2004089314069843e-07,1.4352348109822716e-06,-5.66845643586651e-14,1.0,0,0.474264333024621,1023.5564889158122,50,120550,,,,,0.0004690851661912775,0.31768381199860146,0.0,0,3419350464,
2411,0.07425050978220567,2.2171271761873997e-07,1.7956078202004982e-06,-9.59035234636832e-14,1.0,0,0.25548929115757346,1023.8121330828872,50,120600,,,,,0.00047086379943539936,0.32378575908509766,0.0,0,2826322865,
2412,0.07425050978215764,2.2037652396301664e-07,1.6424862390164857e-06,-7.761032492351305e-14,1.0,0,0.2731999158859253,1024.0854204159696,50,120650,,,,,0.0004694427802863909,0.3318352064351318,0.0,0,1439990011,
2413,0.07425050978211886,2.1893018600935863e-07,1.4867742456236534e-06,-6.498968786297546e-14,1.0,0,0.2603136249817908,1024.345910082804,50,120700,,,,,0.00046789976064255326,0.33289526752329984,0.0,0,3175550763,
2414,0.07425050978208633,2.1423780137251282e-07,1.71918824861073e-06,-8.594566260229086e-14,1.0,0,0.2864000420086086,1024.6323894578964,50,120750,,,,,0.0004628582951320121,0.33736557578052384,0.0,0,329518587,
2415,0.07425050978204331,2.1482958547693297e-07,1.628732690852263e-06,-7.320671985908994e-14,1.0,0,0.26414504181593657,1024.8966805408709,50,120800,,,,,0.00046349712564042184,0.33281041662339844,0.0,0,1917467020,
2416,0.07425050978200665,2.1363038934090556e-07,1.4387938204210297e-06,-5.899483256454986e-14,1.0,0,0.28554445784538984,1025.182375082979,50,120850,,,,,0.00046220167604727006,0.3272623893897787,0.0,0,2800682748,
2417,0.07425050978197711,2.1258696293686523e-07,1.9485976637364943e-06,-1.06150601198062e-13,1.0,0,0.47833962505683303,1025.6607971249614,50,120900,,,,,0.00046107153776487356,0.3382763546368672,0.0,0,3562635112,
2418,0.07425050978192402,2.1392855136917822e-07,1.4029215155784131e-06,-5.906152728797116e-14,1.0,0,0.3728931250516325,1026.0340842909645,50,120950,,,,,0.0004625241089599311,0.3245945381142742,0.0,0,354237238,
2419,0.07425050978189446,2.136831892316652e-07,1.908491821665155e-06,-1.054133996062437e-13,1.0,0,0.26635179203003645,1026.3005236249883,50,121000,,,,,0.00046225879032384576,0.3463754089710883,0.0,0,3921783763,
2420,0.07425050978184172,2.1400264712625863e-07,1.713088923345226e-06,-8.780202870500407e-14,1.0,0,0.26839341688901186,1026.5690053747967,50,121050,,,,,0.0004626042013711707,0.3189975505081775,0.0,0,1960790913,
2421,0.07425050978179777,2.1228693374179895e-07,1.5322089641957837e-06,-6.805066133470712e-14,1.0,0,0.25852775014936924,1026.8276759579312,50,121100,,,,,0.0004607460621012392,0.3230482797626349,0.0,0,3125344413,
2422,0.07425050978176376,2.099861088890426e-07,1.3483654044369622e-06,-5.397942753624156e-14,1.0,0,0.25782945891842246,1027.0855902079493,50,121150,,,,,0.0004582424128003023,0.32854275412591566,0.0,0,3120400819,
2423,0.07425050978173672,2.078912685735903e-07,1.7754506523261135e-06,-8.83690041629756e-14,1.0,0,0.28261629212647676,1027.3682949158829,50,121200,,,,,0.0004559509497452443,0.33740805805634655,0.0,0,4044312934,
2424,0.07425050978169251,2.0481877639779646e-07,1.656351590751545e-06,-8.242655304590441e-14,1.0,0,0.26514054206199944,1027.633531290805,50,121250,,,,,0.0004525690846686243,0.346962840018906,0.0,0,1843968275,
2425,0.07425050978165125,2.056560911412122e-07,1.4337118953557555e-06,-6.465209410965089e-14,1.0,0,0.26266050012782216,1027.8962763748132,50,121300,,,,,0.00045349320958666206,0.344276092350987,0.0,0,67013109,
2426,0.07425050978161887,2.0401734710872926e-07,1.5486003151825528e-06,-6.73605982280335e-14,1.0,0,0.25862979097291827,1028.1549793328159,50,121350,,,,,0.0004516827947893624,0.33648639077123044,0.0,0,3828573772,
2427,0.07425050978158522,2.025145474541873e-07,1.2340427535124119e-06,-4.49510106924567e-14,1.0,0,0.26870066695846617,1028.4238255408127,50,121400,,,,,0.00045001616354769673,0.321876367704596,0.0,0,1147573213,
2428,0.07425050978156274,1.9893947718281924e-07,1.504612063512963e-06,-6.211090274144089e-14,1.0,0,0.3144126671832055,1028.7383175408468,50,121450,,,,,0.00044602631893512655,0.3416295005157014,0.0,0,1145857182,
2429,0.07425050978153161,1.9764208139895304e-07,1.6361820645129225e-06,-7.600461556508442e-14,1.0,0,0.2614113329909742,1028.9998776658904,50,121500,,,,,0.000444569546189292,0.33746622754306604,0.0,0,3681576535,
2430,0.07425050978149358,1.991072394474655e-07,1.7679490042221743e-06,-8.53876410434504e-14,1.0,0,0.3667558750603348,1029.3667955829296,50,121550,,,,,0.00044621434249412633,0.3378305061144205,0.0,0,1002526536,
2431,0.07425050978145087,1.9910315315930602e-07,1.2296647263510261e-06,-4.6471621034878155e-14,1.0,0,0.48690833314321935,1029.8541250829585,50,121600,,,,,0.0004462097636306337,0.34041304491502816,0.0,0,3236317079,
2432,0.07425050978142762,1.978483074049412e-07,1.4302127412221454e-06,-5.566887584195577e-14,1.0,0,0.33582108397968113,1030.1900926248636,50,121650,,,,,0.00044480142468852457,0.3155595970232934,0.0,0,368049413,
2433,0.07425050978139977,1.9666131512133638e-07,1.5797018841361624e-06,-7.176173062541894e-14,1.0,0,0.27170845796354115,1030.4619854579214,50,121700,,,,,0.00044346512277893555,0.3186104991926181,0.0,0,163763950,
2434,0.07425050978136383,1.9320075539500418e-07,1.429356253861031e-06,-6.083156818564574e-14,1.0,0,0.32750904210843146,1030.789578040829,50,121750,,,,,0.00043954607880744903,0.33748831637156074,0.0,0,3829984973,
2435,0.0742505097813334,1.9297531183058728e-07,1.4512988907725688e-06,-5.727553153302183e-14,1.0,0,0.2688599999528378,1031.0585218749475,50,121800,,,,,0.0004392895535186186,0.3301589416629839,0.0,0,2801565091,
2436,0.07425050978130471,1.902437871426241e-07,1.3277416669519509e-06,-5.412012764896618e-14,1.0,0,0.40871929191052914,1031.4673876659945,50,121850,,,,,0.0004361694477409257,0.3426938134002903,0.0,0,2354405942,
2437,0.07425050978127765,1.8776731133568642e-07,1.4244708588537125e-06,-5.3951465242131806e-14,1.0,0,0.37637983285821974,1031.8438604159746,50,121900,,,,,0.00043332125650109344,0.35190180012724315,0.0,0,2859567825,
2438,0.07425050978125067,1.8822180344931615e-07,1.332271023384263e-06,-5.2534932168063705e-14,1.0,0,0.30641933297738433,1032.150367749855,50,121950,,,,,0.0004338453681316837,0.3355616529736656,0.0,0,2070217572,
2439,0.07425050978122437,1.8631118061137983e-07,1.6562122531388577e-06,-8.042023569795815e-14,1.0,0,0.3539225000422448,1032.5056055828463,50,122000,,,,,0.000431637788673999,0.3161063375409661,0.0,0,4223558585,
2440,0.07425050978118411,1.8673194855943366e-07,1.3229867575174084e-06,-4.981057083951612e-14,1.0,0,0.2533169591333717,1032.7590679158457,50,122050,,,,,0.0004321249224002634,0.3365258347079296,0.0,0,660554655,
2441,0.07425050978115923,1.8610122045452006e-07,1.4906157101673352e-06,-5.983572359169982e-14,1.0,0,0.25994666712358594,1033.0191619158722,50,122100,,,,,0.0004313945067505149,0.3286672370567259,0.0,0,907912032,
2442,0.07425050978112929,1.8483271603724129e-07,1.3954137409771142e-06,-5.852427670514117e-14,1.0,0,0.2559693749062717,1033.2752138748765,50,122150,,,,,0.0004299217557152014,0.31995555837151324,0.0,0,1051615293,
2443,0.07425050978109998,1.8309551764680758e-07,1.2842530153307846e-06,-4.8023476157983185e-14,1.0,0,0.2638875001575798,1033.5392451249063,50,122200,,,,,0.0004278966202797208,0.3399858366340416,0.0,0,1094587312,
2444,0.07425050978107595,1.8227842682563038e-07,1.6050486296872427e-06,-7.104794647445606e-14,1.0,0,0.3058476250153035,1033.8451791659463,50,122250,,,,,0.00042694077671924285,0.3442139990609403,0.0,0,866792402,
2445,0.07425050978104039,1.7798723614450213e-07,1.4964222086147463e-06,-6.266481857964429e-14,1.0,0,0.2895040409639478,1034.1347697908059,50,122300,,,,,0.00042188533530392134,0.33325114158055574,0.0,0,150604812,
2446,0.07425050978100901,1.7567675871784908e-07,1.4434480387045277e-06,-5.76851743394468e-14,1.0,0,0.3337366671767086,1034.4686526248697,50,122350,,,,,0.00041913811413166554,0.3376808036001665,0.0,0,1317774450,
2447,0.07425050978098016,1.7484435752788025e-07,1.252862293981634e-06,-4.678864805878132e-14,1.0,0,0.399437207961455,1034.868574249791,50,122400,,,,,0.0004181439435504002,0.33689406042910386,0.0,0,248760003,
2448,0.07425050978095674,1.7285695067313423e-07,1.139696316561515e-06,-3.9545929541861747e-14,1.0,0,0.4628375831525773,1035.3314918749966,50,122450,,,,,0.0004157606891868617,0.33920817800907166,0.0,0,409053117,
2449,0.07425050978093697,1.7153523701012953e-07,1.6333754070815449e-06,-6.870641303997474e-14,1.0,0,0.2895693341270089,1035.6211987498682,50,122500,,,,,0.00041416812650194306,0.34262656177045864,0.0,0,4030357208,
2450,0.07425050978090258,1.732683802619361e-07,1.2353829906293114e-06,-4.376111918073135e-14,1.0,0,0.2647550420369953,1035.886094499845,50,122550,,,,,0.0004162551864685125,0.3326391040970417,0.0,0,914260441,
2451,0.07425050978088071,1.7345332002376735e-07,1.5714773862627437e-06,-6.920426363379947e-14,1.0,0,0.3120460419449955,1036.198225124972,50,122600,,,,,0.0004164772743185003,0.3395220816283274,0.0,0,2380775502,
2452,0.07425050978084606,1.7200349683495776e-07,1.4097585931574898e-06,-5.559964891788609e-14,1.0,0,0.27398991701193154,1036.4722995827906,50,122650,,,,,0.00041473304285402407,0.3210942000073081,0.0,0,482756621,
2453,0.07425050978081826,1.7107321881774354e-07,1.1830023718340009e-06,-4.1273029713434766e-14,1.0,0,0.4130387920886278,1036.8854848328047,50,122700,,,,,0.00041360998394350144,0.3259525693867158,0.0,0,1892955719,
2454,0.07425050978079759,1.704242177329019e-07,1.109976185673203e-06,-3.6193098761278395e-14,1.0,0,0.3580345418304205,1037.2436083329376,50,122750,,,,,0.00041282468159365413,0.3521958567894655,0.0,0,3486792038,
2455,0.07425050978077949,1.696406875600154e-07,1.2260365325937063e-06,-4.6230071274643e-14,1.0,0,0.30391170899383724,1037.5476113748737,50,122800,,,,,0.00041187460174185953,0.32958838609631746,0.0,0,4110059038,
2456,0.07425050978075634,1.6854227642742397e-07,1.4008155585428447e-06,-5.2981069021877084e-14,1.0,0,0.3022591657936573,1037.849959249841,50,122850,,,,,0.0004105390071934992,0.33476790205645324,0.0,0,1532686794,
2457,0.07425050978072982,1.6853859671850813e-07,1.3507698107183864e-06,-5.369939932421498e-14,1.0,0,0.2738784998655319,1038.1239231249783,50,122900,,,,,0.0004105345256108287,0.34039549219255955,0.0,0,3360676271,
2458,0.07425050978070294,1.6850593985659603e-07,1.239444530323788e-06,-4.166355984364355e-14,1.0,0,0.34966887487098575,1038.473719707923,50,122950,,,,,0.0004104947500962662,0.328151631667714,0.0,0,1052730804,
2459,0.07425050978068212,1.677458855127204e-07,9.473785036985503e-07,-2.6787762486800304e-14,1.0,0,0.3058048749808222,1038.7796137498226,50,123000,,,,,0.00040956792539543476,0.32139247662094783,0.0,0,708613580,
2460,0.07425050978066869,1.6742807889642585e-07,1.4176230859372991e-06,-5.3769728546405944e-14,1.0,0,0.3107684999704361,1039.090459749801,50,123050,,,,,0.00040917976354705747,0.34394430921672103,0.0,0,3983274220,
2461,0.07425050978064181,1.6730526777962314e-07,1.2041358327346838e-06,-4.2306063856692676e-14,1.0,0,0.25982254184782505,1039.350358458003,50,123100,,,,,0.00040902966613636123,0.33175329206859777,0.0,0,1543882596,
2462,0.07425050978062064,1.675765166321347e-07,1.41849032418142e-06,-5.4743992225757965e-14,1.0,0,0.2598229581490159,1039.6102669578977,50,123150,,,,,0.00040936110786460246,0.3415503923486022,0.0,0,1349482580,
2463,0.07425050978059326,1.6703320066378292e-07,1.0368490975151562e-06,-3.407388405814307e-14,1.0,0,0.2649174998514354,1039.8752652078401,50,123200,,,,,0.0004086969545565307,0.3381787231256331,0.0,0,2231218911,
2464,0.07425050978057621,1.6491198095824093e-07,1.2044498542906378e-06,-4.27331761098177e-14,1.0,0,0.26115745794959366,1040.1365704159252,50,123250,,,,,0.0004060935618281099,0.31040678164968827,0.0,0,781458114,
2465,0.07425050978055484,1.6360001202678744e-07,1.2709902051833463e-06,-4.782724367297321e-14,1.0,0,0.27198087493889034,1040.4086255829316,50,123300,,,,,0.00040447498319029257,0.34429365956726316,0.0,0,3869838187,
2466,0.07425050978053087,1.6299547422902507e-07,1.2796207051351609e-06,-4.9343988675481836e-14,1.0,0,0.3051330829039216,1040.7138358328957,50,123350,,,,,0.00040372697981312205,0.32606399313388235,0.0,0,61279857,
2467,0.0742505097805062,1.6120784273517577e-07,1.3729422490813248e-06,-5.274832046024622e-14,1.0,0,0.3852902080398053,1041.09922145796,50,123400,,,,,0.0004015069647405581,0.33838809598313796,0.0,0,3302734377,
2468,0.07425050978047981,1.6167058986794067e-07,1.493764868761691e-06,-6.2617037260488e-14,1.0,0,0.2851757921744138,1041.3845542077906,50,123450,,,,,0.0004020828146886418,0.33557453493137607,0.0,0,653900873,
2469,0.07425050978044848,1.588118752343341e-07,9.850214799045412e-07,-2.997773720280913e-14,1.0,0,0.2540928330272436,1041.6387466248125,50,123500,,,,,0.000398512076648041,0.3303743754812558,0.0,0,3428238766,
2470,0.07425050978043346,1.576813519870019e-07,1.3128951165974528e-06,-5.151670833501633e-14,1.0,0,0.28246770915575325,1041.921298082918,50,123550,,,,,0.000397091112953944,0.358690057223131,0.0,0,976075948,
2471,0.0742505097804077,1.5860951871720364e-07,1.196646069092251e-06,-4.1873610113505096e-14,1.0,0,0.3331422498449683,1042.2551694158465,50,123600,,,,,0.0003982581056516033,0.3348944317123202,0.0,0,1812484105,
2472,0.07425050978038675,1.5753742083241674e-07,1.2385966639387805e-06,-4.636889043506312e-14,1.0,0,0.3140872500371188,1042.569348582998,50,123650,,,,,0.00039690983967699355,0.34670771571870884,0.0,0,1160620944,
2473,0.07425050978036354,1.563459605804504e-07,1.0960768438451177e-06,-3.549493931703774e-14,1.0,0,0.4212740419898182,1042.9907871249598,50,123700,,,,,0.000395406070490136,0.35568054645263186,0.0,0,4071436374,
2474,0.07425050978034578,1.5537807735818878e-07,1.154607349895685e-06,-3.824117208700298e-14,1.0,0,0.40036629093810916,1043.3912343329284,50,123750,,,,,0.0003941802599803658,0.3397612961660404,0.0,0,1284491038,
2475,0.07425050978032666,1.5462899799657565e-07,1.0693910546684422e-06,-3.4847503374398857e-14,1.0,0,0.2697749170474708,1043.6611552909017,50,123800,,,,,0.0003932289384017606,0.3323834374226986,0.0,0,2409454152,
2476,0.07425050978030924,1.529619122783099e-07,9.421133345985608e-07,-2.6222380984880195e-14,1.0,0,0.3720201659016311,1044.0332641249988,50,123850,,,,,0.00039110345470004466,0.32119587992529847,0.0,0,871442218,
2477,0.07425050978029607,1.523472498974642e-07,1.2112078370663389e-06,-4.3306934088604015e-14,1.0,0,0.2598666250705719,1044.2935325407889,50,123900,,,,,0.0003903168583311054,0.31608135951532407,0.0,0,846607218,
2478,0.07425050978027442,1.502236113407647e-07,1.1228824066452106e-06,-3.3441371346560416e-14,1.0,0,0.2666230830363929,1044.5602440407965,50,123950,,,,,0.0003875869081132188,0.32111538773692516,0.0,0,69595719,
2479,0.07425050978025768,1.5135735330333013e-07,1.004939411135002e-06,-2.985010855505697e-14,1.0,0,0.25996254198253155,1044.820295457961,50,124000,,,,,0.0003890467238049051,0.3435213009971253,0.0,0,3934469946,
2480,0.07425050978024275,1.5127044772516443e-07,9.737744556182393e-07,-2.6679432666998993e-14,1.0,0,0.26810574997216463,1045.0885379158426,50,124050,,,,,0.00038893501735529605,0.34682707894707426,0.0,0,1911140786,
2481,0.07425050978022936,1.5105047857479431e-07,1.2830750586182445e-06,-4.501671137830709e-14,1.0,0,0.9536012499593198,1046.0422197908629,50,124100,,,,,0.00038865213054194663,0.3344936584839634,0.0,0,1693133538,
2482,0.07425050978020688,1.5191689454614292e-07,1.1775992997915324e-06,-3.9274217824492696e-14,1.0,0,0.28325320896692574,1046.3255803328939,50,124150,,,,,0.0003897651787245019,0.34149871255616865,0.0,0,561256383,
2483,0.07425050978018721,1.490519184645453e-07,1.0437519625924651e-06,-2.997555487571826e-14,1.0,0,0.38172437506727874,1046.7074810829945,50,124200,,,,,0.0003860724264494232,0.3205521038790326,0.0,0,33463955,
2484,0.07425050978017222,1.482979779628427e-07,1.1330664041374767e-06,-3.711054809057432e-14,1.0,0,0.4398866668343544,1047.1475177498069,50,124250,,,,,0.00038509476491227804,0.32903862693646496,0.0,0,22925963,
2485,0.07425050978015366,1.4711860527915438e-07,1.0639059526359332e-06,-3.5138207022621524e-14,1.0,0,0.5215019171591848,1047.66912129079,50,124300,,,,,0.00038356043236907844,0.31884574136428967,0.0,0,2394161123,
2486,0.07425050978013609,1.4494433457482702e-07,1.0333608138437066e-06,-3.09895235366018e-14,1.0,0,0.44265837501734495,1048.111876374809,50,124350,,,,,0.0003807155559926952,0.34518480698282183,0.0,0,1745482301,
2487,0.07425050978012054,1.4352814986198138e-07,9.125583762520441e-07,-2.4364098813463896e-14,1.0,0,0.30850566690787673,1048.4205260828603,50,124400,,,,,0.00037885109193716386,0.3351321906892421,0.0,0,1498329233,
2488,0.07425050978010837,1.4350238389891265e-07,1.0169183192032826e-06,-3.116007624216236e-14,1.0,0,0.3616992919705808,1048.7823752078693,50,124450,,,,,0.00037881708501453923,0.3261071966530382,0.0,0,211436043,
2489,0.07425050978009279,1.4224889005105172e-07,9.247094727477945e-07,-2.5188994892436596e-14,1.0,0,0.31610145908780396,1049.0986225409433,50,124500,,,,,0.00037715897185543884,0.34299987094036993,0.0,0,3532110479,
2490,0.07425050978008019,1.4223947190355932e-07,1.3838225843285283e-06,-5.13506049338197e-14,1.0,0,0.2684876669663936,1049.3672291249968,50,124550,,,,,0.00037714648600187077,0.3447845979173006,0.0,0,408736559,
2491,0.07425050978005453,1.4174401076151688e-07,1.0779580277001369e-06,-3.466202926591617e-14,1.0,0,0.26545108295977116,1049.6327652079053,50,124600,,,,,0.00037648905795722255,0.3236459539326839,0.0,0,2889946835,
2492,0.07425050978003714,1.4290491071583298e-07,1.0052350847684386e-06,-3.002909276888322e-14,1.0,0,0.2967634161468595,1049.9297014998738,50,124650,,,,,0.00037802765866512067,0.345518663566378,0.0,0,264988412,
2493,0.07425050978002211,1.4271292285204426e-07,1.1046824092247913e-06,-3.495596009201581e-14,1.0,0,0.25568304187618196,1050.185835290933,50,124700,,,,,0.00037777363969981317,0.3347385712202268,0.0,0,393966524,
2494,0.07425050978000461,1.4102156757408695e-07,1.0657470840066667e-06,-3.185410009666011e-14,1.0,0,0.2649347500409931,1050.4508563748095,50,124750,,,,,0.00037552838451185945,0.3423755137273241,0.0,0,2177377546,
2495,0.0742505097799887,1.394274948988135e-07,1.1087132008240708e-06,-3.756986471024778e-14,1.0,0,0.25308779114857316,1050.704091582913,50,124800,,,,,0.00037339991282646747,0.3502883036391264,0.0,0,4104575921,
2496,0.07425050977996989,1.3914314034430997e-07,1.1439774417442135e-06,-3.802674003947835e-14,1.0,0,0.29388091689907014,1050.9980593328364,50,124850,,,,,0.0003730189544035396,0.3410084549251213,0.0,0,3032305313,
2497,0.07425050977995086,1.3916170502140744e-07,9.55806147327891e-07,-2.7659715948889178e-14,1.0,0,0.3407581248320639,1051.3424581659492,50,124900,,,,,0.0003730438379351781,0.32616269048866103,0.0,0,104622193,
2498,0.07425050977993704,1.3883364646000549e-07,1.020929538878253e-06,-3.050921841152438e-14,1.0,0,0.25801995815709233,1051.6005503749475,50,124950,,,,,0.0003726038733829876,0.31719442510130735,0.0,0,411238939,
2499,0.07425050977992176,1.3829425271548018e-07,1.080496929334666e-06,-3.698902853987636e-14,1.0,0,0.255980416899547,1051.8566155408043,50,125000,,,,,0.0003718793523650919,0.3343155663367241,0.0,0,1886956807,
2500,0.07425050977990325,1.3631942038604284e-07,1.0904993822675653e-06,-3.5632922248563426e-14,1.0,0,0.26739391684532166,1052.124149540905,50,125050,,,,,0.0003692145993674178,0.32674263716432556,0.0,0,2233273714,
2501,0.07425050977988545,1.3508902990974126e-07,1.0334690743783963e-06,-3.139781430839102e-14,1.0,0,0.32151124998927116,1052.4458038748708,50,125100,,,,,0.000367544595810823,0.33979916042032393,0.0,0,3522683626,
2502,0.07425050977986972,1.3417914307731994e-07,1.065640182701724e-06,-3.266229368311185e-14,1.0,0,0.2626609168946743,1052.7085420410149,50,125150,,,,,0.0003663047134249298,0.33825672374714927,0.0,0,177470116,
2503,0.07425050977985337,1.3359221643501443e-07,8.97557111376866e-07,-2.3686888076807287e-14,1.0,0,0.25699670799076557,1052.9656208329834,50,125200,,,,,0.00036550269005167994,0.33675234440742735,0.0,0,2979513619,
2504,0.07425050977984153,1.335814441758015e-07,1.1061898694710885e-06,-3.3641186810430593e-14,1.0,0,0.35250633396208286,1053.318270374788,50,125250,,,,,0.00036548795353034757,0.33702972275445225,0.0,0,3362290384,
2505,0.07425050977982471,1.3396692651772048e-07,1.160185469169081e-06,-3.522980990712385e-14,1.0,0,0.2620132090523839,1053.5804364578798,50,125300,,,,,0.0003660149266323991,0.3415197982767888,0.0,0,1482780568,
2506,0.07425050977980707,1.3310261187924324e-07,1.1354224424323324e-06,-3.7098946412447273e-14,1.0,0,0.2534990410786122,1053.834080915898,50,125350,,,,,0.00036483230651799907,0.3360075747273203,0.0,0,1787669868,
2507,0.0742505097797885,1.3200349365926695e-07,1.0241420147053654e-06,-2.9772958254379344e-14,1.0,0,0.37578025017865,1054.2099461248145,50,125400,,,,,0.0003633228504502118,0.3365551399224706,0.0,0,471487750,
2508,0.0742505097797736,1.3063687826670724e-07,6.709831343875605e-07,-1.3168974310017905e-14,1.0,0,0.35773799987509847,1054.5677592908032,50,125450,,,,,0.0003614372397342411,0.3320107021853425,0.0,0,863928240,
2509,0.07425050977976702,1.311191369230189e-07,9.675628698833994e-07,-2.8570754391745815e-14,1.0,0,0.2630555001087487,1054.830898790853,50,125500,,,,,0.00036210376540850677,0.3365650349977536,0.0,0,532506285,
2510,0.07425050977975273,1.316429780285212e-07,1.1011636036936289e-06,-3.3592966868403304e-14,1.0,0,0.26058620819821954,1055.0915762910154,50,125550,,,,,0.00036282637449408387,0.32893218192422785,0.0,0,705634971,
2511,0.07425050977973595,1.304467576010224e-07,9.144050404168819e-07,-2.4669260263329903e-14,1.0,0,0.27125195786356926,1055.3629208328202,50,125600,,,,,0.00036117413750298125,0.32840069263251837,0.0,0,3420012996,
2512,0.07425050977972357,1.3032424312938723e-07,8.666359974178988e-07,-2.2840561838271458e-14,1.0,0,0.2654048749245703,1055.6284157079645,50,125650,,,,,0.0003610044918410119,0.31086940679403136,0.0,0,715022604,
2513,0.07425050977971215,1.2863751266503857e-07,9.829941818121237e-07,-2.90992737834693e-14,1.0,0,0.25526745803654194,1055.8838237079326,50,125700,,,,,0.0003586607208282482,0.34356799975752284,0.0,0,2465495042,
2514,0.0742505097796976,1.260455626245631e-07,9.566996519632992e-07,-2.5997533403153893e-14,1.0,0,0.28239195910282433,1056.1663265828975,50,125750,,,,,0.00035502896026178357,0.346131143484259,0.0,0,1483662084,
2515,0.07425050977968459,1.2536572599597474e-07,1.075750128418162e-06,-3.334712875528871e-14,1.0,0,0.3458068340551108,1056.5122776660137,50,125800,,,,,0.0003540702274916302,0.32981090721408685,0.0,0,331503674,
2516,0.07425050977966789,1.2488213412055775e-07,9.64535801045019e-07,-2.636357399370205e-14,1.0,0,0.4294367909897119,1056.9419382908382,50,125850,,,,,0.0003533866637559456,0.3359493021221857,0.0,0,676899447,
2517,0.07425050977965471,1.2527417336409352e-07,9.697846696483082e-07,-2.692194111589912e-14,1.0,0,0.2835618748795241,1057.22564104083,50,125900,,,,,0.0003539409179002811,0.33441845650832264,0.0,0,3040554264,
2518,0.07425050977964126,1.2491043252955603e-07,1.158811599543098e-06,-3.905244973313212e-14,1.0,0,0.35587275004945695,1057.5816001249477,50,125950,,,,,0.0003534267003631107,0.3486809791171905,0.0,0,92455515,
2519,0.0742505097796217,1.2337318123308576e-07,9.103517074695624e-07,-2.3030510853749167e-14,1.0,0,0.3406895420048386,1057.9224337500054,50,126000,,,,,0.0003512451867756849,0.3237802521481354,0.0,0,2044322944,
2520,0.07425050977961019,1.2305465115128267e-07,8.502051316334043e-07,-2.2369227493174934e-14,1.0,0,0.4773291661404073,1058.3998427498154,50,126050,,,,,0.00035079146390880534,0.35210190733786845,0.0,0,3474133826,
2521,0.07425050977959899,1.2182335752388116e-07,1.023444934144905e-06,-3.020340633554296e-14,1.0,0,0.34195900009945035,1058.7419152499642,50,126100,,,,,0.00034903202936676335,0.34740056403376557,0.0,0,3518479871,
2522,0.07425050977958389,1.2156579766258675e-07,8.513886167205269e-07,-2.144546527778293e-14,1.0,0,0.40923545812256634,1059.15154354088,50,126150,,,,,0.0003486628710697294,0.36016604588746887,0.0,0,2541658509,
2523,0.07425050977957313,1.2275989785160022e-07,9.09541192807091e-07,-2.409428223630823e-14,1.0,0,0.4565690001472831,1059.6082564159296,50,126200,,,,,0.0003503710859240531,0.34196762159621097,0.0,0,2873134304,
2524,0.0742505097795611,1.2287417233988884e-07,8.397712713228158e-07,-2.224010526482761e-14,1.0,0,0.6180598330684006,1060.2264085409697,50,126250,,,,,0.0003505341243586548,0.3423926335737649,0.0,0,946669832,
2525,0.07425050977955,1.2186429072158803e-07,9.374709307638099e-07,-2.5670297952165588e-14,1.0,0,0.6595307921525091,1060.8860874578822,50,126300,,,,,0.0003490906626101421,0.33882750975959325,0.0,0,3388114852,
2526,0.07425050977953714,1.2200975582362602e-07,9.220210711188238e-07,-2.402001537445576e-14,1.0,0,0.8431676251348108,1061.7294635828584,50,126350,,,,,0.00034929894907317715,0.33864618241505945,0.0,0,1656364446,
2527,0.07425050977952513,1.2156183841934418e-07,9.11208705638474e-07,-2.410035576955789e-14,1.0,0,0.5727759168948978,1062.3023322499357,50,126400,,,,,0.00034865719327061673,0.3346435792889965,0.0,0,1662280586,
2528,0.07425050977951306,1.2026169284505766e-07,7.025595218289156e-07,-1.4896002929836103e-14,1.0,0,0.31378374993801117,1062.6162601248361,50,126450,,,,,0.00034678767689330837,0.33870334717763906,0.0,0,3729835393,
2529,0.07425050977950559,1.1958431638797963e-07,8.48426828410389e-07,-2.177622019374044e-14,1.0,0,0.40929149999283254,1063.0256360408384,50,126500,,,,,0.0003458096534048459,0.3376065000084789,0.0,0,2791238259,
2530,0.07425050977949468,1.192249422549232e-07,9.595818833829602e-07,-2.7100036346971343e-14,1.0,0,0.4431086250115186,1063.4688292909414,50,126550,,,,,0.00034528964979408695,0.313380156986927,0.0,0,3737359638,
2531,0.07425050977948114,1.1655640732426676e-07,7.836166920154738e-07,-1.7546645008352424e-14,1.0,0,0.3003171670716256,1063.7693010407966,50,126600,,,,,0.0003414035842287933,0.3296823374575191,0.0,0,3944976432,
2532,0.07425050977947237,1.1657399200855762e-07,8.765226017928877e-07,-2.175194336077355e-14,1.0,0,0.41284204204566777,1064.182233540807,50,126650,,,,,0.0003414293367719851,0.32418026838733016,0.0,0,1619613179,
2533,0.07425050977946146,1.1541836028060005e-07,6.460061915330597e-07,-1.2678903736274852e-14,1.0,0,0.31267625000327826,1064.494996874826,50,126700,,,,,0.00033973277775422266,0.3422645357073132,0.0,0,2906304402,
2534,0.07425050977945515,1.1453587676755357e-07,7.710561030332243e-07,-1.71247062539463e-14,1.0,0,0.27787420921958983,1064.7729574998375,50,126750,,,,,0.00033843149494034027,0.3487950554603557,0.0,0,1285909660,
2535,0.0742505097794466,1.1492371297748168e-07,9.489197296081424e-07,-2.538798838140986e-14,1.0,0,0.2832457080949098,1065.0579147909302,50,126800,,,,,0.00033900400141809785,0.32915929377217545,0.0,0,3099396454,
2536,0.07425050977943387,1.1405817245442689e-07,8.925130535945471e-07,-2.2036559158833465e-14,1.0,0,0.3724144590087235,1065.4304014998488,50,126850,,,,,0.000337724995305984,0.3267181309538585,0.0,0,2622870775,
2537,0.07425050977942288,1.1408248534043433e-07,7.565233436081625e-07,-1.5867575086422767e-14,1.0,0,0.2959422911517322,1065.7264930829406,50,126900,,,,,0.00033776098848214297,0.347138156672606,0.0,0,1702464880,
2538,0.07425050977941489,1.1353948027538841e-07,8.551569463236555e-07,-2.0857612505032658e-14,1.0,0,0.48104945779778063,1066.207677874947,50,126950,,,,,0.00033695619934256797,0.32115208693215447,0.0,0,3216216419,
2539,0.07425050977940448,1.131304765839696e-07,8.320206345719697e-07,-2.029447431497493e-14,1.0,0,0.33668608288280666,1066.5445043749642,50,127000,,,,,0.00033634874250392194,0.3164264902407869,0.0,0,2211926408,
2540,0.07425050977939435,1.1215606501452312e-07,9.017717562894479e-07,-2.3585140783060677e-14,1.0,0,0.3235221249051392,1066.868104790803,50,127050,,,,,0.0003348970961571974,0.33740533121038835,0.0,0,3123679573,
2541,0.07425050977938252,1.1313413984248069e-07,9.899843474872889e-07,-2.721241701770193e-14,1.0,0,0.275576459011063,1067.143766416004,50,127100,,,,,0.0003363541880852395,0.31894497235647057,0.0,0,760646549,
2542,0.07425050977936891,1.1163584241414798e-07,8.937664960454876e-07,-2.4746023070947558e-14,1.0,0,0.29798325011506677,1067.4418362909928,50,127150,,,,,0.00033411950319331554,0.32430001477499465,0.0,0,670423819,
2543,0.07425050977935652,1.0970947083056193e-07,8.20764018426166e-07,-1.9489851274020383e-14,1.0,0,0.2896665830630809,1067.7317456249148,50,127200,,,,,0.0003312242002489582,0.3336396413614957,0.0,0,3619768959,
2544,0.07425050977934676,1.1017662975304268e-07,6.822093106846688e-07,-1.2853571197776974e-14,1.0,0,0.3080456249881536,1068.039933707798,50,127250,,,,,0.00033192865160007305,0.326838198841486,0.0,0,3716868086,
2545,0.07425050977934036,1.0973660065277219e-07,7.666115218592832e-07,-1.6861112171984225e-14,1.0,0,0.2667005001567304,1068.3067193329334,50,127300,,,,,0.0003312651515821913,0.33080748300083435,0.0,0,3046911624,
2546,0.07425050977933192,1.089687335405567e-07,8.638077088145545e-07,-2.1041723273830524e-14,1.0,0,0.3420154578052461,1068.648814415792,50,127350,,,,,0.00033010412530072494,0.34002934841423216,0.0,0,3145741831,
2547,0.07425050977932136,1.0924288640121487e-07,9.274965560714501e-07,-2.469062749128363e-14,1.0,0,0.2727049170061946,1068.9216626249254,50,127400,,,,,0.00033051911654428533,0.34002210219241497,0.0,0,1611832789,
2548,0.074250509779309,1.0884831031379035e-07,7.391841667475251e-07,-1.5577843814794315e-14,1.0,0,0.4704384170472622,1069.39218591596,50,127450,,,,,0.00032992167299798655,0.344645623709536,0.0,0,2010654757,
2549,0.07425050977930125,1.0849631153266973e-07,9.340001768214733e-07,-2.428517662949217e-14,1.0,0,0.38831570907495916,1069.7806477909908,50,127500,,,,,0.0003293877829134981,0.33225724152966984,0.0,0,2802180175,
2550,0.07425050977928907,1.0820954685870798e-07,7.318816810577692e-07,-1.6146478144935504e-14,1.0,0,0.5767911248840392,1070.3575417499524,50,127550,,,,,0.00032895219540034687,0.34263735254573807,0.0,0,3575154388,
2551,0.07425050977928101,1.0704443668285342e-07,7.056545094760353e-07,-1.5002845596011786e-14,1.0,0,0.6032970831729472,1070.9613100409042,50,127600,,,,,0.00032717646107697514,0.33243286187473325,0.0,0,24188045,
2552,0.07425050977927351,1.0637144085049363e-07,7.384779530325311e-07,-1.5357697284282847e-14,1.0,0,0.45641858293674886,1071.417828375008,50,127650,,,,,0.0003261463488228768,0.3465972230477297,0.0,0,450252122,
2553,0.07425050977926581,1.0646420268947158e-07,8.16252202237113e-07,-1.910866289178869e-14,1.0,0,0.4220907499548048,1071.8400832498446,50,127700,,,,,0.00032628852675120466,0.31673519483101426,0.0,0,1084077026,
2554,0.07425050977925626,1.0644246022470154e-07,7.422733245684489e-07,-1.5666938362354466e-14,1.0,0,0.43339224997907877,1072.2735945410095,50,127750,,,,,0.00032625520719936646,0.33651046455167505,0.0,0,3321576799,
2555,0.07425050977924846,1.0587747996037368e-07,9.314700969564513e-07,-2.5317832001697804e-14,1.0,0,0.3854964580386877,1072.6591777908616,50,127800,,,,,0.0003253881988646387,0.351425752011413,0.0,0,3544563551,
2556,0.07425050977923575,1.0620529316518876e-07,6.923102913103113e-07,-1.3328366211264524e-14,1.0,0,0.4225906250067055,1073.0818527499214,50,127850,,,,,0.00032589153589068364,0.3353324758867222,0.0,0,3295247833,
2557,0.07425050977922912,1.0422604680596694e-07,7.982903748415012e-07,-1.9603499913111222e-14,1.0,0,0.4142107500229031,1073.496190290898,50,127900,,,,,0.0003228405903940317,0.33840253007871846,0.0,0,658031325,
2558,0.07425050977921932,1.0324356215173123e-07,8.706463843782058e-07,-2.1059958594905917e-14,1.0,0,0.7656020419672132,1074.2618777079042,50,127950,,,,,0.00032131536245833507,0.32136517726338704,0.0,0,1593884654,
2559,0.07425050977920873,1.0351319651010023e-07,7.255117922024056e-07,-1.5595865683780752e-14,1.0,0,0.8339983748737723,1075.0960020408966,50,128000,,,,,0.0003217346678710583,0.3485699384721548,0.0,0,1975871834,
2560,0.07425050977920092,1.0272081847040998e-07,9.697476787793213e-07,-2.614124583335808e-14,1.0,0,0.4086920830886811,1075.504782457836,50,128050,,,,,0.00032050088684808654,0.32503873021076685,0.0,0,2119068257,
2561,0.07425050977918787,1.0314688485424666e-07,6.786329237325271e-07,-1.3149644914781285e-14,1.0,0,0.2705017081461847,1075.7753659998998,50,128100,,,,,0.00032116488733086414,0.33552538480356436,0.0,0,2554009427,
2562,0.0742505097791813,1.0263622566369951e-07,7.141387710543028e-07,-1.5580575611465436e-14,1.0,0,0.3152595409192145,1076.0906928749755,50,128150,,,,,0.00032036888997482183,0.35577442788092606,0.0,0,626492951,
2563,0.07425050977917343,1.0127654916244142e-07,7.01966597017975e-07,-1.5383135898044433e-14,1.0,0,0.32674775016494095,1076.417829874903,50,128200,,,,,0.00031823976678353917,0.34216972050831695,0.0,0,1541559012,
2564,0.07425050977916578,1.0071420544625425e-07,9.593216421505982e-07,-2.6441318584662015e-14,1.0,0,0.3490583330858499,1076.7670252500102,50,128250,,,,,0.0003173550148433994,0.3401198908462862,0.0,0,1298562642,
2565,0.07425050977915254,9.871950277757223e-08,6.552282036040517e-07,-1.2170914485163418e-14,1.0,0,0.3810135831590742,1077.148124374915,50,128300,,,,,0.0003141965989274426,0.3463279038474846,0.0,0,2590875162,
2566,0.07425050977914649,9.773262086505583e-08,7.099472821974884e-07,-1.5656364525519137e-14,1.0,0,0.3048335839994252,1077.4530509999022,50,128350,,,,,0.0003126221695034692,0.3174152097206861,0.0,0,2576841954,
2567,0.07425050977913861,9.670939065828032e-08,6.985738809962917e-07,-1.3998593324259202e-14,1.0,0,0.3632246251218021,1077.8163600408006,50,128400,,,,,0.00031098133490336735,0.33143531117095304,0.0,0,1181433775,
2568,0.07425050977913164,9.595160862113813e-08,7.656989752456528e-07,-1.5956813030109216e-14,1.0,0,0.5508739589713514,1078.367378332885,50,128450,,,,,0.0003097605666012673,0.3343844827054386,0.0,0,3288537856,
2569,0.07425050977912366,9.648973230487887e-08,7.217070033933198e-07,-1.4672771728205632e-14,1.0,0,0.6224675001576543,1078.9899344998412,50,128500,,,,,0.0003106279644605084,0.3382437333011075,0.0,0,2457199258,
2570,0.07425050977911633,9.566389729864564e-08,6.477375671117577e-07,-1.2216999392067372e-14,1.0,0,0.5024507080670446,1079.4924759578425,50,128550,,,,,0.00030929580873113307,0.31748871839114334,0.0,0,364250218,
2571,0.0742505097791102,9.57279641218757e-08,7.62541099559822e-07,-1.6284772175555918e-14,1.0,0,0.4987259581685066,1079.9912917909678,50,128600,,,,,0.00030939936024800647,0.33169143546735924,0.0,0,3572534128,
2572,0.07425050977910203,9.450039979223657e-08,6.747218738287349e-07,-1.4096996282537004e-14,1.0,0,0.40018124994821846,1080.3916175409686,50,128650,,,,,0.0003074091732402216,0.3352755674836068,0.0,0,2153990655,
2573,0.07425050977909499,9.451674467369314e-08,6.284563857456394e-07,-1.2501410276492671e-14,1.0,0,0.4551171250641346,1080.8468219579663,50,128700,,,,,0.0003074357569862249,0.34869404798045095,0.0,0,604471456,
2574,0.07425050977908879,9.405210861483473e-08,5.851222350176782e-07,-9.869496939213877e-15,1.0,0,0.4239721249323338,1081.2708844998851,50,128750,,,,,0.0003066791623420716,0.3374764721944772,0.0,0,3045277002,
2575,0.07425050977908382,9.377807998716809e-08,7.525728624142651e-07,-1.5814325923665232e-14,1.0,0,0.423760165926069,1081.6947347079404,50,128800,,,,,0.00030623206884186394,0.3337244329222807,0.0,0,172947707,
2576,0.07425050977907591,9.314730340019829e-08,7.613343435743706e-07,-1.589906251457696e-14,1.0,0,0.42993262503296137,1082.124812749913,50,128850,,,,,0.0003052004315203343,0.3401798397927483,0.0,0,1461674835,
2577,0.07425050977906794,9.28087274469591e-08,6.755692694942653e-07,-1.3594153513806915e-14,1.0,0,0.4328397910576314,1082.5578002079856,50,128900,,,,,0.00030464524852188177,0.32911119595736193,0.0,0,3400419172,
2578,0.07425050977906114,9.09119801420524e-08,5.838010944160883e-07,-1.0250455629511203e-14,1.0,0,0.41816329187713563,1082.9761093328707,50,128950,,,,,0.00030151613579052844,0.32421670243240447,0.0,0,3185925642,
2579,0.07425050977905605,9.071323327932495e-08,8.483723245637917e-07,-2.006506901622095e-14,1.0,0,0.40799795906059444,1083.3842522078194,50,129000,,,,,0.00030118637631759666,0.33546512395634914,0.0,0,3389376360,
2580,0.07425050977904599,9.148957960364261e-08,7.24482534642374e-07,-1.5357628114169975e-14,1.0,0,0.36477899993769825,1083.7491193329915,50,129050,,,,,0.00030247244437079323,0.32821626951104443,0.0,0,3463938369,
2581,0.07425050977903831,9.194568386172525e-08,6.821269669101177e-07,-1.3218181031256288e-14,1.0,0,0.39226304180920124,1084.141532999929,50,129100,,,,,0.00030322546704016344,0.33153357750912366,0.0,0,1902597668,
2582,0.07425050977903169,9.19127365518687e-08,6.642262823566311e-07,-1.203165397946814e-14,1.0,0,0.43016612506471574,1084.5718367497902,50,129150,,,,,0.0003031711341006408,0.34037731440714036,0.0,0,379310941,
2583,0.07425050977902568,9.116050398448169e-08,6.372278090926759e-07,-1.1912317094590411e-14,1.0,0,0.4436293749604374,1085.0155609999783,50,129200,,,,,0.0003019279781412807,0.32881379579911074,0.0,0,2206291872,
2584,0.07425050977901967,9.135770583669247e-08,7.674799051630466e-07,-1.716828936596174e-14,1.0,0,0.4922182080335915,1085.5078778748866,50,129250,,,,,0.00030225437273378276,0.31712300671220284,0.0,0,3758843207,
2585,0.0742505097790111,9.133108433419752e-08,6.794884842060624e-07,-1.3460202849353954e-14,1.0,0,0.4187578330747783,1085.9270627079532,50,129300,,,,,0.000302210331283028,0.3191638004539938,0.0,0,4095984882,
2586,0.07425050977900438,9.10790045759791e-08,7.379780386334617e-07,-1.5967410697541988e-14,1.0,0,0.5628567920066416,1086.4900054999162,50,129350,,,,,0.0003017929829800208,0.33896469572596816,0.0,0,3695707088,
2587,0.07425050977899639,8.918961776279972e-08,7.407410895372697e-07,-1.5266957517812438e-14,1.0,0,0.5459507920313627,1087.0360490409657,50,129400,,,,,0.00029864630880491346,0.3403962284283402,0.0,0,2984782098,
2588,0.07425050977898875,8.743476650586176e-08,5.948502147113272e-07,-9.96758636132629e-15,1.0,0,0.402257083915174,1087.438447457971,50,129450,,,,,0.0002956937038657769,0.31610955296196536,0.0,0,1305032141,
2589,0.07425050977898374,8.768223207050534e-08,7.310226113265051e-07,-1.4565674995880938e-14,1.0,0,0.6149016669951379,1088.0534387079533,50,129500,,,,,0.0002961118573622227,0.3494709138419845,0.0,0,3476827413,
2590,0.07425050977897647,8.736703117234168e-08,6.468800077194447e-07,-1.1692609442428305e-14,1.0,0,0.7744761249050498,1088.8280144999735,50,129550,,,,,0.00029557914536100424,0.33413136074773164,0.0,0,2888833685,
2591,0.07425050977897063,8.685767321619418e-08,6.186293206651004e-07,-1.1295621082429134e-14,1.0,0,0.6743177501484752,1089.502430040855,50,129600,,,,,0.0002947162588256613,0.3210044252872826,0.0,0,2883246663,
2592,0.074250509778965,8.668257852578061e-08,6.411868021885978e-07,-1.1721889382093497e-14,1.0,0,0.5651260421145707,1090.0677237908822,50,129650,,,,,0.00029441905258624246,0.32924256137293256,0.0,0,3478600393,
2593,0.07425050977895911,8.591671006432364e-08,5.80723645111781e-07,-1.0303167376073664e-14,1.0,0,0.5351200001314282,1090.6029399158433,50,129700,,,,,0.0002931155234106915,0.32489400405978713,0.0,0,1585135456,
2594,0.07425050977895395,8.51836488944886e-08,5.84088158023629e-07,-9.641942012975283e-15,1.0,0,0.33950329083018005,1090.9425244999584,50,129750,,,,,0.00029186238006034387,0.3259844467381866,0.0,0,1002106836,
2595,0.07425050977894915,8.491998727844829e-08,6.010355381661684e-07,-1.0273833792142337e-14,1.0,0,0.9717819162178785,1091.9144949999172,50,129800,,,,,0.00029141034174930765,0.3389901348157627,0.0,0,3488840752,
2596,0.07425050977894404,8.496135178251545e-08,6.48738878658169e-07,-1.2135709866197519e-14,1.0,0,1.8675966248847544,1093.782993957866,50,129850,,,,,0.0002914813060601236,0.3338140890062233,0.0,0,1210126478,
2597,0.0742505097789379,8.406531933493505e-08,5.855862752202026e-07,-1.0003435290600934e-14,1.0,0,0.8927727499976754,1094.675967457937,50,129900,,,,,0.00028994019958421605,0.3412572861479616,0.0,0,3224158383,
2598,0.07425050977893288,8.369873151446709e-08,5.9640999372547e-07,-9.9063717623829e-15,1.0,0,1.5558978330809623,1096.2320052077994,50,129950,,,,,0.0002893073305577774,0.3225524231260285,0.0,0,2033781888,
2599,0.07425050977892797,8.373861806089357e-08,7.052108499026064e-07,-1.429137579735029e-14,1.0,0,1.6504442079458386,1097.8825966659933,50,130000,,,,,0.0002893762569059417,0.3136538665413744,0.0,0,2161738361,
2600,0.0742505097789208,8.390582981210376e-08,6.748812776775212e-07,-1.3200250000490925e-14,1.0,0,1.50925258314237,1099.3933539579157,50,130050,,,,,0.0002896650303576594,0.3357860724018629,0.0,0,2915155942,
2601,0.07425050977891423,8.317461845091285e-08,7.062691538307001e-07,-1.3732006169812955e-14,1.0,0,1.5444912910461426,1100.93800383294,50,130100,,,,,0.00028840010133651624,0.32738970821913893,0.0,0,2441931740,
2602,0.07425050977890735,8.300672641866773e-08,5.220543273188455e-07,-7.901181414040009e-15,1.0,0,0.48440725007094443,1101.4225477077998,50,130150,,,,,0.00028810887945127225,0.3288277519283972,0.0,0,2655693119,
2603,0.07425050977890338,8.232638327184672e-08,5.992108553097628e-07,-1.0781070026833537e-14,1.0,0,0.6413569590076804,1102.0639969578478,50,130200,,,,,0.0002869257452231269,0.3269056383723299,0.0,0,1886587623,
2604,0.074250509778898,8.173991837321447e-08,5.729166199844618e-07,-1.0266769182004927e-14,1.0,0,0.5623830000404269,1102.6264953748323,50,130250,,,,,0.00028590193838659865,0.335306581610726,0.0,0,2397633030,
2605,0.07425050977889286,8.172039768119303e-08,5.654048145499549e-07,-9.055866966217435e-15,1.0,0,0.7088585831224918,1103.3354939159472,50,130300,,,,,0.00028586779755892936,0.3303834530125338,0.0,0,2594950219,
2606,0.07425050977888834,8.13916444562626e-08,6.307817488472982e-07,-1.1540722774612018e-14,1.0,0,0.9390240418724716,1104.274677540874,50,130350,,,,,0.0002852922088951302,0.3374567235629879,0.0,0,1710320355,
2607,0.07425050977888255,8.140612892648897e-08,5.640458811260623e-07,-9.607642913594687e-15,1.0,0,0.8309492499101907,1105.105724082794,50,130400,,,,,0.0002853175930896813,0.340355684328095,0.0,0,3303323888,
2608,0.0742505097788777,8.106199887657479e-08,5.089420950416621e-07,-7.88610970737008e-15,1.0,0,1.9252694582100958,1107.0314467907883,50,130450,,,,,0.0002847138895041385,0.32830768657287485,0.0,0,624419442,
2609,0.07425050977887382,8.077839044904219e-08,5.323664119402663e-07,-8.278087628772753e-15,1.0,0,0.6505652908235788,1107.682158249896,50,130500,,,,,0.0002842153944617395,0.3257722750108999,0.0,0,2708470175,
2610,0.07425050977886967,7.998425684479775e-08,5.520829202568567e-07,-8.80568927624236e-15,1.0,0,0.6427968752104789,1108.3250490829814,50,130550,,,,,0.0002828148808758085,0.32680991353479766,0.0,0,3504911808,
2611,0.07425050977886526,7.941398790684858e-08,6.308986768453564e-07,-1.1609919896533618e-14,1.0,0,0.6501628749538213,1108.9752762909047,50,130600,,,,,0.00028180487559098153,0.3385199403819217,0.0,0,3383198147,
2612,0.07425050977885941,7.906373012392092e-08,5.886041842569383e-07,-1.0059500725796604e-14,1.0,0,0.5922008748166263,1109.5675969999284,50,130650,,,,,0.0002811827343986841,0.31876878221855154,0.0,0,3309975595,
2613,0.07425050977885442,7.916459381584024e-08,4.973308612175847e-07,-7.703193645857749e-15,1.0,0,0.6962553749326617,1110.2640050000045,50,130700,,,,,0.0002813620333588742,0.33690453933789205,0.0,0,1541368132,
2614,0.07425050977885057,7.880939216966212e-08,6.389727459709014e-07,-1.1484570995254618e-14,1.0,0,0.48538429103791714,1110.7494710828178,50,130750,,,,,0.0002807301055634435,0.3417907854692244,0.0,0,4262040624,
2615,0.07425050977884481,7.830642492945127e-08,5.478942321943102e-07,-8.96900774294752e-15,1.0,0,0.5071168330032378,1111.256685582921,50,130800,,,,,0.00027983285176950057,0.32828146669719704,0.0,0,2820303680,
2616,0.07425050977884035,7.68302550924533e-08,5.37180337519897e-07,-7.991618971106469e-15,1.0,0,0.897456374950707,1112.1546063330024,50,130850,,,,,0.00027718271066654444,0.32315296449634245,0.0,0,276603913,
2617,0.07425050977883635,7.571233586531952e-08,6.310359686271235e-07,-1.1391031130393387e-14,1.0,0,0.8374696250539273,1112.9922234159894,50,130900,,,,,0.0002751587466633026,0.34386218854747486,0.0,0,3867635304,
2618,0.07425050977883063,7.533988880808186e-08,5.788629716246901e-07,-9.816218417787312e-15,1.0,0,0.6069191249553114,1113.599290707847,50,130950,,,,,0.0002744811265061441,0.331427331531594,0.0,0,1805882830,
2619,0.07425050977882572,7.525976879644752e-08,5.216507324595483e-07,-8.079498514505067e-15,1.0,0,0.5806294579524547,1114.180076707853,50,131000,,,,,0.0002743351395582555,0.3447197840472104,0.0,0,2852627718,
2620,0.07425050977882167,7.477056823789613e-08,5.349656491583443e-07,-8.856423127235001e-15,1.0,0,0.9605934170540422,1115.1407785830088,50,131050,,,,,0.00027344207473959845,0.3376722407473896,0.0,0,1267739394,
2621,0.07425050977881725,7.435204322170211e-08,6.050690408073476e-07,-1.0422651328045806e-14,1.0,0,0.41991662490181625,1115.5608083750121,50,131100,,,,,0.0002726757107292509,0.34827807115199566,0.0,0,4131365717,
2622,0.07425050977881206,7.41738854395966e-08,5.372571079518415e-07,-8.703628675140618e-15,1.0,0,0.6310548749752343,1116.1919584998395,50,131150,,,,,0.0002723488304355218,0.32066824440892194,0.0,0,3965743201,
2623,0.0742505097788077,7.392131565387514e-08,5.437835216206929e-07,-7.966545947488242e-15,1.0,0,0.4906387079972774,1116.6827423749492,50,131200,,,,,0.0002718847470048203,0.33945714527136117,0.0,0,171762113,
2624,0.07425050977880371,7.34187792888381e-08,5.677695448025525e-07,-9.168919869770198e-15,1.0,0,0.4240214580204338,1117.1068494159263,50,131250,,,,,0.0002709589992763446,0.33425481292224785,0.0,0,3151291671,
2625,0.07425050977879909,7.280339763637304e-08,6.450371361808215e-07,-1.1523555722634792e-14,1.0,0,0.6987298750318587,1117.8056713328697,50,131300,,,,,0.0002698210474302793,0.32749957763623017,0.0,0,3066425912,
2626,0.0742505097787933,7.271124492619529e-08,6.150946704266718e-07,-1.0595588991498059e-14,1.0,0,0.5325715418439358,1118.3391716659535,50,131350,,,,,0.0002696502270093524,0.34365616638656576,0.0,0,3945306131,
2627,0.07425050977878805,7.170535164488817e-08,6.076838897034973e-07,-1.041832138178941e-14,1.0,0,0.4413084171246737,1118.7805716248695,50,131400,,,,,0.00026777854963549297,0.3297740570428958,0.0,0,879880046,
2628,0.07425050977878286,7.086180729571183e-08,5.888650264357259e-07,-9.551227652972572e-15,1.0,0,0.6084529580548406,1119.3891135000158,50,131450,,,,,0.00026619881159710657,0.346995968028835,0.0,0,3947145706,
2629,0.07425050977877803,7.11556722148044e-08,5.166576170854878e-07,-8.114091210402223e-15,1.0,0,0.8664174161385745,1120.2556758748833,50,131500,,,,,0.000266750205650913,0.3277195281712523,0.0,0,301407874,
2630,0.07425050977877398,7.080925895348186e-08,6.202053865711062e-07,-1.0956824385646264e-14,1.0,0,0.6049005419481546,1120.860727916006,50,131550,,,,,0.000266100091983227,0.30184463765298203,0.0,0,580970235,
2631,0.07425050977876851,6.976849691976336e-08,5.60213331077831e-07,-9.025483281399798e-15,1.0,0,0.5783492501359433,1121.4392164158635,50,131600,,,,,0.00026413726908515456,0.32610719002971067,0.0,0,2019137434,
2632,0.074250509778764,6.904295886933318e-08,5.333597068011823e-07,-8.686151946014205e-15,1.0,0,0.625180791830644,1122.0644937909674,50,131650,,,,,0.0002627602688180486,0.34445693419872014,0.0,0,187177166,
2633,0.07425050977875967,6.898112184093603e-08,5.035605059019392e-07,-7.181730623477529e-15,1.0,0,0.6736232079565525,1122.7382069157902,50,131700,,,,,0.0002626425743114319,0.33059639879396285,0.0,0,846752115,
2634,0.07425050977875605,6.868877857226536e-08,5.301057854051253e-07,-8.021664140396333e-15,1.0,0,0.9282932090573013,1123.6666334997863,50,131750,,,,,0.0002620854413588541,0.35315112370260326,0.0,0,2406273262,
2635,0.07425050977875206,6.852116694206277e-08,5.938371665335145e-07,-1.0056359810015524e-14,1.0,0,0.7495010420680046,1124.416324999882,50,131800,,,,,0.0002617654808068909,0.33293664323278627,0.0,0,891296332,
2636,0.07425050977874703,6.728254796090179e-08,4.812135472000129e-07,-6.713075405869126e-15,1.0,0,0.6192916249856353,1125.0357639580034,50,131850,,,,,0.00025938879690707884,0.3236003075115743,0.0,0,4007338182,
2637,0.07425050977874367,6.688931348408692e-08,5.347428283276089e-07,-8.612067633562266e-15,1.0,0,0.4718690412119031,1125.5077789579518,50,131900,,,,,0.0002586296840737484,0.33084427990231785,0.0,0,3423957383,
2638,0.07425050977873932,6.641197748355322e-08,5.668528641541873e-07,-8.64818111078083e-15,1.0,0,0.4120932079385966,1125.9199599158019,50,131950,,,,,0.0002577052143119212,0.33155359346775776,0.0,0,1977097834,
2639,0.07425050977873501,6.543743246862476e-08,4.3116014406022425e-07,-5.479109016775808e-15,1.0,0,0.45367241697385907,1126.3737222079653,50,132000,,,,,0.00025580741284924637,0.34091883461682637,0.0,0,4039480722,
2640,0.07425050977873232,6.598902113593982e-08,5.134447242174868e-07,-7.823441999090387e-15,1.0,0,0.633688542060554,1127.00750099984,50,132050,,,,,0.00025688328309942597,0.3355909270467992,0.0,0,3932191914,
2641,0.07425050977872838,6.633986527135313e-08,5.234192886322787e-07,-7.694356684184055e-15,1.0,0,0.7232568331528455,1127.7308772909455,50,132100,,,,,0.0002575652641008743,0.3355734756071282,0.0,0,297100606,
2642,0.07425050977872452,6.569122721093804e-08,5.177493372489421e-07,-7.787587978102529e-15,1.0,0,0.4492617498617619,1128.180288540898,50,132150,,,,,0.0002563029988332911,0.32388575666812225,0.0,0,2699595061,
2643,0.07425050977872061,6.527071506405888e-08,5.031317990282562e-07,-6.968155438853393e-15,1.0,0,0.4781438750214875,1128.6585662500001,50,132200,,,,,0.0002554813399527623,0.3284504478967055,0.0,0,2206938458,
2644,0.07425050977871714,6.537208095314958e-08,4.985840696919302e-07,-7.487940651812408e-15,1.0,0,0.6803673750255257,1129.3390561249107,50,132250,,,,,0.00025567964516783417,0.3206114969173745,0.0,0,2141546922,
2645,0.0742505097787134,6.537111836278244e-08,4.1299402581199975e-07,-4.9634436646156096e-15,1.0,0,0.6999024171382189,1130.039387082914,50,132300,,,,,0.00025567776274596594,0.3444817107666167,0.0,0,3980218420,
2646,0.07425050977871092,6.454354447913301e-08,4.917999959145818e-07,-6.8634422585221036e-15,1.0,0,0.7568654580973089,1130.7963832498062,50,132350,,,,,0.0002540542156295247,0.3475960704604672,0.0,0,3413029770,
2647,0.07425050977870748,6.451208127807876e-08,5.15479380239908e-07,-7.680210950913996e-15,1.0,0,0.8075826249551028,1131.604060540907,50,132400,,,,,0.0002539922858633285,0.3417092645695805,0.0,0,1739895399,
2648,0.07425050977870364,6.394933963329677e-08,4.4149730047587934e-07,-5.740364140731322e-15,1.0,0,1.2663795419503003,1132.8705433330033,50,132450,,,,,0.0002528820666502407,0.3346231932200003,0.0,0,2496238292,
2649,0.07425050977870079,6.348704053532824e-08,4.898728542509369e-07,-6.906030994938552e-15,1.0,0,1.3573515419848263,1134.2279865827877,50,132500,,,,,0.0002519663480215726,0.3326221973389911,0.0,0,2871380892,
2650,0.07425050977869732,6.273466009870083e-08,6.074785377621575e-07,-1.020184693756068e-14,1.0,0,2.1309364999178797,1136.3590264578816,50,132550,,,,,0.0002504688804995559,0.3394620844500778,0.0,0,3128248565,
2651,0.07425050977869223,6.244425889029323e-08,4.760930130903172e-07,-6.819036053289572e-15,1.0,0,1.460232333978638,1137.819552624831,50,132600,,,,,0.0002498884929129255,0.3310257235985389,0.0,0,2618328758,
2652,0.0742505097786888,6.228569611068382e-08,4.4004181816231856e-07,-5.642558565263839e-15,1.0,0,2.638145459117368,1140.4579862079117,50,132650,,,,,0.00024957102418086085,0.3475823344075429,0.0,0,338350495,
2653,0.074250509778686,6.160502375042268e-08,4.1403037107668515e-07,-4.9655284077616375e-15,1.0,0,1.0257365831639618,1141.4842917909846,50,132700,,,,,0.00024820359334712036,0.32570739505111074,0.0,0,3998477407,
2654,0.0742505097786835,6.13111831550666e-08,4.836998651537168e-07,-6.730750855237591e-15,1.0,0,0.8553752079606056,1142.33977424982,50,132750,,,,,0.00024761095120181295,0.3483832327687679,0.0,0,3917639323,
2655,0.07425050977868013,6.046766398288814e-08,3.785811676252303e-07,-4.257171672083675e-15,1.0,0,0.3930052500218153,1142.7332640409004,50,132800,,,,,0.0002459017364373179,0.3351205347847927,0.0,0,527588078,
2656,0.07425050977867798,6.027746330397535e-08,4.17405415886413e-07,-4.917830380813836e-15,1.0,0,0.3125029581133276,1143.045864332933,50,132850,,,,,0.00024551469060725336,0.34080391403564936,0.0,0,4195632136,
2657,0.0742505097786755,5.981668732765672e-08,4.7126705142018986e-07,-6.263119831682993e-15,1.0,0,0.9830793750006706,1144.029039207846,50,132900,,,,,0.00024457450261148797,0.3177316289439504,0.0,0,3163737332,
2658,0.07425050977867244,5.9565221612428556e-08,4.3021771123890597e-07,-5.138679603490506e-15,1.0,0,0.6220903340727091,1144.6512199158315,50,132950,,,,,0.00024405987300748266,0.33739910111360816,0.0,0,1761254441,
2659,0.07425050977866982,5.8886893002715474e-08,4.577597920688653e-07,-6.139214429774026e-15,1.0,0,1.2651908330153674,1145.9165504158009,50,133000,,,,,0.00024266621726708372,0.32935640438205266,0.0,0,289215605,
2660,0.07425050977866678,5.887222244853589e-08,4.318720471671323e-07,-5.628584596489902e-15,1.0,0,0.6611018751282245,1146.577824665932,50,133050,,,,,0.00024263598753799053,0.3287497712444811,0.0,0,344853707,
2661,0.07425050977866395,5.905705587616495e-08,3.8499439289390283e-07,-4.359067396494271e-15,1.0,0,0.7327595420647413,1147.3107173328754,50,133100,,,,,0.00024301657531157202,0.34108755008402625,0.0,0,1427563440,
2662,0.07425050977866178,5.87609038889188e-08,4.791914730684266e-07,-6.562864651411604e-15,1.0,0,0.5282077919691801,1147.8390668749344,50,133150,,,,,0.00024240648483264386,0.33256985771686837,0.0,0,3953632660,
2663,0.07425050977865849,5.773253001152095e-08,3.879047682129023e-07,-4.669696596190334e-15,1.0,0,0.5252462921198457,1148.3682085829787,50,133200,,,,,0.00024027594555327622,0.3175891487950918,0.0,0,1101053227,
2664,0.07425050977865615,5.780422559432054e-08,5.142735436228021e-07,-7.18157752950903e-15,1.0,0,0.6359102078713477,1149.004251166014,50,133250,,,,,0.00024042509352045711,0.33607628294203,0.0,0,4019690505,
2665,0.07425050977865257,5.769108619074061e-08,3.5187504159783105e-07,-3.6047102580985345e-15,1.0,0,0.4156209579668939,1149.4199742497876,50,133300,,,,,0.0002401896879358908,0.34921976361753043,0.0,0,2790030105,
2666,0.07425050977865073,5.7687729652057063e-08,3.9991563007589397e-07,-4.589139237608835e-15,1.0,0,0.6994418750982732,1150.1195164578967,50,133350,,,,,0.00024018270056783245,0.3273412277949567,0.0,0,505363038,
2667,0.07425050977864847,5.8146395838764754e-08,4.401798809631032e-07,-5.506916707457436e-15,1.0,0,0.5661820839159191,1150.685790124815,50,133400,,,,,0.00024113563784468846,0.3423285874678312,0.0,0,3241674828,
2668,0.07425050977864572,5.8355206928700186e-08,4.965372659422936e-07,-7.329125189408795e-15,1.0,0,0.5008594170212746,1151.1868173328694,50,133450,,,,,0.00024156822417010932,0.3305283216906502,0.0,0,1657040765,
2669,0.07425050977864203,5.794915944914076e-08,4.320246220945578e-07,-5.221335821989961e-15,1.0,0,0.5891751670278609,1151.7761010408867,50,133500,,,,,0.00024072631648646304,0.33748033472795963,0.0,0,1097834334,
2670,0.07425050977863942,5.790166161066631e-08,3.8233962494667227e-07,-4.099903911250317e-15,1.0,0,0.41885729087516665,1152.195067040855,50,133550,,,,,0.00024062764099468356,0.3646830688973437,0.0,0,2364830419,
2671,0.07425050977863738,5.764016580083172e-08,4.3891760566521024e-07,-5.3240627965579824e-15,1.0,0,0.5695005001034588,1152.7646561658476,50,133600,,,,,0.00024008366416903863,0.34521235635962344,0.0,0,605950249,
2672,0.0742505097786347,5.769212292649985e-08,4.4911722651480474e-07,-5.925429046649678e-15,1.0,0,0.6037471250165254,1153.3688468330074,50,133650,,,,,0.0002401918460866227,0.3333769289978315,0.0,0,3300879905,
2673,0.07425050977863178,5.695997246164842e-08,4.4160836539696463e-07,-5.43296065600448e-15,1.0,0,0.5126346668694168,1153.881569457939,50,133700,,,,,0.00023866288454983615,0.3428394733885399,0.0,0,3320965073,
2674,0.07425050977862903,5.691870045221713e-08,5.068276084597996e-07,-7.484296800587874e-15,1.0,0,0.7600436250213534,1154.6417622079607,50,133750,,,,,0.0002385764038043518,0.3308407648326461,0.0,0,3151313089,
2675,0.0742505097786253,5.585429742451754e-08,5.269400188922764e-07,-7.700863931775318e-15,1.0,0,0.36486962507478893,1155.0070105828345,50,133800,,,,,0.00023633513793872788,0.3194328947504789,0.0,0,3036329091,
2676,0.07425050977862142,5.5285230196392333e-08,4.0030170084670364e-07,-4.707550813273926e-15,1.0,0,0.38233370799571276,1155.3894334158394,50,133850,,,,,0.00023512811443209493,0.335724317022492,0.0,0,3344785446,
2677,0.07425050977861909,5.524974941624706e-08,3.901233732854828e-07,-4.403845329886474e-15,1.0,0,0.4591816670726985,1155.848805874819,50,133900,,,,,0.000235052652433975,0.3225144475596293,0.0,0,3922111022,
2678,0.07425050977861689,5.4651714707925984e-08,4.720206194815108e-07,-6.117562161605841e-15,1.0,0,0.4236799168866128,1156.2726552907843,50,133950,,,,,0.00023377706197984008,0.33152603438579953,0.0,0,2503817597,
2679,0.07425050977861383,5.4610527548774994e-08,3.1530451027480393e-07,-3.012397817997026e-15,1.0,0,1.028001416940242,1157.3007429998834,50,134000,,,,,0.00023368895469999217,0.3393760124237354,0.0,0,4277067904,
2680,0.0742505097786123,5.4482710651128916e-08,4.593155585889728e-07,-5.926107722784474e-15,1.0,0,0.4823138329666108,1157.7832108328585,50,134050,,,,,0.00023341531794449335,0.3376757197435323,0.0,0,1440367613,
2681,0.07425050977860938,5.408861333016921e-08,4.576374655317061e-07,-6.016152457823352e-15,1.0,0,0.9665967500768602,1158.74989779084,50,134100,,,,,0.0002325695881455037,0.3188078901049695,0.0,0,4031961978,
2682,0.0742505097786063,5.4169077553225284e-08,5.146580843569557e-07,-7.321271953233595e-15,1.0,0,0.6425009169615805,1159.3924928328488,50,134150,,,,,0.00023274251342035747,0.35208857912891534,0.0,0,2235455081,
2683,0.07425050977860267,5.365300980027524e-08,4.0167333944293773e-07,-4.64753157275098e-15,1.0,0,0.3532623329665512,1159.7458976248745,50,134200,,,,,0.00023163119349577086,0.33117484531039887,0.0,0,3212711918,
2684,0.07425050977860037,5.320695581548578e-08,3.7484620917023897e-07,-3.992921593253972e-15,1.0,0,0.5739363329485059,1160.3199167079292,50,134250,,,,,0.00023066633004295572,0.34558483897520315,0.0,0,3524305511,
2685,0.07425050977859834,5.2667769228826475e-08,4.2202938177857533e-07,-5.1748125314557975e-15,1.0,0,0.5064843751024455,1160.8267999999225,50,134300,,,,,0.0002294945952061322,0.3334127193833233,0.0,0,4182057179,
2686,0.07425050977859576,5.21916195191775e-08,4.041759051373829e-07,-4.759599843725009e-15,1.0,0,0.98462108313106,1161.811525415862,50,134350,,,,,0.00022845485225570829,0.3438321647604118,0.0,0,1562076062,
2687,0.07425050977859336,5.15384266426953e-08,4.4222677083080024e-07,-5.746850248499726e-15,1.0,0,0.5418233750388026,1162.3534905000124,50,134400,,,,,0.00022702076258063997,0.35696393583419805,0.0,0,2349074729,
2688,0.07425050977859053,5.041679002940766e-08,4.034173304543363e-07,-4.682967285178456e-15,1.0,0,0.5348324161022902,1162.8884679998737,50,134450,,,,,0.0002245368344602009,0.33250155651687857,0.0,0,4103919032,
2689,0.07425050977858814,5.106943455116784e-08,4.201170351922355e-07,-5.064817890779048e-15,1.0,0,0.9378166671376675,1163.8264222079888,50,134500,,,,,0.0002259854742039139,0.3257554295537497,0.0,0,3699816459,
2690,0.07425050977858563,5.095969244191039e-08,3.9510224051191967e-07,-4.629158883743655e-15,1.0,0,1.1485184158664197,1164.9750989999156,50,134550,,,,,0.0002257425357390813,0.3331647848129026,0.0,0,1177283554,
2691,0.07425050977858332,5.12388157712993e-08,3.905991741438343e-07,-4.356541893139766e-15,1.0,0,0.9040567909833044,1165.8792460828554,50,134600,,,,,0.00022635992527675764,0.3428848221587654,0.0,0,2883694137,
2692,0.07425050977858114,5.115477319592467e-08,3.3213134237814504e-07,-3.2110789666424825e-15,1.0,0,0.6306819170713425,1166.5103589578066,50,134650,,,,,0.0002261742098381791,0.3460001505653794,0.0,0,1709814828,
2693,0.07425050977857953,5.0684497414270754e-08,4.2544687915567147e-07,-4.879755110869281e-15,1.0,0,0.5062544997781515,1167.0167092909105,50,134700,,,,,0.00022513217765186467,0.3316185484287518,0.0,0,3244399642,
2694,0.07425050977857708,5.0693763122344596e-08,3.868114815902161e-07,-4.292078382406291e-15,1.0,0,0.8105678330175579,1167.8274483748246,50,134750,,,,,0.0002251527550849525,0.34939610653272263,0.0,0,2916212277,
2695,0.07425050977857495,5.095352792049553e-08,3.773004942839452e-07,-4.0142666747361776e-15,1.0,0,0.45317075005732477,1168.280713332817,50,134800,,,,,0.00022572888144961763,0.32964206870632085,0.0,0,2582161644,
2696,0.07425050977857295,5.051814735627564e-08,3.783410905380786e-07,-4.123789773923287e-15,1.0,0,0.3642222499474883,1168.645018375013,50,134850,,,,,0.00022476242425342285,0.3328682899648518,0.0,0,34954448,
2697,0.07425050977857085,5.0488026311144805e-08,3.637490845686238e-07,-3.937559925199265e-15,1.0,0,0.401175000006333,1169.0462867498863,50,134900,,,,,0.0002246954078550445,0.34905296407410613,0.0,0,3344012320,
2698,0.0742505097785689,4.979913928363303e-08,3.6241304008151855e-07,-3.8228467788129655e-15,1.0,0,0.3792242498602718,1169.4256476250011,50,134950,,,,,0.00022315720755474835,0.3295393648403282,0.0,0,124983580,
2699,0.07425050977856698,4.937928227280195e-08,3.247264167240778e-07,-3.0190592609898283e-15,1.0,0,0.39470375003293157,1169.820491624996,50,135000,,,,,0.000222214496090606,0.31858874886339766,0.0,0,1693546335,
2700,0.07425050977856545,4.9294579212007913e-08,4.341524780396714e-07,-5.388698547451761e-15,1.0,0,0.28844400006346405,1170.109061540803,50,135050,,,,,0.0002220238257755413,0.3412917892434797,0.0,0,1980596811,
2701,0.07425050977856282,4.8969514806194066e-08,3.0514306019786936e-07,-2.7028732738527563e-15,1.0,0,1.2446875420864671,1171.3540917909704,50,135100,,,,,0.0002212905664645334,0.32406843258652296,0.0,0,3758857862,
2702,0.07425050977856146,4.901950538558102e-08,3.9467534817991525e-07,-4.738297612753483e-15,1.0,0,0.9395673330873251,1172.2937542498112,50,135150,,,,,0.00022140349000316373,0.3364636835499721,0.0,0,2038394186,
2703,0.0742505097785591,4.8262427142983085e-08,3.373117946279854e-07,-3.35250538085161e-15,1.0,0,1.3417851668782532,1173.6361003748607,50,135200,,,,,0.00021968711191825316,0.3291875111883261,0.0,0,1854808638,
2704,0.07425050977855739,4.7835574705429317e-08,3.075326648251458e-07,-2.6518762557872243e-15,1.0,0,0.9412609171122313,1174.577495749807,50,135250,,,,,0.00021871345341663214,0.3344038485054573,0.0,0,2270053580,
2705,0.07425050977855605,4.7285150602190025e-08,3.729403584057278e-07,-4.1260199910953436e-15,1.0,0,0.622715458041057,1175.2003462079447,50,135300,,,,,0.0002174514902275678,0.3501060467125666,0.0,0,1029039021,
2706,0.07425050977855398,4.6764580817378774e-08,3.823180041146731e-07,-3.8179541667215324e-15,1.0,0,0.3903075000271201,1175.5907476248685,50,135350,,,,,0.00021625119841836433,0.33071069075530474,0.0,0,1359495163,
2707,0.07425050977855209,4.7243372633419153e-08,4.544913984211688e-07,-5.544411799327944e-15,1.0,0,0.36237658304162323,1175.9532090828288,50,135400,,,,,0.000217355406266831,0.34619624870034127,0.0,0,1522308356,
2708,0.0742505097785493,4.667645867656088e-08,3.2004126500998634e-07,-3.1506458292192387e-15,1.0,0,0.6677640411071479,1176.6210800828412,50,135450,,,,,0.0002160473528571014,0.3451675955359407,0.0,0,1686412911,
2709,0.07425050977854775,4.6269918442630074e-08,3.856724173398193e-07,-4.266092569441961e-15,1.0,0,0.33288474986329675,1176.9540514159016,50,135500,,,,,0.00021510443612959281,0.34434037696065267,0.0,0,2480962122,
2710,0.07425050977854558,4.605750787594499e-08,3.133220040024575e-07,-2.911541026330489e-15,1.0,0,0.3890007499139756,1177.34321579081,50,135550,,,,,0.00021461012994717884,0.3511287847612117,0.0,0,2304474745,
2711,0.07425050977854417,4.610518258462283e-08,3.6671958494651825e-07,-3.958606357642985e-15,1.0,0,0.285181500017643,1177.6285556659568,50,135600,,,,,0.00021472117404816606,0.3310219933423407,0.0,0,905866287,
2712,0.07425050977854221,4.606613502019443e-08,3.7463272976798377e-07,-4.2590415780804636e-15,1.0,0,0.2818875419907272,1177.9113989998586,50,135650,,,,,0.00021463022857974695,0.3216663430565133,0.0,0,1187944518,
2713,0.07425050977854003,4.489821790759985e-08,3.57273101754643e-07,-3.478614701096567e-15,1.0,0,0.7175994580611587,1178.629088957794,50,135700,,,,,0.00021189199585543538,0.34722080322706605,0.0,0,1422081061,
2714,0.07425050977853828,4.4959015343839824e-08,3.524664808393819e-07,-3.7582831752325856e-15,1.0,0,1.0466454171109945,1179.6762084579095,50,135750,,,,,0.0002120354105894575,0.31344372634251366,0.0,0,3331060632,
2715,0.0742505097785364,4.4194348477177464e-08,3.6357167952218863e-07,-3.771757240157596e-15,1.0,0,0.36404404207132757,1180.0403667078353,50,135800,,,,,0.00021022451921024214,0.3282313797004887,0.0,0,807320093,
2716,0.07425050977853455,4.3934884317497726e-08,3.4175252317582577e-07,-3.2372510213091846e-15,1.0,0,0.6469278750009835,1180.687380415853,50,135850,,,,,0.00020960649874824427,0.3406577298102034,0.0,0,1890633492,
2717,0.07425050977853292,4.3980761895988826e-08,3.4275774742854336e-07,-3.554184744336679e-15,1.0,0,0.36354508390650153,1181.051080207806,50,135900,,,,,0.00020971590758926426,0.32902018122671406,0.0,0,2917042266,
2718,0.07425050977853112,4.35154640751104e-08,3.341364452896411e-07,-3.2013803663613845e-15,1.0,0,0.5020208330824971,1181.5532344579697,50,135950,,,,,0.0002086036051345,0.3241563130922008,0.0,0,1524004529,
2719,0.07425050977852955,4.353641156094816e-08,2.853002781863411e-07,-2.4919503576229157e-15,1.0,0,0.422659165924415,1181.9760426660068,50,136000,,,,,0.0002086538079234313,0.333680845778551,0.0,0,2594600216,
2720,0.07425050977852832,4.272595014283406e-08,3.825799339987814e-07,-4.034971275483842e-15,1.0,0,0.7925051669590175,1182.7686364159454,50,136050,,,,,0.0002067025644321668,0.322006665468052,0.0,0,2037301778,
2721,0.07425050977852626,4.310211317543326e-08,3.70183202028003e-07,-3.695318945467017e-15,1.0,0,0.4742892920039594,1183.2430141658988,50,136100,,,,,0.00020761048426183408,0.3409794855696747,0.0,0,1303722086,
2722,0.07425050977852443,4.2735972617505273e-08,3.056079278165073e-07,-2.6514761876046035e-15,1.0,0,0.4017872919794172,1183.6449659159407,50,136150,,,,,0.00020672680672207286,0.3355444532775932,0.0,0,2786924004,
2723,0.0742505097785231,4.283106681366044e-08,3.1463133667809745e-07,-2.945706873703082e-15,1.0,0,0.3657860830426216,1184.0108937909827,50,136200,,,,,0.00020695667859158456,0.31613960386266104,0.0,0,688599872,
2724,0.07425050977852163,4.294594998790953e-08,3.209612593025283e-07,-2.8750403006819555e-15,1.0,0,0.6696503749117255,1184.6806812498253,50,136250,,,,,0.00020723404640142875,0.35583032307707213,0.0,0,3947971762,
2725,0.07425050977852017,4.1747190230146704e-08,3.368315597936626e-07,-3.1761831602480385e-15,1.0,0,0.3324923331383616,1185.0136267079506,50,136300,,,,,0.00020432129167109996,0.3270181499872115,0.0,0,1511528906,
2726,0.0742505097785186,4.1712972369610915e-08,3.0979273289367204e-07,-2.800201829779516e-15,1.0,0,0.5288735420908779,1185.5426415828988,50,136350,,,,,0.00020423753908038286,0.337128860841544,0.0,0,32764165,
2727,0.07425050977851719,4.124262719684441e-08,3.0909751330821116e-07,-2.648683479488828e-15,1.0,0,0.3376352081540972,1185.8803735829424,50,136400,,,,,0.0002030828087181296,0.3367632326330729,0.0,0,720178665,
2728,0.07425050977851587,4.0953830840268995e-08,2.914398495003128e-07,-2.367185189498981e-15,1.0,0,0.31873895786702633,1186.1992139159702,50,136450,,,,,0.0002023705285862272,0.3313118360522433,0.0,0,2704019757,
2729,0.07425050977851466,4.13191035456409e-08,2.8802939988636594e-07,-2.3959361470224823e-15,1.0,0,0.2976408340036869,1186.4969475828111,50,136500,,,,,0.00020327101009647415,0.3217774566289434,0.0,0,410293666,
2730,0.0742505097785135,4.092815028683126e-08,3.348494028131419e-07,-3.082610648726877e-15,1.0,0,0.29292179201729596,1186.7900213329121,50,136550,,,,,0.0002023070692952455,0.3423029515386981,0.0,0,2947619885,
2731,0.07425050977851191,4.102075888080746e-08,3.5347813468341733e-07,-3.4906367491606158e-15,1.0,0,0.2849750001914799,1187.0751333748922,50,136600,,,,,0.00020253582122875812,0.3459198979405566,0.0,0,2717801649,
2732,0.07425050977851022,4.035062379681926e-08,2.834319169829582e-07,-2.2435981045687127e-15,1.0,0,0.33180725015699863,1187.4070839160122,50,136650,,,,,0.00020087464697372655,0.32402349651312473,0.0,0,643707009,
2733,0.07425050977850908,4.0019032942026534e-08,2.8802529980777865e-07,-2.4611502424254173e-15,1.0,0,0.381031250115484,1187.788199165836,50,136700,,,,,0.00020004757669621128,0.3422127071323495,0.0,0,276512182,
2734,0.0742505097785078,3.994707925424581e-08,3.6489812114261335e-07,-3.752141267574746e-15,1.0,0,0.3455078329425305,1188.133846374927,50,136750,,,,,0.00019986765434718497,0.33409492684220005,0.0,0,3929155653,
2735,0.07425050977850597,3.9466369854191057e-08,3.3983679895694525e-07,-3.306871793940792e-15,1.0,0,1.4396982921753079,1189.5736599159427,50,136800,,,,,0.00019866144531385815,0.31806626244851366,0.0,0,2672499030,
2736,0.0742505097785043,3.9356484425691125e-08,2.480380409267693e-07,-1.6978860976436437e-15,1.0,0,1.6849925420247018,1191.2588264578953,50,136850,,,,,0.00019838468798193858,0.3417766255097384,0.0,0,2650045787,
2737,0.07425050977850348,3.9185773429199715e-08,2.4614918913249585e-07,-1.7222798964508823e-15,1.0,0,1.0451792501844466,1192.3050706658978,50,136900,,,,,0.0001979539679551782,0.3527140533133725,0.0,0,1543804127,
2738,0.07425050977850262,3.8830228500449244e-08,3.363225777772245e-07,-3.0704715251527078e-15,1.0,0,1.0475834170356393,1193.3528140408453,50,136950,,,,,0.00019705387207677306,0.3359216746881003,0.0,0,3598107510,
2739,0.07425050977850106,3.84937817231336e-08,3.0436061166966123e-07,-2.7796841017966704e-15,1.0,0,1.0091380830854177,1194.3620529999025,50,137000,,,,,0.00019619832242690966,0.3365212385066614,0.0,0,2741304482,
2740,0.07425050977849967,3.801450483411013e-08,3.321423773929072e-07,-3.1077065112225467e-15,1.0,0,1.0734904578421265,1195.435625749873,50,137050,,,,,0.00019497308746109073,0.35130925636215415,0.0,0,3460739714,
2741,0.07425050977849815,3.799533319297457e-08,2.513921086078295e-07,-1.8904615923301634e-15,1.0,0,1.10698137502186,1196.5427100409288,50,137100,,,,,0.00019492391642118872,0.3504648250785111,0.0,0,2286777550,
2742,0.07425050977849722,3.77659561275319e-08,2.577107906998025e-07,-2.0977310964430815e-15,1.0,0,1.0969811249524355,1197.6398257908877,50,137150,,,,,0.00019433464983767537,0.34298662812660646,0.0,0,2437795642,
2743,0.07425050977849613,3.738744677707507e-08,2.7119561846731515e-07,-2.169667128614541e-15,1.0,0,0.9157326249405742,1198.55598645797,50,137200,,,,,0.0001933583377490484,0.3319251346637131,0.0,0,2437328788,
2744,0.07425050977849501,3.714628780532187e-08,2.7532036117360077e-07,-2.231757464794698e-15,1.0,0,0.9923915830440819,1199.5484750829637,50,137250,,,,,0.00019273372254310315,0.35280082431225185,0.0,0,3270345013,
2745,0.07425050977849391,3.7081643245657074e-08,2.678910873893069e-07,-2.0925064861420016e-15,1.0,0,0.95134187489748,1200.499976332998,50,137300,,,,,0.00019256594518672577,0.34145729569289485,0.0,0,3979814209,
2746,0.0742505097784929,3.721726962780544e-08,3.001607923143285e-07,-2.569993406786439e-15,1.0,0,0.9374851249158382,1201.4375492909458,50,137350,,,,,0.00019291777944970608,0.3380237722944876,0.0,0,581627435,
2747,0.0742505097784916,3.7333293014493956e-08,3.080347821144976e-07,-2.71387443433883e-15,1.0,0,1.0456634999718517,1202.4858479159884,50,137400,,,,,0.00019321825228092184,0.344991052365132,0.0,0,1485521075,
2748,0.07425050977849024,3.705572468872894e-08,2.7347190440971767e-07,-2.1558473653532296e-15,1.0,0,0.936949749942869,1203.422955374932,50,137450,,,,,0.00019249863555030445,0.3360207026822785,0.0,0,3406626480,
2749,0.07425050977848915,3.71773387150649e-08,3.432118434443062e-07,-3.449177168536258e-15,1.0,0,0.9689344998914748,1204.3922911658883,50,137500,,,,,0.00019281425962585055,0.3435996908921939,0.0,0,2283452124,
2750,0.07425050977848746,3.717450686531348e-08,3.088524003566768e-07,-2.7276847108541866e-15,1.0,0,1.0166283750440925,1205.409009374911,50,137550,,,,,0.00019280691602044123,0.3327628097767028,0.0,0,2453131332,
2751,0.07425050977848607,3.708927355797744e-08,2.62665766819025e-07,-2.1117096960217573e-15,1.0,0,0.5889550838619471,1205.9981111658271,50,137600,,,,,0.0001925857563735632,0.33886993453030984,0.0,0,3862158758,
2752,0.074250509778485,3.696045752709476e-08,2.9945123119060265e-07,-2.7461126808205004e-15,1.0,0,0.9996924588922411,1206.9978985409252,50,137650,,,,,0.00019225102737591485,0.3285040649904207,0.0,0,3485564008,
2753,0.07425050977848364,3.658569657637098e-08,2.7878423204772545e-07,-2.31911794613865e-15,1.0,0,0.6985801251139492,1207.696583124809,50,137700,,,,,0.00019127387844755745,0.34230768537184164,0.0,0,962309587,
2754,0.07425050977848249,3.623374599425562e-08,3.430557075393967e-07,-3.102021479864183e-15,1.0,0,0.8470845830161124,1208.5438638329506,50,137750,,,,,0.00019035163775038978,0.34806581696178407,0.0,0,4051566871,
2755,0.0742505097784809,3.606501517823864e-08,2.4596340215083673e-07,-1.9032165764024322e-15,1.0,0,0.9168032500892878,1209.4609190409537,50,137800,,,,,0.0001899079123634364,0.3175101820510143,0.0,0,155897967,
2756,0.07425050977848,3.55244945766012e-08,2.849746837862971e-07,-2.4187274802254117e-15,1.0,0,0.8724587080068886,1210.3338617079426,50,137850,,,,,0.00018847942746252495,0.34658547855671884,0.0,0,18661338,
2757,0.07425050977847877,3.5286253647072755e-08,2.7836214929411363e-07,-2.1147968565155057e-15,1.0,0,1.0014660828746855,1211.3354764999822,50,137900,,,,,0.0001878463564913431,0.3416419122464212,0.0,0,3885781995,
2758,0.07425050977847772,3.503507757929385e-08,3.2566706929616754e-07,-2.9334235462800925e-15,1.0,0,0.8846866670064628,1212.2203184999526,50,137950,,,,,0.00018717659463537062,0.31700645000224187,0.0,0,2063153479,
2759,0.07425050977847623,3.484949025547855e-08,2.538680704598891e-07,-1.8804621018220547e-15,1.0,0,1.1461185000371188,1213.366600957932,50,138000,,,,,0.00018668018174267603,0.336632175474239,0.0,0,2585415735,
2760,0.07425050977847532,3.434815566577688e-08,2.714494564375698e-07,-2.1952727943827875e-15,1.0,0,1.2070382498204708,1214.573724457994,50,138050,,,,,0.0001853325542525567,0.31716911213337917,0.0,0,2201192419,
2761,0.07425050977847422,3.445344353007653e-08,2.9627188898134e-07,-2.503685024993536e-15,1.0,0,1.1835841659922153,1215.7574004998896,50,138100,,,,,0.00018561638809673172,0.33847370427444945,0.0,0,4079931998,
2762,0.07425050977847292,3.4184969748219696e-08,2.466311268143621e-07,-1.7661275592133497e-15,1.0,0,1.4944787081331015,1217.2520625828765,50,138150,,,,,0.00018489177847654474,0.34029567652432036,0.0,0,361845384,
2763,0.07425050977847203,3.4147912198732644e-08,2.8138712815794413e-07,-2.3548952350276067e-15,1.0,0,1.2352619168814272,1218.4874585829675,50,138200,,,,,0.0001847915371404563,0.3330978302540085,0.0,0,2569950775,
2764,0.07425050977847086,3.367435818021458e-08,2.8727043109425267e-07,-2.3342816182982667e-15,1.0,0,0.6132686249911785,1219.100823749788,50,138250,,,,,0.0001835057442703486,0.33323934379519593,0.0,0,2532903795,
2765,0.07425050977846973,3.3692403096994194e-08,2.6500005700449144e-07,-1.866304053242856e-15,1.0,0,0.910332707921043,1220.0113261658698,50,138300,,,,,0.00018355490485681442,0.34929298154884825,0.0,0,1015123497,
2766,0.07425050977846881,3.370304745513613e-08,2.6532378208656894e-07,-2.062840373387869e-15,1.0,0,1.2221334578935057,1221.2335430409294,50,138350,,,,,0.00018358389759218026,0.33477804764026703,0.0,0,1602325114,
2767,0.07425050977846775,3.3284836117492315e-08,2.426635319733379e-07,-1.6888646030232715e-15,1.0,0,1.1439003748819232,1222.3776303329505,50,138400,,,,,0.00018244132239570156,0.3287102375747659,0.0,0,2727604667,
2768,0.07425050977846691,3.303466123010245e-08,2.938615409717796e-07,-2.4977752589142775e-15,1.0,0,1.2600047909654677,1223.6380209999625,50,138450,,,,,0.00018175439810387656,0.33963938698744384,0.0,0,1314059800,
2769,0.07425050977846565,3.2997580256876724e-08,2.5879986930336984e-07,-1.8888918048960347e-15,1.0,0,0.9135843338444829,1224.5517452498898,50,138500,,,,,0.0001816523610000066,0.32898767080344826,0.0,0,2735846226,
2770,0.0742505097784647,3.308490465951554e-08,2.0703102878304087e-07,-1.2698698252459586e-15,1.0,0,1.4031560840085149,1225.9550087908283,50,138550,,,,,0.00018189256350801023,0.3515238938408567,0.0,0,1643327521,
2771,0.07425050977846408,3.270917769304918e-08,2.665299963061329e-07,-2.054451193983943e-15,1.0,0,1.249968333169818,1227.2051565828733,50,138600,,,,,0.00018085678779921195,0.33144376540865506,0.0,0,3258301920,
2772,0.07425050977846305,3.26964937791634e-08,2.0105339877718755e-07,-1.1907385199183418e-15,1.0,0,1.0219299159944057,1228.227228165837,50,138650,,,,,0.0001808217182175952,0.3404528817943371,0.0,0,2196877410,
2773,0.07425050977846245,3.256324675874682e-08,2.2798527579488632e-07,-1.5035624668918205e-15,1.0,0,1.1225413749925792,1229.3499421658926,50,138700,,,,,0.0001804528934618307,0.33405110746377376,0.0,0,205463799,
2774,0.0742505097784617,3.2256560849178986e-08,2.302673751190804e-07,-1.5497454435166654e-15,1.0,0,1.4161879159510136,1230.7666050409898,50,138750,,,,,0.00017960111594636318,0.3265535128467882,0.0,0,1657855232,
2775,0.0742505097784609,3.2044932201091595e-08,2.451422681526742e-07,-1.6075831561581273e-15,1.0,0,1.2599875831510872,1232.026709749829,50,138800,,,,,0.00017901098346495835,0.3473705766333598,0.0,0,980194269,
2776,0.07425050977846015,3.190363102421273e-08,2.575710934562589e-07,-2.01075083277971e-15,1.0,0,1.153129457961768,1233.1799911658745,50,138850,,,,,0.00017861587562199708,0.3467596708679759,0.0,0,4015162975,
2777,0.07425050977845915,3.134956955613255e-08,2.5776857578031526e-07,-1.9405261548584455e-15,1.0,0,0.8542051671538502,1234.0343131658155,50,138900,,,,,0.0001770580965562788,0.34491724772467364,0.0,0,2184378761,
2778,0.07425050977845815,3.1121294209907634e-08,2.7295219181475985e-07,-2.138718850861759e-15,1.0,0,0.7683271670248359,1234.8027302499395,50,138950,,,,,0.00017641228474771147,0.3331697281660364,0.0,0,2155776047,
2779,0.0742505097784571,3.0598561584285243e-08,2.591504089104041e-07,-1.939307267516295e-15,1.0,0,1.0695307499263436,1235.8726620408706,50,139000,,,,,0.00017492444535937578,0.33788080571078294,0.0,0,3284283002,
2780,0.0742505097784561,3.0402284615029215e-08,2.0869273301782405e-07,-1.1954013289897585e-15,1.0,0,1.0379816670902073,1236.9107370409183,50,139050,,,,,0.00017436250920145998,0.34355638957970086,0.0,0,1767627255,
2781,0.07425050977845556,3.0368823968452214e-08,2.645303571925959e-07,-2.0629699096304976e-15,1.0,0,1.0344665830489248,1237.9452896658331,50,139100,,,,,0.00017426653140649874,0.3177184409027303,0.0,0,52833802,
2782,0.07425050977845447,2.961176053630348e-08,2.335535428138286e-07,-1.5565428746812932e-15,1.0,0,1.2236942499876022,1239.16910262499,50,139150,,,,,0.00017208068031102005,0.3239765138072114,0.0,0,1696973983,
2783,0.07425050977845368,2.9536653312064653e-08,1.94545160790349e-07,-1.09654098211207e-15,1.0,0,0.8659719580318779,1240.0351684158668,50,139200,,,,,0.00017186230916656697,0.34915294472943875,0.0,0,1199448579,
2784,0.07425050977845314,2.963429271512314e-08,2.121686446695928e-07,-1.3490845319077923e-15,1.0,0,0.8828866251278669,1240.9182272909675,50,139250,,,,,0.0001721461376712331,0.33109486163339674,0.0,0,497942345,
2785,0.07425050977845249,2.9624432730275874e-08,2.179197063358146e-07,-1.4185831505250215e-15,1.0,0,0.958365875063464,1241.8767105408479,50,139300,,,,,0.0001721174968743035,0.3199346254088522,0.0,0,2423713280,
2786,0.07425050977845177,2.9622363318114227e-08,2.3554266433693695e-07,-1.5299896099278034e-15,1.0,0,0.985397333977744,1242.8625901248306,50,139350,,,,,0.00017211148514295675,0.32679348490310195,0.0,0,3389512548,
2787,0.074250509778451,2.931622266363188e-08,2.445197079733654e-07,-1.755438935898641e-15,1.0,0,0.9860579590313137,1243.848885125015,50,139400,,,,,0.00017121980803526174,0.334747673211167,0.0,0,1414555492,
2788,0.07425050977845016,2.885915575548257e-08,2.0326419982890652e-07,-1.1655878018907908e-15,1.0,0,0.9169597919099033,1244.7660094997846,50,139450,,,,,0.0001698798273941982,0.33943874195623885,0.0,0,3853951016,
2789,0.07425050977844955,2.8652044608600807e-08,2.179384890976112e-07,-1.3459894870726611e-15,1.0,0,1.011784499976784,1245.7779469578527,50,139500,,,,,0.00016926914842522488,0.321842263667731,0.0,0,2236949624,
2790,0.07425050977844888,2.8578361811479595e-08,2.227203508955706e-07,-1.5883792089731888e-15,1.0,0,0.8918461250141263,1246.6699265828356,50,139550,,,,,0.00016905135850231904,0.3266032135780024,0.0,0,1902491133,
2791,0.07425050977844808,2.8261922909142363e-08,2.414584967932825e-07,-1.6612896556441821e-15,1.0,0,0.9336287078913301,1247.6036560409702,50,139600,,,,,0.00016811282791370314,0.3318441467130054,0.0,0,3805352148,
2792,0.07425050977844727,2.8324321638115956e-08,2.1270139138469633e-07,-1.2317959336089802e-15,1.0,0,1.2661766670644283,1248.8701032078825,50,139650,,,,,0.00016829831145354952,0.32623553718586346,0.0,0,2243720737,
2793,0.07425050977844665,2.8349072597188828e-08,1.9716138419570428e-07,-1.1237197755548768e-15,1.0,0,0.6729485001415014,1249.543155415915,50,139700,,,,,0.00016837182839533706,0.34345897670847764,0.0,0,294749388,
2794,0.07425050977844605,2.807363261936395e-08,2.3447597770431614e-07,-1.6060201108701256e-15,1.0,0,0.4007299169898033,1249.9440916657913,50,139750,,,,,0.0001675518803814626,0.32197419318445203,0.0,0,172489867,
2795,0.07425050977844527,2.8315773889135902e-08,2.3163347841330608e-07,-1.4488093698650635e-15,1.0,0,0.49485141690820456,1250.4390292498283,50,139800,,,,,0.00016827291490057424,0.3439273070131266,0.0,0,1198914104,
2796,0.07425050977844455,2.8076234930612876e-08,1.8157484561451436e-07,-9.480148885601238e-16,1.0,0,0.5217030830681324,1250.9608712908812,50,139850,,,,,0.00016755964588949476,0.31648097212704523,0.0,0,2825181595,
2797,0.07425050977844408,2.807019091446118e-08,2.4097761304273805e-07,-1.7763926270420796e-15,1.0,0,0.4108287908602506,1251.3718042499386,50,139900,,,,,0.0001675416095018225,0.33092155351508035,0.0,0,3174911965,
2798,0.07425050977844319,2.7608353579819372e-08,1.9751311763463176e-07,-1.191360230644487e-15,1.0,0,0.4203732921741903,1251.7923178749625,50,139950,,,,,0.00016615761667711587,0.32624699094704024,0.0,0,8474138,
2799,0.07425050977844257,2.7372526499166343e-08,2.0420448832407882e-07,-1.1807630468008479e-15,1.0,0,0.8198392500635237,1252.6122396248393,50,140000,,,,,0.0001654464460155199,0.3377409557676571,0.0,0,1777883670,
2800,0.074250509778442,2.7050910495040978e-08,1.9213556672351326e-07,-1.0826398917501163e-15,1.0,0,0.3775277500972152,1252.9898612080142,50,140050,,,,,0.00016447160999710856,0.33592955242183237,0.0,0,3690858836,
2801,0.07425050977844143,2.7245616262308807e-08,2.562807156438486e-07,-1.7249124367019043e-15,1.0,0,0.39933787495829165,1253.389435332967,50,140100,,,,,0.00016506246169953,0.3337759385446753,0.0,0,2157858571,
2802,0.07425050977844058,2.707202105854933e-08,2.1077385998041644e-07,-1.288715079908884e-15,1.0,0,0.39606408309191465,1253.7855879578274,50,140150,,,,,0.00016453577440346924,0.340029650206347,0.0,0,1044365211,
2803,0.07425050977843994,2.6786146039804344e-08,1.889911212609639e-07,-1.0716204219729612e-15,1.0,0,0.4380531250499189,1254.2237256658264,50,140200,,,,,0.0001636647367022119,0.3337699613559006,0.0,0,569934933,
2804,0.07425050977843944,2.6796322619846155e-08,1.9335229518430024e-07,-1.0256095852988045e-15,1.0,0,0.43997937510721385,1254.6638416659553,50,140250,,,,,0.00016369582346488306,0.3266771042868303,0.0,0,1444484057,
2805,0.07425050977843889,2.6764469599769695e-08,2.2002592617658978e-07,-1.4072965997848996e-15,1.0,0,0.4499411249998957,1255.1138710000087,50,140300,,,,,0.00016359850121492461,0.34103992251254306,0.0,0,2071138450,
2806,0.07425050977843817,2.6455724110150325e-08,1.57987954289734e-07,-7.448823569399434e-16,1.0,0,0.49653316591866314,1255.6105418750085,50,140350,,,,,0.00016265215679526148,0.3416974849386875,0.0,0,6226710,
2807,0.07425050977843783,2.6319485337891522e-08,2.078866787870525e-07,-1.1896854594562642e-15,1.0,0,0.4684595831204206,1256.0790919158608,50,140400,,,,,0.00016223281214936615,0.3528415253882594,0.0,0,1213147825,
2808,0.07425050977843724,2.6054030262112882e-08,2.0366837824913112e-07,-1.190424831287201e-15,1.0,0,0.39695437508635223,1256.476436499972,50,140450,,,,,0.00016141260874576337,0.34321293764527394,0.0,0,1597973686,
2809,0.07425050977843664,2.5938747663056885e-08,2.201836269612993e-07,-1.3707422307778297e-15,1.0,0,0.4695601249113679,1256.9460808748845,50,140500,,,,,0.00016105510753483383,0.3272994941915932,0.0,0,866672370,
2810,0.07425050977843593,2.5879805627010274e-08,2.0334109843057623e-07,-1.205913249958659e-15,1.0,0,0.42274650000035763,1257.3689716248773,50,140550,,,,,0.00016087201629559527,0.3445955095943204,0.0,0,3560042959,
2811,0.07425050977843531,2.5621027781845232e-08,2.2471453342595313e-07,-1.5421692909575165e-15,1.0,0,0.4185545830987394,1257.7876137078274,50,140600,,,,,0.00016006569832992086,0.3348302172496887,0.0,0,1492174868,
2812,0.07425050977843456,2.520717077918088e-08,2.105862511035188e-07,-1.303574768435166e-15,1.0,0,0.4316813750192523,1258.2193845408037,50,140650,,,,,0.0001587676628888291,0.33219271830152997,0.0,0,2861003626,
2813,0.07425050977843392,2.5030841522886044e-08,2.1474261750029934e-07,-1.268220692966716e-15,1.0,0,0.425709999864921,1258.6451829159632,50,140700,,,,,0.0001582113824062164,0.3297743618909711,0.0,0,553058604,
2814,0.07425050977843331,2.4537024375912075e-08,1.569326059063826e-07,-7.018934285992629e-16,1.0,0,0.38391008391045034,1259.0291841658764,50,140750,,,,,0.00015664298380684683,0.3572055228414393,0.0,0,2013226947,
2815,0.07425050977843292,2.4346960453547435e-08,2.1043954413332961e-07,-1.2178936459388262e-15,1.0,0,0.39712700014933944,1259.4264033329673,50,140800,,,,,0.0001560351257042703,0.3312637673713505,0.0,0,2771413780,
2816,0.07425050977843231,2.4348348353507813e-08,1.499592602433199e-07,-6.239637926580158e-16,1.0,0,0.4077198749873787,1259.8342663329095,50,140850,,,,,0.0001560395730368031,0.32542407213143815,0.0,0,3791438075,
2817,0.074250509778432,2.4065293528222284e-08,1.7243254877234256e-07,-8.782460173410693e-16,1.0,0,0.48439445812255144,1260.3187634998467,50,140900,,,,,0.00015512992467033008,0.33546401978021706,0.0,0,282347303,
2818,0.07425050977843156,2.391159135013226e-08,1.5042190965385055e-07,-6.4201267290113475e-16,1.0,0,0.3793815830722451,1260.6982584998477,50,140950,,,,,0.00015463373289852463,0.33276902521654067,0.0,0,3288843482,
2819,0.07425050977843124,2.392721902028437e-08,2.0347155526838714e-07,-1.1683431249514125e-15,1.0,0,0.3723841670434922,1261.070732332999,50,141000,,,,,0.00015468425589013372,0.3341027240265428,0.0,0,3116985666,
2820,0.07425050977843067,2.4015046367098926e-08,1.53625354963104e-07,-6.907892285695216e-16,1.0,0,0.4100181250832975,1261.4812202909961,50,141050,,,,,0.00015496788818041926,0.33042382021975225,0.0,0,2841064682,
2821,0.07425050977843028,2.4086502354138764e-08,1.9839285195595803e-07,-1.139429000322302e-15,1.0,0,0.4468522500246763,1261.928155707894,50,141100,,,,,0.0001551982678838226,0.3356187475342398,0.0,0,2452665463,
2822,0.07425050977842976,2.4256727043997193e-08,1.7193395952126264e-07,-8.144536943484144e-16,1.0,0,0.4385014590807259,1262.3667448328342,50,141150,,,,,0.00015574571276281475,0.33368134849524395,0.0,0,915646155,
2823,0.07425050977842933,2.4274237848209644e-08,1.851301459900978e-07,-1.0060912866005823e-15,1.0,0,0.4115464158821851,1262.778389457846,50,141200,,,,,0.00015580191862814028,0.3298690330514418,0.0,0,467999208,
2824,0.07425050977842886,2.3879282156514105e-08,1.65838591756983e-07,-8.573395194748352e-16,1.0,0,0.44055720791220665,1263.219091875013,50,141250,,,,,0.0001545292275154254,0.33273825586203887,0.0,0,2175751472,
2825,0.07425050977842843,2.3480021263465994e-08,1.8459129224421258e-07,-9.56572488597774e-16,1.0,0,0.4260617501568049,1263.6452451248188,50,141300,,,,,0.00015323191985831803,0.32703135686900814,0.0,0,459603704,
2826,0.0742505097784279,2.3500482381505724e-08,1.848116105199657e-07,-9.925699221258645e-16,1.0,0,0.3994251659605652,1264.0447598327883,50,141350,,,,,0.00015329867051447552,0.3432778761767388,0.0,0,1911393484,
2827,0.07425050977842744,2.324622043685745e-08,1.657809036558838e-07,-7.80770106823858e-16,1.0,0,0.4403075829613954,1264.4851540408563,50,141400,,,,,0.0001524671126402591,0.33555799612704984,0.0,0,1362456397,
2828,0.07425050977842705,2.3214956438332846e-08,2.2245487371964314e-07,-1.4263161789255572e-15,1.0,0,0.3827008339576423,1264.867951874854,50,141450,,,,,0.00015236455112109523,0.29921981564123357,0.0,0,2175875925,
2829,0.07425050977842632,2.3145311169881427e-08,1.9221205614184527e-07,-1.1037123494162332e-15,1.0,0,0.40055545791983604,1265.2686848328449,50,141500,,,,,0.0001521358313149188,0.35384213789422536,0.0,0,1607248871,
2830,0.07425050977842579,2.304736405859093e-08,1.73037171369385e-07,-8.712035557802558e-16,1.0,0,0.4025000829715282,1265.6713454998098,50,141550,,,,,0.0001518135832479786,0.33573222759601345,0.0,0,2206369332,
2831,0.07425050977842534,2.283547353806502e-08,1.9191533468872e-07,-1.0198303742633897e-15,1.0,0,0.43020166689530015,1266.1016886658035,50,141600,,,,,0.0001511141076738536,0.3309243113031261,0.0,0,1706562472,
2832,0.07425050977842484,2.266239097121675e-08,1.7274389396712473e-07,-8.213548495062996e-16,1.0,0,0.3771034171804786,1266.4788730409928,50,141650,,,,,0.0001505403300488502,0.34215642554208736,0.0,0,1453046118,
2833,0.0742505097784244,2.2883432957422446e-08,1.4969200016274024e-07,-6.674283424907331e-16,1.0,0,0.40048841712996364,1266.8794524578843,50,141700,,,,,0.0001512727105509201,0.3347966574079592,0.0,0,1933096412,
2834,0.0742505097784241,2.2980714829174234e-08,1.7752164509553423e-07,-8.902002538028416e-16,1.0,0,0.43102845805697143,1267.310573207913,50,141750,,,,,0.00015159391422208952,0.333346181471317,0.0,0,3284211567,
2835,0.07425050977842365,2.2836606238818992e-08,1.9647892086542026e-07,-1.1400288857660343e-15,1.0,0,0.4000206252094358,1267.710732416017,50,141800,,,,,0.00015111785545996538,0.3244987760820103,0.0,0,3594055256,
2836,0.07425050977842311,2.267656843591418e-08,1.7731139393036245e-07,-8.904741471026499e-16,1.0,0,0.40317604201845825,1268.1139969578944,50,141850,,,,,0.00015058741127967564,0.3243967224535802,0.0,0,1677005505,
2837,0.07425050977842265,2.249458187879406e-08,1.6461418871867396e-07,-7.978008631738333e-16,1.0,0,0.39779791701585054,1268.5119582908228,50,141900,,,,,0.00014998193850858862,0.33738762587138954,0.0,0,2443481924,
2838,0.07425050977842222,2.262035118479168e-08,1.4004907798737463e-07,-5.710062383017777e-16,1.0,0,0.4645671669859439,1268.976672040997,50,141950,,,,,0.0001504006355863953,0.34737629019506067,0.0,0,44066406,
2839,0.07425050977842192,2.258948441500467e-08,1.7843896683722927e-07,-9.613686994132761e-16,1.0,0,0.38564537512138486,1269.3627652910072,50,142000,,,,,0.00015029798539902212,0.33761359191376655,0.0,0,3255108192,
2840,0.07425050977842146,2.225592459677391e-08,1.9062305519050018e-07,-9.91809923436209e-16,1.0,0,0.4470840839203447,1269.8099419579376,50,142050,,,,,0.00014918419687344201,0.34084709890390663,0.0,0,1665940404,
2841,0.07425050977842096,2.2104169811811003e-08,1.5535133050831017e-07,-7.237914590437473e-16,1.0,0,0.3678760000038892,1270.177917999914,50,142100,,,,,0.00014867471140651663,0.35475825545150874,0.0,0,1637068589,
2842,0.07425050977842064,2.1848168370643273e-08,1.611242489816425e-07,-7.252303017906855e-16,1.0,0,0.4065993339754641,1270.584603374824,50,142150,,,,,0.00014781125928238105,0.33276485163879,0.0,0,3235261276,
2843,0.07425050977842025,2.173759027808374e-08,1.9015734782382246e-07,-9.565025148182705e-16,1.0,0,0.44444374996237457,1271.029196749907,50,142200,,,,,0.0001474367331369077,0.33369186949378554,0.0,0,3211797800,
2844,0.07425050977841977,2.1627242214234614e-08,1.5424325716890392e-07,-7.283891213261708e-16,1.0,0,0.40679229120723903,1271.4361381249037,50,142250,,,,,0.0001470620352580319,0.33603054505764546,0.0,0,2213223156,
2845,0.0742505097784194,2.1129654214582625e-08,1.6431164112572236e-07,-8.234604093748994e-16,1.0,0,0.4423805410042405,1271.8786701660138,50,142300,,,,,0.0001453604286406126,0.3183423678595106,0.0,0,4147513178,
2846,0.07425050977841897,2.1056631977803065e-08,1.4491753952127143e-07,-6.13873155452151e-16,1.0,0,0.4566263339947909,1272.335442249896,50,142350,,,,,0.00014510903479040532,0.3227687668815415,0.0,0,178412099,
2847,0.07425050977841866,2.0853712715153213e-08,1.5561388056878752e-07,-6.987838457233649e-16,1.0,0,0.3685484582092613,1272.704078124836,50,142400,,,,,0.00014440814629082812,0.334261284634954,0.0,0,1168620303,
2848,0.07425050977841834,2.0852582872369348e-08,1.518117569736429e-07,-7.022415529169565e-16,1.0,0,0.36765195801854134,1273.0718119998928,50,142450,,,,,0.00014440423426052764,0.33253410814567574,0.0,0,387812545,
2849,0.07425050977841798,2.0571822083766106e-08,1.5252775332910656e-07,-6.87375441632856e-16,1.0,0,0.48628408391959965,1273.5582331658807,50,142500,,,,,0.00014342880493041176,0.3442767518617775,0.0,0,3521807206,
2850,0.07425050977841761,2.0543192100985646e-08,1.5563529571034585e-07,-7.092158620701889e-16,1.0,0,0.38018966699019074,1273.9385112498421,50,142550,,,,,0.00014332896462678312,0.33231629800564716,0.0,0,224802630,
2851,0.0742505097784173,2.0195944952543163e-08,1.3981474737572105e-07,-5.916233163045297e-16,1.0,0,0.4220559159293771,1274.3607225827873,50,142600,,,,,0.00014211243771233807,0.34086378351001007,0.0,0,1646003004,
2852,0.07425050977841698,1.9900313998525746e-08,1.632746615639389e-07,-7.697058469694342e-16,1.0,0,0.38591812481172383,1274.7467351248488,50,142650,,,,,0.00014106847273053516,0.33422047318131975,0.0,0,1850534161,
2853,0.0742505097784166,1.9879515716322172e-08,1.4970322067919398e-07,-6.711490750580762e-16,1.0,0,0.43768712505698204,1275.1845089159906,50,142700,,,,,0.0001409947364844595,0.31624005296723223,0.0,0,3357945204,
2854,0.07425050977841624,1.974526759781161e-08,1.4066959292733017e-07,-5.521574204739962e-16,1.0,0,0.38655179110355675,1275.5714534157887,50,142750,,,,,0.00014051785508543608,0.3491258646144834,0.0,0,2611777443,
2855,0.07425050977841596,1.9706439744373972e-08,1.5439575009598593e-07,-6.670519578412969e-16,1.0,0,0.3743077090475708,1275.9459300828166,50,142800,,,,,0.0001403796272411847,0.3243563295845485,0.0,0,2682589492,
2856,0.07425050977841563,1.9628204542721813e-08,1.4088333546823108e-07,-5.806603958393244e-16,1.0,0,0.3573327080812305,1276.303409540793,50,142850,,,,,0.00014010069429778646,0.3389176180136309,0.0,0,1044806796,
2857,0.07425050977841537,1.966591167738665e-08,1.4769621989376656e-07,-6.394397344311919e-16,1.0,0,0.44922304106876254,1276.7527760409284,50,142900,,,,,0.000140235201277663,0.3253760012133761,0.0,0,1208908195,
2858,0.07425050977841503,1.9378168175917352e-08,1.5462005690277376e-07,-6.806453856803653e-16,1.0,0,0.3897763330023736,1277.142637624871,50,142950,,,,,0.0001392054890294106,0.33605572392928534,0.0,0,903502165,
2859,0.07425050977841471,1.9300865425334718e-08,1.3074995421339332e-07,-4.922326188080365e-16,1.0,0,0.45058262487873435,1277.5933373328298,50,143000,,,,,0.00013892755459351725,0.32775888494401906,0.0,0,3704890467,
2860,0.07425050977841446,1.9284359130578478e-08,1.5401864875052574e-07,-6.719434105334226e-16,1.0,0,0.43291970808058977,1278.0263939579017,50,143050,,,,,0.00013886813576403508,0.33528083482952087,0.0,0,1145900105,
2861,0.0742505097784141,1.921937910918131e-08,1.4573723653792726e-07,-6.321139500063598e-16,1.0,0,0.3922684998251498,1278.4188061249442,50,143100,,,,,0.00013863397530613234,0.3341117228247926,0.0,0,854170622,
2862,0.07425050977841378,1.946879026997101e-08,1.2375423855787956e-07,-4.495761548976427e-16,1.0,0,0.38524016714654863,1278.8041875828058,50,143150,,,,,0.00013953060692898533,0.3353817112822972,0.0,0,4108118906,
2863,0.07425050977841356,1.9404889798623186e-08,1.2287149752585705e-07,-4.576198272660077e-16,1.0,0,0.3674512500874698,1279.1717251657974,50,143200,,,,,0.00013930143501997093,0.3294593538988384,0.0,0,1259990912,
2864,0.07425050977841338,1.9466836977577336e-08,1.3467190930247006e-07,-5.306954993051644e-16,1.0,0,0.3904350420925766,1279.5623369158711,50,143250,,,,,0.00013952360724113085,0.32126763462822966,0.0,0,3809840795,
2865,0.07425050977841309,1.9365750667381044e-08,1.1790603930930703e-07,-4.535130687621932e-16,1.0,0,0.3884935830719769,1279.9509132909589,50,143300,,,,,0.00013916088052100362,0.33405605354157897,0.0,0,86444858,
2866,0.07425050977841285,1.926319516191341e-08,1.6273641814595443e-07,-7.198619025046482e-16,1.0,0,0.40845129103399813,1280.3595000829082,50,143350,,,,,0.00013879191317188984,0.33094249447574653,0.0,0,1395581298,
2867,0.0742505097784125,1.9085912392883684e-08,1.3977544137313615e-07,-5.669825910102829e-16,1.0,0,0.4097141660749912,1280.7693399998825,50,143400,,,,,0.00013815177303561356,0.33358708032095796,0.0,0,821659544,
2868,0.07425050977841223,1.8835918237741688e-08,1.3599159259543528e-07,-5.584741737596909e-16,1.0,0,0.4746737079694867,1281.2441543748137,50,143450,,,,,0.00013724400984284045,0.34879971453764613,0.0,0,640200661,
2869,0.07425050977841194,1.856980149618379e-08,1.3194409763450467e-07,-5.001343787758496e-16,1.0,0,0.39189329207874835,1281.6369327078573,50,143500,,,,,0.00013627105890901337,0.33847627195595403,0.0,0,2868363479,
2870,0.07425050977841166,1.8523720922172483e-08,1.3629835463894129e-07,-5.264461694573216e-16,1.0,0,0.40154570806771517,1282.0385792499874,50,143550,,,,,0.00013610187699724234,0.3480053787907359,0.0,0,2118043618,
2871,0.07425050977841144,1.860093411379753e-08,1.3580395480050996e-07,-5.213967642602209e-16,1.0,0,0.4634826669935137,1282.5021477499977,50,143600,,,,,0.0001363852415542002,0.3450948290379517,0.0,0,2956648255,
2872,0.07425050977841116,1.8320401498066173e-08,1.4652131124943387e-07,-6.331823628551063e-16,1.0,0,0.4025218328461051,1282.9048216249794,50,143650,,,,,0.000135352877686683,0.3308898736843516,0.0,0,1918816242,
2873,0.07425050977841086,1.8223937835456874e-08,1.0772218740753963e-07,-3.6572570165880657e-16,1.0,0,0.4225559998303652,1283.327462124871,50,143700,,,,,0.00013499606599992785,0.33265312810398784,0.0,0,137937740,
2874,0.07425050977841066,1.8174203723861055e-08,1.1359086320002072e-07,-3.9147640424484393e-16,1.0,0,0.39979566680267453,1283.7273489998188,50,143750,,,,,0.0001348117343700505,0.3384990830120249,0.0,0,2965921484,
2875,0.07425050977841045,1.810818700408356e-08,1.5756939308792728e-07,-7.103410196511577e-16,1.0,0,0.4176296249497682,1284.1450637909584,50,143800,,,,,0.00013456666379190488,0.3458942220697245,0.0,0,3692502032,
2876,0.07425050977841012,1.8148534327714764e-08,1.3653875120690678e-07,-5.388163364025654e-16,1.0,0,0.36774795898236334,1284.5128964998294,50,143850,,,,,0.00013471649612320966,0.32048913392773726,0.0,0,2114923445,
2877,0.07425050977840986,1.815144196118203e-08,1.2709217020840615e-07,-4.65634531629237e-16,1.0,0,0.3965864998754114,1284.9095678329468,50,143900,,,,,0.0001347272873666728,0.34281986397586417,0.0,0,1202667853,
2878,0.0742505097784096,1.8131128182853707e-08,1.1189431222150662e-07,-3.6968592862063035e-16,1.0,0,0.46323024993762374,1285.3728895408567,50,143950,,,,,0.00013465187775465185,0.3260469949511553,0.0,0,441826234,
2879,0.07425050977840944,1.7918351745931487e-08,1.3937120151938787e-07,-5.73070457870721e-16,1.0,0,0.4917623749934137,1285.8647864579689,50,144000,,,,,0.00013385944772757537,0.3220606822553169,0.0,0,698715851,
2880,0.07425050977840912,1.7638243575870172e-08,1.40229384981991e-07,-5.666604389192933e-16,1.0,0,0.44100504205562174,1286.3058816248085,50,144050,,,,,0.0001328090492996248,0.33200000399756113,0.0,0,2042958827,
2881,0.07425050977840886,1.741727472471255e-08,1.3617767930459232e-07,-5.605506924434184e-16,1.0,0,0.4363786668982357,1286.7423446658067,50,144100,,,,,0.00013197452301377168,0.34569258913440193,0.0,0,332851553,
2882,0.07425050977840858,1.7411001817658864e-08,1.2105546173588777e-07,-4.370953424009526e-16,1.0,0,0.44249462499283254,1287.1849324579816,50,144150,,,,,0.00013195075527506033,0.3446966804612785,0.0,0,2827681778,
2883,0.07425050977840836,1.7086757170419775e-08,1.4699582536522287e-07,-5.676182038312407e-16,1.0,0,0.647168125025928,1287.832505249884,50,144200,,,,,0.00013071632327456192,0.32269830271106575,0.0,0,3060636558,
2884,0.07425050977840808,1.7038410996038975e-08,1.2094356685074662e-07,-4.52716045978922e-16,1.0,0,0.4680045829154551,1288.3006602909882,50,144250,,,,,0.00013053126443898018,0.3271454402300907,0.0,0,192621342,
2885,0.07425050977840786,1.6902734662338247e-08,1.2056596464406127e-07,-3.9651700262579356e-16,1.0,0,0.50780687504448,1288.8085563329514,50,144300,,,,,0.00013001051750661654,0.3419134706733808,0.0,0,4136529233,
2886,0.07425050977840764,1.6993583247122947e-08,1.0910318862448891e-07,-3.7136083744121693e-16,1.0,0,0.39434141712263227,1289.2029848748352,50,144350,,,,,0.00013035943865759376,0.3587481650610994,0.0,0,3458423311,
2887,0.07425050977840744,1.690144829255905e-08,1.1398378420534771e-07,-4.0142102034972865e-16,1.0,0,0.39008237491361797,1289.5931430410128,50,144400,,,,,0.00013000557023665966,0.34728397668363314,0.0,0,1764006977,
2888,0.07425050977840728,1.6639802918412287e-08,1.2225690523223998e-07,-4.374308396695086e-16,1.0,0,0.4637995839584619,1290.0570327499881,50,144450,,,,,0.00012899536006543913,0.3323482149043936,0.0,0,2460206894,
2889,0.07425050977840705,1.660117063098162e-08,1.20880999604281e-07,-4.2483048292688666e-16,1.0,0,0.40141929197125137,1290.458532415796,50,144500,,,,,0.00012884553011642126,0.3580506625399959,0.0,0,4274450259,
2890,0.07425050977840689,1.663544221276761e-08,1.1238357639434473e-07,-3.762951971961001e-16,1.0,0,0.38663579197600484,1290.845255999826,50,144550,,,,,0.0001289784563900794,0.32663982504156,0.0,0,890355441,
2891,0.07425050977840664,1.6710930809595286e-08,1.224781035434429e-07,-4.2823400792882033e-16,1.0,0,0.3862370839342475,1291.2315809999127,50,144600,,,,,0.0001292707654870013,0.33545292314797837,0.0,0,3853405398,
2892,0.07425050977840641,1.6694412534457894e-08,1.2834838843182498e-07,-4.648528502162419e-16,1.0,0,0.40224337484687567,1291.6339757908136,50,144650,,,,,0.0001292068594713837,0.32711887466407286,0.0,0,619102707,
2893,0.07425050977840618,1.6499959307713864e-08,1.528995199413021e-07,-6.437635211992732e-16,1.0,0,0.3988807909190655,1292.032974457834,50,144700,,,,,0.00012845216739204468,0.33458250067414524,0.0,0,2830648662,
2894,0.07425050977840586,1.6489232003136713e-08,1.0864788924035725e-07,-3.399753781996572e-16,1.0,0,0.47767112497240305,1292.5107285829727,50,144750,,,,,0.00012841040457508383,0.32424671065774785,0.0,0,298440852,
2895,0.07425050977840572,1.6340311879918114e-08,1.2595425540196757e-07,-4.587512685139069e-16,1.0,0,0.6462230831384659,1293.1570864159148,50,144800,,,,,0.000127829229364485,0.32172851789315143,0.0,0,1236981738,
2896,0.07425050977840544,1.6112376685269328e-08,1.2900759092818964e-07,-4.760840374309433e-16,1.0,0,0.8356712919194251,1293.992976582842,50,144850,,,,,0.00012693453700734613,0.3370252195712014,0.0,0,1305142268,
2897,0.07425050977840522,1.5964991428537064e-08,1.533370824198388e-07,-6.440519787658248e-16,1.0,0,0.5246403750497848,1294.5177215829026,50,144900,,,,,0.00012635264709746712,0.34475336555878017,0.0,0,3340757403,
2898,0.07425050977840493,1.6072902512143906e-08,1.16390050440795e-07,-4.1700375019521057e-16,1.0,0,0.36067695799283683,1294.878488957882,50,144950,,,,,0.00012677895137657477,0.32543025137121206,0.0,0,2148238056,
2899,0.0742505097784047,1.5965295457296362e-08,1.387330126223054e-07,-5.50711540739448e-16,1.0,0,0.4894612920470536,1295.3680487908423,50,145000,,,,,0.00012635385018786076,0.32251439175595953,0.0,0,1355831763,
2900,0.07425050977840444,1.5644967078322958e-08,1.146176138144079e-07,-4.0635553817962204e-16,1.0,0,0.37553591607138515,1295.743728915928,50,145050,,,,,0.00012507984281379217,0.3332633544790095,0.0,0,509193470,
2901,0.07425050977840425,1.557717670235943e-08,1.510100872181001e-07,-6.22423260309396e-16,1.0,0,0.4272405419033021,1296.171136165969,50,145100,,,,,0.00012480856021266902,0.3235006222729072,0.0,0,1887942975,
2902,0.0742505097784039,1.5837179624259165e-08,1.4007055515946548e-07,-5.64950273216529e-16,1.0,0,0.4192916671745479,1296.5905312909745,50,145150,,,,,0.00012584585660346218,0.33056321964278607,0.0,0,3899692891,
2903,0.07425050977840364,1.5789466670193216e-08,9.39103624355308e-08,-2.615571751766744e-16,1.0,0,0.4572379169985652,1297.0479082500096,50,145200,,,,,0.0001256561445779442,0.32547376303551895,0.0,0,3132309055,
2904,0.07425050977840347,1.5700806115053902e-08,1.2733227948520887e-07,-4.952151409674703e-16,1.0,0,0.4138504578731954,1297.4618458328769,50,145250,,,,,0.00012530285756938626,0.3349872891025105,0.0,0,1666986472,
2905,0.07425050977840328,1.5480512296977184e-08,1.0832346398286342e-07,-3.460668232503065e-16,1.0,0,0.4204985830001533,1297.8824486657977,50,145300,,,,,0.00012442070686576726,0.3387592717530941,0.0,0,2032951942,
2906,0.07425050977840308,1.5458421589842984e-08,1.370359624678467e-07,-5.579236400637361e-16,1.0,0,0.4001982919871807,1298.282729457831,50,145350,,,,,0.00012433190093392356,0.33275350965288614,0.0,0,346053794,
2907,0.0742505097784028,1.5390157519858902e-08,1.1601180567070701e-07,-3.920157317970847e-16,1.0,0,0.43306479207240045,1298.715960457921,50,145400,,,,,0.00012405707363894613,0.3255059138594982,0.0,0,600902191,
2908,0.07425050977840261,1.5110905328793525e-08,1.0321110409814619e-07,-3.170517965410796e-16,1.0,0,0.42474291706457734,1299.1411609998904,50,145450,,,,,0.00012292642241924038,0.33342548989027926,0.0,0,1058291011,
2909,0.07425050977840247,1.504344136818028e-08,1.22203013197917e-07,-4.46928240617634e-16,1.0,0,0.39119824999943376,1299.532504415838,50,145500,,,,,0.00012265170756324708,0.3351048022483751,0.0,0,3797227203,
2910,0.07425050977840222,1.497048715732662e-08,1.258745482695365e-07,-4.436005761391897e-16,1.0,0,0.4027936249040067,1299.93544999999,50,145550,,,,,0.0001223539421405237,0.3445308080361116,0.0,0,427408920,
2911,0.074250509778402,1.4825652407192047e-08,1.0531453754667876e-07,-3.305274153189331e-16,1.0,0,0.4225108327809721,1300.358107957989,50,145600,,,,,0.00012176063570461533,0.3409687049649767,0.0,0,1648399093,
2912,0.07425050977840181,1.4737404729760901e-08,1.3707950579999293e-07,-5.067175704637405e-16,1.0,0,0.4419371250551194,1300.8001345410012,50,145650,,,,,0.00012139771303348717,0.3276990186434732,0.0,0,4026968504,
2913,0.07425050977840159,1.4845331608187091e-08,1.102403430248817e-07,-3.6427327782902314e-16,1.0,0,0.3706380829680711,1301.1708605408203,50,145700,,,,,0.00012184141992026805,0.3257280491871111,0.0,0,3348527795,
2914,0.07425050977840139,1.4799638218679577e-08,1.0202058424895183e-07,-3.1653694577998284e-16,1.0,0,0.42207312514074147,1301.593022624962,50,145750,,,,,0.00012165376368480993,0.3453668254715615,0.0,0,2234995366,
2915,0.07425050977840124,1.4651770703066306e-08,1.19433125558852e-07,-3.9007076530389314e-16,1.0,0,0.41053604101762176,1302.0036353329197,50,145800,,,,,0.00012104449885503392,0.33636724860343237,0.0,0,114449397,
2916,0.07425050977840109,1.4635639292465207e-08,1.3554025120284059e-07,-4.996678945305961e-16,1.0,0,0.4038635001052171,1302.4075879999436,50,145850,,,,,0.00012097784628792665,0.3518830326379139,0.0,0,3434670079,
2917,0.07425050977840081,1.4650984413273891e-08,1.0601858240425497e-07,-3.0162116725671795e-16,1.0,0,0.43922808300703764,1302.846906707855,50,145900,,,,,0.00012104125087454231,0.3490459081652821,0.0,0,1641350011,
2918,0.07425050977840064,1.4558936522397174e-08,1.1063385057910984e-07,-3.587535090218112e-16,1.0,0,0.3970796251669526,1303.2442132909782,50,145950,,,,,0.00012066041820910938,0.34705743662081034,0.0,0,2802464059,
2919,0.07425050977840049,1.441971020892607e-08,1.2808691205975296e-07,-4.383952632213344e-16,1.0,0,0.4078475839924067,1303.6521488327999,50,146000,,,,,0.00012008209778699766,0.32673039184942165,0.0,0,3757260219,
2920,0.07425050977840025,1.4312186370509937e-08,9.915852864952422e-08,-2.7357990437103555e-16,1.0,0,0.40612179203890264,1304.0584148748312,50,146050,,,,,0.00011963355035486465,0.32589908231035103,0.0,0,2253702637,
2921,0.07425050977840013,1.4140303780053655e-08,1.0049768938729261e-07,-2.88658824182262e-16,1.0,0,0.4089534168597311,1304.4674964579754,50,146100,,,,,0.00011891300929693797,0.3071203576629549,0.0,0,3936024168,
2922,0.07425050977839995,1.4006822824540949e-08,9.473074921992593e-08,-2.7230887781002286e-16,1.0,0,0.40709874988533556,1304.8750030829106,50,146150,,,,,0.00011835042384605536,0.3349364578024047,0.0,0,3348581172,
2923,0.07425050977839984,1.3976345234827018e-08,1.0164253090773667e-07,-3.047644737255e-16,1.0,0,0.43331083399243653,1305.3084551659413,50,146200,,,,,0.00011822159377553248,0.33960124734001157,0.0,0,2475662442,
2924,0.07425050977839967,1.400686951708379e-08,1.0422109358561608e-07,-3.1253466362652736e-16,1.0,0,0.40527079184539616,1305.713873332832,50,146250,,,,,0.00011835062110983529,0.3298380760163615,0.0,0,3734277057,
2925,0.07425050977839948,1.4043018404791352e-08,9.916857032989532e-08,-2.8843006426612716e-16,1.0,0,0.38665033294819295,1306.1006193328649,50,146300,,,,,0.00011850324216995648,0.3191985025603942,0.0,0,3240214206,
2926,0.0742505097783994,1.4024328291436797e-08,9.7821000087025e-08,-2.864768141333092e-16,1.0,0,0.4323196669574827,1306.533030165825,50,146350,,,,,0.00011842435683353656,0.32655225269614196,0.0,0,1111448531,
2927,0.07425050977839921,1.3871464880582127e-08,1.1861475851225664e-07,-4.137830627319818e-16,1.0,0,0.37839812505990267,1306.9115190829616,50,146400,,,,,0.00011777718319174612,0.3255188089606014,0.0,0,3414569460,
2928,0.07425050977839903,1.3654141904259624e-08,1.2734558699033032e-07,-4.671792716148609e-16,1.0,0,0.3959609579760581,1307.307569165947,50,146450,,,,,0.00011685093882489615,0.34072256220952934,0.0,0,1320482599,
2929,0.07425050977839881,1.3427879075073336e-08,9.625949676766474e-08,-2.690091315762679e-16,1.0,0,0.4243123750202358,1307.731967457803,50,146500,,,,,0.00011587872572251274,0.3460716587682749,0.0,0,3765104551,
2930,0.07425050977839867,1.3382868390240027e-08,1.0186704207327005e-07,-2.863632199739254e-16,1.0,0,0.39347675000317395,1308.1255302499048,50,146550,,,,,0.00011568434807803529,0.33243042935109324,0.0,0,1943965173,
2931,0.07425050977839853,1.339213979678126e-08,8.552928376486214e-08,-2.163769435148852e-16,1.0,0,0.40714008384384215,1308.532759165857,50,146600,,,,,0.00011572441314079437,0.3324117069630605,0.0,0,2713813429,
2932,0.07425050977839838,1.3246850114600202e-08,1.0164336766200055e-07,-3.043972388509708e-16,1.0,0,0.4003900829702616,1308.9332423328888,50,146650,,,,,0.00011509496129110171,0.34747879926084074,0.0,0,1400234667,
2933,0.07425050977839828,1.3314013184205072e-08,1.0467633144631926e-07,-3.1925069403696495e-16,1.0,0,0.3921021670103073,1309.3254301659763,50,146700,,,,,0.00011538636481060087,0.32983904163288635,0.0,0,2848130730,
2934,0.0742505097783981,1.3318848602653512e-08,9.191987067266592e-08,-2.437747648946946e-16,1.0,0,0.4068095830734819,1309.7323888749816,50,146750,,,,,0.00011540731607074793,0.33311234863367467,0.0,0,2974949823,
2935,0.07425050977839795,1.322322874078274e-08,1.0751517711946422e-07,-3.4132151736212015e-16,1.0,0,0.4459658751729876,1310.178442290984,50,146800,,,,,0.00011499229861509309,0.3192386625863136,0.0,0,2676912198,
2936,0.07425050977839781,1.3132790167561806e-08,1.0262293108697605e-07,-2.999654620090395e-16,1.0,0,0.424494415987283,1310.6030936248135,50,146850,,,,,0.00011459838640906688,0.3372127062643034,0.0,0,3654621951,
2937,0.07425050977839769,1.2994297471514905e-08,8.663826866308585e-08,-2.3027398651295e-16,1.0,0,0.4800187919754535,1311.0833054159302,50,146900,,,,,0.00011399253252522687,0.3464882457803816,0.0,0,1716422861,
2938,0.07425050977839756,1.2945975183611748e-08,6.987968006813876e-08,-1.5358942851678035e-16,1.0,0,0.3923378339968622,1311.4758112078998,50,146950,,,,,0.00011378038136520614,0.3259799053804914,0.0,0,3762026427,
2939,0.07425050977839746,1.2856616889218185e-08,8.062968210183023e-08,-1.8554916028418032e-16,1.0,0,0.4221249590627849,1311.8980773328803,50,147000,,,,,0.00011338702257850404,0.319021939612367,0.0,0,178918261,
2940,0.07425050977839734,1.2807014386353887e-08,7.928510790999651e-08,-1.9225258751269957e-16,1.0,0,0.3852116670459509,1312.283379582921,50,147050,,,,,0.00011316808024506684,0.32816984690772,0.0,0,2266867325,
2941,0.07425050977839724,1.2583629003910984e-08,8.232036738399437e-08,-2.0124658872074395e-16,1.0,0,0.4006332498975098,1312.6840938748792,50,147100,,,,,0.0001121767756886914,0.3433846871286614,0.0,0,3776013744,
2942,0.07425050977839716,1.2512773125509591e-08,9.224607380023785e-08,-2.496849249332817e-16,1.0,0,0.42447320790961385,1313.1087878330145,50,147150,,,,,0.00011186050744346546,0.3417653870258,0.0,0,3367808237,
2943,0.07425050977839703,1.2482721537596812e-08,9.605079296632052e-08,-2.611065519827504e-16,1.0,0,0.40220879204571247,1313.5111434999853,50,147200,,,,,0.00011172610052085776,0.3452902593690236,0.0,0,3941847243,
2944,0.0742505097783969,1.2356762138937495e-08,8.672784414829573e-08,-2.1562128247212257e-16,1.0,0,0.4298227920662612,1313.941102790879,50,147250,,,,,0.0001111609739923931,0.33171891806576864,0.0,0,3586966837,
2945,0.0742505097783968,1.2306192772460833e-08,9.260421372929075e-08,-2.41549008118511e-16,1.0,0,0.37542949989438057,1314.3166232910007,50,147300,,,,,0.00011093328072522165,0.32936158165482726,0.0,0,2449477819,
2946,0.0742505097783967,1.2088823966115152e-08,1.0157117072569867e-07,-2.75335567097338e-16,1.0,0,0.4316565829794854,1314.7483702499885,50,147350,,,,,0.00010994918811030462,0.3418870988767731,0.0,0,1279704789,
2947,0.07425050977839656,1.2239483880553971e-08,1.0185833904352338e-07,-3.0168938205011967e-16,1.0,0,0.42805729107931256,1315.1766518328805,50,147400,,,,,0.00011063220092068118,0.31333505561349173,0.0,0,1313225718,
2948,0.07425050977839638,1.234502734665496e-08,8.665166510786639e-08,-2.192324594224818e-16,1.0,0,0.4129490000195801,1315.5897530829534,50,147450,,,,,0.00011110817857680396,0.3346792912009688,0.0,0,1790661784,
2949,0.07425050977839631,1.2428344667952094e-08,8.065848545968383e-08,-1.888819169632638e-16,1.0,0,0.6297457499895245,1316.2195972909685,50,147500,,,,,0.0001114824859247052,0.3518409272754454,0.0,0,3735507462,
2950,0.07425050977839621,1.2380176346425938e-08,8.734391199654005e-08,-2.13149070659777e-16,1.0,0,0.5244227501098067,1316.744554915931,50,147550,,,,,0.00011126624082095133,0.34764948990565575,0.0,0,3833603124,
2951,0.07425050977839608,1.2315851857782763e-08,1.018596141194545e-07,-2.977808897064302e-16,1.0,0,0.5967701668851078,1317.341407874832,50,147600,,,,,0.00011097680774730711,0.3259181437828238,0.0,0,280123253,
2952,0.07425050977839592,1.2136318161835469e-08,8.665221950915754e-08,-2.198304877906383e-16,1.0,0,0.5130565830040723,1317.8545651249588,50,147650,,,,,0.00011016495886549166,0.3333086902407687,0.0,0,1887323017,
2953,0.07425050977839584,1.2057189718413218e-08,8.295153620025481e-08,-1.9868086273970234e-16,1.0,0,0.6644212501123548,1318.5190673749894,50,147700,,,,,0.00010980523538708534,0.33020420470958095,0.0,0,2600183086,
2954,0.07425050977839573,1.2033395643722952e-08,8.418512993682011e-08,-1.9230160827034858e-16,1.0,0,0.4825974169652909,1319.0018088750076,50,147750,,,,,0.00010969683515818928,0.32104750550661876,0.0,0,2367235000,
2955,0.07425050977839565,1.2157344570580835e-08,7.942731400933796e-08,-1.9311574642164933e-16,1.0,0,0.4803483330179006,1319.4822463749442,50,147800,,,,,0.00011026034904071742,0.34144548696956956,0.0,0,1370582875,
2956,0.07425050977839553,1.2112087418182582e-08,1.0445899080479528e-07,-3.0198444449582047e-16,1.0,0,0.5664247500244528,1320.0488397078589,50,147850,,,,,0.0001100549290953503,0.3325518368692242,0.0,0,2658912502,
2957,0.07425050977839538,1.1989397817302837e-08,9.586326693357338e-08,-2.708700292648234e-16,1.0,0,0.6670743748545647,1320.7160589999985,50,147900,,,,,0.00010949610868566443,0.33884257325276923,0.0,0,379622348,
2958,0.07425050977839523,1.1846055318461101e-08,8.5247967708275e-08,-2.0528749277928418e-16,1.0,0,1.3102850830182433,1322.0264917078894,50,147950,,,,,0.00010883958525491129,0.33651977068061767,0.0,0,881907282,
2959,0.07425050977839517,1.1848349248571687e-08,1.0462267794414602e-07,-3.210053507846055e-16,1.0,0,1.0292983329854906,1323.0561729997862,50,148000,,,,,0.0001088501228688865,0.32258625727006013,0.0,0,628510677,
2960,0.07425050977839495,1.1705058941076972e-08,7.010041639471738e-08,-1.3930024787173904e-16,1.0,0,1.3923310828395188,1324.448650874896,50,148050,,,,,0.00010818992070002165,0.320447778009889,0.0,0,498730837,
2961,0.07425050977839491,1.1603457865112564e-08,8.69006944813392e-08,-2.1387039624628024e-16,1.0,0,0.7416808339767158,1325.1904375827871,50,148100,,,,,0.00010771934768235725,0.33186957714449544,0.0,0,1167092855,
2962,0.07425050977839481,1.1715533948706908e-08,7.724660259147231e-08,-1.6338053409767322e-16,1.0,0,0.5127474998589605,1325.7032724157907,50,148150,,,,,0.00010823832014913622,0.33616144994147684,0.0,0,3942529830,
2963,0.07425050977839473,1.1729446270041964e-08,9.96707987859477e-08,-2.9818756868316604e-16,1.0,0,0.4947322919033468,1326.1980904999655,50,148200,,,,,0.00010830256815995622,0.33044865581071053,0.0,0,2787506210,
2964,0.07425050977839458,1.1627459745856441e-08,9.766301557642279e-08,-2.733188231767725e-16,1.0,0,0.5885227089747787,1326.7867877499666,50,148250,,,,,0.00010783069945918204,0.34685502102510013,0.0,0,3717925185,
2965,0.07425050977839442,1.1620845028314618e-08,9.59133460440112e-08,-2.6276144995710504e-16,1.0,0,2.1373535830061883,1328.9242718748283,50,148300,,,,,0.0001078000233224215,0.3551299149033474,0.0,0,652572773,
2966,0.07425050977839431,1.1423009764246872e-08,7.579477460429498e-08,-1.787113780208733e-16,1.0,0,2.1836588750593364,1331.1115219579078,50,148350,,,,,0.00010687848129650268,0.34786253506643955,0.0,0,1195854940,
2967,0.07425050977839423,1.1387149481572647e-08,9.467205582614979e-08,-2.6462413094096383e-16,1.0,0,0.5424355000723153,1331.6541826659814,50,148400,,,,,0.00010671058748583782,0.3312782966600783,0.0,0,1517864476,
2968,0.07425050977839409,1.1222794729131008e-08,8.664557596744526e-08,-2.207609649653431e-16,1.0,0,0.9428937081247568,1332.5972232499626,50,148450,,,,,0.00010593769267418942,0.3449746952667967,0.0,0,1249896939,
2969,0.074250509778394,1.123243609632593e-08,7.199064602638097e-08,-1.5043150956440973e-16,1.0,0,1.204097333131358,1333.8014894998632,50,148500,,,,,0.00010598318780035788,0.3311001573833332,0.0,0,467012575,
2970,0.0742505097783939,1.129945182683467e-08,9.381083745590367e-08,-2.4046389311333177e-16,1.0,0,1.210558749968186,1335.012205749983,50,148550,,,,,0.00010629887970639516,0.3422902341559843,0.0,0,3757832860,
2971,0.07425050977839379,1.1159417842323173e-08,8.718937752865988e-08,-2.3140693434866236e-16,1.0,0,1.445331416791305,1336.4580024578609,50,148600,,,,,0.00010563814577283706,0.34468956411777585,0.0,0,2909334216,
2972,0.07425050977839365,1.1078042416810549e-08,7.749479351385571e-08,-1.706910597696813e-16,1.0,0,1.312937333015725,1337.7710572909564,50,148650,,,,,0.00010525227986514377,0.3294032042541792,0.0,0,3625949259,
2973,0.07425050977839359,1.1051845323633753e-08,8.25847459300191e-08,-1.9667216895416445e-16,1.0,0,0.541470207972452,1338.3126222079154,50,148700,,,,,0.00010512775715116228,0.32648340210993904,0.0,0,3703803777,
2974,0.07425050977839348,1.1091840733599635e-08,8.620688972864762e-08,-2.1129783680630002e-16,1.0,0,0.4169119999278337,1338.7297113749664,50,148750,,,,,0.0001053178082453278,0.33047287125470204,0.0,0,976242901,
2975,0.07425050977839337,1.1005865136999916e-08,7.489526320914745e-08,-1.708558001963165e-16,1.0,0,0.4574755411595106,1339.1872863748576,50,148800,,,,,0.00010490884203440583,0.32727433352734814,0.0,0,4029068608,
2976,0.07425050977839331,1.0999452261028744e-08,8.178923359192164e-08,-1.922381729023391e-16,1.0,0,0.3620502920821309,1339.54942883295,50,148850,,,,,0.00010487827354141916,0.3213307921388508,0.0,0,3900649796,
2977,0.0742505097783932,1.0935675875606758e-08,7.805324788809618e-08,-1.871109030619904e-16,1.0,0,0.39256224990822375,1339.9421539579052,50,148900,,,,,0.00010457378197046695,0.33869227255451256,0.0,0,3064508917,
2978,0.07425050977839309,1.0891201347274955e-08,7.067046755628746e-08,-1.5721362637998234e-16,1.0,0,0.39423979190178216,1340.3364864159375,50,148950,,,,,0.00010436091867780273,0.3179868731776668,0.0,0,2248684626,
2979,0.074250509778393,1.0739701077092682e-08,6.884248198624793e-08,-1.4899463002077952e-16,1.0,0,0.3955145829822868,1340.7320899579208,50,149000,,,,,0.00010363252904900411,0.3334741294559936,0.0,0,3999266263,
2980,0.07425050977839295,1.0627587542754774e-08,7.113947009384977e-08,-1.415585422819956e-16,1.0,0,0.4155628338921815,1341.1477852908429,50,149050,,,,,0.00010309019130234833,0.3411282267938252,0.0,0,2582933343,
2981,0.07425050977839287,1.054864388523917e-08,7.262007367486482e-08,-1.541287016537451e-16,1.0,0,0.2958777919411659,1341.4439731659368,50,149100,,,,,0.00010270659124534885,0.3361662243218459,0.0,0,1972783752,
2982,0.07425050977839281,1.0589267991966236e-08,8.196705699200735e-08,-2.0146218164657468e-16,1.0,0,0.27353483298793435,1341.7175920410082,50,149150,,,,,0.00010290416897272061,0.3383948196390127,0.0,0,4255966314,
2983,0.07425050977839268,1.038239222427123e-08,8.810372548666222e-08,-2.2959759308690543e-16,1.0,0,0.26753666694276035,1341.9852724999655,50,149200,,,,,0.00010189402447774467,0.34100313075955274,0.0,0,3602457945,
2984,0.07425050977839259,1.0362035779905948e-08,7.055924138955644e-08,-1.5423406314278443e-16,1.0,0,0.25364708295091987,1342.2390159999486,50,149250,,,,,0.00010179408519116397,0.34868996437357125,0.0,0,2839423253,
2985,0.07425050977839251,1.038068546897325e-08,8.922593385892262e-08,-2.3192987787999457e-16,1.0,0,0.26558908401057124,1342.5046936247963,50,149300,,,,,0.00010188564898440432,0.3319205250244715,0.0,0,3120268176,
2986,0.07425050977839237,1.0349601020656503e-08,7.050171388274532e-08,-1.388665186664552e-16,1.0,0,0.33877283288165927,1342.8435450408142,50,149350,,,,,0.00010173298885148565,0.3327963242694709,0.0,0,1785169877,
2987,0.07425050977839229,1.035758365118778e-08,7.418452638770745e-08,-1.56774879177423e-16,1.0,0,0.32275462499819696,1343.1663759159856,50,149400,,,,,0.0001017722145341634,0.332808853790039,0.0,0,3722125048,
2988,0.07425050977839223,1.0300498453163386e-08,7.23553980283455e-08,-1.6137116494844728e-16,1.0,0,0.6470660830382258,1343.8135279158596,50,149450,,,,,0.00010149137132369129,0.32752968857195924,0.0,0,3423029884,
2989,0.07425050977839216,1.013055075176649e-08,8.14226379373005e-08,-1.8153921304155775e-16,1.0,0,0.530344125116244,1344.3460450829007,50,149500,,,,,0.00010065063711555178,0.345394396979398,0.0,0,1252915931,
2990,0.07425050977839208,1.0013814204103198e-08,8.21264466313281e-08,-1.8807515797203566e-16,1.0,0,0.28704037494026124,1344.6332501249854,50,149550,,,,,0.00010006904718294862,0.32805057877755045,0.0,0,2895761712,
2991,0.07425050977839195,1.0131894907473481e-08,8.751246746285795e-08,-2.021692264726214e-16,1.0,0,0.9508377499878407,1345.5841737498995,50,149600,,,,,0.0001006573142273997,0.3313540118936083,0.0,0,3385306165,
2992,0.07425050977839187,9.955209941005503e-09,6.880299710468495e-08,-1.3782509779312413e-16,1.0,0,2.216002375120297,1347.8004160409328,50,149650,,,,,9.977579837318017e-05,0.3306428469831973,0.0,0,1497056761,
2993,0.0742505097783918,9.835779631370015e-09,7.757397033287787e-08,-1.746907787527396e-16,1.0,0,0.8396746669895947,1348.6405288749374,50,149700,,,,,9.91754991485801e-05,0.34170549993395954,0.0,0,2854511715,
2994,0.0742505097783917,9.900302386000226e-09,7.884907450916021e-08,-1.731766807145663e-16,1.0,0,1.0206812911201268,1349.6613352908753,50,149750,,,,,9.950026324588405e-05,0.32289609256478535,0.0,0,1017933711,
2995,0.07425050977839162,9.827180378622909e-09,8.948588576192868e-08,-2.1793962755813108e-16,1.0,0,0.6559812920168042,1350.317464707885,50,149800,,,,,9.9132135953095e-05,0.31978116885459185,0.0,0,3042013260,
2996,0.07425050977839151,9.80690416965569e-09,6.153116307737091e-08,-1.116251771921201e-16,1.0,0,0.6317424159497023,1350.9493125409354,50,149850,,,,,9.902981454923407e-05,0.3377378882075005,0.0,0,897012284,
2997,0.07425050977839145,9.654699063232796e-09,6.764929645292964e-08,-1.3737180945285376e-16,1.0,0,0.5394260000903159,1351.4888834999874,50,149900,,,,,9.825832821309752e-05,0.32467249427032985,0.0,0,111773248,
2998,0.0742505097783914,9.611958819025255e-09,7.469377631883935e-08,-1.537202320406179e-16,1.0,0,0.5332698749843985,1352.022261874983,50,149950,,,,,9.80405978104237e-05,0.3339496999906275,0.0,0,1667576011,
2999,0.07425050977839132,9.530689022722477e-09,6.551454840267595e-08,-1.256981631223029e-16,1.0,0,0.6808957499451935,1352.7032514158636,50,150000,,,,,9.762524787534461e-05,0.3312747771474824,0.0,0,2222214437,
