k,f,grad_norm,x_norm,alpha,subspace_dim_s,inner_dim_r,L,rs_reg,rk_reg,rk_iters,rk_residual
0,0.0,31.49018638113405,0.0,1.0,11,10,100,0.0,0.0,100,0.5988991679017879
1,-319.5327958156368,18.77674750022715,25.279746668653026,1.0,11,10,100,0.0,0.0,100,0.6668382715847317
2,-419.7543879193847,12.333817838763105,31.521358279361234,1.0,11,10,100,0.0,0.0,100,0.704232904498835
3,-460.03941065734307,8.458901642877423,32.66265493973832,1.0,11,10,100,0.0,0.0,100,0.700856351524322
4,-479.3069643665493,5.7461212644236435,32.35894491459419,1.0,11,10,100,0.0,0.0,100,0.713372619758709
5,-487.9498577951449,3.966374002570913,31.942345409312953,1.0,11,10,100,0.0,0.0,100,0.7250523886905424
6,-491.9436340045609,2.782906809334156,31.742419033017956,1.0,11,10,100,0.0,0.0,100,0.725704784661197
7,-493.9218668992058,1.9463053512099806,31.6000957516774,1.0,11,10,100,0.0,0.0,100,0.7001184496048998
8,-494.93361145895153,1.3283882718007343,31.526428325020685,1.0,11,10,100,0.0,0.0,100,0.74115308870838
9,-495.3602485560469,0.9546419257848382,31.51872353403321,1.0,11,10,100,0.0,0.0,100,0.6956425106995808
10,-495.60763531059825,0.6454205585225291,31.498258251176715,1.0,11,10,100,0.0,0.0,100,0.6810137125619415
11,-495.726693096692,0.42243594209819735,31.50016976480933,1.0,11,10,100,0.0,0.0,100,0.7553443100052689
12,-495.7693462555537,0.30519798074848326,31.49887531222958,1.0,11,10,100,0.0,0.0,100,0.698345257056565
13,-495.7945097459509,0.20692710469734937,31.495812446933826,1.0,11,10,100,0.0,0.0,100,0.7207169612023223
14,-495.8055238473985,0.1441895411022313,31.49115772035063,1.0,11,10,100,0.0,0.0,100,0.6997978572762147
15,-495.81116738733573,0.09748612151885544,31.490449566821674,1.0,11,10,100,0.0,0.0,100,0.6994232491344367
16,-495.81371103600515,0.06645484594869291,31.49038483588746,1.0,11,10,100,0.0,0.0,100,0.7098217636606402
17,-495.8148870108056,0.04543453476204601,31.491914911286553,1.0,11,10,100,0.0,0.0,100,0.7243843881776899
18,-495.81540687162806,0.032008987864557,31.49123521565239,1.0,11,10,100,0.0,0.0,100,0.695768065853943
19,-495.81568484039883,0.021648042922342584,31.490598514798517,1.0,11,10,100,0.0,0.0,100,0.7334322712799192
20,-495.81580127780757,0.015354574092152901,31.490218208679917,1.0,11,10,100,0.0,0.0,100,0.7021470614777063
21,-495.8158635241959,0.010548467598214475,31.490370057875303,1.0,11,10,100,0.0,0.0,100,0.6781009467933389
22,-495.8158948724176,0.006969485260210163,31.49037806341526,1.0,11,10,100,0.0,0.0,100,0.7398608751640605
23,-495.81590678791764,0.00497420595573417,31.490382972306254,1.0,11,10,100,0.0,0.0,100,0.7168155074967687
24,-495.8159131848869,0.003456701708548972,31.490227306661247,1.0,11,10,100,0.0,0.0,100,0.7280335544920497
25,-495.81591614482653,0.0024553832837456166,31.490137626283218,1.0,11,10,100,0.0,0.0,100,0.6947678922521358
26,-495.81591778067883,0.0016604826947281895,31.490166901383773,1.0,11,10,100,0.0,0.0,100,0.6998874741220854
27,-495.81591852231224,0.0011286874163364468,31.490194081913362,1.0,11,10,100,0.0,0.0,100,0.7183359447465371
28,-495.81591885093,0.0007853025082597578,31.49021741736805,1.0,11,10,100,0.0,0.0,100,0.7194782371994356
29,-495.81591900785185,0.0005503237046565744,31.49018259624631,1.0,11,10,100,0.0,0.0,100,0.6902079695514607
30,-495.8159190911145,0.0003692307456486129,31.490189810426823,1.0,11,10,100,0.0,0.0,100,0.7033235844082497
31,-495.8159191278187,0.0002508447080451332,31.490190250997777,1.0,11,10,100,0.0,0.0,100,0.7103648531440605
32,-495.8159191443926,0.00017255538611284877,31.49018322806243,1.0,11,10,100,0.0,0.0,100,0.71786121454947
33,-495.8159191521792,0.00011916950710761276,31.490184838615818,1.0,11,10,100,0.0,0.0,100,0.7171595677482615
34,-495.81591915585983,8.2705935050619e-05,31.4901843886412,1.0,11,10,100,0.0,0.0,100,0.7164054614609182
35,-495.8159191576301,5.744904191271868e-05,31.490184235078384,1.0,11,10,100,0.0,0.0,100,0.6965747250529938
36,-495.8159191585254,3.88482984180163e-05,31.490185517956817,1.0,11,10,100,0.0,0.0,100,0.7359880476696803
37,-495.81591915890607,2.7352211240958927e-05,31.490185877064356,1.0,11,10,100,0.0,0.0,100,0.7170619482524434
38,-495.81591915909985,1.898821339816683e-05,31.49018681247951,1.0,11,10,100,0.0,0.0,100,0.6879240070142154
39,-495.8159191592002,1.2660141279106194e-05,31.490186663321982,1.0,11,10,100,0.0,0.0,100,0.7330694536398603
40,-495.81591915924037,8.897489598371857e-06,31.490186785349493,1.0,11,10,100,0.0,0.0,100,0.7124027474011418
41,-495.81591915926134,6.119165317857389e-06,31.490186542006327,1.0,11,10,100,0.0,0.0,100,0.7301432203919137
42,-495.81591915927095,4.246192231366365e-06,31.490186451560884,1.0,11,10,100,0.0,0.0,100,0.7290754543890019
43,-495.81591915927555,2.9756176015277563e-06,31.49018632744517,1.0,11,10,100,0.0,0.0,100,0.7192610097303971
44,-495.8159191592781,2.0596255625303916e-06,31.49018636497095,1.0,11,10,100,0.0,0.0,100,0.7189337776101781
45,-495.815919159279,1.4387224563200864e-06,31.490186344072328,1.0,11,10,100,0.0,0.0,100,0.7248394638313799
46,-495.8159191592798,1.0058914212421304e-06,31.490186337099292,1.0,11,10,100,0.0,0.0,100,0.7157706399977672
47,-495.81591915928,6.954045810626234e-07,31.490186346945592,0.25,11,10,100,0.0,0.0,100,0.71421577538337
48,-495.81591915928016,6.098742150772706e-07,31.490186348497293,1.0,11,10,100,0.0,0.0,100,0.4825053114694412
49,-495.8159191592802,2.8914093144174123e-07,31.490186381041138,0.00048828125,11,10,100,0.0,0.0,100,0.7730760308511504
50,-495.81591915928027,2.8907478962670394e-07,31.49018638104073,0.0078125,11,10,100,0.0,0.0,100,0.48464996041758307
51,-495.8159191592804,2.8731904467857957e-07,31.490186381032835,1.4901161193847656e-08,11,10,100,0.0,0.0,100,0.2867895078763531
52,-495.8159191592804,2.873190408556425e-07,31.490186381032835,1.1920928955078125e-07,11,10,100,0.0,0.0,100,0.1705757773725511
53,-495.81591915928044,2.8731900758044326e-07,31.490186381032835,1.4901161193847656e-08,11,10,100,0.0,0.0,100,0.10736512812518528
54,-495.81591915928044,2.873190034376017e-07,31.490186381032835,7.450580596923828e-09,11,10,100,0.0,0.0,100,0.06337730720851306
55,-495.81591915928044,2.873190016403017e-07,31.490186381032835,7.450580596923828e-09,11,10,100,0.0,0.0,100,0.038586597819125816
56,-495.81591915928044,2.8731899984504446e-07,31.49018638103284,7.450580596923828e-09,11,10,100,0.0,0.0,100,0.023977261892762117
57,-495.81591915928044,2.8731899803388775e-07,31.49018638103284,1.52587890625e-05,11,10,100,0.0,0.0,100,0.014017017807071637
58,-495.81591915928044,2.873146147495362e-07,31.49018638103284,7.450580596923828e-09,11,10,100,0.0,0.0,100,0.008166518751866126
59,-495.81591915928044,2.873146129371647e-07,31.49018638103284,1.0,11,10,100,0.0,0.0,100,0.004762511061769948
60,-495.8159191592805,1.3636055596249035e-09,31.490186381134766,3.814697265625e-06,11,10,100,0.0,0.0,100,0.8706742169620876
61,-495.8159191592805,1.3636035755907914e-09,31.490186381134766,3.814697265625e-06,11,10,100,0.0,0.0,100,0.510329087080076
62,-495.8159191592805,1.3635996919311634e-09,31.49018638113477,0.0625,11,10,100,0.0,0.0,100,0.3039489771588694
63,-495.81591915928055,1.2862393393738105e-09,31.490186381134297,9.5367431640625e-07,11,10,100,0.0,0.0,100,0.1886838766135552
64,-495.81591915928055,1.286238650361146e-09,31.490186381134297,4.76837158203125e-07,11,10,100,0.0,0.0,100,0.1122801923227657
65,-495.81591915928055,1.2862384061848476e-09,31.490186381134297,4.76837158203125e-07,11,10,100,0.0,0.0,100,0.06877822740411332
66,-495.81591915928055,1.286238169763181e-09,31.490186381134297,4.76837158203125e-07,11,10,100,0.0,0.0,100,0.041065896974358855
67,-495.81591915928055,1.2862379329474383e-09,31.490186381134297,4.76837158203125e-07,11,10,100,0.0,0.0,100,0.024727476973885935
68,-495.81591915928055,1.2862376954679171e-09,31.490186381134297,4.76837158203125e-07,11,10,100,0.0,0.0,100,0.015616266209056309
69,-495.81591915928055,1.2862374577752137e-09,31.490186381134297,4.76837158203125e-07,11,10,100,0.0,0.0,100,0.009631369723412537
70,-495.81591915928055,1.2862372205066063e-09,31.490186381134297,4.76837158203125e-07,11,10,100,0.0,0.0,100,0.0057122736441312175
71,-495.81591915928055,1.2862369840151464e-09,31.490186381134297,4.76837158203125e-07,11,10,100,0.0,0.0,100,0.0034650588149910417
72,-495.81591915928055,1.2862367466294802e-09,31.490186381134297,4.76837158203125e-07,11,10,100,0.0,0.0,100,0.0021119157155238353
73,-495.81591915928055,1.2862365092124319e-09,31.490186381134297,9.5367431640625e-07,11,10,100,0.0,0.0,100,0.0012427042667819046
74,-495.81591915928055,1.286235792902194e-09,31.490186381134297,4.76837158203125e-07,11,10,100,0.0,0.0,100,0.0007589661642991265
75,-495.81591915928055,1.2862355554853307e-09,31.490186381134297,4.76837158203125e-07,11,10,100,0.0,0.0,100,0.00045091017487054166
76,-495.81591915928055,1.286235318068572e-09,31.490186381134297,4.76837158203125e-07,11,10,100,0.0,0.0,100,0.0002727501646473238
77,-495.81591915928055,1.286235080651918e-09,31.490186381134297,4.76837158203125e-07,11,10,100,0.0,0.0,100,0.0001665363623974517
78,-495.81591915928055,1.2862348432353686e-09,31.490186381134297,4.76837158203125e-07,11,10,100,0.0,0.0,100,0.00010034715560092386
79,-495.81591915928055,1.2862346058189234e-09,31.490186381134297,4.76837158203125e-07,11,10,100,0.0,0.0,100,6.083220207739654e-05
80,-495.81591915928055,1.286234368402583e-09,31.490186381134297,4.76837158203125e-07,11,10,100,0.0,0.0,100,3.6276623506798854e-05
81,-495.81591915928055,1.2862341309863471e-09,31.490186381134297,4.76837158203125e-07,11,10,100,0.0,0.0,100,2.1294409937485622e-05
82,-495.81591915928055,1.2862338935702155e-09,31.490186381134297,4.76837158203125e-07,11,10,100,0.0,0.0,100,1.2741387868475145e-05
83,-495.81591915928055,1.2862336561541885e-09,31.490186381134297,0.25,11,10,100,0.0,0.0,100,7.414654831159028e-06
84,-495.81591915928055,9.646752215783026e-10,31.490186381134233,9.5367431640625e-07,11,10,100,0.0,0.0,100,0.14875670422808457
85,-495.81591915928055,9.64674761620133e-10,31.490186381134233,7.62939453125e-06,11,10,100,0.0,0.0,100,0.0864724377419879
86,-495.81591915928055,9.646674367595153e-10,31.490186381134233,0.0001220703125,11,10,100,0.0,0.0,100,0.05345540871881882
87,-495.81591915928055,9.645500221419954e-10,31.490186381134233,3.0517578125e-05,11,10,100,0.0,0.0,100,0.031195888661769935
88,-495.81591915928055,9.64520612895173e-10,31.490186381134233,2.384185791015625e-07,11,10,100,0.0,0.0,100,0.018725679456748707
89,-495.81591915928055,9.645205720719224e-10,31.490186381134233,2.384185791015625e-07,11,10,100,0.0,0.0,100,0.011418303182655085
90,-495.81591915928055,9.64520531165854e-10,31.490186381134233,2.384185791015625e-07,11,10,100,0.0,0.0,100,0.006766332435309434
91,-495.81591915928055,9.645204901539623e-10,31.490186381134233,2.384185791015625e-07,11,10,100,0.0,0.0,100,0.004013704544947963
92,-495.81591915928055,9.645204491105954e-10,31.490186381134233,2.384185791015625e-07,11,10,100,0.0,0.0,100,0.0023577985183928984
93,-495.81591915928055,9.645204080987269e-10,31.490186381134233,2.384185791015625e-07,11,10,100,0.0,0.0,100,0.001448600867208207
94,-495.81591915928055,9.645203670868697e-10,31.490186381134233,2.384185791015625e-07,11,10,100,0.0,0.0,100,0.0008670333238077696
95,-495.81591915928055,9.645203260750246e-10,31.490186381134233,2.384185791015625e-07,11,10,100,0.0,0.0,100,0.0005413889628790744
96,-495.81591915928055,9.645202850631908e-10,31.490186381134233,2.384185791015625e-07,11,10,100,0.0,0.0,100,0.0003297825848271291
97,-495.81591915928055,9.645202440513686e-10,31.490186381134233,2.384185791015625e-07,11,10,100,0.0,0.0,100,0.00020380195212330813
98,-495.81591915928055,9.645202030080712e-10,31.490186381134233,2.384185791015625e-07,11,10,100,0.0,0.0,100,0.0001209180096939975
99,-495.81591915928055,9.645201619962722e-10,31.490186381134233,2.384185791015625e-07,11,10,100,0.0,0.0,100,7.06934805692544e-05
100,-495.81591915928055,9.645201209844847e-10,31.490186381134233,2.384185791015625e-07,11,10,100,0.0,0.0,100,4.217098252327503e-05
101,-495.81591915928055,9.645200799727089e-10,31.490186381134233,2.384185791015625e-07,11,10,100,0.0,0.0,100,2.5519758305887986e-05
102,-495.81591915928055,9.645200389609446e-10,31.490186381134233,2.384185791015625e-07,11,10,100,0.0,0.0,100,1.5235726480838878e-05
103,-495.81591915928055,9.645199979491919e-10,31.490186381134233,2.384185791015625e-07,11,10,100,0.0,0.0,100,9.070236795935563e-06
104,-495.81591915928055,9.645199569374508e-10,31.490186381134233,2.384185791015625e-07,11,10,100,0.0,0.0,100,5.579118038271378e-06
105,-495.81591915928055,9.645199159257214e-10,31.490186381134233,2.384185791015625e-07,11,10,100,0.0,0.0,100,3.3927309870983164e-06
106,-495.81591915928055,9.645198749140033e-10,31.490186381134233,2.384185791015625e-07,11,10,100,0.0,0.0,100,2.0805867774964344e-06
107,-495.81591915928055,9.645198339022969e-10,31.490186381134233,2.384185791015625e-07,11,10,100,0.0,0.0,100,1.20739080416478e-06
108,-495.81591915928055,9.64519792890602e-10,31.490186381134233,2.384185791015625e-07,11,10,100,0.0,0.0,100,7.200445779969964e-07
109,-495.81591915928055,9.645197518789189e-10,31.490186381134233,2.384185791015625e-07,11,10,100,0.0,0.0,100,4.363220592057611e-07
110,-495.81591915928055,9.645197108672474e-10,31.490186381134233,2.384185791015625e-07,11,10,100,0.0,0.0,100,2.643257216733921e-07
111,-495.81591915928055,9.645196698555874e-10,31.490186381134233,2.384185791015625e-07,11,10,100,0.0,0.0,100,1.6717954716265017e-07
112,-495.81591915928055,9.645196288439389e-10,31.490186381134233,2.384185791015625e-07,11,10,100,0.0,0.0,100,1.101269508157764e-07
113,-495.81591915928055,9.64519587832302e-10,31.490186381134233,2.384185791015625e-07,11,10,100,0.0,0.0,100,7.756926334433039e-08
114,-495.81591915928055,9.645195468206769e-10,31.490186381134233,2.384185791015625e-07,11,10,100,0.0,0.0,100,5.816418322501535e-08
115,-495.81591915928055,9.645195058090631e-10,31.490186381134233,2.384185791015625e-07,11,10,100,0.0,0.0,100,5.0553979577559666e-08
116,-495.81591915928055,9.64519464797461e-10,31.490186381134233,2.384185791015625e-07,11,10,100,0.0,0.0,100,4.983957483524581e-08
117,-495.81591915928055,9.645194237858704e-10,31.490186381134233,2.384185791015625e-07,11,10,100,0.0,0.0,100,5.012978366370945e-08
118,-495.81591915928055,9.645193827742916e-10,31.490186381134233,2.384185791015625e-07,11,10,100,0.0,0.0,100,5.073857748782166e-08
119,-495.81591915928055,9.645193417627242e-10,31.490186381134233,2.384185791015625e-07,11,10,100,0.0,0.0,100,5.0911638914380586e-08
120,-495.81591915928055,9.645193007511684e-10,31.490186381134233,2.384185791015625e-07,11,10,100,0.0,0.0,100,4.771486661239085e-08
121,-495.81591915928055,9.645192597396243e-10,31.490186381134233,2.384185791015625e-07,11,10,100,0.0,0.0,100,4.5543632188693334e-08
122,-495.81591915928055,9.645192187280917e-10,31.490186381134233,2.384185791015625e-07,11,10,100,0.0,0.0,100,4.6285810746250526e-08
123,-495.81591915928055,9.645191777165706e-10,31.490186381134233,2.384185791015625e-07,11,10,100,0.0,0.0,100,4.543844899486848e-08
124,-495.81591915928055,9.645191367050613e-10,31.490186381134233,2.384185791015625e-07,11,10,100,0.0,0.0,100,4.570287932383946e-08
125,-495.81591915928055,9.645190956935633e-10,31.490186381134233,2.384185791015625e-07,11,10,100,0.0,0.0,100,4.55760784832122e-08
126,-495.81591915928055,9.645190546820772e-10,31.490186381134233,2.384185791015625e-07,11,10,100,0.0,0.0,100,4.55789936332699e-08
127,-495.81591915928055,9.645190136706024e-10,31.490186381134233,2.384185791015625e-07,11,10,100,0.0,0.0,100,4.661759752715244e-08
128,-495.81591915928055,9.645189726591394e-10,31.490186381134233,2.384185791015625e-07,11,10,100,0.0,0.0,100,4.471480143210295e-08
129,-495.81591915928055,9.645189316476878e-10,31.490186381134233,2.384185791015625e-07,11,10,100,0.0,0.0,100,4.667418707757384e-08
130,-495.81591915928055,9.645188906362478e-10,31.490186381134233,2.384185791015625e-07,11,10,100,0.0,0.0,100,4.510045391833189e-08
131,-495.81591915928055,9.645188496248196e-10,31.490186381134233,2.384185791015625e-07,11,10,100,0.0,0.0,100,4.58083205071772e-08
132,-495.81591915928055,9.645188086134029e-10,31.490186381134233,2.384185791015625e-07,11,10,100,0.0,0.0,100,4.472152994887541e-08
133,-495.81591915928055,9.645187676019976e-10,31.490186381134233,2.384185791015625e-07,11,10,100,0.0,0.0,100,4.369006998582611e-08
134,-495.81591915928055,9.645187265906041e-10,31.490186381134233,2.384185791015625e-07,11,10,100,0.0,0.0,100,4.578946704323688e-08
135,-495.81591915928055,9.64518685579222e-10,31.490186381134233,2.384185791015625e-07,11,10,100,0.0,0.0,100,4.725970876005153e-08
136,-495.81591915928055,9.645186445678516e-10,31.490186381134233,2.384185791015625e-07,11,10,100,0.0,0.0,100,4.78570401387582e-08
137,-495.81591915928055,9.645186035564927e-10,31.490186381134233,7.62939453125e-06,11,10,100,0.0,0.0,100,4.8493755843823045e-08
138,-495.81591915928055,9.645111803990794e-10,31.490186381134233,9.5367431640625e-07,11,10,100,0.0,0.0,100,4.663323003686293e-06
139,-495.81591915928055,9.645107064948276e-10,31.490186381134233,4.76837158203125e-07,11,10,100,0.0,0.0,100,3.1270316620400123e-06
140,-495.81591915928055,9.645105777739163e-10,31.490186381134233,4.76837158203125e-07,11,10,100,0.0,0.0,100,1.967945230235991e-06
141,-495.81591915928055,9.645104490530665e-10,31.490186381134233,4.76837158203125e-07,11,10,100,0.0,0.0,100,1.2016891577870084e-06
142,-495.81591915928055,9.645103203322786e-10,31.490186381134233,4.76837158203125e-07,11,10,100,0.0,0.0,100,7.572614387305046e-07
143,-495.81591915928055,9.645101916115522e-10,31.490186381134233,4.76837158203125e-07,11,10,100,0.0,0.0,100,4.879007686355489e-07
144,-495.81591915928055,9.645100628908875e-10,31.490186381134233,4.76837158203125e-07,11,10,100,0.0,0.0,100,3.2369911585329934e-07
145,-495.81591915928055,9.645099341702845e-10,31.490186381134233,4.76837158203125e-07,11,10,100,0.0,0.0,100,2.3803621394001742e-07
146,-495.81591915928055,9.645098054497433e-10,31.490186381134233,4.76837158203125e-07,11,10,100,0.0,0.0,100,1.8683759258375263e-07
147,-495.81591915928055,9.645096767292638e-10,31.490186381134233,4.76837158203125e-07,11,10,100,0.0,0.0,100,1.6684554211093545e-07
148,-495.81591915928055,9.645095480088456e-10,31.490186381134233,4.76837158203125e-07,11,10,100,0.0,0.0,100,1.5889938198454277e-07
149,-495.81591915928055,9.645094192884895e-10,31.490186381134233,4.76837158203125e-07,11,10,100,0.0,0.0,100,1.5287847984744393e-07
150,-495.81591915928055,9.645092905681947e-10,31.490186381134233,4.76837158203125e-07,11,10,100,0.0,0.0,100,1.4972066212915165e-07
151,-495.81591915928055,9.645091618479618e-10,31.490186381134233,4.76837158203125e-07,11,10,100,0.0,0.0,100,1.4932485345674898e-07
152,-495.81591915928055,9.645090331277904e-10,31.490186381134233,4.76837158203125e-07,11,10,100,0.0,0.0,100,1.4528389462643452e-07
153,-495.81591915928055,9.645089044076808e-10,31.490186381134233,4.76837158203125e-07,11,10,100,0.0,0.0,100,1.4767500594829626e-07
154,-495.81591915928055,9.645087756876328e-10,31.490186381134233,4.76837158203125e-07,11,10,100,0.0,0.0,100,1.4659013464774402e-07
155,-495.81591915928055,9.645086469676467e-10,31.490186381134233,4.76837158203125e-07,11,10,100,0.0,0.0,100,1.47751580269774e-07
156,-495.81591915928055,9.64508518247722e-10,31.490186381134233,4.76837158203125e-07,11,10,100,0.0,0.0,100,1.4980126901990546e-07
157,-495.81591915928055,9.64508389527859e-10,31.490186381134233,4.76837158203125e-07,11,10,100,0.0,0.0,100,1.492109629140108e-07
158,-495.81591915928055,9.645082608080576e-10,31.490186381134233,4.76837158203125e-07,11,10,100,0.0,0.0,100,1.507258990106829e-07
159,-495.81591915928055,9.645081320883181e-10,31.490186381134233,4.76837158203125e-07,11,10,100,0.0,0.0,100,1.5420503726619545e-07
160,-495.81591915928055,9.645080033686399e-10,31.490186381134233,4.76837158203125e-07,11,10,100,0.0,0.0,100,1.4888932412449567e-07
161,-495.81591915928055,9.645078746490237e-10,31.490186381134233,4.76837158203125e-07,11,10,100,0.0,0.0,100,1.4488555410321963e-07
162,-495.81591915928055,9.645077459294691e-10,31.490186381134233,9.5367431640625e-07,11,10,100,0.0,0.0,100,1.432526447575326e-07
163,-495.81591915928055,9.645072720267805e-10,31.490186381134233,9.5367431640625e-07,11,10,100,0.0,0.0,100,3.492815952958589e-07
164,-495.81591915928055,9.645067981244342e-10,31.490186381134233,9.5367431640625e-07,11,10,100,0.0,0.0,100,4.6474588236834876e-07
165,-495.81591915928055,9.645063242224298e-10,31.490186381134233,1.9073486328125e-06,11,10,100,0.0,0.0,100,5.044596166118563e-07
166,-495.81591915928055,9.64504774153659e-10,31.490186381134233,9.5367431640625e-07,11,10,100,0.0,0.0,100,1.1438813706364423e-06
167,-495.81591915928055,9.645043002521034e-10,31.490186381134233,4.76837158203125e-07,11,10,100,0.0,0.0,100,8.87397265722633e-07
168,-495.81591915928055,9.645041715328605e-10,31.490186381134233,4.76837158203125e-07,11,10,100,0.0,0.0,100,5.691585544619335e-07
169,-495.81591915928055,9.64504042813679e-10,31.490186381134233,4.76837158203125e-07,11,10,100,0.0,0.0,100,3.7495139574107737e-07
170,-495.81591915928055,9.64503914094559e-10,31.490186381134233,4.76837158203125e-07,11,10,100,0.0,0.0,100,2.615994574465953e-07
171,-495.81591915928055,9.645037853755008e-10,31.490186381134233,4.76837158203125e-07,11,10,100,0.0,0.0,100,2.0379427175619058e-07
172,-495.81591915928055,9.645036566565044e-10,31.490186381134233,4.76837158203125e-07,11,10,100,0.0,0.0,100,1.7089250329978115e-07
173,-495.81591915928055,9.645035279375696e-10,31.490186381134233,4.76837158203125e-07,11,10,100,0.0,0.0,100,1.523566422666882e-07
174,-495.81591915928055,9.645033992186965e-10,31.490186381134233,4.76837158203125e-07,11,10,100,0.0,0.0,100,1.5055060162677952e-07
175,-495.81591915928055,9.645032704998851e-10,31.490186381134233,4.76837158203125e-07,11,10,100,0.0,0.0,100,1.5152212964360045e-07
176,-495.81591915928055,9.645031417811354e-10,31.490186381134233,4.76837158203125e-07,11,10,100,0.0,0.0,100,1.4406908640878327e-07
177,-495.81591915928055,9.64503013062447e-10,31.490186381134233,4.76837158203125e-07,11,10,100,0.0,0.0,100,1.4019858789995489e-07
178,-495.81591915928055,9.645028843438208e-10,31.490186381134233,4.76837158203125e-07,11,10,100,0.0,0.0,100,1.4877688850591142e-07
179,-495.81591915928055,9.645027556252558e-10,31.490186381134233,4.76837158203125e-07,11,10,100,0.0,0.0,100,1.5197631787306383e-07
180,-495.81591915928055,9.645026269067528e-10,31.490186381134233,4.76837158203125e-07,11,10,100,0.0,0.0,100,1.474825012631795e-07
181,-495.81591915928055,9.645024981883114e-10,31.490186381134233,4.76837158203125e-07,11,10,100,0.0,0.0,100,1.4014460457209045e-07
182,-495.81591915928055,9.645023694699316e-10,31.490186381134233,4.76837158203125e-07,11,10,100,0.0,0.0,100,1.4868781025920565e-07
183,-495.81591915928055,9.645022407516135e-10,31.490186381134233,2.384185791015625e-07,11,10,100,0.0,0.0,100,1.4987256225867058e-07
184,-495.81591915928055,9.645021997408602e-10,31.490186381134233,2.384185791015625e-07,11,10,100,0.0,0.0,100,1.0301150976969427e-07
185,-495.81591915928055,9.645021587301186e-10,31.490186381134233,2.384185791015625e-07,11,10,100,0.0,0.0,100,7.509635488626763e-08
186,-495.81591915928055,9.645021177193883e-10,31.490186381134233,2.384185791015625e-07,11,10,100,0.0,0.0,100,5.932218176714861e-08
187,-495.81591915928055,9.645020767086697e-10,31.490186381134233,2.384185791015625e-07,11,10,100,0.0,0.0,100,5.0965200465014634e-08
188,-495.81591915928055,9.645020356979626e-10,31.490186381134233,2.384185791015625e-07,11,10,100,0.0,0.0,100,4.6751091286763056e-08
189,-495.81591915928055,9.645019946872674e-10,31.490186381134233,2.384185791015625e-07,11,10,100,0.0,0.0,100,4.6413256747997976e-08
190,-495.81591915928055,9.645019536765835e-10,31.490186381134233,2.384185791015625e-07,11,10,100,0.0,0.0,100,4.715034174294693e-08
191,-495.81591915928055,9.645019126659113e-10,31.490186381134233,2.384185791015625e-07,11,10,100,0.0,0.0,100,4.79500732060481e-08
192,-495.81591915928055,9.645018716552506e-10,31.490186381134233,2.384185791015625e-07,11,10,100,0.0,0.0,100,4.735324357138014e-08
193,-495.81591915928055,9.645018306446016e-10,31.490186381134233,2.384185791015625e-07,11,10,100,0.0,0.0,100,4.581732030951992e-08
194,-495.81591915928055,9.645017896339641e-10,31.490186381134233,2.384185791015625e-07,11,10,100,0.0,0.0,100,4.613678444148941e-08
195,-495.81591915928055,9.645017486233383e-10,31.490186381134233,2.384185791015625e-07,11,10,100,0.0,0.0,100,4.520289200076969e-08
196,-495.81591915928055,9.645017076127238e-10,31.490186381134233,2.384185791015625e-07,11,10,100,0.0,0.0,100,4.542465835421114e-08
197,-495.81591915928055,9.64501666602121e-10,31.490186381134233,2.384185791015625e-07,11,10,100,0.0,0.0,100,4.617557967343991e-08
198,-495.81591915928055,9.6450162559153e-10,31.490186381134233,2.384185791015625e-07,11,10,100,0.0,0.0,100,4.7034451286419636e-08
199,-495.81591915928055,9.645015845809504e-10,31.490186381134233,2.384185791015625e-07,11,10,100,0.0,0.0,100,4.778076638499214e-08
200,-495.81591915928055,9.645015435703824e-10,31.490186381134233,2.384185791015625e-07,11,10,100,0.0,0.0,100,4.858404775051557e-08
201,-495.81591915928055,9.64501502559826e-10,31.490186381134233,2.384185791015625e-07,11,10,100,0.0,0.0,100,4.973264471151899e-08
202,-495.81591915928055,9.645014615492812e-10,31.490186381134233,2.384185791015625e-07,11,10,100,0.0,0.0,100,4.80669271810462e-08
203,-495.81591915928055,9.64501420538748e-10,31.490186381134233,2.384185791015625e-07,11,10,100,0.0,0.0,100,4.77427013805886e-08
204,-495.81591915928055,9.645013795282265e-10,31.490186381134233,2.384185791015625e-07,11,10,100,0.0,0.0,100,4.456459896778205e-08
205,-495.81591915928055,9.645013385177164e-10,31.490186381134233,2.384185791015625e-07,11,10,100,0.0,0.0,100,4.60091112530327e-08
206,-495.81591915928055,9.64501297507218e-10,31.490186381134233,2.384185791015625e-07,11,10,100,0.0,0.0,100,4.651523356687687e-08
207,-495.81591915928055,9.64501256496731e-10,31.490186381134233,2.384185791015625e-07,11,10,100,0.0,0.0,100,4.866017080402504e-08
208,-495.81591915928055,9.645012154862557e-10,31.490186381134233,2.384185791015625e-07,11,10,100,0.0,0.0,100,4.780723849520408e-08
209,-495.81591915928055,9.64501174475792e-10,31.490186381134233,2.384185791015625e-07,11,10,100,0.0,0.0,100,4.6055615861216076e-08
210,-495.81591915928055,9.645011334653398e-10,31.490186381134233,2.384185791015625e-07,11,10,100,0.0,0.0,100,4.7658322510048253e-08
211,-495.81591915928055,9.645010924548994e-10,31.490186381134233,2.384185791015625e-07,11,10,100,0.0,0.0,100,4.5700546514920184e-08
212,-495.81591915928055,9.645010514444704e-10,31.490186381134233,2.384185791015625e-07,11,10,100,0.0,0.0,100,4.461018244320183e-08
213,-495.81591915928055,9.645010104340532e-10,31.490186381134233,2.384185791015625e-07,11,10,100,0.0,0.0,100,4.5115890908749697e-08
214,-495.81591915928055,9.645009694236471e-10,31.490186381134233,2.384185791015625e-07,11,10,100,0.0,0.0,100,4.547915075501778e-08
215,-495.81591915928055,9.64500928413253e-10,31.490186381134233,2.384185791015625e-07,11,10,100,0.0,0.0,100,4.704467275892291e-08
216,-495.81591915928055,9.645008874028704e-10,31.490186381134233,2.384185791015625e-07,11,10,100,0.0,0.0,100,4.695389955520151e-08
217,-495.81591915928055,9.645008463924993e-10,31.490186381134233,2.384185791015625e-07,11,10,100,0.0,0.0,100,4.639270678604291e-08
218,-495.81591915928055,9.6450080538214e-10,31.490186381134233,2.384185791015625e-07,11,10,100,0.0,0.0,100,4.6619168714247936e-08
219,-495.81591915928055,9.64500764371792e-10,31.490186381134233,2.384185791015625e-07,11,10,100,0.0,0.0,100,4.538059537025632e-08
220,-495.81591915928055,9.645007233614557e-10,31.490186381134233,2.384185791015625e-07,11,10,100,0.0,0.0,100,4.656922561963918e-08
221,-495.81591915928055,9.64500682351131e-10,31.490186381134233,2.384185791015625e-07,11,10,100,0.0,0.0,100,4.623515237779542e-08
222,-495.81591915928055,9.645006413408179e-10,31.490186381134233,2.384185791015625e-07,11,10,100,0.0,0.0,100,4.808727870469755e-08
223,-495.81591915928055,9.645006003305165e-10,31.490186381134233,2.384185791015625e-07,11,10,100,0.0,0.0,100,4.856158424338783e-08
224,-495.81591915928055,9.645005593202264e-10,31.490186381134233,2.384185791015625e-07,11,10,100,0.0,0.0,100,4.748411006937383e-08
225,-495.81591915928055,9.645005183099482e-10,31.490186381134233,2.384185791015625e-07,11,10,100,0.0,0.0,100,4.7202580495877116e-08
226,-495.81591915928055,9.645004772996813e-10,31.490186381134233,2.384185791015625e-07,11,10,100,0.0,0.0,100,4.738403320316765e-08
227,-495.81591915928055,9.645004362894262e-10,31.490186381134233,2.384185791015625e-07,11,10,100,0.0,0.0,100,4.856450966908434e-08
228,-495.81591915928055,9.645003952791825e-10,31.490186381134233,2.384185791015625e-07,11,10,100,0.0,0.0,100,4.7705106939615445e-08
229,-495.81591915928055,9.645003542689506e-10,31.490186381134233,2.384185791015625e-07,11,10,100,0.0,0.0,100,4.899445025417312e-08
230,-495.81591915928055,9.6450031325873e-10,31.490186381134233,2.384185791015625e-07,11,10,100,0.0,0.0,100,4.931845062990472e-08
231,-495.81591915928055,9.645002722485212e-10,31.490186381134233,2.384185791015625e-07,11,10,100,0.0,0.0,100,4.852658897671255e-08
232,-495.81591915928055,9.645002312383238e-10,31.490186381134233,2.384185791015625e-07,11,10,100,0.0,0.0,100,4.7114495297065946e-08
233,-495.81591915928055,9.645001902281382e-10,31.490186381134233,2.384185791015625e-07,11,10,100,0.0,0.0,100,4.6775839627188325e-08
234,-495.81591915928055,9.645001492179642e-10,31.490186381134233,2.384185791015625e-07,11,10,100,0.0,0.0,100,4.867971653566259e-08
235,-495.81591915928055,9.645001082078015e-10,31.490186381134233,2.384185791015625e-07,11,10,100,0.0,0.0,100,4.9638896250690014e-08
236,-495.81591915928055,9.645000671976507e-10,31.490186381134233,2.384185791015625e-07,11,10,100,0.0,0.0,100,4.7444407606855205e-08
237,-495.81591915928055,9.645000261875114e-10,31.490186381134233,2.384185791015625e-07,11,10,100,0.0,0.0,100,4.626129123711717e-08
238,-495.81591915928055,9.644999851773835e-10,31.490186381134233,2.384185791015625e-07,11,10,100,0.0,0.0,100,4.7170009799128666e-08
239,-495.81591915928055,9.644999441672673e-10,31.490186381134233,2.384185791015625e-07,11,10,100,0.0,0.0,100,4.7260347837809436e-08
240,-495.81591915928055,9.644999031571628e-10,31.490186381134233,2.384185791015625e-07,11,10,100,0.0,0.0,100,4.8704621159798026e-08
241,-495.81591915928055,9.644998621470698e-10,31.490186381134233,2.384185791015625e-07,11,10,100,0.0,0.0,100,4.835843817183458e-08
242,-495.81591915928055,9.644998211369882e-10,31.490186381134233,2.384185791015625e-07,11,10,100,0.0,0.0,100,4.880429968523292e-08
243,-495.81591915928055,9.644997801269184e-10,31.490186381134233,2.384185791015625e-07,11,10,100,0.0,0.0,100,4.781391993699177e-08
244,-495.81591915928055,9.644997391168602e-10,31.490186381134233,2.384185791015625e-07,11,10,100,0.0,0.0,100,4.734616285569472e-08
245,-495.81591915928055,9.644996981068136e-10,31.490186381134233,2.384185791015625e-07,11,10,100,0.0,0.0,100,4.7787377087323936e-08
246,-495.81591915928055,9.644996570967783e-10,31.490186381134233,2.384185791015625e-07,11,10,100,0.0,0.0,100,4.6852229410062525e-08
247,-495.81591915928055,9.64499616086755e-10,31.490186381134233,2.384185791015625e-07,11,10,100,0.0,0.0,100,4.8326704857625046e-08
248,-495.81591915928055,9.64499575076743e-10,31.490186381134233,2.384185791015625e-07,11,10,100,0.0,0.0,100,4.866875148839269e-08
249,-495.81591915928055,9.644995340667428e-10,31.490186381134233,2.384185791015625e-07,11,10,100,0.0,0.0,100,4.750243801684581e-08
250,-495.81591915928055,9.644994930567539e-10,31.490186381134233,2.384185791015625e-07,11,10,100,0.0,0.0,100,4.801053394361772e-08
251,-495.81591915928055,9.644994520467767e-10,31.490186381134233,2.384185791015625e-07,11,10,100,0.0,0.0,100,4.938181302601167e-08
252,-495.81591915928055,9.644994110368111e-10,31.490186381134233,2.384185791015625e-07,11,10,100,0.0,0.0,100,4.7227096825126406e-08
253,-495.81591915928055,9.644993700268571e-10,31.490186381134233,2.384185791015625e-07,11,10,100,0.0,0.0,100,4.8494902085033314e-08
254,-495.81591915928055,9.644993290169147e-10,31.490186381134233,2.384185791015625e-07,11,10,100,0.0,0.0,100,4.75009140891565e-08
255,-495.81591915928055,9.644992880069839e-10,31.490186381134233,2.384185791015625e-07,11,10,100,0.0,0.0,100,4.629008797161101e-08
256,-495.81591915928055,9.644992469970648e-10,31.490186381134233,2.384185791015625e-07,11,10,100,0.0,0.0,100,4.68655653030768e-08
257,-495.81591915928055,9.64499205987157e-10,31.490186381134233,2.384185791015625e-07,11,10,100,0.0,0.0,100,4.629617758434088e-08
258,-495.81591915928055,9.64499164977261e-10,31.490186381134233,2.384185791015625e-07,11,10,100,0.0,0.0,100,4.67895307409545e-08
259,-495.81591915928055,9.644991239673765e-10,31.490186381134233,2.384185791015625e-07,11,10,100,0.0,0.0,100,4.52903727474646e-08
260,-495.81591915928055,9.644990829575036e-10,31.490186381134233,2.384185791015625e-07,11,10,100,0.0,0.0,100,4.5989569525601124e-08
261,-495.81591915928055,9.644990419476422e-10,31.490186381134233,2.384185791015625e-07,11,10,100,0.0,0.0,100,4.563519054827456e-08
262,-495.81591915928055,9.644990009377925e-10,31.490186381134233,2.384185791015625e-07,11,10,100,0.0,0.0,100,4.672063783691492e-08
263,-495.81591915928055,9.644989599279543e-10,31.490186381134233,2.384185791015625e-07,11,10,100,0.0,0.0,100,4.666183749679938e-08
264,-495.81591915928055,9.644989189181277e-10,31.490186381134233,2.384185791015625e-07,11,10,100,0.0,0.0,100,4.7269754331295874e-08
265,-495.81591915928055,9.644988779083128e-10,31.490186381134233,2.384185791015625e-07,11,10,100,0.0,0.0,100,4.609055554445854e-08
266,-495.81591915928055,9.644988368985094e-10,31.490186381134233,2.384185791015625e-07,11,10,100,0.0,0.0,100,4.752935780313816e-08
267,-495.81591915928055,9.644987958887175e-10,31.490186381134233,2.384185791015625e-07,11,10,100,0.0,0.0,100,4.472258380370047e-08
268,-495.81591915928055,9.644987548789374e-10,31.490186381134233,2.384185791015625e-07,11,10,100,0.0,0.0,100,4.507368853601041e-08
269,-495.81591915928055,9.644987138691687e-10,31.490186381134233,2.384185791015625e-07,11,10,100,0.0,0.0,100,4.366865582648815e-08
270,-495.81591915928055,9.644986728594116e-10,31.490186381134233,2.384185791015625e-07,11,10,100,0.0,0.0,100,4.358723426513657e-08
271,-495.81591915928055,9.644986318496662e-10,31.490186381134233,2.384185791015625e-07,11,10,100,0.0,0.0,100,4.318307882109481e-08
272,-495.81591915928055,9.644985908399323e-10,31.490186381134233,2.384185791015625e-07,11,10,100,0.0,0.0,100,4.437413257794875e-08
273,-495.81591915928055,9.6449854983021e-10,31.490186381134233,2.384185791015625e-07,11,10,100,0.0,0.0,100,4.49180336383843e-08
274,-495.81591915928055,9.644985088204993e-10,31.490186381134233,2.384185791015625e-07,11,10,100,0.0,0.0,100,4.536224229300823e-08
275,-495.81591915928055,9.644984678108e-10,31.490186381134233,2.384185791015625e-07,11,10,100,0.0,0.0,100,4.4105497690611816e-08
276,-495.81591915928055,9.644984268011126e-10,31.490186381134233,2.384185791015625e-07,11,10,100,0.0,0.0,100,4.5490776620337445e-08
277,-495.81591915928055,9.644983857914366e-10,31.490186381134233,2.384185791015625e-07,11,10,100,0.0,0.0,100,4.488200824667067e-08
278,-495.81591915928055,9.64498344781772e-10,31.490186381134233,2.384185791015625e-07,11,10,100,0.0,0.0,100,4.482207806187985e-08
279,-495.81591915928055,9.644983037721194e-10,31.490186381134233,2.384185791015625e-07,11,10,100,0.0,0.0,100,4.627756239276011e-08
280,-495.81591915928055,9.64498262762478e-10,31.490186381134233,2.384185791015625e-07,11,10,100,0.0,0.0,100,4.837955025086185e-08
281,-495.81591915928055,9.644982217528485e-10,31.490186381134233,2.384185791015625e-07,11,10,100,0.0,0.0,100,4.9961709592842056e-08
282,-495.81591915928055,9.644981807432306e-10,31.490186381134233,2.384185791015625e-07,11,10,100,0.0,0.0,100,5.1359485868412425e-08
283,-495.81591915928055,9.64498139733624e-10,31.490186381134233,2.384185791015625e-07,11,10,100,0.0,0.0,100,4.984225557477812e-08
284,-495.81591915928055,9.644980987240292e-10,31.490186381134233,2.384185791015625e-07,11,10,100,0.0,0.0,100,4.8378673795713885e-08
285,-495.81591915928055,9.644980577144458e-10,31.490186381134233,2.384185791015625e-07,11,10,100,0.0,0.0,100,4.952387033255994e-08
286,-495.81591915928055,9.644980167048741e-10,31.490186381134233,2.384185791015625e-07,11,10,100,0.0,0.0,100,4.623650960099362e-08
287,-495.81591915928055,9.64497975695314e-10,31.490186381134233,2.384185791015625e-07,11,10,100,0.0,0.0,100,4.7613468840356105e-08
288,-495.81591915928055,9.644979346857654e-10,31.490186381134233,2.384185791015625e-07,11,10,100,0.0,0.0,100,4.845501313978965e-08
289,-495.81591915928055,9.644978936762285e-10,31.490186381134233,2.384185791015625e-07,11,10,100,0.0,0.0,100,4.740995852495787e-08
290,-495.81591915928055,9.644978526667032e-10,31.490186381134233,2.384185791015625e-07,11,10,100,0.0,0.0,100,4.7958519738463985e-08
291,-495.81591915928055,9.644978116571892e-10,31.490186381134233,2.384185791015625e-07,11,10,100,0.0,0.0,100,4.8174991970799344e-08
292,-495.81591915928055,9.64497770647687e-10,31.490186381134233,2.384185791015625e-07,11,10,100,0.0,0.0,100,4.829033615793478e-08
293,-495.81591915928055,9.644977296381965e-10,31.490186381134233,2.384185791015625e-07,11,10,100,0.0,0.0,100,4.794414715515999e-08
294,-495.81591915928055,9.644976886287175e-10,31.490186381134233,2.384185791015625e-07,11,10,100,0.0,0.0,100,4.9344598943676733e-08
295,-495.81591915928055,9.6449764761925e-10,31.490186381134233,2.384185791015625e-07,11,10,100,0.0,0.0,100,4.9080149895496094e-08
296,-495.81591915928055,9.64497606609794e-10,31.490186381134233,2.384185791015625e-07,11,10,100,0.0,0.0,100,4.899872280097337e-08
297,-495.81591915928055,9.644975656003498e-10,31.490186381134233,2.384185791015625e-07,11,10,100,0.0,0.0,100,5.0129150381072586e-08
298,-495.81591915928055,9.644975245909172e-10,31.490186381134233,2.384185791015625e-07,11,10,100,0.0,0.0,100,5.063102853110011e-08
299,-495.81591915928055,9.64497483581496e-10,31.490186381134233,2.384185791015625e-07,11,10,100,0.0,0.0,100,4.8604279834131546e-08
300,-495.81591915928055,9.644974425720866e-10,31.490186381134233,2.384185791015625e-07,11,10,100,0.0,0.0,100,4.5389987943683493e-08
301,-495.81591915928055,9.644974015626887e-10,31.490186381134233,2.384185791015625e-07,11,10,100,0.0,0.0,100,4.6604147267150375e-08
302,-495.81591915928055,9.644973605533023e-10,31.490186381134233,2.384185791015625e-07,11,10,100,0.0,0.0,100,4.71715639726382e-08
303,-495.81591915928055,9.644973195439273e-10,31.490186381134233,2.384185791015625e-07,11,10,100,0.0,0.0,100,4.50374905214588e-08
304,-495.81591915928055,9.644972785345644e-10,31.490186381134233,2.384185791015625e-07,11,10,100,0.0,0.0,100,4.637747085778723e-08
305,-495.81591915928055,9.644972375252128e-10,31.490186381134233,2.384185791015625e-07,11,10,100,0.0,0.0,100,4.5594643649096674e-08
306,-495.81591915928055,9.644971965158727e-10,31.490186381134233,2.384185791015625e-07,11,10,100,0.0,0.0,100,4.53816457629043e-08
307,-495.81591915928055,9.64497155506544e-10,31.490186381134233,2.384185791015625e-07,11,10,100,0.0,0.0,100,4.584004260846402e-08
308,-495.81591915928055,9.644971144972274e-10,31.490186381134233,2.384185791015625e-07,11,10,100,0.0,0.0,100,4.670752379380083e-08
309,-495.81591915928055,9.644970734879221e-10,31.490186381134233,2.384185791015625e-07,11,10,100,0.0,0.0,100,4.745687478333309e-08
310,-495.81591915928055,9.644970324786284e-10,31.490186381134233,2.384185791015625e-07,11,10,100,0.0,0.0,100,4.734243974083575e-08
311,-495.81591915928055,9.644969914693463e-10,31.490186381134233,2.384185791015625e-07,11,10,100,0.0,0.0,100,4.653892104916038e-08
312,-495.81591915928055,9.644969504600758e-10,31.490186381134233,2.384185791015625e-07,11,10,100,0.0,0.0,100,4.7597613098641506e-08
313,-495.81591915928055,9.644969094508168e-10,31.490186381134233,2.384185791015625e-07,11,10,100,0.0,0.0,100,4.643720186055741e-08
314,-495.81591915928055,9.644968684415696e-10,31.490186381134233,2.384185791015625e-07,11,10,100,0.0,0.0,100,4.7252917527728204e-08
315,-495.81591915928055,9.644968274323338e-10,31.490186381134233,2.384185791015625e-07,11,10,100,0.0,0.0,100,4.67700092844802e-08
316,-495.81591915928055,9.644967864231096e-10,31.490186381134233,2.384185791015625e-07,11,10,100,0.0,0.0,100,4.7295738747625145e-08
317,-495.81591915928055,9.64496745413897e-10,31.490186381134233,2.384185791015625e-07,11,10,100,0.0,0.0,100,4.81027954651192e-08
318,-495.81591915928055,9.64496704404696e-10,31.490186381134233,2.384185791015625e-07,11,10,100,0.0,0.0,100,4.761081087411017e-08
319,-495.81591915928055,9.644966633955067e-10,31.490186381134233,2.384185791015625e-07,11,10,100,0.0,0.0,100,4.71642671382243e-08
320,-495.81591915928055,9.644966223863288e-10,31.490186381134233,2.384185791015625e-07,11,10,100,0.0,0.0,100,4.679762723175694e-08
321,-495.81591915928055,9.644965813771624e-10,31.490186381134233,2.384185791015625e-07,11,10,100,0.0,0.0,100,4.6567451756801794e-08
322,-495.81591915928055,9.64496540368008e-10,31.490186381134233,2.384185791015625e-07,11,10,100,0.0,0.0,100,4.829338101481441e-08
323,-495.81591915928055,9.644964993588648e-10,31.490186381134233,2.384185791015625e-07,11,10,100,0.0,0.0,100,4.74949549369598e-08
324,-495.81591915928055,9.644964583497332e-10,31.490186381134233,2.384185791015625e-07,11,10,100,0.0,0.0,100,4.665357366198517e-08
325,-495.81591915928055,9.644964173406134e-10,31.490186381134233,2.384185791015625e-07,11,10,100,0.0,0.0,100,4.823773786406726e-08
326,-495.81591915928055,9.64496376331505e-10,31.490186381134233,2.384185791015625e-07,11,10,100,0.0,0.0,100,4.9079354961640084e-08
327,-495.81591915928055,9.644963353224082e-10,31.490186381134233,2.384185791015625e-07,11,10,100,0.0,0.0,100,4.689087508677592e-08
328,-495.81591915928055,9.644962943133231e-10,31.490186381134233,2.384185791015625e-07,11,10,100,0.0,0.0,100,4.616961507864352e-08
329,-495.81591915928055,9.644962533042494e-10,31.490186381134233,2.384185791015625e-07,11,10,100,0.0,0.0,100,4.518046994832935e-08
330,-495.81591915928055,9.644962122951876e-10,31.490186381134233,2.384185791015625e-07,11,10,100,0.0,0.0,100,4.460341403934293e-08
331,-495.81591915928055,9.64496171286137e-10,31.490186381134233,2.384185791015625e-07,11,10,100,0.0,0.0,100,4.442424396770942e-08
332,-495.81591915928055,9.644961302770983e-10,31.490186381134233,2.384185791015625e-07,11,10,100,0.0,0.0,100,4.315946206242314e-08
333,-495.81591915928055,9.644960892680712e-10,31.490186381134233,2.384185791015625e-07,11,10,100,0.0,0.0,100,4.4871224260583086e-08
334,-495.81591915928055,9.644960482590554e-10,31.490186381134233,2.384185791015625e-07,11,10,100,0.0,0.0,100,4.581579850057892e-08
335,-495.81591915928055,9.644960072500514e-10,31.490186381134233,2.384185791015625e-07,11,10,100,0.0,0.0,100,4.633810298445278e-08
336,-495.81591915928055,9.644959662410588e-10,31.490186381134233,2.384185791015625e-07,11,10,100,0.0,0.0,100,4.6313410856722936e-08
337,-495.81591915928055,9.64495925232078e-10,31.490186381134233,2.384185791015625e-07,11,10,100,0.0,0.0,100,4.620738665773378e-08
338,-495.81591915928055,9.644958842231088e-10,31.490186381134233,2.384185791015625e-07,11,10,100,0.0,0.0,100,4.675626794222628e-08
339,-495.81591915928055,9.64495843214151e-10,31.490186381134233,2.384185791015625e-07,11,10,100,0.0,0.0,100,4.543347208248781e-08
340,-495.81591915928055,9.644958022052048e-10,31.490186381134233,2.384185791015625e-07,11,10,100,0.0,0.0,100,4.6086102619167075e-08
341,-495.81591915928055,9.644957611962703e-10,31.490186381134233,2.384185791015625e-07,11,10,100,0.0,0.0,100,4.758614729952088e-08
342,-495.81591915928055,9.644957201873472e-10,31.490186381134233,2.384185791015625e-07,11,10,100,0.0,0.0,100,4.925516473397798e-08
343,-495.81591915928055,9.644956791784359e-10,31.490186381134233,2.384185791015625e-07,11,10,100,0.0,0.0,100,4.849940476016272e-08
344,-495.81591915928055,9.644956381695359e-10,31.490186381134233,2.384185791015625e-07,11,10,100,0.0,0.0,100,4.4598655677892135e-08
345,-495.81591915928055,9.64495597160648e-10,31.490186381134233,2.384185791015625e-07,11,10,100,0.0,0.0,100,4.457332567953816e-08
346,-495.81591915928055,9.644955561517711e-10,31.490186381134233,2.384185791015625e-07,11,10,100,0.0,0.0,100,4.4544302076257194e-08
347,-495.81591915928055,9.644955151429061e-10,31.490186381134233,2.384185791015625e-07,11,10,100,0.0,0.0,100,4.4017690288965586e-08
348,-495.81591915928055,9.644954741340527e-10,31.490186381134233,2.384185791015625e-07,11,10,100,0.0,0.0,100,4.515641519165899e-08
349,-495.81591915928055,9.644954331252108e-10,31.490186381134233,2.384185791015625e-07,11,10,100,0.0,0.0,100,4.648550101167278e-08
350,-495.81591915928055,9.644953921163805e-10,31.490186381134233,2.384185791015625e-07,11,10,100,0.0,0.0,100,4.613621305495269e-08
351,-495.81591915928055,9.644953511075616e-10,31.490186381134233,2.384185791015625e-07,11,10,100,0.0,0.0,100,4.382854997013443e-08
352,-495.81591915928055,9.644953100987545e-10,31.490186381134233,2.384185791015625e-07,11,10,100,0.0,0.0,100,4.466503562833232e-08
353,-495.81591915928055,9.644952690899592e-10,31.490186381134233,2.384185791015625e-07,11,10,100,0.0,0.0,100,4.7499790662019214e-08
354,-495.81591915928055,9.64495228081175e-10,31.490186381134233,2.384185791015625e-07,11,10,100,0.0,0.0,100,4.7532109369751094e-08
355,-495.81591915928055,9.644951870724027e-10,31.490186381134233,2.384185791015625e-07,11,10,100,0.0,0.0,100,4.840543479112334e-08
356,-495.81591915928055,9.644951460636419e-10,31.490186381134233,2.384185791015625e-07,11,10,100,0.0,0.0,100,4.809278693513116e-08
357,-495.81591915928055,9.644951050548927e-10,31.490186381134233,2.384185791015625e-07,11,10,100,0.0,0.0,100,4.727921619139111e-08
358,-495.81591915928055,9.64495064046155e-10,31.490186381134233,2.384185791015625e-07,11,10,100,0.0,0.0,100,4.6676096811280346e-08
359,-495.81591915928055,9.64495023037429e-10,31.490186381134233,2.384185791015625e-07,11,10,100,0.0,0.0,100,4.646017425265178e-08
360,-495.81591915928055,9.644949820287145e-10,31.490186381134233,2.384185791015625e-07,11,10,100,0.0,0.0,100,4.6212971181778716e-08
361,-495.81591915928055,9.644949410200118e-10,31.490186381134233,2.384185791015625e-07,11,10,100,0.0,0.0,100,4.65604624171049e-08
362,-495.81591915928055,9.644949000113205e-10,31.490186381134233,2.384185791015625e-07,11,10,100,0.0,0.0,100,4.723950045163175e-08
363,-495.81591915928055,9.644948590026408e-10,31.490186381134233,2.384185791015625e-07,11,10,100,0.0,0.0,100,4.54567945278117e-08
364,-495.81591915928055,9.644948179939727e-10,31.490186381134233,2.384185791015625e-07,11,10,100,0.0,0.0,100,4.533254969662301e-08
365,-495.81591915928055,9.64494776985316e-10,31.490186381134233,2.384185791015625e-07,11,10,100,0.0,0.0,100,4.447322429346195e-08
366,-495.81591915928055,9.644947359766711e-10,31.490186381134233,2.384185791015625e-07,11,10,100,0.0,0.0,100,4.5588596132140616e-08
367,-495.81591915928055,9.64494694968038e-10,31.490186381134233,2.384185791015625e-07,11,10,100,0.0,0.0,100,4.6513891168301374e-08
368,-495.81591915928055,9.64494653959416e-10,31.490186381134233,2.384185791015625e-07,11,10,100,0.0,0.0,100,4.723697321584614e-08
369,-495.81591915928055,9.644946129508059e-10,31.490186381134233,2.384185791015625e-07,11,10,100,0.0,0.0,100,4.7457598225273115e-08
370,-495.81591915928055,9.644945719422072e-10,31.490186381134233,2.384185791015625e-07,11,10,100,0.0,0.0,100,4.738725268663801e-08
371,-495.81591915928055,9.644945309336203e-10,31.490186381134233,2.384185791015625e-07,11,10,100,0.0,0.0,100,4.9043256878550123e-08
372,-495.81591915928055,9.644944899250448e-10,31.490186381134233,2.384185791015625e-07,11,10,100,0.0,0.0,100,4.6601203845295746e-08
373,-495.81591915928055,9.644944489164809e-10,31.490186381134233,2.384185791015625e-07,11,10,100,0.0,0.0,100,4.628308971429298e-08
374,-495.81591915928055,9.644944079079285e-10,31.490186381134233,2.384185791015625e-07,11,10,100,0.0,0.0,100,4.661882743956308e-08
375,-495.81591915928055,9.64494366899388e-10,31.490186381134233,2.384185791015625e-07,11,10,100,0.0,0.0,100,4.69131254265101e-08
376,-495.81591915928055,9.644943258908588e-10,31.490186381134233,2.384185791015625e-07,11,10,100,0.0,0.0,100,4.700743893972041e-08
377,-495.81591915928055,9.644942848823414e-10,31.490186381134233,2.384185791015625e-07,11,10,100,0.0,0.0,100,4.634726838585367e-08
378,-495.81591915928055,9.644942438738354e-10,31.490186381134233,2.384185791015625e-07,11,10,100,0.0,0.0,100,4.680179262566299e-08
379,-495.81591915928055,9.644942028653412e-10,31.490186381134233,2.384185791015625e-07,11,10,100,0.0,0.0,100,4.59313267182945e-08
380,-495.81591915928055,9.644941618568583e-10,31.490186381134233,2.384185791015625e-07,11,10,100,0.0,0.0,100,4.538167161529688e-08
381,-495.81591915928055,9.644941208483872e-10,31.490186381134233,2.384185791015625e-07,11,10,100,0.0,0.0,100,4.6620328264220766e-08
382,-495.81591915928055,9.644940798399275e-10,31.490186381134233,2.384185791015625e-07,11,10,100,0.0,0.0,100,4.6209184058920445e-08
383,-495.81591915928055,9.644940388314796e-10,31.490186381134233,2.384185791015625e-07,11,10,100,0.0,0.0,100,4.4511510202976204e-08
384,-495.81591915928055,9.64493997823043e-10,31.490186381134233,2.384185791015625e-07,11,10,100,0.0,0.0,100,4.440494777432598e-08
385,-495.81591915928055,9.644939568146184e-10,31.490186381134233,2.384185791015625e-07,11,10,100,0.0,0.0,100,4.571797736910156e-08
386,-495.81591915928055,9.644939158062052e-10,31.490186381134233,2.384185791015625e-07,11,10,100,0.0,0.0,100,4.49296198163586e-08
387,-495.81591915928055,9.644938747978034e-10,31.490186381134233,2.384185791015625e-07,11,10,100,0.0,0.0,100,4.8407614431018984e-08
388,-495.81591915928055,9.644938337894132e-10,31.490186381134233,2.384185791015625e-07,11,10,100,0.0,0.0,100,4.7705368100294254e-08
389,-495.81591915928055,9.644937927810348e-10,31.490186381134233,2.384185791015625e-07,11,10,100,0.0,0.0,100,4.5093780190414875e-08
390,-495.81591915928055,9.64493751772668e-10,31.490186381134233,2.384185791015625e-07,11,10,100,0.0,0.0,100,4.51693210008947e-08
391,-495.81591915928055,9.644937107643124e-10,31.490186381134233,2.384185791015625e-07,11,10,100,0.0,0.0,100,4.409517503277976e-08
392,-495.81591915928055,9.644936697559688e-10,31.490186381134233,2.384185791015625e-07,11,10,100,0.0,0.0,100,4.7580200552271474e-08
393,-495.81591915928055,9.644936287476366e-10,31.490186381134233,2.384185791015625e-07,11,10,100,0.0,0.0,100,4.7758177901241914e-08
394,-495.81591915928055,9.644935877393161e-10,31.490186381134233,2.384185791015625e-07,11,10,100,0.0,0.0,100,5.0465008623579625e-08
395,-495.81591915928055,9.64493546731007e-10,31.490186381134233,2.384185791015625e-07,11,10,100,0.0,0.0,100,4.945627681275637e-08
396,-495.81591915928055,9.644935057227098e-10,31.490186381134233,2.384185791015625e-07,11,10,100,0.0,0.0,100,4.993293217306732e-08
397,-495.81591915928055,9.644934647144238e-10,31.490186381134233,2.384185791015625e-07,11,10,100,0.0,0.0,100,5.081980931296533e-08
398,-495.81591915928055,9.644934237061496e-10,31.490186381134233,2.384185791015625e-07,11,10,100,0.0,0.0,100,5.073178111707296e-08
399,-495.81591915928055,9.64493382697887e-10,31.490186381134233,2.384185791015625e-07,11,10,100,0.0,0.0,100,4.969918181350637e-08
400,-495.81591915928055,9.644933416896358e-10,31.490186381134233,2.384185791015625e-07,11,10,100,0.0,0.0,100,4.824664680751241e-08
401,-495.81591915928055,9.644933006813965e-10,31.490186381134233,2.384185791015625e-07,11,10,100,0.0,0.0,100,4.779580299499489e-08
402,-495.81591915928055,9.644932596731686e-10,31.490186381134233,2.384185791015625e-07,11,10,100,0.0,0.0,100,4.549798251223534e-08
403,-495.81591915928055,9.644932186649521e-10,31.490186381134233,2.384185791015625e-07,11,10,100,0.0,0.0,100,4.646624075513111e-08
404,-495.81591915928055,9.644931776567474e-10,31.490186381134233,2.384185791015625e-07,11,10,100,0.0,0.0,100,4.6952682297325785e-08
405,-495.81591915928055,9.644931366485545e-10,31.490186381134233,2.384185791015625e-07,11,10,100,0.0,0.0,100,4.6287186814039633e-08
406,-495.81591915928055,9.644930956403727e-10,31.490186381134233,2.384185791015625e-07,11,10,100,0.0,0.0,100,4.6536871478360054e-08
407,-495.81591915928055,9.64493054632203e-10,31.490186381134233,2.384185791015625e-07,11,10,100,0.0,0.0,100,4.655934438694253e-08
408,-495.81591915928055,9.644930136240443e-10,31.490186381134233,2.384185791015625e-07,11,10,100,0.0,0.0,100,4.58740626875433e-08
409,-495.81591915928055,9.644929726158977e-10,31.490186381134233,2.384185791015625e-07,11,10,100,0.0,0.0,100,4.727292084782328e-08
410,-495.81591915928055,9.644929316077623e-10,31.490186381134233,2.384185791015625e-07,11,10,100,0.0,0.0,100,4.7725710780057225e-08
411,-495.81591915928055,9.644928905996388e-10,31.490186381134233,2.384185791015625e-07,11,10,100,0.0,0.0,100,4.716147490026466e-08
412,-495.81591915928055,9.644928495915268e-10,31.490186381134233,2.384185791015625e-07,11,10,100,0.0,0.0,100,4.6949879242425374e-08
413,-495.81591915928055,9.644928085834263e-10,31.490186381134233,2.384185791015625e-07,11,10,100,0.0,0.0,100,4.584641138249065e-08
414,-495.81591915928055,9.644927675753374e-10,31.490186381134233,2.384185791015625e-07,11,10,100,0.0,0.0,100,4.723510738042788e-08
415,-495.81591915928055,9.6449272656726e-10,31.490186381134233,2.384185791015625e-07,11,10,100,0.0,0.0,100,4.695174475706882e-08
416,-495.81591915928055,9.644926855591943e-10,31.490186381134233,2.384185791015625e-07,11,10,100,0.0,0.0,100,4.579598826944882e-08
417,-495.81591915928055,9.644926445511403e-10,31.490186381134233,2.384185791015625e-07,11,10,100,0.0,0.0,100,4.5321765373577014e-08
418,-495.81591915928055,9.644926035430977e-10,31.490186381134233,2.384185791015625e-07,11,10,100,0.0,0.0,100,4.5576500481271214e-08
419,-495.81591915928055,9.644925625350665e-10,31.490186381134233,2.384185791015625e-07,11,10,100,0.0,0.0,100,4.742573671323609e-08
420,-495.81591915928055,9.644925215270475e-10,31.490186381134233,2.384185791015625e-07,11,10,100,0.0,0.0,100,4.719945672553629e-08
421,-495.81591915928055,9.644924805190394e-10,31.490186381134233,2.384185791015625e-07,11,10,100,0.0,0.0,100,4.5496176576385614e-08
422,-495.81591915928055,9.644924395110434e-10,31.490186381134233,2.384185791015625e-07,11,10,100,0.0,0.0,100,4.59508596970113e-08
423,-495.81591915928055,9.644923985030587e-10,31.490186381134233,2.384185791015625e-07,11,10,100,0.0,0.0,100,4.447673830500232e-08
424,-495.81591915928055,9.644923574950856e-10,31.490186381134233,2.384185791015625e-07,11,10,100,0.0,0.0,100,4.264927542595813e-08
425,-495.81591915928055,9.644923164871242e-10,31.490186381134233,2.384185791015625e-07,11,10,100,0.0,0.0,100,4.440630876359433e-08
426,-495.81591915928055,9.644922754791743e-10,31.490186381134233,2.384185791015625e-07,11,10,100,0.0,0.0,100,4.506738910396525e-08
427,-495.81591915928055,9.644922344712361e-10,31.490186381134233,2.384185791015625e-07,11,10,100,0.0,0.0,100,4.576704369198355e-08
428,-495.81591915928055,9.644921934633094e-10,31.490186381134233,2.384185791015625e-07,11,10,100,0.0,0.0,100,4.647925251888708e-08
429,-495.81591915928055,9.644921524553944e-10,31.490186381134233,2.384185791015625e-07,11,10,100,0.0,0.0,100,4.6353738585477844e-08
430,-495.81591915928055,9.644921114474907e-10,31.490186381134233,2.384185791015625e-07,11,10,100,0.0,0.0,100,4.7500071255626094e-08
431,-495.81591915928055,9.644920704395989e-10,31.490186381134233,2.384185791015625e-07,11,10,100,0.0,0.0,100,4.802583800305865e-08
432,-495.81591915928055,9.644920294317184e-10,31.490186381134233,2.384185791015625e-07,11,10,100,0.0,0.0,100,4.719363239979904e-08
433,-495.81591915928055,9.644919884238498e-10,31.490186381134233,2.384185791015625e-07,11,10,100,0.0,0.0,100,4.810200827212233e-08
434,-495.81591915928055,9.644919474159925e-10,31.490186381134233,2.384185791015625e-07,11,10,100,0.0,0.0,100,5.022867825241634e-08
435,-495.81591915928055,9.64491906408147e-10,31.490186381134233,2.384185791015625e-07,11,10,100,0.0,0.0,100,4.777257358941857e-08
436,-495.81591915928055,9.64491865400313e-10,31.490186381134233,2.384185791015625e-07,11,10,100,0.0,0.0,100,4.691003192631637e-08
437,-495.81591915928055,9.644918243924904e-10,31.490186381134233,2.384185791015625e-07,11,10,100,0.0,0.0,100,4.9128716280761774e-08
438,-495.81591915928055,9.644917833846795e-10,31.490186381134233,2.384185791015625e-07,11,10,100,0.0,0.0,100,4.59839900407083e-08
439,-495.81591915928055,9.644917423768803e-10,31.490186381134233,2.384185791015625e-07,11,10,100,0.0,0.0,100,4.493161531201443e-08
440,-495.81591915928055,9.644917013690927e-10,31.490186381134233,2.384185791015625e-07,11,10,100,0.0,0.0,100,4.5511162144660716e-08
441,-495.81591915928055,9.644916603613166e-10,31.490186381134233,2.384185791015625e-07,11,10,100,0.0,0.0,100,4.606245923194472e-08
442,-495.81591915928055,9.64491619353552e-10,31.490186381134233,2.384185791015625e-07,11,10,100,0.0,0.0,100,4.548802870495182e-08
443,-495.81591915928055,9.64491578345799e-10,31.490186381134233,2.384185791015625e-07,11,10,100,0.0,0.0,100,4.53613367319167e-08
444,-495.81591915928055,9.644915373380578e-10,31.490186381134233,2.384185791015625e-07,11,10,100,0.0,0.0,100,4.6296487418249285e-08
445,-495.81591915928055,9.64491496330328e-10,31.490186381134233,2.384185791015625e-07,11,10,100,0.0,0.0,100,4.6408072324766756e-08
446,-495.81591915928055,9.644914553226098e-10,31.490186381134233,2.384185791015625e-07,11,10,100,0.0,0.0,100,4.6848104297843986e-08
447,-495.81591915928055,9.644914143149032e-10,31.490186381134233,2.384185791015625e-07,11,10,100,0.0,0.0,100,4.781977016244645e-08
448,-495.81591915928055,9.644913733072082e-10,31.490186381134233,2.384185791015625e-07,11,10,100,0.0,0.0,100,4.529836736433819e-08
449,-495.81591915928055,9.644913322995249e-10,31.490186381134233,2.384185791015625e-07,11,10,100,0.0,0.0,100,4.639269981839614e-08
450,-495.81591915928055,9.64491291291853e-10,31.490186381134233,2.384185791015625e-07,11,10,100,0.0,0.0,100,4.516420420327831e-08
451,-495.81591915928055,9.644912502841928e-10,31.490186381134233,2.384185791015625e-07,11,10,100,0.0,0.0,100,4.620732721622024e-08
452,-495.81591915928055,9.644912092765442e-10,31.490186381134233,2.384185791015625e-07,11,10,100,0.0,0.0,100,4.405037240090677e-08
453,-495.81591915928055,9.644911682689071e-10,31.490186381134233,2.384185791015625e-07,11,10,100,0.0,0.0,100,4.382393556789594e-08
454,-495.81591915928055,9.644911272612816e-10,31.490186381134233,2.384185791015625e-07,11,10,100,0.0,0.0,100,4.3439349246823255e-08
455,-495.81591915928055,9.644910862536675e-10,31.490186381134233,2.384185791015625e-07,11,10,100,0.0,0.0,100,4.567008395330238e-08
456,-495.81591915928055,9.644910452460652e-10,31.490186381134233,2.384185791015625e-07,11,10,100,0.0,0.0,100,4.733259571813638e-08
457,-495.81591915928055,9.644910042384747e-10,31.490186381134233,2.384185791015625e-07,11,10,100,0.0,0.0,100,4.606137066028199e-08
458,-495.81591915928055,9.644909632308953e-10,31.490186381134233,2.384185791015625e-07,11,10,100,0.0,0.0,100,4.5669643441655446e-08
459,-495.81591915928055,9.644909222233277e-10,31.490186381134233,2.384185791015625e-07,11,10,100,0.0,0.0,100,4.671494925987218e-08
460,-495.81591915928055,9.64490881215772e-10,31.490186381134233,2.384185791015625e-07,11,10,100,0.0,0.0,100,4.67539530716921e-08
461,-495.81591915928055,9.644908402082275e-10,31.490186381134233,2.384185791015625e-07,11,10,100,0.0,0.0,100,4.6136920445776916e-08
462,-495.81591915928055,9.644907992006946e-10,31.490186381134233,2.384185791015625e-07,11,10,100,0.0,0.0,100,4.596659140040152e-08
463,-495.81591915928055,9.644907581931734e-10,31.490186381134233,2.384185791015625e-07,11,10,100,0.0,0.0,100,4.471374781694505e-08
464,-495.81591915928055,9.644907171856637e-10,31.490186381134233,2.384185791015625e-07,11,10,100,0.0,0.0,100,4.425405419943692e-08
465,-495.81591915928055,9.644906761781658e-10,31.490186381134233,2.384185791015625e-07,11,10,100,0.0,0.0,100,4.4312237232369685e-08
466,-495.81591915928055,9.644906351706793e-10,31.490186381134233,2.384185791015625e-07,11,10,100,0.0,0.0,100,4.433572788007291e-08
467,-495.81591915928055,9.644905941632044e-10,31.490186381134233,2.384185791015625e-07,11,10,100,0.0,0.0,100,4.4838250221330365e-08
468,-495.81591915928055,9.64490553155741e-10,31.490186381134233,2.384185791015625e-07,11,10,100,0.0,0.0,100,4.558611757845468e-08
469,-495.81591915928055,9.644905121482892e-10,31.490186381134233,2.384185791015625e-07,11,10,100,0.0,0.0,100,4.524584277968016e-08
470,-495.81591915928055,9.64490471140849e-10,31.490186381134233,2.384185791015625e-07,11,10,100,0.0,0.0,100,4.626226711291852e-08
471,-495.81591915928055,9.644904301334206e-10,31.490186381134233,2.384185791015625e-07,11,10,100,0.0,0.0,100,4.531470965808043e-08
472,-495.81591915928055,9.644903891260036e-10,31.490186381134233,2.384185791015625e-07,11,10,100,0.0,0.0,100,4.772188520002218e-08
473,-495.81591915928055,9.644903481185983e-10,31.490186381134233,2.384185791015625e-07,11,10,100,0.0,0.0,100,4.677209076075935e-08
474,-495.81591915928055,9.644903071112045e-10,31.490186381134233,2.384185791015625e-07,11,10,100,0.0,0.0,100,4.704744672907604e-08
475,-495.81591915928055,9.644902661038224e-10,31.490186381134233,2.384185791015625e-07,11,10,100,0.0,0.0,100,4.4500245432247143e-08
476,-495.81591915928055,9.644902250964517e-10,31.490186381134233,2.384185791015625e-07,11,10,100,0.0,0.0,100,4.395859890933506e-08
477,-495.81591915928055,9.644901840890925e-10,31.490186381134233,2.384185791015625e-07,11,10,100,0.0,0.0,100,4.699015996043286e-08
478,-495.81591915928055,9.644901430817452e-10,31.490186381134233,2.384185791015625e-07,11,10,100,0.0,0.0,100,4.82561982371176e-08
479,-495.81591915928055,9.644901020744092e-10,31.490186381134233,2.384185791015625e-07,11,10,100,0.0,0.0,100,4.902273668933356e-08
480,-495.81591915928055,9.64490061067085e-10,31.490186381134233,2.384185791015625e-07,11,10,100,0.0,0.0,100,4.96263233678409e-08
481,-495.81591915928055,9.644900200597722e-10,31.490186381134233,2.384185791015625e-07,11,10,100,0.0,0.0,100,4.9859130381942547e-08
482,-495.81591915928055,9.644899790524712e-10,31.490186381134233,2.384185791015625e-07,11,10,100,0.0,0.0,100,4.898733109064542e-08
483,-495.81591915928055,9.644899380451815e-10,31.490186381134233,2.384185791015625e-07,11,10,100,0.0,0.0,100,4.7645037626309756e-08
484,-495.81591915928055,9.644898970379037e-10,31.490186381134233,2.384185791015625e-07,11,10,100,0.0,0.0,100,4.577052534846233e-08
485,-495.81591915928055,9.644898560306372e-10,31.490186381134233,2.384185791015625e-07,11,10,100,0.0,0.0,100,4.532899790256703e-08
486,-495.81591915928055,9.644898150233825e-10,31.490186381134233,2.384185791015625e-07,11,10,100,0.0,0.0,100,4.702737885320143e-08
487,-495.81591915928055,9.644897740161394e-10,31.490186381134233,2.384185791015625e-07,11,10,100,0.0,0.0,100,4.742336902090916e-08
488,-495.81591915928055,9.644897330089076e-10,31.490186381134233,2.384185791015625e-07,11,10,100,0.0,0.0,100,4.8111620054315186e-08
489,-495.81591915928055,9.644896920016877e-10,31.490186381134233,2.384185791015625e-07,11,10,100,0.0,0.0,100,4.710211006437009e-08
490,-495.81591915928055,9.644896509944793e-10,31.490186381134233,2.384185791015625e-07,11,10,100,0.0,0.0,100,4.728795567555091e-08
491,-495.81591915928055,9.644896099872823e-10,31.490186381134233,2.384185791015625e-07,11,10,100,0.0,0.0,100,4.45817256960259e-08
492,-495.81591915928055,9.64489568980097e-10,31.490186381134233,2.384185791015625e-07,11,10,100,0.0,0.0,100,4.560555437989927e-08
493,-495.81591915928055,9.644895279729234e-10,31.490186381134233,2.384185791015625e-07,11,10,100,0.0,0.0,100,4.682731135650734e-08
494,-495.81591915928055,9.644894869657614e-10,31.490186381134233,2.384185791015625e-07,11,10,100,0.0,0.0,100,4.7935688309432716e-08
495,-495.81591915928055,9.644894459586107e-10,31.490186381134233,2.384185791015625e-07,11,10,100,0.0,0.0,100,4.826057701606945e-08
496,-495.81591915928055,9.644894049514718e-10,31.490186381134233,2.384185791015625e-07,11,10,100,0.0,0.0,100,4.609377779386861e-08
497,-495.81591915928055,9.644893639443447e-10,31.490186381134233,2.384185791015625e-07,11,10,100,0.0,0.0,100,4.736130142863979e-08
498,-495.81591915928055,9.644893229372287e-10,31.490186381134233,2.384185791015625e-07,11,10,100,0.0,0.0,100,4.696038535223369e-08
499,-495.81591915928055,9.644892819301246e-10,31.490186381134233,2.384185791015625e-07,11,10,100,0.0,0.0,100,4.696397490493487e-08
500,-495.81591915928055,9.64489240923032e-10,31.490186381134233,2.384185791015625e-07,11,10,100,0.0,0.0,100,4.686327178201131e-08
501,-495.81591915928055,9.64489199915951e-10,31.490186381134233,2.384185791015625e-07,11,10,100,0.0,0.0,100,4.599501813075643e-08
502,-495.81591915928055,9.644891589088814e-10,31.490186381134233,2.384185791015625e-07,11,10,100,0.0,0.0,100,4.504399882824426e-08
503,-495.81591915928055,9.644891179018238e-10,31.490186381134233,2.384185791015625e-07,11,10,100,0.0,0.0,100,4.54626738062876e-08
504,-495.81591915928055,9.644890768947775e-10,31.490186381134233,2.384185791015625e-07,11,10,100,0.0,0.0,100,4.5542340268483836e-08
505,-495.81591915928055,9.644890358877428e-10,31.490186381134233,2.384185791015625e-07,11,10,100,0.0,0.0,100,4.4768825931506957e-08
506,-495.81591915928055,9.644889948807197e-10,31.490186381134233,2.384185791015625e-07,11,10,100,0.0,0.0,100,4.500127335466857e-08
507,-495.81591915928055,9.644889538737082e-10,31.490186381134233,2.384185791015625e-07,11,10,100,0.0,0.0,100,4.6226691842937614e-08
508,-495.81591915928055,9.644889128667083e-10,31.490186381134233,2.384185791015625e-07,11,10,100,0.0,0.0,100,4.6454064424957595e-08
509,-495.81591915928055,9.6448887185972e-10,31.490186381134233,2.384185791015625e-07,11,10,100,0.0,0.0,100,4.6789027592008924e-08
510,-495.81591915928055,9.644888308527432e-10,31.490186381134233,2.384185791015625e-07,11,10,100,0.0,0.0,100,4.643569158800276e-08
511,-495.81591915928055,9.644887898457782e-10,31.490186381134233,2.384185791015625e-07,11,10,100,0.0,0.0,100,4.748738934848699e-08
512,-495.81591915928055,9.644887488388244e-10,31.490186381134233,2.384185791015625e-07,11,10,100,0.0,0.0,100,4.8945382884486364e-08
513,-495.81591915928055,9.644887078318826e-10,31.490186381134233,2.384185791015625e-07,11,10,100,0.0,0.0,100,4.934194464924597e-08
514,-495.81591915928055,9.644886668249521e-10,31.490186381134233,2.384185791015625e-07,11,10,100,0.0,0.0,100,4.7096716264672865e-08
515,-495.81591915928055,9.644886258180333e-10,31.490186381134233,1.1920928955078125e-07,11,10,100,0.0,0.0,100,4.803226397119202e-08
516,-495.81591915928055,9.644886148371037e-10,31.490186381134233,1.1920928955078125e-07,11,10,100,0.0,0.0,100,3.515833814631393e-08
517,-495.81591915928055,9.64488603856176e-10,31.490186381134233,1.1920928955078125e-07,11,10,100,0.0,0.0,100,2.4325654751688435e-08
518,-495.81591915928055,9.644885928752498e-10,31.490186381134233,1.1920928955078125e-07,11,10,100,0.0,0.0,100,1.8217620634063383e-08
519,-495.81591915928055,9.644885818943252e-10,31.490186381134233,1.1920928955078125e-07,11,10,100,0.0,0.0,100,1.507143528112377e-08
520,-495.81591915928055,9.644885709134025e-10,31.490186381134233,1.1920928955078125e-07,11,10,100,0.0,0.0,100,1.3135840696045838e-08
521,-495.81591915928055,9.644885599324812e-10,31.490186381134233,1.1920928955078125e-07,11,10,100,0.0,0.0,100,1.2791024237794653e-08
522,-495.81591915928055,9.644885489515616e-10,31.490186381134233,1.1920928955078125e-07,11,10,100,0.0,0.0,100,1.2554179784176649e-08
523,-495.81591915928055,9.644885379706436e-10,31.490186381134233,1.1920928955078125e-07,11,10,100,0.0,0.0,100,1.2326485999441698e-08
524,-495.81591915928055,9.644885269897277e-10,31.490186381134233,1.1920928955078125e-07,11,10,100,0.0,0.0,100,1.2007280856882808e-08
525,-495.81591915928055,9.64488516008813e-10,31.490186381134233,1.1920928955078125e-07,11,10,100,0.0,0.0,100,1.223501536806081e-08
526,-495.81591915928055,9.644885050279003e-10,31.490186381134233,1.1920928955078125e-07,11,10,100,0.0,0.0,100,1.2490709664088888e-08
527,-495.81591915928055,9.64488494046989e-10,31.490186381134233,1.1920928955078125e-07,11,10,100,0.0,0.0,100,1.2060262898938322e-08
528,-495.81591915928055,9.644884830660795e-10,31.490186381134233,1.1920928955078125e-07,11,10,100,0.0,0.0,100,1.1919545611310462e-08
529,-495.81591915928055,9.644884720851716e-10,31.490186381134233,1.1920928955078125e-07,11,10,100,0.0,0.0,100,1.1862675246954905e-08
530,-495.81591915928055,9.644884611042657e-10,31.490186381134233,1.1920928955078125e-07,11,10,100,0.0,0.0,100,1.1884473197716326e-08
531,-495.81591915928055,9.64488450123361e-10,31.490186381134233,1.1920928955078125e-07,11,10,100,0.0,0.0,100,1.2239790416744043e-08
532,-495.81591915928055,9.64488439142458e-10,31.490186381134233,1.1920928955078125e-07,11,10,100,0.0,0.0,100,1.1956637683655744e-08
533,-495.81591915928055,9.644884281615568e-10,31.490186381134233,1.1920928955078125e-07,11,10,100,0.0,0.0,100,1.243601650232546e-08
534,-495.81591915928055,9.644884171806573e-10,31.490186381134233,1.1920928955078125e-07,11,10,100,0.0,0.0,100,1.2606386738746397e-08
535,-495.81591915928055,9.644884061997596e-10,31.490186381134233,1.1920928955078125e-07,11,10,100,0.0,0.0,100,1.2701580391137976e-08
536,-495.81591915928055,9.644883952188635e-10,31.490186381134233,1.1920928955078125e-07,11,10,100,0.0,0.0,100,1.2780244861096197e-08
537,-495.81591915928055,9.64488384237969e-10,31.490186381134233,1.1920928955078125e-07,11,10,100,0.0,0.0,100,1.2991141351125263e-08
538,-495.81591915928055,9.64488373257076e-10,31.490186381134233,1.1920928955078125e-07,11,10,100,0.0,0.0,100,1.3259756668407343e-08
539,-495.81591915928055,9.64488362276185e-10,31.490186381134233,1.1920928955078125e-07,11,10,100,0.0,0.0,100,1.335387382115368e-08
540,-495.81591915928055,9.644883512952955e-10,31.490186381134233,1.1920928955078125e-07,11,10,100,0.0,0.0,100,1.3134542186746362e-08
541,-495.81591915928055,9.644883403144075e-10,31.490186381134233,1.1920928955078125e-07,11,10,100,0.0,0.0,100,1.2808133551880092e-08
542,-495.81591915928055,9.644883293335214e-10,31.490186381134233,1.1920928955078125e-07,11,10,100,0.0,0.0,100,1.3197709158081742e-08
543,-495.81591915928055,9.644883183526367e-10,31.490186381134233,1.1920928955078125e-07,11,10,100,0.0,0.0,100,1.3113172292706974e-08
544,-495.81591915928055,9.644883073717541e-10,31.490186381134233,1.1920928955078125e-07,11,10,100,0.0,0.0,100,1.3016629161649972e-08
545,-495.81591915928055,9.644882963908728e-10,31.490186381134233,1.1920928955078125e-07,11,10,100,0.0,0.0,100,1.3155552571369296e-08
546,-495.81591915928055,9.644882854099933e-10,31.490186381134233,1.1920928955078125e-07,11,10,100,0.0,0.0,100,1.328793968993299e-08
547,-495.81591915928055,9.644882744291154e-10,31.490186381134233,1.1920928955078125e-07,11,10,100,0.0,0.0,100,1.2293193010583028e-08
548,-495.81591915928055,9.644882634482392e-10,31.490186381134233,1.1920928955078125e-07,11,10,100,0.0,0.0,100,1.242704561349899e-08
549,-495.81591915928055,9.64488252467365e-10,31.490186381134233,1.1920928955078125e-07,11,10,100,0.0,0.0,100,1.2300246988260334e-08
550,-495.81591915928055,9.644882414864918e-10,31.490186381134233,1.1920928955078125e-07,11,10,100,0.0,0.0,100,1.204631814630292e-08
551,-495.81591915928055,9.644882305056206e-10,31.490186381134233,1.1920928955078125e-07,11,10,100,0.0,0.0,100,1.2091276636337711e-08
552,-495.81591915928055,9.644882195247512e-10,31.490186381134233,1.1920928955078125e-07,11,10,100,0.0,0.0,100,1.2238433970394886e-08
553,-495.81591915928055,9.644882085438833e-10,31.490186381134233,1.1920928955078125e-07,11,10,100,0.0,0.0,100,1.2494803912853519e-08
554,-495.81591915928055,9.644881975630172e-10,31.490186381134233,1.1920928955078125e-07,11,10,100,0.0,0.0,100,1.1954589541756666e-08
555,-495.81591915928055,9.644881865821526e-10,31.490186381134233,1.1920928955078125e-07,11,10,100,0.0,0.0,100,1.219828752544911e-08
556,-495.81591915928055,9.644881756012899e-10,31.490186381134233,1.1920928955078125e-07,11,10,100,0.0,0.0,100,1.215827994739868e-08
557,-495.81591915928055,9.644881646204286e-10,31.490186381134233,1.1920928955078125e-07,11,10,100,0.0,0.0,100,1.2134895735193525e-08
558,-495.81591915928055,9.644881536395691e-10,31.490186381134233,1.1920928955078125e-07,11,10,100,0.0,0.0,100,1.2287988886411603e-08
559,-495.81591915928055,9.644881426587113e-10,31.490186381134233,1.1920928955078125e-07,11,10,100,0.0,0.0,100,1.2463725718344605e-08
560,-495.81591915928055,9.644881316778552e-10,31.490186381134233,1.1920928955078125e-07,11,10,100,0.0,0.0,100,1.2704467072972347e-08
561,-495.81591915928055,9.644881206970005e-10,31.490186381134233,1.1920928955078125e-07,11,10,100,0.0,0.0,100,1.2494343935472499e-08
562,-495.81591915928055,9.644881097161477e-10,31.490186381134233,1.1920928955078125e-07,11,10,100,0.0,0.0,100,1.2447218828943522e-08
563,-495.81591915928055,9.644880987352965e-10,31.490186381134233,1.1920928955078125e-07,11,10,100,0.0,0.0,100,1.2397817603997757e-08
564,-495.81591915928055,9.644880877544472e-10,31.490186381134233,1.1920928955078125e-07,11,10,100,0.0,0.0,100,1.2758304079888013e-08
565,-495.81591915928055,9.644880767735992e-10,31.490186381134233,1.1920928955078125e-07,11,10,100,0.0,0.0,100,1.2779979648145422e-08
566,-495.81591915928055,9.644880657927532e-10,31.490186381134233,1.1920928955078125e-07,11,10,100,0.0,0.0,100,1.3048309255501202e-08
567,-495.81591915928055,9.644880548119086e-10,31.490186381134233,1.1920928955078125e-07,11,10,100,0.0,0.0,100,1.274222674910022e-08
568,-495.81591915928055,9.644880438310657e-10,31.490186381134233,1.1920928955078125e-07,11,10,100,0.0,0.0,100,1.2817682506695029e-08
569,-495.81591915928055,9.644880328502245e-10,31.490186381134233,1.1920928955078125e-07,11,10,100,0.0,0.0,100,1.288920734972409e-08
570,-495.81591915928055,9.64488021869385e-10,31.490186381134233,1.1920928955078125e-07,11,10,100,0.0,0.0,100,1.2032875025225319e-08
571,-495.81591915928055,9.644880108885471e-10,31.490186381134233,1.1920928955078125e-07,11,10,100,0.0,0.0,100,1.2298796045404999e-08
572,-495.81591915928055,9.64487999907711e-10,31.490186381134233,1.1920928955078125e-07,11,10,100,0.0,0.0,100,1.2743927760919713e-08
573,-495.81591915928055,9.644879889268764e-10,31.490186381134233,1.1920928955078125e-07,11,10,100,0.0,0.0,100,1.2641749480092293e-08
574,-495.81591915928055,9.644879779460437e-10,31.490186381134233,1.1920928955078125e-07,11,10,100,0.0,0.0,100,1.3441034145192643e-08
575,-495.81591915928055,9.644879669652124e-10,31.490186381134233,1.1920928955078125e-07,11,10,100,0.0,0.0,100,1.2808053836088865e-08
576,-495.81591915928055,9.644879559843831e-10,31.490186381134233,1.1920928955078125e-07,11,10,100,0.0,0.0,100,1.2894070688713523e-08
577,-495.81591915928055,9.644879450035551e-10,31.490186381134233,1.1920928955078125e-07,11,10,100,0.0,0.0,100,1.3068348635275036e-08
578,-495.81591915928055,9.64487934022729e-10,31.490186381134233,1.1920928955078125e-07,11,10,100,0.0,0.0,100,1.2779535486600084e-08
579,-495.81591915928055,9.644879230419043e-10,31.490186381134233,1.1920928955078125e-07,11,10,100,0.0,0.0,100,1.2641932411764449e-08
580,-495.81591915928055,9.644879120610816e-10,31.490186381134233,1.1920928955078125e-07,11,10,100,0.0,0.0,100,1.2157261308503888e-08
581,-495.81591915928055,9.644879010802604e-10,31.490186381134233,1.1920928955078125e-07,11,10,100,0.0,0.0,100,1.2096323678418039e-08
582,-495.81591915928055,9.64487890099441e-10,31.490186381134233,1.1920928955078125e-07,11,10,100,0.0,0.0,100,1.2346830133284052e-08
583,-495.81591915928055,9.64487879118623e-10,31.490186381134233,1.1920928955078125e-07,11,10,100,0.0,0.0,100,1.2815377594563556e-08
584,-495.81591915928055,9.64487868137807e-10,31.490186381134233,1.1920928955078125e-07,11,10,100,0.0,0.0,100,1.3316450434085828e-08
585,-495.81591915928055,9.644878571569925e-10,31.490186381134233,1.1920928955078125e-07,11,10,100,0.0,0.0,100,1.3378686489523616e-08
586,-495.81591915928055,9.644878461761796e-10,31.490186381134233,1.1920928955078125e-07,11,10,100,0.0,0.0,100,1.2957914676583137e-08
587,-495.81591915928055,9.644878351953685e-10,31.490186381134233,1.1920928955078125e-07,11,10,100,0.0,0.0,100,1.2885482444291579e-08
588,-495.81591915928055,9.644878242145589e-10,31.490186381134233,1.1920928955078125e-07,11,10,100,0.0,0.0,100,1.3014785480082891e-08
589,-495.81591915928055,9.644878132337512e-10,31.490186381134233,1.1920928955078125e-07,11,10,100,0.0,0.0,100,1.2589887208546509e-08
590,-495.81591915928055,9.644878022529449e-10,31.490186381134233,1.1920928955078125e-07,11,10,100,0.0,0.0,100,1.2252116794807889e-08
591,-495.81591915928055,9.644877912721404e-10,31.490186381134233,1.1920928955078125e-07,11,10,100,0.0,0.0,100,1.2467485538310742e-08
592,-495.81591915928055,9.644877802913376e-10,31.490186381134233,1.1920928955078125e-07,11,10,100,0.0,0.0,100,1.2226086939113188e-08
593,-495.81591915928055,9.644877693105363e-10,31.490186381134233,1.1920928955078125e-07,11,10,100,0.0,0.0,100,1.2457831690795851e-08
594,-495.81591915928055,9.644877583297368e-10,31.490186381134233,1.1920928955078125e-07,11,10,100,0.0,0.0,100,1.2604051948741776e-08
595,-495.81591915928055,9.64487747348939e-10,31.490186381134233,1.1920928955078125e-07,11,10,100,0.0,0.0,100,1.2691381515546038e-08
596,-495.81591915928055,9.644877363681429e-10,31.490186381134233,1.1920928955078125e-07,11,10,100,0.0,0.0,100,1.274920798938665e-08
597,-495.81591915928055,9.644877253873484e-10,31.490186381134233,1.1920928955078125e-07,11,10,100,0.0,0.0,100,1.3021807760773553e-08
598,-495.81591915928055,9.644877144065555e-10,31.490186381134233,1.1920928955078125e-07,11,10,100,0.0,0.0,100,1.3310525809487955e-08
599,-495.81591915928055,9.644877034257643e-10,31.490186381134233,1.1920928955078125e-07,11,10,100,0.0,0.0,100,1.2740078391212583e-08
600,-495.81591915928055,9.64487692444975e-10,31.490186381134233,1.1920928955078125e-07,11,10,100,0.0,0.0,100,1.258335400238095e-08
601,-495.81591915928055,9.64487681464187e-10,31.490186381134233,1.1920928955078125e-07,11,10,100,0.0,0.0,100,1.2815318739901495e-08
602,-495.81591915928055,9.644876704834008e-10,31.490186381134233,1.1920928955078125e-07,11,10,100,0.0,0.0,100,1.2524428400778732e-08
603,-495.81591915928055,9.644876595026165e-10,31.490186381134233,1.1920928955078125e-07,11,10,100,0.0,0.0,100,1.2792106079591524e-08
604,-495.81591915928055,9.644876485218335e-10,31.490186381134233,1.1920928955078125e-07,11,10,100,0.0,0.0,100,1.2176400245395769e-08
605,-495.81591915928055,9.644876375410525e-10,31.490186381134233,1.1920928955078125e-07,11,10,100,0.0,0.0,100,1.2104617106028423e-08
606,-495.81591915928055,9.644876265602729e-10,31.490186381134233,1.1920928955078125e-07,11,10,100,0.0,0.0,100,1.2669999410278376e-08
607,-495.81591915928055,9.64487615579495e-10,31.490186381134233,1.1920928955078125e-07,11,10,100,0.0,0.0,100,1.2870648531497887e-08
608,-495.81591915928055,9.64487604598719e-10,31.490186381134233,1.1920928955078125e-07,11,10,100,0.0,0.0,100,1.3307496599995888e-08
609,-495.81591915928055,9.644875936179443e-10,31.490186381134233,1.1920928955078125e-07,11,10,100,0.0,0.0,100,1.2957270106464248e-08
610,-495.81591915928055,9.644875826371715e-10,31.490186381134233,1.1920928955078125e-07,11,10,100,0.0,0.0,100,1.2694401969081762e-08
611,-495.81591915928055,9.644875716564004e-10,31.490186381134233,1.1920928955078125e-07,11,10,100,0.0,0.0,100,1.2350942627819395e-08
612,-495.81591915928055,9.64487560675631e-10,31.490186381134233,1.1920928955078125e-07,11,10,100,0.0,0.0,100,1.2589582380852605e-08
613,-495.81591915928055,9.64487549694863e-10,31.490186381134233,1.1920928955078125e-07,11,10,100,0.0,0.0,100,1.314231186581833e-08
614,-495.81591915928055,9.64487538714097e-10,31.490186381134233,1.1920928955078125e-07,11,10,100,0.0,0.0,100,1.371225029713451e-08
615,-495.81591915928055,9.644875277333324e-10,31.490186381134233,1.1920928955078125e-07,11,10,100,0.0,0.0,100,1.3140070195383855e-08
616,-495.81591915928055,9.644875167525695e-10,31.490186381134233,1.1920928955078125e-07,11,10,100,0.0,0.0,100,1.2821533594578973e-08
617,-495.81591915928055,9.644875057718083e-10,31.490186381134233,1.1920928955078125e-07,11,10,100,0.0,0.0,100,1.2441460124959382e-08
618,-495.81591915928055,9.64487494791049e-10,31.490186381134233,1.1920928955078125e-07,11,10,100,0.0,0.0,100,1.2621849681151593e-08
619,-495.81591915928055,9.64487483810291e-10,31.490186381134233,1.1920928955078125e-07,11,10,100,0.0,0.0,100,1.290916685496785e-08
620,-495.81591915928055,9.64487472829535e-10,31.490186381134233,1.1920928955078125e-07,11,10,100,0.0,0.0,100,1.3321760168434662e-08
621,-495.81591915928055,9.644874618487804e-10,31.490186381134233,1.1920928955078125e-07,11,10,100,0.0,0.0,100,1.315707699423332e-08
622,-495.81591915928055,9.644874508680275e-10,31.490186381134233,1.1920928955078125e-07,11,10,100,0.0,0.0,100,1.320650374944252e-08
623,-495.81591915928055,9.644874398872764e-10,31.490186381134233,1.1920928955078125e-07,11,10,100,0.0,0.0,100,1.2486234357220719e-08
624,-495.81591915928055,9.64487428906527e-10,31.490186381134233,1.1920928955078125e-07,11,10,100,0.0,0.0,100,1.2423615739537396e-08
625,-495.81591915928055,9.64487417925779e-10,31.490186381134233,1.1920928955078125e-07,11,10,100,0.0,0.0,100,1.2644227463531223e-08
626,-495.81591915928055,9.644874069450329e-10,31.490186381134233,1.1920928955078125e-07,11,10,100,0.0,0.0,100,1.2712726225841685e-08
627,-495.81591915928055,9.644873959642884e-10,31.490186381134233,1.1920928955078125e-07,11,10,100,0.0,0.0,100,1.2613391703890155e-08
628,-495.81591915928055,9.644873849835456e-10,31.490186381134233,1.1920928955078125e-07,11,10,100,0.0,0.0,100,1.2526904945550219e-08
629,-495.81591915928055,9.644873740028044e-10,31.490186381134233,1.1920928955078125e-07,11,10,100,0.0,0.0,100,1.1985423314199702e-08
630,-495.81591915928055,9.64487363022065e-10,31.490186381134233,1.1920928955078125e-07,11,10,100,0.0,0.0,100,1.2314180516592642e-08
631,-495.81591915928055,9.64487352041327e-10,31.490186381134233,1.1920928955078125e-07,11,10,100,0.0,0.0,100,1.2141919168119871e-08
632,-495.81591915928055,9.64487341060591e-10,31.490186381134233,1.1920928955078125e-07,11,10,100,0.0,0.0,100,1.2173814823314591e-08
633,-495.81591915928055,9.644873300798564e-10,31.490186381134233,1.1920928955078125e-07,11,10,100,0.0,0.0,100,1.183972439883455e-08
634,-495.81591915928055,9.644873190991237e-10,31.490186381134233,1.1920928955078125e-07,11,10,100,0.0,0.0,100,1.2417852767196105e-08
635,-495.81591915928055,9.644873081183925e-10,31.490186381134233,1.1920928955078125e-07,11,10,100,0.0,0.0,100,1.2567404527216809e-08
636,-495.81591915928055,9.644872971376629e-10,31.490186381134233,1.1920928955078125e-07,11,10,100,0.0,0.0,100,1.2728474642802423e-08
637,-495.81591915928055,9.644872861569352e-10,31.490186381134233,1.1920928955078125e-07,11,10,100,0.0,0.0,100,1.2771908005819117e-08
638,-495.81591915928055,9.644872751762091e-10,31.490186381134233,1.1920928955078125e-07,11,10,100,0.0,0.0,100,1.279248974606834e-08
639,-495.81591915928055,9.644872641954845e-10,31.490186381134233,1.1920928955078125e-07,11,10,100,0.0,0.0,100,1.2931694409494455e-08
640,-495.81591915928055,9.644872532147616e-10,31.490186381134233,1.1920928955078125e-07,11,10,100,0.0,0.0,100,1.269413534056283e-08
641,-495.81591915928055,9.644872422340405e-10,31.490186381134233,1.1920928955078125e-07,11,10,100,0.0,0.0,100,1.2546273864765203e-08
642,-495.81591915928055,9.644872312533212e-10,31.490186381134233,1.1920928955078125e-07,11,10,100,0.0,0.0,100,1.2273074029666954e-08
643,-495.81591915928055,9.644872202726032e-10,31.490186381134233,1.1920928955078125e-07,11,10,100,0.0,0.0,100,1.256112520288211e-08
644,-495.81591915928055,9.64487209291887e-10,31.490186381134233,1.1920928955078125e-07,11,10,100,0.0,0.0,100,1.2386869309613703e-08
645,-495.81591915928055,9.644871983111726e-10,31.490186381134233,1.1920928955078125e-07,11,10,100,0.0,0.0,100,1.2526418381392053e-08
646,-495.81591915928055,9.644871873304598e-10,31.490186381134233,1.1920928955078125e-07,11,10,100,0.0,0.0,100,1.230701714879997e-08
647,-495.81591915928055,9.644871763497486e-10,31.490186381134233,1.1920928955078125e-07,11,10,100,0.0,0.0,100,1.2514701351006426e-08
648,-495.81591915928055,9.644871653690391e-10,31.490186381134233,1.1920928955078125e-07,11,10,100,0.0,0.0,100,1.2094995273734536e-08
649,-495.81591915928055,9.644871543883313e-10,31.490186381134233,1.1920928955078125e-07,11,10,100,0.0,0.0,100,1.2881412693508628e-08
650,-495.81591915928055,9.64487143407625e-10,31.490186381134233,1.1920928955078125e-07,11,10,100,0.0,0.0,100,1.3046371327038449e-08
651,-495.81591915928055,9.644871324269207e-10,31.490186381134233,1.1920928955078125e-07,11,10,100,0.0,0.0,100,1.2990018706458908e-08
652,-495.81591915928055,9.644871214462178e-10,31.490186381134233,1.1920928955078125e-07,11,10,100,0.0,0.0,100,1.2153344181191885e-08
653,-495.81591915928055,9.644871104655166e-10,31.490186381134233,1.1920928955078125e-07,11,10,100,0.0,0.0,100,1.1916191058172819e-08
654,-495.81591915928055,9.644870994848172e-10,31.490186381134233,1.1920928955078125e-07,11,10,100,0.0,0.0,100,1.1645158917391289e-08
655,-495.81591915928055,9.644870885041192e-10,31.490186381134233,1.1920928955078125e-07,11,10,100,0.0,0.0,100,1.1821416431370758e-08
656,-495.81591915928055,9.644870775234232e-10,31.490186381134233,1.1920928955078125e-07,11,10,100,0.0,0.0,100,1.2427570832192324e-08
657,-495.81591915928055,9.644870665427285e-10,31.490186381134233,1.1920928955078125e-07,11,10,100,0.0,0.0,100,1.2368666174867068e-08
658,-495.81591915928055,9.644870555620358e-10,31.490186381134233,1.1920928955078125e-07,11,10,100,0.0,0.0,100,1.2397335917042619e-08
659,-495.81591915928055,9.644870445813447e-10,31.490186381134233,1.1920928955078125e-07,11,10,100,0.0,0.0,100,1.2949527092074103e-08
660,-495.81591915928055,9.644870336006552e-10,31.490186381134233,1.1920928955078125e-07,11,10,100,0.0,0.0,100,1.2991006092681666e-08
661,-495.81591915928055,9.644870226199674e-10,31.490186381134233,1.1920928955078125e-07,11,10,100,0.0,0.0,100,1.2777772186633635e-08
662,-495.81591915928055,9.644870116392813e-10,31.490186381134233,1.1920928955078125e-07,11,10,100,0.0,0.0,100,1.2411621908641505e-08
663,-495.81591915928055,9.644870006585966e-10,31.490186381134233,1.1920928955078125e-07,11,10,100,0.0,0.0,100,1.2400195572380667e-08
664,-495.81591915928055,9.64486989677914e-10,31.490186381134233,1.1920928955078125e-07,11,10,100,0.0,0.0,100,1.284243144852316e-08
665,-495.81591915928055,9.644869786972328e-10,31.490186381134233,1.1920928955078125e-07,11,10,100,0.0,0.0,100,1.3099896210306877e-08
666,-495.81591915928055,9.644869677165532e-10,31.490186381134233,1.1920928955078125e-07,11,10,100,0.0,0.0,100,1.315061019690053e-08
667,-495.81591915928055,9.644869567358754e-10,31.490186381134233,1.1920928955078125e-07,11,10,100,0.0,0.0,100,1.2368492225924333e-08
668,-495.81591915928055,9.644869457551993e-10,31.490186381134233,1.1920928955078125e-07,11,10,100,0.0,0.0,100,1.2744624572546101e-08
669,-495.81591915928055,9.644869347745248e-10,31.490186381134233,1.1920928955078125e-07,11,10,100,0.0,0.0,100,1.2797313495637262e-08
670,-495.81591915928055,9.64486923793852e-10,31.490186381134233,1.1920928955078125e-07,11,10,100,0.0,0.0,100,1.260615113572239e-08
671,-495.81591915928055,9.644869128131808e-10,31.490186381134233,1.1920928955078125e-07,11,10,100,0.0,0.0,100,1.253291248647415e-08
672,-495.81591915928055,9.644869018325112e-10,31.490186381134233,1.1920928955078125e-07,11,10,100,0.0,0.0,100,1.247044150941942e-08
673,-495.81591915928055,9.644868908518435e-10,31.490186381134233,1.1920928955078125e-07,11,10,100,0.0,0.0,100,1.2042723852564824e-08
674,-495.81591915928055,9.644868798711774e-10,31.490186381134233,1.1920928955078125e-07,11,10,100,0.0,0.0,100,1.1963426027050506e-08
675,-495.81591915928055,9.644868688905127e-10,31.490186381134233,1.1920928955078125e-07,11,10,100,0.0,0.0,100,1.250118863106792e-08
676,-495.81591915928055,9.6448685790985e-10,31.490186381134233,1.1920928955078125e-07,11,10,100,0.0,0.0,100,1.2098760985769823e-08
677,-495.81591915928055,9.644868469291888e-10,31.490186381134233,1.1920928955078125e-07,11,10,100,0.0,0.0,100,1.223201766500144e-08
678,-495.81591915928055,9.644868359485296e-10,31.490186381134233,1.1920928955078125e-07,11,10,100,0.0,0.0,100,1.256204625577369e-08
679,-495.81591915928055,9.644868249678715e-10,31.490186381134233,1.1920928955078125e-07,11,10,100,0.0,0.0,100,1.291455607661404e-08
680,-495.81591915928055,9.644868139872154e-10,31.490186381134233,1.1920928955078125e-07,11,10,100,0.0,0.0,100,1.2714525942494349e-08
681,-495.81591915928055,9.644868030065609e-10,31.490186381134233,1.1920928955078125e-07,11,10,100,0.0,0.0,100,1.3041703688306795e-08
682,-495.81591915928055,9.64486792025908e-10,31.490186381134233,1.1920928955078125e-07,11,10,100,0.0,0.0,100,1.3108384566187572e-08
683,-495.81591915928055,9.64486781045257e-10,31.490186381134233,1.1920928955078125e-07,11,10,100,0.0,0.0,100,1.289781229612273e-08
684,-495.81591915928055,9.644867700646075e-10,31.490186381134233,1.1920928955078125e-07,11,10,100,0.0,0.0,100,1.3186778086357813e-08
685,-495.81591915928055,9.644867590839596e-10,31.490186381134233,1.1920928955078125e-07,11,10,100,0.0,0.0,100,1.2711321113079812e-08
686,-495.81591915928055,9.644867481033136e-10,31.490186381134233,1.1920928955078125e-07,11,10,100,0.0,0.0,100,1.2613063648434092e-08
687,-495.81591915928055,9.64486737122669e-10,31.490186381134233,1.1920928955078125e-07,11,10,100,0.0,0.0,100,1.2709956906914585e-08
688,-495.81591915928055,9.644867261420263e-10,31.490186381134233,1.1920928955078125e-07,11,10,100,0.0,0.0,100,1.2955702005873677e-08
689,-495.81591915928055,9.64486715161385e-10,31.490186381134233,1.1920928955078125e-07,11,10,100,0.0,0.0,100,1.3107881585205144e-08
690,-495.81591915928055,9.644867041807456e-10,31.490186381134233,1.1920928955078125e-07,11,10,100,0.0,0.0,100,1.3239205087310412e-08
691,-495.81591915928055,9.644866932001076e-10,31.490186381134233,1.1920928955078125e-07,11,10,100,0.0,0.0,100,1.3067494099275263e-08
692,-495.81591915928055,9.644866822194717e-10,31.490186381134233,1.1920928955078125e-07,11,10,100,0.0,0.0,100,1.3257474171890598e-08
693,-495.81591915928055,9.64486671238837e-10,31.490186381134233,1.1920928955078125e-07,11,10,100,0.0,0.0,100,1.2488891816911116e-08
694,-495.81591915928055,9.644866602582043e-10,31.490186381134233,1.1920928955078125e-07,11,10,100,0.0,0.0,100,1.24614040000835e-08
695,-495.81591915928055,9.644866492775731e-10,31.490186381134233,1.1920928955078125e-07,11,10,100,0.0,0.0,100,1.2099639535801719e-08
696,-495.81591915928055,9.644866382969437e-10,31.490186381134233,1.1920928955078125e-07,11,10,100,0.0,0.0,100,1.211780116439676e-08
697,-495.81591915928055,9.644866273163158e-10,31.490186381134233,1.1920928955078125e-07,11,10,100,0.0,0.0,100,1.2392516282396239e-08
698,-495.81591915928055,9.644866163356899e-10,31.490186381134233,1.1920928955078125e-07,11,10,100,0.0,0.0,100,1.2260282413889293e-08
699,-495.81591915928055,9.644866053550651e-10,31.490186381134233,1.1920928955078125e-07,11,10,100,0.0,0.0,100,1.241057151254786e-08
700,-495.81591915928055,9.644865943744425e-10,31.490186381134233,1.1920928955078125e-07,11,10,100,0.0,0.0,100,1.2146271549277307e-08
701,-495.81591915928055,9.644865833938213e-10,31.490186381134233,1.1920928955078125e-07,11,10,100,0.0,0.0,100,1.2075909064618753e-08
702,-495.81591915928055,9.644865724132017e-10,31.490186381134233,1.1920928955078125e-07,11,10,100,0.0,0.0,100,1.2068050803041709e-08
703,-495.81591915928055,9.64486561432584e-10,31.490186381134233,1.1920928955078125e-07,11,10,100,0.0,0.0,100,1.2507677742358076e-08
704,-495.81591915928055,9.644865504519677e-10,31.490186381134233,1.1920928955078125e-07,11,10,100,0.0,0.0,100,1.2455490319771669e-08
705,-495.81591915928055,9.644865394713534e-10,31.490186381134233,1.1920928955078125e-07,11,10,100,0.0,0.0,100,1.2619505387866143e-08
706,-495.81591915928055,9.644865284907406e-10,31.490186381134233,1.1920928955078125e-07,11,10,100,0.0,0.0,100,1.2672018292282797e-08
707,-495.81591915928055,9.644865175101295e-10,31.490186381134233,1.1920928955078125e-07,11,10,100,0.0,0.0,100,1.250943122978826e-08
708,-495.81591915928055,9.6448650652952e-10,31.490186381134233,1.1920928955078125e-07,11,10,100,0.0,0.0,100,1.2430380576500158e-08
709,-495.81591915928055,9.644864955489121e-10,31.490186381134233,1.1920928955078125e-07,11,10,100,0.0,0.0,100,1.2538627511187829e-08
710,-495.81591915928055,9.64486484568306e-10,31.490186381134233,1.1920928955078125e-07,11,10,100,0.0,0.0,100,1.2300947536542618e-08
711,-495.81591915928055,9.644864735877016e-10,31.490186381134233,1.1920928955078125e-07,11,10,100,0.0,0.0,100,1.23204367581131e-08
712,-495.81591915928055,9.644864626070985e-10,31.490186381134233,1.1920928955078125e-07,11,10,100,0.0,0.0,100,1.244830937078682e-08
713,-495.81591915928055,9.644864516264974e-10,31.490186381134233,1.1920928955078125e-07,11,10,100,0.0,0.0,100,1.2861942437806648e-08
714,-495.81591915928055,9.64486440645898e-10,31.490186381134233,1.1920928955078125e-07,11,10,100,0.0,0.0,100,1.2991070693861646e-08
715,-495.81591915928055,9.644864296653003e-10,31.490186381134233,1.1920928955078125e-07,11,10,100,0.0,0.0,100,1.2595767756229e-08
716,-495.81591915928055,9.64486418684704e-10,31.490186381134233,1.1920928955078125e-07,11,10,100,0.0,0.0,100,1.2465329685379843e-08
717,-495.81591915928055,9.644864077041095e-10,31.490186381134233,1.1920928955078125e-07,11,10,100,0.0,0.0,100,1.2198385804412855e-08
718,-495.81591915928055,9.644863967235168e-10,31.490186381134233,1.1920928955078125e-07,11,10,100,0.0,0.0,100,1.2234633759458278e-08
719,-495.81591915928055,9.644863857429258e-10,31.490186381134233,1.1920928955078125e-07,11,10,100,0.0,0.0,100,1.2757784641718527e-08
720,-495.81591915928055,9.644863747623363e-10,31.490186381134233,1.1920928955078125e-07,11,10,100,0.0,0.0,100,1.2829865106544183e-08
721,-495.81591915928055,9.644863637817483e-10,31.490186381134233,1.1920928955078125e-07,11,10,100,0.0,0.0,100,1.2226740972792891e-08
722,-495.81591915928055,9.644863528011623e-10,31.490186381134233,1.1920928955078125e-07,11,10,100,0.0,0.0,100,1.2081725952751825e-08
723,-495.81591915928055,9.644863418205779e-10,31.490186381134233,1.1920928955078125e-07,11,10,100,0.0,0.0,100,1.20348969735315e-08
724,-495.81591915928055,9.64486330839995e-10,31.490186381134233,1.1920928955078125e-07,11,10,100,0.0,0.0,100,1.1984996777749437e-08
725,-495.81591915928055,9.644863198594138e-10,31.490186381134233,1.1920928955078125e-07,11,10,100,0.0,0.0,100,1.193239398875778e-08
726,-495.81591915928055,9.644863088788344e-10,31.490186381134233,1.1920928955078125e-07,11,10,100,0.0,0.0,100,1.238678675131965e-08
727,-495.81591915928055,9.644862978982566e-10,31.490186381134233,1.1920928955078125e-07,11,10,100,0.0,0.0,100,1.2168284410576657e-08
728,-495.81591915928055,9.644862869176803e-10,31.490186381134233,1.1920928955078125e-07,11,10,100,0.0,0.0,100,1.2597421697079158e-08
729,-495.81591915928055,9.64486275937106e-10,31.490186381134233,1.1920928955078125e-07,11,10,100,0.0,0.0,100,1.2741267525814597e-08
730,-495.81591915928055,9.644862649565332e-10,31.490186381134233,1.1920928955078125e-07,11,10,100,0.0,0.0,100,1.2891098533573092e-08
731,-495.81591915928055,9.64486253975962e-10,31.490186381134233,1.1920928955078125e-07,11,10,100,0.0,0.0,100,1.2107322874702179e-08
732,-495.81591915928055,9.644862429953927e-10,31.490186381134233,1.1920928955078125e-07,11,10,100,0.0,0.0,100,1.2178184060380812e-08
733,-495.81591915928055,9.644862320148246e-10,31.490186381134233,1.1920928955078125e-07,11,10,100,0.0,0.0,100,1.2233458741089831e-08
734,-495.81591915928055,9.644862210342586e-10,31.490186381134233,1.1920928955078125e-07,11,10,100,0.0,0.0,100,1.2417499751500662e-08
735,-495.81591915928055,9.64486210053694e-10,31.490186381134233,1.1920928955078125e-07,11,10,100,0.0,0.0,100,1.2651948239672821e-08
736,-495.81591915928055,9.644861990731314e-10,31.490186381134233,1.1920928955078125e-07,11,10,100,0.0,0.0,100,1.2174197332011326e-08
737,-495.81591915928055,9.644861880925701e-10,31.490186381134233,1.1920928955078125e-07,11,10,100,0.0,0.0,100,1.2709929509816758e-08
738,-495.81591915928055,9.644861771120108e-10,31.490186381134233,1.1920928955078125e-07,11,10,100,0.0,0.0,100,1.2914517635673423e-08
739,-495.81591915928055,9.644861661314528e-10,31.490186381134233,1.1920928955078125e-07,11,10,100,0.0,0.0,100,1.3008636529795548e-08
740,-495.81591915928055,9.644861551508967e-10,31.490186381134233,1.1920928955078125e-07,11,10,100,0.0,0.0,100,1.293718405871907e-08
741,-495.81591915928055,9.644861441703423e-10,31.490186381134233,1.1920928955078125e-07,11,10,100,0.0,0.0,100,1.301065899453849e-08
742,-495.81591915928055,9.644861331897896e-10,31.490186381134233,1.1920928955078125e-07,11,10,100,0.0,0.0,100,1.3239719111456823e-08
743,-495.81591915928055,9.644861222092382e-10,31.490186381134233,1.1920928955078125e-07,11,10,100,0.0,0.0,100,1.3137297554393499e-08
744,-495.81591915928055,9.644861112286888e-10,31.490186381134233,1.1920928955078125e-07,11,10,100,0.0,0.0,100,1.28554624788517e-08
745,-495.81591915928055,9.64486100248141e-10,31.490186381134233,1.1920928955078125e-07,11,10,100,0.0,0.0,100,1.3133497909920983e-08
746,-495.81591915928055,9.644860892675948e-10,31.490186381134233,1.1920928955078125e-07,11,10,100,0.0,0.0,100,1.2972612139227338e-08
747,-495.81591915928055,9.644860782870504e-10,31.490186381134233,1.1920928955078125e-07,11,10,100,0.0,0.0,100,1.3139370363964049e-08
748,-495.81591915928055,9.644860673065075e-10,31.490186381134233,1.1920928955078125e-07,11,10,100,0.0,0.0,100,1.2446386024541483e-08
749,-495.81591915928055,9.644860563259665e-10,31.490186381134233,1.1920928955078125e-07,11,10,100,0.0,0.0,100,1.1779325819266832e-08
750,-495.81591915928055,9.64486045345427e-10,31.490186381134233,1.1920928955078125e-07,11,10,100,0.0,0.0,100,1.2751257476322407e-08
751,-495.81591915928055,9.644860343648891e-10,31.490186381134233,1.1920928955078125e-07,11,10,100,0.0,0.0,100,1.2764119601777041e-08
752,-495.81591915928055,9.644860233843531e-10,31.490186381134233,1.1920928955078125e-07,11,10,100,0.0,0.0,100,1.2941815569212278e-08
753,-495.81591915928055,9.644860124038186e-10,31.490186381134233,1.1920928955078125e-07,11,10,100,0.0,0.0,100,1.2779954168343736e-08
754,-495.81591915928055,9.644860014232859e-10,31.490186381134233,1.1920928955078125e-07,11,10,100,0.0,0.0,100,1.2793820613911609e-08
755,-495.81591915928055,9.644859904427546e-10,31.490186381134233,1.1920928955078125e-07,11,10,100,0.0,0.0,100,1.2480594112798359e-08
756,-495.81591915928055,9.644859794622252e-10,31.490186381134233,1.1920928955078125e-07,11,10,100,0.0,0.0,100,1.2359290404561957e-08
757,-495.81591915928055,9.644859684816973e-10,31.490186381134233,1.1920928955078125e-07,11,10,100,0.0,0.0,100,1.271929023732946e-08
758,-495.81591915928055,9.644859575011712e-10,31.490186381134233,1.1920928955078125e-07,11,10,100,0.0,0.0,100,1.2444631686817985e-08
759,-495.81591915928055,9.644859465206467e-10,31.490186381134233,1.1920928955078125e-07,11,10,100,0.0,0.0,100,1.2525350201634686e-08
760,-495.81591915928055,9.64485935540124e-10,31.490186381134233,1.1920928955078125e-07,11,10,100,0.0,0.0,100,1.2139296798505431e-08
761,-495.81591915928055,9.644859245596028e-10,31.490186381134233,1.1920928955078125e-07,11,10,100,0.0,0.0,100,1.205358557677203e-08
762,-495.81591915928055,9.644859135790834e-10,31.490186381134233,1.1920928955078125e-07,11,10,100,0.0,0.0,100,1.2062359771103767e-08
763,-495.81591915928055,9.644859025985655e-10,31.490186381134233,1.1920928955078125e-07,11,10,100,0.0,0.0,100,1.2791481526904337e-08
764,-495.81591915928055,9.644858916180494e-10,31.490186381134233,1.1920928955078125e-07,11,10,100,0.0,0.0,100,1.2559217489345783e-08
765,-495.81591915928055,9.644858806375349e-10,31.490186381134233,1.1920928955078125e-07,11,10,100,0.0,0.0,100,1.2546801287414388e-08
766,-495.81591915928055,9.644858696570222e-10,31.490186381134233,1.1920928955078125e-07,11,10,100,0.0,0.0,100,1.2778265453841248e-08
767,-495.81591915928055,9.64485858676511e-10,31.490186381134233,1.1920928955078125e-07,11,10,100,0.0,0.0,100,1.301628542218723e-08
768,-495.81591915928055,9.644858476960017e-10,31.490186381134233,1.1920928955078125e-07,11,10,100,0.0,0.0,100,1.3168376828839397e-08
769,-495.81591915928055,9.644858367154938e-10,31.490186381134233,1.1920928955078125e-07,11,10,100,0.0,0.0,100,1.2743694485959089e-08
770,-495.81591915928055,9.644858257349878e-10,31.490186381134233,1.1920928955078125e-07,11,10,100,0.0,0.0,100,1.2831174055780983e-08
771,-495.81591915928055,9.644858147544832e-10,31.490186381134233,1.1920928955078125e-07,11,10,100,0.0,0.0,100,1.2630720379713327e-08
772,-495.81591915928055,9.644858037739803e-10,31.490186381134233,1.1920928955078125e-07,11,10,100,0.0,0.0,100,1.2536182679420932e-08
773,-495.81591915928055,9.644857927934794e-10,31.490186381134233,1.1920928955078125e-07,11,10,100,0.0,0.0,100,1.2627146251985936e-08
774,-495.81591915928055,9.644857818129798e-10,31.490186381134233,1.1920928955078125e-07,11,10,100,0.0,0.0,100,1.2304645763516714e-08
775,-495.81591915928055,9.64485770832482e-10,31.490186381134233,1.1920928955078125e-07,11,10,100,0.0,0.0,100,1.2175512215985433e-08
776,-495.81591915928055,9.64485759851986e-10,31.490186381134233,1.1920928955078125e-07,11,10,100,0.0,0.0,100,1.230124956308999e-08
777,-495.81591915928055,9.644857488714913e-10,31.490186381134233,1.1920928955078125e-07,11,10,100,0.0,0.0,100,1.2339979800788265e-08
778,-495.81591915928055,9.644857378909987e-10,31.490186381134233,1.1920928955078125e-07,11,10,100,0.0,0.0,100,1.2061920890432556e-08
779,-495.81591915928055,9.644857269105076e-10,31.490186381134233,1.1920928955078125e-07,11,10,100,0.0,0.0,100,1.2103098418051317e-08
780,-495.81591915928055,9.64485715930018e-10,31.490186381134233,1.1920928955078125e-07,11,10,100,0.0,0.0,100,1.2623460564274779e-08
781,-495.81591915928055,9.644857049495302e-10,31.490186381134233,1.1920928955078125e-07,11,10,100,0.0,0.0,100,1.3041497097483796e-08
782,-495.81591915928055,9.64485693969044e-10,31.490186381134233,1.1920928955078125e-07,11,10,100,0.0,0.0,100,1.2788295865723358e-08
783,-495.81591915928055,9.644856829885595e-10,31.490186381134233,1.1920928955078125e-07,11,10,100,0.0,0.0,100,1.2168890014278856e-08
784,-495.81591915928055,9.644856720080769e-10,31.490186381134233,1.1920928955078125e-07,11,10,100,0.0,0.0,100,1.2886273339628387e-08
785,-495.81591915928055,9.644856610275957e-10,31.490186381134233,1.1920928955078125e-07,11,10,100,0.0,0.0,100,1.24764129100092e-08
786,-495.81591915928055,9.644856500471163e-10,31.490186381134233,1.1920928955078125e-07,11,10,100,0.0,0.0,100,1.2942448294035224e-08
787,-495.81591915928055,9.644856390666384e-10,31.490186381134233,1.1920928955078125e-07,11,10,100,0.0,0.0,100,1.3080750497104785e-08
788,-495.81591915928055,9.644856280861624e-10,31.490186381134233,1.1920928955078125e-07,11,10,100,0.0,0.0,100,1.2881551491369168e-08
789,-495.81591915928055,9.644856171056878e-10,31.490186381134233,1.1920928955078125e-07,11,10,100,0.0,0.0,100,1.3221404531022355e-08
790,-495.81591915928055,9.64485606125215e-10,31.490186381134233,1.1920928955078125e-07,11,10,100,0.0,0.0,100,1.3497431404352772e-08
791,-495.81591915928055,9.64485595144744e-10,31.490186381134233,1.1920928955078125e-07,11,10,100,0.0,0.0,100,1.2809130534993748e-08
792,-495.81591915928055,9.644855841642745e-10,31.490186381134233,1.1920928955078125e-07,11,10,100,0.0,0.0,100,1.2588272502690308e-08
793,-495.81591915928055,9.644855731838068e-10,31.490186381134233,1.1920928955078125e-07,11,10,100,0.0,0.0,100,1.166050130209744e-08
794,-495.81591915928055,9.644855622033404e-10,31.490186381134233,1.1920928955078125e-07,11,10,100,0.0,0.0,100,1.2109192330156702e-08
795,-495.81591915928055,9.64485551222876e-10,31.490186381134233,1.1920928955078125e-07,11,10,100,0.0,0.0,100,1.2428557200971746e-08
796,-495.81591915928055,9.644855402424134e-10,31.490186381134233,1.1920928955078125e-07,11,10,100,0.0,0.0,100,1.2260493702226152e-08
797,-495.81591915928055,9.644855292619522e-10,31.490186381134233,1.1920928955078125e-07,11,10,100,0.0,0.0,100,1.2550092599182952e-08
798,-495.81591915928055,9.644855182814927e-10,31.490186381134233,1.1920928955078125e-07,11,10,100,0.0,0.0,100,1.2429315610346408e-08
799,-495.81591915928055,9.644855073010349e-10,31.490186381134233,1.1920928955078125e-07,11,10,100,0.0,0.0,100,1.1962018099936038e-08
800,-495.81591915928055,9.644854963205789e-10,31.490186381134233,1.1920928955078125e-07,11,10,100,0.0,0.0,100,1.2560120976688122e-08
801,-495.81591915928055,9.644854853401244e-10,31.490186381134233,1.1920928955078125e-07,11,10,100,0.0,0.0,100,1.2717582934390326e-08
802,-495.81591915928055,9.644854743596717e-10,31.490186381134233,1.1920928955078125e-07,11,10,100,0.0,0.0,100,1.3160409602532984e-08
803,-495.81591915928055,9.644854633792205e-10,31.490186381134233,1.1920928955078125e-07,11,10,100,0.0,0.0,100,1.3253474633282119e-08
804,-495.81591915928055,9.644854523987709e-10,31.490186381134233,1.1920928955078125e-07,11,10,100,0.0,0.0,100,1.3349356327705345e-08
805,-495.81591915928055,9.644854414183232e-10,31.490186381134233,1.1920928955078125e-07,11,10,100,0.0,0.0,100,1.2802832280044595e-08
806,-495.81591915928055,9.644854304378771e-10,31.490186381134233,1.1920928955078125e-07,11,10,100,0.0,0.0,100,1.3098766716224232e-08
807,-495.81591915928055,9.644854194574327e-10,31.490186381134233,1.1920928955078125e-07,11,10,100,0.0,0.0,100,1.2890320211316209e-08
808,-495.81591915928055,9.644854084769898e-10,31.490186381134233,1.1920928955078125e-07,11,10,100,0.0,0.0,100,1.315068147123944e-08
809,-495.81591915928055,9.644853974965487e-10,31.490186381134233,1.1920928955078125e-07,11,10,100,0.0,0.0,100,1.3277386177185521e-08
810,-495.81591915928055,9.644853865161092e-10,31.490186381134233,1.1920928955078125e-07,11,10,100,0.0,0.0,100,1.3397586575452212e-08
811,-495.81591915928055,9.644853755356714e-10,31.490186381134233,1.1920928955078125e-07,11,10,100,0.0,0.0,100,1.3232389563929298e-08
812,-495.81591915928055,9.644853645552353e-10,31.490186381134233,1.1920928955078125e-07,11,10,100,0.0,0.0,100,1.3436225456486119e-08
813,-495.81591915928055,9.644853535748008e-10,31.490186381134233,1.1920928955078125e-07,11,10,100,0.0,0.0,100,1.3215565675893713e-08
814,-495.81591915928055,9.64485342594368e-10,31.490186381134233,1.1920928955078125e-07,11,10,100,0.0,0.0,100,1.2511370364351084e-08
815,-495.81591915928055,9.644853316139368e-10,31.490186381134233,1.1920928955078125e-07,11,10,100,0.0,0.0,100,1.2950920169549408e-08
816,-495.81591915928055,9.644853206335075e-10,31.490186381134233,1.1920928955078125e-07,11,10,100,0.0,0.0,100,1.263694989693529e-08
817,-495.81591915928055,9.644853096530797e-10,31.490186381134233,1.1920928955078125e-07,11,10,100,0.0,0.0,100,1.301958603324728e-08
818,-495.81591915928055,9.644852986726537e-10,31.490186381134233,1.1920928955078125e-07,11,10,100,0.0,0.0,100,1.3079936943885689e-08
819,-495.81591915928055,9.644852876922291e-10,31.490186381134233,1.1920928955078125e-07,11,10,100,0.0,0.0,100,1.2887158552609445e-08
820,-495.81591915928055,9.644852767118062e-10,31.490186381134233,1.1920928955078125e-07,11,10,100,0.0,0.0,100,1.2683530064219691e-08
821,-495.81591915928055,9.644852657313852e-10,31.490186381134233,1.1920928955078125e-07,11,10,100,0.0,0.0,100,1.2888315720453371e-08
822,-495.81591915928055,9.644852547509658e-10,31.490186381134233,1.1920928955078125e-07,11,10,100,0.0,0.0,100,1.3196164262466561e-08
823,-495.81591915928055,9.64485243770548e-10,31.490186381134233,1.1920928955078125e-07,11,10,100,0.0,0.0,100,1.325036989395092e-08
824,-495.81591915928055,9.644852327901318e-10,31.490186381134233,1.1920928955078125e-07,11,10,100,0.0,0.0,100,1.2525623685561142e-08
825,-495.81591915928055,9.644852218097174e-10,31.490186381134233,1.1920928955078125e-07,11,10,100,0.0,0.0,100,1.2825497341857457e-08
826,-495.81591915928055,9.644852108293046e-10,31.490186381134233,1.1920928955078125e-07,11,10,100,0.0,0.0,100,1.3319830238117287e-08
827,-495.81591915928055,9.644851998488935e-10,31.490186381134233,1.1920928955078125e-07,11,10,100,0.0,0.0,100,1.3836728193766813e-08
828,-495.81591915928055,9.64485188868484e-10,31.490186381134233,1.1920928955078125e-07,11,10,100,0.0,0.0,100,1.3196450158335292e-08
829,-495.81591915928055,9.644851778880763e-10,31.490186381134233,1.1920928955078125e-07,11,10,100,0.0,0.0,100,1.2438320162928286e-08
830,-495.81591915928055,9.644851669076701e-10,31.490186381134233,1.1920928955078125e-07,11,10,100,0.0,0.0,100,1.2266132397610277e-08
831,-495.81591915928055,9.644851559272658e-10,31.490186381134233,1.1920928955078125e-07,11,10,100,0.0,0.0,100,1.2508774645746766e-08
832,-495.81591915928055,9.64485144946863e-10,31.490186381134233,1.1920928955078125e-07,11,10,100,0.0,0.0,100,1.2330517451178877e-08
833,-495.81591915928055,9.644851339664618e-10,31.490186381134233,1.1920928955078125e-07,11,10,100,0.0,0.0,100,1.2561467696444774e-08
834,-495.81591915928055,9.644851229860625e-10,31.490186381134233,1.1920928955078125e-07,11,10,100,0.0,0.0,100,1.2704410284712027e-08
835,-495.81591915928055,9.644851120056646e-10,31.490186381134233,1.1920928955078125e-07,11,10,100,0.0,0.0,100,1.3017197505063188e-08
836,-495.81591915928055,9.644851010252684e-10,31.490186381134233,1.1920928955078125e-07,11,10,100,0.0,0.0,100,1.2892117414143308e-08
837,-495.81591915928055,9.64485090044874e-10,31.490186381134233,1.1920928955078125e-07,11,10,100,0.0,0.0,100,1.3321947800279006e-08
838,-495.81591915928055,9.644850790644813e-10,31.490186381134233,1.1920928955078125e-07,11,10,100,0.0,0.0,100,1.3232003087015718e-08
839,-495.81591915928055,9.6448506808409e-10,31.490186381134233,1.1920928955078125e-07,11,10,100,0.0,0.0,100,1.2669881188939654e-08
840,-495.81591915928055,9.644850571037007e-10,31.490186381134233,1.1920928955078125e-07,11,10,100,0.0,0.0,100,1.2571376007296437e-08
841,-495.81591915928055,9.644850461233127e-10,31.490186381134233,1.1920928955078125e-07,11,10,100,0.0,0.0,100,1.3047660526000057e-08
842,-495.81591915928055,9.644850351429266e-10,31.490186381134233,1.1920928955078125e-07,11,10,100,0.0,0.0,100,1.3346866645443917e-08
843,-495.81591915928055,9.644850241625422e-10,31.490186381134233,1.1920928955078125e-07,11,10,100,0.0,0.0,100,1.232516891335394e-08
844,-495.81591915928055,9.644850131821594e-10,31.490186381134233,1.1920928955078125e-07,11,10,100,0.0,0.0,100,1.2180253922123857e-08
845,-495.81591915928055,9.644850022017783e-10,31.490186381134233,1.1920928955078125e-07,11,10,100,0.0,0.0,100,1.2140729834077938e-08
846,-495.81591915928055,9.64484991221399e-10,31.490186381134233,1.1920928955078125e-07,11,10,100,0.0,0.0,100,1.1976649337228788e-08
847,-495.81591915928055,9.64484980241021e-10,31.490186381134233,1.1920928955078125e-07,11,10,100,0.0,0.0,100,1.2701284578618917e-08
848,-495.81591915928055,9.64484969260645e-10,31.490186381134233,1.1920928955078125e-07,11,10,100,0.0,0.0,100,1.2592983272785399e-08
849,-495.81591915928055,9.644849582802705e-10,31.490186381134233,1.1920928955078125e-07,11,10,100,0.0,0.0,100,1.3234536351842154e-08
850,-495.81591915928055,9.64484947299898e-10,31.490186381134233,1.1920928955078125e-07,11,10,100,0.0,0.0,100,1.3326540917099446e-08
851,-495.81591915928055,9.644849363195267e-10,31.490186381134233,1.1920928955078125e-07,11,10,100,0.0,0.0,100,1.2764362089730105e-08
852,-495.81591915928055,9.644849253391572e-10,31.490186381134233,1.1920928955078125e-07,11,10,100,0.0,0.0,100,1.242855685381385e-08
853,-495.81591915928055,9.644849143587895e-10,31.490186381134233,1.1920928955078125e-07,11,10,100,0.0,0.0,100,1.2444074950281353e-08
854,-495.81591915928055,9.644849033784235e-10,31.490186381134233,1.1920928955078125e-07,11,10,100,0.0,0.0,100,1.2599443861684043e-08
855,-495.81591915928055,9.644848923980589e-10,31.490186381134233,1.1920928955078125e-07,11,10,100,0.0,0.0,100,1.1985559461557806e-08
856,-495.81591915928055,9.644848814176962e-10,31.490186381134233,1.1920928955078125e-07,11,10,100,0.0,0.0,100,1.2127628520922882e-08
857,-495.81591915928055,9.64484870437335e-10,31.490186381134233,1.1920928955078125e-07,11,10,100,0.0,0.0,100,1.2728081126547397e-08
858,-495.81591915928055,9.644848594569755e-10,31.490186381134233,1.1920928955078125e-07,11,10,100,0.0,0.0,100,1.2651382360803016e-08
859,-495.81591915928055,9.64484848476618e-10,31.490186381134233,1.1920928955078125e-07,11,10,100,0.0,0.0,100,1.2152486981369783e-08
860,-495.81591915928055,9.644848374962616e-10,31.490186381134233,1.1920928955078125e-07,11,10,100,0.0,0.0,100,1.2432639629744737e-08
861,-495.81591915928055,9.644848265159072e-10,31.490186381134233,1.1920928955078125e-07,11,10,100,0.0,0.0,100,1.259965708387698e-08
862,-495.81591915928055,9.644848155355544e-10,31.490186381134233,1.1920928955078125e-07,11,10,100,0.0,0.0,100,1.2812750548888034e-08
863,-495.81591915928055,9.644848045552032e-10,31.490186381134233,1.1920928955078125e-07,11,10,100,0.0,0.0,100,1.1961465872406555e-08
864,-495.81591915928055,9.64484793574854e-10,31.490186381134233,1.1920928955078125e-07,11,10,100,0.0,0.0,100,1.2387349670030159e-08
865,-495.81591915928055,9.644847825945061e-10,31.490186381134233,1.1920928955078125e-07,11,10,100,0.0,0.0,100,1.2770287015821082e-08
866,-495.81591915928055,9.6448477161416e-10,31.490186381134233,1.1920928955078125e-07,11,10,100,0.0,0.0,100,1.2839424113701515e-08
867,-495.81591915928055,9.644847606338156e-10,31.490186381134233,1.1920928955078125e-07,11,10,100,0.0,0.0,100,1.2368782632139902e-08
868,-495.81591915928055,9.64484749653473e-10,31.490186381134233,1.1920928955078125e-07,11,10,100,0.0,0.0,100,1.2786854821956244e-08
869,-495.81591915928055,9.644847386731318e-10,31.490186381134233,1.1920928955078125e-07,11,10,100,0.0,0.0,100,1.2715477102344005e-08
870,-495.81591915928055,9.644847276927922e-10,31.490186381134233,1.1920928955078125e-07,11,10,100,0.0,0.0,100,1.2872240652438481e-08
871,-495.81591915928055,9.644847167124545e-10,31.490186381134233,1.1920928955078125e-07,11,10,100,0.0,0.0,100,1.2861061901229219e-08
872,-495.81591915928055,9.644847057321183e-10,31.490186381134233,1.1920928955078125e-07,11,10,100,0.0,0.0,100,1.2881917583350946e-08
873,-495.81591915928055,9.644846947517839e-10,31.490186381134233,1.1920928955078125e-07,11,10,100,0.0,0.0,100,1.2209905501493307e-08
874,-495.81591915928055,9.644846837714511e-10,31.490186381134233,1.1920928955078125e-07,11,10,100,0.0,0.0,100,1.2305052541527312e-08
875,-495.81591915928055,9.6448467279112e-10,31.490186381134233,1.1920928955078125e-07,11,10,100,0.0,0.0,100,1.2710933114571072e-08
876,-495.81591915928055,9.644846618107906e-10,31.490186381134233,1.1920928955078125e-07,11,10,100,0.0,0.0,100,1.2523313750888494e-08
877,-495.81591915928055,9.644846508304629e-10,31.490186381134233,1.1920928955078125e-07,11,10,100,0.0,0.0,100,1.2721194157784387e-08
878,-495.81591915928055,9.644846398501367e-10,31.490186381134233,1.1920928955078125e-07,11,10,100,0.0,0.0,100,1.2381895733782221e-08
879,-495.81591915928055,9.644846288698123e-10,31.490186381134233,1.1920928955078125e-07,11,10,100,0.0,0.0,100,1.2340442496594337e-08
880,-495.81591915928055,9.644846178894895e-10,31.490186381134233,1.1920928955078125e-07,11,10,100,0.0,0.0,100,1.2414019054265977e-08
881,-495.81591915928055,9.644846069091683e-10,31.490186381134233,1.1920928955078125e-07,11,10,100,0.0,0.0,100,1.253692130243587e-08
882,-495.81591915928055,9.644845959288488e-10,31.490186381134233,1.1920928955078125e-07,11,10,100,0.0,0.0,100,1.2322585695028187e-08
883,-495.81591915928055,9.644845849485312e-10,31.490186381134233,1.1920928955078125e-07,11,10,100,0.0,0.0,100,1.2590304240791507e-08
884,-495.81591915928055,9.64484573968215e-10,31.490186381134233,1.1920928955078125e-07,11,10,100,0.0,0.0,100,1.2440969759817125e-08
885,-495.81591915928055,9.644845629879005e-10,31.490186381134233,1.1920928955078125e-07,11,10,100,0.0,0.0,100,1.2110566386208093e-08
886,-495.81591915928055,9.644845520075878e-10,31.490186381134233,1.1920928955078125e-07,11,10,100,0.0,0.0,100,1.1787451584886922e-08
887,-495.81591915928055,9.644845410272768e-10,31.490186381134233,1.1920928955078125e-07,11,10,100,0.0,0.0,100,1.2126036692267683e-08
888,-495.81591915928055,9.644845300469672e-10,31.490186381134233,1.1920928955078125e-07,11,10,100,0.0,0.0,100,1.2012531386262758e-08
889,-495.81591915928055,9.644845190666595e-10,31.490186381134233,1.1920928955078125e-07,11,10,100,0.0,0.0,100,1.2025799781636012e-08
890,-495.81591915928055,9.644845080863534e-10,31.490186381134233,1.1920928955078125e-07,11,10,100,0.0,0.0,100,1.25132951100495e-08
891,-495.81591915928055,9.64484497106049e-10,31.490186381134233,1.1920928955078125e-07,11,10,100,0.0,0.0,100,1.213675043936295e-08
892,-495.81591915928055,9.644844861257463e-10,31.490186381134233,1.1920928955078125e-07,11,10,100,0.0,0.0,100,1.263248825576187e-08
893,-495.81591915928055,9.644844751454452e-10,31.490186381134233,1.1920928955078125e-07,11,10,100,0.0,0.0,100,1.2426652669333901e-08
894,-495.81591915928055,9.644844641651457e-10,31.490186381134233,1.1920928955078125e-07,11,10,100,0.0,0.0,100,1.2686878613348492e-08
895,-495.81591915928055,9.64484453184848e-10,31.490186381134233,1.1920928955078125e-07,11,10,100,0.0,0.0,100,1.2882382571592666e-08
896,-495.81591915928055,9.644844422045518e-10,31.490186381134233,1.1920928955078125e-07,11,10,100,0.0,0.0,100,1.2655143069707115e-08
897,-495.81591915928055,9.644844312242573e-10,31.490186381134233,1.1920928955078125e-07,11,10,100,0.0,0.0,100,1.221693167994486e-08
898,-495.81591915928055,9.644844202439647e-10,31.490186381134233,1.1920928955078125e-07,11,10,100,0.0,0.0,100,1.2324863941261803e-08
899,-495.81591915928055,9.644844092636734e-10,31.490186381134233,1.1920928955078125e-07,11,10,100,0.0,0.0,100,1.229016141075968e-08
900,-495.81591915928055,9.64484398283384e-10,31.490186381134233,1.1920928955078125e-07,11,10,100,0.0,0.0,100,1.2070997907999424e-08
901,-495.81591915928055,9.644843873030964e-10,31.490186381134233,1.1920928955078125e-07,11,10,100,0.0,0.0,100,1.2034651189951489e-08
902,-495.81591915928055,9.644843763228102e-10,31.490186381134233,1.1920928955078125e-07,11,10,100,0.0,0.0,100,1.2091774376468673e-08
903,-495.81591915928055,9.644843653425256e-10,31.490186381134233,1.1920928955078125e-07,11,10,100,0.0,0.0,100,1.2465108872927013e-08
904,-495.81591915928055,9.64484354362243e-10,31.490186381134233,1.1920928955078125e-07,11,10,100,0.0,0.0,100,1.2523981613901569e-08
905,-495.81591915928055,9.644843433819617e-10,31.490186381134233,1.1920928955078125e-07,11,10,100,0.0,0.0,100,1.2685476271676056e-08
906,-495.81591915928055,9.644843324016825e-10,31.490186381134233,1.1920928955078125e-07,11,10,100,0.0,0.0,100,1.3060434252219328e-08
907,-495.81591915928055,9.644843214214046e-10,31.490186381134233,1.1920928955078125e-07,11,10,100,0.0,0.0,100,1.3249123984239324e-08
908,-495.81591915928055,9.644843104411285e-10,31.490186381134233,1.1920928955078125e-07,11,10,100,0.0,0.0,100,1.3193532959782112e-08
909,-495.81591915928055,9.644842994608541e-10,31.490186381134233,1.1920928955078125e-07,11,10,100,0.0,0.0,100,1.3030451930429338e-08
910,-495.81591915928055,9.644842884805813e-10,31.490186381134233,1.1920928955078125e-07,11,10,100,0.0,0.0,100,1.292151292963048e-08
911,-495.81591915928055,9.644842775003102e-10,31.490186381134233,1.1920928955078125e-07,11,10,100,0.0,0.0,100,1.3221253494037796e-08
912,-495.81591915928055,9.644842665200408e-10,31.490186381134233,1.1920928955078125e-07,11,10,100,0.0,0.0,100,1.2990692729349194e-08
913,-495.81591915928055,9.64484255539773e-10,31.490186381134233,1.1920928955078125e-07,11,10,100,0.0,0.0,100,1.3009607742605432e-08
914,-495.81591915928055,9.64484244559507e-10,31.490186381134233,1.1920928955078125e-07,11,10,100,0.0,0.0,100,1.2996782124350274e-08
915,-495.81591915928055,9.644842335792426e-10,31.490186381134233,1.1920928955078125e-07,11,10,100,0.0,0.0,100,1.2489066001575772e-08
916,-495.81591915928055,9.644842225989797e-10,31.490186381134233,1.1920928955078125e-07,11,10,100,0.0,0.0,100,1.259326886145097e-08
917,-495.81591915928055,9.644842116187185e-10,31.490186381134233,1.1920928955078125e-07,11,10,100,0.0,0.0,100,1.2668180459043263e-08
918,-495.81591915928055,9.644842006384592e-10,31.490186381134233,1.1920928955078125e-07,11,10,100,0.0,0.0,100,1.2990509664439427e-08
919,-495.81591915928055,9.644841896582013e-10,31.490186381134233,1.1920928955078125e-07,11,10,100,0.0,0.0,100,1.2427944250861663e-08
920,-495.81591915928055,9.644841786779453e-10,31.490186381134233,1.1920928955078125e-07,11,10,100,0.0,0.0,100,1.2002510335248288e-08
921,-495.81591915928055,9.64484167697691e-10,31.490186381134233,1.1920928955078125e-07,11,10,100,0.0,0.0,100,1.195786575523314e-08
922,-495.81591915928055,9.644841567174383e-10,31.490186381134233,1.1920928955078125e-07,11,10,100,0.0,0.0,100,1.1836654136309517e-08
923,-495.81591915928055,9.64484145737187e-10,31.490186381134233,1.1920928955078125e-07,11,10,100,0.0,0.0,100,1.1973018444418026e-08
924,-495.81591915928055,9.644841347569376e-10,31.490186381134233,1.1920928955078125e-07,11,10,100,0.0,0.0,100,1.2280204937043972e-08
925,-495.81591915928055,9.644841237766899e-10,31.490186381134233,1.1920928955078125e-07,11,10,100,0.0,0.0,100,1.2515691110450213e-08
926,-495.81591915928055,9.644841127964438e-10,31.490186381134233,1.1920928955078125e-07,11,10,100,0.0,0.0,100,1.2602474022871127e-08
927,-495.81591915928055,9.644841018161991e-10,31.490186381134233,1.1920928955078125e-07,11,10,100,0.0,0.0,100,1.2963818868718103e-08
928,-495.81591915928055,9.644840908359566e-10,31.490186381134233,1.1920928955078125e-07,11,10,100,0.0,0.0,100,1.3186213084114843e-08
929,-495.81591915928055,9.644840798557154e-10,31.490186381134233,1.1920928955078125e-07,11,10,100,0.0,0.0,100,1.2357607919811488e-08
930,-495.81591915928055,9.64484068875476e-10,31.490186381134233,1.1920928955078125e-07,11,10,100,0.0,0.0,100,1.1954445466811941e-08
931,-495.81591915928055,9.644840578952382e-10,31.490186381134233,1.1920928955078125e-07,11,10,100,0.0,0.0,100,1.2273373763585038e-08
932,-495.81591915928055,9.644840469150022e-10,31.490186381134233,1.1920928955078125e-07,11,10,100,0.0,0.0,100,1.2907723369723363e-08
933,-495.81591915928055,9.644840359347677e-10,31.490186381134233,1.1920928955078125e-07,11,10,100,0.0,0.0,100,1.3214039814134665e-08
934,-495.81591915928055,9.64484024954535e-10,31.490186381134233,1.1920928955078125e-07,11,10,100,0.0,0.0,100,1.308207325909699e-08
935,-495.81591915928055,9.644840139743039e-10,31.490186381134233,1.1920928955078125e-07,11,10,100,0.0,0.0,100,1.3268049256291058e-08
936,-495.81591915928055,9.644840029940745e-10,31.490186381134233,1.1920928955078125e-07,11,10,100,0.0,0.0,100,1.2659238725346989e-08
937,-495.81591915928055,9.644839920138466e-10,31.490186381134233,1.1920928955078125e-07,11,10,100,0.0,0.0,100,1.1880960762969812e-08
938,-495.81591915928055,9.644839810336206e-10,31.490186381134233,1.1920928955078125e-07,11,10,100,0.0,0.0,100,1.1963996244507433e-08
939,-495.81591915928055,9.644839700533962e-10,31.490186381134233,1.1920928955078125e-07,11,10,100,0.0,0.0,100,1.2122004699797978e-08
940,-495.81591915928055,9.644839590731735e-10,31.490186381134233,1.1920928955078125e-07,11,10,100,0.0,0.0,100,1.280977121769722e-08
941,-495.81591915928055,9.644839480929524e-10,31.490186381134233,1.1920928955078125e-07,11,10,100,0.0,0.0,100,1.2564220431651317e-08
942,-495.81591915928055,9.644839371127328e-10,31.490186381134233,1.1920928955078125e-07,11,10,100,0.0,0.0,100,1.2199360465075223e-08
943,-495.81591915928055,9.64483926132515e-10,31.490186381134233,1.1920928955078125e-07,11,10,100,0.0,0.0,100,1.229709308690455e-08
944,-495.81591915928055,9.644839151522992e-10,31.490186381134233,1.1920928955078125e-07,11,10,100,0.0,0.0,100,1.2488405807887167e-08
945,-495.81591915928055,9.644839041720845e-10,31.490186381134233,1.1920928955078125e-07,11,10,100,0.0,0.0,100,1.2643906258022568e-08
946,-495.81591915928055,9.64483893191872e-10,31.490186381134233,1.1920928955078125e-07,11,10,100,0.0,0.0,100,1.2375909535251619e-08
947,-495.81591915928055,9.644838822116606e-10,31.490186381134233,1.1920928955078125e-07,11,10,100,0.0,0.0,100,1.2154136290326609e-08
948,-495.81591915928055,9.644838712314513e-10,31.490186381134233,1.1920928955078125e-07,11,10,100,0.0,0.0,100,1.2658383505419373e-08
949,-495.81591915928055,9.644838602512435e-10,31.490186381134233,1.1920928955078125e-07,11,10,100,0.0,0.0,100,1.246605809983934e-08
950,-495.81591915928055,9.644838492710375e-10,31.490186381134233,1.1920928955078125e-07,11,10,100,0.0,0.0,100,1.213325693139101e-08
951,-495.81591915928055,9.64483838290833e-10,31.490186381134233,1.1920928955078125e-07,11,10,100,0.0,0.0,100,1.1789976473867934e-08
952,-495.81591915928055,9.644838273106303e-10,31.490186381134233,1.1920928955078125e-07,11,10,100,0.0,0.0,100,1.2135460854444176e-08
953,-495.81591915928055,9.644838163304293e-10,31.490186381134233,1.1920928955078125e-07,11,10,100,0.0,0.0,100,1.2013521344871305e-08
954,-495.81591915928055,9.644838053502298e-10,31.490186381134233,1.1920928955078125e-07,11,10,100,0.0,0.0,100,1.2527278786187687e-08
955,-495.81591915928055,9.64483794370032e-10,31.490186381134233,1.1920928955078125e-07,11,10,100,0.0,0.0,100,1.2821311815100465e-08
956,-495.81591915928055,9.64483783389836e-10,31.490186381134233,1.1920928955078125e-07,11,10,100,0.0,0.0,100,1.3491344935875702e-08
957,-495.81591915928055,9.644837724096414e-10,31.490186381134233,1.1920928955078125e-07,11,10,100,0.0,0.0,100,1.3030905937758652e-08
958,-495.81591915928055,9.644837614294487e-10,31.490186381134233,1.1920928955078125e-07,11,10,100,0.0,0.0,100,1.2896342026163362e-08
959,-495.81591915928055,9.644837504492576e-10,31.490186381134233,1.1920928955078125e-07,11,10,100,0.0,0.0,100,1.3219008450349988e-08
960,-495.81591915928055,9.644837394690682e-10,31.490186381134233,1.1920928955078125e-07,11,10,100,0.0,0.0,100,1.2946579409571368e-08
961,-495.81591915928055,9.644837284888804e-10,31.490186381134233,1.1920928955078125e-07,11,10,100,0.0,0.0,100,1.31405152302359e-08
962,-495.81591915928055,9.644837175086945e-10,31.490186381134233,1.1920928955078125e-07,11,10,100,0.0,0.0,100,1.2750366292975146e-08
963,-495.81591915928055,9.644837065285099e-10,31.490186381134233,1.1920928955078125e-07,11,10,100,0.0,0.0,100,1.2800832624485492e-08
964,-495.81591915928055,9.644836955483273e-10,31.490186381134233,1.1920928955078125e-07,11,10,100,0.0,0.0,100,1.1900442643399523e-08
965,-495.81591915928055,9.64483684568146e-10,31.490186381134233,1.1920928955078125e-07,11,10,100,0.0,0.0,100,1.2197672924451597e-08
966,-495.81591915928055,9.644836735879668e-10,31.490186381134233,1.1920928955078125e-07,11,10,100,0.0,0.0,100,1.2037060447206296e-08
967,-495.81591915928055,9.64483662607789e-10,31.490186381134233,1.1920928955078125e-07,11,10,100,0.0,0.0,100,1.2146972987832088e-08
968,-495.81591915928055,9.64483651627613e-10,31.490186381134233,1.1920928955078125e-07,11,10,100,0.0,0.0,100,1.2661888172285368e-08
969,-495.81591915928055,9.644836406474384e-10,31.490186381134233,1.1920928955078125e-07,11,10,100,0.0,0.0,100,1.2425864841805579e-08
970,-495.81591915928055,9.644836296672658e-10,31.490186381134233,1.1920928955078125e-07,11,10,100,0.0,0.0,100,1.2926526824367949e-08
971,-495.81591915928055,9.644836186870948e-10,31.490186381134233,1.1920928955078125e-07,11,10,100,0.0,0.0,100,1.2456882695407901e-08
972,-495.81591915928055,9.644836077069252e-10,31.490186381134233,1.1920928955078125e-07,11,10,100,0.0,0.0,100,1.271431018445363e-08
973,-495.81591915928055,9.644835967267575e-10,31.490186381134233,1.1920928955078125e-07,11,10,100,0.0,0.0,100,1.2526834864010355e-08
974,-495.81591915928055,9.644835857465914e-10,31.490186381134233,1.1920928955078125e-07,11,10,100,0.0,0.0,100,1.2030176028273241e-08
975,-495.81591915928055,9.644835747664268e-10,31.490186381134233,1.1920928955078125e-07,11,10,100,0.0,0.0,100,1.2108334781939887e-08
976,-495.81591915928055,9.644835637862643e-10,31.490186381134233,1.1920928955078125e-07,11,10,100,0.0,0.0,100,1.2651218608170571e-08
977,-495.81591915928055,9.64483552806103e-10,31.490186381134233,1.1920928955078125e-07,11,10,100,0.0,0.0,100,1.2702506901525326e-08
978,-495.81591915928055,9.644835418259437e-10,31.490186381134233,1.1920928955078125e-07,11,10,100,0.0,0.0,100,1.274750022464014e-08
979,-495.81591915928055,9.64483530845786e-10,31.490186381134233,1.1920928955078125e-07,11,10,100,0.0,0.0,100,1.2749381050728847e-08
980,-495.81591915928055,9.644835198656298e-10,31.490186381134233,1.1920928955078125e-07,11,10,100,0.0,0.0,100,1.2887390342264339e-08
981,-495.81591915928055,9.644835088854753e-10,31.490186381134233,1.1920928955078125e-07,11,10,100,0.0,0.0,100,1.2686655543980724e-08
982,-495.81591915928055,9.644834979053227e-10,31.490186381134233,1.1920928955078125e-07,11,10,100,0.0,0.0,100,1.279954998059648e-08
983,-495.81591915928055,9.644834869251716e-10,31.490186381134233,1.1920928955078125e-07,11,10,100,0.0,0.0,100,1.2729235020853178e-08
984,-495.81591915928055,9.644834759450222e-10,31.490186381134233,1.1920928955078125e-07,11,10,100,0.0,0.0,100,1.3042552958964813e-08
985,-495.81591915928055,9.644834649648744e-10,31.490186381134233,1.1920928955078125e-07,11,10,100,0.0,0.0,100,1.3352978622647833e-08
986,-495.81591915928055,9.644834539847284e-10,31.490186381134233,1.1920928955078125e-07,11,10,100,0.0,0.0,100,1.2828534212359406e-08
987,-495.81591915928055,9.644834430045838e-10,31.490186381134233,1.1920928955078125e-07,11,10,100,0.0,0.0,100,1.2543568252481886e-08
988,-495.81591915928055,9.644834320244411e-10,31.490186381134233,1.1920928955078125e-07,11,10,100,0.0,0.0,100,1.2548751757618745e-08
989,-495.81591915928055,9.644834210443001e-10,31.490186381134233,1.1920928955078125e-07,11,10,100,0.0,0.0,100,1.2893465857965962e-08
990,-495.81591915928055,9.644834100641607e-10,31.490186381134233,1.1920928955078125e-07,11,10,100,0.0,0.0,100,1.3037303493573492e-08
991,-495.81591915928055,9.644833990840228e-10,31.490186381134233,1.1920928955078125e-07,11,10,100,0.0,0.0,100,1.2100858929324749e-08
992,-495.81591915928055,9.64483388103887e-10,31.490186381134233,1.1920928955078125e-07,11,10,100,0.0,0.0,100,1.23498047627231e-08
993,-495.81591915928055,9.644833771237523e-10,31.490186381134233,1.1920928955078125e-07,11,10,100,0.0,0.0,100,1.2182653892573559e-08
994,-495.81591915928055,9.644833661436198e-10,31.490186381134233,1.1920928955078125e-07,11,10,100,0.0,0.0,100,1.2053678056096502e-08
995,-495.81591915928055,9.644833551634886e-10,31.490186381134233,1.1920928955078125e-07,11,10,100,0.0,0.0,100,1.2016894330154203e-08
996,-495.81591915928055,9.644833441833592e-10,31.490186381134233,1.1920928955078125e-07,11,10,100,0.0,0.0,100,1.1943509798144934e-08
997,-495.81591915928055,9.644833332032314e-10,31.490186381134233,1.1920928955078125e-07,11,10,100,0.0,0.0,100,1.1817044186715129e-08
998,-495.81591915928055,9.644833222231055e-10,31.490186381134233,1.1920928955078125e-07,11,10,100,0.0,0.0,100,1.2035751061617457e-08
999,-495.81591915928055,9.64483311242981e-10,31.490186381134233,1.1920928955078125e-07,11,10,100,0.0,0.0,100,1.1871240684159842e-08
