k,f,grad_norm,t_k,rk_residual,cpu_time,cpu_time_sum
0,0.6931471805599454,0.469570892796963,1.0,0.09138694413002532,0.22839900000000002,0.22839900000000002
1,0.5260981341126694,0.34759822484375374,1.0,0.026813075066204378,0.221329,0.449728
2,0.4208268814091602,0.26301988540002963,1.0,0.025065916334362042,0.23914599999999997,0.688874
3,0.3488965533580764,0.20443536052337488,1.0,0.03492659992259847,0.2265290000000001,0.9154030000000001
4,0.2972076919367976,0.1634471322946023,1.0,0.044457024200647524,0.21551399999999998,1.1309170000000002
5,0.25859845105150453,0.13412717057830428,1.0,0.04986510864587426,0.23048999999999986,1.361407
6,0.22882808663153734,0.11260429014798144,1.0,0.05319428162090115,0.2309350000000001,1.5923420000000001
7,0.2052513416144469,0.09644605130035053,1.0,0.058615362925788554,0.2394289999999999,1.831771
8,0.18604889940938768,0.08387846851857246,1.0,0.06342578913268691,0.2350970000000001,2.0668680000000004
9,0.17017310221509827,0.07393985104953367,1.0,0.06697619759459049,0.260049,2.3269170000000003
10,0.15678423410206227,0.06592407021549705,1.0,0.07124747484288174,0.25676500000000013,2.5836820000000005
11,0.14534154640863528,0.05935915306915622,1.0,0.0741085672957348,0.23820399999999964,2.821886
12,0.13544536029993443,0.05388536312217903,1.0,0.07571175006812816,0.29776000000000025,3.1196460000000004
13,0.12678756965319904,0.04926290280282022,1.0,0.07675433275524039,0.33701899999999974,3.456665
14,0.11914682771978685,0.04531344890741144,1.0,0.08098103598655208,0.2878840000000005,3.7445490000000006
15,0.11236012430592004,0.04191732457530788,1.0,0.08023884584517099,0.25802199999999953,4.002571
16,0.10627092157807459,0.03895241255339923,1.0,0.08370542737902048,0.22976300000000016,4.232334
17,0.10077787302924737,0.03635845225837471,1.0,0.08493528969445023,0.2384719999999998,4.470806
18,0.09579536032920313,0.03403919925775818,1.0,0.08746018008173341,0.22545000000000037,4.696256
19,0.09125271978680079,0.03198725691230282,1.0,0.08617067687754587,0.24199400000000004,4.93825
20,0.08709654154538159,0.030154000096651673,1.0,0.08622113449660991,0.23560300000000023,5.173853
21,0.08327572511362547,0.028502284100506307,1.0,0.08435447610543625,0.23371999999999993,5.407573
22,0.0797569248723457,0.027008891515167152,1.0,0.08367698176190579,0.2255199999999995,5.633093
23,0.0764961001410841,0.025642482559697265,1.0,0.0835300764036426,0.22763700000000053,5.86073
24,0.07346943923835886,0.024399500539327684,1.0,0.08415366542986988,0.22253799999999924,6.0832679999999995
25,0.07065215820455939,0.023265608347496546,1.0,0.0835868028060186,0.21664300000000036,6.299911
26,0.06802304550878872,0.022217804902355295,1.0,0.08059373750085687,0.24174499999999988,6.541656
27,0.06555942625953501,0.02125832829866034,1.0,0.08369769446930214,0.2363110000000006,6.777967
28,0.06324882586753126,0.02037080831767196,1.0,0.08469827448470035,0.22553399999999968,7.003501
29,0.06107751214903144,0.019549326729722444,1.0,0.08155096004353017,0.22274100000000008,7.226242
30,0.059033428981515534,0.01878123534076505,1.0,0.0804209235683715,0.22822799999999965,7.45447
31,0.057106074758085636,0.018068444047808722,1.0,0.08178437145310036,0.22197099999999992,7.676441
32,0.05528343743244339,0.017397209892583504,1.0,0.0826674399047495,0.22481499999999954,7.901255999999999
33,0.05355918489936275,0.016771486234761546,1.0,0.08176089227319626,0.21068200000000026,8.111937999999999
34,0.05192517256999382,0.016182944366626886,1.0,0.08191531654108755,0.21746399999999966,8.329401999999998
35,0.05037259021057947,0.015637801980535083,1.0,0.08052745357445765,0.21890900000000002,8.548310999999998
36,0.04889897719792844,0.015119395900666712,1.0,0.07855111448938214,0.21472600000000064,8.763036999999999
37,0.047496808313510684,0.01463535124005129,1.0,0.08047592982176947,0.2282820000000001,8.991318999999999
38,0.046161260947122,0.014174293029553316,1.0,0.07789420865161069,0.2208009999999998,9.212119999999999
39,0.04488715803020493,0.013747417930230743,1.0,0.07939112179668913,0.2065739999999998,9.418693999999999
40,0.04367122253429644,0.013335766877599516,1.0,0.07786294150123278,0.22102300000000064,9.639717
41,0.0425099223635267,0.012944488719588775,1.0,0.0792154868959392,0.2154620000000005,9.855179
42,0.04139842089028135,0.012573198578760943,1.0,0.07532427913363879,0.22271999999999892,10.077898999999999
43,0.04033439984380646,0.012219105904384405,1.0,0.07385284915705928,0.22257300000000058,10.300472
44,0.03931490504671147,0.011879081693961825,1.0,0.07429058757572019,0.217765,10.518237
45,0.038336711704761606,0.011557411489217781,1.0,0.0737694077137717,0.2082379999999997,10.726474999999999
46,0.03739771230712235,0.011257159462880148,1.0,0.07417788909516462,0.2200950000000006,10.94657
47,0.036496951924649315,0.010964173438202437,1.0,0.06947859509075174,0.22304800000000036,11.169618
48,0.03563111712699258,0.010682161892029494,1.0,0.0716684388096377,0.22491199999999978,11.39453
49,0.03479814341815552,0.010416077213434492,1.0,0.07044381662389353,0.20464299999999902,11.599172999999999
50,0.033996891541348724,0.010159624749675895,1.0,0.0696244406532412,0.2575870000000009,11.85676
51,0.03322493039299673,0.00990714811582876,1.0,0.06869045365174814,0.22352300000000014,12.080283
52,0.03248052664606467,0.009668020597233973,1.0,0.06912211583510501,0.22065799999999847,12.300940999999998
53,0.031762808955283134,0.009439118685156614,1.0,0.07060798085319762,0.2142160000000004,12.515156999999999
54,0.031070067253832795,0.00921612748312376,1.0,0.06670579750637586,0.22494299999999967,12.740099999999998
55,0.03040126669490012,0.00900445924676745,1.0,0.0671460458920111,0.22756100000000146,12.967661
56,0.029755082578201808,0.008804427451736761,1.0,0.06880388718911326,0.21961499999999923,13.187275999999999
57,0.02913090372902879,0.00861227544709875,1.0,0.06790182402155023,0.22212299999999985,13.409398999999999
58,0.02852763778877658,0.008421533831196601,1.0,0.06595022361500709,0.22098800000000018,13.630386999999999
59,0.027943894147096096,0.008237032445100568,1.0,0.06489444860343474,0.23340999999999923,13.863796999999998
60,0.02737890742972378,0.008063849685408825,1.0,0.06387885442666834,0.20648800000000023,14.070284999999998
61,0.026831907270300128,0.007895980863979208,1.0,0.062344195374388185,0.2134470000000004,14.283731999999999
62,0.02630214973711735,0.007733585554596025,1.0,0.0639554727272416,0.21709700000000076,14.500829
63,0.025788867524241702,0.00757862343852408,1.0,0.062466216851090356,0.2216389999999997,14.722468
64,0.025291258343988852,0.007424759049998564,1.0,0.06311608831719423,0.21795299999999962,14.940420999999999
65,0.024808677558799785,0.007279609927632438,1.0,0.0611474747111702,0.23362999999999978,15.174050999999999
66,0.024340569898134348,0.007136231472540298,1.0,0.06260454469734107,0.22836999999999996,15.402420999999999
67,0.023886319283959834,0.006997312672237475,1.0,0.060166187937988586,0.22213600000000078,15.624557
68,0.023445281406118713,0.006865254080036273,1.0,0.060023144574879395,0.2710020000000011,15.895559
69,0.023017043400530974,0.0067354205323005645,1.0,0.05831104050535072,0.2233339999999977,16.118893
70,0.022601148936423433,0.006608206823477382,1.0,0.06002433498423932,0.2231659999999991,16.342059
71,0.0221970042684165,0.006487482724223109,1.0,0.05906369319834656,0.2204320000000024,16.562491
72,0.021804045427637374,0.0063683336455692685,1.0,0.059113404270547315,0.22356599999999816,16.786057
73,0.02142191573073275,0.006252536656118722,1.0,0.05684224978139129,0.22908699999999982,17.015144
74,0.021050173357935277,0.00614076642755385,1.0,0.05809812645349877,0.2098910000000025,17.225035000000002
75,0.020688344586338198,0.006028715671716087,1.0,0.05643334175827013,0.2360459999999982,17.461081
76,0.02033607640834636,0.005924297644856052,1.0,0.05765231167196954,0.22506100000000018,17.686142
77,0.019993086692532067,0.005822102690946275,1.0,0.05791194957558828,0.23276399999999953,17.918906
78,0.019659110634554004,0.0057233801313855024,1.0,0.05552734384280857,0.22212200000000237,18.141028000000002
79,0.01933387370617453,0.005625297563363902,1.0,0.05516328226281765,0.22809799999999925,18.369126
80,0.01901690608854781,0.005532381200148335,1.0,0.05350547353719185,0.21106100000000083,18.580187000000002
81,0.0187080387346861,0.0054397861764449405,1.0,0.05494302178588465,0.22268499999999847,18.802872
82,0.01840683787457525,0.005350137058043574,1.0,0.05398202256398126,0.2319369999999985,19.034809
83,0.018113135518059535,0.0052639775858516,1.0,0.053361094283671404,0.22093500000000077,19.255744
84,0.01782663939275856,0.005179081932786635,1.0,0.05395665224342365,0.22605700000000084,19.481801
85,0.017547198338250167,0.005097181115201537,1.0,0.05368312867828621,0.2206329999999994,19.702434
86,0.01727445994748601,0.005016000760998834,1.0,0.052055040216442486,0.26781700000000086,19.970251
87,0.017008256524102365,0.004935775697314272,1.0,0.0524750026506724,0.3390570000000004,20.309308
88,0.01674833780725239,0.004861638183088578,1.0,0.05225411566505864,0.2282030000000006,20.537511000000002
89,0.016494636473879963,0.004786788348161526,1.0,0.052317047840176184,0.24217499999999959,20.779686
90,0.016246845278648787,0.004713574791996812,1.0,0.05175469048325235,0.24434600000000017,21.024032000000002
91,0.0160047863848749,0.00464181242276155,1.0,0.051521167172401364,0.22528600000000054,21.249318000000002
92,0.015768196584343953,0.004571171279505112,1.0,0.05154997605039144,0.22182999999999709,21.471148
93,0.015536930229416476,0.00450239395124898,1.0,0.05164826585881448,0.22740900000000153,21.698557
94,0.01531087978183729,0.00443680351483199,1.0,0.05131280515125462,0.2254390000000015,21.923996000000002
95,0.015089900538010723,0.004371878673935258,1.0,0.051478673829818834,0.20478799999999708,22.128784
96,0.014873883550415709,0.004307972410835189,1.0,0.0504839120150939,0.21780000000000044,22.346584
97,0.014662575825044367,0.0042465043399449115,1.0,0.04971241330186192,0.22611399999999904,22.572698
98,0.014455881158161972,0.004186031402596457,1.0,0.04967907141327744,0.21122800000000197,22.783926
99,0.014253665750724348,0.004127823194856401,1.0,0.05018987462010181,0.22402800000000056,23.007954
100,0.014055791951698314,0.0040706190492446545,1.0,0.04948820379252065,0.23325900000000033,23.241213000000002
101,0.013862133018697473,0.004014255076105782,1.0,0.049972028947502856,0.21891300000000058,23.460126000000002
102,0.013672568289788743,0.003958410757502833,1.0,0.04940957205637155,0.22632999999999726,23.686456
103,0.013486948687711232,0.003903762966624097,1.0,0.04949685115834997,0.22603499999999954,23.912491
104,0.013305199692942287,0.0038519465772900597,1.0,0.04800883669540148,0.22255499999999984,24.135046
105,0.013127185859706856,0.003801495755272925,1.0,0.04723614836447988,0.22393100000000032,24.358977
106,0.012952844373070139,0.0037516481241690524,1.0,0.04910725362956341,0.22133300000000133,24.58031
107,0.012782080563159647,0.003702732289932738,1.0,0.04758882200464163,0.22429899999999847,24.804609
108,0.012614800799593347,0.0036545496508410503,1.0,0.04801376270354391,0.2109310000000022,25.01554
109,0.012450861151915092,0.0036064447391922117,1.0,0.04731352114161562,0.23987400000000036,25.255414000000002
110,0.012290154158138259,0.0035594621426360074,1.0,0.045081460376010386,0.22418499999999852,25.479599
111,0.012132642265005272,0.0035142989991678347,1.0,0.045126024721239805,0.22117599999999982,25.700775
112,0.011978272459370555,0.0034688234607096803,1.0,0.04619776209039416,0.2161280000000012,25.916903
113,0.011826876444043294,0.0034250810962003072,1.0,0.04580638694200854,0.2269520000000007,26.143855000000002
114,0.011678409118002076,0.003382558054444332,1.0,0.04488187235948058,0.21316399999999902,26.357019
115,0.011532822125485512,0.003341121198516374,1.0,0.04635600181978116,0.22302200000000028,26.580041
116,0.01139000383100835,0.00329973036319115,1.0,0.04541557954107491,0.22685299999999842,26.806894
117,0.011249871341109717,0.003260116884545184,1.0,0.04366312266048332,0.2279340000000012,27.034828
118,0.011112420858226967,0.0032199947627412438,1.0,0.04596645846600898,0.23540799999999962,27.270236
119,0.01097751142774073,0.0031826775109122375,1.0,0.044761135525678335,0.22545900000000074,27.495695
120,0.01084514316402533,0.00314406783013119,1.0,0.044984038938085294,0.2309429999999999,27.726638
121,0.010715228316374028,0.003107362053987059,1.0,0.04401992364124191,0.20930699999999902,27.935945
122,0.010587712888623469,0.003070046579555023,1.0,0.0447237482280894,0.23697600000000207,28.172921000000002
123,0.010462493121999872,0.0030333131927649803,1.0,0.0439958311469804,0.2147199999999998,28.387641000000002
124,0.01033953421431464,0.0029981430701209477,1.0,0.04323889145799434,0.22811199999999943,28.615753
125,0.010218809109845054,0.0029632132762716277,1.0,0.04398082212032956,0.23690699999999865,28.85266
126,0.010100209508762002,0.002928989055802857,1.0,0.04314312568149256,0.21890400000000199,29.071564000000002
127,0.00998371447829138,0.0028958187165167566,1.0,0.04295198454631908,0.22984899999999797,29.301413
128,0.009869285112262585,0.002864383446719521,1.0,0.04368512225038895,0.22596100000000163,29.527374000000002
129,0.009756884627306662,0.0028322696253110327,1.0,0.041082121155696864,0.21858299999999886,29.745957
130,0.009646462715643431,0.002800098155491245,1.0,0.041454762860864115,0.22759500000000088,29.973552
131,0.009537943822379354,0.0027686266214361948,1.0,0.04180803381847152,0.23384599999999978,30.207398
132,0.009431285402266494,0.0027373108662792725,1.0,0.04137815590972631,0.22932499999999933,30.436723
133,0.009326434788820696,0.002706415257340756,1.0,0.041923806381803534,0.2046279999999996,30.641351
134,0.009223346241163145,0.0026771163212326345,1.0,0.04216561762607092,0.22654400000000052,30.867895
135,0.009122006973314719,0.0026478274997375354,1.0,0.041388148065342044,0.22646699999999953,31.094362
136,0.009022376046034957,0.002619215135642281,1.0,0.04113173485287928,0.22166700000000006,31.316029
137,0.008924430195506834,0.002591069383008292,1.0,0.0405393790849332,0.25498699999999985,31.571016
138,0.008828097532220252,0.0025636430945865834,1.0,0.040566540058623105,0.2199150000000003,31.790931
139,0.008733343493639295,0.0025361948109549003,1.0,0.0408377263675904,0.22837100000000277,32.019302
140,0.008640143059882742,0.0025093301611399167,1.0,0.03990375405909557,0.23208499999999788,32.251387
141,0.008548444735540651,0.002482241004605733,1.0,0.04053189428365126,0.22763199999999983,32.479019
142,0.00845822076004649,0.002456641767063455,1.0,0.04025001573052859,0.21771499999999833,32.696734
143,0.00836946272533852,0.0024312383193870225,1.0,0.03982242610363298,0.21998599999999868,32.91672
144,0.00828212433332335,0.002405980559890516,1.0,0.03982208845735168,0.21912600000000282,33.135846
145,0.008196158592177646,0.002381045594767032,1.0,0.04014540273549927,0.23114799999999747,33.366994
146,0.008111548356154588,0.0023564109630721734,1.0,0.040280793010981336,0.21372700000000577,33.580721000000004
147,0.008028261629811495,0.0023328127630566054,1.0,0.03953472307179444,0.22741299999999853,33.808134
148,0.007946303316864642,0.002309085812001749,1.0,0.039642070414070404,0.22110899999999845,34.029243
149,0.00786560294972872,0.0022855905071443557,1.0,0.038836010309210536,0.2258240000000029,34.255067000000004
150,0.007786143046622502,0.002262872480546902,1.0,0.03926451641704385,0.2216459999999998,34.476713000000004
151,0.0077079271076524345,0.002240385213650728,1.0,0.038739191145034726,0.2139049999999969,34.690618
152,0.007630904360345206,0.0022187769446286617,1.0,0.038889089506020526,0.20969699999999847,34.900315
153,0.007555056281929772,0.002196698415973059,1.0,0.038280470618262015,0.21912900000000235,35.119444
154,0.007480366592207218,0.002175581877027253,1.0,0.03788144709295543,0.22995600000000138,35.3494
155,0.007406809032201566,0.002154103349034759,1.0,0.03795596339428844,0.2279750000000007,35.577375
156,0.007334343848906497,0.0021337376333763172,1.0,0.038224657136474605,0.22426999999999708,35.801645
157,0.00726296077232028,0.0021130073103861886,1.0,0.037437284732385015,0.235475000000001,36.03712
158,0.007192623492110313,0.002092878830893231,1.0,0.03764037805939385,0.23242700000000127,36.269547
159,0.0071233286768686635,0.0020727139124533792,1.0,0.03609546719679571,0.21744999999999948,36.486997
160,0.0070550542916164825,0.002052823786523557,1.0,0.03598514889851938,0.22280299999999897,36.7098
161,0.006987786133793713,0.0020336064294824954,1.0,0.03635433496707139,0.23210300000000217,36.941903
162,0.006921494620965257,0.0020147004098032923,1.0,0.03637493290769994,0.21960999999999586,37.161513
163,0.006856160094914115,0.0019958078332637016,1.0,0.03606197348389802,0.22081000000000017,37.382323
164,0.00679176520687996,0.001977742946207799,1.0,0.03601999013712032,0.22038700000000233,37.60271
165,0.006728299119997002,0.0019591468280053454,1.0,0.035984744262148274,0.21793699999999916,37.820647
166,0.006665728374737212,0.0019416360358930395,1.0,0.03568993153336572,0.22522500000000178,38.045872
167,0.006604051926865069,0.001923781809195402,1.0,0.035331599712597334,0.21101699999999823,38.256889
168,0.0065432399016302455,0.0019063983141311186,1.0,0.03613495008227,0.22520000000000095,38.482089
169,0.006483279761976837,0.0018893586854712412,1.0,0.03579569312017907,0.22911099999999607,38.7112
170,0.006424150921868482,0.0018725399043012455,1.0,0.0354364877720324,0.22468900000000502,38.935889
171,0.00636585394173641,0.0018558494169230119,1.0,0.036464072641347954,0.21785299999999808,39.153742
172,0.00630836086262709,0.001839779846835607,1.0,0.03497583575072867,0.23078999999999894,39.384532
173,0.006251673649848341,0.001823424469172325,1.0,0.03491832540736835,0.21370900000000148,39.598241
174,0.006195762022757803,0.001807689291612787,1.0,0.03555184524165785,0.22714599999999763,39.825387
175,0.006140618668059582,0.0017919313020937704,1.0,0.03418355949469235,0.2234979999999993,40.048885
176,0.006086226666756728,0.0017767825145571202,1.0,0.03451999494078588,0.20809100000000313,40.256976
177,0.00603256673924585,0.0017611126083930699,1.0,0.034922067868274245,0.22290999999999883,40.479886
178,0.005979615586596684,0.0017465797902283065,1.0,0.034548082344454285,0.23520899999999756,40.715095
179,0.005927385576461096,0.0017319111881898628,1.0,0.03440190588075158,0.2146370000000033,40.929732
180,0.0058758681287104896,0.0017176523006741469,1.0,0.03464459497986273,0.2132259999999988,41.142958
181,0.005825043587872638,0.0017031514469096015,1.0,0.03367976494553671,0.22337900000000133,41.366337
182,0.005774880459365502,0.001689234317591855,1.0,0.03377470848540611,0.21403600000000012,41.580373
183,0.0057253808114634056,0.0016750879647200122,1.0,0.034366855440320525,0.22039600000000092,41.800769
184,0.0056765232536779425,0.0016610456421716781,1.0,0.03398727054702015,0.21066899999999578,42.011438
185,0.005628298411963728,0.0016472586406664073,1.0,0.03393173692091603,0.22589700000000335,42.237335
186,0.005580700892738309,0.0016338377551075578,1.0,0.03357357125067993,0.21579099999999585,42.453126
187,0.005533724289292073,0.0016204115550426672,1.0,0.03346627797803985,0.23411899999999974,42.687245
188,0.0054873475040334895,0.0016071031669376038,1.0,0.03367297658702431,0.21070200000000483,42.897947
189,0.005441572561442431,0.0015941063685520505,1.0,0.03341178393666046,0.2288250000000005,43.126772
190,0.005396377849905617,0.0015815882241271928,1.0,0.03234958343564559,0.21698599999999857,43.343758
191,0.005351764525376074,0.0015687067328647851,1.0,0.0331580733870128,0.2277429999999967,43.571501
192,0.0053077130896792045,0.0015558206792651297,1.0,0.03301172902900147,0.22149399999999986,43.792995
193,0.005264197745197343,0.0015434134126023685,1.0,0.03273950304134097,0.22522299999999973,44.018218
194,0.005221238160440229,0.00153126887708329,1.0,0.03270971696002414,0.2417430000000067,44.259961000000004
195,0.005178821389524793,0.0015188894065642881,1.0,0.03218878194554879,0.256420999999996,44.516382
196,0.005136926967345921,0.0015068098575043345,1.0,0.03248704397529381,0.21420400000000228,44.730586
197,0.0050955425780866035,0.001495019648869995,1.0,0.03258801036244812,0.20926099999999792,44.939847
198,0.005054668384197523,0.0014831774585670433,1.0,0.03189772071871134,0.21733199999999897,45.157179
199,0.005014294684917167,0.0014716144305707505,1.0,0.03246426241765263,0.22594899999999996,45.383128
200,0.004974417828517154,0.0014598923785692673,1.0,0.03257107602828339,0.24266400000000488,45.625792000000004
201,0.004935010064764955,0.0014489435055307493,1.0,0.031523251147064245,0.22610099999999989,45.851893000000004
202,0.004896085733830643,0.001438042141935754,1.0,0.03172964892830127,0.23787799999999493,46.089771
203,0.004857640661365929,0.001426916202446197,1.0,0.032191293391192755,0.2287950000000052,46.318566000000004
204,0.004819656690180586,0.0014159814944665206,1.0,0.031982209141469806,0.24727799999999434,46.565844
205,0.004782123719185481,0.0014057434249008715,1.0,0.03133152623889914,0.23174099999999953,46.797585
206,0.004745041628074346,0.0013951093911669101,1.0,0.03139114762338685,0.21883200000000613,47.016417000000004
207,0.004708396099612223,0.0013852125974713365,1.0,0.03081558405462387,0.22458799999999712,47.241005
208,0.0046721882873340895,0.001374996883723446,1.0,0.032183598194105295,0.22423099999999607,47.465236
209,0.004636404436459866,0.0013652620412173391,1.0,0.030872923891729936,0.21543700000000143,47.680673
210,0.004601047694435696,0.0013552160285201771,1.0,0.030356539366181937,0.225005000000003,47.905678
211,0.00456610603612328,0.0013451726052593818,1.0,0.03136012175149847,0.22081999999999624,48.126498
212,0.004531566075804631,0.001335476788848382,1.0,0.030716047370015306,0.2223770000000016,48.348875
213,0.004497435968269105,0.0013255260165089583,1.0,0.031603300909975714,0.2254909999999981,48.574366
214,0.004463691433183132,0.0013156902867704412,1.0,0.030078373107369077,0.21304100000000403,48.787407
215,0.004430328927779695,0.0013061993785094868,1.0,0.030814496151670052,0.22120400000000018,49.008611
216,0.004397347303934632,0.0012966832679246901,1.0,0.03089556351710742,0.2272180000000006,49.235829
217,0.004364743104640347,0.0012870974133428346,1.0,0.030486354701923787,0.2228939999999966,49.458723
218,0.004332502239039311,0.0012776597076915527,1.0,0.03030847800105626,0.21262099999999862,49.671344
219,0.004300624563651835,0.001268466565256175,1.0,0.03038651476184929,0.2173400000000001,49.888684
220,0.004269104091578207,0.001259404671355198,1.0,0.02992323266574018,0.21465100000000348,50.103335
221,0.004237936801556355,0.0012503989554908095,1.0,0.02962880560333241,0.20859800000000206,50.311933
222,0.004207114841805923,0.0012414795079271916,1.0,0.030452234180727684,0.22482699999999767,50.53676
223,0.004176628948411515,0.0012328108847125872,1.0,0.030270407848636008,0.2105499999999978,50.74731
224,0.004146481770326601,0.001224473631198301,1.0,0.030677404860960367,0.2283079999999984,50.975618
225,0.004116671619292582,0.001216010131988691,1.0,0.02962868076030705,0.21392900000000026,51.189547
226,0.004087192281646413,0.0012074996653693717,1.0,0.030081591990539683,0.2322420000000065,51.421789000000004
227,0.004058030193685781,0.0011992629127282257,1.0,0.029471103414771962,0.2147549999999967,51.636544
228,0.0040291874555719856,0.0011908835196822525,1.0,0.029305965022037046,0.2204940000000022,51.857038
229,0.004000652050979272,0.0011828003666463133,1.0,0.029459817429668387,0.22604499999999916,52.083083
230,0.00397243005445657,0.0011745739638718488,1.0,0.02917715186529376,0.21746499999999713,52.300548
231,0.003944510287073226,0.0011665648894470246,1.0,0.02946220820952452,0.20942700000000514,52.509975000000004
232,0.0039168920639743214,0.0011584397454474729,1.0,0.02928141048201347,0.214224999999999,52.7242
233,0.0038895686902883256,0.0011507819066659305,1.0,0.029673782082141897,0.21042999999999523,52.93463
234,0.003862539059678289,0.0011432980655062895,1.0,0.028825453766821538,0.21385599999999982,53.148486
235,0.003835801214485273,0.0011357219301623895,1.0,0.029342481911124506,0.21454200000000156,53.363028
236,0.0038093442753069154,0.0011281871584335437,1.0,0.029781193077939916,0.21742799999999818,53.580456
237,0.0037831694361007136,0.0011206710665994755,1.0,0.028603303226950115,0.22175299999999964,53.802209
238,0.0037572655633045975,0.0011134460539659837,1.0,0.028768764678423462,0.2237700000000018,54.025979
239,0.0037316377629727036,0.0011060183977117239,1.0,0.02862666756829953,0.2195080000000047,54.245487000000004
240,0.003706276502992219,0.0010991542699744013,1.0,0.02904792895344319,0.21822599999999426,54.463713
241,0.0036811811714991425,0.0010918128029051807,1.0,0.02911138648653519,0.20813100000000162,54.671844
242,0.0036563430085225263,0.0010845797443034075,1.0,0.029133350736064288,0.2149039999999971,54.886748
243,0.00363176024741732,0.001077563682655514,1.0,0.028816224838808153,0.22844200000000114,55.11519
244,0.003607426876840675,0.00107070637857731,1.0,0.02787258205153818,0.216897000000003,55.332087
245,0.003583349570083072,0.001063471060442626,1.0,0.028358392879471228,0.20890099999999734,55.540988
246,0.003559514174068215,0.0010565282926756814,1.0,0.028100668688753,0.21785100000000313,55.758839
247,0.0035359216496579533,0.0010495767568404703,1.0,0.028723129935200535,0.22464300000000037,55.983482
248,0.0035125634508370134,0.0010428629327509627,1.0,0.02799878744766429,0.22356500000000068,56.207047
249,0.0034894410761805287,0.0010360661091783725,1.0,0.028377994515394706,0.22773600000000016,56.434783
250,0.0034665529744490613,0.001029325328781026,1.0,0.02819865968728882,0.22012699999999796,56.65491
251,0.003443887702909233,0.0010230058875980727,1.0,0.027818562914941707,0.2273179999999968,56.882228
252,0.0034214500587926183,0.0010165979381615306,1.0,0.02802442720537527,0.2140280000000061,57.096256000000004
253,0.00339923930878758,0.0010100527887958021,1.0,0.02704825543995015,0.23015799999999587,57.326414
254,0.003377244973731152,0.0010037334284547456,1.0,0.027712619320734683,0.21526599999999974,57.54168
255,0.0033554679025615797,0.0009974839965754404,1.0,0.02766483257910629,0.21731700000000131,57.758997
256,0.003333906009681968,0.0009912360557079657,1.0,0.027406642615551157,0.22292099999999948,57.981918
257,0.0033125574348355363,0.0009850101574933462,1.0,0.02740142451300251,0.22597700000000032,58.207895
258,0.0032914142014124717,0.0009789591073131986,1.0,0.027171610913264192,0.22064900000000165,58.428544
259,0.0032704792599315404,0.0009729719642108616,1.0,0.027451234781360703,0.21530999999999523,58.643854
260,0.003249748028135543,0.0009669888259778924,1.0,0.027249754263920314,0.21511800000000392,58.858972
261,0.0032292171327014943,0.0009612039019481456,1.0,0.026914446793927155,0.21594400000000036,59.074916
262,0.0032088858170988945,0.0009554332866481395,1.0,0.02663367001057744,0.22642199999999946,59.301338
263,0.0031887485069505878,0.0009496523969623919,1.0,0.027165320707931963,0.22795399999999688,59.529292
264,0.0031688049154861985,0.0009439897255684131,1.0,0.02626748089082962,0.2260610000000014,59.755353
265,0.0031490563351102142,0.0009381648791023185,1.0,0.02723061066965978,0.22676100000000332,59.982114
266,0.003129491499907709,0.0009326041316499165,1.0,0.027510545378667088,0.22183499999999867,60.203949
267,0.0031101122650067075,0.0009269553127108891,1.0,0.026220594662177386,0.2199990000000014,60.423948
268,0.0030909146035688934,0.000921637396360589,1.0,0.026697924456506844,0.21728900000000095,60.641237000000004
269,0.00307190123004258,0.0009162182902020531,1.0,0.026738659884859642,0.21336299999999397,60.8546
270,0.003053067160574893,0.0009108256582544176,1.0,0.02641595646777993,0.22949400000000253,61.084094
271,0.003034409921298231,0.0009053893623729413,1.0,0.026553145114801908,0.20616700000000066,61.290261
272,0.003015927694866369,0.0009000284834175607,1.0,0.026502350035127013,0.24121999999999844,61.531481
273,0.002997616226747906,0.0008946151441832833,1.0,0.02656792879590678,0.22541600000000273,61.756897
274,0.002979473713493223,0.0008893629096845978,1.0,0.026051881866663216,0.21311899999999895,61.970016
275,0.002961499828989639,0.0008842695442016847,1.0,0.026049919137840723,0.22440300000000235,62.194419
276,0.0029436922209436257,0.0008793916568301211,1.0,0.025910942176031175,0.216629999999995,62.411049
277,0.0029260503058121242,0.0008742146079426444,1.0,0.026062481078399688,0.23009400000000113,62.641143
278,0.0029085695281516263,0.0008690195461754111,1.0,0.025728216730528556,0.20940099999999973,62.850544
279,0.00289124756975042,0.0008640210390457921,1.0,0.025524054704079452,0.21883400000000108,63.069378
280,0.0028740801383686904,0.0008591082556043934,1.0,0.025809858522699035,0.2195520000000002,63.28893
281,0.002857069306886301,0.0008541846223862518,1.0,0.025617879704851354,0.2117500000000021,63.50068
282,0.002840214102775659,0.0008491632339810897,1.0,0.025540660535150105,0.22328100000000006,63.723961
283,0.002823507575763828,0.0008444632843368049,1.0,0.025253971957414467,0.2321979999999968,63.956159
284,0.0028069537664501083,0.0008395991763496154,1.0,0.025462005537344005,0.2175060000000002,64.173665
285,0.002790544816484484,0.0008349865032610263,1.0,0.025526578950810133,0.227603000000002,64.401268
286,0.0027742843878274114,0.0008304111842542804,1.0,0.025099146190917132,0.21904200000000174,64.62031
287,0.0027581703185910957,0.0008257835335662654,1.0,0.025471294020589355,0.21206800000000214,64.832378
288,0.0027422017481365,0.0008212097399035498,1.0,0.02463414042929552,0.2119639999999947,65.044342
289,0.002726374042132359,0.0008166890676843502,1.0,0.024538048755839082,0.22149400000000696,65.26583600000001
290,0.002710683712795463,0.0008122259426133989,1.0,0.02523571693166381,0.2160689999999903,65.481905
291,0.002695131762518136,0.0008079375884243236,1.0,0.02542631799378175,0.22661000000000797,65.708515
292,0.0026797186968702505,0.0008034856864638685,1.0,0.02527136739622568,0.22146800000000155,65.92998300000001
293,0.002664441861052461,0.0007989975605644493,1.0,0.02500683431737764,0.21841599999999062,66.148399
294,0.0026492943927770257,0.000794793749312312,1.0,0.024862718278646362,0.22252300000000957,66.37092200000001
295,0.0026342796244275867,0.0007906155136442408,1.0,0.025181162678150147,0.21264999999999645,66.583572
296,0.0026193974337946953,0.0007862896687844185,1.0,0.025603825845984533,0.21830500000000086,66.801877
297,0.002604643707037355,0.000782083624168711,1.0,0.02519495825603124,0.22234299999999507,67.02422
298,0.002590018124322845,0.0007779725147275273,1.0,0.024938188871347612,0.2301259999999985,67.254346
299,0.0025755196075855765,0.0007740113690727412,1.0,0.02477310344799347,0.21220700000000647,67.466553
300,0.002561146590911456,0.0007697354192773119,1.0,0.025051705020567583,0.22285699999999053,67.68941
301,0.002546895181650533,0.000765600146297616,1.0,0.024584870654961146,0.21155100000000004,67.900961
302,0.002532765915959758,0.0007615060013659893,1.0,0.025075064761746493,0.22148100000001136,68.122442
303,0.0025187558128427594,0.0007575949836302699,1.0,0.024591769972627544,0.22776199999999847,68.350204
304,0.0025048661738081065,0.0007537110676309354,1.0,0.02464506638856141,0.21257699999999602,68.562781
305,0.0024910947348876066,0.0007499583066343697,1.0,0.024455378561609543,0.22551599999999894,68.788297
306,0.00247744221100802,0.000746025114440344,1.0,0.02435310128366267,0.2327410000000043,69.021038
307,0.0024639041483475736,0.0007421086324148123,1.0,0.024837378189934495,0.20877399999999113,69.229812
308,0.0024504763090791282,0.0007381755812394665,1.0,0.024468009491599024,0.21619000000001165,69.44600200000001
309,0.0024371600070743193,0.0007342820096781825,1.0,0.023904176282423036,0.22426600000000008,69.67026800000001
310,0.0024239558497638506,0.0007304485485845848,1.0,0.02371673448654565,0.2163269999999926,69.886595
311,0.0024108604583894786,0.0007266755974597273,1.0,0.023980169959740536,0.21425399999999684,70.100849
312,0.002397873327361852,0.00072292792302562,1.0,0.024113157466563926,0.2215150000000108,70.32236400000001
313,0.002384993998193207,0.0007192505324754281,1.0,0.0239635424852588,0.21743699999998967,70.539801
314,0.0023722199637926044,0.000715575847302538,1.0,0.023690085351526627,0.20709500000000958,70.746896
315,0.0023595518398427176,0.0007118697957088031,1.0,0.023611681304193815,0.22942199999999957,70.976318
316,0.0023469864940506954,0.0007080926049249532,1.0,0.023688941682522877,0.2264989999999898,71.202817
317,0.0023345221683624146,0.0007044457964552512,1.0,0.02370227579749434,0.2137299999999982,71.416547
318,0.0023221593906252594,0.0007008459550472895,1.0,0.02379377277323661,0.2140190000000075,71.630566
319,0.0023098955022234618,0.0006973826781863826,1.0,0.02431823616775338,0.2254559999999941,71.856022
320,0.0022977321786248023,0.0006938885886079825,1.0,0.02359341413635762,0.23022000000000276,72.086242
321,0.002285665764389161,0.0006904780536690363,1.0,0.023563872520514433,0.21761000000000763,72.303852
322,0.0022736977166207795,0.0006869448615446058,1.0,0.023281732166435587,0.22887499999998795,72.532727
323,0.002261825025077366,0.0006834889484586374,1.0,0.023309854353454378,0.22101600000000587,72.753743
324,0.00225004789837968,0.0006800175940207848,1.0,0.02365039258533553,0.23148100000000227,72.985224
325,0.002238364455453754,0.0006766103042628247,1.0,0.02359312317311908,0.21083400000000552,73.19605800000001
326,0.0022267760179601544,0.0006732274099097628,1.0,0.023684857812578484,0.22267999999999688,73.418738
327,0.0022152761624114454,0.0006699708643301692,1.0,0.023191280137116948,0.22838799999999537,73.647126
328,0.0022038685558265236,0.0006666190248532235,1.0,0.02349915185530529,0.21674900000000719,73.86387500000001
329,0.002192550691503013,0.0006633639541299382,1.0,0.02332855078474005,0.22571699999998884,74.089592
330,0.002181321103243273,0.0006600271442148509,1.0,0.023577644900455986,0.22238900000000683,74.311981
331,0.002170179674392764,0.0006567377186875036,1.0,0.023080659799668102,0.22453000000000145,74.536511
332,0.0021591244816701717,0.0006537073929480487,1.0,0.022801395897691125,0.2197489999999931,74.75626
333,0.0021481572931638993,0.0006506549481181851,1.0,0.02297898970327456,0.21426999999999907,74.97053
334,0.0021372748834903787,0.0006475716711586666,1.0,0.023167122222018412,0.21598500000000342,75.186515
335,0.0021264789771035515,0.0006445558764144692,1.0,0.02338450607111528,0.224575999999999,75.411091
336,0.0021157658382817,0.0006415138074243144,1.0,0.023300944319804583,0.21342099999999675,75.624512
337,0.0021051357994471905,0.0006384516834341917,1.0,0.022533631876533487,0.21435999999999922,75.838872
338,0.0020945882192696915,0.0006354659293569853,1.0,0.02286950805871864,0.21581700000000126,76.054689
339,0.002084122511738908,0.0006324430722726899,1.0,0.02320063758198477,0.21980700000000297,76.274496
340,0.002073736661471295,0.0006294618396685038,1.0,0.023174797650075022,0.21600899999999967,76.490505
341,0.0020634302097241393,0.0006264211675903072,1.0,0.02270199878655107,0.224765000000005,76.71527
342,0.0020532015169033154,0.0006235291377712216,1.0,0.022948649748844707,0.22823999999999955,76.94351
343,0.0020430517689475677,0.0006205198311685603,1.0,0.022323255103694407,0.2204540000000037,77.163964
344,0.0020329787686977434,0.0006175570841393833,1.0,0.02283868513488691,0.21303899999999487,77.377003
345,0.0020229804271101118,0.0006146547187727867,1.0,0.02289284949934013,0.22264499999999998,77.599648
346,0.002013057152762295,0.0006117951725829042,1.0,0.0228503247634761,0.22350400000000548,77.82315200000001
347,0.0020032084700361903,0.0006090092965334192,1.0,0.022672456674380153,0.22026400000000024,78.04341600000001
348,0.0019934343046335862,0.0006060873251027199,1.0,0.02234362567001219,0.23090899999999692,78.274325
349,0.0019837332927101084,0.0006032297849133065,1.0,0.022280450034540593,0.2164939999999973,78.490819
350,0.001974104214219685,0.0006005410533884667,1.0,0.02236460941930257,0.22020700000000204,78.711026
351,0.0019645485867518906,0.0005976998608543558,1.0,0.02276086023686315,0.21830599999999833,78.929332
352,0.0019550617664543897,0.0005950574757468911,1.0,0.022000401915444532,0.20725500000000352,79.136587
353,0.0019456474643391192,0.0005922680650118563,1.0,0.022723558587848552,0.2214400000000012,79.358027
354,0.0019363017892681262,0.0005895332893165149,1.0,0.022349921712415087,0.21860299999998745,79.57663
355,0.0019270252280288787,0.0005870152080472125,1.0,0.02200113129137248,0.22468200000000138,79.801312
356,0.0019178174555530385,0.0005845421369203362,1.0,0.022461324924895693,0.21179300000000012,80.013105
357,0.0019086783685473075,0.0005819023291383405,1.0,0.02204889696282019,0.2163100000000071,80.229415
358,0.0018996058729350929,0.0005792760533772975,1.0,0.02182412163329151,0.22579499999999086,80.45521
359,0.001890599874390195,0.0005766890661753697,1.0,0.02236098160426505,0.21975900000001047,80.674969
360,0.0018816597814288545,0.000574202149082835,1.0,0.022026668927874308,0.23114400000000046,80.906113
361,0.0018727845094087384,0.0005716324902384687,1.0,0.022106451673140473,0.2279750000000007,81.134088
362,0.001863973748273221,0.0005690591453752727,1.0,0.022354710209962134,0.2234319999999883,81.35752
363,0.0018552262600136063,0.0005665488140040296,1.0,0.021960455719507187,0.2061090000000121,81.563629
364,0.001846542386475406,0.000563991453058051,1.0,0.02190485934445706,0.2223719999999929,81.786001
365,0.0018379200551493155,0.0005615196631085508,1.0,0.021953533820386527,0.223039,82.00904
366,0.0018293599064325091,0.0005590725650825298,1.0,0.021865720676566173,0.21583400000000097,82.224874
367,0.0018208618807339472,0.0005566426678237587,1.0,0.021581740849650925,0.32502200000000414,82.549896
368,0.0018124248941789615,0.0005541276938366935,1.0,0.021739631439574296,0.34228000000000236,82.892176
369,0.0018040474141898283,0.0005517230000064014,1.0,0.021673297552752865,0.22370499999999538,83.115881
370,0.0017957289508846483,0.0005493007617197909,1.0,0.021078777790774033,0.22514200000000528,83.341023
371,0.0017874687366799089,0.0005469072622149706,1.0,0.021224856767857504,0.2234759999999909,83.564499
372,0.0017792673048373398,0.0005445836884634833,1.0,0.021365400185459245,0.2199329999999975,83.784432
373,0.0017711238680367053,0.0005422592826367556,1.0,0.021605707599892717,0.22681200000000956,84.011244
374,0.0017630383450755803,0.0005398601935504349,1.0,0.0213665852670942,0.22404000000000224,84.23528400000001
375,0.0017550087492741527,0.0005374646037502361,1.0,0.021017246243489697,0.22651399999999455,84.461798
376,0.0017470349145037494,0.00053525457001757,1.0,0.021111149349233898,0.22034700000000385,84.682145
377,0.001739117604494949,0.0005329965014103759,1.0,0.021261864562272897,0.22132599999999059,84.903471
378,0.001731254449530371,0.0005307370204110992,1.0,0.021459162514301994,0.2324130000000082,85.135884
379,0.001723446792102628,0.0005284220951854358,1.0,0.021285171239771125,0.22569500000000176,85.361579
380,0.0017156925297727506,0.0005261685632016209,1.0,0.021317903825419326,0.2214039999999926,85.582983
381,0.0017079922365034373,0.0005238998348832211,1.0,0.02101630925667175,0.21820200000000511,85.801185
382,0.001700344198326168,0.0005217610941962971,1.0,0.021082717889975736,0.21737499999998988,86.01856
383,0.0016927488121209037,0.0005195981815585628,1.0,0.021235274152847084,0.21898400000000606,86.237544
384,0.0016852070004713421,0.0005172773877473047,1.0,0.020881421894488803,0.2283259999999956,86.46587
385,0.0016777156433895805,0.0005150680292457106,1.0,0.02092341848147262,0.22119700000000364,86.687067
386,0.001670274882979466,0.0005130206097278944,1.0,0.021346940637590853,0.21807700000000807,86.905144
387,0.0016628851027463787,0.0005110123777900017,1.0,0.02099070715855046,0.2443139999999886,87.149458
388,0.0016555471171077838,0.0005089266267559206,1.0,0.021288132709573342,0.22600200000000825,87.37546
389,0.0016482596364163066,0.0005067818041444314,1.0,0.02057015983941157,0.2248390000000029,87.600299
390,0.001641021696118564,0.0005046346241961258,1.0,0.020668016675658707,0.2238479999999896,87.824147
391,0.0016338310089654953,0.0005026047459869304,1.0,0.020746813527621,0.21864399999999762,88.042791
392,0.0016266893411766095,0.00050052103490977,1.0,0.02086234163496844,0.22538400000000536,88.268175
393,0.0016195952293196726,0.0004984996972805828,1.0,0.02108817525560601,0.22209600000000762,88.490271
394,0.00161254879288634,0.0004964917873349603,1.0,0.02064922050371825,0.2251059999999967,88.715377
395,0.0016055502115857696,0.0004944282683179735,1.0,0.02058084092951708,0.22747799999999074,88.942855
396,0.0015985977403898642,0.0004924616969289147,1.0,0.02064672551720404,0.2277650000000051,89.17062
397,0.001591692277272736,0.0004904369434610207,1.0,0.02060003299643373,0.2270210000000077,89.39764100000001
398,0.0015848318309748164,0.0004884432474118774,1.0,0.020574200318513373,0.22781899999999666,89.62546
399,0.0015780179363070258,0.0004864666091949914,1.0,0.020368614222889617,0.22002999999999417,89.84549
400,0.0015712488688564338,0.00048455456574606647,1.0,0.02097340415904205,0.24591700000000571,90.091407
401,0.0015645243678279405,0.0004827408262814487,1.0,0.02047862456771706,0.2226220000000012,90.314029
402,0.001557845686683959,0.00048067872494480976,1.0,0.02035503885244011,0.24333000000000027,90.557359
403,0.0015512090404943017,0.0004788050543976566,1.0,0.02024012143177925,0.24238299999998958,90.799742
404,0.0015446168078001525,0.0004768713187324114,1.0,0.02014722994517621,0.2478890000000007,91.047631
405,0.0015380674263928743,0.00047493313015470963,1.0,0.0205519533121083,0.23861500000001,91.286246
406,0.0015315607410651614,0.00047305662522844526,1.0,0.02022074905148549,0.2284829999999971,91.514729
407,0.0015250960906309631,0.00047122737009766986,1.0,0.020681083252774825,0.23237199999999802,91.747101
408,0.0015186741289495251,0.00046936944662467883,1.0,0.02027011236969285,0.23365300000000389,91.980754
409,0.0015122940104924712,0.00046742964697381903,1.0,0.020261050535190242,0.22061699999999007,92.201371
410,0.001505954178891165,0.0004655159349777954,1.0,0.020252325988243267,0.22259700000000748,92.423968
411,0.0014996553019834761,0.00046367116075507475,1.0,0.019951641717742524,0.22345299999999213,92.647421
412,0.0014933964254191588,0.00046185395221815884,1.0,0.020359838977651392,0.2216900000000095,92.869111
413,0.001487177784142829,0.0004599994719409105,1.0,0.020269804695108005,0.22039999999999793,93.089511
414,0.0014809986835002422,0.0004581464569991405,1.0,0.020297442174182983,0.2267439999999965,93.316255
415,0.0014748591765285104,0.0004563242555780112,1.0,0.019991583055065428,0.22175400000000423,93.538009
416,0.0014687585260537328,0.00045455279862835745,1.0,0.02006456538307739,0.22064100000000053,93.75865
417,0.0014626961024639955,0.0004528605753201847,1.0,0.020347905883643002,0.26130399999999554,94.019954
418,0.001456673390036909,0.00045110721673702017,1.0,0.019617732524667166,0.22896800000000894,94.24892200000001
419,0.001450687908578192,0.00044941096862895306,1.0,0.019767392887569773,0.21556599999999548,94.464488
420,0.0014447412229544614,0.00044769645129895305,1.0,0.020072203752734455,0.2296180000000021,94.694106
421,0.0014388321748579646,0.0004460718074811905,1.0,0.01962711818872604,0.22794599999998866,94.922052
422,0.0014329602747478677,0.0004444123833699237,1.0,0.019824828780854224,0.226569000000012,95.148621
423,0.0014271259294794177,0.0004427432809717179,1.0,0.020411811795383396,0.22279499999999075,95.371416
424,0.0014213279763217025,0.0004411171550349955,1.0,0.01949876474262475,0.220838999999998,95.592255
425,0.0014155676312920967,0.0004394106943385267,1.0,0.01942588738688446,0.22094200000000797,95.813197
426,0.001409842996978429,0.0004377330498019395,1.0,0.019922985274504208,0.21991599999999778,96.033113
427,0.001404154128871971,0.00043604291832761576,1.0,0.019776181450218776,0.22037799999999663,96.253491
428,0.001398500536000161,0.0004343911667379448,1.0,0.019714759242762413,0.22897300000001053,96.48246400000001
429,0.001392882163327497,0.00043274423411107833,1.0,0.01923769092802511,0.2276679999999942,96.710132
430,0.0013872980375660932,0.000431095656508219,1.0,0.019847036550313876,0.2262889999999942,96.936421
431,0.001381747899033471,0.0004294263761698158,1.0,0.019540433478181397,0.2218689999999981,97.15829
432,0.0013762318796028744,0.00042777612479157886,1.0,0.019575046758834924,0.2196920000000091,97.377982
433,0.00137074840435197,0.0004262769577355847,1.0,0.019552396104439797,0.21501700000000312,97.592999
434,0.0013653000166890194,0.00042468103854132166,1.0,0.01948575151848135,0.23070999999998776,97.823709
435,0.0013598845609178924,0.000423186173511668,1.0,0.019481588586501484,0.23519100000000037,98.0589
436,0.0013545026884887203,0.00042163981934052497,1.0,0.01944898251152042,0.23317700000001196,98.292077
437,0.001349153594999757,0.0004201577816901079,1.0,0.018959112927868758,0.2187459999999959,98.510823
438,0.0013438378006471255,0.0004186600432036523,1.0,0.01922907195436808,0.2208530000000053,98.73167600000001
439,0.0013385544883026896,0.0004171301466123892,1.0,0.019501514605796893,0.2372089999999929,98.968885
440,0.0013333032484029875,0.0004156104781646155,1.0,0.01937177071000307,0.23151199999999506,99.200397
441,0.0013280838361780438,0.00041408189396398916,1.0,0.019621670160232155,0.22820400000000518,99.428601
442,0.001322895831904408,0.0004125846649034125,1.0,0.019305580561150896,0.22869099999999776,99.657292
443,0.001317739192508978,0.0004111139713097457,1.0,0.01932495839656497,0.2215230000000048,99.878815
444,0.0013126136815081993,0.00040961514469761527,1.0,0.019222402090914668,0.2183909999999969,100.097206
445,0.001307518733345713,0.00040815574511271236,1.0,0.019581256927045654,0.22106899999999996,100.318275
446,0.0013024545923637446,0.000406690126581867,1.0,0.019111258177177633,0.21909800000000246,100.537373
447,0.0012974205747444806,0.00040516964156833934,1.0,0.018961762014572628,0.2251890000000003,100.762562
448,0.0012924161233369182,0.00040369429632073045,1.0,0.018855786044539254,0.2288470000000018,100.991409
449,0.001287441762293868,0.0004022358843482449,1.0,0.0190338235769168,0.22217299999999796,101.213582
450,0.0012824965828081626,0.00040077805431680595,1.0,0.018873175298297205,0.218040000000002,101.431622
451,0.0012775805253936836,0.00039936664179543056,1.0,0.018810740551082606,0.22575700000000154,101.657379
452,0.0012726937741630773,0.00039793950043518384,1.0,0.018704628681359744,0.22020999999999447,101.877589
453,0.0012678362343611948,0.0003964976292892895,1.0,0.01892818680641734,0.22666300000000206,102.104252
454,0.00126300729481453,0.00039503621627753893,1.0,0.018669575120606234,0.23024300000000153,102.334495
455,0.001258206160987545,0.00039362247820379025,1.0,0.018929261458315836,0.23033099999999251,102.564826
456,0.0012534328847060782,0.00039227796212554873,1.0,0.018823544748833757,0.21701400000000604,102.78184
457,0.00124868851285359,0.00039086101659433143,1.0,0.0187830003152253,0.229030999999992,103.010871
458,0.001243971267597482,0.00038944727883758097,1.0,0.01875262420754328,0.22510100000000932,103.235972
459,0.0012392812179242542,0.0003880782122511258,1.0,0.01866170279771931,0.21845499999999163,103.454427
460,0.0012346186332220092,0.0003867326605357491,1.0,0.01864269566026107,0.2176820000000106,103.672109
461,0.0012299830231467413,0.00038539371652235283,1.0,0.018555826029747167,0.2126659999999987,103.884775
462,0.0012253749036974905,0.0003839741330363962,1.0,0.018567542956681067,0.21674099999999896,104.101516
463,0.0012207922866784937,0.0003826410630080596,1.0,0.018713023392058152,0.2196129999999954,104.321129
464,0.0012162360320684424,0.00038123403560997107,1.0,0.018491207450918944,0.22269900000000575,104.543828
465,0.0012117055304946462,0.00037990406929725476,1.0,0.019243870138959274,0.22020299999999793,104.764031
466,0.0012072012578226085,0.0003785904898087245,1.0,0.018442110354808004,0.21945599999999388,104.983487
467,0.0012027227032309937,0.0003772253391172425,1.0,0.018490033448358156,0.22434599999999705,105.207833
468,0.0011982691411927854,0.00037597380201888613,1.0,0.018262374121210533,0.22432800000001407,105.43216100000001
469,0.0011938414072303121,0.00037473154721546484,1.0,0.018305032467500582,0.22512999999999295,105.657291
470,0.0011894395442508497,0.0003734973479126457,1.0,0.01815313854043561,0.22820099999999854,105.885492
471,0.0011850630743883352,0.00037223931311208217,1.0,0.018384967588183854,0.2262539999999973,106.111746
472,0.001180711771107282,0.0003709570955115779,1.0,0.01845235363120786,0.2215840000000071,106.33333
473,0.0011763846774245908,0.0003698066583403896,1.0,0.018323886480031946,0.22573500000000024,106.559065
474,0.0011720828581558472,0.00036855363861491717,1.0,0.018205788621191845,0.22992099999999027,106.788986
475,0.0011678053391951577,0.0003672564330260852,1.0,0.01854310141469466,0.2145270000000039,107.003513
476,0.0011635519718237995,0.0003659970725036061,1.0,0.018053618110221745,0.21636200000000372,107.219875
477,0.0011593222584579056,0.00036469332281931,1.0,0.01801408247731678,0.2221839999999986,107.442059
478,0.0011551157358832608,0.00036344026639747193,1.0,0.01833430775095519,0.21705400000000452,107.659113
479,0.0011509329463747244,0.00036218831341135123,1.0,0.018331332274443203,0.2264330000000001,107.885546
480,0.0011467731555099435,0.0003609457637339214,1.0,0.018164089952217924,0.21437299999999482,108.099919
481,0.0011426363133715312,0.00035970633729606196,1.0,0.018178913491762157,0.22812600000000316,108.328045
482,0.001138522082181679,0.0003585574697905276,1.0,0.018141396264424018,0.22239700000000084,108.550442
483,0.0011344311700649784,0.0003573570014469606,1.0,0.018151924842921576,0.2168750000000017,108.767317
484,0.0011303629054875849,0.0003561697337350152,1.0,0.018149870596829237,0.2216139999999882,108.988931
485,0.0011263170586799794,0.0003550157910129057,1.0,0.01794763435414994,0.2197620000000029,109.208693
486,0.0011222939332711595,0.0003538403039522206,1.0,0.018064147406168924,0.2251810000000063,109.433874
487,0.0011182927702555032,0.00035269810269960043,1.0,0.018001178187138245,0.22232800000000452,109.65620200000001
488,0.0011143140710102432,0.00035150291369686097,1.0,0.018145075722114323,0.23220699999998828,109.888409
489,0.0011103566603559783,0.0003503970387878495,1.0,0.018062079261896728,0.22981400000000463,110.118223
490,0.0011064212682112408,0.00034926541429944417,1.0,0.018172265458446354,0.21590199999999982,110.334125
491,0.0011025078207162959,0.0003480856241695934,1.0,0.018142248915391686,0.22132000000000573,110.555445
492,0.0010986153091567632,0.0003469250180484557,1.0,0.01807012942762809,0.22987700000000189,110.78532200000001
493,0.001094743661672205,0.00034577389995812014,1.0,0.018226781148820197,0.23037899999999922,111.015701
494,0.0010908934079852189,0.00034461360254054254,1.0,0.017644529074016115,0.2180439999999919,111.233745
495,0.0010870637239960553,0.00034352133456671397,1.0,0.017787978934421803,0.23206299999999658,111.465808
496,0.0010832552324544621,0.00034243941626707777,1.0,0.017673380005354025,0.22230500000000575,111.688113
497,0.0010794676384635361,0.00034128684626479814,1.0,0.017696328885908323,0.21881199999999978,111.906925
498,0.0010757001535389372,0.0003401504226781071,1.0,0.0176533149468685,0.22981199999999546,112.136737
499,0.0010719528991020497,0.0003390213746694996,1.0,0.0177909642826795,0.21336000000000865,112.350097
500,0.0010682255409231675,0.00033793311581238323,1.0,0.01803079186067801,0.21937499999999943,112.569472
501,0.001064518361823393,0.00033684813524082185,1.0,0.017562605987654405,0.21895700000000318,112.78842900000001
502,0.0010608308269984194,0.0003357639781517598,1.0,0.01762877477887311,0.2255919999999918,113.014021
503,0.001057163169933701,0.00033470676527563707,1.0,0.017997582636082542,0.27942600000000084,113.293447
504,0.0010535150291889875,0.00033362180863237453,1.0,0.0176652476015297,0.25474599999999725,113.548193
505,0.00104988649543264,0.0003326532042128191,1.0,0.01741399206309637,0.22727199999999925,113.775465
506,0.0010462778110761311,0.00033157092960816497,1.0,0.017665465520808814,0.2520099999999985,114.027475
507,0.0010426883017739773,0.00033053372757354784,1.0,0.017617258978491483,0.2398820000000086,114.267357
508,0.0010391178198754564,0.00032947799825644957,1.0,0.01730689913975605,0.22384199999999055,114.491199
509,0.001035565981053239,0.0003284273747529607,1.0,0.01730674755510968,0.22061400000001186,114.711813
510,0.0010320328098741636,0.0003274119332244582,1.0,0.01719579594204221,0.22089799999999116,114.932711
511,0.0010285183927808488,0.00032633855545902786,1.0,0.017273064319432513,0.21985100000000557,115.152562
512,0.0010250221619504643,0.000325283622260781,1.0,0.017329630052182583,0.22119100000000458,115.37375300000001
513,0.001021544087520464,0.00032425036967505537,1.0,0.017362425006415085,0.23270699999999067,115.60646
514,0.0010180842781450242,0.00032322135753231685,1.0,0.017373769252869604,0.22244399999999587,115.828904
515,0.001014642491161562,0.0003222085230757698,1.0,0.017335713403852582,0.2188550000000049,116.047759
516,0.0010112184774814681,0.00032119103220349174,1.0,0.017318803143126466,0.2250709999999998,116.27283
517,0.0010078124301531317,0.00032017161527978687,1.0,0.01715252284297685,0.2341250000000059,116.506955
518,0.001004424128722588,0.0003191430755982654,1.0,0.0172220873535483,0.23682499999999607,116.74378
519,0.0010010531777701385,0.00031812110758146694,1.0,0.017158758438575117,0.2233889999999974,116.967169
520,0.000997699269643447,0.0003171397720437048,1.0,0.01737831972387897,0.22225799999999651,117.189427
521,0.0009943628516488308,0.00031616308525759385,1.0,0.01730714671275044,0.21547500000001207,117.404902
522,0.0009910434348207793,0.0003152356631296508,1.0,0.017629932138240063,0.22097199999998907,117.625874
523,0.0009877417162076757,0.00031422124036357713,1.0,0.01734858639165934,0.2238530000000054,117.849727
524,0.0009844568949098046,0.0003132214231108028,1.0,0.017162841336349266,0.21271099999999876,118.062438
525,0.0009811886498421044,0.00031221949950419004,1.0,0.01727076437935553,0.22389900000000296,118.286337
526,0.000977936944343672,0.0003112310278781081,1.0,0.017341517477728104,0.22112199999999405,118.507459
527,0.000974701445431718,0.0003103686494840811,1.0,0.01717761127051261,0.22634800000000155,118.733807
528,0.0009714832104006341,0.0003094795558832165,1.0,0.017130044140688496,0.2269409999999965,118.960748
529,0.0009682818391207971,0.00030848412340870896,1.0,0.017245244119848426,0.22390400000000454,119.184652
530,0.0009650963445460878,0.0003075672560031151,1.0,0.017038997077930218,0.2207779999999957,119.40543
531,0.000961927066121379,0.00030661874439362875,1.0,0.016870284709366277,0.2359560000000016,119.641386
532,0.0009587741335870306,0.0003056610819949643,1.0,0.01697867853165167,0.22777299999999912,119.869159
533,0.0009556368298599992,0.0003047081211440731,1.0,0.017056668181928136,0.22735099999999875,120.09651
534,0.0009525150243916823,0.0003037715092388264,1.0,0.016905180556680027,0.2301920000000024,120.326702
535,0.0009494089276354413,0.00030285427497151227,1.0,0.01686408119760376,0.21919499999999914,120.545897
536,0.0009463186181347838,0.0003019277910608173,1.0,0.0168617297623064,0.21931000000000722,120.765207
537,0.000943243792040117,0.000301028306726266,1.0,0.016928245617058617,0.21155799999999658,120.976765
538,0.0009401843129012927,0.0003001305835873029,1.0,0.01702937889844053,0.22329799999999977,121.200063
539,0.0009371406595053663,0.0002992388469433273,1.0,0.01702628005476333,0.22109700000000032,121.42116
540,0.0009341118759867525,0.0002983061740087887,1.0,0.017144772860066847,0.22441899999999748,121.645579
541,0.0009310979904485636,0.00029739251204309857,1.0,0.016818010298150856,0.2302180000000078,121.875797
542,0.0009280989677477372,0.0002965326553497842,1.0,0.017040507212332266,0.22636999999998864,122.102167
543,0.0009251149217971227,0.00029568803955438565,1.0,0.016821710049256026,0.22035999999999945,122.322527
544,0.0009221461452198161,0.000294825536894123,1.0,0.01653442977375317,0.22178800000000365,122.544315
545,0.0009191920381295984,0.0002939277249965274,1.0,0.01671172139426236,0.22917900000000202,122.773494
546,0.000916252441079574,0.0002930197653320439,1.0,0.01658562872360638,0.2236170000000044,122.997111
547,0.0009133269681722801,0.00029216396383669737,1.0,0.0166161266605371,0.2200459999999964,123.217157
548,0.0009104160773417586,0.00029130197791651854,1.0,0.01657052821635085,0.22990099999999813,123.447058
549,0.0009075196515603152,0.00029040808906919606,1.0,0.016566255303125443,0.23120199999999613,123.67826
550,0.0009046372952721403,0.0002895328883275712,1.0,0.016783583910540897,0.22490100000000268,123.903161
551,0.0009017691506678902,0.0002886640909449023,1.0,0.016869165505934258,0.23188600000000292,124.135047
552,0.0008989146368921274,0.0002878287734460025,1.0,0.01685597212117606,0.2288910000000044,124.363938
553,0.0008960741459043578,0.00028697337799561337,1.0,0.01658960002741236,0.22229699999999752,124.586235
554,0.0008932472179747587,0.0002861288566845593,1.0,0.016677691204656505,0.23246299999999565,124.818698
555,0.0008904340202637133,0.00028531800721439017,1.0,0.01667462745328334,0.2265600000000063,125.045258
556,0.0008876346788786254,0.0002844872824811867,1.0,0.01667156722859727,0.22130899999999087,125.266567
557,0.0008848490153870692,0.0002836516948543154,1.0,0.016710543997522836,0.2202660000000094,125.486833
558,0.0008820767828823733,0.0002828023252049049,1.0,0.016751452508377448,0.2179349999999971,125.704768
559,0.0008793177858778709,0.0002820100051622881,1.0,0.016495311211187472,0.21542399999999873,125.920192
560,0.000876572182498086,0.00028118651361132085,1.0,0.016460796674907845,0.23676399999999376,126.156956
561,0.0008738398148982396,0.00028034687033195603,1.0,0.016423154255810334,0.21724000000000387,126.374196
562,0.0008711204472174923,0.00027953659887127737,1.0,0.016278498738903704,0.2225219999999979,126.596718
563,0.0008684142999588274,0.00027871856966772235,1.0,0.016235556303698866,0.21869900000000086,126.815417
564,0.0008657209963767913,0.00027792731689780837,1.0,0.01661825010681904,0.23116199999999765,127.046579
565,0.0008630408444602775,0.00027711201068747124,1.0,0.016230341254198446,0.2679860000000076,127.314565
566,0.0008603734149930719,0.0002763136805160979,1.0,0.01625206488615106,0.23100900000000024,127.545574
567,0.0008577186661030099,0.0002755322888550405,1.0,0.01605255233611409,0.21881799999999885,127.764392
568,0.0008550768353083728,0.000274734816533511,1.0,0.01609410243223678,0.21287899999998672,127.97727099999999
569,0.0008524473676452995,0.00027393185996274114,1.0,0.016142758362090136,0.2282080000000235,128.20547900000003
570,0.0008498304072244063,0.0002731609814009114,1.0,0.01629858015314886,0.2210319999999797,128.426511
571,0.0008472256663840631,0.00027240893380795736,1.0,0.016133696898484557,0.2226349999999968,128.649146
572,0.0008446333300661674,0.00027163661096865497,1.0,0.016162303930838926,0.21658000000002176,128.86572600000002
573,0.0008420533060039908,0.00027086471604413853,1.0,0.01605441888387349,0.22060399999998026,129.08633
574,0.0008394856510895818,0.0002700504964132755,1.0,0.016198877625172373,0.21690800000001786,129.30323800000002
575,0.0008369295942018978,0.0002692629704926654,1.0,0.01615875388191879,0.22084599999999455,129.52408400000002
576,0.0008343854218431093,0.00026850763360583855,1.0,0.01603194867377326,0.2202660000000094,129.74435000000003
577,0.0008318533169975532,0.00026770381091475635,1.0,0.01623895156213111,0.21553299999999354,129.95988300000002
578,0.0008293326881072054,0.0002669568751057963,1.0,0.015998462235130153,0.22206700000000978,130.18195000000003
579,0.0008268238647592278,0.00026622533553625306,1.0,0.015995925524007668,0.22129199999997695,130.403242
580,0.0008243269639043466,0.000265485898888821,1.0,0.01613051460384659,0.23283200000000193,130.636074
581,0.0008218418320161692,0.0002647113595774373,1.0,0.015728653871930582,0.22410800000000108,130.860182
582,0.0008193679729755851,0.0002639840928200747,1.0,0.01592413543891067,0.22103500000000054,131.081217
583,0.0008169058619832652,0.0002632411171580553,1.0,0.015796341348594832,0.2287510000000168,131.30996800000003
584,0.0008144551011467743,0.0002625125019954784,1.0,0.016019975207665,0.21654399999999896,131.52651200000003
585,0.0008120157995459829,0.00026177823658829594,1.0,0.015849514112538186,0.224868999999984,131.751381
586,0.0008095878144549766,0.0002610483989751326,1.0,0.016067729061387065,0.2169580000000053,131.96833900000001
587,0.0008071707674578759,0.0002603422583918134,1.0,0.016216201006203045,0.22020800000001373,132.18854700000003
588,0.0008047648917421131,0.00025964963240746877,1.0,0.01615346330285944,0.22731699999999933,132.41586400000003
589,0.0008023702657183624,0.000258931640000874,1.0,0.016091881421421945,0.22360499999999206,132.63946900000002
590,0.000799986677220954,0.000258174146856527,1.0,0.016129787516344588,0.22966199999999048,132.869131
591,0.0007976135073247508,0.00025747910440935347,1.0,0.015976569706932085,0.22149500000000444,133.09062600000001
592,0.000795251315936598,0.00025677819532813587,1.0,0.01588957920652253,0.23008799999999496,133.320714
593,0.0007929002190784705,0.0002560648542498791,1.0,0.01590288004913489,0.2638070000000141,133.58452100000002
594,0.0007905596577291736,0.00025536524169906914,1.0,0.01590438477438749,0.31105999999999767,133.89558100000002
595,0.0007882297674235513,0.00025465118747773483,1.0,0.01598382526137227,0.22917099999997959,134.124752
596,0.000785910313745043,0.00025400080435385646,1.0,0.015819182185663326,0.22537500000001387,134.35012700000001
597,0.0007836015039238088,0.0002533302855445936,1.0,0.015736373406061127,0.2118340000000103,134.56196100000003
598,0.0007813034098997142,0.0002526374962309223,1.0,0.01593499248574969,0.2280749999999898,134.79003600000001
599,0.0007790156647408566,0.00025193984771421156,1.0,0.015793378392094784,0.22711499999999774,135.017151
600,0.000776738204724613,0.00025126769521601866,1.0,0.01573756707196683,0.24405799999999545,135.261209
601,0.000774471237272417,0.00025058464710495977,1.0,0.015907013981707463,0.23161000000001764,135.49281900000003
602,0.0007722146118548468,0.0002499177742416447,1.0,0.016176449727441082,0.23897800000000302,135.73179700000003
603,0.0007699682882756036,0.00024923450745410134,1.0,0.01585173572058843,0.2395659999999964,135.97136300000003
604,0.0007677317600720591,0.0002485672755539085,1.0,0.015908811128384825,0.2480809999999849,136.219444
605,0.0007655052549622998,0.0002479108406329427,1.0,0.0157515455196222,0.2300040000000081,136.44944800000002
606,0.0007632888520139226,0.00024726683952510216,1.0,0.015861283935652153,0.22286399999998707,136.672312
607,0.0007610821865894451,0.00024662373349024555,1.0,0.015891669182290916,0.22666300000000206,136.898975
608,0.000758885407035284,0.0002459710373930474,1.0,0.015877732835876398,0.23168900000001713,137.13066400000002
609,0.0007566985170193472,0.0002453253020017414,1.0,0.015962354718693807,0.2252589999999941,137.35592300000002
610,0.0007545214188113109,0.0002446490175274709,1.0,0.015568525116136557,0.22341000000000122,137.57933300000002
611,0.0007523541052622298,0.0002439737835224859,1.0,0.015476460541317016,0.22448299999999222,137.803816
612,0.0007501961911049504,0.0002433500250645504,1.0,0.015428312836107494,0.22714500000000726,138.03096100000002
613,0.0007480479871912541,0.00024269025322492141,1.0,0.015518043833858543,0.22151999999999816,138.25248100000002
614,0.0007459089584077818,0.00024208486684453097,1.0,0.015623883275374766,0.22936599999999885,138.48184700000002
615,0.0007437795376652708,0.00024143615111686488,1.0,0.01558393817095836,0.22090900000000602,138.70275600000002
616,0.00074165954705541,0.0002407930026840648,1.0,0.015380399955269401,0.23269500000000676,138.93545100000003
617,0.0007395487802119098,0.00024014590856040555,1.0,0.0156374414356319,0.22104599999997276,139.156497
618,0.0007374472160329156,0.00023951694170841798,1.0,0.015426321842508892,0.21941000000001054,139.375907
619,0.0007353549919196141,0.00023887357957028504,1.0,0.015621840922928735,0.22595300000000407,139.60186000000002
620,0.000733271774797541,0.0002382771152656331,1.0,0.015418577987745739,0.22433200000000397,139.82619200000002
621,0.0007311978803322893,0.00023763951437447223,1.0,0.015477896255008675,0.2250630000000058,140.05125500000003
622,0.0007291328997135796,0.00023702910062632388,1.0,0.015494100347535632,0.23385499999997705,140.28511
623,0.0007270769702139229,0.00023639844598050523,1.0,0.01520513239699609,0.2262720000000229,140.51138200000003
624,0.0007250301175463663,0.0002357873185628634,1.0,0.015459105778098538,0.21546200000000226,140.72684400000003
625,0.0007229920629051106,0.00023517529215958107,1.0,0.015455333171133274,0.22831499999998073,140.955159
626,0.0007209628490005591,0.00023456517062907668,1.0,0.01527734374181329,0.22535300000001257,141.18051200000002
627,0.0007189425854082201,0.00023395980058552322,1.0,0.015360226005036483,0.22889699999998925,141.409409
628,0.0007169309494175997,0.00023334651827658696,1.0,0.0152857492345313,0.22493700000001127,141.63434600000002
629,0.0007149279273852782,0.000232757601904116,1.0,0.015341635879197209,0.21730099999999197,141.851647
630,0.0007129338494253743,0.00023213148537195072,1.0,0.01544052947297986,0.21339000000000397,142.06503700000002
631,0.0007109484121099106,0.00023151155227426102,1.0,0.015323524416106765,0.22863100000000713,142.29366800000003
632,0.0007089712381033884,0.0002309380003494723,1.0,0.015276006930474635,0.23370899999997619,142.527377
633,0.0007070026695772532,0.00023032699717770073,1.0,0.015354129917958207,0.23044900000002144,142.75782600000002
634,0.0007050425205020985,0.00022971431008111858,1.0,0.015105968222983488,0.22423999999998045,142.982066
635,0.000703090512108451,0.00022914683622655808,1.0,0.015480850015542167,0.23318600000001766,143.21525200000002
636,0.0007011469731513899,0.00022858326073803035,1.0,0.015116443634405207,0.20774499999998852,143.422997
637,0.0006992118517908661,0.0002280014709127625,1.0,0.01525556869903299,0.22834000000000287,143.651337
638,0.0006972849981364195,0.0002274414904088135,1.0,0.015296269619551902,0.22775699999999688,143.879094
639,0.000695366335710625,0.00022687718558954902,1.0,0.015175320703723225,0.22261700000001383,144.10171100000002
640,0.0006934559991368102,0.00022627574050759858,1.0,0.015340476303239346,0.22051299999998264,144.322224
641,0.0006915536031762233,0.00022572362393855,1.0,0.015026009758973983,0.22627400000001785,144.54849800000002
642,0.0006896594279110719,0.00022514896345342736,1.0,0.01518274491786676,0.3333319999999844,144.88183
643,0.0006877732079566182,0.00022457601189022794,1.0,0.015118389290062597,0.29373599999999556,145.175566
644,0.0006858950478418465,0.00022400781554489783,1.0,0.01503405721206085,0.2265130000000113,145.40207900000001
645,0.0006840248245732445,0.0002234321510147584,1.0,0.015102480762107896,0.23301000000000727,145.63508900000002
646,0.0006821623392464775,0.0002228968741289681,1.0,0.014935552429534758,0.22105600000000436,145.85614500000003
647,0.0006803078799353214,0.00022233716066260716,1.0,0.015009823112441685,0.2189599999999814,146.075105
648,0.0006784612398871368,0.00022176322783183417,1.0,0.015048704088593443,0.22039399999999887,146.295499
649,0.0006766221503950667,0.00022120796760017824,1.0,0.014837146496093438,0.2250060000000076,146.520505
650,0.0006747906439710596,0.00022064894183724756,1.0,0.015052852461405426,0.21976499999999533,146.74027
651,0.0006729668298223956,0.0002201012016140507,1.0,0.01491411247168695,0.23093900000000644,146.97120900000002
652,0.0006711504336840636,0.00021956272979574716,1.0,0.014875845446215495,0.22312900000000013,147.19433800000002
653,0.0006693417645091188,0.00021906202227383928,1.0,0.015018833633772889,0.21372800000000325,147.40806600000002
654,0.0006675408515077911,0.00021855237712239161,1.0,0.014961156861860996,0.22299999999998477,147.631066
655,0.0006657476893684879,0.00021801516687112367,1.0,0.01480055133885631,0.2326270000000079,147.863693
656,0.0006639619712716827,0.00021748789178019324,1.0,0.015037298901084285,0.2185220000000072,148.08221500000002
657,0.0006621837723386585,0.00021696512327081655,1.0,0.014773042885321245,0.22963300000000686,148.31184800000003
658,0.0006604128527210209,0.00021644103052231853,1.0,0.01469532505510756,0.2143689999999765,148.526217
659,0.0006586495679306835,0.0002158847524697928,1.0,0.01488250235443777,0.22829200000001038,148.754509
660,0.0006568933936495698,0.00021532533120643334,1.0,0.014834763722451624,0.21406100000001516,148.96857000000003
661,0.0006551442927883808,0.00021480682120781762,1.0,0.014884681654220923,0.22528399999998783,149.19385400000002
662,0.0006534023969488299,0.00021427935305401167,1.0,0.01500664302266705,0.22899699999999257,149.422851
663,0.0006516677156433023,0.00021371962821827934,1.0,0.014909764936166458,0.22161099999999578,149.644462
664,0.0006499399828263475,0.00021319658886168567,1.0,0.014901701737304573,0.23755800000000704,149.88202
665,0.0006482193011122315,0.00021268073974739076,1.0,0.015006387757726515,0.22469100000000708,150.10671100000002
666,0.0006465057779612452,0.00021216699267296744,1.0,0.014723136911598983,0.21870300000000498,150.32541400000002
667,0.0006447993014685222,0.00021165677282885108,1.0,0.014572206211881789,0.2167220000000043,150.54213600000003
668,0.0006430996954392761,0.00021115774626921565,1.0,0.014662087223806821,0.22880899999998405,150.770945
669,0.0006414071397936633,0.00021065480209118617,1.0,0.015048386130793323,0.22097300000001496,150.99191800000003
670,0.0006397215651470234,0.00021012731057310795,1.0,0.01466045342506974,0.21663199999997573,151.20855
671,0.0006380427175258914,0.00020962497916009334,1.0,0.014714665931345789,0.2243440000000021,151.432894
672,0.0006363707461741923,0.0002091094987897208,1.0,0.014779034403776398,0.2191970000000083,151.652091
673,0.000634705506724349,0.00020857349824406396,1.0,0.014879834065537625,0.22554199999999014,151.877633
674,0.0006330469269119188,0.00020805942621376968,1.0,0.014702326881125927,0.22106899999999996,152.098702
675,0.0006313950609000678,0.0002075632481864368,1.0,0.014550176454434939,0.2211240000000032,152.319826
676,0.0006297497173369418,0.00020704863080908356,1.0,0.014697583288841768,0.22791100000000597,152.547737
677,0.0006281109888272577,0.00020655241386954032,1.0,0.014513626841061736,0.22149999999999181,152.769237
678,0.0006264787955697348,0.00020607118961462638,1.0,0.01462688099926241,0.2239330000000166,152.99317000000002
679,0.0006248533345304474,0.00020557156353671852,1.0,0.014688085667678638,0.2259430000000009,153.21911300000002
680,0.0006232342840665611,0.00020509204916747508,1.0,0.01440531133406302,0.22376900000000433,153.44288200000003
681,0.0006216218350515549,0.0002046074455673427,1.0,0.014477530496656083,0.22627399999998943,153.66915600000002
682,0.0006200157070762912,0.0002041420179648711,1.0,0.014631309410614348,0.21767099999999573,153.886827
683,0.0006184161531345045,0.00020365784585460299,1.0,0.014363711327960245,0.22860800000000836,154.11543500000002
684,0.0006168229381535889,0.000203178623790781,1.0,0.014390951249040598,0.2213119999999833,154.336747
685,0.0006152359926645869,0.00020272402299020104,1.0,0.014585153602253258,0.21811400000001413,154.55486100000002
686,0.0006136555737119547,0.00020224991403347894,1.0,0.014460981786043443,0.23202799999998547,154.786889
687,0.0006120814910162139,0.0002017736983437593,1.0,0.014618104882329772,0.23027700000000095,155.017166
688,0.0006105137074727723,0.00020128476118327443,1.0,0.014344927284201699,0.22879100000000108,155.245957
689,0.000608952079731794,0.00020080662867562972,1.0,0.014572329058059788,0.21957600000001776,155.46553300000002
690,0.0006073964924656188,0.00020033835302392744,1.0,0.014739114980281454,0.23035999999999035,155.695893
691,0.0006058471505606466,0.00019986712911995963,1.0,0.014646856458298777,0.21842399999999884,155.914317
692,0.0006043039870003906,0.00019938834180313242,1.0,0.014520552834489246,0.22889599999999177,156.143213
693,0.000602766855346107,0.0001989150129855122,1.0,0.014782749786869692,0.21892800000000534,156.362141
694,0.0006012357443794742,0.0001984476704841914,1.0,0.014449163980176014,0.22691900000000942,156.58906000000002
695,0.0005997106679182535,0.0001979724667854544,1.0,0.01448950543923243,0.21712700000000495,156.80618700000002
696,0.0005981913487050924,0.00019753136612842535,1.0,0.014292885344482956,0.2211889999999812,157.027376
697,0.0005966780350777775,0.00019707782597915162,1.0,0.014323214481566345,0.23311499999999796,157.260491
698,0.0005951707730427667,0.0001966227915422429,1.0,0.01425602378528839,0.2307260000000042,157.491217
699,0.000593669412638872,0.00019618011038054843,1.0,0.014516393560756484,0.22087400000000912,157.71209100000002
700,0.0005921739609311135,0.00019572701876586043,1.0,0.014442697489709354,0.21280899999999292,157.9249
701,0.0005906843414181746,0.00019526332388591786,1.0,0.014537775672058214,0.2215150000000108,158.14641500000002
702,0.0005892004163066991,0.0001948247359646372,1.0,0.014298334724406813,0.22468699999998876,158.371102
703,0.0005877222808952063,0.00019435538031731085,1.0,0.014684485347745026,0.23040299999999547,158.601505
704,0.0005862498923513466,0.00019390178529166211,1.0,0.014512473152488457,0.2200910000000249,158.82159600000003
705,0.0005847832300845204,0.00019346167250002547,1.0,0.01439749663677449,0.21861899999998968,159.04021500000002
706,0.0005833222429375655,0.0001930152165573788,1.0,0.014398290690892362,0.2257979999999975,159.26601300000002
707,0.0005818668777733684,0.0001925871905695611,1.0,0.014575073318910742,0.22948299999998767,159.495496
708,0.0005804171731845273,0.0001921326303492197,1.0,0.014517170517651138,0.23416800000001103,159.729664
709,0.0005789729786184093,0.00019169020002541992,1.0,0.014464398935302776,0.21579700000000912,159.94546100000002
710,0.0005775343351458017,0.0001912655436529073,1.0,0.014418950297293832,0.214035999999993,160.15949700000002
711,0.0005761013072946372,0.000190832193789814,1.0,0.014299413491840404,0.2179570000000126,160.37745400000003
712,0.0005746736920351224,0.00019041916164924417,1.0,0.014015858110584025,0.2340809999999749,160.611535
713,0.0005732517260323342,0.00019001057165069507,1.0,0.01433069983192103,0.21948500000002014,160.83102000000002
714,0.0005718353176097534,0.00018957941787439342,1.0,0.014482587100513316,0.21912499999999113,161.05014500000001
715,0.0005704242417415407,0.00018916871107350395,1.0,0.014189223958710764,0.21866900000000555,161.26881400000002
716,0.0005690185563237011,0.0001887637064239824,1.0,0.014308925631823706,0.22831299999998578,161.497127
717,0.0005676184326621425,0.00018833611050428364,1.0,0.014191462976663141,0.2380550000000028,161.735182
718,0.0005662237266342899,0.00018791839504118097,1.0,0.014068155521865125,0.22122600000000148,161.956408
719,0.0005648343601365034,0.00018749979684894587,1.0,0.013985356093926466,0.21759399999999118,162.174002
720,0.0005634503742309549,0.00018707431352956423,1.0,0.013891042026158509,0.2215710000000115,162.395573
721,0.0005620715244282322,0.00018665576985468156,1.0,0.014066522789605173,0.22332000000000107,162.618893
722,0.0005606979176247844,0.00018622871360734998,1.0,0.01416899257310268,0.2231429999999932,162.842036
723,0.0005593294077959588,0.00018579211932533396,1.0,0.014267699216452307,0.22750500000000784,163.06954100000002
724,0.0005579658735839177,0.0001853887300278791,1.0,0.014083814915161806,0.22860000000000014,163.29814100000002
725,0.0005566075616288234,0.00018499797381930084,1.0,0.01407330381611521,0.22003100000000586,163.51817200000002
726,0.0005552544266295474,0.00018461030876527025,1.0,0.014055002981530727,0.2211590000000001,163.73933100000002
727,0.000553906541399239,0.00018420742115767818,1.0,0.013853173959958831,0.22003200000000334,163.95936300000002
728,0.0005525636951069536,0.00018379811880064284,1.0,0.014014064710198056,0.21933299999997757,164.178696
729,0.0005512259867815702,0.00018337950773449446,1.0,0.014013754063774494,0.23456100000001356,164.41325700000002
730,0.0005498932375772429,0.00018296944781232542,1.0,0.01411747880295172,0.23298900000000344,164.64624600000002
731,0.0005485654622412367,0.00018255214633046911,1.0,0.014005919635252861,0.22234299999999507,164.86858900000001
732,0.000547242610373817,0.00018216185717284732,1.0,0.014173451043348304,0.22116199999999253,165.089751
733,0.0005459247580010641,0.00018176100185401332,1.0,0.014066446806734306,0.21763200000000893,165.30738300000002
734,0.0005446118660551591,0.00018136535574914673,1.0,0.013932645831380017,0.22766999999998916,165.535053
735,0.0005433038305141443,0.00018098398128670257,1.0,0.013981289716287058,0.2169370000000015,165.75199
736,0.0005420007357463831,0.00018056112452741524,1.0,0.013857131659396053,0.22258899999999926,165.974579
737,0.0005407023430489455,0.00018018463226121217,1.0,0.013860217913461625,0.2192940000000192,166.19387300000002
738,0.0005394088611851235,0.00017978923723314946,1.0,0.013882544527908318,0.21716099999997596,166.411034
739,0.0005381201261303849,0.00017940536811911255,1.0,0.013762215619587301,0.22482700000000477,166.635861
740,0.0005368361979370815,0.00017900361046496805,1.0,0.013607159870206156,0.21462999999999965,166.850491
741,0.000535556934094379,0.00017862346229950604,1.0,0.01400451462501356,0.22303700000000504,167.073528
742,0.0005342825607469571,0.00017821263178624086,1.0,0.013737109819728416,0.21397799999999734,167.287506
743,0.0005330127454734108,0.00017784189461471071,1.0,0.013877141101525372,0.2253650000000107,167.51287100000002
744,0.0005317476839897746,0.00017745547023803715,1.0,0.013554450644856216,0.21993100000000254,167.73280200000002
745,0.0005304870992111486,0.00017710255160004892,1.0,0.013878356771811378,0.22075100000000702,167.95355300000003
746,0.0005292313621516363,0.00017672749084268096,1.0,0.013845222910788142,0.21892599999998197,168.172479
747,0.0005279802616556719,0.0001763370508923021,1.0,0.013761598127067145,0.22637299999999527,168.398852
748,0.0005267337463498462,0.00017594784968871124,1.0,0.013979313009897958,0.21789900000001694,168.61675100000002
749,0.0005254917110170306,0.0001755734786618364,1.0,0.013692092887059358,0.23105300000000284,168.84780400000002
750,0.0005242542277964717,0.00017521386402878005,1.0,0.013720209668036578,0.22654099999999744,169.07434500000002
751,0.0005230214161040386,0.00017483400189746733,1.0,0.013685150613870031,0.3933140000000037,169.46765900000003
752,0.0005217930306974277,0.00017446831631871165,1.0,0.013674885123267866,0.2822579999999846,169.749917
753,0.0005205692257151261,0.00017409295930289543,1.0,0.013622174898451933,0.262691000000018,170.01260800000003
754,0.0005193498254132281,0.00017371924721148942,1.0,0.01390050739980764,0.2209359999999947,170.23354400000002
755,0.0005181347471499188,0.00017335952459527064,1.0,0.013647130676868497,0.2205500000000029,170.45409400000003
756,0.0005169241571878402,0.00017301002265338085,1.0,0.013808918014792533,0.22482299999998645,170.678917
757,0.0005157180313545624,0.00017265565976988615,1.0,0.01383483831360876,0.22388800000001652,170.90280500000003
758,0.0005145164141880396,0.0001722859799880599,1.0,0.01383051328986647,0.22809499999999616,171.13090000000003
759,0.0005133191720664215,0.000171911498554544,1.0,0.013428696264048355,0.21892299999998954,171.34982300000001
760,0.0005121261382089606,0.00017154459648351903,1.0,0.013451645127228743,0.2270469999999989,171.57687
761,0.000510937400002887,0.00017119932515026131,1.0,0.01350840741324349,0.22067400000000248,171.79754400000002
762,0.0005097529258487603,0.00017082561754501108,1.0,0.013542385817206634,0.21811299999998823,172.015657
763,0.0005085726627643264,0.00017048157135734904,1.0,0.013633689914908109,0.2240550000000212,172.23971200000003
764,0.0005073967199958396,0.00017013437224645665,1.0,0.013544804576058595,0.22740199999998367,172.467114
765,0.000506225047657699,0.00016977025025430667,1.0,0.013566944337400124,0.22082900000000905,172.68794300000002
766,0.0005050575662781033,0.00016942228691925058,1.0,0.013381646956234273,0.22109499999999116,172.909038
767,0.0005038942996591743,0.00016906779120409322,1.0,0.013509581588051118,0.2250659999999982,173.134104
768,0.000502735066522493,0.0001687321963719049,1.0,0.013658796609417182,0.21950100000000816,173.35360500000002
769,0.0005015801359187906,0.0001683712234607434,1.0,0.01354756303466136,0.22302799999999934,173.57663300000002
770,0.0005004293212356016,0.00016801302676089085,1.0,0.013652293240600152,0.23164299999999116,173.808276
771,0.0004992826364014976,0.00016765986519785107,1.0,0.013500400235463214,0.22226000000000568,174.030536
772,0.0004981398931255298,0.00016732033079891175,1.0,0.013586280401335311,0.22244399999999587,174.25298
773,0.0004970012878055278,0.0001669792602082372,1.0,0.013370423692684737,0.22880200000000173,174.481782
774,0.0004958667260847283,0.00016663734522764202,1.0,0.01358123840410275,0.23109099999999216,174.712873
775,0.0004947361951076294,0.00016629098204145717,1.0,0.01320959076935391,0.22892500000000382,174.941798
776,0.0004936096727834447,0.00016595522528135175,1.0,0.013420532724444106,0.23317800000000943,175.17497600000002
777,0.0004924871419453795,0.0001656213635491793,1.0,0.013528320853930591,0.22532300000000305,175.40029900000002
778,0.0004913686315034932,0.00016528234645783756,1.0,0.013470952113195009,0.22727599999998915,175.627575
779,0.0004902539962888801,0.0001649571474959718,1.0,0.013544109185697463,0.21652100000000019,175.844096
780,0.0004891433698402532,0.00016461562202522688,1.0,0.01338236206467709,0.22115800000000263,176.065254
781,0.0004880367039971603,0.00016427186825902318,1.0,0.013351819140018012,0.22890300000000252,176.294157
782,0.00048693390843600204,0.00016392150822110488,1.0,0.013235220083136122,0.22106999999999744,176.515227
783,0.0004858349207596071,0.00016358314349683558,1.0,0.013465049658601014,0.22454799999999864,176.739775
784,0.00048473970823484087,0.00016325766473362336,1.0,0.013383396456031038,0.22244399999999587,176.962219
785,0.0004836483918234302,0.00016292768550592535,1.0,0.013249353715717605,0.22920400000000996,177.19142300000001
786,0.00048256096026256547,0.00016257798312993462,1.0,0.01326334871408841,0.22233600000001275,177.41375900000003
787,0.00048147716543929574,0.00016224692038066944,1.0,0.013269058232687307,0.21381599999998002,177.627575
788,0.0004803972352293876,0.00016191672239033054,1.0,0.013184115843521782,0.22765300000000366,177.855228
789,0.00047932107718811934,0.00016158891193427397,1.0,0.013316914788532537,0.22437600000000657,178.07960400000002
790,0.00047824866135690134,0.0001612606589759222,1.0,0.013272458580208889,0.2195289999999943,178.299133
791,0.0004771799777725889,0.00016094578885934307,1.0,0.01329373300386681,0.23379600000001233,178.53292900000002
792,0.0004761150336646675,0.0001606294307070384,1.0,0.013206206537480527,0.22537799999997787,178.758307
793,0.0004750538671561022,0.00016030506946492916,1.0,0.013484694312700453,0.22950600000001486,178.98781300000002
794,0.00047399636425673287,0.00015997052681205126,1.0,0.013306793563867462,0.22755200000000286,179.21536500000002
795,0.00047294246012956885,0.00015964094548412774,1.0,0.01332029477466371,0.2255659999999864,179.440931
796,0.00047189220514163416,0.000159314009262272,1.0,0.013327226432178143,0.23359300000001326,179.67452400000002
797,0.00047084552533017905,0.000158996263225598,1.0,0.013335937878097575,0.21987699999999677,179.89440100000002
798,0.0004698025025732328,0.00015867118932921085,1.0,0.013317525656132652,0.2265739999999994,180.12097500000002
799,0.00046876300916027857,0.0001583532953747037,1.0,0.013471872436429945,0.22426200000001018,180.34523700000003
800,0.00046772711537755845,0.00015802406868893677,1.0,0.013403900093331362,0.24598399999999288,180.59122100000002
801,0.00046669469962783687,0.00015771753123352997,1.0,0.013538206983008508,0.2331220000000087,180.82434300000003
802,0.0004656658898094124,0.00015739085639755864,1.0,0.013328832305942432,0.24167099999999664,181.06601400000002
803,0.0004646405609027761,0.00015708180038294904,1.0,0.013187224550247048,0.23990100000000325,181.30591500000003
804,0.00046361877696939416,0.0001567809688722205,1.0,0.01340152518485354,0.24706599999998957,181.55298100000002
805,0.0004626004853884962,0.00015647414277879948,1.0,0.013351358445180076,0.23329599999999573,181.786277
806,0.00046158572997731615,0.00015616155382382318,1.0,0.013278468917919678,0.23589599999999677,182.022173
807,0.0004605743633190933,0.0001558556215454728,1.0,0.013406255020583088,0.21999200000001906,182.24216500000003
808,0.0004595664860479328,0.00015554584371438188,1.0,0.013400241540731057,0.22119999999998186,182.463365
809,0.0004585620219690628,0.00015522837799019783,1.0,0.013183417595093005,0.22513299999999958,182.688498
810,0.00045756083135541125,0.0001549346562710031,1.0,0.013168664358428485,0.235320999999999,182.923819
811,0.0004565631561206679,0.00015463263964780063,1.0,0.013168061495456239,0.23203100000000632,183.15585000000002
812,0.0004555689281985336,0.00015432196412275298,1.0,0.013238112388939894,0.22245699999999147,183.378307
813,0.0004545779925529753,0.00015403856797483758,1.0,0.013192402918182062,0.21584900000001994,183.59415600000003
814,0.00045359052741706697,0.0001537349017080109,1.0,0.013141680522476919,0.22992499999998017,183.824081
815,0.0004526064172519606,0.00015342420356370494,1.0,0.012971624902882803,0.22873599999999783,184.052817
816,0.00045162555529180195,0.0001531233828123564,1.0,0.013122653147373034,0.22587100000001215,184.27868800000002
817,0.00045064800410613595,0.00015283335736331307,1.0,0.012907521699730974,0.2150959999999884,184.493784
818,0.0004496737493644226,0.00015254996903472836,1.0,0.012949905000559231,0.2216590000000167,184.71544300000002
819,0.00044870285336189687,0.00015224469355936692,1.0,0.013013347313140867,0.23025400000000218,184.94569700000002
820,0.00044773515915148365,0.0001519474954396308,1.0,0.013140169917956772,0.22837300000000482,185.17407000000003
821,0.0004467706708136967,0.0001516516262304191,1.0,0.012914014647430423,0.22955299999998147,185.403623
822,0.00044580944795365716,0.00015136260970723467,1.0,0.013005274908085023,0.22699099999999817,185.630614
823,0.00044485141765206735,0.00015107201077837925,1.0,0.013024038967160912,0.2333759999999927,185.86399
824,0.00044389660586878797,0.00015077569544561157,1.0,0.01297617975543598,0.22849200000001701,186.09248200000002
825,0.0004429449830662898,0.00015048652632765645,1.0,0.012783422682643493,0.22711300000000278,186.31959500000002
826,0.00044199651637293817,0.0001501855096726583,1.0,0.012921623261737259,0.23064499999998134,186.55024
827,0.0004410511818674416,0.00014989311032683963,1.0,0.012861973621821525,0.2189430000000243,186.76918300000003
828,0.000440109012641241,0.00014961507828984157,1.0,0.01288374392148337,0.2195729999999969,186.98875600000002
829,0.0004391699725520465,0.0001493386707850143,1.0,0.012851453401179951,0.22038999999998055,187.209146
830,0.000438234154498245,0.00014905066312487767,1.0,0.01282569993308513,0.21907500000000368,187.428221
831,0.0004373014457870487,0.0001487650597390311,1.0,0.012871435380741765,0.21980100000001812,187.64802200000003
832,0.0004363718098645026,0.00014847404210579747,1.0,0.012885341372860699,0.22833899999997698,187.876361
833,0.00043544525944777947,0.00014817147852250979,1.0,0.012896174307793263,0.22021900000001438,188.09658000000002
834,0.0004345217105665087,0.00014787534810753916,1.0,0.012877809083110913,0.22325399999999718,188.31983400000001
835,0.0004336010962928892,0.00014759470075421575,1.0,0.012920837963525333,0.22296199999999544,188.542796
836,0.00043268354460278974,0.00014731029671257774,1.0,0.01283193904822273,0.21344799999999964,188.756244
837,0.0004317690544261949,0.0001470197967429019,1.0,0.012834466780214292,0.22675100000000725,188.98299500000002
838,0.0004308574635210505,0.0001467406246550732,1.0,0.012993238528828907,0.2201289999999858,189.203124
839,0.00042994884308932436,0.00014645681707724334,1.0,0.012753968552313297,0.23015399999999886,189.433278
840,0.0004290431650000961,0.00014619809988056576,1.0,0.013039035029790346,0.22010600000001546,189.65338400000002
841,0.000428140529833543,0.0001459113461520753,1.0,0.012963153964665653,0.23232699999999795,189.88571100000001
842,0.00042724084235229963,0.0001456271146468901,1.0,0.01289698332509988,0.2242740000000083,190.10998500000002
843,0.00042634410880545976,0.00014534678339913064,1.0,0.012830736910907914,0.21368400000000065,190.32366900000002
844,0.00042545026449650224,0.0001450573395457219,1.0,0.01291885379100909,0.23415900000000534,190.55782800000003
845,0.00042455923168855053,0.0001447844033186863,1.0,0.012841273540719267,0.2285179999999798,190.786346
846,0.00042367116558513103,0.0001445116398029379,1.0,0.012742433281619659,0.22282100000001037,191.00916700000002
847,0.00042278594656175656,0.0001442473742049811,1.0,0.012709455981626901,0.21535000000000082,191.22451700000002
848,0.0004219036689577341,0.00014397330231505443,1.0,0.012796470588262575,0.21036499999999592,191.43488200000002
849,0.00042102423014699184,0.00014369255183471964,1.0,0.012974806839953548,0.22589400000001092,191.66077600000003
850,0.0004201476357219295,0.0001434248047212746,1.0,0.012659603187269821,0.2277639999999792,191.88854
851,0.0004192739054579439,0.0001431584817451447,1.0,0.012774567384113589,0.23065100000002303,192.11919100000003
852,0.0004184029630768348,0.0001429035467661383,1.0,0.01248813082100694,0.22190699999998742,192.34109800000002
853,0.00041753486026479425,0.00014265218277317838,1.0,0.01243259703079087,0.23175900000001093,192.57285700000003
854,0.00041666966701702933,0.00014237981750820993,1.0,0.012439960757214968,0.210868999999974,192.783726
855,0.0004158072207918069,0.00014211510516725636,1.0,0.01260926633373522,0.22118700000001468,193.00491300000002
856,0.0004149475823752268,0.00014185414943812516,1.0,0.012826440079101727,0.230086,193.23499900000002
857,0.00041409068371302314,0.00014160254682830925,1.0,0.012748272040690045,0.21055899999998928,193.445558
858,0.0004132365884882324,0.00014133984360666145,1.0,0.012852638060549702,0.2336439999999982,193.679202
859,0.0004123852071179349,0.00014107641211604698,1.0,0.01282504872427266,0.22113000000001648,193.90033200000002
860,0.00041153656971086475,0.00014081093789880523,1.0,0.012733932289413509,0.22981999999998948,194.130152
861,0.00041069063345796253,0.0001405541604413331,1.0,0.012688814045328463,0.21952000000001703,194.34967200000003
862,0.00040984741838931226,0.00014030588374938722,1.0,0.01275114087031989,0.22711699999999269,194.57678900000002
863,0.00040900692122381474,0.00014003067863521999,1.0,0.012740520431950312,0.22464700000000448,194.80143600000002
864,0.0004081689795068736,0.00013976600123669991,1.0,0.012554919680659308,0.22296199999999544,195.02439800000002
865,0.00040733376010048734,0.00013950524662387567,1.0,0.012703726286959231,0.2201949999999897,195.244593
866,0.00040650120547865463,0.00013924355714127994,1.0,0.0127718103683076,0.23403999999999314,195.478633
867,0.0004056713329138441,0.00013898417744038276,1.0,0.012659138237222598,0.22640600000002564,195.70503900000003
868,0.00040484401983274847,0.00013872951476211383,1.0,0.012616181760526866,0.22791300000000092,195.93295200000003
869,0.0004040193405202125,0.0001384770897053252,1.0,0.012766698917299202,0.2204979999999921,196.15345000000002
870,0.0004031973055472595,0.0001382128068356669,1.0,0.012756923943910205,0.22222399999998288,196.375674
871,0.00040237782111528946,0.0001379666666251895,1.0,0.012646747213442344,0.23160400000000436,196.607278
872,0.0004015609939463972,0.00013771416964336895,1.0,0.012783479639374942,0.2187770000000171,196.82605500000003
873,0.00040074672069451134,0.0001374652893639723,1.0,0.012577515325432559,0.21558999999999173,197.04164500000002
874,0.00039993498643217597,0.00013722751255086998,1.0,0.012602909967569294,0.29088400000000547,197.33252900000002
875,0.00039912588786550986,0.0001369703872711598,1.0,0.012712409785217153,0.3044409999999971,197.63697000000002
876,0.0003983192739500148,0.00013672256263411338,1.0,0.01264330720621926,0.23703199999999924,197.87400200000002
877,0.0003975151997737561,0.00013647843960621633,1.0,0.012629776882401567,0.31463099999999145,198.188633
878,0.00039671368172974913,0.0001362289574616346,1.0,0.01261843172851294,0.2552870000000098,198.44392000000002
879,0.00039591466336918926,0.00013597876230838973,1.0,0.012571477109576222,0.2606779999999844,198.704598
880,0.00039511814570643685,0.00013572439729451073,1.0,0.012491084512644766,0.24234100000001035,198.94693900000001
881,0.000394324108344483,0.00013548655341027617,1.0,0.012348840309265726,0.22211599999999976,199.16905500000001
882,0.00039353256992591694,0.00013524831887443115,1.0,0.012500871184773336,0.22633999999999332,199.395395
883,0.00039274351483469146,0.00013500398582161674,1.0,0.012591839201205672,0.2404769999999985,199.635872
884,0.00039195686287115994,0.00013475248904740758,1.0,0.012405334400383166,0.21775300000001607,199.85362500000002
885,0.00039117267415838695,0.00013450777498461591,1.0,0.012412828858576037,0.2249789999999905,200.078604
886,0.00039039092183699715,0.00013427192359460302,1.0,0.012528708643453334,0.2472879999999975,200.325892
887,0.000389611630948846,0.00013403956999800048,1.0,0.012482958186512476,0.21676700000000437,200.54265900000001
888,0.0003888348226370828,0.00013378959555952462,1.0,0.012520178636921479,0.21543600000001106,200.75809500000003
889,0.0003880603975656944,0.00013354104800384226,1.0,0.012400410769856094,0.22682100000000105,200.98491600000003
890,0.00038728834201911324,0.0001333041313134288,1.0,0.012564446366618518,0.22493699999998285,201.209853
891,0.0003865186608358836,0.00013306284550531125,1.0,0.012485648055829733,0.21829800000000432,201.428151
892,0.00038575136719990106,0.00013281704895818383,1.0,0.012213108632700868,0.23044100000001322,201.65859200000003
893,0.00038498637442522295,0.0001325691644921562,1.0,0.012424030880086498,0.21488800000000197,201.87348000000003
894,0.0003842237201458303,0.00013234047616005008,1.0,0.01242012069544248,0.22405599999999026,202.09753600000002
895,0.0003834634647230901,0.00013210256307990547,1.0,0.012284753214810882,0.22389799999999127,202.321434
896,0.0003827055418112018,0.00013186491005905024,1.0,0.012145431266256489,0.22398699999999394,202.545421
897,0.00038194991925913157,0.00013162192554844047,1.0,0.012263650786812314,0.2210239999999999,202.766445
898,0.00038119659258308247,0.00013138238881127526,1.0,0.012364058694299677,0.22543799999999692,202.991883
899,0.00038044554672409615,0.00013114558030829536,1.0,0.01229237518799599,0.2161660000000154,203.20804900000002
900,0.0003796967478977155,0.0001309324199499931,1.0,0.012267171577799257,0.22839300000001117,203.43644200000003
901,0.0003789503597195268,0.00013070159240973717,1.0,0.012466654256428686,0.2167349999999999,203.65317700000003
902,0.0003782062819675769,0.00013045752939784314,1.0,0.012175143864017532,0.21539299999997752,203.86857
903,0.00037746441931622615,0.00013021708959973656,1.0,0.012407674473007004,0.22128299999999967,204.089853
904,0.0003767247854767747,0.00012999308719868278,1.0,0.012283912771946454,0.22020200000000045,204.310055
905,0.00037598740097263193,0.00012976340954131874,1.0,0.012248621774279898,0.22130500000000097,204.53136
906,0.0003752522652788826,0.00012952563642534257,1.0,0.012272203654447242,0.21758400000001643,204.74894400000002
907,0.00037451932435342993,0.0001292912103002714,1.0,0.012252098352485169,0.2281199999999899,204.977064
908,0.00037378860634563457,0.00012906151016766484,1.0,0.012426702285248118,0.22867300000001478,205.20573700000003
909,0.00037306010158890226,0.00012884261094181577,1.0,0.012186206451939957,0.22074399999999628,205.42648100000002
910,0.0003723338380043287,0.00012861967619447675,1.0,0.012296465949147154,0.2174009999999953,205.64388200000002
911,0.0003716097775497196,0.00012840391386848324,1.0,0.012328840346199585,0.2289779999999837,205.87286
912,0.0003708879555015965,0.00012816677064729707,1.0,0.012201273214450177,0.22013499999999908,206.092995
913,0.0003701682777767923,0.00012794343880366416,1.0,0.012280986540940798,0.22780300000002285,206.32079800000002
914,0.0003694507572712106,0.00012772914524799872,1.0,0.012203993039707279,0.46647500000000264,206.78727300000003
915,0.0003687354551584896,0.00012749613606583425,1.0,0.012264373923414043,0.22904699999998002,207.01632
916,0.00036802224410283405,0.00012727445446440264,1.0,0.012327793985386564,0.2182380000000137,207.23455800000002
917,0.00036731121867727637,0.00012705618209534579,1.0,0.01232549003881448,0.21772199999998065,207.45228
918,0.0003666022830234911,0.00012684569001366304,1.0,0.012348932192383158,0.21789800000001947,207.67017800000002
919,0.0003658955310537895,0.00012663954015487453,1.0,0.012284385433370987,0.21718799999999305,207.88736600000001
920,0.00036519094917681103,0.000126423662573112,1.0,0.01220681328780181,0.230606999999992,208.117973
921,0.0003644884917760087,0.00012620152866354848,1.0,0.012145366911096597,0.21737300000000914,208.33534600000002
922,0.0003637881531122178,0.00012596948939711889,1.0,0.01206412324306524,0.2179219999999873,208.553268
923,0.000363089839894937,0.00012575748525566093,1.0,0.012317488686101101,0.22956900000002634,208.78283700000003
924,0.00036239361580544773,0.0001255467222178279,1.0,0.012128341567618614,0.21252699999999436,208.99536400000002
925,0.00036169951871301237,0.0001253174161989104,1.0,0.012130262461683016,0.22022799999999165,209.21559200000002
926,0.0003610074717961701,0.0001250969002582495,1.0,0.012305520973383924,0.23050399999999627,209.446096
927,0.0003603174307554564,0.0001248876082273816,1.0,0.01237885240228749,0.22383700000000317,209.66993300000001
928,0.00035962944966318726,0.0001246643008638363,1.0,0.012230847209705336,0.21732399999999075,209.887257
929,0.00035894349512647917,0.00012444715770472902,1.0,0.012093336739281188,0.21325200000001132,210.10050900000002
930,0.00035825957001235376,0.0001242404862906704,1.0,0.012188078701198427,0.22782799999998815,210.328337
931,0.0003575776824341304,0.000124024443473168,1.0,0.012191502153783838,0.23103600000001734,210.55937300000002
932,0.00035689783787566995,0.0001238094931050725,1.0,0.012215836503260231,0.2239979999999946,210.78337100000002
933,0.0003562199937808806,0.00012359612019909852,1.0,0.012229299308782025,0.23572300000000723,211.01909400000002
934,0.00035554415864098675,0.00012338689994162522,1.0,0.0121364267793714,0.2182200000000023,211.23731400000003
935,0.0003548702685324553,0.00012318582648125005,1.0,0.011899469700762187,0.21587900000000104,211.45319300000003
936,0.00035419840290276314,0.00012297574145004518,1.0,0.012110324060983273,0.23318799999998419,211.686381
937,0.00035352851897703244,0.0001227563125307326,1.0,0.012185609626164351,0.2188950000000034,211.90527600000001
938,0.00035286057488453774,0.00012255329832322118,1.0,0.012127251376664427,0.22192699999999377,212.127203
939,0.00035219464231233565,0.00012234580597477024,1.0,0.012121133162591512,0.22185000000001764,212.34905300000003
940,0.0003515306399746182,0.00012214425815408006,1.0,0.012172574360803967,0.22002699999998754,212.56908
941,0.0003508686126714861,0.00012193495613360022,1.0,0.01187386518517924,0.22689600000001064,212.79597600000002
942,0.00035020848890353974,0.00012172423169553025,1.0,0.012222666058849968,0.21433799999999792,213.01031400000002
943,0.0003495502940269424,0.0001215187515164942,1.0,0.012094217198383555,0.22576200000000313,213.23607600000003
944,0.00034889400343458767,0.00012130582843171421,1.0,0.012061825139256094,0.22341799999998102,213.459494
945,0.0003482395983635135,0.00012109228788319092,1.0,0.01200797359462767,0.21921600000001717,213.67871000000002
946,0.0003475871153502753,0.00012088986497149416,1.0,0.012042185651789057,0.2230950000000007,213.90180500000002
947,0.00034693652796594733,0.00012068777989940933,1.0,0.012003259517194668,0.22947099999998954,214.131276
948,0.000346287881884645,0.0001204797767417034,1.0,0.012005375563310994,0.2256969999999967,214.356973
949,0.00034564107375770865,0.00012028091810138265,1.0,0.011867658845146007,0.2215140000000133,214.57848700000002
950,0.00034499617917872207,0.00012007469546256592,1.0,0.011896670805849696,0.22269299999999248,214.80118000000002
951,0.00034435309053416967,0.00011987914250135963,1.0,0.011910511153165498,0.21600100000000566,215.01718100000002
952,0.0003437118974657323,0.00011968200683095729,1.0,0.011892684867177832,0.22982199999998443,215.247003
953,0.00034307259328397266,0.00011947461442059731,1.0,0.011870422189066981,0.2533109999999965,215.500314
954,0.0003424351168765953,0.00011928555265946932,1.0,0.011982963977797682,0.21803100000002473,215.71834500000003
955,0.0003417995221306659,0.00011908761821193815,1.0,0.011920347560949245,0.24643299999999613,215.96477800000002
956,0.00034116575568345455,0.00011888353858562581,1.0,0.012040476486967898,0.23141300000000342,216.19619100000003
957,0.00034053378881712307,0.00011869083197358981,1.0,0.011915166465870854,0.23560699999998747,216.43179800000001
958,0.0003399036717661251,0.00011848894909945623,1.0,0.011998789048616464,0.22431900000000837,216.65611700000002
959,0.0003392753585518055,0.00011829118887144268,1.0,0.011904722039390019,0.2322539999999833,216.888371
960,0.000338648830796637,0.00011808846536612775,1.0,0.01175830192262317,0.24436099999999783,217.132732
961,0.0003380241171237549,0.0001178836874844749,1.0,0.011956348161974441,0.22655400000002146,217.35928600000003
962,0.00033740115495094946,0.00011768138952000432,1.0,0.011789187703807075,0.22553599999997687,217.584822
963,0.0003367799594444832,0.0001174818803648607,1.0,0.011823337645193365,0.22838100000001305,217.81320300000002
964,0.0003361605439591282,0.00011727917133353909,1.0,0.01179084709575024,0.23544300000000362,218.04864600000002
965,0.0003355428542897203,0.00011708379070389447,1.0,0.011842521717378405,0.23893699999999285,218.287583
966,0.0003349269256847479,0.00011689929287286767,1.0,0.011859835121029724,0.22191100000000574,218.50949400000002
967,0.00033431279311297413,0.00011671296316196094,1.0,0.011929384107093894,0.25157500000000255,218.76106900000002
968,0.00033370042126914623,0.00011651319814413038,1.0,0.01198229245861178,0.23195099999998092,218.99302
969,0.00033308976689735395,0.00011631317914857774,1.0,0.011905879116711747,0.2397760000000062,219.232796
970,0.0003324807917173786,0.00011612342691723568,1.0,0.011755699408010566,0.22128000000000725,219.45407600000001
971,0.0003318735547872901,0.00011594601368347976,1.0,0.012006122698825915,0.2427900000000136,219.69686600000003
972,0.0003312681018577792,0.00011575935531720775,1.0,0.01176652752240684,0.21903199999999856,219.91589800000003
973,0.0003306644067203561,0.00011557321358733024,1.0,0.01179322936656214,0.23397699999998167,220.149875
974,0.0003300624343920326,0.0001153783980858649,1.0,0.011699878741184791,0.2311550000000011,220.38103
975,0.0003294621685051863,0.00011518779795073329,1.0,0.011847775879129016,0.2237970000000189,220.60482700000003
976,0.00032886356738550743,0.00011499884100565158,1.0,0.011616421050399886,0.2225649999999746,220.827392
977,0.0003282666818198571,0.00011481293786253705,1.0,0.011713659798350474,0.2137880000000223,221.04118000000003
978,0.00032767148861570717,0.00011461741201022549,1.0,0.011616232464403372,0.2388729999999839,221.280053
979,0.000327077928015896,0.00011442741701746337,1.0,0.01173893059946818,0.2377869999999973,221.51784
980,0.00032648607106107176,0.00011424757706586577,1.0,0.011669331197221208,0.24612700000000132,221.763967
981,0.0003258959005465142,0.00011405243687579892,1.0,0.011903224838223586,0.2193730000000187,221.98334000000003
982,0.0003253073772544982,0.00011386211411693989,1.0,0.011728294733783081,0.2265519999999981,222.20989200000002
983,0.0003247204503425217,0.0001136801445123684,1.0,0.011716775676343215,0.2316449999999861,222.441537
984,0.00032413518964334744,0.0001135009295198331,1.0,0.011760494193022105,0.319484000000017,222.76102100000003
985,0.0003235516039604105,0.00011331493860438578,1.0,0.011722868136427025,0.2372349999999983,222.99825600000003
986,0.00032296964133828873,0.00011312370622490326,1.0,0.011616102912165745,0.2562239999999747,223.25448
987,0.000322389266389867,0.00011294181375532811,1.0,0.011809093279164943,0.24383400000002098,223.49831400000002
988,0.000321810497761549,0.00011276976004384006,1.0,0.01133667772332031,0.24329199999999673,223.74160600000002
989,0.00032123339430631815,0.00011258584110673302,1.0,0.011748885234057182,0.32893400000000383,224.07054000000002
990,0.000320657915982569,0.0001123976696149023,1.0,0.011714745317614184,0.24155700000000024,224.31209700000002
991,0.0003200840452924313,0.00011220847705668362,1.0,0.011546501712692182,0.27665299999998183,224.58875
992,0.0003195117904187709,0.00011201794095516462,1.0,0.01175938630034932,0.2505510000000015,224.839301
993,0.0003189410982143124,0.00011183628990030872,1.0,0.011564339760708935,0.2341000000000122,225.07340100000002
994,0.0003183719784226463,0.0001116526706017818,1.0,0.011567175624279597,0.23843800000000215,225.31183900000002
995,0.0003178044390146358,0.00011146645747502757,1.0,0.011606857223128144,0.2325710000000072,225.54441000000003
996,0.0003172384283411647,0.00011128778936099362,1.0,0.01152541754085207,0.24617499999999382,225.79058500000002
997,0.00031667396579587097,0.00011111257392740085,1.0,0.01166516953905009,0.2244619999999884,226.015047
998,0.0003161110850789952,0.00011093728569197664,1.0,0.011589720814652872,0.2262890000000084,226.24133600000002
999,0.00031554976231241505,0.00011076631080986059,1.0,0.011687282790079674,0.22685999999998785,226.468196
1000,0.0003149900135323698,0.00011058445412405932,1.0,0.011667027156147067,0.22632500000000277,226.694521
1001,0.00031443180953152135,0.0001104016877604109,1.0,0.01153492015490098,0.2244190000000117,226.91894000000002
1002,0.0003138751017201094,0.00011022273393560801,1.0,0.011648783967393791,0.2305470000000014,227.14948700000002
1003,0.0003133199235622494,0.00011004508202033668,1.0,0.01158318869436213,0.2170720000000017,227.36655900000002
1004,0.00031276623963894624,0.00010987916424069983,1.0,0.011468651449516231,0.22827999999998383,227.594839
1005,0.0003122141332941183,0.0001097120704074102,1.0,0.011481074188905564,0.22769400000001383,227.82253300000002
1006,0.000311663574812024,0.00010953369903773679,1.0,0.011387137735747396,0.21785699999998087,228.04039
1007,0.0003111144864051857,0.0001093606547802667,1.0,0.011369720139574055,0.21893600000001356,228.25932600000002
1008,0.0003105668929595965,0.00010918577349509178,1.0,0.01147564298971482,0.22222899999999868,228.48155500000001
1009,0.0003100208108197252,0.000109021183624297,1.0,0.011455740427671756,0.2314360000000022,228.71299100000002
1010,0.0003094762455536595,0.00010884962226538148,1.0,0.011508722570406435,0.22165200000000596,228.93464300000002
1011,0.0003089331618544176,0.00010868560726128201,1.0,0.011426076436181239,0.2187889999999868,229.153432
1012,0.00030839159071450106,0.00010852457390178763,1.0,0.011496868671284468,0.22199800000001346,229.37543000000002
1013,0.00030785154079071905,0.00010834623682206605,1.0,0.011417104207771145,0.21717399999999998,229.59260400000002
1014,0.0003073129511905355,0.00010818026627475929,1.0,0.011618277869228474,0.2506569999999897,229.843261
1015,0.00030677585557533195,0.00010800757060401193,1.0,0.011571214117651546,0.21975199999999973,230.063013
1016,0.00030624021216381673,0.00010784144060788798,1.0,0.011676937299017875,0.2130510000000072,230.27606400000002
1017,0.00030570600925971267,0.00010768224136586374,1.0,0.011574290203197782,0.21771699999999328,230.493781
1018,0.00030517330861358765,0.00010750932653740431,1.0,0.011608855165261424,0.22382799999999747,230.717609
1019,0.0003046420230116932,0.00010733919532360206,1.0,0.011413363825347888,0.21654900000001476,230.93415800000002
1020,0.00030411219547561155,0.0001071650962491753,1.0,0.011445004324891853,0.2215970000000027,231.15575500000003
1021,0.00030358374488920025,0.00010699373263763008,1.0,0.01137966261960556,0.22058599999999728,231.37634100000002
1022,0.0003030567030004779,0.0001068281208560715,1.0,0.011480483222969904,0.22688599999997905,231.603227
1023,0.0003025311142388429,0.00010666281437291046,1.0,0.011434409687430954,0.2208880000000022,231.824115
1024,0.0003020069376826802,0.00010649731077350293,1.0,0.011311858583336378,0.2163900000000183,232.04050500000002
1025,0.0003014841993919803,0.0001063349446111905,1.0,0.01145418062567844,0.21985200000000304,232.26035700000003
1026,0.0003009628783515779,0.00010617231683837658,1.0,0.011264901160634258,0.22600499999998647,232.486362
1027,0.0003004429242939394,0.00010601732631328576,1.0,0.011406655821457886,0.21209699999999998,232.698459
1028,0.00029992443134053303,0.00010584590373824295,1.0,0.011375068770108509,0.22692599999999175,232.925385
1029,0.00029940729818097987,0.00010568396380404482,1.0,0.011369660590620858,0.22025400000001127,233.14563900000002
1030,0.00029889155620149797,0.00010553158207721382,1.0,0.011438535691251308,0.22411500000001183,233.36975400000003
1031,0.000298377228815273,0.00010536511204304477,1.0,0.01148631807771523,0.22781599999999003,233.59757000000002
1032,0.00029786427284526126,0.00010519923384372941,1.0,0.01133400710489596,0.21167900000000373,233.80924900000002
1033,0.00029735269767214734,0.00010504263274576033,1.0,0.011429639431366932,0.21617499999999268,234.02542400000002
1034,0.00029684252643960725,0.00010488329267477163,1.0,0.011367477206467462,0.218040000000002,234.24346400000002
1035,0.00029633368010355114,0.00010472425545544599,1.0,0.01128219602297007,0.2217330000000004,234.46519700000002
1036,0.00029582623959344996,0.0001045540059864716,1.0,0.011349710731616818,0.230559999999997,234.69575700000001
1037,0.00029532010794418095,0.00010438737300706728,1.0,0.011342993768747759,0.22452699999999481,234.920284
1038,0.0002948153100460036,0.00010422712644181946,1.0,0.011270492452410614,0.2552960000000155,235.17558000000002
1039,0.00029431184374575383,0.00010406884924558281,1.0,0.01122887572581449,0.22142099999999232,235.39700100000002
1040,0.0002938097209028834,0.0001039072161533524,1.0,0.011362858286579746,0.22315000000000396,235.62015100000002
1041,0.00029330889981185615,0.00010376018905460703,1.0,0.011403516151699905,0.23193200000000047,235.85208300000002
1042,0.00029280943050438853,0.00010359696615329317,1.0,0.011312682114360002,0.2305819999999983,236.08266500000002
1043,0.0002923112935294675,0.00010343924864284681,1.0,0.011323904739068927,0.2263370000000009,236.30900200000002
1044,0.0002918144708316388,0.00010327959759699828,1.0,0.011264881431232908,0.22912399999998456,236.538126
1045,0.00029131895467547506,0.00010311784893162733,1.0,0.011224448379593176,0.2172960000000046,236.755422
1046,0.00029082471418666924,0.00010296594000459292,1.0,0.011340333887011953,0.2184479999999951,236.97387
1047,0.00029033179666875214,0.00010280606327608255,1.0,0.011412868748907401,0.22268600000001015,237.19655600000002
1048,0.00028984017995650833,0.00010264888197070746,1.0,0.011289782822504993,0.21765199999998686,237.414208
1049,0.0002893498621384083,0.00010248923324083248,1.0,0.011397616470740656,0.23023800000001415,237.64444600000002
1050,0.0002888608298106121,0.0001023287630133336,1.0,0.011337079852024994,0.224158999999986,237.868605
1051,0.00028837304382457887,0.00010218826091183998,1.0,0.011256471819327426,0.2253690000000006,238.093974
1052,0.00028788661782791996,0.00010202980592677851,1.0,0.011244135702659907,0.21935200000001487,238.31332600000002
1053,0.0002874014670564657,0.00010187290143240209,1.0,0.011364004821099975,0.21725799999998685,238.530584
1054,0.00028691755606532,0.0001017234415835299,1.0,0.011319555454620897,0.21520100000000753,238.745785
1055,0.00028643491720569905,0.00010157310517880411,1.0,0.01119928348163538,0.21420000000000528,238.95998500000002
1056,0.0002859535606678214,0.00010142103526021581,1.0,0.011274827110823763,0.22826299999999833,239.18824800000002
1057,0.0002854734842805217,0.00010125854242187289,1.0,0.011278006923115197,0.23910900000001334,239.42735700000003
1058,0.0002849946420443476,0.0001011003186989257,1.0,0.011190447199292769,0.22427399999997988,239.651631
1059,0.0002845170284200581,0.00010094789331045449,1.0,0.011191872667270708,0.22142099999999232,239.873052
1060,0.00028404063738267984,0.00010080226263625143,1.0,0.011276997590598572,0.22762800000000993,240.10068
1061,0.0002835655040684034,0.00010064905274101792,1.0,0.011175980783542965,0.22462100000001328,240.32530100000002
1062,0.0002830915840407502,0.00010050035806526306,1.0,0.011350578923672331,0.21650800000000459,240.54180900000003
1063,0.00028261890090449315,0.00010035435183496236,1.0,0.011317979238856248,0.21963199999999006,240.76144100000002
1064,0.000282147495283956,0.00010019774263456233,1.0,0.011252603310721036,0.22109199999999873,240.98253300000002
1065,0.0002816772885533425,0.00010005288021005612,1.0,0.011181171885075081,0.22222199999998793,241.204755
1066,0.0002812082940719752,9.990698448351929e-05,1.0,0.011340385128441115,0.21634199999999737,241.421097
1067,0.00028074050973869263,9.977508537829763e-05,1.0,0.01124292494407445,0.22100500000001944,241.64210200000002
1068,0.0002802739895233276,9.963233423869318e-05,1.0,0.011076954822140482,0.22865999999999076,241.870762
1069,0.00027980871044859247,9.948580091044375e-05,1.0,0.01111087988980814,0.21677099999999427,242.087533
1070,0.0002793446294909874,9.934090809451097e-05,1.0,0.01115185341948774,0.22680700000000797,242.31434000000002
1071,0.0002788817834252804,9.919208914916857e-05,1.0,0.011367284801603431,0.22919600000000173,242.54353600000002
1072,0.0002784201011103441,9.905148995763028e-05,1.0,0.011151859004368839,0.22658799999999246,242.770124
1073,0.0002779596230485406,9.890521864331782e-05,1.0,0.011173406162511026,0.21940499999999474,242.989529
1074,0.0002775003495061854,9.875315041403013e-05,1.0,0.01114571966016112,0.22298800000001506,243.21251700000002
1075,0.00027704223522882055,9.860286064223696e-05,1.0,0.011165619425199598,0.22262100000000373,243.43513800000002
1076,0.0002765852994955029,9.8453555690024e-05,1.0,0.011142620873883891,0.22474699999997938,243.659885
1077,0.00027612951533213337,9.831069201382532e-05,1.0,0.011181701936915298,0.22252800000001116,243.882413
1078,0.00027567491186895264,9.816939165792848e-05,1.0,0.011290810596523492,0.23357300000000691,244.11598600000002
1079,0.000275221479587577,9.80275266228821e-05,1.0,0.010978589709075351,0.23170400000000768,244.34769000000003
1080,0.00027476924766189496,9.787448678924457e-05,1.0,0.011116026269856735,0.24506799999997497,244.592758
1081,0.0002743181063846632,9.774011907148424e-05,1.0,0.011146142041062353,0.21830200000002264,244.81106000000003
1082,0.00027386816238434146,9.759078014922396e-05,1.0,0.011232582077188283,0.22394799999997872,245.035008
1083,0.0002734193553933805,9.74416972363283e-05,1.0,0.011227239434626045,0.21554600000001756,245.25055400000002
1084,0.0002729716823769502,9.729306724205046e-05,1.0,0.011315953463641091,0.22782899999998563,245.478383
1085,0.0002725251370264301,9.715325018991276e-05,1.0,0.011171784460233283,0.22299300000000244,245.701376
1086,0.00027207970688334406,9.701488805692717e-05,1.0,0.011152817407440167,0.22269600000001333,245.92407200000002
1087,0.0002716354456272474,9.687452627810619e-05,1.0,0.011097102892214333,0.21897899999999026,246.143051
1088,0.0002711923200905115,9.673244280444294e-05,1.0,0.011167586371539183,0.22141700000000242,246.36446800000002
1089,0.00027075033449242014,9.658930413660272e-05,1.0,0.011080992829623134,0.22197600000001216,246.58644400000003
1090,0.00027030945603385547,9.645217400475789e-05,1.0,0.011044779070408213,0.2572789999999827,246.843723
1091,0.0002698697045853018,9.631343524609811e-05,1.0,0.011128995670266748,0.24220500000001266,247.08592800000002
1092,0.0002694310662203267,9.616958133549058e-05,1.0,0.011128245603721798,0.2202079999999853,247.306136
1093,0.0002689935187049759,9.603021668340452e-05,1.0,0.011161884031311981,0.22969299999999748,247.535829
1094,0.00026855707847985233,9.589438994534003e-05,1.0,0.01104924743071494,0.21480099999999425,247.75063
1095,0.00026812175192490257,9.575519066528938e-05,1.0,0.011117551373328531,0.21741700000001174,247.968047
1096,0.00026768752460229104,9.561625061153475e-05,1.0,0.011026755921188293,0.22344300000000317,248.19149000000002
1097,0.0002672543927228742,9.546909195980825e-05,1.0,0.011012794561746503,0.23005100000000311,248.42154100000002
1098,0.0002668223498006361,9.532676485614363e-05,1.0,0.011065105981938423,0.25021999999998457,248.671761
1099,0.00026639135350176567,9.518517847031416e-05,1.0,0.010989607594281324,0.21966000000000463,248.891421
1100,0.0002659614326842763,9.504924787950137e-05,1.0,0.011103731283923871,0.22042999999999324,249.111851
1101,0.000265532593997404,9.49047079544197e-05,1.0,0.011042954953652775,0.22199800000001346,249.33384900000001
1102,0.0002651048103480552,9.477223556154753e-05,1.0,0.011013159425507985,0.2158200000000079,249.54966900000002
1103,0.0002646781481249597,9.463387295700665e-05,1.0,0.011165962381388618,0.22840499999998087,249.778074
1104,0.00026425249098989477,9.450087520532939e-05,1.0,0.011031048657932245,0.2183119999999974,249.996386
1105,0.0002638279341236052,9.436769026272105e-05,1.0,0.011170529672942093,0.22827500000002487,250.22466100000003
1106,0.0002634044265186951,9.424376730657045e-05,1.0,0.011075521331883154,0.2137949999999762,250.438456
1107,0.0002629820373224984,9.410588145955696e-05,1.0,0.010880082014345845,0.21689000000000647,250.655346
1108,0.0002625606932726013,9.397028628565184e-05,1.0,0.010916279795630954,0.21817300000000728,250.87351900000002
1109,0.0002621403976327089,9.383825127560134e-05,1.0,0.01098546425947902,0.2215919999999869,251.095111
1110,0.0002617211647576596,9.369510316642687e-05,1.0,0.011026967337167301,0.21521700000002397,251.31032800000003
1111,0.00026130294604341064,9.356157550337582e-05,1.0,0.01093802606307142,0.21674899999999298,251.52707700000002
1112,0.0002608857538877147,9.342552276329319e-05,1.0,0.011094556193555927,0.22118799999998373,251.748265
1113,0.00026046958170498544,9.329259190665866e-05,1.0,0.011007947364250837,0.21703600000000733,251.965301
1114,0.00026005447779746074,9.315268815556585e-05,1.0,0.010976889298346398,0.22370300000000043,252.189004
1115,0.0002596403978810317,9.301681995690232e-05,1.0,0.010963184985944468,0.22699099999999817,252.415995
1116,0.00025922732950457955,9.288515827685858e-05,1.0,0.011042053003522184,0.22826200000000085,252.644257
1117,0.00025881527770613903,9.27532742276295e-05,1.0,0.011006592044323495,0.23171300000001338,252.87597000000002
1118,0.0002584042796661383,9.262091284699738e-05,1.0,0.011096359391248992,0.23018099999998753,253.106151
1119,0.0002579942724346933,9.24911855818857e-05,1.0,0.011022270665130885,0.21804199999999696,253.324193
1120,0.00025758528754960816,9.235933346792091e-05,1.0,0.01093979138369512,0.21721100000002025,253.54140400000003
1121,0.00025717729574682176,9.222971828319676e-05,1.0,0.011032099196690435,0.23575599999998076,253.77716
1122,0.0002567703269188926,9.210107651041624e-05,1.0,0.010902698438948673,0.2456850000000088,254.02284500000002
1123,0.000256364364624143,9.197025866765914e-05,1.0,0.01090096670885277,0.22029799999998545,254.243143
1124,0.0002559593973719783,9.1840143877633e-05,1.0,0.01092541134695787,0.21782000000001744,254.46096300000002
1125,0.0002555554247510051,9.171070093391803e-05,1.0,0.01094377245407758,0.22325799999998708,254.684221
1126,0.0002551524335520755,9.15824274681206e-05,1.0,0.01085682179412181,0.2146460000000161,254.89886700000002
1127,0.0002547504512528909,9.145675191966332e-05,1.0,0.010929606505510395,0.226538000000005,255.12540500000003
1128,0.0002543494767732745,9.132250878007565e-05,1.0,0.01085067021152795,0.2176369999999963,255.34304200000003
1129,0.0002539494618937703,9.119464011645716e-05,1.0,0.010867937553230136,0.21182199999998375,255.554864
1130,0.0002535504299876453,9.107320584976018e-05,1.0,0.010886118637942432,0.22780299999999443,255.782667
1131,0.0002531523920814088,9.094148579684341e-05,1.0,0.010943631284958599,0.2264650000000188,256.009132
1132,0.0002527553127310159,9.081379907492938e-05,1.0,0.010855672642192043,0.21895699999998897,256.228089
1133,0.00025235920022650943,9.068605332045143e-05,1.0,0.010785929794186746,0.22320200000001478,256.451291
1134,0.00025196406575646557,9.055971042252407e-05,1.0,0.010894689478391487,0.23251899999996795,256.68381
1135,0.00025156989183238246,9.043539100746867e-05,1.0,0.010897937676202873,0.2168320000000108,256.900642
1136,0.00025117671164695597,9.030551934163592e-05,1.0,0.010839803473631828,0.21499800000003688,257.11564000000004
1137,0.00025078446072632026,9.018377124450473e-05,1.0,0.010881823612726159,0.22546199999999317,257.34110200000003
1138,0.00025039317094349413,9.00599938823817e-05,1.0,0.010885316287517767,0.22949399999998832,257.570596
1139,0.0002500028284515524,8.993661992307369e-05,1.0,0.010763066635003928,0.22696899999999687,257.797565
1140,0.00024961348218595315,8.980778355026752e-05,1.0,0.010651569826154195,0.2356889999999794,258.033254
1141,0.00024922505330556667,8.96793688419354e-05,1.0,0.010802392858315834,0.22986500000001797,258.263119
1142,0.000248837552341115,8.955250285102152e-05,1.0,0.010766253369558464,0.21814799999998513,258.481267
1143,0.00024845099680282403,8.942405899043205e-05,1.0,0.010826068562333336,0.22006800000002613,258.70133500000003
1144,0.0002480653600683724,8.930500791623684e-05,1.0,0.010674006911029469,0.22121699999996736,258.922552
1145,0.0002476806569318533,8.91837686492347e-05,1.0,0.010725153277881753,0.22574900000000753,259.148301
1146,0.00024729690377639117,8.906480609248424e-05,1.0,0.010726268299278101,0.21683899999999312,259.36514
1147,0.00024691407452703216,8.894128695478299e-05,1.0,0.010670607629033362,0.22629800000004252,259.59143800000004
1148,0.0002465321631512269,8.881313437437159e-05,1.0,0.010775465052349479,0.22141399999998157,259.812852
1149,0.00024615117630453007,8.868713966716989e-05,1.0,0.010787044108843456,0.2209839999999872,260.033836
1150,0.0002457710982343756,8.856741600361599e-05,1.0,0.010686763392331511,0.22444000000001552,260.258276
1151,0.000245391951574782,8.843441505685315e-05,1.0,0.010646345515052674,0.21757900000000063,260.475855
1152,0.00024501368637872944,8.831238832376735e-05,1.0,0.01060975622215007,0.21660299999996369,260.692458
1153,0.0002446363257730373,8.819492872468952e-05,1.0,0.010631298053723898,0.2164680000000203,260.908926
1154,0.0002442598832824126,8.807593955645172e-05,1.0,0.010571784714170784,0.23050499999999374,261.139431
1155,0.0002438843608996995,8.795130211256303e-05,1.0,0.010758415332657817,0.2333849999999984,261.372816
1156,0.0002435097369040265,8.782440595501086e-05,1.0,0.010632779143620678,0.22830800000002682,261.601124
1157,0.00024313597251845515,8.770911800846473e-05,1.0,0.010568975635241321,0.21915100000001075,261.82027500000004
1158,0.00024276310976284376,8.759240536324553e-05,1.0,0.010716523608312056,0.21732699999995475,262.037602
1159,0.0002423911540295231,8.747156270014165e-05,1.0,0.01063581814698813,0.22818399999999883,262.265786
1160,0.00024202006460675483,8.735439555848503e-05,1.0,0.010686872596105701,0.22696700000000192,262.492753
1161,0.00024164989597323273,8.722536900293932e-05,1.0,0.010661641526147469,0.2233910000000492,262.71614400000004
1162,0.00024128059626609682,8.710924820140188e-05,1.0,0.010704485399437625,0.22772899999995388,262.943873
1163,0.00024091217815950145,8.699030595367916e-05,1.0,0.010742127438097836,0.22260199999999486,263.166475
1164,0.00024054461966821044,8.687095337136819e-05,1.0,0.010631950199216362,0.2394670000000474,263.40594200000004
1165,0.00024017792684123785,8.67555414599197e-05,1.0,0.010744712134497634,0.2299759999999651,263.635918
1166,0.0002398121286653569,8.663938683617672e-05,1.0,0.010622246718796323,0.2185259999999971,263.854444
1167,0.00023944718818767576,8.652389317886228e-05,1.0,0.01070219046917137,0.2154340000000161,264.069878
1168,0.00023908310647251723,8.641209165213717e-05,1.0,0.010641028701857257,0.21950399999997217,264.289382
1169,0.00023871990766502702,8.62967884913328e-05,1.0,0.01057520429612299,0.21555600000004915,264.50493800000004
1170,0.00023835756820874698,8.618049560407791e-05,1.0,0.010611060605645541,0.2175659999999766,264.722504
1171,0.00023799609317192458,8.606491019425682e-05,1.0,0.010578600039598712,0.22593999999998005,264.948444
1172,0.000237635478944204,8.594811641005069e-05,1.0,0.010571844651773079,0.21612500000003365,265.16456900000003
1173,0.0002372757136211337,8.583201083954001e-05,1.0,0.01047125822090001,0.21915599999999813,265.383725
1174,0.00023691678975887494,8.57163624948233e-05,1.0,0.01064673242463809,0.21602200000000948,265.59974700000004
1175,0.00023655871065857546,8.560439007832506e-05,1.0,0.010607353685404554,0.22505599999999504,265.82480300000003
1176,0.0002362014853539231,8.548106072783355e-05,1.0,0.010530668290003443,0.2154989999999657,266.040302
1177,0.00023584508590215392,8.536916346278363e-05,1.0,0.010594534254927731,0.23085900000000947,266.271161
1178,0.0002354895320406819,8.525596725504762e-05,1.0,0.010611946946515457,0.2316059999999993,266.502767
1179,0.00023513482120783154,8.513593584035064e-05,1.0,0.010680991890898453,0.22019799999998213,266.722965
1180,0.00023478095035079708,8.502113830152603e-05,1.0,0.010589829815323455,0.22890900000004422,266.95187400000003
1181,0.00023442790235356795,8.490792256531772e-05,1.0,0.010628717285257763,0.21756899999996904,267.169443
1182,0.00023407569110646154,8.478884185496018e-05,1.0,0.010568813560507559,0.2284370000000422,267.39788000000004
1183,0.00023372428494074026,8.467510132099003e-05,1.0,0.01067516148574251,0.2352989999999977,267.63317900000004
1184,0.00023337368443826273,8.455751087488495e-05,1.0,0.010562235107908371,0.22568099999995184,267.85886
1185,0.0002330239096425064,8.444197415839437e-05,1.0,0.010561101587794925,0.21371100000004617,268.07257100000004
1186,0.0002326749393795818,8.433184864172032e-05,1.0,0.010661059430939252,0.2173949999999536,268.289966
1187,0.00023232678900706247,8.422133327450336e-05,1.0,0.01060264919279964,0.3412230000000136,268.631189
1188,0.00023197947458884101,8.410342627863646e-05,1.0,0.010601357433790324,0.29031200000002855,268.92150100000003
1189,0.00023163292589948372,8.399408151252589e-05,1.0,0.010530019664891184,0.2333569999999554,269.154858
1190,0.0002312872203357511,8.387870816201259e-05,1.0,0.010572409542618982,0.22866200000004255,269.38352000000003
1191,0.00023094228533072455,8.376734305994287e-05,1.0,0.010574924679127958,0.2280099999999834,269.61153
1192,0.0002305981658378038,8.365818912665592e-05,1.0,0.010453156087315616,0.22687100000001692,269.83840100000003
1193,0.00023025486672894385,8.354600025279818e-05,1.0,0.010593033678545548,0.219003999999984,270.057405
1194,0.0002299123654017167,8.343448650062574e-05,1.0,0.010637393840862914,0.21780100000000857,270.275206
1195,0.00022957064018208067,8.332694441089113e-05,1.0,0.010604371300149597,0.22917400000000043,270.50438
1196,0.00022922971618185038,8.32189447884647e-05,1.0,0.01057678077640521,0.21953099999996084,270.723911
1197,0.00022888958064744486,8.311139691029217e-05,1.0,0.010534028474815594,0.21276600000004464,270.93667700000003
1198,0.00022855024992524483,8.299207615213568e-05,1.0,0.010592234203747788,0.21847399999995787,271.155151
1199,0.00022821165268124778,8.288399319129773e-05,1.0,0.010488403631678495,0.22667500000000018,271.381826
1200,0.00022787385606417657,8.277902687376969e-05,1.0,0.010604603069858737,0.23375100000004068,271.61557700000003
1201,0.00022753685385055097,8.266775762082083e-05,1.0,0.010602520320550767,0.2245580000000018,271.84013500000003
1202,0.00022720063764795865,8.256131154912383e-05,1.0,0.010629080803580975,0.2241409999999746,272.064276
1203,0.00022686520024169004,8.245358681514174e-05,1.0,0.010550942252424813,0.220499000000018,272.284775
1204,0.0002265305078738914,8.234910344308024e-05,1.0,0.010435499420071744,0.277245999999991,272.562021
1205,0.00022619660824851561,8.22376398137959e-05,1.0,0.01052718852192409,0.2215439999999944,272.783565
1206,0.00022586348256501304,8.212671500224032e-05,1.0,0.010468042107081462,0.2224570000000199,273.00602200000003
1207,0.0002255311154342969,8.201961438097902e-05,1.0,0.01042114787965888,0.22405099999997447,273.230073
1208,0.00022519951728990274,8.190725637343198e-05,1.0,0.010480222886250112,0.23293499999999767,273.463008
1209,0.00022486866812366162,8.179786226141884e-05,1.0,0.010492551447048568,0.2291930000000093,273.692201
1210,0.00022453856687718222,8.169270436327103e-05,1.0,0.010437204349456664,0.2200149999999894,273.912216
1211,0.00022420921696039283,8.158158169418542e-05,1.0,0.010400459795206244,0.23093499999998812,274.143151
1212,0.00022388061612639527,8.146983210267599e-05,1.0,0.010415179599702297,0.2194650000000138,274.362616
1213,0.0002235527650276831,8.136305201855e-05,1.0,0.010491402929165315,0.2326280000000338,274.59524400000004
1214,0.00022322564264461343,8.125885590108994e-05,1.0,0.010463464453817808,0.22071899999997413,274.815963
1215,0.00022289928418924831,8.115334856483611e-05,1.0,0.010391508061780816,0.2296519999999873,275.045615
1216,0.00022257368107287613,8.104499168609062e-05,1.0,0.010424359772962575,0.21805200000000013,275.263667
1217,0.00022224880465764597,8.094203066427915e-05,1.0,0.010408727395435129,0.2293390000000386,275.49300600000004
1218,0.00022192466299873583,8.083893794024877e-05,1.0,0.010310063538145803,0.233113000000003,275.72611900000004
1219,0.00022160128781797592,8.072854945051185e-05,1.0,0.010414436171336283,0.21789400000000114,275.94401300000004
1220,0.00022127861245518075,8.062593012856836e-05,1.0,0.010394529041374966,0.2208439999999996,276.16485700000004
1221,0.00022095669239369318,8.051765010177806e-05,1.0,0.010375422394308349,0.21971999999999525,276.38457700000004
1222,0.0002206354759498908,8.0411588908937e-05,1.0,0.010332260025275888,0.2443219999999542,276.628899
1223,0.00022031498725783556,8.030391541249995e-05,1.0,0.010406336891562836,0.24312500000002046,276.872024
1224,0.00021999522231275114,8.019800525404101e-05,1.0,0.010306215994244852,0.22268600000001015,277.09471
1225,0.00021967616872302465,8.009227906663904e-05,1.0,0.010318652044348833,0.23162300000001323,277.32633300000003
1226,0.00021935782974459743,7.998960335477807e-05,1.0,0.010336299725130046,0.21878199999997605,277.545115
1227,0.00021904019918426895,7.988940106702915e-05,1.0,0.010525232542250247,0.22776500000003352,277.77288000000004
1228,0.00021872328926064854,7.979132827003485e-05,1.0,0.010402495278614721,0.22317499999996926,277.996055
1229,0.000218407116668929,7.968449690859548e-05,1.0,0.010410751375394935,0.23625099999998156,278.232306
1230,0.00021809163215957776,7.957996840032495e-05,1.0,0.010351472998471844,0.2223950000000059,278.454701
1231,0.00021777687700862602,7.947415120300848e-05,1.0,0.010340758912036771,0.22520200000002433,278.679903
1232,0.00021746280803469552,7.937162121400277e-05,1.0,0.010276915857509587,0.22243199999996932,278.902335
1233,0.00021714944327579417,7.927201931554677e-05,1.0,0.010450055021444908,0.22479900000001862,279.127134
1234,0.0002168367724250793,7.917356601215306e-05,1.0,0.010405092870429782,0.22118799999998373,279.348322
1235,0.00021652482946993905,7.906948184996928e-05,1.0,0.010230218244936785,0.21278200000000425,279.561104
1236,0.00021621358854837354,7.896676902091153e-05,1.0,0.01041773680457946,0.22735099999999875,279.788455
1237,0.00021590304658615278,7.886207043711913e-05,1.0,0.010403655331563741,0.22262100000000373,280.011076
1238,0.00021559319563736263,7.876405076605642e-05,1.0,0.010295561836689497,0.22927500000002965,280.24035100000003
1239,0.00021528404569034633,7.86641187730998e-05,1.0,0.010336752923261215,0.21532099999996035,280.455672
1240,0.0002149755829655932,7.856485662236132e-05,1.0,0.010308332859288644,0.21994000000000824,280.675612
1241,0.00021466782768592263,7.84652636928841e-05,1.0,0.010302688050714978,0.2170199999999909,280.892632
1242,0.00021436073906954298,7.836622207425719e-05,1.0,0.010356394513945126,0.22860000000002856,281.121232
1243,0.00021405433545481354,7.826788203373697e-05,1.0,0.010311075512954532,0.23646800000000212,281.3577
1244,0.00021374863068336574,7.816251522294142e-05,1.0,0.010244562988680863,0.2256009999999833,281.583301
1245,0.00021344359071726656,7.806133862863014e-05,1.0,0.010271910313533111,0.22644500000001244,281.809746
1246,0.00021313921676376725,7.79637751467349e-05,1.0,0.010296841846564866,0.24860400000000027,282.05835
1247,0.0002128355318076459,7.786043631310423e-05,1.0,0.010389194616247112,0.21826099999998405,282.276611
1248,0.00021253250867666205,7.776063413023534e-05,1.0,0.01039500905593756,0.22726199999999608,282.503873
1249,0.00021223017205058436,7.766219257506813e-05,1.0,0.010344410276675145,0.2229770000000144,282.72685
1250,0.0002119285074344491,7.756319458528215e-05,1.0,0.010333187675619597,0.23546399999997902,282.962314
1251,0.00021162749399584495,7.746517783702354e-05,1.0,0.010122668408215024,0.2237480000000005,283.186062
1252,0.00021132716095838215,7.736555350842006e-05,1.0,0.010210226893821606,0.22206900000003316,283.408131
1253,0.00021102749802941482,7.726263898565598e-05,1.0,0.010203409866221253,0.23061000000001286,283.63874100000004
1254,0.00021072848412927213,7.716234520660042e-05,1.0,0.01029148767079756,0.22170399999998835,283.860445
1255,0.00021043010335337203,7.706813015613484e-05,1.0,0.01017423033541849,0.21809799999999768,284.078543
1256,0.0002101323900867416,7.697311798577907e-05,1.0,0.010247570084297754,0.219304999999963,284.297848
1257,0.00020983534707207059,7.687890281292608e-05,1.0,0.010198254381810809,0.21225200000003497,284.5101
1258,0.00020953897215012264,7.677980021777734e-05,1.0,0.01014963213335287,0.2239240000000109,284.73402400000003
1259,0.00020924324522643144,7.667883669714447e-05,1.0,0.010205546856038195,0.2230779999999868,284.957102
1260,0.00020894816210072754,7.658030217859393e-05,1.0,0.010105228526336586,0.22942299999999705,285.186525
1261,0.0002086537330021189,7.647970448091341e-05,1.0,0.010222808857068728,0.22131500000000415,285.40784
1262,0.0002083599331927393,7.63859786927857e-05,1.0,0.010112334848475733,0.22480999999999085,285.63265
1263,0.0002080667792383431,7.629236382186808e-05,1.0,0.010144892225986264,0.22849500000000944,285.861145
1264,0.00020777426482561717,7.620402163040158e-05,1.0,0.010216593281021797,0.25884700000000294,286.119992
1265,0.00020748242281202505,7.610754691865672e-05,1.0,0.010245368251004737,0.21667500000000928,286.33666700000003
1266,0.0002071912025424971,7.601141911978368e-05,1.0,0.010083735519941317,0.237733999999989,286.574401
1267,0.00020690061873027281,7.591704398894803e-05,1.0,0.010066487122367554,0.22770600000001195,286.80210700000003
1268,0.000206610657223864,7.582826222488875e-05,1.0,0.010035684221035363,0.22553999999996677,287.027647
1269,0.0002063213410677358,7.573557862774991e-05,1.0,0.010097481701201987,0.22981800000002295,287.257465
1270,0.00020603269634209633,7.563510870949314e-05,1.0,0.010129709732412867,0.23175099999997428,287.489216
1271,0.00020574465142922344,7.553527606289668e-05,1.0,0.010149963443876097,0.21860000000003765,287.70781600000004
1272,0.000205457223458911,7.543889753264397e-05,1.0,0.010082666168196143,0.22027399999996078,287.92809
1273,0.0002051704292359372,7.534126635689292e-05,1.0,0.010086767988618179,0.22333100000003014,288.151421
1274,0.00020488424686394043,7.524684076537287e-05,1.0,0.010130198197341381,0.21673099999998158,288.368152
1275,0.0002045986781073539,7.515220030356334e-05,1.0,0.010024215651662612,0.2245889999999804,288.592741
1276,0.00020431371758977487,7.50613456903313e-05,1.0,0.010276388252752221,0.22618600000004108,288.81892700000003
1277,0.0002040293971748136,7.496103597593216e-05,1.0,0.010139098410966383,0.21822499999996126,289.037152
1278,0.00020374568268794756,7.486733289010991e-05,1.0,0.01013885745368332,0.2185259999999971,289.255678
1279,0.00020346258465736344,7.477550892265569e-05,1.0,0.010078442580383566,0.21711500000003525,289.472793
1280,0.00020318009464181879,7.467857726409787e-05,1.0,0.010185046802597018,0.22521000000000413,289.698003
1281,0.00020289819803737846,7.458449375289435e-05,1.0,0.010235205030749258,0.2247459999999819,289.922749
1282,0.00020261690793348078,7.449059249476844e-05,1.0,0.010203773629863234,0.2199019999999905,290.142651
1283,0.00020233623355585574,7.439541275360963e-05,1.0,0.010327032752824815,0.2185140000000274,290.361165
1284,0.00020205615426357359,7.430821312794015e-05,1.0,0.010146588567426512,0.23225600000000668,290.59342100000003
1285,0.00020177667597080895,7.421232650435488e-05,1.0,0.01028094597084296,0.22041099999995595,290.813832
1286,0.00020149779956924916,7.411964944723719e-05,1.0,0.010133315606348113,0.21960200000000896,291.033434
1287,0.00020121952227040692,7.402598962349604e-05,1.0,0.010179915771383871,0.23411400000003368,291.26754800000003
1288,0.00020094184760093464,7.393167464172918e-05,1.0,0.01020382905568638,0.22396299999996927,291.491511
1289,0.00020066475534689533,7.384265775699235e-05,1.0,0.010224045883624746,0.2247120000000109,291.716223
1290,0.00020038826787133136,7.3750651008027e-05,1.0,0.010159362190055992,0.2182210000000282,291.93444400000004
1291,0.0002001123706957054,7.366048956025035e-05,1.0,0.010157010113419084,0.22287099999999782,292.15731500000004
1292,0.0001998370693436172,7.357128163507254e-05,1.0,0.01006039190000266,0.2275980000000004,292.38491300000004
1293,0.000199562361708727,7.348411122085858e-05,1.0,0.010130777814804951,0.22519899999997506,292.610112
1294,0.00019928823404492794,7.339989705275485e-05,1.0,0.010103045668223551,0.23019599999997808,292.840308
1295,0.000199014715715556,7.330789159008397e-05,1.0,0.010035209349540823,0.21546900000004143,293.05577700000003
1296,0.00019874178309317163,7.322242840819606e-05,1.0,0.010102565923722585,0.218200999999965,293.273978
1297,0.00019846944036206753,7.31357961864608e-05,1.0,0.010042793252546514,0.2270690000000286,293.501047
1298,0.00019819767736273911,7.304877145955384e-05,1.0,0.010054489579041958,0.21771000000001095,293.71875700000004
1299,0.00019792651201853902,7.295875537623545e-05,1.0,0.010085542138789056,0.22431899999997995,293.943076
1300,0.00019765591500184922,7.286710770256668e-05,1.0,0.010105012820964435,0.21710899999999356,294.160185
1301,0.00019738587171757677,7.278638195071879e-05,1.0,0.01000350546754692,0.21877699999998867,294.378962
1302,0.0001971164386482976,7.269607612390152e-05,1.0,0.010036744719653396,0.22928400000000693,294.608246
1303,0.00019684758462765973,7.261108312156974e-05,1.0,0.01009817693273672,0.23864900000000944,294.846895
1304,0.00019657930595256472,7.252059515996248e-05,1.0,0.010047495581961859,0.29784899999998515,295.144744
1305,0.00019631159024944804,7.243577052874462e-05,1.0,0.010113314675635946,0.25052500000003874,295.39526900000004
1306,0.00019604445393969766,7.234511836014838e-05,1.0,0.010019836302685606,0.23545599999999922,295.63072500000004
1307,0.0001957778801717621,7.225386187827177e-05,1.0,0.010023684969210996,0.23786699999999428,295.86859200000004
1308,0.00019551186009413973,7.217071072993031e-05,1.0,0.009984860032159648,0.31001799999995683,296.17861
1309,0.0001952464217200457,7.207942111057332e-05,1.0,0.009986347125301068,0.2651299999999992,296.44374
1310,0.00019498153473266317,7.198899785338253e-05,1.0,0.010083611657817546,0.24153100000000904,296.685271
1311,0.00019471719663256135,7.189932006452925e-05,1.0,0.010010239677033734,0.29221200000000636,296.977483
1312,0.0001944534136993725,7.181075658328833e-05,1.0,0.010134641710447655,0.23850400000003447,297.21598700000004
1313,0.00019419018476178596,7.172206754964608e-05,1.0,0.010086504749463971,0.22925199999997403,297.445239
1314,0.000193927510407413,7.163110750857571e-05,1.0,0.00994990573581408,0.2651870000000258,297.71042600000004
1315,0.0001936653700536778,7.155114600888324e-05,1.0,0.009943728982238794,0.2326919999999859,297.943118
1316,0.00019340380263952353,7.146454715457831e-05,1.0,0.010106834408231243,0.22637900000000855,298.16949700000004
1317,0.0001931427871418721,7.137274491519902e-05,1.0,0.010013260043239469,0.22773599999999306,298.397233
1318,0.00019288231325054173,7.128573669523397e-05,1.0,0.010026166216220524,0.2564919999999802,298.653725
1319,0.00019262237977931703,7.119941693287143e-05,1.0,0.009967262163375014,0.23115400000000363,298.884879
1320,0.0001923629811258588,7.111000215124972e-05,1.0,0.01000632070766846,0.22106500000001006,299.105944
1321,0.0001921041232170565,7.10289634324218e-05,1.0,0.00996190187096554,0.23555099999998674,299.341495
1322,0.00019184582946760848,7.09418680814625e-05,1.0,0.009984803060551257,0.23066699999998264,299.572162
1323,0.00019158807025415798,7.085529450286808e-05,1.0,0.009936428971485233,0.2574070000000006,299.829569
1324,0.0001913308442232124,7.076906629965876e-05,1.0,0.010057809720853851,0.2345910000000231,300.06416
1325,0.00019107415643389923,7.068442732030603e-05,1.0,0.0100082933739327,0.22380500000002712,300.28796500000004
1326,0.0001908179876094548,7.06089714654542e-05,1.0,0.009964945322237873,0.284326999999962,300.572292
1327,0.00019056239129941027,7.052306973177937e-05,1.0,0.0100028993527463,0.23600800000002664,300.80830000000003
1328,0.00019030732076836659,7.043714438149236e-05,1.0,0.009957072826904934,0.28981099999998605,301.098111
1329,0.00019005277729457497,7.035078260743334e-05,1.0,0.009910160763032744,0.2610030000000165,301.35911400000003
1330,0.0001897987568751278,7.026589506212985e-05,1.0,0.009988796155836428,0.2942099999999641,301.653324
1331,0.00018954526497778605,7.01775021781995e-05,1.0,0.009914523787074312,0.25163700000001654,301.904961
1332,0.00018929229975759367,7.009079747160796e-05,1.0,0.009995331499951448,0.23452700000001414,302.13948800000003
1333,0.00018903984845196708,7.000195979526529e-05,1.0,0.010000693086091896,0.24864299999995865,302.388131
1334,0.00018878790206524587,6.992166538766484e-05,1.0,0.00992583805448311,0.3217960000000062,302.709927
1335,0.00018853650205198982,6.983752482593238e-05,1.0,0.009951909734234115,0.23003099999999677,302.939958
1336,0.00018828561353447326,6.976241981251684e-05,1.0,0.009924165260245808,0.23490400000002865,303.174862
1337,0.00018803525500007433,6.96852000545507e-05,1.0,0.009860511859117037,0.25700599999998985,303.431868
1338,0.00018778543532646706,6.960204156356706e-05,1.0,0.009892081534574736,0.2747140000000172,303.706582
1339,0.0001875361216372203,6.952057773613165e-05,1.0,0.009828263172432036,0.2207679999999641,303.92735
1340,0.00018728732395183897,6.943833347912957e-05,1.0,0.009854384724917476,0.24617400000005318,304.17352400000004
1341,0.00018703905164659646,6.935449045776936e-05,1.0,0.009986267570196305,0.23305099999998902,304.40657500000003
1342,0.00018679128534508367,6.927261755646572e-05,1.0,0.009886320079882377,0.2884669999999687,304.695042
1343,0.00018654402906161213,6.919408800497874e-05,1.0,0.009837143053357386,0.2868400000000406,304.98188200000004
1344,0.0001862972979495605,6.911287907094992e-05,1.0,0.009848101024286649,0.23971699999998464,305.221599
1345,0.00018605105555726458,6.904022135676635e-05,1.0,0.009763092276347782,0.24702300000001287,305.46862200000004
1346,0.0001858053587269285,6.896252478586095e-05,1.0,0.0097687131223139,0.2929449999999747,305.761567
1347,0.00018556018285923592,6.88830950272477e-05,1.0,0.009934173555529576,0.2606959999999958,306.022263
1348,0.00018531550962489347,6.880045063916993e-05,1.0,0.009778567318588553,0.25461899999999105,306.276882
1349,0.0001850713451445447,6.871496787265066e-05,1.0,0.009836284725219371,0.3508810000000153,306.627763
1350,0.00018482767044277352,6.863501328972943e-05,1.0,0.009739045038861199,0.24362999999999602,306.871393
1351,0.0001845844914654179,6.85539424540017e-05,1.0,0.009864382637983888,0.23851999999999407,307.109913
1352,0.00018434180441132225,6.847537973334345e-05,1.0,0.009810108550627736,0.25010300000002417,307.36001600000003
1353,0.00018409962142525204,6.839489069562417e-05,1.0,0.009720931672737437,0.24139800000000378,307.60141400000003
1354,0.00018385793198010024,6.831560360989152e-05,1.0,0.00979938656093033,0.23251899999996795,307.833933
1355,0.00018361673433733424,6.823392255916175e-05,1.0,0.009856280974875505,0.22310300000003735,308.05703600000004
1356,0.00018337601511298805,6.815274295543149e-05,1.0,0.009852197968933453,0.2874209999999948,308.34445700000003
1357,0.00018313579912377753,6.807136503796819e-05,1.0,0.009825751155651822,0.22764899999998534,308.572106
1358,0.00018289608005679335,6.799160850533963e-05,1.0,0.009779987442112125,0.2528209999999831,308.824927
1359,0.00018265685026133555,6.79109254032278e-05,1.0,0.009852574499366355,0.22499600000003284,309.04992300000004
1360,0.00018241811034991248,6.782981759106387e-05,1.0,0.009785694158399675,0.2301029999999855,309.280026
1361,0.00018217983180463586,6.775003095707743e-05,1.0,0.0097996420401321,0.232358999999974,309.512385
1362,0.0001819420444907096,6.766633777048632e-05,1.0,0.009860693755655953,0.25361200000003237,309.765997
1363,0.00018170471221101492,6.758900527890281e-05,1.0,0.009775665590467855,0.22487699999999222,309.990874
1364,0.00018146788286954176,6.750724067430772e-05,1.0,0.009816233503992156,0.22550799999999072,310.216382
1365,0.00018123153115274566,6.742696837295195e-05,1.0,0.00980183505122604,0.2589990000000171,310.475381
1366,0.00018099564209307948,6.734911526386012e-05,1.0,0.009688068826189545,0.2255869999999618,310.700968
1367,0.00018076023831404807,6.727059186309938e-05,1.0,0.009804545158163303,0.23411000000004378,310.93507800000003
1368,0.00018052530881117453,6.719125308510156e-05,1.0,0.009787703802185396,0.23702900000000682,311.17210700000004
1369,0.00018029085864410403,6.711195537722257e-05,1.0,0.009763735249888007,0.25661499999995385,311.428722
1370,0.00018005687805465324,6.703061492273266e-05,1.0,0.009774544934068052,0.2404109999999946,311.669133
1371,0.00017982337460191079,6.695036520872387e-05,1.0,0.009826752345334852,0.22604800000004843,311.89518100000004
1372,0.00017959033160162762,6.687281106046076e-05,1.0,0.00975651875322243,0.22094199999997954,312.116123
1373,0.00017935776298741852,6.679493743565705e-05,1.0,0.00971930529274133,0.22097700000000486,312.3371
1374,0.0001791256692913149,6.672011344956587e-05,1.0,0.00975360426282093,0.22380499999997028,312.560905
1375,0.0001788940531645015,6.664045655386517e-05,1.0,0.009729366997773532,0.21619000000004007,312.77709500000003
1376,0.00017866289108106915,6.655827775663353e-05,1.0,0.009767438197446238,0.21011199999998098,312.987207
1377,0.0001784321797405337,6.647974124381445e-05,1.0,0.009686583563826236,0.22829600000000028,313.215503
1378,0.00017820194077841482,6.639927439682373e-05,1.0,0.009807944018582633,0.20952599999998256,313.425029
1379,0.00017797214736074994,6.632386788967199e-05,1.0,0.009736691848114735,0.221129000000019,313.646158
1380,0.00017774281808430163,6.624659998589636e-05,1.0,0.009682844957224976,0.2144010000000094,313.860559
1381,0.0001775139523852376,6.616843147129941e-05,1.0,0.009661362380093602,0.21069899999997688,314.071258
1382,0.0001772855451049407,6.609180945450938e-05,1.0,0.009634140974420993,0.2304470000000265,314.301705
1383,0.00017705759032818105,6.601496990747214e-05,1.0,0.009622655603793436,0.22248600000000351,314.52419100000003
1384,0.00017683009448761765,6.59349310295885e-05,1.0,0.009688469117925142,0.21456100000000333,314.73875200000003
1385,0.0001766030330575416,6.586206480641345e-05,1.0,0.00975859190932146,0.21807200000000648,314.95682400000004
1386,0.00017637644107336032,6.57837272732709e-05,1.0,0.009584233936547216,0.21082099999995307,315.167645
1387,0.00017615029857534037,6.570829990825455e-05,1.0,0.009606653846721639,0.22147900000004483,315.38912400000004
1388,0.00017592460932476915,6.563331454875407e-05,1.0,0.009664964444650525,0.21509699999995746,315.604221
1389,0.0001756993592848458,6.556026277764225e-05,1.0,0.009842410776341525,0.2270390000000475,315.83126000000004
1390,0.00017547456913474764,6.548246669978989e-05,1.0,0.009707424401671631,0.23545999999998912,316.06672000000003
1391,0.00017525022552441138,6.540552487230491e-05,1.0,0.009587517850283006,0.21214799999995648,316.278868
1392,0.00017502632886597875,6.532940638983643e-05,1.0,0.009618580342237922,0.2261590000000524,316.50502700000004
1393,0.0001748028706794748,6.525389492537147e-05,1.0,0.009582032638218734,0.22716499999995676,316.732192
1394,0.00017457984913907536,6.517857814388631e-05,1.0,0.009621057067382704,0.22353600000002416,316.955728
1395,0.00017435726601645735,6.510659136856138e-05,1.0,0.009633144426573178,0.2145179999999982,317.170246
1396,0.00017413513340728244,6.503258162683107e-05,1.0,0.009744348011592881,0.21404200000000628,317.384288
1397,0.00017391344010443804,6.49590041368908e-05,1.0,0.009578664950068242,0.2214389999999753,317.605727
1398,0.00017369218683313913,6.488952785437591e-05,1.0,0.009647955282289275,0.2112510000000043,317.816978
1399,0.0001734713773733765,6.481935674435268e-05,1.0,0.009730564118803268,0.21638799999999492,318.033366
1400,0.00017325101012655985,6.474636024619977e-05,1.0,0.009647200195406486,0.22408200000000988,318.257448
1401,0.00017303108730359686,6.467239272043052e-05,1.0,0.009817887461948572,0.22103500000002896,318.47848300000004
1402,0.0001728116023221867,6.459528992991409e-05,1.0,0.009685550575200477,0.21258299999999508,318.69106600000003
1403,0.00017259252890376733,6.452261110835293e-05,1.0,0.009596949713647255,0.21012199999995573,318.901188
1404,0.00017237388923382175,6.445113448405213e-05,1.0,0.009608663924558057,0.2427340000000413,319.14392200000003
1405,0.00017215569108811827,6.43794450591147e-05,1.0,0.009661630744580525,0.2081569999999715,319.352079
1406,0.00017193792386523233,6.430613762533568e-05,1.0,0.009599555238386811,0.2158239999999978,319.567903
1407,0.00017172058721906413,6.423429352948729e-05,1.0,0.009661793201694824,0.22196900000000142,319.789872
1408,0.0001715036809439381,6.416239508909387e-05,1.0,0.009608134509762136,0.21805799999998499,320.00793
1409,0.00017128721196026821,6.409236457334843e-05,1.0,0.009705655837769183,0.21211800000003223,320.220048
1410,0.000171071178125253,6.401927056509103e-05,1.0,0.009678343973769784,0.21928200000002107,320.43933000000004
1411,0.00017085555861058924,6.394606099200215e-05,1.0,0.009623070615744791,0.23365199999994957,320.672982
1412,0.00017064035611356033,6.387661207425242e-05,1.0,0.009619904286485148,0.22223000000002457,320.895212
1413,0.00017042557664223408,6.381048021311209e-05,1.0,0.009733392319151513,0.2273389999999722,321.122551
1414,0.00017021123194136805,6.374014133993595e-05,1.0,0.009638070621514895,0.2102170000000001,321.332768
1415,0.0001699973079212461,6.366847204839823e-05,1.0,0.009634326989948077,0.21455500000001848,321.547323
1416,0.00016978379938462773,6.359755235346498e-05,1.0,0.009662759035694541,0.22213199999998778,321.769455
1417,0.00016957072155681025,6.35231216689127e-05,1.0,0.009634616337524217,0.22231800000002977,321.991773
1418,0.00016935805436757767,6.345303143926034e-05,1.0,0.009606458067774647,0.2237180000000194,322.21549100000004
1419,0.00016914580208519088,6.338105309664906e-05,1.0,0.009571023481089283,0.22115499999995336,322.436646
1420,0.00016893396108631206,6.330959161401254e-05,1.0,0.00962013195603914,0.2172130000000152,322.653859
1421,0.0001687225249336796,6.324074152036505e-05,1.0,0.009564160190705717,0.2074010000000044,322.86126
1422,0.0001685115043820265,6.316995352040883e-05,1.0,0.009603948614504372,0.21952800000002526,323.08078800000004
1423,0.00016830089569695627,6.310111850884929e-05,1.0,0.009604422316206979,0.21869299999997338,323.299481
1424,0.0001680907002615248,6.303065290955578e-05,1.0,0.009533851972162537,0.21275900000000547,323.51224
1425,0.00016788092142571218,6.295989446777546e-05,1.0,0.009550070000567097,0.21291899999999941,323.725159
1426,0.00016767154601733314,6.288876140359767e-05,1.0,0.009553696624255283,0.22436299999998255,323.949522
1427,0.00016746258193826516,6.281774219350105e-05,1.0,0.00947317021428312,0.22497400000003154,324.17449600000003
1428,0.0001672540181858424,6.27488923868797e-05,1.0,0.009490871577752337,0.2311329999999998,324.40562900000003
1429,0.0001670458578192602,6.267783579023763e-05,1.0,0.009551179453775243,0.21916799999996783,324.624797
1430,0.00016683811139512196,6.26079352106434e-05,1.0,0.009508221598921682,0.21793900000000122,324.842736
1431,0.00016663076533292474,6.253713409248901e-05,1.0,0.00953207079106744,0.22766200000000936,325.070398
1432,0.00016642382381703923,6.246766288712652e-05,1.0,0.009552810851683738,0.22840200000001687,325.2988
1433,0.0001662172732978109,6.239624959759345e-05,1.0,0.009558276764561658,0.21759499999996024,325.516395
1434,0.00016601111998386858,6.232559855996228e-05,1.0,0.009455990698569278,0.23202200000002904,325.748417
1435,0.00016580535485769118,6.225541778784359e-05,1.0,0.009483934971535223,0.2210269999999923,325.969444
1436,0.00016559998164112684,6.219023976666484e-05,1.0,0.009626139818979838,0.21732400000001917,326.18676800000003
1437,0.00016539500990875877,6.211906119968251e-05,1.0,0.009505283458974681,0.21314599999999473,326.399914
1438,0.0001651904373877813,6.205096139017307e-05,1.0,0.00952607937295663,0.2229719999999702,326.622886
1439,0.00016498625978990096,6.198426316777812e-05,1.0,0.009508436396594615,0.21251700000004803,326.83540300000004
1440,0.00016478247938564577,6.19143762876915e-05,1.0,0.00967036107193972,0.22381599999999935,327.05921900000004
1441,0.00016457909190162133,6.18444096803367e-05,1.0,0.00951005897708231,0.21335399999998117,327.272573
1442,0.00016437608401123578,6.177851522076237e-05,1.0,0.009588609942786295,0.22113899999999376,327.493712
1443,0.0001641734696619664,6.171347801197681e-05,1.0,0.00949885577470757,0.22104799999999614,327.71476
1444,0.00016397125515183285,6.164293103403668e-05,1.0,0.009510419440378262,0.23076700000001438,327.945527
1445,0.00016376942666200566,6.157462415573471e-05,1.0,0.009481844923992941,0.21918399999998428,328.164711
1446,0.00016356798458522654,6.150575731620575e-05,1.0,0.009551115572792097,0.22118000000000393,328.385891
1447,0.0001633669255142565,6.143854062319991e-05,1.0,0.009483978734382705,0.2128579999999829,328.598749
1448,0.0001631662599186805,6.136853694704467e-05,1.0,0.009516564946707313,0.2151550000000384,328.81390400000004
1449,0.00016296596521578926,6.130138400877109e-05,1.0,0.00945659714672197,0.21020199999998113,329.024106
1450,0.00016276604784069094,6.123596262743773e-05,1.0,0.00943299194488709,0.2238839999999982,329.24799
1451,0.0001625665166324321,6.11691385128512e-05,1.0,0.009444402198271456,0.22364900000002308,329.47163900000004
1452,0.00016236737341375325,6.11043403848101e-05,1.0,0.009607870437423545,0.21443299999998544,329.686072
1453,0.00016216861237045352,6.103547440665971e-05,1.0,0.009521641285020982,0.22036400000001777,329.90643600000004
1454,0.00016197021882392252,6.097013944983644e-05,1.0,0.009509442373450852,0.4685339999999769,330.37497
1455,0.0001617722102677917,6.090197277544013e-05,1.0,0.009476444910728592,0.22248600000000351,330.597456
1456,0.00016157457576736482,6.083532207295141e-05,1.0,0.009465485378546336,0.22651000000001886,330.82396600000004
1457,0.00016137731129297502,6.07719877160808e-05,1.0,0.009451056009785196,0.2190209999999979,331.04298700000004
1458,0.00016118043442614008,6.0706195336322866e-05,1.0,0.009476632313575381,0.23367700000000013,331.27666400000004
1459,0.00016098392740349616,6.0639119890521156e-05,1.0,0.009521339787024371,0.224378999999999,331.50104300000004
1460,0.000160787793680924,6.057267651442006e-05,1.0,0.009477595971747623,0.21440400000000182,331.71544700000004
1461,0.00016059203483166274,6.0505395888495066e-05,1.0,0.00944694752075428,0.22726199999999608,331.94270900000004
1462,0.0001603966447002405,6.0438721756554045e-05,1.0,0.009480335474944514,0.22461199999997916,332.167321
1463,0.00016020162569465901,6.03729879097829e-05,1.0,0.00953825043195803,0.22737399999999752,332.394695
1464,0.0001600069768817827,6.030912346850021e-05,1.0,0.009554985676622173,0.21492899999998372,332.609624
1465,0.00015981270005422732,6.024157889080482e-05,1.0,0.009486351162665801,0.22840300000001434,332.838027
1466,0.00015961878741448126,6.0174675533348664e-05,1.0,0.009527468466790825,0.2243090000000052,333.062336
1467,0.00015942524508164762,6.0108982171744875e-05,1.0,0.009513304570255938,0.22523100000000795,333.287567
1468,0.00015923205903490786,6.0045625613988645e-05,1.0,0.009561045719443158,0.2162710000000061,333.50383800000003
1469,0.0001590392426935916,5.9983144212515205e-05,1.0,0.00957398476617817,0.22670099999999138,333.730539
1470,0.00015884678451466832,5.992047904706801e-05,1.0,0.00962081883011042,0.22476100000000088,333.9553
1471,0.0001586546943746407,5.9855031075658914e-05,1.0,0.009516336061146347,0.22049099999998134,334.175791
1472,0.00015846297049539008,5.978812502220695e-05,1.0,0.009552432728842705,0.2320630000000392,334.40785400000004
1473,0.00015827159684271783,5.972352519609442e-05,1.0,0.009479328724697273,0.22697699999997667,334.634831
1474,0.00015808058572904288,5.966016181858544e-05,1.0,0.009546165697521303,0.21754900000001953,334.85238000000004
1475,0.00015788992903784964,5.959962431198976e-05,1.0,0.009467745560421698,0.23237799999998288,335.084758
1476,0.0001576996432190597,5.953394479010482e-05,1.0,0.009414784668959193,0.2165499999999838,335.301308
1477,0.00015750971215817747,5.947349705357616e-05,1.0,0.0094545340935333,0.21230900000000474,335.513617
1478,0.00015732014073022,5.941187637742225e-05,1.0,0.009442855241211046,0.22178700000000617,335.735404
1479,0.00015713092956954537,5.9348667111961485e-05,1.0,0.00938606680639157,0.21896800000001804,335.95437200000003
1480,0.00015694207512250823,5.928444161565777e-05,1.0,0.009489625859604747,0.22094499999997197,336.175317
1481,0.00015675357397839084,5.9222074685910705e-05,1.0,0.009324055336450221,0.22614700000002586,336.40146400000003
1482,0.00015656541351766147,5.916175485812254e-05,1.0,0.009372901376910246,0.2301769999999692,336.631641
1483,0.00015637762384930845,5.909788918608196e-05,1.0,0.009401446510648392,0.23495300000001862,336.866594
1484,0.00015619018367265852,5.903149864162102e-05,1.0,0.009429355311797493,0.2198179999999752,337.086412
1485,0.0001560030946268781,5.896725813911172e-05,1.0,0.009391248918323094,0.2118820000000028,337.298294
1486,0.00015581635002878525,5.89071228847464e-05,1.0,0.009386298997190002,0.23950600000000577,337.5378
1487,0.00015562995392036084,5.884610567678704e-05,1.0,0.009378072260362576,0.22755300000000034,337.765353
1488,0.00015544390624916716,5.878283751561087e-05,1.0,0.009302904844932179,0.22274300000003677,337.98809600000004
1489,0.0001552582180939356,5.871725579737213e-05,1.0,0.009372129230899744,0.21713399999998728,338.20523000000003
1490,0.0001550728612938005,5.865765496618563e-05,1.0,0.009342618166091927,0.22572500000001128,338.43095500000004
1491,0.0001548878516632216,5.859790779750903e-05,1.0,0.009310788695373585,0.23390299999999797,338.66485800000004
1492,0.0001547031889033104,5.853653949722385e-05,1.0,0.009299939802417266,0.21712199999996074,338.88198
1493,0.0001545188687205593,5.847199525830759e-05,1.0,0.009269096938155114,0.21580399999999145,339.097784
1494,0.00015433488846776562,5.841006582757504e-05,1.0,0.009341866250011292,0.2367900000000418,339.33457400000003
1495,0.00015415124675051514,5.834690454956655e-05,1.0,0.00927378157915086,0.22512199999999893,339.55969600000003
1496,0.0001539679522648991,5.8287063405515836e-05,1.0,0.009407497796961733,0.23590999999998985,339.795606
1497,0.000153785007890996,5.8224611847155796e-05,1.0,0.009340170223178852,0.21083599999997205,340.006442
1498,0.00015360239376890737,5.8161171679183755e-05,1.0,0.009434962940129452,0.22178500000001122,340.228227
1499,0.00015342010252114295,5.8103736130854186e-05,1.0,0.009361076678710346,0.2216280000000097,340.449855
1500,0.00015323816193944616,5.804261725091102e-05,1.0,0.00932766731578535,0.2118899999999826,340.661745
1501,0.00015305656051792203,5.798113370647516e-05,1.0,0.00934833677810422,0.22602000000000544,340.887765
1502,0.00015287529036140074,5.7920872943747216e-05,1.0,0.00932359979628656,0.23003199999999424,341.117797
1503,0.0001526943685790428,5.785727621181916e-05,1.0,0.00927997365181251,0.2194870000000151,341.337284
1504,0.00015251377426204517,5.7794189040457566e-05,1.0,0.009354280151697396,0.22565500000001748,341.56293900000003
1505,0.00015233350721975997,5.77324798839077e-05,1.0,0.00935534855046702,0.2228359999999725,341.785775
1506,0.00015215357158861097,5.7668519699208355e-05,1.0,0.009423358203392783,0.22193700000002536,342.007712
1507,0.00015197394894373367,5.76084065385568e-05,1.0,0.009358451351007817,0.21223199999997178,342.219944
1508,0.00015179466741174186,5.754996974290479e-05,1.0,0.009301997136617923,0.2235430000000065,342.443487
1509,0.00015161571798002026,5.749020509170758e-05,1.0,0.009317412984869723,0.21871099999998478,342.662198
1510,0.00015143709743564517,5.742865703309053e-05,1.0,0.009395225279916642,0.22241600000000972,342.884614
1511,0.00015125879604123825,5.73714970273456e-05,1.0,0.009437186039948017,0.218008999999995,343.102623
1512,0.0001510808247695787,5.731493366634263e-05,1.0,0.009354832402811958,0.22038000000003422,343.323003
1513,0.00015090319217412858,5.7255727328399365e-05,1.0,0.009184967942274821,0.21564100000000508,343.53864400000003
1514,0.0001507258911842483,5.719754101031011e-05,1.0,0.009288162890384616,0.2191970000000083,343.75784100000004
1515,0.0001505489241914575,5.713519094946672e-05,1.0,0.009323218059240596,0.222725999999966,343.980567
1516,0.00015037226813919557,5.7073221316914746e-05,1.0,0.00926681409450414,0.21072800000001735,344.191295
1517,0.0001501959364933555,5.700968482983016e-05,1.0,0.009300706023811849,0.2194939999999974,344.410789
1518,0.0001500199202154943,5.694845609051021e-05,1.0,0.009247353614991127,0.22596499999997377,344.636754
1519,0.0001498442221237856,5.688851139706625e-05,1.0,0.009348679304292923,0.22238200000003872,344.85913600000003
1520,0.0001496688461928372,5.6828970421122723e-05,1.0,0.009311218509220096,0.2336740000000077,345.09281000000004
1521,0.00014949378988917927,5.6765982807682516e-05,1.0,0.009238878757555066,0.2274630000000002,345.32027300000004
1522,0.0001493190389823827,5.670578363559254e-05,1.0,0.009271268703688799,0.2233169999999518,345.54359
1523,0.0001491446165297693,5.664440309166496e-05,1.0,0.009358404724711871,0.2154000000000451,345.75899000000004
1524,0.00014897050509734378,5.658442891645687e-05,1.0,0.009343261967942567,0.21553299999999354,345.97452300000003
1525,0.0001487967032637949,5.65238692550672e-05,1.0,0.009382782350031213,0.21478899999999612,346.18931200000003
1526,0.00014862321438131027,5.6462504655579115e-05,1.0,0.009338023454778514,0.22582099999999627,346.415133
1527,0.0001484500335939803,5.6404013922099466e-05,1.0,0.009303976877035349,0.21437600000001567,346.62950900000004
1528,0.00014827716896358042,5.63455063742128e-05,1.0,0.009333722921765986,0.23147199999999657,346.86098100000004
1529,0.00014810462037254723,5.62868886656589e-05,1.0,0.009297847130531632,0.2192789999999718,347.08026
1530,0.00014793238027563727,5.6232541055905875e-05,1.0,0.009335125469592472,0.214320999999984,347.294581
1531,0.00014776047145274946,5.617066683835494e-05,1.0,0.009331804334103603,0.22906600000004573,347.52364700000004
1532,0.00014758885594630348,5.611311385013779e-05,1.0,0.00925379349704857,0.22570799999999736,347.74935500000004
1533,0.00014741755228808663,5.605666475820261e-05,1.0,0.00930891422285349,0.21350300000000288,347.96285800000004
1534,0.00014724656024832022,5.600417250564686e-05,1.0,0.009249860556417662,0.2205359999999814,348.183394
1535,0.00014707589005948362,5.594516937431398e-05,1.0,0.009242091975847666,0.2227280000000178,348.40612200000004
1536,0.00014690552648902205,5.588851388085697e-05,1.0,0.009327268558134311,0.21449499999999944,348.62061700000004
1537,0.00014673546449248446,5.583550500471124e-05,1.0,0.009258292080745993,0.2215229999999906,348.84214000000003
1538,0.000146565722453335,5.577961283144494e-05,1.0,0.009204432706483525,0.21215499999999565,349.054295
1539,0.00014639629327060664,5.572442842661018e-05,1.0,0.009230600069217623,0.2343089999999961,349.288604
1540,0.00014622717459793482,5.5667117471890926e-05,1.0,0.009207267137365057,0.21336400000001277,349.50196800000003
1541,0.00014605836312416565,5.5610996112199965e-05,1.0,0.009279756726322795,0.2305939999999964,349.73256200000003
1542,0.00014588986130213837,5.5551116684271454e-05,1.0,0.009305028361967015,0.23190199999999095,349.964464
1543,0.00014572164967263182,5.549538249349633e-05,1.0,0.00917309096320911,0.21415799999999763,350.178622
1544,0.00014555374766954602,5.543631020150267e-05,1.0,0.009158351538671144,0.21609799999998813,350.39472
1545,0.00014538612972032523,5.538039839764781e-05,1.0,0.009213211610189048,0.2301530000000298,350.62487300000004
1546,0.00014521881400668244,5.532194484936768e-05,1.0,0.009236186428677434,0.22944599999999582,350.85431900000003
1547,0.0001450518041429244,5.526772351341058e-05,1.0,0.0091440669889789,0.2174169999999549,351.071736
1548,0.00014488509714538484,5.520945540190811e-05,1.0,0.009307199238595366,0.2152030000000309,351.286939
1549,0.00014471868128258886,5.5156282016244496e-05,1.0,0.00916332292385819,0.22655900000000884,351.513498
1550,0.00014455256987431939,5.510253694336949e-05,1.0,0.009174346590192737,0.22454299999998284,351.738041
1551,0.00014438677334105643,5.504350788225629e-05,1.0,0.009141735139702217,0.2219580000000292,351.95999900000004
1552,0.00014422126365910376,5.4985946784265865e-05,1.0,0.009173645387414659,0.22404299999999466,352.18404200000003
1553,0.00014405604274604378,5.493093730244813e-05,1.0,0.00926437543876579,0.23129599999998618,352.415338
1554,0.00014389111644456704,5.487694873553998e-05,1.0,0.009233072926533546,0.2223769999999945,352.637715
1555,0.00014372649590936582,5.481926343652891e-05,1.0,0.009239638278496153,0.22195299999998497,352.859668
1556,0.00014356216083497426,5.47675759380117e-05,1.0,0.009322802012693645,0.22226399999999558,353.081932
1557,0.0001433981236614894,5.4713380041034324e-05,1.0,0.009244542337702754,0.2104980000000296,353.29243
1558,0.00014323438709327413,5.465617558008899e-05,1.0,0.009288661679248737,0.23526499999996986,353.527695
1559,0.00014307093921923981,5.4600547580185e-05,1.0,0.009209261918156823,0.2178540000000453,353.74554900000004
1560,0.00014290778067174348,5.454340880450811e-05,1.0,0.009247132372217444,0.21502899999995861,353.960578
1561,0.00014274490161552328,5.449120414910478e-05,1.0,0.00925985851711751,0.22793100000001232,354.188509
1562,0.00014258232538117113,5.443477174030192e-05,1.0,0.009223018380712997,0.216274999999996,354.404784
1563,0.00014242004080027747,5.437722053611399e-05,1.0,0.00916984949373179,0.212963000000002,354.617747
1564,0.0001422580375543693,5.432234458809072e-05,1.0,0.009144768456086463,0.21717799999998988,354.834925
1565,0.0001420963290516156,5.426746690523223e-05,1.0,0.009176545753924006,0.2159000000000333,355.05082500000003
1566,0.00014193489877836068,5.4212755395300696e-05,1.0,0.009140762874590263,0.23422599999997828,355.285051
1567,0.00014177375567023815,5.4158986371086994e-05,1.0,0.00924417374102861,0.2215699999999856,355.506621
1568,0.0001416129055589632,5.410343216023332e-05,1.0,0.00920133513380026,0.22280299999999897,355.729424
1569,0.00014145232460232543,5.4052814168505235e-05,1.0,0.00925885375919983,0.22683000000000675,355.956254
1570,0.00014129205807320665,5.3995051330996705e-05,1.0,0.00919851822094578,0.23250200000001087,356.188756
1571,0.00014113206334935924,5.393848215881485e-05,1.0,0.009188548299050147,0.22216000000003078,356.41091600000004
1572,0.00014097234310733042,5.38861854068023e-05,1.0,0.009198095714778701,0.22207499999996116,356.632991
1573,0.00014081290607417262,5.38308527163222e-05,1.0,0.009188154384303858,0.21284900000000562,356.84584
1574,0.0001406537488995216,5.377785239990457e-05,1.0,0.009144078426129501,0.2313930000000255,357.07723300000004
1575,0.00014049487832187735,5.3724390988314766e-05,1.0,0.00915726107837198,0.217000999999982,357.294234
1576,0.0001403362879482532,5.367079682632834e-05,1.0,0.00910000820603333,0.21208500000000186,357.506319
1577,0.00014017798253032287,5.361540563495894e-05,1.0,0.009116434599814875,0.24006800000000794,357.746387
1578,0.00014001994426500578,5.3560950335641794e-05,1.0,0.009222203848616193,0.21125299999999925,357.95764
1579,0.00013986218316287453,5.3506036331786144e-05,1.0,0.009165098490260346,0.2246399999999653,358.18228
1580,0.00013970470365155986,5.3452094012538445e-05,1.0,0.009063422081893232,0.22304900000000316,358.405329
1581,0.00013954748802556387,5.3400319492433916e-05,1.0,0.009077703460280237,0.21308500000003505,358.61841400000003
1582,0.00013939054972486215,5.3348842744708204e-05,1.0,0.00921128465134916,0.22317499999996926,358.841589
1583,0.00013923388695432482,5.329485407065733e-05,1.0,0.009209133901395045,0.21255700000000388,359.054146
1584,0.00013907750322726187,5.3242847739959505e-05,1.0,0.009113338556239279,0.2310080000000312,359.28515400000003
1585,0.00013892139917738035,5.318864318910327e-05,1.0,0.009170019527663616,0.21437499999996135,359.499529
1586,0.0001387655652842006,5.313532226879412e-05,1.0,0.009051521627349566,0.21467499999999973,359.714204
1587,0.00013861000171548483,5.308568316231724e-05,1.0,0.009132809723688372,0.2211369999999988,359.935341
1588,0.00013845471680964456,5.303559802484161e-05,1.0,0.009124457201296938,0.21511800000001813,360.150459
1589,0.00013829970112352974,5.298447733426352e-05,1.0,0.009163233931357406,0.2252990000000068,360.375758
1590,0.00013814496602571126,5.292954151223568e-05,1.0,0.009130526075161958,0.2205979999999954,360.596356
1591,0.00013799049520720602,5.2874765778427177e-05,1.0,0.009090898158607244,0.22017099999999346,360.816527
1592,0.00013783629514155273,5.2820313171308336e-05,1.0,0.00914314806869186,0.22426699999999755,361.040794
1593,0.00013768235721858512,5.2767592410016094e-05,1.0,0.009164960029566217,0.21408200000001898,361.254876
1594,0.0001375286873506331,5.271279144225529e-05,1.0,0.009047421393905644,0.22051999999996497,361.475396
1595,0.00013737528053013286,5.2662496709746886e-05,1.0,0.00910417721846685,0.214129000000014,361.689525
1596,0.00013722213629114032,5.261063033374988e-05,1.0,0.00907690260154402,0.22130700000002435,361.910832
1597,0.00013706926312931822,5.255970774994315e-05,1.0,0.009093656758254192,0.2279959999999619,362.138828
1598,0.0001369166631823263,5.250950996668814e-05,1.0,0.009089543305880908,0.22679100000004837,362.36561900000004
1599,0.0001367643329994075,5.245561877927361e-05,1.0,0.009092425508275999,0.2255490000000009,362.59116800000004
1600,0.00013661226214525487,5.2402220990852046e-05,1.0,0.009159691261614871,0.21950599999996712,362.810674
1601,0.00013646044902259483,5.2350878765704097e-05,1.0,0.009111745651604186,0.2216940000000136,363.032368
1602,0.0001363089041528173,5.229934399662888e-05,1.0,0.009025075180243158,0.23679399999997486,363.269162
1603,0.00013615762002380455,5.224840028372635e-05,1.0,0.00907589974278794,0.221129000000019,363.490291
1604,0.00013600660171788598,5.2197410961978086e-05,1.0,0.009129601790936937,0.2234550000000013,363.713746
1605,0.0001358558512507858,5.214689453374296e-05,1.0,0.009085278269706926,0.2154469999999833,363.929193
1606,0.0001357053578226199,5.2096764708988275e-05,1.0,0.009062253327565837,0.23155800000000681,364.160751
1607,0.00013555513039129063,5.204337529678384e-05,1.0,0.009048640967425869,0.21658100000001923,364.377332
1608,0.00013540515448727948,5.1992251516240885e-05,1.0,0.00917124671264379,0.22449000000000296,364.601822
1609,0.00013525543993475863,5.1939632919276225e-05,1.0,0.009052387231934893,0.2221969999999942,364.824019
1610,0.0001351059782009192,5.189036692891121e-05,1.0,0.00899116236563154,0.21710400000000618,365.041123
1611,0.00013495677606422331,5.183814841336879e-05,1.0,0.009033876525834988,0.2200159999999869,365.261139
1612,0.00013480783088177153,5.178540918644728e-05,1.0,0.009137587719599468,0.21373599999998305,365.474875
1613,0.00013465914059216877,5.1733092658466e-05,1.0,0.009006747113049036,0.2169499999999971,365.691825
1614,0.00013451070379150293,5.1680266708313075e-05,1.0,0.009033566421333447,0.21570100000002412,365.907526
1615,0.00013436251534252472,5.1628756560404264e-05,1.0,0.00898354000555434,0.22907600000002049,366.13660200000004
1616,0.00013421457573467468,5.157960731449617e-05,1.0,0.009042464459256654,0.2140749999999798,366.350677
1617,0.00013406689435138547,5.1530468175364575e-05,1.0,0.009026668778112715,0.21506799999997384,366.565745
1618,0.0001339194731450578,5.147924312248852e-05,1.0,0.008987916347214794,0.2212750000000483,366.78702000000004
1619,0.0001337722993704193,5.1431489889295284e-05,1.0,0.008933623859016943,0.21515399999998408,367.002174
1620,0.00013362538262348623,5.138047044794377e-05,1.0,0.008986370050604731,0.2147199999999998,367.216894
1621,0.00013347871561855419,5.1328068197414635e-05,1.0,0.009029987899599433,0.2191930000000184,367.43608700000004
1622,0.00013333229179394212,5.127895674802681e-05,1.0,0.00910855862241897,0.2181749999999738,367.654262
1623,0.00013318612240938345,5.122978449317921e-05,1.0,0.009012624927115747,0.21941800000001876,367.87368000000004
1624,0.00013304020842587138,5.118125033963719e-05,1.0,0.009010106969199511,0.21344699999997374,368.087127
1625,0.0001328945494027956,5.11287468685222e-05,1.0,0.009044279678807622,0.22240399999998317,368.309531
1626,0.00013274912925495316,5.107987694883141e-05,1.0,0.00899671811356453,0.2164200000000278,368.525951
1627,0.00013260396249141257,5.102997013628365e-05,1.0,0.0089650632741104,0.22368799999998146,368.749639
1628,0.00013245904187297015,5.0977414271114486e-05,1.0,0.008977818993627413,0.23175800000001345,368.981397
1629,0.000132314359949782,5.0925430878976986e-05,1.0,0.008918626684086302,0.22423600000001898,369.20563300000003
1630,0.00013216992450560203,5.087431226081882e-05,1.0,0.009025214316777877,0.22028000000000247,369.42591300000004
1631,0.00013202572122483885,5.08290889223505e-05,1.0,0.008990317346164201,0.2152709999999729,369.641184
1632,0.00013188177323559524,5.077877875111756e-05,1.0,0.008970554124175842,0.22445600000003196,369.86564000000004
1633,0.00013173807228327805,5.0730853438182196e-05,1.0,0.009023563844290967,0.21437899999995125,370.080019
1634,0.00013159461728235407,5.0682566537651665e-05,1.0,0.008963697737102705,0.22143400000004476,370.30145300000004
1635,0.00013145140899933149,5.063290914055767e-05,1.0,0.008932606627752424,0.21823200000000043,370.51968500000004
1636,0.00013130843495708888,5.0586927137096425e-05,1.0,0.008993480446459702,0.21812399999998888,370.737809
1637,0.00013116571653971998,5.0539344878138626e-05,1.0,0.009015191191125631,0.21605399999998554,370.953863
1638,0.00013102323932166686,5.048973465229609e-05,1.0,0.00891086082036069,0.21683400000000574,371.170697
1639,0.0001308810056973107,5.044117820362824e-05,1.0,0.008937382401139782,0.22696600000000444,371.397663
1640,0.00013073901487985722,5.039299727249842e-05,1.0,0.008989133341566358,0.23063700000000154,371.6283
1641,0.00013059726886463518,5.034513389829664e-05,1.0,0.008930077834114373,0.2352510000000052,371.86355100000003
1642,0.0001304557650365368,5.0294856607059967e-05,1.0,0.00892560942700161,0.22007500000000846,372.08362600000004
1643,0.00013031449769483595,5.024538102377634e-05,1.0,0.008961634645791158,0.22786899999999832,372.31149500000004
1644,0.00013017346478243552,5.019708407411941e-05,1.0,0.00903577565631959,0.22761800000000676,372.53911300000004
1645,0.00013003267468290102,5.014877673866141e-05,1.0,0.008911398218282157,0.22495499999996582,372.764068
1646,0.00012989212419139656,5.010091223946904e-05,1.0,0.008911810438106111,0.2334250000000111,372.997493
1647,0.00012975180668573275,5.005005495063378e-05,1.0,0.008927407042129142,0.21590299999996887,373.213396
1648,0.0001296117206391245,5.000148826788695e-05,1.0,0.008959787450771384,0.2481400000000349,373.461536
1649,0.00012947187248408946,4.9951407923259194e-05,1.0,0.00894108699871961,0.22775500000000193,373.689291
1650,0.0001293322545355287,4.99030733171688e-05,1.0,0.008836538902907413,0.21327600000000757,373.90256700000003
1651,0.00012919286598826388,4.985725011703872e-05,1.0,0.008966322775677738,0.2226389999999583,374.125206
1652,0.00012905372321999175,4.980840669034843e-05,1.0,0.008886219396719085,0.21376800000001595,374.338974
1653,0.00012891480654473437,4.976088646916757e-05,1.0,0.008940999510562913,0.21611400000000458,374.555088
1654,0.00012877611885609908,4.971431106426199e-05,1.0,0.008847224623527225,0.22082499999999072,374.775913
1655,0.00012863766616107646,4.966762907955172e-05,1.0,0.008976398915937243,0.21892700000000787,374.99484
1656,0.00012849944880389996,4.961830810473525e-05,1.0,0.008850371926317694,0.21831000000003087,375.21315000000004
1657,0.0001283614599255658,4.9570130630374364e-05,1.0,0.009069526151800315,0.21727799999996478,375.430428
1658,0.00012822369893779944,4.952331789189615e-05,1.0,0.008927278009003144,0.2334329999999909,375.663861
1659,0.00012808617186866925,4.947579542748018e-05,1.0,0.008864409179884581,0.21778900000003887,375.88165000000004
1660,0.00012794886802318433,4.9431486164519844e-05,1.0,0.008871439815929548,0.21707299999997076,376.098723
1661,0.00012781180038448373,4.9385340125975496e-05,1.0,0.008916097719125663,0.21720800000002782,376.31593100000003
1662,0.00012767496155296072,4.933776725907979e-05,1.0,0.008921625833470392,0.222095999999965,376.538027
1663,0.0001275383470917844,4.92908563838627e-05,1.0,0.00891606689569474,0.21200600000003078,376.75003300000003
1664,0.00012740196903301596,4.92430345171742e-05,1.0,0.008902827073089366,0.2259159999999838,376.975949
1665,0.00012726581243178983,4.919521951839583e-05,1.0,0.008797861699062116,0.23277799999999615,377.208727
1666,0.00012712988010029594,4.91501975530563e-05,1.0,0.008974255919330477,0.2309900000000198,377.43971700000003
1667,0.00012699418057345637,4.910629892240892e-05,1.0,0.008860070843289273,0.22130199999998013,377.661019
1668,0.00012685871057704866,4.905854065079276e-05,1.0,0.008909036152417067,0.21989899999999807,377.880918
1669,0.00012672346666188315,4.9009848152065735e-05,1.0,0.008842163406856798,0.22991000000001804,378.110828
1670,0.0001265884424903217,4.8963313287651435e-05,1.0,0.008865213620139697,0.22093399999999974,378.331762
1671,0.00012645364484581515,4.891657185125526e-05,1.0,0.008863028468517551,0.22073199999999815,378.552494
1672,0.00012631907793476027,4.88683001194253e-05,1.0,0.008898592282910636,0.21533499999998185,378.767829
1673,0.00012618472595415177,4.8821875972683616e-05,1.0,0.008820892313519837,0.2327240000000188,379.000553
1674,0.00012605060181739412,4.8773306626454156e-05,1.0,0.008879699629212178,0.2300769999999943,379.23063
1675,0.00012591668824110748,4.872751390510993e-05,1.0,0.008827728511434797,0.23138099999999895,379.462011
1676,0.0001257829958503789,4.868491445088665e-05,1.0,0.008797189197908535,0.22581900000000132,379.68783
1677,0.00012564953727664584,4.863778035270655e-05,1.0,0.008771027521359474,0.2115079999999807,379.899338
1678,0.0001255162947157467,4.859186596057e-05,1.0,0.008789315740479819,0.21651300000002038,380.115851
1679,0.00012538327320469928,4.8545766404016446e-05,1.0,0.008799382873212976,0.23122399999999743,380.347075
1680,0.00012525046767643893,4.850060818932841e-05,1.0,0.00877212366397704,0.2161949999999706,380.56327
1681,0.00012511787384309858,4.845562109291402e-05,1.0,0.008854545490982343,0.21956099999999878,380.782831
1682,0.00012498550367291976,4.841182298711599e-05,1.0,0.008808871761066669,0.2249840000000063,381.007815
1683,0.00012485335577137999,4.836521026568393e-05,1.0,0.008728489350896387,0.22341199999999617,381.231227
1684,0.0001247214216085998,4.832112455737406e-05,1.0,0.008767621523825134,0.21326800000002777,381.444495
1685,0.0001245897182263656,4.827602032407021e-05,1.0,0.008805109090132568,0.220546000000013,381.66504100000003
1686,0.0001244582306149997,4.822945808117579e-05,1.0,0.008762566924446389,0.2135940000000005,381.87863500000003
1687,0.00012432694523276648,4.8184909161045274e-05,1.0,0.008730324359355378,0.22275500000000648,382.10139000000004
1688,0.00012419587987097817,4.813913709204376e-05,1.0,0.008793543062641343,0.21839799999997922,382.319788
1689,0.00012406503114354613,4.8094215582008277e-05,1.0,0.00876041138578822,0.22061400000001186,382.54040200000003
1690,0.00012393439687881957,4.804988832778023e-05,1.0,0.008840611491272682,0.22930800000000318,382.76971000000003
1691,0.00012380397647441025,4.800775246860435e-05,1.0,0.008895353815680813,0.22542999999996027,382.99514
1692,0.00012367377688366445,4.796269942461661e-05,1.0,0.008852880098710414,0.21465100000000348,383.209791
1693,0.00012354379313771836,4.7917844286349975e-05,1.0,0.008867193219312836,0.22960900000003903,383.43940000000003
1694,0.00012341402401841998,4.78741097392173e-05,1.0,0.008784903423789289,0.22484299999996438,383.664243
1695,0.0001232844664393276,4.7828222221724214e-05,1.0,0.008850874734888436,0.2162670000000162,383.88051
1696,0.00012315511834844688,4.77862584951112e-05,1.0,0.008779800843376071,0.21759300000002213,384.09810300000004
1697,0.0001230259902259863,4.7743691215069624e-05,1.0,0.008780138486061084,0.23140599999999267,384.32950900000003
1698,0.0001228970792284879,4.769857020206714e-05,1.0,0.008760296608163246,0.22894099999996342,384.55845
1699,0.00012276837967936075,4.765361962344062e-05,1.0,0.008782719544645481,0.2132010000000264,384.771651
1700,0.00012263988843563825,4.7608461626219505e-05,1.0,0.008796129276947397,0.22443800000002057,384.99608900000004
1701,0.00012251160821889943,4.756442948464694e-05,1.0,0.008808046932017033,0.21505899999999656,385.21114800000004
1702,0.00012238353382108385,4.752171280638496e-05,1.0,0.008751395198698582,0.21984899999995378,385.430997
1703,0.0001222556675229121,4.747903321025075e-05,1.0,0.008835146483255209,0.21859700000004523,385.64959400000004
1704,0.0001221280126490096,4.7434992632853484e-05,1.0,0.008860799319081887,0.22898899999995592,385.878583
1705,0.00012200057260180431,4.739053105624272e-05,1.0,0.008804646053358007,0.21376500000002352,386.092348
1706,0.00012187333676626916,4.734517941614882e-05,1.0,0.008848339428617472,0.21531199999998307,386.30766
1707,0.00012174630584175231,4.730216911693447e-05,1.0,0.008812252850338417,0.21439400000002706,386.522054
1708,0.0001216194796331537,4.7258951289717674e-05,1.0,0.008756721200220325,0.2212430000000154,386.74329700000004
1709,0.00012149285754619896,4.7215986395529195e-05,1.0,0.008824522393238752,0.2146049999999491,386.957902
1710,0.00012136643790598781,4.717285571463819e-05,1.0,0.008757894692286635,0.22957100000002129,387.187473
1711,0.00012124023066854955,4.712951193380418e-05,1.0,0.008743368664137196,0.21367700000001832,387.40115000000003
1712,0.00012111422759300597,4.708624305602749e-05,1.0,0.008799175997741495,0.2420759999999973,387.643226
1713,0.00012098843376631058,4.7041030744040166e-05,1.0,0.008752951987612254,0.22786800000000085,387.871094
1714,0.00012086283650869075,4.699786005673299e-05,1.0,0.008799642757512743,0.21550700000000234,388.08660100000003
1715,0.0001207374473580116,4.6954058828067876e-05,1.0,0.008700055651588516,0.22378499999996393,388.310386
1716,0.00012061226052099242,4.690855185208226e-05,1.0,0.008770040168921241,0.22237400000000207,388.53276
1717,0.0001204872723726458,4.686474265695207e-05,1.0,0.008716396877776774,0.23081899999999678,388.763579
1718,0.00012036248553825065,4.682122762413382e-05,1.0,0.00873151960220798,0.2144880000000171,388.978067
1719,0.0001202378967698971,4.677834139402637e-05,1.0,0.008668359188057983,0.21536700000001474,389.193434
1720,0.00012011351308051152,4.673648729071428e-05,1.0,0.008749014820230869,0.22012200000000348,389.413556
1721,0.00011998932754623415,4.669316203423787e-05,1.0,0.008719237087124902,0.2189239999999586,389.63248
1722,0.00011986534591927202,4.664986613659561e-05,1.0,0.008743456875886443,0.21399400000001378,389.846474
1723,0.00011974156344818107,4.660683479467733e-05,1.0,0.008753200135965197,0.2340960000000223,390.08057
1724,0.0001196179801318168,4.6564042573450804e-05,1.0,0.00872627200281706,0.21775099999996428,390.298321
1725,0.0001194945978444713,4.652186747577304e-05,1.0,0.008717236826381754,0.22459900000001198,390.52292
1726,0.00011937141857152762,4.64767898997692e-05,1.0,0.008696761602543655,0.22850199999999177,390.751422
1727,0.0001192484278868138,4.643378818642759e-05,1.0,0.008786451778908357,0.22457800000000816,390.976
1728,0.00011912563392555899,4.639244220753899e-05,1.0,0.00866062044604809,0.22007999999999583,391.19608
1729,0.00011900304183129936,4.6349538653320434e-05,1.0,0.00873145600886988,0.2151590000000283,391.411239
1730,0.0001188806446484486,4.630911859970763e-05,1.0,0.00875067872463667,0.2145439999999894,391.625783
1731,0.0001187584494119487,4.626758237059474e-05,1.0,0.008761147478039551,0.22340500000001384,391.849188
1732,0.00011863645138571752,4.62234365043775e-05,1.0,0.00876218927604732,0.2266740000000027,392.07586200000003
1733,0.00011851464224430229,4.618287646955625e-05,1.0,0.00877432764505209,0.40609899999998333,392.481961
1734,0.00011839302914590356,4.613940176759226e-05,1.0,0.008741746812727241,0.23051199999997607,392.712473
1735,0.00011827160823209398,4.609862517465873e-05,1.0,0.008774760406019757,0.2179710000000341,392.930444
1736,0.00011815038641238352,4.605571930319326e-05,1.0,0.008755361215091947,0.2256039999999757,393.156048
1737,0.00011802935228382153,4.60136508522444e-05,1.0,0.008751401339522485,0.21954700000003413,393.37559500000003
1738,0.00011790850688293144,4.597208028765159e-05,1.0,0.008732978520927873,0.22328599999997323,393.598881
1739,0.00011778785560655494,4.5931239000121314e-05,1.0,0.008792543044104501,0.2194390000000226,393.81832
1740,0.00011766740305033783,4.588864880770204e-05,1.0,0.008730556147055774,0.2255749999999921,394.043895
1741,0.00011754714028013793,4.584832003961332e-05,1.0,0.008763964514045153,0.22227800000001707,394.26617300000004
1742,0.00011742707165471642,4.58063594526366e-05,1.0,0.008708827067785694,0.22411199999999099,394.49028500000003
1743,0.0001173071950675279,4.576522333687307e-05,1.0,0.00866038675385954,0.22710399999999709,394.717389
1744,0.0001171875063102093,4.5725198784229224e-05,1.0,0.00871756298864222,0.21340699999996104,394.930796
1745,0.00011706801449278029,4.568245824185129e-05,1.0,0.008712033448679648,0.2260930000000485,395.15688900000004
1746,0.00011694870776992927,4.564106101055708e-05,1.0,0.00867807464731544,0.21823999999998023,395.375129
1747,0.0001168295886847748,4.560011600699272e-05,1.0,0.008653765663959484,0.21878099999997858,395.59391
1748,0.00011671066019393152,4.555884917458107e-05,1.0,0.008692437136493723,0.22338700000000244,395.817297
1749,0.00011659192422815582,4.551632807397026e-05,1.0,0.008744055775753282,0.22280399999999645,396.040101
1750,0.00011647336955306162,4.547620584401604e-05,1.0,0.008623196161300806,0.21751299999999674,396.257614
1751,0.00011635500138298358,4.5438426206424606e-05,1.0,0.008686717316908378,0.21822300000002315,396.475837
1752,0.00011623682675833069,4.539864819526166e-05,1.0,0.00872044042927017,0.23520100000001776,396.71103800000003
1753,0.00011611884736795059,4.535546355097102e-05,1.0,0.00865671150835597,0.2323910000000069,396.94342900000004
1754,0.00011600104851644674,4.531482313194919e-05,1.0,0.008607069645069803,0.2182669999999689,397.161696
1755,0.00011588343833745938,4.527356997789543e-05,1.0,0.008600794556724243,0.21324300000003404,397.37493900000004
1756,0.00011576601040544708,4.5234698303063235e-05,1.0,0.008654628655123167,0.2191949999999565,397.594134
1757,0.0001156487777897012,4.519408377085765e-05,1.0,0.008580201528184828,0.21611899999999196,397.810253
1758,0.000115531725887938,4.515729091337454e-05,1.0,0.008659500163868598,0.21871000000004415,398.02896300000003
1759,0.00011541486535186405,4.511578680345731e-05,1.0,0.008660692927331137,0.22704899999996542,398.256012
1760,0.0001152981960126459,4.507227182414644e-05,1.0,0.008620490857128751,0.22630200000003242,398.48231400000003
1761,0.00011518170126401784,4.503194583678027e-05,1.0,0.008589939850064631,0.21759399999996276,398.699908
1762,0.00011506538995497295,4.498954417813313e-05,1.0,0.008672912965432215,0.22813500000000886,398.928043
1763,0.00011494925353718295,4.495021303601981e-05,1.0,0.008678989395962369,0.21700200000003633,399.14504500000004
1764,0.00011483330599022117,4.491114203946782e-05,1.0,0.008680148821828545,0.21200499999997646,399.35705
1765,0.00011471754859161267,4.486960311567838e-05,1.0,0.008669066075245955,0.22287099999999782,399.579921
1766,0.00011460196453811994,4.482942118644616e-05,1.0,0.008624753632516842,0.21965499999998883,399.799576
1767,0.00011448655646038431,4.479125883757524e-05,1.0,0.00861637461027774,0.21701799999999594,400.016594
1768,0.00011437133069468281,4.4751763699876185e-05,1.0,0.008694394033907734,0.22590300000001662,400.242497
1769,0.00011425628803060314,4.471242103429238e-05,1.0,0.008603349131309643,0.23242199999998547,400.474919
1770,0.00011414142648797097,4.467156457802045e-05,1.0,0.008580017940945706,0.21456000000000586,400.689479
1771,0.0001140267413474141,4.463218488766043e-05,1.0,0.008622329884935036,0.22694100000001072,400.91642
1772,0.00011391223798135427,4.459376282311584e-05,1.0,0.008630021608576814,0.21896700000002056,401.13538700000004
1773,0.0001137979190705048,4.4553980515580206e-05,1.0,0.008655969372786752,0.21540499999997564,401.350792
1774,0.00011368378072730128,4.4514205756203695e-05,1.0,0.008698856639514948,0.22492499999998472,401.575717
1775,0.00011356982002205849,4.4475864552359604e-05,1.0,0.008663053189884987,0.22743500000001404,401.803152
1776,0.00011345604102791405,4.443550405136191e-05,1.0,0.008637559659004547,0.22399200000000974,402.027144
1777,0.00011334244121706444,4.4396506219401914e-05,1.0,0.00863790302252989,0.21945399999998472,402.246598
1778,0.00011322901935300666,4.4359023355751896e-05,1.0,0.008597823719692555,0.24206300000003012,402.48866100000004
1779,0.00011311577341956593,4.4320326200434146e-05,1.0,0.008631589917123959,0.22591099999999642,402.71457200000003
1780,0.00011300270358593006,4.428180123961364e-05,1.0,0.008617769963815965,0.22737999999998237,402.941952
1781,0.00011288981249247518,4.424214398671155e-05,1.0,0.008628500073374306,0.22203000000001794,403.16398200000003
1782,0.00011277709806474528,4.4203310289376045e-05,1.0,0.008622039867168325,0.2185660000000098,403.38254800000004
1783,0.00011266455556212403,4.416691869353742e-05,1.0,0.008609254985522294,0.21483299999999872,403.59738100000004
1784,0.00011255219360080232,4.4128926373474426e-05,1.0,0.008619886016521918,0.2279959999999619,403.825377
1785,0.00011244001215648566,4.4089712127913575e-05,1.0,0.008656206915552352,0.22750500000000784,404.052882
1786,0.00011232799667567015,4.4051451725145654e-05,1.0,0.008612887691523343,0.21720099999998865,404.270083
1787,0.00011221616826484723,4.401157755742198e-05,1.0,0.008498888432494507,0.22615200000001323,404.496235
1788,0.00011210450492853808,4.397383921236663e-05,1.0,0.008539515216342405,0.22257200000001376,404.718807
1789,0.0001119930197825233,4.3934412636308264e-05,1.0,0.008607549750667692,0.22394800000000714,404.94275500000003
1790,0.00011188170421023336,4.389556548243545e-05,1.0,0.008536537204689082,0.22467699999998558,405.167432
1791,0.00011177056143619732,4.385830896975174e-05,1.0,0.00860850633308117,0.2645339999999692,405.431966
1792,0.00011165959717857457,4.381809088818245e-05,1.0,0.008564950732252477,0.23490800000001855,405.666874
1793,0.00011154880009880134,4.378125505062471e-05,1.0,0.00851242336704127,0.21775400000001355,405.884628
1794,0.00011143817414996433,4.3742558586800765e-05,1.0,0.008522439473673732,0.21556299999997464,406.100191
1795,0.00011132771512152601,4.370584183983707e-05,1.0,0.008530039465175977,0.2146420000000262,406.314833
1796,0.00011121743555671644,4.3667013051978146e-05,1.0,0.008531238108732454,0.2165860000000066,406.531419
1797,0.00011110732048925179,4.3630036716467974e-05,1.0,0.008548281051118484,0.22237100000000964,406.75379000000004
1798,0.00011099737977092736,4.359302324380717e-05,1.0,0.008561399366909214,0.2182149999999865,406.972005
1799,0.0001108876079382492,4.355535387052897e-05,1.0,0.008556984946139433,0.22149400000000696,407.19349900000003
1800,0.00011077800957488448,4.351670120440184e-05,1.0,0.008515096448364456,0.21903599999996004,407.412535
1801,0.00011066857956984591,4.3478203967424445e-05,1.0,0.008492350102212727,0.215720000000033,407.628255
1802,0.00011055931853608561,4.3439204807017945e-05,1.0,0.008525244306984555,0.21947099999999864,407.847726
1803,0.00011045022453269502,4.3402078195042206e-05,1.0,0.008511089325323037,0.22486299999997073,408.072589
1804,0.00011034129929316357,4.336578445735127e-05,1.0,0.00858628701847757,0.21987400000000434,408.292463
1805,0.00011023254728322308,4.3327352984402186e-05,1.0,0.008603084503180366,0.22183599999999615,408.514299
1806,0.0001101239628152057,4.3288572099950526e-05,1.0,0.00855538603550821,0.21011400000003277,408.724413
1807,0.00011001554063027663,4.3248806583676575e-05,1.0,0.008524487254580765,0.22602000000000544,408.95043300000003
1808,0.00010990727956841055,4.3212679706870356e-05,1.0,0.008512186138683193,0.22026299999998855,409.170696
1809,0.00010979919037275066,4.317360694790336e-05,1.0,0.00852553300064131,0.23079400000000305,409.40149
1810,0.00010969126684958997,4.313682592248599e-05,1.0,0.008582296049111732,0.23230499999999665,409.633795
1811,0.00010958350995781255,4.309941552697895e-05,1.0,0.008604935211209523,0.23255599999998822,409.866351
1812,0.0001094759134231574,4.306274879772915e-05,1.0,0.008488379286004242,0.21996999999998934,410.086321
1813,0.00010936848549354311,4.302462192200263e-05,1.0,0.008529488810070384,0.224503000000027,410.310824
1814,0.00010926122101586802,4.2987395384210215e-05,1.0,0.008528217101930522,0.21732800000000907,410.52815200000003
1815,0.00010915412512169755,4.294864755836384e-05,1.0,0.008575825346597805,0.2152489999999716,410.743401
1816,0.00010904718700725682,4.291045547917542e-05,1.0,0.008519887333770093,0.23288100000002032,410.976282
1817,0.00010894041475787798,4.287359772579462e-05,1.0,0.008511826766750975,0.22826399999996738,411.204546
1818,0.00010883380665851015,4.2835541792615836e-05,1.0,0.00854442914112636,0.22906500000004826,411.43361100000004
1819,0.00010872735594892835,4.2797216222337564e-05,1.0,0.00857872745183194,0.21924999999998818,411.65286100000003
1820,0.00010862106785814083,4.275841067703774e-05,1.0,0.00852517497676791,0.21254699999997229,411.865408
1821,0.00010851493842124132,4.272353723150701e-05,1.0,0.008511946235882441,0.21629799999999477,412.081706
1822,0.00010840897575179612,4.2686174232572134e-05,1.0,0.008513868116473693,0.21705800000000863,412.298764
1823,0.00010830317442601428,4.265044033796936e-05,1.0,0.008559580755321214,0.22545800000000327,412.524222
1824,0.00010819753325229344,4.26148720488475e-05,1.0,0.008625760516889774,0.21521300000000565,412.739435
1825,0.00010809205396146058,4.257977501538826e-05,1.0,0.008614391484796856,0.24539399999997613,412.984829
1826,0.00010798673555228556,4.2543621270397665e-05,1.0,0.008588272270486759,0.24743000000000848,413.232259
1827,0.00010788157873527176,4.250667865390919e-05,1.0,0.008498645064646712,0.2955980000000409,413.52785700000004
1828,0.000107776583440467,4.247116758798086e-05,1.0,0.0085466685618075,0.2638939999999934,413.79175100000003
1829,0.00010767174413231942,4.2436679866016855e-05,1.0,0.00858272478417476,0.25547799999998233,414.047229
1830,0.00010756706770216397,4.2400878716013345e-05,1.0,0.008567667699661972,0.25174099999998134,414.29897
1831,0.00010746255432655422,4.236367501223696e-05,1.0,0.008606945850887518,0.3068330000000401,414.60580300000004
1832,0.00010735819617674789,4.232866769904955e-05,1.0,0.008571297856892274,0.23856999999998152,414.844373
1833,0.00010725400125805772,4.229174649418447e-05,1.0,0.008498865566792411,0.24521299999997836,415.089586
1834,0.00010714996497182175,4.225471190372119e-05,1.0,0.008516685453803843,0.23455699999999524,415.324143
1835,0.00010704608191617037,4.22178899467843e-05,1.0,0.008537637192609622,0.22768500000000813,415.551828
1836,0.00010694235908634132,4.218221266004661e-05,1.0,0.00851102847599595,0.22845399999999927,415.780282
1837,0.00010683879118531772,4.214613098432145e-05,1.0,0.008535549869402711,0.22771299999999428,416.007995
1838,0.00010673537685345282,4.2110564045827076e-05,1.0,0.008525331087919228,0.22599400000001424,416.233989
1839,0.00010663212565390817,4.207404882719249e-05,1.0,0.008470940762076492,0.22998499999999922,416.463974
1840,0.00010652902998803465,4.203694047643417e-05,1.0,0.008561800523354188,0.23657300000002124,416.70054700000003
1841,0.00010642609076148164,4.200065234693823e-05,1.0,0.008466551153798236,0.2337400000000116,416.93428700000004
1842,0.00010632330538192025,4.196445518191603e-05,1.0,0.008543348203240415,0.2340820000000008,417.16836900000004
1843,0.00010622067296257261,4.192665027706296e-05,1.0,0.008500088751454155,0.22038599999996222,417.388755
1844,0.00010611818963563204,4.1889947372827165e-05,1.0,0.00843138178355555,0.226949999999988,417.615705
1845,0.00010601586294205419,4.185265763580575e-05,1.0,0.008434289681138922,0.2265520000000265,417.842257
1846,0.0001059136874389373,4.181597649314559e-05,1.0,0.008523246678984766,0.22200299999997242,418.06426
1847,0.00010581166494800576,4.1777994836386186e-05,1.0,0.008504766631540699,0.225750000000005,418.29001
1848,0.00010570979375285802,4.1741018260174255e-05,1.0,0.008474220215686923,0.21676400000001195,418.506774
1849,0.00010560807355766774,4.1706095647043186e-05,1.0,0.008573348173937349,0.22925600000002078,418.73603
1850,0.00010550650768984859,4.16682463953644e-05,1.0,0.008413892176583141,0.21563099999997348,418.951661
1851,0.0001054050909411226,4.163523457256085e-05,1.0,0.00847551610575537,0.22335300000003144,419.17501400000003
1852,0.00010530383390347452,4.1599201163448535e-05,1.0,0.008515611862246156,0.22112999999995964,419.396144
1853,0.00010520272565836762,4.156466131005412e-05,1.0,0.008458370591146194,0.22066100000000688,419.616805
1854,0.00010510176933217695,4.1529280418658144e-05,1.0,0.00839697592808207,0.2147260000000415,419.83153100000004
1855,0.00010500096270323403,4.149575661849294e-05,1.0,0.008441748852962052,0.2291139999999814,420.060645
1856,0.0001049003078518155,4.1461008948153086e-05,1.0,0.008450788665139708,0.21904999999998154,420.279695
1857,0.00010479980344250526,4.1425564191405885e-05,1.0,0.008426803173366852,0.2261450000000309,420.50584000000003
1858,0.00010469944595262182,4.1392206871298106e-05,1.0,0.008461118274538224,0.229300999999964,420.735141
1859,0.00010459924500774321,4.135915403759309e-05,1.0,0.008434165352789933,0.23015400000002728,420.965295
1860,0.00010449920256731854,4.1321964068198604e-05,1.0,0.008477381605156941,0.21904200000000174,421.184337
1861,0.00010439930164673259,4.129027002668765e-05,1.0,0.008439304058788765,0.21896299999997382,421.4033
1862,0.00010429955902751719,4.125425907245112e-05,1.0,0.008458397033013905,0.21466300000003002,421.61796300000003
1863,0.00010419996326017414,4.1219361114611344e-05,1.0,0.008481833067285425,0.2337180000000103,421.85168100000004
1864,0.00010410050981051055,4.118538370882364e-05,1.0,0.008488368320529896,0.26806699999997363,422.119748
1865,0.00010400120736629834,4.115186838137921e-05,1.0,0.008469876940467762,0.2183790000000272,422.33812700000004
1866,0.00010390205458857981,4.111622339768844e-05,1.0,0.008496915004386528,0.22777299999995648,422.5659
1867,0.00010380304696181101,4.108283279871531e-05,1.0,0.008426320710698803,0.22074200000002975,422.78664200000003
1868,0.00010370418858953497,4.104825996174862e-05,1.0,0.008439596250866984,0.22302799999999934,423.00967
1869,0.00010360547527897841,4.1012505759624454e-05,1.0,0.00847764922931264,0.22966900000000123,423.23933900000003
1870,0.00010350690934518,4.097715096989941e-05,1.0,0.008475757633476196,0.22177499999997963,423.461114
1871,0.00010340849002091418,4.094243024803005e-05,1.0,0.00846955664955262,0.22503799999998364,423.686152
1872,0.00010331021562952053,4.090858312396864e-05,1.0,0.008463855709042787,0.22347500000000764,423.909627
1873,0.00010321209053519936,4.0872429320127745e-05,1.0,0.008471813391419761,0.2302630000000363,424.13989000000004
1874,0.00010311410548228117,4.083709463385103e-05,1.0,0.008497584243259994,0.222629999999981,424.36252
1875,0.00010301626747913027,4.08024512211692e-05,1.0,0.008395715958601656,0.22646700000001374,424.58898700000003
1876,0.0001029185777687133,4.076718614351449e-05,1.0,0.008478870859421506,0.22535599999997658,424.814343
1877,0.00010282102703092417,4.073342690950272e-05,1.0,0.008441583114699615,0.22075499999999693,425.035098
1878,0.00010272362149852934,4.069986481299928e-05,1.0,0.008440835925102318,0.23371600000001536,425.268814
1879,0.00010262635905893077,4.066743066138693e-05,1.0,0.00849204879169103,0.22953799999999092,425.498352
1880,0.0001025292450956367,4.063205817617024e-05,1.0,0.008378217861085568,0.21629899999999225,425.714651
1881,0.00010243227258308029,4.059726499440049e-05,1.0,0.008443824925633975,0.2238439999999855,425.938495
1882,0.00010233543905400088,4.0565184158752133e-05,1.0,0.008394614055164722,0.21690300000000207,426.155398
1883,0.00010223875372034001,4.053343766241002e-05,1.0,0.00838438434417692,0.21325799999999617,426.368656
1884,0.00010214221634211085,4.0498645999824743e-05,1.0,0.00840568400854434,0.2227900000000318,426.591446
1885,0.00010204582037523944,4.046527474148265e-05,1.0,0.008401620839943736,0.2246640000000184,426.81611000000004
1886,0.00010194956707690816,4.0430469327959164e-05,1.0,0.008367142806492086,0.23187699999999722,427.04798700000003
1887,0.00010185345225885098,4.03977677430685e-05,1.0,0.008355999548694577,0.24072799999999006,427.288715
1888,0.00010175748065665744,4.0365151189965153e-05,1.0,0.008446574396126649,0.24292099999996708,427.531636
1889,0.00010166164892188927,4.033327477053501e-05,1.0,0.008337528099766456,0.22699300000004996,427.75862900000004
1890,0.00010156596548674498,4.029834994357232e-05,1.0,0.008406247701336907,0.2309219999999641,427.989551
1891,0.00010147041861945902,4.026521134379619e-05,1.0,0.008461189899193516,0.2155559999999923,428.205107
1892,0.00010137500884111802,4.023220059143017e-05,1.0,0.008407078939369957,0.21979200000004084,428.42489900000004
1893,0.00010127974020972979,4.019909543825561e-05,1.0,0.008285031799051441,0.2194729999999936,428.64437200000003
1894,0.00010118461516885627,4.0166580507537725e-05,1.0,0.008322999919863362,0.22875899999996818,428.873131
1895,0.00010108963544271327,4.013327363251397e-05,1.0,0.008332494256396764,0.22239799999999832,429.095529
1896,0.00010099479479097876,4.009920973522143e-05,1.0,0.008328883376093388,0.21945500000003904,429.31498400000004
1897,0.00010090008831468144,4.006615573540949e-05,1.0,0.008303009946186319,0.22152099999999564,429.53650500000003
1898,0.00010080551724017908,4.003390040290888e-05,1.0,0.008326527185780775,0.22753099999999904,429.76403600000003
1899,0.00010071108627265413,4.000127133629524e-05,1.0,0.008347215653774713,0.2268320000000017,429.99086800000003
1900,0.00010061679913200621,3.9967093398539884e-05,1.0,0.00829072561742,0.2182049999999549,430.209073
1901,0.00010052264790785607,3.993488995710156e-05,1.0,0.008334949668978202,0.23162600000000566,430.440699
1902,0.00010042863049132195,3.990230167354849e-05,1.0,0.00835398049241353,0.21979200000004084,430.66049100000004
1903,0.0001003347527953808,3.9870493063581815e-05,1.0,0.008331313187177527,0.2122929999999883,430.872784
1904,0.00010024101687147284,3.983654632256416e-05,1.0,0.008343132448447185,0.22701899999998432,431.099803
1905,0.00010014741144885482,3.980403469584539e-05,1.0,0.008309923838439493,0.23013300000002346,431.32993600000003
1906,0.00010005394311289168,3.977070036027407e-05,1.0,0.008345158958564322,0.2636880000000019,431.59362400000003
1907,9.996061351060439e-05,3.973675416543331e-05,1.0,0.008336677407243425,0.2154949999999758,431.809119
1908,9.986741678410477e-05,3.970656678253356e-05,1.0,0.008304760696838859,0.23036200000001372,432.039481
1909,9.977436075828904e-05,3.967376689202132e-05,1.0,0.008345888993954973,0.21794899999997597,432.25743
1910,9.968143683247604e-05,3.964361065112628e-05,1.0,0.008388924785762716,0.2188380000000052,432.476268
1911,9.958865479863126e-05,3.9610451332133656e-05,1.0,0.008299862104805867,0.21525200000002087,432.69152
1912,9.949600410964379e-05,3.957777061784102e-05,1.0,0.008273969552669794,0.2139540000000011,432.905474
1913,9.940348882405469e-05,3.954489551253226e-05,1.0,0.008276016185530335,0.21750299999996514,433.122977
1914,9.931110803978194e-05,3.951199748425609e-05,1.0,0.008358761670451943,0.21925200000003997,433.34222900000003
1915,9.921886247442751e-05,3.948094970325021e-05,1.0,0.008282741344602688,0.232091999999966,433.574321
1916,9.912675269041023e-05,3.944846078193488e-05,1.0,0.008248059377743025,0.21399000000002388,433.788311
1917,9.903477462224519e-05,3.9415827960012794e-05,1.0,0.008288440491557787,0.21779499999996688,434.006106
1918,9.894292765823601e-05,3.938460661597798e-05,1.0,0.008300264453493047,0.24585000000001855,434.251956
1919,9.885121882477485e-05,3.9350919108958e-05,1.0,0.00831609575087888,0.2438680000000204,434.495824
1920,9.875964517580309e-05,3.931738924717477e-05,1.0,0.008309964021130248,0.22383099999996148,434.719655
1921,9.866819681522973e-05,3.928356361492424e-05,1.0,0.008302583888794363,0.2505179999999996,434.970173
1922,9.857688473962779e-05,3.925042311969581e-05,1.0,0.008333757033103304,0.2677180000000021,435.237891
1923,9.848570183145815e-05,3.921637684694194e-05,1.0,0.008316695886053523,0.2695160000000101,435.507407
1924,9.83946465972279e-05,3.9183185994881756e-05,1.0,0.00831717148209779,0.25536399999998594,435.762771
1925,9.830372196084755e-05,3.9149551055880574e-05,1.0,0.008258711276417766,0.2582190000000537,436.02099000000004
1926,9.821292584510458e-05,3.9117846935751164e-05,1.0,0.008325214968429832,0.24574799999999186,436.26673800000003
1927,9.812226323240756e-05,3.908592816783711e-05,1.0,0.008288162239974663,0.24482299999999668,436.51156100000003
1928,9.80317334232371e-05,3.905291312378943e-05,1.0,0.008340218225452384,0.2701179999999681,436.781679
1929,9.794133136483268e-05,3.9020350189191314e-05,1.0,0.008246657103821414,0.23604499999999007,437.017724
1930,9.78510564057658e-05,3.899009690627494e-05,1.0,0.008332980293019841,0.23537300000003825,437.253097
1931,9.776091020080566e-05,3.896129812716325e-05,1.0,0.008317043076435939,0.22158999999999196,437.474687
1932,9.76709046529304e-05,3.892839036231854e-05,1.0,0.0083197469540377,0.21515199999998913,437.689839
1933,9.75810225091789e-05,3.889724802825076e-05,1.0,0.008282208250431019,0.2293650000000298,437.91920400000004
1934,9.749126735032376e-05,3.886664349246358e-05,1.0,0.00826695657633112,0.2284389999999803,438.147643
1935,9.740164252506721e-05,3.8837287547620806e-05,1.0,0.00826992909404875,0.23892499999999472,438.386568
1936,9.731214798105519e-05,3.8806239146299146e-05,1.0,0.00825942851179925,0.2469520000000216,438.63352000000003
1937,9.722278474367099e-05,3.8774885787556705e-05,1.0,0.008263104740536358,0.21945299999998724,438.852973
1938,9.713354887403247e-05,3.874432503824499e-05,1.0,0.008344076200437823,0.23642000000000962,439.08939300000003
1939,9.704443946113152e-05,3.871337471405434e-05,1.0,0.008277999158372202,0.235116000000005,439.32450900000003
1940,9.695546332736971e-05,3.868098577954313e-05,1.0,0.008252812112159544,0.22745899999995345,439.551968
1941,9.686660914489525e-05,3.8649190930975236e-05,1.0,0.008207721264323885,0.23065100000002303,439.782619
1942,9.677787983144868e-05,3.86186826907677e-05,1.0,0.008219152245858627,0.23759400000000142,440.020213
1943,9.668928159454984e-05,3.858745895946008e-05,1.0,0.008241229233432417,0.24158799999997882,440.261801
1944,9.660081262987793e-05,3.855587019588567e-05,1.0,0.008239026060355514,0.23355900000001384,440.49536
1945,9.651246640292488e-05,3.8525451464112217e-05,1.0,0.008234458534521417,0.251858000000027,440.74721800000003
1946,9.642425192796387e-05,3.8494302115637e-05,1.0,0.00826703033199134,0.27404200000000856,441.02126000000004
1947,9.633616106467534e-05,3.846257020793521e-05,1.0,0.008296523198761166,0.23252399999995532,441.253784
1948,9.624819702906363e-05,3.8430670923583085e-05,1.0,0.008290967933071807,0.23694700000004332,441.49073100000004
1949,9.616035746989185e-05,3.839956061817362e-05,1.0,0.008269916406274946,0.25117899999997917,441.74191
1950,9.607263829631582e-05,3.836921629980566e-05,1.0,0.008269280635988667,0.2613129999999728,442.003223
1951,9.598504941744785e-05,3.833701629767884e-05,1.0,0.008306406004830473,0.25160300000004554,442.25482600000004
1952,9.58975800717055e-05,3.8307025718844654e-05,1.0,0.008174876364455151,0.2536879999999542,442.508514
1953,9.581023646490058e-05,3.827703646269379e-05,1.0,0.008200106704236803,0.24491500000004862,442.75342900000004
1954,9.572301793712087e-05,3.824567075902987e-05,1.0,0.00813284265543081,0.24184099999996533,442.99527
1955,9.56359233010074e-05,3.821578850651903e-05,1.0,0.00827029510189113,0.23645800000002737,443.23172800000003
1956,9.554894894546691e-05,3.8183742339280416e-05,1.0,0.008220940205562932,0.21873499999998103,443.450463
1957,9.546210212044618e-05,3.8150733126137494e-05,1.0,0.008160718926401083,0.2331439999999816,443.683607
1958,9.537537243734176e-05,3.81202497869265e-05,1.0,0.008215627669216317,0.23069300000003068,443.9143
1959,9.528876945212891e-05,3.808901974307364e-05,1.0,0.008194529975251446,0.23852099999999155,444.152821
1960,9.52022866535196e-05,3.8059212993118825e-05,1.0,0.008177243304906195,0.22636199999999462,444.379183
1961,9.511592727340137e-05,3.802888219410455e-05,1.0,0.008181499585328857,0.22997700000001942,444.60916000000003
1962,9.5029691362059e-05,3.7998192093177544e-05,1.0,0.008261466942565894,0.23383899999998903,444.842999
1963,9.494357557790358e-05,3.796830678151323e-05,1.0,0.008230799649043424,0.3027309999999943,445.14573
1964,9.485758439671008e-05,3.7937509059710705e-05,1.0,0.008186389235580382,0.3140799999999899,445.45981
1965,9.477171064848084e-05,3.790897044248831e-05,1.0,0.008212543982409733,0.3011769999999956,445.760987
1966,9.468596610661717e-05,3.787678528927551e-05,1.0,0.008182568979018508,0.2245540000000119,445.985541
1967,9.460033786601951e-05,3.784497213144599e-05,1.0,0.00821570921395829,0.2332410000000209,446.21878200000003
1968,9.451482789291713e-05,3.781401786974041e-05,1.0,0.008175720981872362,0.24216200000000754,446.46094400000004
1969,9.442943788520757e-05,3.778456442376587e-05,1.0,0.00820815651794346,0.2510379999999941,446.71198200000003
1970,9.43441708640367e-05,3.775447710402981e-05,1.0,0.008180441441487551,0.22093100000000732,446.93291300000004
1971,9.425902260658771e-05,3.77227243385345e-05,1.0,0.008186340695229218,0.21885599999995975,447.151769
1972,9.41739946702864e-05,3.769172670246232e-05,1.0,0.008113065176117137,0.21039500000000544,447.362164
1973,9.408908274571872e-05,3.7660713264034656e-05,1.0,0.008175068957708148,0.2158770000000345,447.57804100000004
1974,9.400429048248015e-05,3.763078476134526e-05,1.0,0.008099581132293268,0.22673499999996238,447.804776
1975,9.391961246201091e-05,3.760247200878939e-05,1.0,0.008140163306151828,0.21774900000002617,448.02252500000003
1976,9.383505911005676e-05,3.757332427484919e-05,1.0,0.008226346635532681,0.22646199999996952,448.248987
1977,9.375062781226188e-05,3.754350981503876e-05,1.0,0.008201936448936662,0.22698400000001584,448.475971
1978,9.366631514374394e-05,3.75124133785516e-05,1.0,0.008205666828347022,0.2343890000000215,448.71036000000004
1979,9.358211450380383e-05,3.74853761225624e-05,1.0,0.008206800092601703,0.21184099999999262,448.92220100000003
1980,9.349804076494827e-05,3.745414074036656e-05,1.0,0.008206455874738262,0.23283399999996846,449.155035
1981,9.341408232660534e-05,3.7422665542752754e-05,1.0,0.008206131439145713,0.21462300000001733,449.369658
1982,9.333023887556988e-05,3.739347830221784e-05,1.0,0.008124019497324084,0.21948300000002519,449.58914100000004
1983,9.324651249133933e-05,3.7364833743766955e-05,1.0,0.008143989107874616,0.2515819999999849,449.840723
1984,9.316290803238733e-05,3.733553795044905e-05,1.0,0.00815910639886773,0.2136539999999627,450.054377
1985,9.307941622405839e-05,3.730690511720961e-05,1.0,0.008159342155820223,0.23014700000004495,450.28452400000003
1986,9.299604645844105e-05,3.7277926802576113e-05,1.0,0.008134980110133529,0.21648699999997234,450.501011
1987,9.291279378567861e-05,3.724788285693619e-05,1.0,0.008142231264825073,0.2102050000000304,450.71121600000004
1988,9.28296534467988e-05,3.721967354679109e-05,1.0,0.008174542909052335,0.21789699999999357,450.92911300000003
1989,9.274663408149542e-05,3.7190342506508826e-05,1.0,0.008087277926381638,0.21433200000001307,451.14344500000004
1990,9.266373102877647e-05,3.715985026891301e-05,1.0,0.008093181271763745,0.2286179999999831,451.372063
1991,9.25809414389654e-05,3.713006611276635e-05,1.0,0.008153342370901671,0.20976400000000694,451.58182700000003
1992,9.249826663336123e-05,3.7099333353907526e-05,1.0,0.00810802460333857,0.22349099999996724,451.805318
1993,9.241570481784301e-05,3.706968376471512e-05,1.0,0.008095407031998483,0.2274449999999888,452.032763
1994,9.233325751471913e-05,3.704177556683963e-05,1.0,0.008228202701060245,0.21884900000003427,452.251612
1995,9.225092497172108e-05,3.701307644417491e-05,1.0,0.008103223810912073,0.2128280000000018,452.46444
1996,9.216870794726479e-05,3.6985411368203545e-05,1.0,0.008058478502092575,0.2145529999999667,452.678993
1997,9.208661045531156e-05,3.695724533516018e-05,1.0,0.008133481137235493,0.22580600000003415,452.904799
1998,9.200462411506308e-05,3.692880156459743e-05,1.0,0.00811260396274378,0.21818600000000288,453.122985
1999,9.192275415026085e-05,3.6900139748080135e-05,1.0,0.008057691104668405,0.22362099999998009,453.346606
