k,f,grad_norm,t_k,rk_residual,cpu_time,cpu_time_sum
0,0.6931471805599454,0.469570892796963,1.0,0.09138694413002532,0.22652300000000003,0.22652300000000003
1,0.5260981341126694,0.34759822484375374,1.0,0.026813075066204378,0.22439999999999993,0.45092299999999996
2,0.4208268814091602,0.26301988540002963,1.0,0.025065916334362042,0.245981,0.696904
3,0.3488965533580764,0.20443536052337488,1.0,0.03492659992259847,0.23056699999999997,0.9274709999999999
4,0.2972076919367976,0.1634471322946023,1.0,0.044457024200647524,0.23423900000000009,1.16171
5,0.25859845105150453,0.13412717057830428,1.0,0.04986510864587426,0.26480799999999993,1.426518
6,0.22882808663153734,0.11260429014798144,1.0,0.05319428162090115,0.2445870000000001,1.671105
7,0.2052513416144469,0.09644605130035053,1.0,0.058615362925788554,0.23151599999999983,1.902621
8,0.18604889940938768,0.08387846851857246,1.0,0.06342578913268691,0.23597100000000015,2.138592
9,0.17017310221509827,0.07393985104953367,1.0,0.06697619759459049,0.23698499999999978,2.375577
10,0.15678423410206227,0.06592407021549705,1.0,0.07124747484288174,0.22463000000000033,2.600207
11,0.14534154640863528,0.05935915306915622,1.0,0.0741085672957348,0.23078500000000002,2.830992
12,0.13544536029993443,0.05388536312217903,1.0,0.07571175006812816,0.23192699999999977,3.062919
13,0.12678756965319904,0.04926290280282022,1.0,0.07675433275524039,0.22620700000000005,3.289126
14,0.11914682771978685,0.04531344890741144,1.0,0.08098103598655208,0.22888699999999984,3.518013
15,0.11236012430592004,0.04191732457530788,1.0,0.08023884584517099,0.24072700000000058,3.7587400000000004
16,0.10627092157807459,0.03895241255339923,1.0,0.08370542737902048,0.268694,4.027434
17,0.10077787302924737,0.03635845225837471,1.0,0.08493528969445023,0.2825869999999995,4.310021
18,0.09579536032920313,0.03403919925775818,1.0,0.08746018008173341,0.23290699999999998,4.542928
19,0.09125271978680079,0.03198725691230282,1.0,0.08617067687754587,0.22941900000000004,4.772347
20,0.08709654154538159,0.030154000096651673,1.0,0.08622113449660991,0.22615300000000005,4.9985
21,0.08327572511362547,0.028502284100506307,1.0,0.08435447610543625,0.22374899999999975,5.222249
22,0.0797569248723457,0.027008891515167152,1.0,0.08367698176190579,0.2385489999999999,5.460798
23,0.0764961001410841,0.025642482559697265,1.0,0.0835300764036426,0.23939900000000058,5.700197
24,0.07346943923835886,0.024399500539327684,1.0,0.08415366542986988,0.23193299999999972,5.93213
25,0.07065215820455939,0.023265608347496546,1.0,0.0835868028060186,0.22927600000000048,6.161406
26,0.06802304550878872,0.022217804902355295,1.0,0.08059373750085687,0.22230299999999925,6.383709
27,0.06555942625953501,0.02125832829866034,1.0,0.08369769446930214,0.21779700000000002,6.601506
28,0.06324882586753126,0.02037080831767196,1.0,0.08469827448470035,0.22587000000000046,6.827376
29,0.06107751214903144,0.019549326729722444,1.0,0.08155096004353017,0.2150660000000002,7.042442
30,0.059033428981515534,0.01878123534076505,1.0,0.0804209235683715,0.216399,7.258841
31,0.057106074758085636,0.018068444047808722,1.0,0.08178437145310036,0.22626399999999958,7.485105
32,0.05528343743244339,0.017397209892583504,1.0,0.0826674399047495,0.21703000000000028,7.702135
33,0.05355918489936275,0.016771486234761546,1.0,0.08176089227319626,0.2183969999999995,7.920532
34,0.05192517256999382,0.016182944366626886,1.0,0.08191531654108755,0.22285300000000063,8.143385
35,0.05037259021057947,0.015637801980535083,1.0,0.08052745357445765,0.21394499999999894,8.35733
36,0.04889897719792844,0.015119395900666712,1.0,0.07855111448938214,0.21408700000000103,8.571417
37,0.047496808313510684,0.01463535124005129,1.0,0.08047592982176947,0.21381099999999975,8.785228
38,0.046161260947122,0.014174293029553316,1.0,0.07789420865161069,0.21183199999999935,8.99706
39,0.04488715803020493,0.013747417930230743,1.0,0.07939112179668913,0.21858900000000148,9.215649
40,0.04367122253429644,0.013335766877599516,1.0,0.07786294150123278,0.2222919999999995,9.437941
41,0.0425099223635267,0.012944488719588775,1.0,0.0792154868959392,0.21358500000000014,9.651526
42,0.04139842089028135,0.012573198578760943,1.0,0.07532427913363879,0.21674599999999877,9.868272
43,0.04033439984380646,0.012219105904384405,1.0,0.07385284915705928,0.2145299999999999,10.082802
44,0.03931490504671147,0.011879081693961825,1.0,0.07429058757572019,0.22473800000000033,10.30754
45,0.038336711704761606,0.011557411489217781,1.0,0.0737694077137717,0.22852400000000017,10.536064
46,0.03739771230712235,0.011257159462880148,1.0,0.07417788909516462,0.21297600000000116,10.74904
47,0.036496951924649315,0.010964173438202437,1.0,0.06947859509075174,0.21367599999999953,10.962716
48,0.03563111712699258,0.010682161892029494,1.0,0.0716684388096377,0.22046899999999958,11.183185
49,0.03479814341815552,0.010416077213434492,1.0,0.07044381662389353,0.22298499999999954,11.40617
50,0.033996891541348724,0.010159624749675895,1.0,0.0696244406532412,0.21724500000000013,11.623415
51,0.03322493039299673,0.00990714811582876,1.0,0.06869045365174814,0.21622499999999967,11.83964
52,0.03248052664606467,0.009668020597233973,1.0,0.06912211583510501,0.21141700000000085,12.051057
53,0.031762808955283134,0.009439118685156614,1.0,0.07060798085319762,0.21160000000000068,12.262657
54,0.031070067253832795,0.00921612748312376,1.0,0.06670579750637586,0.21420700000000004,12.476864
55,0.03040126669490012,0.00900445924676745,1.0,0.0671460458920111,0.21427199999999935,12.691136
56,0.029755082578201808,0.008804427451736761,1.0,0.06880388718911326,0.22124400000000044,12.91238
57,0.02913090372902879,0.00861227544709875,1.0,0.06790182402155023,0.21838799999999914,13.130768
58,0.02852763778877658,0.008421533831196601,1.0,0.06595022361500709,0.2158610000000003,13.346629
59,0.027943894147096096,0.008237032445100568,1.0,0.06489444860343474,0.21776799999999952,13.564397
60,0.02737890742972378,0.008063849685408825,1.0,0.06387885442666834,0.21396299999999968,13.77836
61,0.026831907270300128,0.007895980863979208,1.0,0.062344195374388185,0.21606600000000142,13.994426
62,0.02630214973711735,0.007733585554596025,1.0,0.0639554727272416,0.21865399999999902,14.21308
63,0.025788867524241702,0.00757862343852408,1.0,0.062466216851090356,0.21602299999999985,14.429103
64,0.025291258343988852,0.007424759049998564,1.0,0.06311608831719423,0.21745600000000032,14.646559
65,0.024808677558799785,0.007279609927632438,1.0,0.0611474747111702,0.21364499999999964,14.860204
66,0.024340569898134348,0.007136231472540298,1.0,0.06260454469734107,0.21417399999999986,15.074378
67,0.023886319283959834,0.006997312672237475,1.0,0.060166187937988586,0.21393899999999988,15.288317
68,0.023445281406118713,0.006865254080036273,1.0,0.060023144574879395,0.21871800000000086,15.507035
69,0.023017043400530974,0.0067354205323005645,1.0,0.05831104050535072,0.2302110000000006,15.737246
70,0.022601148936423433,0.006608206823477382,1.0,0.06002433498423932,0.2267469999999996,15.963993
71,0.0221970042684165,0.006487482724223109,1.0,0.05906369319834656,0.22067799999999949,16.184671
72,0.021804045427637374,0.0063683336455692685,1.0,0.059113404270547315,0.21314399999999978,16.397815
73,0.02142191573073275,0.006252536656118722,1.0,0.05684224978139129,0.23396699999999981,16.631782
74,0.021050173357935277,0.00614076642755385,1.0,0.05809812645349877,0.21361500000000078,16.845397000000002
75,0.020688344586338198,0.006028715671716087,1.0,0.05643334175827013,0.2200179999999996,17.065415
76,0.02033607640834636,0.005924297644856052,1.0,0.05765231167196954,0.21201399999999992,17.277429
77,0.019993086692532067,0.005822102690946275,1.0,0.05791194957558828,0.22144799999999876,17.498877
78,0.019659110634554004,0.0057233801313855024,1.0,0.05552734384280857,0.21353500000000025,17.712412
79,0.01933387370617453,0.005625297563363902,1.0,0.05516328226281765,0.2190089999999998,17.931421
80,0.01901690608854781,0.005532381200148335,1.0,0.05350547353719185,0.22764000000000095,18.159061
81,0.0187080387346861,0.0054397861764449405,1.0,0.05494302178588465,0.21318000000000126,18.372241000000002
82,0.01840683787457525,0.005350137058043574,1.0,0.05398202256398126,0.21918699999999802,18.591428
83,0.018113135518059535,0.0052639775858516,1.0,0.053361094283671404,0.22531800000000146,18.816746000000002
84,0.01782663939275856,0.005179081932786635,1.0,0.05395665224342365,0.22384299999999868,19.040589
85,0.017547198338250167,0.005097181115201537,1.0,0.05368312867828621,0.22755800000000193,19.268147000000003
86,0.01727445994748601,0.005016000760998834,1.0,0.052055040216442486,0.2144839999999988,19.482631
87,0.017008256524102365,0.004935775697314272,1.0,0.0524750026506724,0.2196850000000019,19.702316000000003
88,0.01674833780725239,0.004861638183088578,1.0,0.05225411566505864,0.2333999999999996,19.935716000000003
89,0.016494636473879963,0.004786788348161526,1.0,0.052317047840176184,0.21207699999999718,20.147793
90,0.016246845278648787,0.004713574791996812,1.0,0.05175469048325235,0.21436100000000025,20.362154
91,0.0160047863848749,0.00464181242276155,1.0,0.051521167172401364,0.21221600000000151,20.574370000000002
92,0.015768196584343953,0.004571171279505112,1.0,0.05154997605039144,0.218630000000001,20.793000000000003
93,0.015536930229416476,0.00450239395124898,1.0,0.05164826585881448,0.22918100000000052,21.022181000000003
94,0.01531087978183729,0.00443680351483199,1.0,0.05131280515125462,0.21625799999999984,21.238439000000003
95,0.015089900538010723,0.004371878673935258,1.0,0.051478673829818834,0.2113750000000003,21.449814000000003
96,0.014873883550415709,0.004307972410835189,1.0,0.0504839120150939,0.2144619999999975,21.664276
97,0.014662575825044367,0.0042465043399449115,1.0,0.04971241330186192,0.2145670000000024,21.878843000000003
98,0.014455881158161972,0.004186031402596457,1.0,0.04967907141327744,0.21358699999999686,22.09243
99,0.014253665750724348,0.004127823194856401,1.0,0.05018987462010181,0.21706000000000003,22.30949
100,0.014055791951698314,0.0040706190492446545,1.0,0.04948820379252065,0.22514900000000182,22.534639000000002
101,0.013862133018697473,0.004014255076105782,1.0,0.049972028947502856,0.2188219999999994,22.753461
102,0.013672568289788743,0.003958410757502833,1.0,0.04940957205637155,0.21843400000000202,22.971895000000004
103,0.013486948687711232,0.003903762966624097,1.0,0.04949685115834997,0.2134249999999973,23.18532
104,0.013305199692942287,0.0038519465772900597,1.0,0.04800883669540148,0.21363700000000208,23.398957000000003
105,0.013127185859706856,0.003801495755272925,1.0,0.04723614836447988,0.2179789999999997,23.616936000000003
106,0.012952844373070139,0.0037516481241690524,1.0,0.04910725362956341,0.22949299999999795,23.846429
107,0.012782080563159647,0.003702732289932738,1.0,0.04758882200464163,0.2179940000000009,24.064423
108,0.012614800799593347,0.0036545496508410503,1.0,0.04801376270354391,0.21827100000000144,24.282694000000003
109,0.012450861151915092,0.0036064447391922117,1.0,0.04731352114161562,0.2168709999999976,24.499565
110,0.012290154158138259,0.0035594621426360074,1.0,0.045081460376010386,0.22169000000000239,24.721255000000003
111,0.012132642265005272,0.0035142989991678347,1.0,0.045126024721239805,0.23191599999999823,24.953171
112,0.011978272459370555,0.0034688234607096803,1.0,0.04619776209039416,0.2157119999999999,25.168883
113,0.011826876444043294,0.0034250810962003072,1.0,0.04580638694200854,0.22512000000000043,25.394003
114,0.011678409118002076,0.003382558054444332,1.0,0.04488187235948058,0.22125400000000184,25.615257000000003
115,0.011532822125485512,0.003341121198516374,1.0,0.04635600181978116,0.22391599999999912,25.839173000000002
116,0.01139000383100835,0.00329973036319115,1.0,0.04541557954107491,0.21539299999999884,26.054566
117,0.011249871341109717,0.003260116884545184,1.0,0.04366312266048332,0.2305710000000012,26.285137000000002
118,0.011112420858226967,0.0032199947627412438,1.0,0.04596645846600898,0.2178229999999992,26.50296
119,0.01097751142774073,0.0031826775109122375,1.0,0.044761135525678335,0.21725500000000153,26.720215000000003
120,0.01084514316402533,0.00314406783013119,1.0,0.044984038938085294,0.22609800000000035,26.946313000000004
121,0.010715228316374028,0.003107362053987059,1.0,0.04401992364124191,0.21461299999999994,27.160926000000003
122,0.010587712888623469,0.003070046579555023,1.0,0.0447237482280894,0.2169939999999997,27.377920000000003
123,0.010462493121999872,0.0030333131927649803,1.0,0.0439958311469804,0.22612200000000016,27.604042000000003
124,0.01033953421431464,0.0029981430701209477,1.0,0.04323889145799434,0.21804599999999752,27.822088
125,0.010218809109845054,0.0029632132762716277,1.0,0.04398082212032956,0.21868300000000218,28.040771000000003
126,0.010100209508762002,0.002928989055802857,1.0,0.04314312568149256,0.22565099999999916,28.266422000000002
127,0.00998371447829138,0.0028958187165167566,1.0,0.04295198454631908,0.2147970000000008,28.481219000000003
128,0.009869285112262585,0.002864383446719521,1.0,0.04368512225038895,0.21594599999999886,28.697165000000002
129,0.009756884627306662,0.0028322696253110327,1.0,0.041082121155696864,0.22602699999999842,28.923192
130,0.009646462715643431,0.002800098155491245,1.0,0.041454762860864115,0.22163900000000325,29.144831000000003
131,0.009537943822379354,0.0027686266214361948,1.0,0.04180803381847152,0.21800899999999857,29.362840000000002
132,0.009431285402266494,0.0027373108662792725,1.0,0.04137815590972631,0.21493399999999951,29.577774
133,0.009326434788820696,0.002706415257340756,1.0,0.041923806381803534,0.22191899999999976,29.799693
134,0.009223346241163145,0.0026771163212326345,1.0,0.04216561762607092,0.21682500000000005,30.016518
135,0.009122006973314719,0.0026478274997375354,1.0,0.041388148065342044,0.22031700000000143,30.236835000000003
136,0.009022376046034957,0.002619215135642281,1.0,0.04113173485287928,0.22274799999999928,30.459583000000002
137,0.008924430195506834,0.002591069383008292,1.0,0.0405393790849332,0.22759200000000135,30.687175000000003
138,0.008828097532220252,0.0025636430945865834,1.0,0.040566540058623105,0.2144069999999978,30.901582
139,0.008733343493639295,0.0025361948109549003,1.0,0.0408377263675904,0.2183099999999989,31.119892
140,0.008640143059882742,0.0025093301611399167,1.0,0.03990375405909557,0.22723800000000338,31.347130000000003
141,0.008548444735540651,0.002482241004605733,1.0,0.04053189428365126,0.21965399999999846,31.566784000000002
142,0.00845822076004649,0.002456641767063455,1.0,0.04025001573052859,0.23561799999999877,31.802402
143,0.00836946272533852,0.0024312383193870225,1.0,0.03982242610363298,0.2154650000000018,32.017867
144,0.00828212433332335,0.002405980559890516,1.0,0.03982208845735168,0.3344859999999983,32.352353
145,0.008196158592177646,0.002381045594767032,1.0,0.04014540273549927,0.2673770000000033,32.619730000000004
146,0.008111548356154588,0.0023564109630721734,1.0,0.040280793010981336,0.2122669999999971,32.831997
147,0.008028261629811495,0.0023328127630566054,1.0,0.03953472307179444,0.21477000000000146,33.046767
148,0.007946303316864642,0.002309085812001749,1.0,0.039642070414070404,0.2176860000000005,33.264453
149,0.00786560294972872,0.0022855905071443557,1.0,0.038836010309210536,0.2139540000000011,33.478407000000004
150,0.007786143046622502,0.002262872480546902,1.0,0.03926451641704385,0.22451199999999716,33.702919
151,0.0077079271076524345,0.002240385213650728,1.0,0.038739191145034726,0.21318899999999985,33.916108
152,0.007630904360345206,0.0022187769446286617,1.0,0.038889089506020526,0.22246799999999922,34.138576
153,0.007555056281929772,0.002196698415973059,1.0,0.038280470618262015,0.22432100000000332,34.362897000000004
154,0.007480366592207218,0.002175581877027253,1.0,0.03788144709295543,0.21549599999999458,34.578393
155,0.007406809032201566,0.002154103349034759,1.0,0.03795596339428844,0.21660700000000332,34.795
156,0.007334343848906497,0.0021337376333763172,1.0,0.038224657136474605,0.2194330000000022,35.014433000000004
157,0.00726296077232028,0.0021130073103861886,1.0,0.037437284732385015,0.21992600000000095,35.234359000000005
158,0.007192623492110313,0.002092878830893231,1.0,0.03764037805939385,0.22062299999999624,35.454982
159,0.0071233286768686635,0.0020727139124533792,1.0,0.03609546719679571,0.22310600000000136,35.678088
160,0.0070550542916164825,0.002052823786523557,1.0,0.03598514889851938,0.20747300000000024,35.885561
161,0.006987786133793713,0.0020336064294824954,1.0,0.03635433496707139,0.22290999999999883,36.108471
162,0.006921494620965257,0.0020147004098032923,1.0,0.03637493290769994,0.22008000000000294,36.328551000000004
163,0.006856160094914115,0.0019958078332637016,1.0,0.03606197348389802,0.20854099999999676,36.537092
164,0.00679176520687996,0.001977742946207799,1.0,0.03601999013712032,0.220402,36.757494
165,0.006728299119997002,0.0019591468280053454,1.0,0.035984744262148274,0.21835500000000252,36.975849000000004
166,0.006665728374737212,0.0019416360358930395,1.0,0.03568993153336572,0.2218510000000009,37.197700000000005
167,0.006604051926865069,0.001923781809195402,1.0,0.035331599712597334,0.22746000000000066,37.425160000000005
168,0.0065432399016302455,0.0019063983141311186,1.0,0.03613495008227,0.2166029999999992,37.641763000000005
169,0.006483279761976837,0.0018893586854712412,1.0,0.03579569312017907,0.21771099999999421,37.859474
170,0.006424150921868482,0.0018725399043012455,1.0,0.0354364877720324,0.21872700000000123,38.078201
171,0.00636585394173641,0.0018558494169230119,1.0,0.036464072641347954,0.22655800000000426,38.304759000000004
172,0.00630836086262709,0.001839779846835607,1.0,0.03497583575072867,0.21593199999999513,38.520691
173,0.006251673649848341,0.001823424469172325,1.0,0.03491832540736835,0.2237970000000047,38.744488000000004
174,0.006195762022757803,0.001807689291612787,1.0,0.03555184524165785,0.22387200000000007,38.968360000000004
175,0.006140618668059582,0.0017919313020937704,1.0,0.03418355949469235,0.20996399999999937,39.178324
176,0.006086226666756728,0.0017767825145571202,1.0,0.03451999494078588,0.2139230000000012,39.392247000000005
177,0.00603256673924585,0.0017611126083930699,1.0,0.034922067868274245,0.21882499999999538,39.611072
178,0.005979615586596684,0.0017465797902283065,1.0,0.034548082344454285,0.22563699999999898,39.836709
179,0.005927385576461096,0.0017319111881898628,1.0,0.03440190588075158,0.2185750000000013,40.055284
180,0.0058758681287104896,0.0017176523006741469,1.0,0.03464459497986273,0.214773000000001,40.270057
181,0.005825043587872638,0.0017031514469096015,1.0,0.03367976494553671,0.22259700000000038,40.492654
182,0.005774880459365502,0.001689234317591855,1.0,0.03377470848540611,0.22348300000000165,40.716137
183,0.0057253808114634056,0.0016750879647200122,1.0,0.034366855440320525,0.21997400000000056,40.936111000000004
184,0.0056765232536779425,0.0016610456421716781,1.0,0.03398727054702015,0.2130379999999974,41.149149
185,0.005628298411963728,0.0016472586406664073,1.0,0.03393173692091603,0.2162179999999978,41.365367
186,0.005580700892738309,0.0016338377551075578,1.0,0.03357357125067993,0.21975000000000477,41.585117000000004
187,0.005533724289292073,0.0016204115550426672,1.0,0.03346627797803985,0.21011899999999883,41.795236
188,0.0054873475040334895,0.0016071031669376038,1.0,0.03367297658702431,0.21591199999999588,42.011148
189,0.005441572561442431,0.0015941063685520505,1.0,0.03341178393666046,0.2152720000000059,42.226420000000005
190,0.005396377849905617,0.0015815882241271928,1.0,0.03234958343564559,0.21372399999999914,42.440144000000004
191,0.005351764525376074,0.0015687067328647851,1.0,0.0331580733870128,0.22387799999999913,42.664022
192,0.0053077130896792045,0.0015558206792651297,1.0,0.03301172902900147,0.22160300000000177,42.885625000000005
193,0.005264197745197343,0.0015434134126023685,1.0,0.03273950304134097,0.22723099999999619,43.112856
194,0.005221238160440229,0.00153126887708329,1.0,0.03270971696002414,0.21799299999999988,43.330849
195,0.005178821389524793,0.0015188894065642881,1.0,0.03218878194554879,0.22001399999999904,43.550863
196,0.005136926967345921,0.0015068098575043345,1.0,0.03248704397529381,0.21703000000000117,43.767893
197,0.0050955425780866035,0.001495019648869995,1.0,0.03258801036244812,0.21191400000000016,43.979807
198,0.005054668384197523,0.0014831774585670433,1.0,0.03189772071871134,0.21648700000000076,44.196294
199,0.005014294684917167,0.0014716144305707505,1.0,0.03246426241765263,0.22481799999999907,44.421112
200,0.004974417828517154,0.0014598923785692673,1.0,0.03257107602828339,0.2408760000000001,44.661988
201,0.004935010064764955,0.0014489435055307493,1.0,0.031523251147064245,0.2276200000000017,44.889608
202,0.004896085733830643,0.001438042141935754,1.0,0.03172964892830127,0.23203699999999827,45.121645
203,0.004857640661365929,0.001426916202446197,1.0,0.032191293391192755,0.23142099999999743,45.353066
204,0.004819656690180586,0.0014159814944665206,1.0,0.031982209141469806,0.24256500000000614,45.595631000000004
205,0.004782123719185481,0.0014057434249008715,1.0,0.03133152623889914,0.22754699999999417,45.823178
206,0.004745041628074346,0.0013951093911669101,1.0,0.03139114762338685,0.22097200000000328,46.04415
207,0.004708396099612223,0.0013852125974713365,1.0,0.03081558405462387,0.21039400000000086,46.254544
208,0.0046721882873340895,0.001374996883723446,1.0,0.032183598194105295,0.21636000000000166,46.470904000000004
209,0.004636404436459866,0.0013652620412173391,1.0,0.030872923891729936,0.22241299999999598,46.693317
210,0.004601047694435696,0.0013552160285201771,1.0,0.030356539366181937,0.224769000000002,46.918086
211,0.00456610603612328,0.0013451726052593818,1.0,0.03136012175149847,0.22877400000000137,47.146860000000004
212,0.004531566075804631,0.001335476788848382,1.0,0.030716047370015306,0.21859999999999502,47.36546
213,0.004497435968269105,0.0013255260165089583,1.0,0.031603300909975714,0.21995800000000543,47.585418000000004
214,0.004463691433183132,0.0013156902867704412,1.0,0.030078373107369077,0.21662899999999752,47.802047
215,0.004430328927779695,0.0013061993785094868,1.0,0.030814496151670052,0.21628199999999964,48.018329
216,0.004397347303934632,0.0012966832679246901,1.0,0.03089556351710742,0.21789700000000067,48.236226
217,0.004364743104640347,0.0012870974133428346,1.0,0.030486354701923787,0.2234550000000013,48.459681
218,0.004332502239039311,0.0012776597076915527,1.0,0.03030847800105626,0.21150099999999838,48.671182
219,0.004300624563651835,0.001268466565256175,1.0,0.03038651476184929,0.22806099999999674,48.899243
220,0.004269104091578207,0.001259404671355198,1.0,0.02992323266574018,0.21422400000000152,49.113467
221,0.004237936801556355,0.0012503989554908095,1.0,0.02962880560333241,0.2145410000000041,49.328008000000004
222,0.004207114841805923,0.0012414795079271916,1.0,0.030452234180727684,0.2271870000000007,49.555195000000005
223,0.004176628948411515,0.0012328108847125872,1.0,0.030270407848636008,0.20872499999999405,49.76392
224,0.004146481770326601,0.001224473631198301,1.0,0.030677404860960367,0.22859400000000107,49.992514
225,0.004116671619292582,0.001216010131988691,1.0,0.02962868076030705,0.2271470000000022,50.219661
226,0.004087192281646413,0.0012074996653693717,1.0,0.030081591990539683,0.21035499999999985,50.430016
227,0.004058030193685781,0.0011992629127282257,1.0,0.029471103414771962,0.22023699999999735,50.650253
228,0.0040291874555719856,0.0011908835196822525,1.0,0.029305965022037046,0.22094799999999992,50.871201
229,0.004000652050979272,0.0011828003666463133,1.0,0.029459817429668387,0.22009300000000565,51.091294000000005
230,0.00397243005445657,0.0011745739638718488,1.0,0.02917715186529376,0.22215999999999525,51.313454
231,0.003944510287073226,0.0011665648894470246,1.0,0.02946220820952452,0.2197579999999988,51.533212
232,0.0039168920639743214,0.0011584397454474729,1.0,0.02928141048201347,0.22462100000000618,51.757833000000005
233,0.0038895686902883256,0.0011507819066659305,1.0,0.029673782082141897,0.21663099999999957,51.974464000000005
234,0.003862539059678289,0.0011432980655062895,1.0,0.028825453766821538,0.23547999999999547,52.209944
235,0.003835801214485273,0.0011357219301623895,1.0,0.029342481911124506,0.20982899999999916,52.419773
236,0.0038093442753069154,0.0011281871584335437,1.0,0.029781193077939916,0.2161170000000041,52.63589
237,0.0037831694361007136,0.0011206710665994755,1.0,0.028603303226950115,0.224579999999996,52.86047
238,0.0037572655633045975,0.0011134460539659837,1.0,0.028768764678423462,0.21979800000000438,53.080268000000004
239,0.0037316377629727036,0.0011060183977117239,1.0,0.02862666756829953,0.2219219999999993,53.30219
240,0.003706276502992219,0.0010991542699744013,1.0,0.02904792895344319,0.22992699999999644,53.532117
241,0.0036811811714991425,0.0010918128029051807,1.0,0.02911138648653519,0.22682900000000217,53.758946
242,0.0036563430085225263,0.0010845797443034075,1.0,0.029133350736064288,0.2182159999999982,53.977162
243,0.00363176024741732,0.001077563682655514,1.0,0.028816224838808153,0.21129200000000026,54.188454
244,0.003607426876840675,0.00107070637857731,1.0,0.02787258205153818,0.2159030000000044,54.404357000000005
245,0.003583349570083072,0.001063471060442626,1.0,0.028358392879471228,0.21000999999999692,54.614367
246,0.003559514174068215,0.0010565282926756814,1.0,0.028100668688753,0.23743100000000084,54.851798
247,0.0035359216496579533,0.0010495767568404703,1.0,0.028723129935200535,0.21232700000000193,55.064125000000004
248,0.0035125634508370134,0.0010428629327509627,1.0,0.02799878744766429,0.22895499999999913,55.29308
249,0.0034894410761805287,0.0010360661091783725,1.0,0.028377994515394706,0.22023999999999688,55.51332
250,0.0034665529744490613,0.001029325328781026,1.0,0.02819865968728882,0.21671200000000113,55.730032
251,0.003443887702909233,0.0010230058875980727,1.0,0.027818562914941707,0.2160390000000021,55.946071
252,0.0034214500587926183,0.0010165979381615306,1.0,0.02802442720537527,0.22034699999999674,56.166418
253,0.00339923930878758,0.0010100527887958021,1.0,0.02704825543995015,0.2197220000000044,56.386140000000005
254,0.003377244973731152,0.0010037334284547456,1.0,0.027712619320734683,0.21598799999999585,56.602128
255,0.0033554679025615797,0.0009974839965754404,1.0,0.02766483257910629,0.21527000000000385,56.817398000000004
256,0.003333906009681968,0.0009912360557079657,1.0,0.027406642615551157,0.21070499999999726,57.028103
257,0.0033125574348355363,0.0009850101574933462,1.0,0.02740142451300251,0.21809900000000226,57.246202000000004
258,0.0032914142014124717,0.0009789591073131986,1.0,0.027171610913264192,0.22529999999999717,57.471502
259,0.0032704792599315404,0.0009729719642108616,1.0,0.027451234781360703,0.22526899999999728,57.696771
260,0.003249748028135543,0.0009669888259778924,1.0,0.027249754263920314,0.21544800000000208,57.912219
261,0.0032292171327014943,0.0009612039019481456,1.0,0.026914446793927155,0.21994500000000272,58.132164
262,0.0032088858170988945,0.0009554332866481395,1.0,0.02663367001057744,0.23205499999999546,58.364219
263,0.0031887485069505878,0.0009496523969623919,1.0,0.027165320707931963,0.2202750000000009,58.584494
264,0.0031688049154861985,0.0009439897255684131,1.0,0.02626748089082962,0.21880400000000577,58.803298000000005
265,0.0031490563351102142,0.0009381648791023185,1.0,0.02723061066965978,0.2098309999999941,59.013129
266,0.003129491499907709,0.0009326041316499165,1.0,0.027510545378667088,0.2253860000000003,59.238515
267,0.0031101122650067075,0.0009269553127108891,1.0,0.026220594662177386,0.22124500000000324,59.45976
268,0.0030909146035688934,0.000921637396360589,1.0,0.026697924456506844,0.2197929999999957,59.679553
269,0.00307190123004258,0.0009162182902020531,1.0,0.026738659884859642,0.2187200000000047,59.898273
270,0.003053067160574893,0.0009108256582544176,1.0,0.02641595646777993,0.22017199999999804,60.118445
271,0.003034409921298231,0.0009053893623729413,1.0,0.026553145114801908,0.21719000000000221,60.335635
272,0.003015927694866369,0.0009000284834175607,1.0,0.026502350035127013,0.23393499999999534,60.56957
273,0.002997616226747906,0.0008946151441832833,1.0,0.02656792879590678,0.2184440000000052,60.788014000000004
274,0.002979473713493223,0.0008893629096845978,1.0,0.026051881866663216,0.22916799999999427,61.017182
275,0.002961499828989639,0.0008842695442016847,1.0,0.026049919137840723,0.21858700000000653,61.235769000000005
276,0.0029436922209436257,0.0008793916568301211,1.0,0.025910942176031175,0.22027299999999883,61.456042000000004
277,0.0029260503058121242,0.0008742146079426444,1.0,0.026062481078399688,0.21534299999999718,61.671385
278,0.0029085695281516263,0.0008690195461754111,1.0,0.025728216730528556,0.2206249999999983,61.89201
279,0.00289124756975042,0.0008640210390457921,1.0,0.025524054704079452,0.3058150000000026,62.197825
280,0.0028740801383686904,0.0008591082556043934,1.0,0.025809858522699035,0.21889800000000292,62.416723000000005
281,0.002857069306886301,0.0008541846223862518,1.0,0.025617879704851354,0.2175449999999941,62.634268
282,0.002840214102775659,0.0008491632339810897,1.0,0.025540660535150105,0.2210110000000043,62.855279
283,0.002823507575763828,0.0008444632843368049,1.0,0.025253971957414467,0.21486999999999767,63.070149
284,0.0028069537664501083,0.0008395991763496154,1.0,0.025462005537344005,0.22350200000000342,63.293651000000004
285,0.002790544816484484,0.0008349865032610263,1.0,0.025526578950810133,0.213830999999999,63.507482
286,0.0027742843878274114,0.0008304111842542804,1.0,0.025099146190917132,0.21973199999999338,63.727214
287,0.0027581703185910957,0.0008257835335662654,1.0,0.025471294020589355,0.21056000000000097,63.937774
288,0.0027422017481365,0.0008212097399035498,1.0,0.02463414042929552,0.22659699999999816,64.16437099999999
289,0.002726374042132359,0.0008166890676843502,1.0,0.024538048755839082,0.21708800000000394,64.38145899999999
290,0.002710683712795463,0.0008122259426133989,1.0,0.02523571693166381,0.21750799999999515,64.59896699999999
291,0.002695131762518136,0.0008079375884243236,1.0,0.02542631799378175,0.21833200000000375,64.81729899999999
292,0.0026797186968702505,0.0008034856864638685,1.0,0.02527136739622568,0.21466200000000413,65.031961
293,0.002664441861052461,0.0007989975605644493,1.0,0.02500683431737764,0.20853800000000433,65.240499
294,0.0026492943927770257,0.000794793749312312,1.0,0.024862718278646362,0.20780899999999747,65.448308
295,0.0026342796244275867,0.0007906155136442408,1.0,0.025181162678150147,0.22391700000000014,65.672225
296,0.0026193974337946953,0.0007862896687844185,1.0,0.025603825845984533,0.22179599999999766,65.894021
297,0.002604643707037355,0.000782083624168711,1.0,0.02519495825603124,0.21514600000000428,66.109167
298,0.002590018124322845,0.0007779725147275273,1.0,0.024938188871347612,0.20749299999999948,66.31666
299,0.0025755196075855765,0.0007740113690727412,1.0,0.02477310344799347,0.2257319999999936,66.54239199999999
300,0.002561146590911456,0.0007697354192773119,1.0,0.025051705020567583,0.22572700000000623,66.768119
301,0.002546895181650533,0.000765600146297616,1.0,0.024584870654961146,0.21777199999999652,66.985891
302,0.002532765915959758,0.0007615060013659893,1.0,0.025075064761746493,0.20974099999999396,67.19563199999999
303,0.0025187558128427594,0.0007575949836302699,1.0,0.024591769972627544,0.2155920000000009,67.41122399999999
304,0.0025048661738081065,0.0007537110676309354,1.0,0.02464506638856141,0.2211020000000019,67.63232599999999
305,0.0024910947348876066,0.0007499583066343697,1.0,0.024455378561609543,0.2317199999999957,67.86404599999999
306,0.00247744221100802,0.000746025114440344,1.0,0.02435310128366267,0.22468500000000802,68.088731
307,0.0024639041483475736,0.0007421086324148123,1.0,0.024837378189934495,0.21528600000000608,68.304017
308,0.0024504763090791282,0.0007381755812394665,1.0,0.024468009491599024,0.22188699999999528,68.525904
309,0.0024371600070743193,0.0007342820096781825,1.0,0.023904176282423036,0.2174839999999989,68.743388
310,0.0024239558497638506,0.0007304485485845848,1.0,0.02371673448654565,0.218553,68.961941
311,0.0024108604583894786,0.0007266755974597273,1.0,0.023980169959740536,0.2079870000000028,69.169928
312,0.002397873327361852,0.00072292792302562,1.0,0.024113157466563926,0.21380700000000274,69.383735
313,0.002384993998193207,0.0007192505324754281,1.0,0.0239635424852588,0.2240979999999979,69.607833
314,0.0023722199637926044,0.000715575847302538,1.0,0.023690085351526627,0.2137740000000008,69.821607
315,0.0023595518398427176,0.0007118697957088031,1.0,0.023611681304193815,0.22186200000000156,70.043469
316,0.0023469864940506954,0.0007080926049249532,1.0,0.023688941682522877,0.21517399999999043,70.25864299999999
317,0.0023345221683624146,0.0007044457964552512,1.0,0.02370227579749434,0.222132000000002,70.480775
318,0.0023221593906252594,0.0007008459550472895,1.0,0.02379377277323661,0.20792000000000144,70.688695
319,0.0023098955022234618,0.0006973826781863826,1.0,0.02431823616775338,0.21713099999999486,70.90582599999999
320,0.0022977321786248023,0.0006938885886079825,1.0,0.02359341413635762,0.22248400000000856,71.12831
321,0.002285665764389161,0.0006904780536690363,1.0,0.023563872520514433,0.20887499999999193,71.33718499999999
322,0.0022736977166207795,0.0006869448615446058,1.0,0.023281732166435587,0.22742999999999824,71.56461499999999
323,0.002261825025077366,0.0006834889484586374,1.0,0.023309854353454378,0.21718900000000474,71.781804
324,0.00225004789837968,0.0006800175940207848,1.0,0.02365039258533553,0.22974299999999914,72.011547
325,0.002238364455453754,0.0006766103042628247,1.0,0.02359312317311908,0.23541000000000167,72.246957
326,0.0022267760179601544,0.0006732274099097628,1.0,0.023684857812578484,0.21983000000000175,72.466787
327,0.0022152761624114454,0.0006699708643301692,1.0,0.023191280137116948,0.21432500000000232,72.681112
328,0.0022038685558265236,0.0006666190248532235,1.0,0.02349915185530529,0.2235589999999945,72.904671
329,0.002192550691503013,0.0006633639541299382,1.0,0.02332855078474005,0.21404900000000282,73.11872
330,0.002181321103243273,0.0006600271442148509,1.0,0.023577644900455986,0.21152899999999875,73.330249
331,0.002170179674392764,0.0006567377186875036,1.0,0.023080659799668102,0.21564700000000414,73.545896
332,0.0021591244816701717,0.0006537073929480487,1.0,0.022801395897691125,0.21132599999999968,73.757222
333,0.0021481572931638993,0.0006506549481181851,1.0,0.02297898970327456,0.2196039999999897,73.97682599999999
334,0.0021372748834903787,0.0006475716711586666,1.0,0.023167122222018412,0.22676100000001043,74.203587
335,0.0021264789771035515,0.0006445558764144692,1.0,0.02338450607111528,0.21392099999999914,74.417508
336,0.0021157658382817,0.0006415138074243144,1.0,0.023300944319804583,0.2132429999999914,74.63075099999999
337,0.0021051357994471905,0.0006384516834341917,1.0,0.022533631876533487,0.21620400000000473,74.846955
338,0.0020945882192696915,0.0006354659293569853,1.0,0.02286950805871864,0.2283299999999997,75.075285
339,0.002084122511738908,0.0006324430722726899,1.0,0.02320063758198477,0.22595400000000154,75.301239
340,0.002073736661471295,0.0006294618396685038,1.0,0.023174797650075022,0.2190700000000021,75.520309
341,0.0020634302097241393,0.0006264211675903072,1.0,0.02270199878655107,0.21409599999999784,75.734405
342,0.0020532015169033154,0.0006235291377712216,1.0,0.022948649748844707,0.20926900000000614,75.943674
343,0.0020430517689475677,0.0006205198311685603,1.0,0.022323255103694407,0.22208099999998865,76.16575499999999
344,0.0020329787686977434,0.0006175570841393833,1.0,0.02283868513488691,0.20775300000001096,76.373508
345,0.0020229804271101118,0.0006146547187727867,1.0,0.02289284949934013,0.2246409999999912,76.59814899999999
346,0.002013057152762295,0.0006117951725829042,1.0,0.0228503247634761,0.2184480000000093,76.816597
347,0.0020032084700361903,0.0006090092965334192,1.0,0.022672456674380153,0.22177999999999543,77.038377
348,0.0019934343046335862,0.0006060873251027199,1.0,0.02234362567001219,0.21709199999999385,77.25546899999999
349,0.0019837332927101084,0.0006032297849133065,1.0,0.022280450034540593,0.2077160000000049,77.463185
350,0.001974104214219685,0.0006005410533884667,1.0,0.02236460941930257,0.22134900000000357,77.684534
351,0.0019645485867518906,0.0005976998608543558,1.0,0.02276086023686315,0.20903599999999756,77.89357
352,0.0019550617664543897,0.0005950574757468911,1.0,0.022000401915444532,0.2317859999999996,78.125356
353,0.0019456474643391192,0.0005922680650118563,1.0,0.022723558587848552,0.22734099999999557,78.35269699999999
354,0.0019363017892681262,0.0005895332893165149,1.0,0.022349921712415087,0.23019800000000146,78.582895
355,0.0019270252280288787,0.0005870152080472125,1.0,0.02200113129137248,0.20966800000000774,78.792563
356,0.0019178174555530385,0.0005845421369203362,1.0,0.022461324924895693,0.218679999999992,79.011243
357,0.0019086783685473075,0.0005819023291383405,1.0,0.02204889696282019,0.23225200000000257,79.243495
358,0.0018996058729350929,0.0005792760533772975,1.0,0.02182412163329151,0.21942199999999445,79.46291699999999
359,0.001890599874390195,0.0005766890661753697,1.0,0.02236098160426505,0.223787999999999,79.68670499999999
360,0.0018816597814288545,0.000574202149082835,1.0,0.022026668927874308,0.21981600000000867,79.906521
361,0.0018727845094087384,0.0005716324902384687,1.0,0.022106451673140473,0.21559299999999837,80.122114
362,0.001863973748273221,0.0005690591453752727,1.0,0.022354710209962134,0.22619500000000414,80.348309
363,0.0018552262600136063,0.0005665488140040296,1.0,0.021960455719507187,0.21946299999999042,80.56777199999999
364,0.001846542386475406,0.000563991453058051,1.0,0.02190485934445706,0.22984800000000405,80.79762
365,0.0018379200551493155,0.0005615196631085508,1.0,0.021953533820386527,0.21750500000000272,81.015125
366,0.0018293599064325091,0.0005590725650825298,1.0,0.021865720676566173,0.22780099999999948,81.242926
367,0.0018208618807339472,0.0005566426678237587,1.0,0.021581740849650925,0.22472600000000398,81.467652
368,0.0018124248941789615,0.0005541276938366935,1.0,0.021739631439574296,0.21174899999999752,81.679401
369,0.0018040474141898283,0.0005517230000064014,1.0,0.021673297552752865,0.22062299999998913,81.90002399999999
370,0.0017957289508846483,0.0005493007617197909,1.0,0.021078777790774033,0.21174900000001173,82.111773
371,0.0017874687366799089,0.0005469072622149706,1.0,0.021224856767857504,0.2185879999999969,82.330361
372,0.0017792673048373398,0.0005445836884634833,1.0,0.021365400185459245,0.22117099999999823,82.551532
373,0.0017711238680367053,0.0005422592826367556,1.0,0.021605707599892717,0.22026400000000024,82.771796
374,0.0017630383450755803,0.0005398601935504349,1.0,0.0213665852670942,0.2093229999999977,82.98111899999999
375,0.0017550087492741527,0.0005374646037502361,1.0,0.021017246243489697,0.21620800000000884,83.197327
376,0.0017470349145037494,0.00053525457001757,1.0,0.021111149349233898,0.2236859999999865,83.42101299999999
377,0.001739117604494949,0.0005329965014103759,1.0,0.021261864562272897,0.22085400000000277,83.64186699999999
378,0.001731254449530371,0.0005307370204110992,1.0,0.021459162514301994,0.2153899999999993,83.85725699999999
379,0.001723446792102628,0.0005284220951854358,1.0,0.021285171239771125,0.2235860000000116,84.080843
380,0.0017156925297727506,0.0005261685632016209,1.0,0.021317903825419326,0.2108909999999895,84.29173399999999
381,0.0017079922365034373,0.0005238998348832211,1.0,0.02101630925667175,0.22060900000001027,84.512343
382,0.001700344198326168,0.0005217610941962971,1.0,0.021082717889975736,0.2097429999999889,84.72208599999999
383,0.0016927488121209037,0.0005195981815585628,1.0,0.021235274152847084,0.21629800000000898,84.938384
384,0.0016852070004713421,0.0005172773877473047,1.0,0.020881421894488803,0.20693399999998974,85.14531799999999
385,0.0016777156433895805,0.0005150680292457106,1.0,0.02092341848147262,0.21095400000000097,85.35627199999999
386,0.001670274882979466,0.0005130206097278944,1.0,0.021346940637590853,0.21756200000000092,85.57383399999999
387,0.0016628851027463787,0.0005110123777900017,1.0,0.02099070715855046,0.21923499999999763,85.79306899999999
388,0.0016555471171077838,0.0005089266267559206,1.0,0.021288132709573342,0.21878300000000195,86.01185199999999
389,0.0016482596364163066,0.0005067818041444314,1.0,0.02057015983941157,0.22250200000000575,86.234354
390,0.001641021696118564,0.0005046346241961258,1.0,0.020668016675658707,0.23353299999999422,86.46788699999999
391,0.0016338310089654953,0.0005026047459869304,1.0,0.020746813527621,0.2210850000000022,86.68897199999999
392,0.0016266893411766095,0.00050052103490977,1.0,0.02086234163496844,0.2158150000000063,86.904787
393,0.0016195952293196726,0.0004984996972805828,1.0,0.02108817525560601,0.2207650000000001,87.125552
394,0.00161254879288634,0.0004964917873349603,1.0,0.02064922050371825,0.21967999999999677,87.345232
395,0.0016055502115857696,0.0004944282683179735,1.0,0.02058084092951708,0.22121799999999325,87.56644999999999
396,0.0015985977403898642,0.0004924616969289147,1.0,0.02064672551720404,0.21201000000000647,87.77846
397,0.001591692277272736,0.0004904369434610207,1.0,0.02060003299643373,0.21899200000000008,87.997452
398,0.0015848318309748164,0.0004884432474118774,1.0,0.020574200318513373,0.21888900000000433,88.216341
399,0.0015780179363070258,0.0004864666091949914,1.0,0.020368614222889617,0.2159070000000014,88.432248
400,0.0015712488688564338,0.00048455456574606647,1.0,0.02097340415904205,0.24057899999999677,88.672827
401,0.0015645243678279405,0.0004827408262814487,1.0,0.02047862456771706,0.22372000000000014,88.896547
402,0.001557845686683959,0.00048067872494480976,1.0,0.02035503885244011,0.23370599999999797,89.130253
403,0.0015512090404943017,0.0004788050543976566,1.0,0.02024012143177925,0.23074300000000392,89.360996
404,0.0015446168078001525,0.0004768713187324114,1.0,0.02014722994517621,0.23782500000000084,89.598821
405,0.0015380674263928743,0.00047493313015470963,1.0,0.0205519533121083,0.23025999999998703,89.82908099999999
406,0.0015315607410651614,0.00047305662522844526,1.0,0.02022074905148549,0.2282160000000033,90.05729699999999
407,0.0015250960906309631,0.00047122737009766986,1.0,0.020681083252774825,0.21168300000000784,90.26898
408,0.0015186741289495251,0.00046936944662467883,1.0,0.02027011236969285,0.2238699999999909,90.49284999999999
409,0.0015122940104924712,0.00046742964697381903,1.0,0.020261050535190242,0.21330700000000036,90.70615699999999
410,0.001505954178891165,0.0004655159349777954,1.0,0.020252325988243267,0.22032600000000002,90.92648299999999
411,0.0014996553019834761,0.00046367116075507475,1.0,0.019951641717742524,0.2211290000000048,91.147612
412,0.0014933964254191588,0.00046185395221815884,1.0,0.020359838977651392,0.21665299999999377,91.36426499999999
413,0.001487177784142829,0.0004599994719409105,1.0,0.020269804695108005,0.21051600000001258,91.574781
414,0.0014809986835002422,0.0004581464569991405,1.0,0.020297442174182983,0.21751999999999327,91.792301
415,0.0014748591765285104,0.0004563242555780112,1.0,0.019991583055065428,0.22031699999999432,92.01261799999999
416,0.0014687585260537328,0.00045455279862835745,1.0,0.02006456538307739,0.22496900000000153,92.23758699999999
417,0.0014626961024639955,0.0004528605753201847,1.0,0.020347905883643002,0.21899799999999914,92.45658499999999
418,0.001456673390036909,0.00045110721673702017,1.0,0.019617732524667166,0.227051000000003,92.68363599999999
419,0.001450687908578192,0.00044941096862895306,1.0,0.019767392887569773,0.2301829999999967,92.91381899999999
420,0.0014447412229544614,0.00044769645129895305,1.0,0.020072203752734455,0.2179800000000114,93.131799
421,0.0014388321748579646,0.0004460718074811905,1.0,0.01962711818872604,0.2139489999999995,93.345748
422,0.0014329602747478677,0.0004444123833699237,1.0,0.019824828780854224,0.2152889999999985,93.561037
423,0.0014271259294794177,0.0004427432809717179,1.0,0.020411811795383396,0.2092139999999887,93.77025099999999
424,0.0014213279763217025,0.0004411171550349955,1.0,0.01949876474262475,0.2337360000000075,94.003987
425,0.0014155676312920967,0.0004394106943385267,1.0,0.01942588738688446,0.20871499999999799,94.212702
426,0.001409842996978429,0.0004377330498019395,1.0,0.019922985274504208,0.22115000000000862,94.433852
427,0.001404154128871971,0.00043604291832761576,1.0,0.019776181450218776,0.21560699999999144,94.649459
428,0.001398500536000161,0.0004343911667379448,1.0,0.019714759242762413,0.29287399999999764,94.94233299999999
429,0.001392882163327497,0.00043274423411107833,1.0,0.01923769092802511,0.3231930000000034,95.265526
430,0.0013872980375660932,0.000431095656508219,1.0,0.019847036550313876,0.22830199999999934,95.493828
431,0.001381747899033471,0.0004294263761698158,1.0,0.019540433478181397,0.21921600000000296,95.713044
432,0.0013762318796028744,0.00042777612479157886,1.0,0.019575046758834924,0.22127600000000314,95.93432
433,0.00137074840435197,0.0004262769577355847,1.0,0.019552396104439797,0.21046099999999512,96.144781
434,0.0013653000166890194,0.00042468103854132166,1.0,0.01948575151848135,0.2158979999999957,96.36067899999999
435,0.0013598845609178924,0.000423186173511668,1.0,0.019481588586501484,0.2192799999999977,96.57995899999999
436,0.0013545026884887203,0.00042163981934052497,1.0,0.01944898251152042,0.21632200000000523,96.796281
437,0.001349153594999757,0.0004201577816901079,1.0,0.018959112927868758,0.21214700000000164,97.008428
438,0.0013438378006471255,0.0004186600432036523,1.0,0.01922907195436808,0.2196090000000055,97.228037
439,0.0013385544883026896,0.0004171301466123892,1.0,0.019501514605796893,0.20909799999999734,97.437135
440,0.0013333032484029875,0.0004156104781646155,1.0,0.01937177071000307,0.2151099999999957,97.652245
441,0.0013280838361780438,0.00041408189396398916,1.0,0.019621670160232155,0.2098670000000027,97.862112
442,0.001322895831904408,0.0004125846649034125,1.0,0.019305580561150896,0.23463999999999885,98.096752
443,0.001317739192508978,0.0004111139713097457,1.0,0.01932495839656497,0.21870800000000656,98.31546
444,0.0013126136815081993,0.00040961514469761527,1.0,0.019222402090914668,0.21859999999999502,98.53406
445,0.001307518733345713,0.00040815574511271236,1.0,0.019581256927045654,0.22484000000000037,98.7589
446,0.0013024545923637446,0.000406690126581867,1.0,0.019111258177177633,0.21603600000000256,98.974936
447,0.0012974205747444806,0.00040516964156833934,1.0,0.018961762014572628,0.22079399999999794,99.19573
448,0.0012924161233369182,0.00040369429632073045,1.0,0.018855786044539254,0.2188950000000034,99.414625
449,0.001287441762293868,0.0004022358843482449,1.0,0.0190338235769168,0.22459199999998702,99.63921699999999
450,0.0012824965828081626,0.00040077805431680595,1.0,0.018873175298297205,0.2169580000000053,99.856175
451,0.0012775805253936836,0.00039936664179543056,1.0,0.018810740551082606,0.21819600000000605,100.074371
452,0.0012726937741630773,0.00039793950043518384,1.0,0.018704628681359744,0.22063500000000147,100.295006
453,0.0012678362343611948,0.0003964976292892895,1.0,0.01892818680641734,0.22079199999998878,100.51579799999999
454,0.00126300729481453,0.00039503621627753893,1.0,0.018669575120606234,0.21604600000000573,100.731844
455,0.001258206160987545,0.00039362247820379025,1.0,0.018929261458315836,0.22051299999999685,100.95235699999999
456,0.0012534328847060782,0.00039227796212554873,1.0,0.018823544748833757,0.22019699999999887,101.17255399999999
457,0.00124868851285359,0.00039086101659433143,1.0,0.0187830003152253,0.215170999999998,101.38772499999999
458,0.001243971267597482,0.00038944727883758097,1.0,0.01875262420754328,0.21603200000001266,101.603757
459,0.0012392812179242542,0.0003880782122511258,1.0,0.01866170279771931,0.23301599999999212,101.836773
460,0.0012346186332220092,0.0003867326605357491,1.0,0.01864269566026107,0.21757700000000568,102.05435
461,0.0012299830231467413,0.00038539371652235283,1.0,0.018555826029747167,0.22766899999999168,102.28201899999999
462,0.0012253749036974905,0.0003839741330363962,1.0,0.018567542956681067,0.2187460000000101,102.500765
463,0.0012207922866784937,0.0003826410630080596,1.0,0.018713023392058152,0.21990999999999872,102.720675
464,0.0012162360320684424,0.00038123403560997107,1.0,0.018491207450918944,0.216116999999997,102.936792
465,0.0012117055304946462,0.00037990406929725476,1.0,0.019243870138959274,0.2305120000000045,103.167304
466,0.0012072012578226085,0.0003785904898087245,1.0,0.018442110354808004,0.22163499999999203,103.388939
467,0.0012027227032309937,0.0003772253391172425,1.0,0.018490033448358156,0.2141380000000055,103.603077
468,0.0011982691411927854,0.00037597380201888613,1.0,0.018262374121210533,0.21535999999998978,103.81843699999999
469,0.0011938414072303121,0.00037473154721546484,1.0,0.018305032467500582,0.21158600000001115,104.030023
470,0.0011894395442508497,0.0003734973479126457,1.0,0.01815313854043561,0.2174919999999929,104.24751499999999
471,0.0011850630743883352,0.00037223931311208217,1.0,0.018384967588183854,0.21956099999999878,104.46707599999999
472,0.001180711771107282,0.0003709570955115779,1.0,0.01845235363120786,0.21176900000000387,104.678845
473,0.0011763846774245908,0.0003698066583403896,1.0,0.018323886480031946,0.22149100000000033,104.900336
474,0.0011720828581558472,0.00036855363861491717,1.0,0.018205788621191845,0.20840599999999654,105.10874199999999
475,0.0011678053391951577,0.0003672564330260852,1.0,0.01854310141469466,0.22287699999999688,105.33161899999999
476,0.0011635519718237995,0.0003659970725036061,1.0,0.018053618110221745,0.22447800000000484,105.556097
477,0.0011593222584579056,0.00036469332281931,1.0,0.01801408247731678,0.2294030000000049,105.7855
478,0.0011551157358832608,0.00036344026639747193,1.0,0.01833430775095519,0.2158060000000006,106.001306
479,0.0011509329463747244,0.00036218831341135123,1.0,0.018331332274443203,0.21546299999999974,106.216769
480,0.0011467731555099435,0.0003609457637339214,1.0,0.018164089952217924,0.22084599999999455,106.437615
481,0.0011426363133715312,0.00035970633729606196,1.0,0.018178913491762157,0.21158699999999442,106.64920199999999
482,0.001138522082181679,0.0003585574697905276,1.0,0.018141396264424018,0.20904000000000167,106.85824199999999
483,0.0011344311700649784,0.0003573570014469606,1.0,0.018151924842921576,0.21456100000000333,107.072803
484,0.0011303629054875849,0.0003561697337350152,1.0,0.018149870596829237,0.21889600000000087,107.291699
485,0.0011263170586799794,0.0003550157910129057,1.0,0.01794763435414994,0.21676899999999932,107.508468
486,0.0011222939332711595,0.0003538403039522206,1.0,0.018064147406168924,0.21630000000000393,107.724768
487,0.0011182927702555032,0.00035269810269960043,1.0,0.018001178187138245,0.2144699999999915,107.93923799999999
488,0.0011143140710102432,0.00035150291369686097,1.0,0.018145075722114323,0.23149200000000292,108.17072999999999
489,0.0011103566603559783,0.0003503970387878495,1.0,0.018062079261896728,0.21383900000000722,108.384569
490,0.0011064212682112408,0.00034926541429944417,1.0,0.018172265458446354,0.21471299999998905,108.59928199999999
491,0.0011025078207162959,0.0003480856241695934,1.0,0.018142248915391686,0.21198900000000265,108.81127099999999
492,0.0010986153091567632,0.0003469250180484557,1.0,0.01807012942762809,0.2115179999999981,109.02278899999999
493,0.001094743661672205,0.00034577389995812014,1.0,0.018226781148820197,0.21711500000000683,109.239904
494,0.0010908934079852189,0.00034461360254054254,1.0,0.017644529074016115,0.23697500000000105,109.476879
495,0.0010870637239960553,0.00034352133456671397,1.0,0.017787978934421803,0.2208090000000027,109.697688
496,0.0010832552324544621,0.00034243941626707777,1.0,0.017673380005354025,0.21376099999999099,109.91144899999999
497,0.0010794676384635361,0.00034128684626479814,1.0,0.017696328885908323,0.21371400000001017,110.125163
498,0.0010757001535389372,0.0003401504226781071,1.0,0.0176533149468685,0.22285300000000063,110.348016
499,0.0010719528991020497,0.0003390213746694996,1.0,0.0177909642826795,0.21452499999999475,110.562541
500,0.0010682255409231675,0.00033793311581238323,1.0,0.01803079186067801,0.21120499999999254,110.77374599999999
501,0.001064518361823393,0.00033684813524082185,1.0,0.017562605987654405,0.22595000000001164,110.999696
502,0.0010608308269984194,0.0003357639781517598,1.0,0.01762877477887311,0.21833099999999206,111.21802699999999
503,0.001057163169933701,0.00033470676527563707,1.0,0.017997582636082542,0.22537200000000723,111.443399
504,0.0010535150291889875,0.00033362180863237453,1.0,0.0176652476015297,0.21593899999999167,111.65933799999999
505,0.00104988649543264,0.0003326532042128191,1.0,0.01741399206309637,0.21407700000000318,111.873415
506,0.0010462778110761311,0.00033157092960816497,1.0,0.017665465520808814,0.21407399999999654,112.08748899999999
507,0.0010426883017739773,0.00033053372757354784,1.0,0.017617258978491483,0.22551900000000558,112.313008
508,0.0010391178198754564,0.00032947799825644957,1.0,0.01730689913975605,0.215880999999996,112.52888899999999
509,0.001035565981053239,0.0003284273747529607,1.0,0.01730674755510968,0.2283960000000036,112.757285
510,0.0010320328098741636,0.0003274119332244582,1.0,0.01719579594204221,0.22984399999999994,112.987129
511,0.0010285183927808488,0.00032633855545902786,1.0,0.017273064319432513,0.21389999999999532,113.20102899999999
512,0.0010250221619504643,0.000325283622260781,1.0,0.017329630052182583,0.2180840000000046,113.419113
513,0.001021544087520464,0.00032425036967505537,1.0,0.017362425006415085,0.21469199999999944,113.633805
514,0.0010180842781450242,0.00032322135753231685,1.0,0.017373769252869604,0.21364900000000375,113.847454
515,0.001014642491161562,0.0003222085230757698,1.0,0.017335713403852582,0.22549800000000175,114.072952
516,0.0010112184774814681,0.00032119103220349174,1.0,0.017318803143126466,0.2259949999999975,114.298947
517,0.0010078124301531317,0.00032017161527978687,1.0,0.01715252284297685,0.22607999999999606,114.525027
518,0.001004424128722588,0.0003191430755982654,1.0,0.0172220873535483,0.22173499999999535,114.74676199999999
519,0.0010010531777701385,0.00031812110758146694,1.0,0.017158758438575117,0.21703000000000827,114.963792
520,0.000997699269643447,0.0003171397720437048,1.0,0.01737831972387897,0.21345499999999618,115.177247
521,0.0009943628516488308,0.00031616308525759385,1.0,0.01730714671275044,0.22068000000000154,115.397927
522,0.0009910434348207793,0.0003152356631296508,1.0,0.017629932138240063,0.222139999999996,115.62006699999999
523,0.0009877417162076757,0.00031422124036357713,1.0,0.01734858639165934,0.21239500000000078,115.83246199999999
524,0.0009844568949098046,0.0003132214231108028,1.0,0.017162841336349266,0.22374899999999798,116.05621099999999
525,0.0009811886498421044,0.00031221949950419004,1.0,0.01727076437935553,0.21407400000001076,116.270285
526,0.000977936944343672,0.0003112310278781081,1.0,0.017341517477728104,0.21529899999998747,116.48558399999999
527,0.000974701445431718,0.0003103686494840811,1.0,0.01717761127051261,0.21638700000001165,116.701971
528,0.0009714832104006341,0.0003094795558832165,1.0,0.017130044140688496,0.2123459999999966,116.914317
529,0.0009682818391207971,0.00030848412340870896,1.0,0.017245244119848426,0.21970799999999713,117.134025
530,0.0009650963445460878,0.0003075672560031151,1.0,0.017038997077930218,0.21649499999999477,117.35051999999999
531,0.000961927066121379,0.00030661874439362875,1.0,0.016870284709366277,0.29950100000000646,117.650021
532,0.0009587741335870306,0.0003056610819949643,1.0,0.01697867853165167,0.2676089999999931,117.91762999999999
533,0.0009556368298599992,0.0003047081211440731,1.0,0.017056668181928136,0.2631590000000017,118.18078899999999
534,0.0009525150243916823,0.0003037715092388264,1.0,0.016905180556680027,0.2637950000000018,118.44458399999999
535,0.0009494089276354413,0.00030285427497151227,1.0,0.01686408119760376,0.23365499999999884,118.67823899999999
536,0.0009463186181347838,0.0003019277910608173,1.0,0.0168617297623064,0.23369900000000143,118.91193799999999
537,0.000943243792040117,0.000301028306726266,1.0,0.016928245617058617,0.23615000000000919,119.148088
538,0.0009401843129012927,0.0003001305835873029,1.0,0.01702937889844053,0.2401259999999894,119.38821399999999
539,0.0009371406595053663,0.0002992388469433273,1.0,0.01702628005476333,0.24602400000000557,119.634238
540,0.0009341118759867525,0.0002983061740087887,1.0,0.017144772860066847,0.231221000000005,119.865459
541,0.0009310979904485636,0.00029739251204309857,1.0,0.016818010298150856,0.22436799999999835,120.089827
542,0.0009280989677477372,0.0002965326553497842,1.0,0.017040507212332266,0.23571199999999237,120.32553899999999
543,0.0009251149217971227,0.00029568803955438565,1.0,0.016821710049256026,0.23048699999999656,120.55602599999999
544,0.0009221461452198161,0.000294825536894123,1.0,0.01653442977375317,0.22625500000000898,120.782281
545,0.0009191920381295984,0.0002939277249965274,1.0,0.01671172139426236,0.2163850000000025,120.998666
546,0.000916252441079574,0.0002930197653320439,1.0,0.01658562872360638,0.2195949999999982,121.218261
547,0.0009133269681722801,0.00029216396383669737,1.0,0.0166161266605371,0.22556399999999144,121.44382499999999
548,0.0009104160773417586,0.00029130197791651854,1.0,0.01657052821635085,0.22031499999999937,121.66413999999999
549,0.0009075196515603152,0.00029040808906919606,1.0,0.016566255303125443,0.22796400000000006,121.89210399999999
550,0.0009046372952721403,0.0002895328883275712,1.0,0.016783583910540897,0.21400500000000022,122.10610899999999
551,0.0009017691506678902,0.0002886640909449023,1.0,0.016869165505934258,0.2209229999999991,122.32703199999999
552,0.0008989146368921274,0.0002878287734460025,1.0,0.01685597212117606,0.22946699999999964,122.55649899999999
553,0.0008960741459043578,0.00028697337799561337,1.0,0.01658960002741236,0.23872599999999977,122.79522499999999
554,0.0008932472179747587,0.0002861288566845593,1.0,0.016677691204656505,0.23975100000001248,123.034976
555,0.0008904340202637133,0.00028531800721439017,1.0,0.01667462745328334,0.2303889999999882,123.26536499999999
556,0.0008876346788786254,0.0002844872824811867,1.0,0.01667156722859727,0.23175700000000177,123.49712199999999
557,0.0008848490153870692,0.0002836516948543154,1.0,0.016710543997522836,0.22018400000000327,123.717306
558,0.0008820767828823733,0.0002828023252049049,1.0,0.016751452508377448,0.2345980000000054,123.951904
559,0.0008793177858778709,0.0002820100051622881,1.0,0.016495311211187472,0.23318599999998924,124.18508999999999
560,0.000876572182498086,0.00028118651361132085,1.0,0.016460796674907845,0.2512080000000054,124.436298
561,0.0008738398148982396,0.00028034687033195603,1.0,0.016423154255810334,0.23487099999999828,124.67116899999999
562,0.0008711204472174923,0.00027953659887127737,1.0,0.016278498738903704,0.23251899999999637,124.90368799999999
563,0.0008684142999588274,0.00027871856966772235,1.0,0.016235556303698866,0.24111600000000522,125.144804
564,0.0008657209963767913,0.00027792731689780837,1.0,0.01661825010681904,0.23617699999999786,125.38098099999999
565,0.0008630408444602775,0.00027711201068747124,1.0,0.016230341254198446,0.22970399999999813,125.61068499999999
566,0.0008603734149930719,0.0002763136805160979,1.0,0.01625206488615106,0.2168450000000064,125.82753
567,0.0008577186661030099,0.0002755322888550405,1.0,0.01605255233611409,0.23372100000000273,126.061251
568,0.0008550768353083728,0.000274734816533511,1.0,0.01609410243223678,0.24176099999999678,126.303012
569,0.0008524473676452995,0.00027393185996274114,1.0,0.016142758362090136,0.21343299999999488,126.51644499999999
570,0.0008498304072244063,0.0002731609814009114,1.0,0.01629858015314886,0.2236910000000023,126.74013599999999
571,0.0008472256663840631,0.00027240893380795736,1.0,0.016133696898484557,0.2853500000000082,127.025486
572,0.0008446333300661674,0.00027163661096865497,1.0,0.016162303930838926,0.25797000000000025,127.283456
573,0.0008420533060039908,0.00027086471604413853,1.0,0.01605441888387349,0.2687839999999966,127.55224
574,0.0008394856510895818,0.0002700504964132755,1.0,0.016198877625172373,0.2315810000000056,127.783821
575,0.0008369295942018978,0.0002692629704926654,1.0,0.01615875388191879,0.28541199999997957,128.069233
576,0.0008343854218431093,0.00026850763360583855,1.0,0.01603194867377326,0.26469800000000987,128.333931
577,0.0008318533169975532,0.00026770381091475635,1.0,0.01623895156213111,0.2765100000000018,128.610441
578,0.0008293326881072054,0.0002669568751057963,1.0,0.015998462235130153,0.27225500000000125,128.882696
579,0.0008268238647592278,0.00026622533553625306,1.0,0.015995925524007668,0.26515399999999545,129.14785
580,0.0008243269639043466,0.000265485898888821,1.0,0.01613051460384659,0.23922699999999963,129.387077
581,0.0008218418320161692,0.0002647113595774373,1.0,0.015728653871930582,0.23394400000000815,129.621021
582,0.0008193679729755851,0.0002639840928200747,1.0,0.01592413543891067,0.23860500000000684,129.85962600000002
583,0.0008169058619832652,0.0002632411171580553,1.0,0.015796341348594832,0.23792899999997985,130.097555
584,0.0008144551011467743,0.0002625125019954784,1.0,0.016019975207665,0.23934099999999603,130.336896
585,0.0008120157995459829,0.00026177823658829594,1.0,0.015849514112538186,0.21344799999999964,130.550344
586,0.0008095878144549766,0.0002610483989751326,1.0,0.016067729061387065,0.22600300000001994,130.77634700000002
587,0.0008071707674578759,0.0002603422583918134,1.0,0.016216201006203045,0.23262800000000539,131.00897500000002
588,0.0008047648917421131,0.00025964963240746877,1.0,0.01615346330285944,0.23095899999998437,131.239934
589,0.0008023702657183624,0.000258931640000874,1.0,0.016091881421421945,0.22425300000000448,131.464187
590,0.000799986677220954,0.000258174146856527,1.0,0.016129787516344588,0.2702510000000018,131.734438
591,0.0007976135073247508,0.00025747910440935347,1.0,0.015976569706932085,0.2768959999999936,132.011334
592,0.000795251315936598,0.00025677819532813587,1.0,0.01588957920652253,0.24512699999999654,132.256461
593,0.0007929002190784705,0.0002560648542498791,1.0,0.01590288004913489,0.23305899999999724,132.48952
594,0.0007905596577291736,0.00025536524169906914,1.0,0.01590438477438749,0.2497419999999977,132.739262
595,0.0007882297674235513,0.00025465118747773483,1.0,0.01598382526137227,0.2536580000000015,132.99292
596,0.000785910313745043,0.00025400080435385646,1.0,0.015819182185663326,0.25763299999999845,133.250553
597,0.0007836015039238088,0.0002533302855445936,1.0,0.015736373406061127,0.2521810000000073,133.502734
598,0.0007813034098997142,0.0002526374962309223,1.0,0.01593499248574969,0.2723000000000013,133.775034
599,0.0007790156647408566,0.00025193984771421156,1.0,0.015793378392094784,0.2697960000000137,134.04483000000002
600,0.000776738204724613,0.00025126769521601866,1.0,0.01573756707196683,0.265847999999977,134.310678
601,0.000774471237272417,0.00025058464710495977,1.0,0.015907013981707463,0.26652100000001155,134.577199
602,0.0007722146118548468,0.0002499177742416447,1.0,0.016176449727441082,0.25390600000000063,134.831105
603,0.0007699682882756036,0.00024923450745410134,1.0,0.01585173572058843,0.27012600000000475,135.101231
604,0.0007677317600720591,0.0002485672755539085,1.0,0.015908811128384825,0.24934400000000778,135.35057500000002
605,0.0007655052549622998,0.0002479108406329427,1.0,0.0157515455196222,0.2725859999999898,135.623161
606,0.0007632888520139226,0.00024726683952510216,1.0,0.015861283935652153,0.2507479999999873,135.873909
607,0.0007610821865894451,0.00024662373349024555,1.0,0.015891669182290916,0.2637690000000248,136.13767800000002
608,0.000758885407035284,0.0002459710373930474,1.0,0.015877732835876398,0.26878899999999817,136.40646700000002
609,0.0007566985170193472,0.0002453253020017414,1.0,0.015962354718693807,0.2647739999999885,136.671241
610,0.0007545214188113109,0.0002446490175274709,1.0,0.015568525116136557,0.2526980000000094,136.92393900000002
611,0.0007523541052622298,0.0002439737835224859,1.0,0.015476460541317016,0.23201899999997977,137.155958
612,0.0007501961911049504,0.0002433500250645504,1.0,0.015428312836107494,0.23977500000000873,137.395733
613,0.0007480479871912541,0.00024269025322492141,1.0,0.015518043833858543,0.23904300000000944,137.63477600000002
614,0.0007459089584077818,0.00024208486684453097,1.0,0.015623883275374766,0.2385099999999909,137.873286
615,0.0007437795376652708,0.00024143615111686488,1.0,0.01558393817095836,0.2336040000000139,138.10689000000002
616,0.00074165954705541,0.0002407930026840648,1.0,0.015380399955269401,0.22418299999998226,138.331073
617,0.0007395487802119098,0.00024014590856040555,1.0,0.0156374414356319,0.2253949999999918,138.556468
618,0.0007374472160329156,0.00023951694170841798,1.0,0.015426321842508892,0.22688000000002262,138.78334800000002
619,0.0007353549919196141,0.00023887357957028504,1.0,0.015621840922928735,0.23020599999998126,139.013554
620,0.000733271774797541,0.0002382771152656331,1.0,0.015418577987745739,0.22343500000002336,139.23698900000002
621,0.0007311978803322893,0.00023763951437447223,1.0,0.015477896255008675,0.2364159999999913,139.473405
622,0.0007291328997135796,0.00023702910062632388,1.0,0.015494100347535632,0.23519199999998364,139.708597
623,0.0007270769702139229,0.00023639844598050523,1.0,0.01520513239699609,0.23473700000002395,139.94333400000002
624,0.0007250301175463663,0.0002357873185628634,1.0,0.015459105778098538,0.23484099999998875,140.178175
625,0.0007229920629051106,0.00023517529215958107,1.0,0.015455333171133274,0.23394300000001067,140.41211800000002
626,0.0007209628490005591,0.00023456517062907668,1.0,0.01527734374181329,0.23016999999998689,140.642288
627,0.0007189425854082201,0.00023395980058552322,1.0,0.015360226005036483,0.23390699999998787,140.876195
628,0.0007169309494175997,0.00023334651827658696,1.0,0.0152857492345313,0.2377740000000017,141.113969
629,0.0007149279273852782,0.000232757601904116,1.0,0.015341635879197209,0.22871900000001233,141.342688
630,0.0007129338494253743,0.00023213148537195072,1.0,0.01544052947297986,0.28442699999999377,141.627115
631,0.0007109484121099106,0.00023151155227426102,1.0,0.015323524416106765,0.24252500000000055,141.86964
632,0.0007089712381033884,0.0002309380003494723,1.0,0.015276006930474635,0.22364200000001233,142.09328200000002
633,0.0007070026695772532,0.00023032699717770073,1.0,0.015354129917958207,0.252949000000001,142.34623100000002
634,0.0007050425205020985,0.00022971431008111858,1.0,0.015105968222983488,0.2576650000000029,142.60389600000002
635,0.000703090512108451,0.00022914683622655808,1.0,0.015480850015542167,0.23954499999999257,142.843441
636,0.0007011469731513899,0.00022858326073803035,1.0,0.015116443634405207,0.23094699999998625,143.074388
637,0.0006992118517908661,0.0002280014709127625,1.0,0.01525556869903299,0.23716300000000956,143.311551
638,0.0006972849981364195,0.0002274414904088135,1.0,0.015296269619551902,0.22712400000000343,143.538675
639,0.000695366335710625,0.00022687718558954902,1.0,0.015175320703723225,0.22869199999999523,143.767367
640,0.0006934559991368102,0.00022627574050759858,1.0,0.015340476303239346,0.22167500000000473,143.989042
641,0.0006915536031762233,0.00022572362393855,1.0,0.015026009758973983,0.22185699999999997,144.210899
642,0.0006896594279110719,0.00022514896345342736,1.0,0.01518274491786676,0.23245399999998995,144.443353
643,0.0006877732079566182,0.00022457601189022794,1.0,0.015118389290062597,0.2331660000000113,144.676519
644,0.0006858950478418465,0.00022400781554489783,1.0,0.01503405721206085,0.20962699999998335,144.886146
645,0.0006840248245732445,0.0002234321510147584,1.0,0.015102480762107896,0.20696100000000683,145.093107
646,0.0006821623392464775,0.0002228968741289681,1.0,0.014935552429534758,0.23299700000001167,145.32610400000002
647,0.0006803078799353214,0.00022233716066260716,1.0,0.015009823112441685,0.2207779999999957,145.546882
648,0.0006784612398871368,0.00022176322783183417,1.0,0.015048704088593443,0.22095500000000357,145.76783700000001
649,0.0006766221503950667,0.00022120796760017824,1.0,0.014837146496093438,0.2381460000000004,146.00598300000001
650,0.0006747906439710596,0.00022064894183724756,1.0,0.015052852461405426,0.21836700000000064,146.22435000000002
651,0.0006729668298223956,0.0002201012016140507,1.0,0.01491411247168695,0.22161299999999073,146.445963
652,0.0006711504336840636,0.00021956272979574716,1.0,0.014875845446215495,0.22085799999999267,146.666821
653,0.0006693417645091188,0.00021906202227383928,1.0,0.015018833633772889,0.21958300000000008,146.886404
654,0.0006675408515077911,0.00021855237712239161,1.0,0.014961156861860996,0.21966700000001538,147.10607100000001
655,0.0006657476893684879,0.00021801516687112367,1.0,0.01480055133885631,0.21774899999999775,147.32382
656,0.0006639619712716827,0.00021748789178019324,1.0,0.015037298901084285,0.24209500000000617,147.56591500000002
657,0.0006621837723386585,0.00021696512327081655,1.0,0.014773042885321245,0.2286009999999976,147.79451600000002
658,0.0006604128527210209,0.00021644103052231853,1.0,0.01469532505510756,0.226366999999982,148.020883
659,0.0006586495679306835,0.0002158847524697928,1.0,0.01488250235443777,0.2118690000000072,148.232752
660,0.0006568933936495698,0.00021532533120643334,1.0,0.014834763722451624,0.23356000000001131,148.46631200000002
661,0.0006551442927883808,0.00021480682120781762,1.0,0.014884681654220923,0.23756499999998937,148.703877
662,0.0006534023969488299,0.00021427935305401167,1.0,0.01500664302266705,0.234611000000001,148.938488
663,0.0006516677156433023,0.00021371962821827934,1.0,0.014909764936166458,0.23087300000000255,149.169361
664,0.0006499399828263475,0.00021319658886168567,1.0,0.014901701737304573,0.23604499999999007,149.405406
665,0.0006482193011122315,0.00021268073974739076,1.0,0.015006387757726515,0.2296750000000145,149.635081
666,0.0006465057779612452,0.00021216699267296744,1.0,0.014723136911598983,0.22551099999998314,149.860592
667,0.0006447993014685222,0.00021165677282885108,1.0,0.014572206211881789,0.24849100000000135,150.109083
668,0.0006430996954392761,0.00021115774626921565,1.0,0.014662087223806821,0.2247509999999977,150.333834
669,0.0006414071397936633,0.00021065480209118617,1.0,0.015048386130793323,0.2317870000000255,150.56562100000002
670,0.0006397215651470234,0.00021012731057310795,1.0,0.01466045342506974,0.23673799999997414,150.802359
671,0.0006380427175258914,0.00020962497916009334,1.0,0.014714665931345789,0.2462330000000179,151.048592
672,0.0006363707461741923,0.0002091094987897208,1.0,0.014779034403776398,0.22679899999999975,151.275391
673,0.000634705506724349,0.00020857349824406396,1.0,0.014879834065537625,0.24241000000000668,151.51780100000002
674,0.0006330469269119188,0.00020805942621376968,1.0,0.014702326881125927,0.2505589999999813,151.76836
675,0.0006313950609000678,0.0002075632481864368,1.0,0.014550176454434939,0.24630100000001676,152.01466100000002
676,0.0006297497173369418,0.00020704863080908356,1.0,0.014697583288841768,0.2699429999999836,152.284604
677,0.0006281109888272577,0.00020655241386954032,1.0,0.014513626841061736,0.24128200000001243,152.525886
678,0.0006264787955697348,0.00020607118961462638,1.0,0.01462688099926241,0.2532549999999958,152.779141
679,0.0006248533345304474,0.00020557156353671852,1.0,0.014688085667678638,0.24252599999999802,153.021667
680,0.0006232342840665611,0.00020509204916747508,1.0,0.01440531133406302,0.22578599999999938,153.247453
681,0.0006216218350515549,0.0002046074455673427,1.0,0.014477530496656083,0.23512300000001574,153.48257600000002
682,0.0006200157070762912,0.0002041420179648711,1.0,0.014631309410614348,0.23163499999998294,153.714211
683,0.0006184161531345045,0.00020365784585460299,1.0,0.014363711327960245,0.23194499999999607,153.946156
684,0.0006168229381535889,0.000203178623790781,1.0,0.014390951249040598,0.23964599999999336,154.185802
685,0.0006152359926645869,0.00020272402299020104,1.0,0.014585153602253258,0.24135600000002455,154.42715800000002
686,0.0006136555737119547,0.00020224991403347894,1.0,0.014460981786043443,0.228022999999979,154.655181
687,0.0006120814910162139,0.0002017736983437593,1.0,0.014618104882329772,0.20856700000001638,154.86374800000002
688,0.0006105137074727723,0.00020128476118327443,1.0,0.014344927284201699,0.22408799999999474,155.087836
689,0.000608952079731794,0.00020080662867562972,1.0,0.014572329058059788,0.22557199999999966,155.313408
690,0.0006073964924656188,0.00020033835302392744,1.0,0.014739114980281454,0.21801999999999566,155.531428
691,0.0006058471505606466,0.00019986712911995963,1.0,0.014646856458298777,0.2306560000000104,155.76208400000002
692,0.0006043039870003906,0.00019938834180313242,1.0,0.014520552834489246,0.23019899999999893,155.99228300000001
693,0.000602766855346107,0.0001989150129855122,1.0,0.014782749786869692,0.2282289999999989,156.220512
694,0.0006012357443794742,0.0001984476704841914,1.0,0.014449163980176014,0.24170899999998596,156.462221
695,0.0005997106679182535,0.0001979724667854544,1.0,0.01448950543923243,0.23590200000001005,156.698123
696,0.0005981913487050924,0.00019753136612842535,1.0,0.014292885344482956,0.38245900000001143,157.08058200000002
697,0.0005966780350777775,0.00019707782597915162,1.0,0.014323214481566345,0.2804219999999873,157.361004
698,0.0005951707730427667,0.0001966227915422429,1.0,0.01425602378528839,0.2241820000000132,157.58518600000002
699,0.000593669412638872,0.00019618011038054843,1.0,0.014516393560756484,0.23660799999998972,157.821794
700,0.0005921739609311135,0.00019572701876586043,1.0,0.014442697489709354,0.2452199999999891,158.067014
701,0.0005906843414181746,0.00019526332388591786,1.0,0.014537775672058214,0.2972249999999974,158.364239
702,0.0005892004163066991,0.0001948247359646372,1.0,0.014298334724406813,0.23759700000002226,158.60183600000002
703,0.0005877222808952063,0.00019435538031731085,1.0,0.014684485347745026,0.28633800000000065,158.88817400000002
704,0.0005862498923513466,0.00019390178529166211,1.0,0.014512473152488457,0.26898599999998396,159.15716
705,0.0005847832300845204,0.00019346167250002547,1.0,0.01439749663677449,0.22863800000001788,159.38579800000002
706,0.0005833222429375655,0.0001930152165573788,1.0,0.014398290690892362,0.22698599999998237,159.612784
707,0.0005818668777733684,0.0001925871905695611,1.0,0.014575073318910742,0.3151679999999999,159.927952
708,0.0005804171731845273,0.0001921326303492197,1.0,0.014517170517651138,0.22875200000001428,160.15670400000002
709,0.0005789729786184093,0.00019169020002541992,1.0,0.014464398935302776,0.22155200000000264,160.37825600000002
710,0.0005775343351458017,0.0001912655436529073,1.0,0.014418950297293832,0.20879499999998075,160.587051
711,0.0005761013072946372,0.000190832193789814,1.0,0.014299413491840404,0.23355800000001636,160.82060900000002
712,0.0005746736920351224,0.00019041916164924417,1.0,0.014015858110584025,0.21768699999998375,161.038296
713,0.0005732517260323342,0.00019001057165069507,1.0,0.01433069983192103,0.22020600000001878,161.25850200000002
714,0.0005718353176097534,0.00018957941787439342,1.0,0.014482587100513316,0.24317599999997697,161.501678
715,0.0005704242417415407,0.00018916871107350395,1.0,0.014189223958710764,0.23520800000000008,161.736886
716,0.0005690185563237011,0.0001887637064239824,1.0,0.014308925631823706,0.2245200000000125,161.961406
717,0.0005676184326621425,0.00018833611050428364,1.0,0.014191462976663141,0.27649099999999294,162.237897
718,0.0005662237266342899,0.00018791839504118097,1.0,0.014068155521865125,0.2203710000000001,162.458268
719,0.0005648343601365034,0.00018749979684894587,1.0,0.013985356093926466,0.2823580000000163,162.74062600000002
720,0.0005634503742309549,0.00018707431352956423,1.0,0.013891042026158509,0.22325899999998455,162.963885
721,0.0005620715244282322,0.00018665576985468156,1.0,0.014066522789605173,0.23572500000000218,163.19961
722,0.0005606979176247844,0.00018622871360734998,1.0,0.01416899257310268,0.21871600000000058,163.418326
723,0.0005593294077959588,0.00018579211932533396,1.0,0.014267699216452307,0.2438449999999932,163.662171
724,0.0005579658735839177,0.0001853887300278791,1.0,0.014083814915161806,0.23975699999999733,163.901928
725,0.0005566075616288234,0.00018499797381930084,1.0,0.01407330381611521,0.25260900000000674,164.154537
726,0.0005552544266295474,0.00018461030876527025,1.0,0.014055002981530727,0.2355230000000006,164.39006
727,0.000553906541399239,0.00018420742115767818,1.0,0.013853173959958831,0.2834709999999916,164.673531
728,0.0005525636951069536,0.00018379811880064284,1.0,0.014014064710198056,0.24252100000001064,164.916052
729,0.0005512259867815702,0.00018337950773449446,1.0,0.014013754063774494,0.2634339999999895,165.179486
730,0.0005498932375772429,0.00018296944781232542,1.0,0.01411747880295172,0.2520269999999982,165.431513
731,0.0005485654622412367,0.00018255214633046911,1.0,0.014005919635252861,0.24875400000001946,165.68026700000001
732,0.000547242610373817,0.00018216185717284732,1.0,0.014173451043348304,0.23098199999998315,165.911249
733,0.0005459247580010641,0.00018176100185401332,1.0,0.014066446806734306,0.22947899999999777,166.140728
734,0.0005446118660551591,0.00018136535574914673,1.0,0.013932645831380017,0.23184900000001107,166.372577
735,0.0005433038305141443,0.00018098398128670257,1.0,0.013981289716287058,0.23845600000001355,166.61103300000002
736,0.0005420007357463831,0.00018056112452741524,1.0,0.013857131659396053,0.24830599999998526,166.859339
737,0.0005407023430489455,0.00018018463226121217,1.0,0.013860217913461625,0.24620999999999071,167.105549
738,0.0005394088611851235,0.00017978923723314946,1.0,0.013882544527908318,0.24914300000000367,167.354692
739,0.0005381201261303849,0.00017940536811911255,1.0,0.013762215619587301,0.25063199999999597,167.605324
740,0.0005368361979370815,0.00017900361046496805,1.0,0.013607159870206156,0.2701290000000256,167.87545300000002
741,0.000535556934094379,0.00017862346229950604,1.0,0.01400451462501356,0.24366899999998282,168.119122
742,0.0005342825607469571,0.00017821263178624086,1.0,0.013737109819728416,0.22962499999999864,168.348747
743,0.0005330127454734108,0.00017784189461471071,1.0,0.013877141101525372,0.23902599999999552,168.587773
744,0.0005317476839897746,0.00017745547023803715,1.0,0.013554450644856216,0.24288500000000113,168.830658
745,0.0005304870992111486,0.00017710255160004892,1.0,0.013878356771811378,0.24169299999999794,169.072351
746,0.0005292313621516363,0.00017672749084268096,1.0,0.013845222910788142,0.22980499999999893,169.302156
747,0.0005279802616556719,0.0001763370508923021,1.0,0.013761598127067145,0.23016000000001213,169.532316
748,0.0005267337463498462,0.00017594784968871124,1.0,0.013979313009897958,0.27228600000000824,169.80460200000002
749,0.0005254917110170306,0.0001755734786618364,1.0,0.013692092887059358,0.26598699999999553,170.070589
750,0.0005242542277964717,0.00017521386402878005,1.0,0.013720209668036578,0.23392599999999675,170.304515
751,0.0005230214161040386,0.00017483400189746733,1.0,0.013685150613870031,0.2476660000000095,170.55218100000002
752,0.0005217930306974277,0.00017446831631871165,1.0,0.013674885123267866,0.24962599999997792,170.801807
753,0.0005205692257151261,0.00017409295930289543,1.0,0.013622174898451933,0.3015840000000196,171.10339100000002
754,0.0005193498254132281,0.00017371924721148942,1.0,0.01390050739980764,0.23700499999998215,171.340396
755,0.0005181347471499188,0.00017335952459527064,1.0,0.013647130676868497,0.2373190000000136,171.577715
756,0.0005169241571878402,0.00017301002265338085,1.0,0.013808918014792533,0.23837699999998563,171.816092
757,0.0005157180313545624,0.00017265565976988615,1.0,0.01383483831360876,0.2288040000000251,172.04489600000002
758,0.0005145164141880396,0.0001722859799880599,1.0,0.01383051328986647,0.2337649999999769,172.278661
759,0.0005133191720664215,0.000171911498554544,1.0,0.013428696264048355,0.2305770000000109,172.509238
760,0.0005121261382089606,0.00017154459648351903,1.0,0.013451645127228743,0.23549800000000687,172.74473600000002
761,0.000510937400002887,0.00017119932515026131,1.0,0.01350840741324349,0.29454300000000444,173.03927900000002
762,0.0005097529258487603,0.00017082561754501108,1.0,0.013542385817206634,0.25972099999998477,173.299
763,0.0005085726627643264,0.00017048157135734904,1.0,0.013633689914908109,0.2398499999999899,173.53885
764,0.0005073967199958396,0.00017013437224645665,1.0,0.013544804576058595,0.23504500000001372,173.773895
765,0.000506225047657699,0.00016977025025430667,1.0,0.013566944337400124,0.261825999999985,174.035721
766,0.0005050575662781033,0.00016942228691925058,1.0,0.013381646956234273,0.23777600000002508,174.27349700000002
767,0.0005038942996591743,0.00016906779120409322,1.0,0.013509581588051118,0.22185199999998417,174.495349
768,0.000502735066522493,0.0001687321963719049,1.0,0.013658796609417182,0.22093300000000227,174.716282
769,0.0005015801359187906,0.0001683712234607434,1.0,0.01354756303466136,0.22259400000001506,174.93887600000002
770,0.0005004293212356016,0.00016801302676089085,1.0,0.013652293240600152,0.23167399999999816,175.17055000000002
771,0.0004992826364014976,0.00016765986519785107,1.0,0.013500400235463214,0.22496300000000247,175.39551300000002
772,0.0004981398931255298,0.00016732033079891175,1.0,0.013586280401335311,0.2147939999999835,175.610307
773,0.0004970012878055278,0.0001669792602082372,1.0,0.013370423692684737,0.222171000000003,175.832478
774,0.0004958667260847283,0.00016663734522764202,1.0,0.01358123840410275,0.2185130000000015,176.050991
775,0.0004947361951076294,0.00016629098204145717,1.0,0.01320959076935391,0.2302259999999876,176.281217
776,0.0004936096727834447,0.00016595522528135175,1.0,0.013420532724444106,0.2166300000000092,176.497847
777,0.0004924871419453795,0.0001656213635491793,1.0,0.013528320853930591,0.22695400000000632,176.724801
778,0.0004913686315034932,0.00016528234645783756,1.0,0.013470952113195009,0.21785499999998592,176.942656
779,0.0004902539962888801,0.0001649571474959718,1.0,0.013544109185697463,0.24219700000000444,177.184853
780,0.0004891433698402532,0.00016461562202522688,1.0,0.01338236206467709,0.23588399999999865,177.420737
781,0.0004880367039971603,0.00016427186825902318,1.0,0.013351819140018012,0.21763799999999378,177.638375
782,0.00048693390843600204,0.00016392150822110488,1.0,0.013235220083136122,0.22706100000002039,177.86543600000002
783,0.0004858349207596071,0.00016358314349683558,1.0,0.013465049658601014,0.21666199999998526,178.082098
784,0.00048473970823484087,0.00016325766473362336,1.0,0.013383396456031038,0.21942400000000362,178.301522
785,0.0004836483918234302,0.00016292768550592535,1.0,0.013249353715717605,0.22255000000001246,178.52407200000002
786,0.00048256096026256547,0.00016257798312993462,1.0,0.01326334871408841,0.2311770000000024,178.75524900000002
787,0.00048147716543929574,0.00016224692038066944,1.0,0.013269058232687307,0.22321999999999775,178.97846900000002
788,0.0004803972352293876,0.00016191672239033054,1.0,0.013184115843521782,0.21911799999998038,179.197587
789,0.00047932107718811934,0.00016158891193427397,1.0,0.013316914788532537,0.23161300000001006,179.4292
790,0.00047824866135690134,0.0001612606589759222,1.0,0.013272458580208889,0.2224170000000072,179.65161700000002
791,0.0004771799777725889,0.00016094578885934307,1.0,0.01329373300386681,0.22039100000000644,179.87200800000002
792,0.0004761150336646675,0.0001606294307070384,1.0,0.013206206537480527,0.21941199999997707,180.09142
793,0.0004750538671561022,0.00016030506946492916,1.0,0.013484694312700453,0.2577660000000037,180.349186
794,0.00047399636425673287,0.00015997052681205126,1.0,0.013306793563867462,0.2265510000000006,180.575737
795,0.00047294246012956885,0.00015964094548412774,1.0,0.01332029477466371,0.22032899999999245,180.796066
796,0.00047189220514163416,0.000159314009262272,1.0,0.013327226432178143,0.21382800000000657,181.009894
797,0.00047084552533017905,0.000158996263225598,1.0,0.013335937878097575,0.23487600000001407,181.24477000000002
798,0.0004698025025732328,0.00015867118932921085,1.0,0.013317525656132652,0.2253910000000019,181.47016100000002
799,0.00046876300916027857,0.0001583532953747037,1.0,0.013471872436429945,0.2254869999999869,181.695648
800,0.00046772711537755845,0.00015802406868893677,1.0,0.013403900093331362,0.2309240000000159,181.92657200000002
801,0.00046669469962783687,0.00015771753123352997,1.0,0.013538206983008508,0.22205799999997566,182.14863
802,0.0004656658898094124,0.00015739085639755864,1.0,0.013328832305942432,0.23825500000000943,182.386885
803,0.0004646405609027761,0.00015708180038294904,1.0,0.013187224550247048,0.2304719999999918,182.617357
804,0.00046361877696939416,0.0001567809688722205,1.0,0.01340152518485354,0.24773700000000076,182.865094
805,0.0004626004853884962,0.00015647414277879948,1.0,0.013351358445180076,0.22789400000002047,183.09298800000002
806,0.00046158572997731615,0.00015616155382382318,1.0,0.013278468917919678,0.23095999999998185,183.323948
807,0.0004605743633190933,0.0001558556215454728,1.0,0.013406255020583088,0.24947299999999473,183.573421
808,0.0004595664860479328,0.00015554584371438188,1.0,0.013400241540731057,0.21920000000000073,183.792621
809,0.0004585620219690628,0.00015522837799019783,1.0,0.013183417595093005,0.22307900000001268,184.0157
810,0.00045756083135541125,0.0001549346562710031,1.0,0.013168664358428485,0.22254100000000676,184.23824100000002
811,0.0004565631561206679,0.00015463263964780063,1.0,0.013168061495456239,0.21901399999998716,184.457255
812,0.0004555689281985336,0.00015432196412275298,1.0,0.013238112388939894,0.22935699999999315,184.686612
813,0.0004545779925529753,0.00015403856797483758,1.0,0.013192402918182062,0.21361699999999928,184.900229
814,0.00045359052741706697,0.0001537349017080109,1.0,0.013141680522476919,0.22636500000001547,185.126594
815,0.0004526064172519606,0.00015342420356370494,1.0,0.012971624902882803,0.21578800000000342,185.34238200000001
816,0.00045162555529180195,0.0001531233828123564,1.0,0.013122653147373034,0.22321999999999775,185.565602
817,0.00045064800410613595,0.00015283335736331307,1.0,0.012907521699730974,0.21477799999999547,185.78038
818,0.0004496737493644226,0.00015254996903472836,1.0,0.012949905000559231,0.21805399999999509,185.998434
819,0.00044870285336189687,0.00015224469355936692,1.0,0.013013347313140867,0.23430000000001883,186.23273400000002
820,0.00044773515915148365,0.0001519474954396308,1.0,0.013140169917956772,0.22040899999998942,186.453143
821,0.0004467706708136967,0.0001516516262304191,1.0,0.012914014647430423,0.249842000000001,186.702985
822,0.00044580944795365716,0.00015136260970723467,1.0,0.013005274908085023,0.2185130000000015,186.921498
823,0.00044485141765206735,0.00015107201077837925,1.0,0.013024038967160912,0.21012299999998163,187.131621
824,0.00044389660586878797,0.00015077569544561157,1.0,0.01297617975543598,0.21903300000002446,187.35065400000002
825,0.0004429449830662898,0.00015048652632765645,1.0,0.012783422682643493,0.2163630000000012,187.56701700000002
826,0.00044199651637293817,0.0001501855096726583,1.0,0.012921623261737259,0.21329299999999307,187.78031000000001
827,0.0004410511818674416,0.00014989311032683963,1.0,0.012861973621821525,0.21600999999998294,187.99632
828,0.000440109012641241,0.00014961507828984157,1.0,0.01288374392148337,0.22360300000002553,188.21992300000002
829,0.0004391699725520465,0.0001493386707850143,1.0,0.012851453401179951,0.22042899999999577,188.44035200000002
830,0.000438234154498245,0.00014905066312487767,1.0,0.01282569993308513,0.2202350000000024,188.66058700000002
831,0.0004373014457870487,0.0001487650597390311,1.0,0.012871435380741765,0.21757399999998484,188.878161
832,0.0004363718098645026,0.00014847404210579747,1.0,0.012885341372860699,0.22068799999999555,189.098849
833,0.00043544525944777947,0.00014817147852250979,1.0,0.012896174307793263,0.23185900000001425,189.33070800000002
834,0.0004345217105665087,0.00014787534810753916,1.0,0.012877809083110913,0.22189399999999182,189.552602
835,0.0004336010962928892,0.00014759470075421575,1.0,0.012920837963525333,0.25858400000001325,189.81118600000002
836,0.00043268354460278974,0.00014731029671257774,1.0,0.01283193904822273,0.22151599999997984,190.032702
837,0.0004317690544261949,0.0001470197967429019,1.0,0.012834466780214292,0.23168200000000638,190.264384
838,0.0004308574635210505,0.0001467406246550732,1.0,0.012993238528828907,0.2142509999999902,190.478635
839,0.00042994884308932436,0.00014645681707724334,1.0,0.012753968552313297,0.2214230000000157,190.700058
840,0.0004290431650000961,0.00014619809988056576,1.0,0.013039035029790346,0.21673599999999738,190.916794
841,0.000428140529833543,0.0001459113461520753,1.0,0.012963153964665653,0.21526700000001142,191.13206100000002
842,0.00042724084235229963,0.0001456271146468901,1.0,0.01289698332509988,0.21393799999998464,191.345999
843,0.00042634410880545976,0.00014534678339913064,1.0,0.012830736910907914,0.21577800000000025,191.561777
844,0.00042545026449650224,0.0001450573395457219,1.0,0.01291885379100909,0.2258070000000032,191.787584
845,0.00042455923168855053,0.0001447844033186863,1.0,0.012841273540719267,0.22823600000000965,192.01582000000002
846,0.00042367116558513103,0.0001445116398029379,1.0,0.012742433281619659,0.2314659999999833,192.247286
847,0.00042278594656175656,0.0001442473742049811,1.0,0.012709455981626901,0.22907299999999964,192.476359
848,0.0004219036689577341,0.00014397330231505443,1.0,0.012796470588262575,0.22913800000000606,192.705497
849,0.00042102423014699184,0.00014369255183471964,1.0,0.012974806839953548,0.253153999999995,192.958651
850,0.0004201476357219295,0.0001434248047212746,1.0,0.012659603187269821,0.22721599999999853,193.185867
851,0.0004192739054579439,0.0001431584817451447,1.0,0.012774567384113589,0.2211240000000032,193.406991
852,0.0004184029630768348,0.0001429035467661383,1.0,0.01248813082100694,0.21406899999999496,193.62106
853,0.00041753486026479425,0.00014265218277317838,1.0,0.01243259703079087,0.2241380000000106,193.845198
854,0.00041666966701702933,0.00014237981750820993,1.0,0.012439960757214968,0.21615499999998633,194.061353
855,0.0004158072207918069,0.00014211510516725636,1.0,0.01260926633373522,0.2174020000000212,194.27875500000002
856,0.0004149475823752268,0.00014185414943812516,1.0,0.012826440079101727,0.21480599999998162,194.493561
857,0.00041409068371302314,0.00014160254682830925,1.0,0.012748272040690045,0.22657700000002023,194.72013800000002
858,0.0004132365884882324,0.00014133984360666145,1.0,0.012852638060549702,0.21713799999997718,194.937276
859,0.0004123852071179349,0.00014107641211604698,1.0,0.01282504872427266,0.21640899999999874,195.153685
860,0.00041153656971086475,0.00014081093789880523,1.0,0.012733932289413509,0.22134900000000357,195.375034
861,0.00041069063345796253,0.0001405541604413331,1.0,0.012688814045328463,0.21950200000000564,195.594536
862,0.00040984741838931226,0.00014030588374938722,1.0,0.01275114087031989,0.21474800000001437,195.80928400000002
863,0.00040900692122381474,0.00014003067863521999,1.0,0.012740520431950312,0.2652909999999906,196.074575
864,0.0004081689795068736,0.00013976600123669991,1.0,0.012554919680659308,0.21547899999998776,196.290054
865,0.00040733376010048734,0.00013950524662387567,1.0,0.012703726286959231,0.2188690000000122,196.508923
866,0.00040650120547865463,0.00013924355714127994,1.0,0.0127718103683076,0.22883699999999862,196.73776
867,0.0004056713329138441,0.00013898417744038276,1.0,0.012659138237222598,0.21921199999999885,196.956972
868,0.00040484401983274847,0.00013872951476211383,1.0,0.012616181760526866,0.22652400000001194,197.18349600000002
869,0.0004040193405202125,0.0001384770897053252,1.0,0.012766698917299202,0.22261899999998036,197.406115
870,0.0004031973055472595,0.0001382128068356669,1.0,0.012756923943910205,0.2187279999999987,197.624843
871,0.00040237782111528946,0.0001379666666251895,1.0,0.012646747213442344,0.22722400000000675,197.852067
872,0.0004015609939463972,0.00013771416964336895,1.0,0.012783479639374942,0.22865500000000338,198.080722
873,0.00040074672069451134,0.0001374652893639723,1.0,0.012577515325432559,0.21953300000001263,198.30025500000002
874,0.00039993498643217597,0.00013722751255086998,1.0,0.012602909967569294,0.21402099999997404,198.514276
875,0.00039912588786550986,0.0001369703872711598,1.0,0.012712409785217153,0.2282030000000077,198.742479
876,0.0003983192739500148,0.00013672256263411338,1.0,0.01264330720621926,0.2364210000000071,198.9789
877,0.0003975151997737561,0.00013647843960621633,1.0,0.012629776882401567,0.24259399999999687,199.221494
878,0.00039671368172974913,0.0001362289574616346,1.0,0.01261843172851294,0.21636499999999614,199.437859
879,0.00039591466336918926,0.00013597876230838973,1.0,0.012571477109576222,0.22056399999999599,199.658423
880,0.00039511814570643685,0.00013572439729451073,1.0,0.012491084512644766,0.21535199999999577,199.873775
881,0.000394324108344483,0.00013548655341027617,1.0,0.012348840309265726,0.21584400000000414,200.089619
882,0.00039353256992591694,0.00013524831887443115,1.0,0.012500871184773336,0.2230480000000057,200.312667
883,0.00039274351483469146,0.00013500398582161674,1.0,0.012591839201205672,0.22043600000000652,200.533103
884,0.00039195686287115994,0.00013475248904740758,1.0,0.012405334400383166,0.21791999999999234,200.751023
885,0.00039117267415838695,0.00013450777498461591,1.0,0.012412828858576037,0.23331999999999198,200.984343
886,0.00039039092183699715,0.00013427192359460302,1.0,0.012528708643453334,0.23138700000001222,201.21573
887,0.000389611630948846,0.00013403956999800048,1.0,0.012482958186512476,0.2161959999999965,201.431926
888,0.0003888348226370828,0.00013378959555952462,1.0,0.012520178636921479,0.215202000000005,201.647128
889,0.0003880603975656944,0.00013354104800384226,1.0,0.012400410769856094,0.22232700000000705,201.86945500000002
890,0.00038728834201911324,0.0001333041313134288,1.0,0.012564446366618518,0.22260699999998224,202.092062
891,0.0003865186608358836,0.00013306284550531125,1.0,0.012485648055829733,0.25463600000000497,202.346698
892,0.00038575136719990106,0.00013281704895818383,1.0,0.012213108632700868,0.21956800000000953,202.566266
893,0.00038498637442522295,0.0001325691644921562,1.0,0.012424030880086498,0.2144179999999949,202.780684
894,0.0003842237201458303,0.00013234047616005008,1.0,0.01242012069544248,0.2209049999999877,203.001589
895,0.0003834634647230901,0.00013210256307990547,1.0,0.012284753214810882,0.22411100000002193,203.22570000000002
896,0.0003827055418112018,0.00013186491005905024,1.0,0.012145431266256489,0.21552699999998026,203.441227
897,0.00038194991925913157,0.00013162192554844047,1.0,0.012263650786812314,0.21627300000000105,203.6575
898,0.00038119659258308247,0.00013138238881127526,1.0,0.012364058694299677,0.22125700000000847,203.878757
899,0.00038044554672409615,0.00013114558030829536,1.0,0.01229237518799599,0.2295479999999941,204.108305
900,0.0003796967478977155,0.0001309324199499931,1.0,0.012267171577799257,0.227642000000003,204.335947
901,0.0003789503597195268,0.00013070159240973717,1.0,0.012466654256428686,0.2240070000000003,204.559954
902,0.0003782062819675769,0.00013045752939784314,1.0,0.012175143864017532,0.2252809999999954,204.785235
903,0.00037746441931622615,0.00013021708959973656,1.0,0.012407674473007004,0.21564700000001835,205.00088200000002
904,0.0003767247854767747,0.00012999308719868278,1.0,0.012283912771946454,0.2205099999999902,205.221392
905,0.00037598740097263193,0.00012976340954131874,1.0,0.012248621774279898,0.2568119999999965,205.478204
906,0.0003752522652788826,0.00012952563642534257,1.0,0.012272203654447242,0.21906000000001313,205.69726400000002
907,0.00037451932435342993,0.0001292912103002714,1.0,0.012252098352485169,0.22000099999999634,205.91726500000001
908,0.00037378860634563457,0.00012906151016766484,1.0,0.012426702285248118,0.21913699999998926,206.136402
909,0.00037306010158890226,0.00012884261094181577,1.0,0.012186206451939957,0.21552300000001878,206.35192500000002
910,0.0003723338380043287,0.00012861967619447675,1.0,0.012296465949147154,0.22052699999997571,206.572452
911,0.0003716097775497196,0.00012840391386848324,1.0,0.012328840346199585,0.2163500000000056,206.788802
912,0.0003708879555015965,0.00012816677064729707,1.0,0.012201273214450177,0.2129549999999938,207.001757
913,0.0003701682777767923,0.00012794343880366416,1.0,0.012280986540940798,0.2176640000000134,207.219421
914,0.0003694507572712106,0.00012772914524799872,1.0,0.012203993039707279,0.22834399999999277,207.447765
915,0.0003687354551584896,0.00012749613606583425,1.0,0.012264373923414043,0.22571999999999548,207.673485
916,0.00036802224410283405,0.00012727445446440264,1.0,0.012327793985386564,0.2151269999999954,207.888612
917,0.00036731121867727637,0.00012705618209534579,1.0,0.01232549003881448,0.21640200000001641,208.105014
918,0.0003666022830234911,0.00012684569001366304,1.0,0.012348932192383158,0.21728899999999385,208.322303
919,0.0003658955310537895,0.00012663954015487453,1.0,0.012284385433370987,0.2609199999999987,208.583223
920,0.00036519094917681103,0.000126423662573112,1.0,0.01220681328780181,0.21353899999999726,208.796762
921,0.0003644884917760087,0.00012620152866354848,1.0,0.012145366911096597,0.21521699999999555,209.011979
922,0.0003637881531122178,0.00012596948939711889,1.0,0.01206412324306524,0.22313400000001593,209.235113
923,0.000363089839894937,0.00012575748525566093,1.0,0.012317488686101101,0.2294080000000065,209.46452100000002
924,0.00036239361580544773,0.0001255467222178279,1.0,0.012128341567618614,0.22327199999998015,209.687793
925,0.00036169951871301237,0.0001253174161989104,1.0,0.012130262461683016,0.2194300000000169,209.90722300000002
926,0.0003610074717961701,0.0001250969002582495,1.0,0.012305520973383924,0.22318799999999328,210.130411
927,0.0003603174307554564,0.0001248876082273816,1.0,0.01237885240228749,0.21449400000000196,210.344905
928,0.00035962944966318726,0.0001246643008638363,1.0,0.012230847209705336,0.22591399999998885,210.570819
929,0.00035894349512647917,0.00012444715770472902,1.0,0.012093336739281188,0.23144700000000284,210.802266
930,0.00035825957001235376,0.0001242404862906704,1.0,0.012188078701198427,0.21469500000000608,211.016961
931,0.0003575776824341304,0.000124024443473168,1.0,0.012191502153783838,0.21685600000000704,211.23381700000002
932,0.00035689783787566995,0.0001238094931050725,1.0,0.012215836503260231,0.21249699999998484,211.446314
933,0.0003562199937808806,0.00012359612019909852,1.0,0.012229299308782025,0.23765400000002046,211.68396800000002
934,0.00035554415864098675,0.00012338689994162522,1.0,0.0121364267793714,0.21923899999998753,211.903207
935,0.0003548702685324553,0.00012318582648125005,1.0,0.011899469700762187,0.21707100000000423,212.120278
936,0.00035419840290276314,0.00012297574145004518,1.0,0.012110324060983273,0.22048300000000154,212.34076100000001
937,0.00035352851897703244,0.0001227563125307326,1.0,0.012185609626164351,0.2275410000000022,212.56830200000002
938,0.00035286057488453774,0.00012255329832322118,1.0,0.012127251376664427,0.23017099999998436,212.798473
939,0.00035219464231233565,0.00012234580597477024,1.0,0.012121133162591512,0.21638200000001007,213.014855
940,0.0003515306399746182,0.00012214425815408006,1.0,0.012172574360803967,0.2129979999999989,213.227853
941,0.0003508686126714861,0.00012193495613360022,1.0,0.01187386518517924,0.21041099999999346,213.438264
942,0.00035020848890353974,0.00012172423169553025,1.0,0.012222666058849968,0.21834000000001197,213.65660400000002
943,0.0003495502940269424,0.0001215187515164942,1.0,0.012094217198383555,0.22607199999998784,213.882676
944,0.00034889400343458767,0.00012130582843171421,1.0,0.012061825139256094,0.2185259999999971,214.101202
945,0.0003482395983635135,0.00012109228788319092,1.0,0.01200797359462767,0.22021700000001942,214.32141900000002
946,0.0003475871153502753,0.00012088986497149416,1.0,0.012042185651789057,0.21324599999999805,214.53466500000002
947,0.00034693652796594733,0.00012068777989940933,1.0,0.012003259517194668,0.23792599999998743,214.772591
948,0.000346287881884645,0.0001204797767417034,1.0,0.012005375563310994,0.2435350000000085,215.016126
949,0.00034564107375770865,0.00012028091810138265,1.0,0.011867658845146007,0.22419800000000123,215.24032400000002
950,0.00034499617917872207,0.00012007469546256592,1.0,0.011896670805849696,0.21777399999999147,215.458098
951,0.00034435309053416967,0.00011987914250135963,1.0,0.011910511153165498,0.22144299999999362,215.679541
952,0.0003437118974657323,0.00011968200683095729,1.0,0.011892684867177832,0.22815700000001016,215.907698
953,0.00034307259328397266,0.00011947461442059731,1.0,0.011870422189066981,0.22273899999999003,216.130437
954,0.0003424351168765953,0.00011928555265946932,1.0,0.011982963977797682,0.22145000000000437,216.351887
955,0.0003417995221306659,0.00011908761821193815,1.0,0.011920347560949245,0.2265610000000038,216.578448
956,0.00034116575568345455,0.00011888353858562581,1.0,0.012040476486967898,0.22197099999999637,216.800419
957,0.00034053378881712307,0.00011869083197358981,1.0,0.011915166465870854,0.21425300000001357,217.01467200000002
958,0.0003399036717661251,0.00011848894909945623,1.0,0.011998789048616464,0.2314349999999763,217.246107
959,0.0003392753585518055,0.00011829118887144268,1.0,0.011904722039390019,0.2228460000000041,217.468953
960,0.000338648830796637,0.00011808846536612775,1.0,0.01175830192262317,0.2197930000000099,217.688746
961,0.0003380241171237549,0.0001178836874844749,1.0,0.011956348161974441,0.23093499999998812,217.919681
962,0.00033740115495094946,0.00011768138952000432,1.0,0.011789187703807075,0.2491690000000233,218.16885000000002
963,0.0003367799594444832,0.0001174818803648607,1.0,0.011823337645193365,0.23699499999997897,218.405845
964,0.0003361605439591282,0.00011727917133353909,1.0,0.01179084709575024,0.22750899999999774,218.633354
965,0.0003355428542897203,0.00011708379070389447,1.0,0.011842521717378405,0.22243700000001354,218.855791
966,0.0003349269256847479,0.00011689929287286767,1.0,0.011859835121029724,0.3763759999999934,219.232167
967,0.00033431279311297413,0.00011671296316196094,1.0,0.011929384107093894,0.22232600000000957,219.454493
968,0.00033370042126914623,0.00011651319814413038,1.0,0.01198229245861178,0.21885799999998312,219.673351
969,0.00033308976689735395,0.00011631317914857774,1.0,0.011905879116711747,0.2336520000000064,219.907003
970,0.0003324807917173786,0.00011612342691723568,1.0,0.011755699408010566,0.2104400000000055,220.117443
971,0.0003318735547872901,0.00011594601368347976,1.0,0.012006122698825915,0.233366999999987,220.35081
972,0.0003312681018577792,0.00011575935531720775,1.0,0.01176652752240684,0.2244010000000003,220.575211
973,0.0003306644067203561,0.00011557321358733024,1.0,0.01179322936656214,0.23237900000000877,220.80759
974,0.0003300624343920326,0.0001153783980858649,1.0,0.011699878741184791,0.257362999999998,221.064953
975,0.0003294621685051863,0.00011518779795073329,1.0,0.011847775879129016,0.2129370000000108,221.27789
976,0.00032886356738550743,0.00011499884100565158,1.0,0.011616421050399886,0.22234900000000835,221.50023900000002
977,0.0003282666818198571,0.00011481293786253705,1.0,0.011713659798350474,0.21339399999999387,221.71363300000002
978,0.00032767148861570717,0.00011461741201022549,1.0,0.011616232464403372,0.22323399999999083,221.936867
979,0.000327077928015896,0.00011442741701746337,1.0,0.01173893059946818,0.21712300000001505,222.15399000000002
980,0.00032648607106107176,0.00011424757706586577,1.0,0.011669331197221208,0.2374590000000012,222.39144900000002
981,0.0003258959005465142,0.00011405243687579892,1.0,0.011903224838223586,0.2203309999999874,222.61178
982,0.0003253073772544982,0.00011386211411693989,1.0,0.011728294733783081,0.2368850000000009,222.848665
983,0.0003247204503425217,0.0001136801445123684,1.0,0.011716775676343215,0.2259599999999864,223.074625
984,0.00032413518964334744,0.0001135009295198331,1.0,0.011760494193022105,0.22473600000000715,223.299361
985,0.0003235516039604105,0.00011331493860438578,1.0,0.011722868136427025,0.21964199999999323,223.519003
986,0.00032296964133828873,0.00011312370622490326,1.0,0.011616102912165745,0.23273900000000936,223.751742
987,0.000322389266389867,0.00011294181375532811,1.0,0.011809093279164943,0.2242999999999995,223.976042
988,0.000321810497761549,0.00011276976004384006,1.0,0.01133667772332031,0.24471900000000346,224.220761
989,0.00032123339430631815,0.00011258584110673302,1.0,0.011748885234057182,0.22133099999999217,224.442092
990,0.000320657915982569,0.0001123976696149023,1.0,0.011714745317614184,0.21809000000001788,224.66018200000002
991,0.0003200840452924313,0.00011220847705668362,1.0,0.011546501712692182,0.21505499999997824,224.875237
992,0.0003195117904187709,0.00011201794095516462,1.0,0.01175938630034932,0.22736299999999687,225.1026
993,0.0003189410982143124,0.00011183628990030872,1.0,0.011564339760708935,0.22550200000000586,225.328102
994,0.0003183719784226463,0.0001116526706017818,1.0,0.011567175624279597,0.21876900000000887,225.546871
995,0.0003178044390146358,0.00011146645747502757,1.0,0.011606857223128144,0.21662000000000603,225.76349100000002
996,0.0003172384283411647,0.00011128778936099362,1.0,0.01152541754085207,0.20840599999999654,225.971897
997,0.00031667396579587097,0.00011111257392740085,1.0,0.01166516953905009,0.22461699999999496,226.196514
998,0.0003161110850789952,0.00011093728569197664,1.0,0.011589720814652872,0.21840100000000007,226.414915
999,0.00031554976231241505,0.00011076631080986059,1.0,0.011687282790079674,0.22673299999999585,226.641648
1000,0.0003149900135323698,0.00011058445412405932,1.0,0.011667027156147067,0.2456200000000024,226.887268
1001,0.00031443180953152135,0.0001104016877604109,1.0,0.01153492015490098,0.22904299999999012,227.116311
1002,0.0003138751017201094,0.00011022273393560801,1.0,0.011648783967393791,0.24176400000001763,227.358075
1003,0.0003133199235622494,0.00011004508202033668,1.0,0.01158318869436213,0.23857899999998722,227.596654
1004,0.00031276623963894624,0.00010987916424069983,1.0,0.011468651449516231,0.2571630000000198,227.85381700000002
1005,0.0003122141332941183,0.0001097120704074102,1.0,0.011481074188905564,0.23182699999998135,228.085644
1006,0.000311663574812024,0.00010953369903773679,1.0,0.011387137735747396,0.2274409999999989,228.313085
1007,0.0003111144864051857,0.0001093606547802667,1.0,0.011369720139574055,0.2194640000000163,228.53254900000002
1008,0.0003105668929595965,0.00010918577349509178,1.0,0.01147564298971482,0.21392000000000166,228.74646900000002
1009,0.0003100208108197252,0.000109021183624297,1.0,0.011455740427671756,0.22213399999998273,228.968603
1010,0.0003094762455536595,0.00010884962226538148,1.0,0.011508722570406435,0.22033700000000067,229.18894
1011,0.0003089331618544176,0.00010868560726128201,1.0,0.011426076436181239,0.2268720000000144,229.41581200000002
1012,0.00030839159071450106,0.00010852457390178763,1.0,0.011496868671284468,0.22837599999999725,229.644188
1013,0.00030785154079071905,0.00010834623682206605,1.0,0.011417104207771145,0.22778999999999883,229.871978
1014,0.0003073129511905355,0.00010818026627475929,1.0,0.011618277869228474,0.2212949999999978,230.093273
1015,0.00030677585557533195,0.00010800757060401193,1.0,0.011571214117651546,0.22228999999998678,230.315563
1016,0.00030624021216381673,0.00010784144060788798,1.0,0.011676937299017875,0.2064670000000035,230.52203
1017,0.00030570600925971267,0.00010768224136586374,1.0,0.011574290203197782,0.22820600000000013,230.750236
1018,0.00030517330861358765,0.00010750932653740431,1.0,0.011608855165261424,0.21941800000001876,230.96965400000002
1019,0.0003046420230116932,0.00010733919532360206,1.0,0.011413363825347888,0.23004199999999742,231.19969600000002
1020,0.00030411219547561155,0.0001071650962491753,1.0,0.011445004324891853,0.2250310000000013,231.42472700000002
1021,0.00030358374488920025,0.00010699373263763008,1.0,0.01137966261960556,0.21944899999999734,231.64417600000002
1022,0.0003030567030004779,0.0001068281208560715,1.0,0.011480483222969904,0.21553499999998849,231.859711
1023,0.0003025311142388429,0.00010666281437291046,1.0,0.011434409687430954,0.21673799999999233,232.076449
1024,0.0003020069376826802,0.00010649731077350293,1.0,0.011311858583336378,0.22270300000002408,232.29915200000002
1025,0.0003014841993919803,0.0001063349446111905,1.0,0.01145418062567844,0.21310499999998456,232.512257
1026,0.0003009628783515779,0.00010617231683837658,1.0,0.011264901160634258,0.21226000000001477,232.72451700000002
1027,0.0003004429242939394,0.00010601732631328576,1.0,0.011406655821457886,0.23371899999997936,232.958236
1028,0.00029992443134053303,0.00010584590373824295,1.0,0.011375068770108509,0.21848900000000526,233.176725
1029,0.00029940729818097987,0.00010568396380404482,1.0,0.011369660590620858,0.22373000000001753,233.40045500000002
1030,0.00029889155620149797,0.00010553158207721382,1.0,0.011438535691251308,0.23195399999997335,233.632409
1031,0.000298377228815273,0.00010536511204304477,1.0,0.01148631807771523,0.22087700000000154,233.853286
1032,0.00029786427284526126,0.00010519923384372941,1.0,0.01133400710489596,0.20810300000002258,234.06138900000002
1033,0.00029735269767214734,0.00010504263274576033,1.0,0.011429639431366932,0.22203399999997941,234.283423
1034,0.00029684252643960725,0.00010488329267477163,1.0,0.011367477206467462,0.21801200000001586,234.50143500000001
1035,0.00029633368010355114,0.00010472425545544599,1.0,0.01128219602297007,0.22263399999999933,234.72406900000001
1036,0.00029582623959344996,0.0001045540059864716,1.0,0.011349710731616818,0.22929899999999748,234.953368
1037,0.00029532010794418095,0.00010438737300706728,1.0,0.011342993768747759,0.21625900000000797,235.16962700000002
1038,0.0002948153100460036,0.00010422712644181946,1.0,0.011270492452410614,0.22070199999998863,235.390329
1039,0.00029431184374575383,0.00010406884924558281,1.0,0.01122887572581449,0.2322990000000118,235.62262800000002
1040,0.0002938097209028834,0.0001039072161533524,1.0,0.011362858286579746,0.22092799999998647,235.843556
1041,0.00029330889981185615,0.00010376018905460703,1.0,0.011403516151699905,0.22484700000001112,236.06840300000002
1042,0.00029280943050438853,0.00010359696615329317,1.0,0.011312682114360002,0.2185309999999845,236.286934
1043,0.0002923112935294675,0.00010343924864284681,1.0,0.011323904739068927,0.2162490000000048,236.503183
1044,0.0002918144708316388,0.00010327959759699828,1.0,0.011264881431232908,0.21654499999999643,236.719728
1045,0.00029131895467547506,0.00010311784893162733,1.0,0.011224448379593176,0.2277909999999963,236.947519
1046,0.00029082471418666924,0.00010296594000459292,1.0,0.011340333887011953,0.22254700000002003,237.17006600000002
1047,0.00029033179666875214,0.00010280606327608255,1.0,0.011412868748907401,0.22196199999999067,237.392028
1048,0.00028984017995650833,0.00010264888197070746,1.0,0.011289782822504993,0.2184039999999925,237.610432
1049,0.0002893498621384083,0.00010248923324083248,1.0,0.011397616470740656,0.2384890000000155,237.84892100000002
1050,0.0002888608298106121,0.0001023287630133336,1.0,0.011337079852024994,0.22107199999999239,238.069993
1051,0.00028837304382457887,0.00010218826091183998,1.0,0.011256471819327426,0.22024099999998725,238.290234
1052,0.00028788661782791996,0.00010202980592677851,1.0,0.011244135702659907,0.21862900000002128,238.50886300000002
1053,0.0002874014670564657,0.00010187290143240209,1.0,0.011364004821099975,0.21469499999997765,238.723558
1054,0.00028691755606532,0.0001017234415835299,1.0,0.011319555454620897,0.22133700000000545,238.944895
1055,0.00028643491720569905,0.00010157310517880411,1.0,0.01119928348163538,0.21440200000000686,239.159297
1056,0.0002859535606678214,0.00010142103526021581,1.0,0.011274827110823763,0.22207299999999464,239.38137
1057,0.0002854734842805217,0.00010125854242187289,1.0,0.011278006923115197,0.21402199999999993,239.595392
1058,0.0002849946420443476,0.0001011003186989257,1.0,0.011190447199292769,0.2254750000000172,239.82086700000002
1059,0.0002845170284200581,0.00010094789331045449,1.0,0.011191872667270708,0.20445300000000088,240.02532000000002
1060,0.00028404063738267984,0.00010080226263625143,1.0,0.011276997590598572,0.23142599999999902,240.25674600000002
1061,0.0002835655040684034,0.00010064905274101792,1.0,0.011175980783542965,0.26232399999997824,240.51907
1062,0.0002830915840407502,0.00010050035806526306,1.0,0.011350578923672331,0.2513900000000149,240.77046
1063,0.00028261890090449315,0.00010035435183496236,1.0,0.011317979238856248,0.2224999999999966,240.99296
1064,0.000282147495283956,0.00010019774263456233,1.0,0.011252603310721036,0.22940399999998817,241.222364
1065,0.0002816772885533425,0.00010005288021005612,1.0,0.011181171885075081,0.2240680000000168,241.44643200000002
1066,0.0002812082940719752,9.990698448351929e-05,1.0,0.011340385128441115,0.22015199999998458,241.666584
1067,0.00028074050973869263,9.977508537829763e-05,1.0,0.01124292494407445,0.2285500000000127,241.895134
1068,0.0002802739895233276,9.963233423869318e-05,1.0,0.011076954822140482,0.21805499999999256,242.113189
1069,0.00027980871044859247,9.948580091044375e-05,1.0,0.01111087988980814,0.22119499999999448,242.334384
1070,0.0002793446294909874,9.934090809451097e-05,1.0,0.01115185341948774,0.21709800000002133,242.55148200000002
1071,0.0002788817834252804,9.919208914916857e-05,1.0,0.011367284801603431,0.21292899999997417,242.764411
1072,0.0002784201011103441,9.905148995763028e-05,1.0,0.011151859004368839,0.2241430000000264,242.98855400000002
1073,0.0002779596230485406,9.890521864331782e-05,1.0,0.011173406162511026,0.21330399999999372,243.20185800000002
1074,0.0002775003495061854,9.875315041403013e-05,1.0,0.01114571966016112,0.22537099999999555,243.427229
1075,0.00027704223522882055,9.860286064223696e-05,1.0,0.011165619425199598,0.22075300000000198,243.647982
1076,0.0002765852994955029,9.8453555690024e-05,1.0,0.011142620873883891,0.2227969999999857,243.870779
1077,0.00027612951533213337,9.831069201382532e-05,1.0,0.011181701936915298,0.22526600000000485,244.096045
1078,0.00027567491186895264,9.816939165792848e-05,1.0,0.011290810596523492,0.22937799999999697,244.325423
1079,0.000275221479587577,9.80275266228821e-05,1.0,0.010978589709075351,0.22105899999999679,244.546482
1080,0.00027476924766189496,9.787448678924457e-05,1.0,0.011116026269856735,0.2134280000000217,244.75991000000002
1081,0.0002743181063846632,9.774011907148424e-05,1.0,0.011146142041062353,0.22285699999997632,244.982767
1082,0.00027386816238434146,9.759078014922396e-05,1.0,0.011232582077188283,0.21743900000001304,245.200206
1083,0.0002734193553933805,9.74416972363283e-05,1.0,0.011227239434626045,0.21178199999999947,245.411988
1084,0.0002729716823769502,9.729306724205046e-05,1.0,0.011315953463641091,0.22330500000001052,245.63529300000002
1085,0.0002725251370264301,9.715325018991276e-05,1.0,0.011171784460233283,0.22080099999999447,245.856094
1086,0.00027207970688334406,9.701488805692717e-05,1.0,0.011152817407440167,0.22042600000000334,246.07652000000002
1087,0.0002716354456272474,9.687452627810619e-05,1.0,0.011097102892214333,0.22454799999999864,246.30106800000001
1088,0.0002711923200905115,9.673244280444294e-05,1.0,0.011167586371539183,0.2165589999999895,246.517627
1089,0.00027075033449242014,9.658930413660272e-05,1.0,0.011080992829623134,0.21950900000001639,246.73713600000002
1090,0.00027030945603385547,9.645217400475789e-05,1.0,0.011044779070408213,0.21917299999998363,246.956309
1091,0.0002698697045853018,9.631343524609811e-05,1.0,0.011128995670266748,0.2193939999999941,247.175703
1092,0.0002694310662203267,9.616958133549058e-05,1.0,0.011128245603721798,0.2134020000000021,247.389105
1093,0.0002689935187049759,9.603021668340452e-05,1.0,0.011161884031311981,0.2194819999999993,247.608587
1094,0.00026855707847985233,9.589438994534003e-05,1.0,0.01104924743071494,0.22239600000000337,247.830983
1095,0.00026812175192490257,9.575519066528938e-05,1.0,0.011117551373328531,0.23819299999999544,248.069176
1096,0.00026768752460229104,9.561625061153475e-05,1.0,0.011026755921188293,0.2382300000000157,248.30740600000001
1097,0.0002672543927228742,9.546909195980825e-05,1.0,0.011012794561746503,0.24099499999999807,248.548401
1098,0.0002668223498006361,9.532676485614363e-05,1.0,0.011065105981938423,0.2383079999999893,248.786709
1099,0.00026639135350176567,9.518517847031416e-05,1.0,0.010989607594281324,0.2245330000000081,249.011242
1100,0.0002659614326842763,9.504924787950137e-05,1.0,0.011103731283923871,0.22033400000000825,249.23157600000002
1101,0.000265532593997404,9.49047079544197e-05,1.0,0.011042954953652775,0.2278429999999787,249.459419
1102,0.0002651048103480552,9.477223556154753e-05,1.0,0.011013159425507985,0.22771200000002523,249.68713100000002
1103,0.0002646781481249597,9.463387295700665e-05,1.0,0.011165962381388618,0.21307899999999336,249.90021000000002
1104,0.00026425249098989477,9.450087520532939e-05,1.0,0.011031048657932245,0.22094599999999787,250.121156
1105,0.0002638279341236052,9.436769026272105e-05,1.0,0.011170529672942093,0.2313299999999856,250.352486
1106,0.0002634044265186951,9.424376730657045e-05,1.0,0.011075521331883154,0.20670200000000705,250.559188
1107,0.0002629820373224984,9.410588145955696e-05,1.0,0.010880082014345845,0.22358700000000908,250.78277500000002
1108,0.0002625606932726013,9.397028628565184e-05,1.0,0.010916279795630954,0.21316299999998023,250.995938
1109,0.0002621403976327089,9.383825127560134e-05,1.0,0.01098546425947902,0.21879500000000007,251.214733
1110,0.0002617211647576596,9.369510316642687e-05,1.0,0.011026967337167301,0.22450500000002194,251.43923800000002
1111,0.00026130294604341064,9.356157550337582e-05,1.0,0.01093802606307142,0.22039499999999634,251.659633
1112,0.0002608857538877147,9.342552276329319e-05,1.0,0.011094556193555927,0.22226100000000315,251.88189400000002
1113,0.00026046958170498544,9.329259190665866e-05,1.0,0.011007947364250837,0.2134020000000021,252.09529600000002
1114,0.00026005447779746074,9.315268815556585e-05,1.0,0.010976889298346398,0.2205459999999846,252.315842
1115,0.0002596403978810317,9.301681995690232e-05,1.0,0.010963184985944468,0.23435200000000123,252.550194
1116,0.00025922732950457955,9.288515827685858e-05,1.0,0.011042053003522184,0.2215010000000177,252.77169500000002
1117,0.00025881527770613903,9.27532742276295e-05,1.0,0.011006592044323495,0.23011399999998616,253.001809
1118,0.0002584042796661383,9.262091284699738e-05,1.0,0.011096359391248992,0.22030200000000377,253.222111
1119,0.0002579942724346933,9.24911855818857e-05,1.0,0.011022270665130885,0.21718899999999053,253.4393
1120,0.00025758528754960816,9.235933346792091e-05,1.0,0.01093979138369512,0.21949200000000246,253.658792
1121,0.00025717729574682176,9.222971828319676e-05,1.0,0.011032099196690435,0.23376700000000028,253.892559
1122,0.0002567703269188926,9.210107651041624e-05,1.0,0.010902698438948673,0.22220500000000243,254.114764
1123,0.000256364364624143,9.197025866765914e-05,1.0,0.01090096670885277,0.22205600000000913,254.33682000000002
1124,0.0002559593973719783,9.1840143877633e-05,1.0,0.01092541134695787,0.21325799999999617,254.550078
1125,0.0002555554247510051,9.171070093391803e-05,1.0,0.01094377245407758,0.22214999999999918,254.772228
1126,0.0002551524335520755,9.15824274681206e-05,1.0,0.01085682179412181,0.22379899999998543,254.996027
1127,0.0002547504512528909,9.145675191966332e-05,1.0,0.010929606505510395,0.22787700000000655,255.223904
1128,0.0002543494767732745,9.132250878007565e-05,1.0,0.01085067021152795,0.22414399999999546,255.448048
1129,0.0002539494618937703,9.119464011645716e-05,1.0,0.010867937553230136,0.22161600000001158,255.669664
1130,0.0002535504299876453,9.107320584976018e-05,1.0,0.010886118637942432,0.21323999999998478,255.882904
1131,0.0002531523920814088,9.094148579684341e-05,1.0,0.010943631284958599,0.22507400000000644,256.107978
1132,0.0002527553127310159,9.081379907492938e-05,1.0,0.010855672642192043,0.22409700000002886,256.33207500000003
1133,0.00025235920022650943,9.068605332045143e-05,1.0,0.010785929794186746,0.22181799999998475,256.553893
1134,0.00025196406575646557,9.055971042252407e-05,1.0,0.010894689478391487,0.22634599999997818,256.780239
1135,0.00025156989183238246,9.043539100746867e-05,1.0,0.010897937676202873,0.2123650000000339,256.99260400000003
1136,0.00025117671164695597,9.030551934163592e-05,1.0,0.010839803473631828,0.22951899999998204,257.222123
1137,0.00025078446072632026,9.018377124450473e-05,1.0,0.010881823612726159,0.2221049999999991,257.444228
1138,0.00025039317094349413,9.00599938823817e-05,1.0,0.010885316287517767,0.20582600000000184,257.650054
1139,0.0002500028284515524,8.993661992307369e-05,1.0,0.010763066635003928,0.22531900000001315,257.875373
1140,0.00024961348218595315,8.980778355026752e-05,1.0,0.010651569826154195,0.21638400000000502,258.09175700000003
1141,0.00024922505330556667,8.96793688419354e-05,1.0,0.010802392858315834,0.21742899999998144,258.309186
1142,0.000248837552341115,8.955250285102152e-05,1.0,0.010766253369558464,0.21980100000001812,258.52898700000003
1143,0.00024845099680282403,8.942405899043205e-05,1.0,0.010826068562333336,0.220641999999998,258.749629
1144,0.0002480653600683724,8.930500791623684e-05,1.0,0.010674006911029469,0.21823000000000548,258.96785900000003
1145,0.0002476806569318533,8.91837686492347e-05,1.0,0.010725153277881753,0.21945399999998472,259.187313
1146,0.00024729690377639117,8.906480609248424e-05,1.0,0.010726268299278101,0.23653600000000097,259.423849
1147,0.00024691407452703216,8.894128695478299e-05,1.0,0.010670607629033362,0.22280000000000655,259.646649
1148,0.0002465321631512269,8.881313437437159e-05,1.0,0.010775465052349479,0.22946799999999712,259.876117
1149,0.00024615117630453007,8.868713966716989e-05,1.0,0.010787044108843456,0.2298240000000078,260.10594100000003
1150,0.0002457710982343756,8.856741600361599e-05,1.0,0.010686763392331511,0.21824699999996255,260.324188
1151,0.000245391951574782,8.843441505685315e-05,1.0,0.010646345515052674,0.23052699999999504,260.554715
1152,0.00024501368637872944,8.831238832376735e-05,1.0,0.01060975622215007,0.2299040000000332,260.784619
1153,0.0002446363257730373,8.819492872468952e-05,1.0,0.010631298053723898,0.22190499999999247,261.006524
1154,0.0002442598832824126,8.807593955645172e-05,1.0,0.010571784714170784,0.2189960000000042,261.22552
1155,0.0002438843608996995,8.795130211256303e-05,1.0,0.010758415332657817,0.222075000000018,261.44759500000004
1156,0.0002435097369040265,8.782440595501086e-05,1.0,0.010632779143620678,0.23209699999995337,261.679692
1157,0.00024313597251845515,8.770911800846473e-05,1.0,0.010568975635241321,0.21505200000001423,261.894744
1158,0.00024276310976284376,8.759240536324553e-05,1.0,0.010716523608312056,0.22129799999999022,262.116042
1159,0.0002423911540295231,8.747156270014165e-05,1.0,0.01063581814698813,0.2262010000000032,262.342243
1160,0.00024202006460675483,8.735439555848503e-05,1.0,0.010686872596105701,0.2203630000000203,262.562606
1161,0.00024164989597323273,8.722536900293932e-05,1.0,0.010661641526147469,0.22108400000001893,262.78369000000004
1162,0.00024128059626609682,8.710924820140188e-05,1.0,0.010704485399437625,0.2198579999999879,263.003548
1163,0.00024091217815950145,8.699030595367916e-05,1.0,0.010742127438097836,0.23414800000000469,263.237696
1164,0.00024054461966821044,8.687095337136819e-05,1.0,0.010631950199216362,0.2197180000000003,263.457414
1165,0.00024017792684123785,8.67555414599197e-05,1.0,0.010744712134497634,0.22101499999996577,263.678429
1166,0.0002398121286653569,8.663938683617672e-05,1.0,0.010622246718796323,0.21965900000003558,263.89808800000003
1167,0.00023944718818767576,8.652389317886228e-05,1.0,0.01070219046917137,0.22521999999997888,264.123308
1168,0.00023908310647251723,8.641209165213717e-05,1.0,0.010641028701857257,0.21877000000000635,264.342078
1169,0.00023871990766502702,8.62967884913328e-05,1.0,0.01057520429612299,0.22158899999999448,264.563667
1170,0.00023835756820874698,8.618049560407791e-05,1.0,0.010611060605645541,0.21831800000001067,264.781985
1171,0.00023799609317192458,8.606491019425682e-05,1.0,0.010578600039598712,0.22685999999998785,265.008845
1172,0.000237635478944204,8.594811641005069e-05,1.0,0.010571844651773079,0.22049399999997377,265.229339
1173,0.0002372757136211337,8.583201083954001e-05,1.0,0.01047125822090001,0.22070600000000695,265.450045
1174,0.00023691678975887494,8.57163624948233e-05,1.0,0.01064673242463809,0.21283500000004096,265.66288000000003
1175,0.00023655871065857546,8.560439007832506e-05,1.0,0.010607353685404554,0.22077999999999065,265.88366
1176,0.0002362014853539231,8.548106072783355e-05,1.0,0.010530668290003443,0.2207520000000045,266.104412
1177,0.00023584508590215392,8.536916346278363e-05,1.0,0.010594534254927731,0.2242109999999684,266.328623
1178,0.0002354895320406819,8.525596725504762e-05,1.0,0.010611946946515457,0.22153100000002723,266.550154
1179,0.00023513482120783154,8.513593584035064e-05,1.0,0.010680991890898453,0.2233269999999834,266.773481
1180,0.00023478095035079708,8.502113830152603e-05,1.0,0.010589829815323455,0.2254389999999944,266.99892
1181,0.00023442790235356795,8.490792256531772e-05,1.0,0.010628717285257763,0.21880700000002662,267.217727
1182,0.00023407569110646154,8.478884185496018e-05,1.0,0.010568813560507559,0.21965799999998126,267.437385
1183,0.00023372428494074026,8.467510132099003e-05,1.0,0.01067516148574251,0.22892400000000634,267.666309
1184,0.00023337368443826273,8.455751087488495e-05,1.0,0.010562235107908371,0.22017399999998588,267.886483
1185,0.0002330239096425064,8.444197415839437e-05,1.0,0.010561101587794925,0.22759600000000546,268.114079
1186,0.0002326749393795818,8.433184864172032e-05,1.0,0.010661059430939252,0.2219259999999963,268.336005
1187,0.00023232678900706247,8.422133327450336e-05,1.0,0.01060264919279964,0.21341400000000021,268.549419
1188,0.00023197947458884101,8.410342627863646e-05,1.0,0.010601357433790324,0.22143699999998034,268.770856
1189,0.00023163292589948372,8.399408151252589e-05,1.0,0.010530019664891184,0.22324800000001233,268.994104
1190,0.0002312872203357511,8.387870816201259e-05,1.0,0.010572409542618982,0.22099900000000616,269.215103
1191,0.00023094228533072455,8.376734305994287e-05,1.0,0.010574924679127958,0.21241800000001376,269.427521
1192,0.0002305981658378038,8.365818912665592e-05,1.0,0.010453156087315616,0.22341199999999617,269.650933
1193,0.00023025486672894385,8.354600025279818e-05,1.0,0.010593033678545548,0.22387500000002092,269.87480800000003
1194,0.0002299123654017167,8.343448650062574e-05,1.0,0.010637393840862914,0.213092999999958,270.087901
1195,0.00022957064018208067,8.332694441089113e-05,1.0,0.010604371300149597,0.22033600000003162,270.308237
1196,0.00022922971618185038,8.32189447884647e-05,1.0,0.01057678077640521,0.23762799999997242,270.545865
1197,0.00022888958064744486,8.311139691029217e-05,1.0,0.010534028474815594,0.2302850000000376,270.77615000000003
1198,0.00022855024992524483,8.299207615213568e-05,1.0,0.010592234203747788,0.21392499999996062,270.990075
1199,0.00022821165268124778,8.288399319129773e-05,1.0,0.010488403631678495,0.22412200000002258,271.214197
1200,0.00022787385606417657,8.277902687376969e-05,1.0,0.010604603069858737,0.25084900000001653,271.46504600000003
1201,0.00022753685385055097,8.266775762082083e-05,1.0,0.010602520320550767,0.22746399999999767,271.69251
1202,0.00022720063764795865,8.256131154912383e-05,1.0,0.010629080803580975,0.2274969999999712,271.920007
1203,0.00022686520024169004,8.245358681514174e-05,1.0,0.010550942252424813,0.2349219999999832,272.154929
1204,0.0002265305078738914,8.234910344308024e-05,1.0,0.010435499420071744,0.24947300000002315,272.404402
1205,0.00022619660824851561,8.22376398137959e-05,1.0,0.01052718852192409,0.22666400000002795,272.63106600000003
1206,0.00022586348256501304,8.212671500224032e-05,1.0,0.010468042107081462,0.22371899999996003,272.854785
1207,0.0002255311154342969,8.201961438097902e-05,1.0,0.01042114787965888,0.2248299999999972,273.079615
1208,0.00022519951728990274,8.190725637343198e-05,1.0,0.010480222886250112,0.2381290000000149,273.317744
1209,0.00022486866812366162,8.179786226141884e-05,1.0,0.010492551447048568,0.22883200000001125,273.546576
1210,0.00022453856687718222,8.169270436327103e-05,1.0,0.010437204349456664,0.22314099999999826,273.769717
1211,0.00022420921696039283,8.158158169418542e-05,1.0,0.010400459795206244,0.21322500000002265,273.98294200000004
1212,0.00022388061612639527,8.146983210267599e-05,1.0,0.010415179599702297,0.22630799999996043,274.20925
1213,0.0002235527650276831,8.136305201855e-05,1.0,0.010491402929165315,0.2131249999999909,274.422375
1214,0.00022322564264461343,8.125885590108994e-05,1.0,0.010463464453817808,0.2267720000000395,274.649147
1215,0.00022289928418924831,8.115334856483611e-05,1.0,0.010391508061780816,0.21267899999998008,274.861826
1216,0.00022257368107287613,8.104499168609062e-05,1.0,0.010424359772962575,0.21679399999999305,275.07862
1217,0.00022224880465764597,8.094203066427915e-05,1.0,0.010408727395435129,0.22054400000001806,275.299164
1218,0.00022192466299873583,8.083893794024877e-05,1.0,0.010310063538145803,0.2302930000000174,275.52945700000004
1219,0.00022160128781797592,8.072854945051185e-05,1.0,0.010414436171336283,0.22446599999994987,275.753923
1220,0.00022127861245518075,8.062593012856836e-05,1.0,0.010394529041374966,0.21264500000000908,275.966568
1221,0.00022095669239369318,8.051765010177806e-05,1.0,0.010375422394308349,0.2134200000000419,276.17998800000004
1222,0.0002206354759498908,8.0411588908937e-05,1.0,0.010332260025275888,0.2281239999999798,276.408112
1223,0.00022031498725783556,8.030391541249995e-05,1.0,0.010406336891562836,0.22352200000000266,276.631634
1224,0.00021999522231275114,8.019800525404101e-05,1.0,0.010306215994244852,0.22074499999996533,276.852379
1225,0.00021967616872302465,8.009227906663904e-05,1.0,0.010318652044348833,0.22381100000001197,277.07619
1226,0.00021935782974459743,7.998960335477807e-05,1.0,0.010336299725130046,0.22091499999999087,277.297105
1227,0.00021904019918426895,7.988940106702915e-05,1.0,0.010525232542250247,0.2218840000000455,277.51898900000003
1228,0.00021872328926064854,7.979132827003485e-05,1.0,0.010402495278614721,0.2131650000000036,277.73215400000004
1229,0.000218407116668929,7.968449690859548e-05,1.0,0.010410751375394935,0.22639399999997067,277.958548
1230,0.00021809163215957776,7.957996840032495e-05,1.0,0.010351472998471844,0.21352300000000923,278.172071
1231,0.00021777687700862602,7.947415120300848e-05,1.0,0.010340758912036771,0.21938299999999344,278.391454
1232,0.00021746280803469552,7.937162121400277e-05,1.0,0.010276915857509587,0.22220399999997653,278.613658
1233,0.00021714944327579417,7.927201931554677e-05,1.0,0.010450055021444908,0.21406500000000506,278.827723
1234,0.0002168367724250793,7.917356601215306e-05,1.0,0.010405092870429782,0.2151110000000358,279.042834
1235,0.00021652482946993905,7.906948184996928e-05,1.0,0.010230218244936785,0.21321000000000367,279.25604400000003
1236,0.00021621358854837354,7.896676902091153e-05,1.0,0.01041773680457946,0.22510799999997744,279.481152
1237,0.00021590304658615278,7.886207043711913e-05,1.0,0.010403655331563741,0.22469300000000203,279.705845
1238,0.00021559319563736263,7.876405076605642e-05,1.0,0.010295561836689497,0.21463699999998198,279.920482
1239,0.00021528404569034633,7.86641187730998e-05,1.0,0.010336752923261215,0.22366500000003953,280.14414700000003
1240,0.0002149755829655932,7.856485662236132e-05,1.0,0.010308332859288644,0.22241399999995792,280.366561
1241,0.00021466782768592263,7.84652636928841e-05,1.0,0.010302688050714978,0.21839800000003606,280.584959
1242,0.00021436073906954298,7.836622207425719e-05,1.0,0.010356394513945126,0.2256079999999656,280.810567
1243,0.00021405433545481354,7.826788203373697e-05,1.0,0.010311075512954532,0.2187979999999925,281.029365
1244,0.00021374863068336574,7.816251522294142e-05,1.0,0.010244562988680863,0.2323790000000372,281.261744
1245,0.00021344359071726656,7.806133862863014e-05,1.0,0.010271910313533111,0.20999000000000478,281.471734
1246,0.00021313921676376725,7.79637751467349e-05,1.0,0.010296841846564866,0.3528349999999705,281.824569
1247,0.0002128355318076459,7.786043631310423e-05,1.0,0.010389194616247112,0.23941600000000562,282.063985
1248,0.00021253250867666205,7.776063413023534e-05,1.0,0.01039500905593756,0.21022900000002664,282.27421400000003
1249,0.00021223017205058436,7.766219257506813e-05,1.0,0.010344410276675145,0.22166099999998323,282.495875
1250,0.0002119285074344491,7.756319458528215e-05,1.0,0.010333187675619597,0.22535399999998162,282.721229
1251,0.00021162749399584495,7.746517783702354e-05,1.0,0.010122668408215024,0.22053099999999404,282.94176
1252,0.00021132716095838215,7.736555350842006e-05,1.0,0.010210226893821606,0.21018200000003162,283.151942
1253,0.00021102749802941482,7.726263898565598e-05,1.0,0.010203409866221253,0.22204099999999016,283.373983
1254,0.00021072848412927213,7.716234520660042e-05,1.0,0.01029148767079756,0.215391000000011,283.589374
1255,0.00021043010335337203,7.706813015613484e-05,1.0,0.01017423033541849,0.2177499999999668,283.807124
1256,0.0002101323900867416,7.697311798577907e-05,1.0,0.010247570084297754,0.21920500000004495,284.02632900000003
1257,0.00020983534707207059,7.687890281292608e-05,1.0,0.010198254381810809,0.22288599999995995,284.249215
1258,0.00020953897215012264,7.677980021777734e-05,1.0,0.01014963213335287,0.21575999999998885,284.464975
1259,0.00020924324522643144,7.667883669714447e-05,1.0,0.010205546856038195,0.22370400000005475,284.68867900000004
1260,0.00020894816210072754,7.658030217859393e-05,1.0,0.010105228526336586,0.21393299999999726,284.90261200000003
1261,0.0002086537330021189,7.647970448091341e-05,1.0,0.010222808857068728,0.2193489999999656,285.121961
1262,0.0002083599331927393,7.63859786927857e-05,1.0,0.010112334848475733,0.22409199999998464,285.346053
1263,0.0002080667792383431,7.629236382186808e-05,1.0,0.010144892225986264,0.2168760000000134,285.562929
1264,0.00020777426482561717,7.620402163040158e-05,1.0,0.010216593281021797,0.21578099999999267,285.77871
1265,0.00020748242281202505,7.610754691865672e-05,1.0,0.010245368251004737,0.22931400000004487,286.00802400000003
1266,0.0002071912025424971,7.601141911978368e-05,1.0,0.010083735519941317,0.22297299999996767,286.230997
1267,0.00020690061873027281,7.591704398894803e-05,1.0,0.010066487122367554,0.2216139999999882,286.452611
1268,0.000206610657223864,7.582826222488875e-05,1.0,0.010035684221035363,0.21536000000003241,286.667971
1269,0.0002063213410677358,7.573557862774991e-05,1.0,0.010097481701201987,0.22345999999998867,286.891431
1270,0.00020603269634209633,7.563510870949314e-05,1.0,0.010129709732412867,0.21613000000002103,287.10756100000003
1271,0.00020574465142922344,7.553527606289668e-05,1.0,0.010149963443876097,0.2122969999999782,287.319858
1272,0.000205457223458911,7.543889753264397e-05,1.0,0.010082666168196143,0.21750300000002198,287.53736100000003
1273,0.0002051704292359372,7.534126635689292e-05,1.0,0.010086767988618179,0.23683299999999008,287.774194
1274,0.00020488424686394043,7.524684076537287e-05,1.0,0.010130198197341381,0.22196400000001404,287.99615800000004
1275,0.0002045986781073539,7.515220030356334e-05,1.0,0.010024215651662612,0.21522399999997788,288.211382
1276,0.00020431371758977487,7.50613456903313e-05,1.0,0.010276388252752221,0.2202689999999734,288.431651
1277,0.0002040293971748136,7.496103597593216e-05,1.0,0.010139098410966383,0.21774500000003627,288.649396
1278,0.00020374568268794756,7.486733289010991e-05,1.0,0.01013885745368332,0.22319299999998066,288.872589
1279,0.00020346258465736344,7.477550892265569e-05,1.0,0.010078442580383566,0.22831100000001925,289.1009
1280,0.00020318009464181879,7.467857726409787e-05,1.0,0.010185046802597018,0.21717200000000503,289.31807200000003
1281,0.00020289819803737846,7.458449375289435e-05,1.0,0.010235205030749258,0.2106420000000071,289.52871400000004
1282,0.00020261690793348078,7.449059249476844e-05,1.0,0.010203773629863234,0.21913399999999683,289.74784800000003
1283,0.00020233623355585574,7.439541275360963e-05,1.0,0.010327032752824815,0.22623299999997926,289.974081
1284,0.00020205615426357359,7.430821312794015e-05,1.0,0.010146588567426512,0.22782699999999068,290.201908
1285,0.00020177667597080895,7.421232650435488e-05,1.0,0.01028094597084296,0.2173349999999914,290.419243
1286,0.00020149779956924916,7.411964944723719e-05,1.0,0.010133315606348113,0.21683699999999817,290.63608
1287,0.00020121952227040692,7.402598962349604e-05,1.0,0.010179915771383871,0.2229730000000245,290.859053
1288,0.00020094184760093464,7.393167464172918e-05,1.0,0.01020382905568638,0.22542299999997795,291.084476
1289,0.00020066475534689533,7.384265775699235e-05,1.0,0.010224045883624746,0.22932800000000952,291.313804
1290,0.00020038826787133136,7.3750651008027e-05,1.0,0.010159362190055992,0.21643100000000004,291.530235
1291,0.0002001123706957054,7.366048956025035e-05,1.0,0.010157010113419084,0.2243490000000179,291.754584
1292,0.0001998370693436172,7.357128163507254e-05,1.0,0.01006039190000266,0.21609399999999823,291.970678
1293,0.000199562361708727,7.348411122085858e-05,1.0,0.010130777814804951,0.22345599999999877,292.194134
1294,0.00019928823404492794,7.339989705275485e-05,1.0,0.010103045668223551,0.22598299999998517,292.420117
1295,0.000199014715715556,7.330789159008397e-05,1.0,0.010035209349540823,0.22081100000002607,292.64092800000003
1296,0.00019874178309317163,7.322242840819606e-05,1.0,0.010102565923722585,0.22443299999997635,292.865361
1297,0.00019846944036206753,7.31357961864608e-05,1.0,0.010042793252546514,0.22580099999998993,293.091162
1298,0.00019819767736273911,7.304877145955384e-05,1.0,0.010054489579041958,0.2088990000000308,293.300061
1299,0.00019792651201853902,7.295875537623545e-05,1.0,0.010085542138789056,0.21887499999996862,293.518936
1300,0.00019765591500184922,7.286710770256668e-05,1.0,0.010105012820964435,0.210345000000018,293.729281
1301,0.00019738587171757677,7.278638195071879e-05,1.0,0.01000350546754692,0.23142999999998892,293.960711
1302,0.0001971164386482976,7.269607612390152e-05,1.0,0.010036744719653396,0.20439199999998436,294.165103
1303,0.00019684758462765973,7.261108312156974e-05,1.0,0.01009817693273672,0.2194870000000151,294.38459
1304,0.00019657930595256472,7.252059515996248e-05,1.0,0.010047495581961859,0.2221569999999815,294.606747
1305,0.00019631159024944804,7.243577052874462e-05,1.0,0.010113314675635946,0.22328200000004017,294.830029
1306,0.00019604445393969766,7.234511836014838e-05,1.0,0.010019836302685606,0.21257299999996349,295.042602
1307,0.0001957778801717621,7.225386187827177e-05,1.0,0.010023684969210996,0.22256100000004153,295.26516300000003
1308,0.00019551186009413973,7.217071072993031e-05,1.0,0.009984860032159648,0.20896899999996776,295.474132
1309,0.0001952464217200457,7.207942111057332e-05,1.0,0.009986347125301068,0.23170900000002348,295.705841
1310,0.00019498153473266317,7.198899785338253e-05,1.0,0.010083611657817546,0.22438799999997627,295.930229
1311,0.00019471719663256135,7.189932006452925e-05,1.0,0.010010239677033734,0.22368299999999408,296.153912
1312,0.0001944534136993725,7.181075658328833e-05,1.0,0.010134641710447655,0.22344100000003664,296.377353
1313,0.00019419018476178596,7.172206754964608e-05,1.0,0.010086504749463971,0.21857199999999466,296.595925
1314,0.000193927510407413,7.163110750857571e-05,1.0,0.00994990573581408,0.21620000000001482,296.81212500000004
1315,0.0001936653700536778,7.155114600888324e-05,1.0,0.009943728982238794,0.2219419999999559,297.034067
1316,0.00019340380263952353,7.146454715457831e-05,1.0,0.010106834408231243,0.21405700000002525,297.248124
1317,0.0001931427871418721,7.137274491519902e-05,1.0,0.010013260043239469,0.2248599999999783,297.472984
1318,0.00019288231325054173,7.128573669523397e-05,1.0,0.010026166216220524,0.21410600000001523,297.68709
1319,0.00019262237977931703,7.119941693287143e-05,1.0,0.009967262163375014,0.2162190000000237,297.90330900000004
1320,0.0001923629811258588,7.111000215124972e-05,1.0,0.01000632070766846,0.21071099999994658,298.11402
1321,0.0001921041232170565,7.10289634324218e-05,1.0,0.00996190187096554,0.21728800000005322,298.33130800000004
1322,0.00019184582946760848,7.09418680814625e-05,1.0,0.009984803060551257,0.21788899999995692,298.549197
1323,0.00019158807025415798,7.085529450286808e-05,1.0,0.009936428971485233,0.21767900000003237,298.766876
1324,0.0001913308442232124,7.076906629965876e-05,1.0,0.010057809720853851,0.21930900000000975,298.98618500000003
1325,0.00019107415643389923,7.068442732030603e-05,1.0,0.0100082933739327,0.21794099999999617,299.20412600000003
1326,0.0001908179876094548,7.06089714654542e-05,1.0,0.009964945322237873,0.21223199999997178,299.416358
1327,0.00019056239129941027,7.052306973177937e-05,1.0,0.0100028993527463,0.22286300000001802,299.639221
1328,0.00019030732076836659,7.043714438149236e-05,1.0,0.009957072826904934,0.21883099999996602,299.858052
1329,0.00019005277729457497,7.035078260743334e-05,1.0,0.009910160763032744,0.21997800000002599,300.07803
1330,0.0001897987568751278,7.026589506212985e-05,1.0,0.009988796155836428,0.20836700000000974,300.286397
1331,0.00018954526497778605,7.01775021781995e-05,1.0,0.009914523787074312,0.21921499999996286,300.505612
1332,0.00018929229975759367,7.009079747160796e-05,1.0,0.009995331499951448,0.21652800000003936,300.72214
1333,0.00018903984845196708,7.000195979526529e-05,1.0,0.010000693086091896,0.21614399999998568,300.938284
1334,0.00018878790206524587,6.992166538766484e-05,1.0,0.00992583805448311,0.21013099999998985,301.148415
1335,0.00018853650205198982,6.983752482593238e-05,1.0,0.009951909734234115,0.21789300000000367,301.366308
1336,0.00018828561353447326,6.976241981251684e-05,1.0,0.009924165260245808,0.2300960000000032,301.596404
1337,0.00018803525500007433,6.96852000545507e-05,1.0,0.009860511859117037,0.21732600000001412,301.81373
1338,0.00018778543532646706,6.960204156356706e-05,1.0,0.009892081534574736,0.21671099999997523,302.030441
1339,0.0001875361216372203,6.952057773613165e-05,1.0,0.009828263172432036,0.21760900000003858,302.24805000000003
1340,0.00018728732395183897,6.943833347912957e-05,1.0,0.009854384724917476,0.20833899999996675,302.456389
1341,0.00018703905164659646,6.935449045776936e-05,1.0,0.009986267570196305,0.22145799999998417,302.677847
1342,0.00018679128534508367,6.927261755646572e-05,1.0,0.009886320079882377,0.2218960000000152,302.899743
1343,0.00018654402906161213,6.919408800497874e-05,1.0,0.009837143053357386,0.22387900000001082,303.123622
1344,0.0001862972979495605,6.911287907094992e-05,1.0,0.009848101024286649,0.2194109999999796,303.343033
1345,0.00018605105555726458,6.904022135676635e-05,1.0,0.009763092276347782,0.2231209999999919,303.566154
1346,0.0001858053587269285,6.896252478586095e-05,1.0,0.0097687131223139,0.22854200000000446,303.794696
1347,0.00018556018285923592,6.88830950272477e-05,1.0,0.009934173555529576,0.21530599999999822,304.010002
1348,0.00018531550962489347,6.880045063916993e-05,1.0,0.009778567318588553,0.20883100000003196,304.218833
1349,0.0001850713451445447,6.871496787265066e-05,1.0,0.009836284725219371,0.223150999999973,304.441984
1350,0.00018482767044277352,6.863501328972943e-05,1.0,0.009739045038861199,0.2068530000000237,304.648837
1351,0.0001845844914654179,6.85539424540017e-05,1.0,0.009864382637983888,0.21891699999997627,304.867754
1352,0.00018434180441132225,6.847537973334345e-05,1.0,0.009810108550627736,0.21677700000003597,305.084531
1353,0.00018409962142525204,6.839489069562417e-05,1.0,0.009720931672737437,0.2110169999999698,305.295548
1354,0.00018385793198010024,6.831560360989152e-05,1.0,0.00979938656093033,0.2146460000000161,305.510194
1355,0.00018361673433733424,6.823392255916175e-05,1.0,0.009856280974875505,0.21936899999997195,305.729563
1356,0.00018337601511298805,6.815274295543149e-05,1.0,0.009852197968933453,0.21071900000004007,305.940282
1357,0.00018313579912377753,6.807136503796819e-05,1.0,0.009825751155651822,0.218783999999971,306.159066
1358,0.00018289608005679335,6.799160850533963e-05,1.0,0.009779987442112125,0.22480200000001105,306.383868
1359,0.00018265685026133555,6.79109254032278e-05,1.0,0.009852574499366355,0.22666300000003048,306.61053100000004
1360,0.00018241811034991248,6.782981759106387e-05,1.0,0.009785694158399675,0.22352199999994582,306.834053
1361,0.00018217983180463586,6.775003095707743e-05,1.0,0.0097996420401321,0.21953500000000759,307.053588
1362,0.0001819420444907096,6.766633777048632e-05,1.0,0.009860693755655953,0.22754000000003316,307.281128
1363,0.00018170471221101492,6.758900527890281e-05,1.0,0.009775665590467855,0.22476599999998825,307.505894
1364,0.00018146788286954176,6.750724067430772e-05,1.0,0.009816233503992156,0.2324610000000007,307.738355
1365,0.00018123153115274566,6.742696837295195e-05,1.0,0.00980183505122604,0.2236520000000155,307.962007
1366,0.00018099564209307948,6.734911526386012e-05,1.0,0.009688068826189545,0.21345499999995354,308.175462
1367,0.00018076023831404807,6.727059186309938e-05,1.0,0.009804545158163303,0.2189610000000357,308.394423
1368,0.00018052530881117453,6.719125308510156e-05,1.0,0.009787703802185396,0.22567199999997456,308.620095
1369,0.00018029085864410403,6.711195537722257e-05,1.0,0.009763735249888007,0.21701000000001613,308.837105
1370,0.00018005687805465324,6.703061492273266e-05,1.0,0.009774544934068052,0.2232930000000124,309.060398
1371,0.00017982337460191079,6.695036520872387e-05,1.0,0.009826752345334852,0.21013199999998733,309.27053
1372,0.00017959033160162762,6.687281106046076e-05,1.0,0.00975651875322243,0.21153800000001866,309.482068
1373,0.00017935776298741852,6.679493743565705e-05,1.0,0.00971930529274133,0.21880499999997483,309.700873
1374,0.0001791256692913149,6.672011344956587e-05,1.0,0.00975360426282093,0.22190699999998742,309.92278
1375,0.0001788940531645015,6.664045655386517e-05,1.0,0.009729366997773532,0.21399400000001378,310.136774
1376,0.00017866289108106915,6.655827775663353e-05,1.0,0.009767438197446238,0.22316599999999198,310.35994
1377,0.0001784321797405337,6.647974124381445e-05,1.0,0.009686583563826236,0.2172909999999888,310.577231
1378,0.00017820194077841482,6.639927439682373e-05,1.0,0.009807944018582633,0.20750700000002098,310.784738
1379,0.00017797214736074994,6.632386788967199e-05,1.0,0.009736691848114735,0.225908000000004,311.010646
1380,0.00017774281808430163,6.624659998589636e-05,1.0,0.009682844957224976,0.21912400000002208,311.22977000000003
1381,0.0001775139523852376,6.616843147129941e-05,1.0,0.009661362380093602,0.2198619999999778,311.449632
1382,0.0001772855451049407,6.609180945450938e-05,1.0,0.009634140974420993,0.23254700000001094,311.682179
1383,0.00017705759032818105,6.601496990747214e-05,1.0,0.009622655603793436,0.21925799999996798,311.901437
1384,0.00017683009448761765,6.59349310295885e-05,1.0,0.009688469117925142,0.22393200000004754,312.12536900000003
1385,0.0001766030330575416,6.586206480641345e-05,1.0,0.00975859190932146,0.21609599999999318,312.341465
1386,0.00017637644107336032,6.57837272732709e-05,1.0,0.009584233936547216,0.21613600000000588,312.55760100000003
1387,0.00017615029857534037,6.570829990825455e-05,1.0,0.009606653846721639,0.2250439999999685,312.782645
1388,0.00017592460932476915,6.563331454875407e-05,1.0,0.009664964444650525,0.22013700000002245,313.002782
1389,0.0001756993592848458,6.556026277764225e-05,1.0,0.009842410776341525,0.22501299999998992,313.227795
1390,0.00017547456913474764,6.548246669978989e-05,1.0,0.009707424401671631,0.2239619999999718,313.451757
1391,0.00017525022552441138,6.540552487230491e-05,1.0,0.009587517850283006,0.20814900000004855,313.65990600000003
1392,0.00017502632886597875,6.532940638983643e-05,1.0,0.009618580342237922,0.22675799999996116,313.886664
1393,0.0001748028706794748,6.525389492537147e-05,1.0,0.009582032638218734,0.22668099999998503,314.113345
1394,0.00017457984913907536,6.517857814388631e-05,1.0,0.009621057067382704,0.2183700000000499,314.33171500000003
1395,0.00017435726601645735,6.510659136856138e-05,1.0,0.009633144426573178,0.2165939999999864,314.548309
1396,0.00017413513340728244,6.503258162683107e-05,1.0,0.009744348011592881,0.2161310000000185,314.76444000000004
1397,0.00017391344010443804,6.49590041368908e-05,1.0,0.009578664950068242,0.2188939999999775,314.983334
1398,0.00017369218683313913,6.488952785437591e-05,1.0,0.009647955282289275,0.23295000000001664,315.21628400000003
1399,0.0001734713773733765,6.481935674435268e-05,1.0,0.009730564118803268,0.22402999999997064,315.440314
1400,0.00017325101012655985,6.474636024619977e-05,1.0,0.009647200195406486,0.2456510000000094,315.685965
1401,0.00017303108730359686,6.467239272043052e-05,1.0,0.009817887461948572,0.2300470000000132,315.916012
1402,0.0001728116023221867,6.459528992991409e-05,1.0,0.009685550575200477,0.2249659999999949,316.140978
1403,0.00017259252890376733,6.452261110835293e-05,1.0,0.009596949713647255,0.23348699999996825,316.374465
1404,0.00017237388923382175,6.445113448405213e-05,1.0,0.009608663924558057,0.2478320000000167,316.622297
1405,0.00017215569108811827,6.43794450591147e-05,1.0,0.009661630744580525,0.22980699999999388,316.852104
1406,0.00017193792386523233,6.430613762533568e-05,1.0,0.009599555238386811,0.2256060000000275,317.07771
1407,0.00017172058721906413,6.423429352948729e-05,1.0,0.009661793201694824,0.2214389999999753,317.299149
1408,0.0001715036809439381,6.416239508909387e-05,1.0,0.009608134509762136,0.21899700000000166,317.518146
1409,0.00017128721196026821,6.409236457334843e-05,1.0,0.009705655837769183,0.2162969999999973,317.734443
1410,0.000171071178125253,6.401927056509103e-05,1.0,0.009678343973769784,0.22371500000002698,317.958158
1411,0.00017085555861058924,6.394606099200215e-05,1.0,0.009623070615744791,0.22098499999998467,318.179143
1412,0.00017064035611356033,6.387661207425242e-05,1.0,0.009619904286485148,0.21635400000002392,318.39549700000003
1413,0.00017042557664223408,6.381048021311209e-05,1.0,0.009733392319151513,0.20755899999994654,318.603056
1414,0.00017021123194136805,6.374014133993595e-05,1.0,0.009638070621514895,0.22247600000002876,318.825532
1415,0.0001699973079212461,6.366847204839823e-05,1.0,0.009634326989948077,0.22651400000000876,319.052046
1416,0.00016978379938462773,6.359755235346498e-05,1.0,0.009662759035694541,0.22567299999997203,319.277719
1417,0.00016957072155681025,6.35231216689127e-05,1.0,0.009634616337524217,0.22353500000002668,319.501254
1418,0.00016935805436757767,6.345303143926034e-05,1.0,0.009606458067774647,0.21635499999996455,319.717609
1419,0.00016914580208519088,6.338105309664906e-05,1.0,0.009571023481089283,0.22351400000002286,319.941123
1420,0.00016893396108631206,6.330959161401254e-05,1.0,0.00962013195603914,0.22320600000000468,320.164329
1421,0.0001687225249336796,6.324074152036505e-05,1.0,0.009564160190705717,0.22136799999998402,320.385697
1422,0.0001685115043820265,6.316995352040883e-05,1.0,0.009603948614504372,0.2364650000000097,320.622162
1423,0.00016830089569695627,6.310111850884929e-05,1.0,0.009604422316206979,0.21483699999998862,320.836999
1424,0.0001680907002615248,6.303065290955578e-05,1.0,0.009533851972162537,0.20681899999999587,321.043818
1425,0.00016788092142571218,6.295989446777546e-05,1.0,0.009550070000567097,0.23646600000000717,321.280284
1426,0.00016767154601733314,6.288876140359767e-05,1.0,0.009553696624255283,0.21761100000003353,321.497895
1427,0.00016746258193826516,6.281774219350105e-05,1.0,0.00947317021428312,0.21615900000000465,321.71405400000003
1428,0.0001672540181858424,6.27488923868797e-05,1.0,0.009490871577752337,0.22185499999994818,321.935909
1429,0.0001670458578192602,6.267783579023763e-05,1.0,0.009551179453775243,0.21704400000004398,322.152953
1430,0.00016683811139512196,6.26079352106434e-05,1.0,0.009508221598921682,0.20648299999999153,322.359436
1431,0.00016663076533292474,6.253713409248901e-05,1.0,0.00953207079106744,0.22797900000000482,322.587415
1432,0.00016642382381703923,6.246766288712652e-05,1.0,0.009552810851683738,0.2185819999999694,322.805997
1433,0.0001662172732978109,6.239624959759345e-05,1.0,0.009558276764561658,0.2206160000000068,323.026613
1434,0.00016601111998386858,6.232559855996228e-05,1.0,0.009455990698569278,0.2161310000000185,323.242744
1435,0.00016580535485769118,6.225541778784359e-05,1.0,0.009483934971535223,0.22438099999999395,323.467125
1436,0.00016559998164112684,6.219023976666484e-05,1.0,0.009626139818979838,0.21048200000001316,323.677607
1437,0.00016539500990875877,6.211906119968251e-05,1.0,0.009505283458974681,0.22725399999995943,323.904861
1438,0.0001651904373877813,6.205096139017307e-05,1.0,0.00952607937295663,0.21640600000000632,324.121267
1439,0.00016498625978990096,6.198426316777812e-05,1.0,0.009508436396594615,0.2186860000000479,324.33995300000004
1440,0.00016478247938564577,6.19143762876915e-05,1.0,0.00967036107193972,0.2170539999999619,324.557007
1441,0.00016457909190162133,6.18444096803367e-05,1.0,0.00951005897708231,0.22917699999999286,324.786184
1442,0.00016437608401123578,6.177851522076237e-05,1.0,0.009588609942786295,0.22015600000003133,325.00634
1443,0.0001641734696619664,6.171347801197681e-05,1.0,0.00949885577470757,0.22110699999996086,325.227447
1444,0.00016397125515183285,6.164293103403668e-05,1.0,0.009510419440378262,0.22070100000001958,325.448148
1445,0.00016376942666200566,6.157462415573471e-05,1.0,0.009481844923992941,0.2235200000000077,325.671668
1446,0.00016356798458522654,6.150575731620575e-05,1.0,0.009551115572792097,0.24945200000001932,325.92112000000003
1447,0.0001633669255142565,6.143854062319991e-05,1.0,0.009483978734382705,0.21635899999995445,326.137479
1448,0.0001631662599186805,6.136853694704467e-05,1.0,0.009516564946707313,0.22595100000000912,326.36343
1449,0.00016296596521578926,6.130138400877109e-05,1.0,0.00945659714672197,0.20775500000002012,326.571185
1450,0.00016276604784069094,6.123596262743773e-05,1.0,0.00943299194488709,0.22369099999997388,326.794876
1451,0.0001625665166324321,6.11691385128512e-05,1.0,0.009444402198271456,0.21553400000004785,327.01041000000004
1452,0.00016236737341375325,6.11043403848101e-05,1.0,0.009607870437423545,0.22245699999996305,327.232867
1453,0.00016216861237045352,6.103547440665971e-05,1.0,0.009521641285020982,0.2217560000000276,327.454623
1454,0.00016197021882392252,6.097013944983644e-05,1.0,0.009509442373450852,0.22492399999998725,327.679547
1455,0.0001617722102677917,6.090197277544013e-05,1.0,0.009476444910728592,0.2169279999999958,327.896475
1456,0.00016157457576736482,6.083532207295141e-05,1.0,0.009465485378546336,0.22058700000002318,328.11706200000003
1457,0.00016137731129297502,6.07719877160808e-05,1.0,0.009451056009785196,0.2269099999999753,328.343972
1458,0.00016118043442614008,6.0706195336322866e-05,1.0,0.009476632313575381,0.21635600000001887,328.560328
1459,0.00016098392740349616,6.0639119890521156e-05,1.0,0.009521339787024371,0.21929999999997563,328.779628
1460,0.000160787793680924,6.057267651442006e-05,1.0,0.009477595971747623,0.21660300000002053,328.996231
1461,0.00016059203483166274,6.0505395888495066e-05,1.0,0.00944694752075428,0.2224029999999857,329.218634
1462,0.0001603966447002405,6.0438721756554045e-05,1.0,0.009480335474944514,0.2207419999999729,329.439376
1463,0.00016020162569465901,6.03729879097829e-05,1.0,0.00953825043195803,0.22841200000004847,329.66778800000003
1464,0.0001600069768817827,6.030912346850021e-05,1.0,0.009554985676622173,0.23428899999998976,329.902077
1465,0.00015981270005422732,6.024157889080482e-05,1.0,0.009486351162665801,0.21554399999996576,330.117621
1466,0.00015961878741448126,6.0174675533348664e-05,1.0,0.009527468466790825,0.2281730000000266,330.345794
1467,0.00015942524508164762,6.0108982171744875e-05,1.0,0.009513304570255938,0.21777500000001737,330.56356900000003
1468,0.00015923205903490786,6.0045625613988645e-05,1.0,0.009561045719443158,0.20771799999999985,330.77128700000003
1469,0.0001590392426935916,5.9983144212515205e-05,1.0,0.00957398476617817,0.22223299999996016,330.99352
1470,0.00015884678451466832,5.992047904706801e-05,1.0,0.00962081883011042,0.21871300000003657,331.212233
1471,0.0001586546943746407,5.9855031075658914e-05,1.0,0.009516336061146347,0.22704399999997804,331.439277
1472,0.00015846297049539008,5.978812502220695e-05,1.0,0.009552432728842705,0.22285099999999147,331.662128
1473,0.00015827159684271783,5.972352519609442e-05,1.0,0.009479328724697273,0.21339399999999387,331.875522
1474,0.00015808058572904288,5.966016181858544e-05,1.0,0.009546165697521303,0.21645300000000134,332.091975
1475,0.00015788992903784964,5.959962431198976e-05,1.0,0.009467745560421698,0.22016200000001618,332.312137
1476,0.0001576996432190597,5.953394479010482e-05,1.0,0.009414784668959193,0.21684599999997545,332.528983
1477,0.00015750971215817747,5.947349705357616e-05,1.0,0.0094545340935333,0.22152900000003228,332.750512
1478,0.00015732014073022,5.941187637742225e-05,1.0,0.009442855241211046,0.22163299999999708,332.972145
1479,0.00015713092956954537,5.9348667111961485e-05,1.0,0.00938606680639157,0.22249799999997322,333.194643
1480,0.00015694207512250823,5.928444161565777e-05,1.0,0.009489625859604747,0.2300610000000347,333.424704
1481,0.00015675357397839084,5.9222074685910705e-05,1.0,0.009324055336450221,0.2197739999999726,333.644478
1482,0.00015656541351766147,5.916175485812254e-05,1.0,0.009372901376910246,0.22991799999999785,333.874396
1483,0.00015637762384930845,5.909788918608196e-05,1.0,0.009401446510648392,0.23396200000001954,334.108358
1484,0.00015619018367265852,5.903149864162102e-05,1.0,0.009429355311797493,0.21631400000001122,334.324672
1485,0.0001560030946268781,5.896725813911172e-05,1.0,0.009391248918323094,0.2361839999999802,334.560856
1486,0.00015581635002878525,5.89071228847464e-05,1.0,0.009386298997190002,0.21822300000002315,334.779079
1487,0.00015562995392036084,5.884610567678704e-05,1.0,0.009378072260362576,0.22907499999996617,335.008154
1488,0.00015544390624916716,5.878283751561087e-05,1.0,0.009302904844932179,0.22421800000000758,335.232372
1489,0.0001552582180939356,5.871725579737213e-05,1.0,0.009372129230899744,0.21822400000002062,335.450596
1490,0.0001550728612938005,5.865765496618563e-05,1.0,0.009342618166091927,0.21371499999997923,335.664311
1491,0.0001548878516632216,5.859790779750903e-05,1.0,0.009310788695373585,0.22345400000000382,335.887765
1492,0.0001547031889033104,5.853653949722385e-05,1.0,0.009299939802417266,0.21940599999999222,336.107171
1493,0.0001545188687205593,5.847199525830759e-05,1.0,0.009269096938155114,0.22483500000004142,336.33200600000004
1494,0.00015433488846776562,5.841006582757504e-05,1.0,0.009341866250011292,0.23663299999998344,336.568639
1495,0.00015415124675051514,5.834690454956655e-05,1.0,0.00927378157915086,0.21643499999998994,336.785074
1496,0.0001539679522648991,5.8287063405515836e-05,1.0,0.009407497796961733,0.22545600000000832,337.01053
1497,0.000153785007890996,5.8224611847155796e-05,1.0,0.009340170223178852,0.22874799999999595,337.239278
1498,0.00015360239376890737,5.8161171679183755e-05,1.0,0.009434962940129452,0.22381300000000692,337.463091
1499,0.00015342010252114295,5.8103736130854186e-05,1.0,0.009361076678710346,0.22465099999999438,337.687742
1500,0.00015323816193944616,5.804261725091102e-05,1.0,0.00932766731578535,0.22090700000001107,337.908649
1501,0.00015305656051792203,5.798113370647516e-05,1.0,0.00934833677810422,0.22125599999998258,338.129905
1502,0.00015287529036140074,5.7920872943747216e-05,1.0,0.00932359979628656,0.23511400000001004,338.365019
1503,0.0001526943685790428,5.785727621181916e-05,1.0,0.00927997365181251,0.22365100000001803,338.58867000000004
1504,0.00015251377426204517,5.7794189040457566e-05,1.0,0.009354280151697396,0.21905699999996386,338.807727
1505,0.00015233350721975997,5.77324798839077e-05,1.0,0.00935534855046702,0.22058300000003328,339.02831000000003
1506,0.00015215357158861097,5.7668519699208355e-05,1.0,0.009423358203392783,0.22044999999997117,339.24876
1507,0.00015197394894373367,5.76084065385568e-05,1.0,0.009358451351007817,0.22696500000000697,339.475725
1508,0.00015179466741174186,5.754996974290479e-05,1.0,0.009301997136617923,0.21709199999997963,339.692817
1509,0.00015161571798002026,5.749020509170758e-05,1.0,0.009317412984869723,0.22047800000001416,339.913295
1510,0.00015143709743564517,5.742865703309053e-05,1.0,0.009395225279916642,0.2198020000000156,340.133097
1511,0.00015125879604123825,5.73714970273456e-05,1.0,0.009437186039948017,0.22374099999996133,340.356838
1512,0.0001510808247695787,5.731493366634263e-05,1.0,0.009354832402811958,0.2117200000000139,340.568558
1513,0.00015090319217412858,5.7255727328399365e-05,1.0,0.009184967942274821,0.23094800000001214,340.799506
1514,0.0001507258911842483,5.719754101031011e-05,1.0,0.009288162890384616,0.21533099999999195,341.014837
1515,0.0001505489241914575,5.713519094946672e-05,1.0,0.009323218059240596,0.2231490000000349,341.23798600000003
1516,0.00015037226813919557,5.7073221316914746e-05,1.0,0.00926681409450414,0.21465999999998076,341.452646
1517,0.0001501959364933555,5.700968482983016e-05,1.0,0.009300706023811849,0.21989300000001322,341.67253900000003
1518,0.0001500199202154943,5.694845609051021e-05,1.0,0.009247353614991127,0.22302299999995512,341.895562
1519,0.0001498442221237856,5.688851139706625e-05,1.0,0.009348679304292923,0.22436400000003687,342.119926
1520,0.0001496688461928372,5.6828970421122723e-05,1.0,0.009311218509220096,0.2160509999999931,342.335977
1521,0.00014949378988917927,5.6765982807682516e-05,1.0,0.009238878757555066,0.2235029999999938,342.55948
1522,0.0001493190389823827,5.670578363559254e-05,1.0,0.009271268703688799,0.2238879999999881,342.783368
1523,0.0001491446165297693,5.664440309166496e-05,1.0,0.009358404724711871,0.2142729999999915,342.997641
1524,0.00014897050509734378,5.658442891645687e-05,1.0,0.009343261967942567,0.2295520000000124,343.227193
1525,0.0001487967032637949,5.65238692550672e-05,1.0,0.009382782350031213,0.22449599999998782,343.451689
1526,0.00014862321438131027,5.6462504655579115e-05,1.0,0.009338023454778514,0.21973400000001675,343.671423
1527,0.0001484500335939803,5.6404013922099466e-05,1.0,0.009303976877035349,0.2164109999999937,343.887834
1528,0.00014827716896358042,5.63455063742128e-05,1.0,0.009333722921765986,0.22055599999998776,344.10839
1529,0.00014810462037254723,5.62868886656589e-05,1.0,0.009297847130531632,0.3367990000000418,344.445189
1530,0.00014793238027563727,5.6232541055905875e-05,1.0,0.009335125469592472,0.25289999999995416,344.698089
1531,0.00014776047145274946,5.617066683835494e-05,1.0,0.009331804334103603,0.22121500000002925,344.919304
1532,0.00014758885594630348,5.611311385013779e-05,1.0,0.00925379349704857,0.28097600000000966,345.20028
1533,0.00014741755228808663,5.605666475820261e-05,1.0,0.00930891422285349,0.2568029999999908,345.457083
1534,0.00014724656024832022,5.600417250564686e-05,1.0,0.009249860556417662,0.2386500000000069,345.695733
1535,0.00014707589005948362,5.594516937431398e-05,1.0,0.009242091975847666,0.3485769999999775,346.04431
1536,0.00014690552648902205,5.588851388085697e-05,1.0,0.009327268558134311,0.3316070000000195,346.375917
1537,0.00014673546449248446,5.583550500471124e-05,1.0,0.009258292080745993,0.2465050000000133,346.62242200000003
1538,0.000146565722453335,5.577961283144494e-05,1.0,0.009204432706483525,0.2516979999999762,346.87412
1539,0.00014639629327060664,5.572442842661018e-05,1.0,0.009230600069217623,0.24691500000000133,347.121035
1540,0.00014622717459793482,5.5667117471890926e-05,1.0,0.009207267137365057,0.2310340000000224,347.35206900000003
1541,0.00014605836312416565,5.5610996112199965e-05,1.0,0.009279756726322795,0.23178199999995286,347.583851
1542,0.00014588986130213837,5.5551116684271454e-05,1.0,0.009305028361967015,0.21770300000002862,347.801554
1543,0.00014572164967263182,5.549538249349633e-05,1.0,0.00917309096320911,0.23282199999999875,348.034376
1544,0.00014555374766954602,5.543631020150267e-05,1.0,0.009158351538671144,0.26148399999999583,348.29586
1545,0.00014538612972032523,5.538039839764781e-05,1.0,0.009213211610189048,0.2526809999999955,348.548541
1546,0.00014521881400668244,5.532194484936768e-05,1.0,0.009236186428677434,0.24394399999999905,348.792485
1547,0.0001450518041429244,5.526772351341058e-05,1.0,0.0091440669889789,0.2581989999999905,349.050684
1548,0.00014488509714538484,5.520945540190811e-05,1.0,0.009307199238595366,0.24675300000001243,349.297437
1549,0.00014471868128258886,5.5156282016244496e-05,1.0,0.00916332292385819,0.23529700000000275,349.532734
1550,0.00014455256987431939,5.510253694336949e-05,1.0,0.009174346590192737,0.2356100000000083,349.768344
1551,0.00014438677334105643,5.504350788225629e-05,1.0,0.009141735139702217,0.22945900000001984,349.99780300000003
1552,0.00014422126365910376,5.4985946784265865e-05,1.0,0.009173645387414659,0.2474770000000035,350.24528000000004
1553,0.00014405604274604378,5.493093730244813e-05,1.0,0.00926437543876579,0.23466599999994742,350.479946
1554,0.00014389111644456704,5.487694873553998e-05,1.0,0.009233072926533546,0.2304600000000505,350.71040600000003
1555,0.00014372649590936582,5.481926343652891e-05,1.0,0.009239638278496153,0.2461139999999773,350.95652
1556,0.00014356216083497426,5.47675759380117e-05,1.0,0.009322802012693645,0.2471320000000219,351.20365200000003
1557,0.0001433981236614894,5.4713380041034324e-05,1.0,0.009244542337702754,0.24702700000000277,351.45067900000004
1558,0.00014323438709327413,5.465617558008899e-05,1.0,0.009288661679248737,0.2744589999999789,351.725138
1559,0.00014307093921923981,5.4600547580185e-05,1.0,0.009209261918156823,0.2704069999999774,351.995545
1560,0.00014290778067174348,5.454340880450811e-05,1.0,0.009247132372217444,0.24932200000000648,352.244867
1561,0.00014274490161552328,5.449120414910478e-05,1.0,0.00925985851711751,0.25747899999998936,352.502346
1562,0.00014258232538117113,5.443477174030192e-05,1.0,0.009223018380712997,0.22336500000000115,352.725711
1563,0.00014242004080027747,5.437722053611399e-05,1.0,0.00916984949373179,0.23861500000003844,352.964326
1564,0.0001422580375543693,5.432234458809072e-05,1.0,0.009144768456086463,0.2668019999999842,353.231128
1565,0.0001420963290516156,5.426746690523223e-05,1.0,0.009176545753924006,0.24210899999997082,353.473237
1566,0.00014193489877836068,5.4212755395300696e-05,1.0,0.009140762874590263,0.2516420000000039,353.724879
1567,0.00014177375567023815,5.4158986371086994e-05,1.0,0.00924417374102861,0.23496600000004264,353.95984500000003
1568,0.0001416129055589632,5.410343216023332e-05,1.0,0.00920133513380026,0.2475109999999745,354.207356
1569,0.00014145232460232543,5.4052814168505235e-05,1.0,0.00925885375919983,0.2413389999999822,354.448695
1570,0.00014129205807320665,5.3995051330996705e-05,1.0,0.00919851822094578,0.2394090000000233,354.688104
1571,0.00014113206334935924,5.393848215881485e-05,1.0,0.009188548299050147,0.23782799999997906,354.925932
1572,0.00014097234310733042,5.38861854068023e-05,1.0,0.009198095714778701,0.23351800000000367,355.15945
1573,0.00014081290607417262,5.38308527163222e-05,1.0,0.009188154384303858,0.2543860000000109,355.413836
1574,0.0001406537488995216,5.377785239990457e-05,1.0,0.009144078426129501,0.2367800000000102,355.650616
1575,0.00014049487832187735,5.3724390988314766e-05,1.0,0.00915726107837198,0.22397899999998572,355.874595
1576,0.0001403362879482532,5.367079682632834e-05,1.0,0.00910000820603333,0.24798700000002327,356.122582
1577,0.00014017798253032287,5.361540563495894e-05,1.0,0.009116434599814875,0.24376000000000886,356.36634200000003
1578,0.00014001994426500578,5.3560950335641794e-05,1.0,0.009222203848616193,0.25157899999999245,356.617921
1579,0.00013986218316287453,5.3506036331786144e-05,1.0,0.009165098490260346,0.23237100000000055,356.850292
1580,0.00013970470365155986,5.3452094012538445e-05,1.0,0.009063422081893232,0.23285599999996975,357.083148
1581,0.00013954748802556387,5.3400319492433916e-05,1.0,0.009077703460280237,0.22922800000003463,357.31237600000003
1582,0.00013939054972486215,5.3348842744708204e-05,1.0,0.00921128465134916,0.2417769999999564,357.554153
1583,0.00013923388695432482,5.329485407065733e-05,1.0,0.009209133901395045,0.23122200000000248,357.785375
1584,0.00013907750322726187,5.3242847739959505e-05,1.0,0.009113338556239279,0.22654900000003408,358.011924
1585,0.00013892139917738035,5.318864318910327e-05,1.0,0.009170019527663616,0.2240979999999695,358.236022
1586,0.0001387655652842006,5.313532226879412e-05,1.0,0.009051521627349566,0.2274720000000343,358.463494
1587,0.00013861000171548483,5.308568316231724e-05,1.0,0.009132809723688372,0.22181799999998475,358.685312
1588,0.00013845471680964456,5.303559802484161e-05,1.0,0.009124457201296938,0.24556499999999915,358.930877
1589,0.00013829970112352974,5.298447733426352e-05,1.0,0.009163233931357406,0.2484049999999911,359.179282
1590,0.00013814496602571126,5.292954151223568e-05,1.0,0.009130526075161958,0.251513999999986,359.430796
1591,0.00013799049520720602,5.2874765778427177e-05,1.0,0.009090898158607244,0.2670850000000087,359.697881
1592,0.00013783629514155273,5.2820313171308336e-05,1.0,0.00914314806869186,0.23658100000000104,359.934462
1593,0.00013768235721858512,5.2767592410016094e-05,1.0,0.009164960029566217,0.24202600000000984,360.176488
1594,0.0001375286873506331,5.271279144225529e-05,1.0,0.009047421393905644,0.25493499999998903,360.431423
1595,0.00013737528053013286,5.2662496709746886e-05,1.0,0.00910417721846685,0.27750000000003183,360.708923
1596,0.00013722213629114032,5.261063033374988e-05,1.0,0.00907690260154402,0.2502529999999865,360.959176
1597,0.00013706926312931822,5.255970774994315e-05,1.0,0.009093656758254192,0.2240150000000085,361.183191
1598,0.0001369166631823263,5.250950996668814e-05,1.0,0.009089543305880908,0.22370300000000043,361.406894
1599,0.0001367643329994075,5.245561877927361e-05,1.0,0.009092425508275999,0.21897699999999531,361.625871
1600,0.00013661226214525487,5.2402220990852046e-05,1.0,0.009159691261614871,0.23951399999998557,361.865385
1601,0.00013646044902259483,5.2350878765704097e-05,1.0,0.009111745651604186,0.25985000000002856,362.12523500000003
1602,0.0001363089041528173,5.229934399662888e-05,1.0,0.009025075180243158,0.2537149999999997,362.37895000000003
1603,0.00013615762002380455,5.224840028372635e-05,1.0,0.00907589974278794,0.24010599999996884,362.619056
1604,0.00013600660171788598,5.2197410961978086e-05,1.0,0.009129601790936937,0.2327420000000302,362.85179800000003
1605,0.0001358558512507858,5.214689453374296e-05,1.0,0.009085278269706926,0.22885199999996075,363.08065
1606,0.0001357053578226199,5.2096764708988275e-05,1.0,0.009062253327565837,0.21702300000004016,363.29767300000003
1607,0.00013555513039129063,5.204337529678384e-05,1.0,0.009048640967425869,0.23617299999995112,363.533846
1608,0.00013540515448727948,5.1992251516240885e-05,1.0,0.00917124671264379,0.21402300000005425,363.74786900000004
1609,0.00013525543993475863,5.1939632919276225e-05,1.0,0.009052387231934893,0.24602299999997967,363.993892
1610,0.0001351059782009192,5.189036692891121e-05,1.0,0.00899116236563154,0.23324400000001333,364.22713600000003
1611,0.00013495677606422331,5.183814841336879e-05,1.0,0.009033876525834988,0.2153449999999566,364.442481
1612,0.00013480783088177153,5.178540918644728e-05,1.0,0.009137587719599468,0.21554100000003018,364.658022
1613,0.00013465914059216877,5.1733092658466e-05,1.0,0.009006747113049036,0.2166199999999776,364.874642
1614,0.00013451070379150293,5.1680266708313075e-05,1.0,0.009033566421333447,0.23147900000003574,365.10612100000003
1615,0.00013436251534252472,5.1628756560404264e-05,1.0,0.00898354000555434,0.2178299999999922,365.323951
1616,0.00013421457573467468,5.157960731449617e-05,1.0,0.009042464459256654,0.2233449999999948,365.547296
1617,0.00013406689435138547,5.1530468175364575e-05,1.0,0.009026668778112715,0.22080599999998185,365.768102
1618,0.0001339194731450578,5.147924312248852e-05,1.0,0.008987916347214794,0.23823600000002898,366.006338
1619,0.0001337722993704193,5.1431489889295284e-05,1.0,0.008933623859016943,0.23982100000000628,366.24615900000003
1620,0.00013362538262348623,5.138047044794377e-05,1.0,0.008986370050604731,0.2317359999999553,366.477895
1621,0.00013347871561855419,5.1328068197414635e-05,1.0,0.009029987899599433,0.24497100000002092,366.722866
1622,0.00013333229179394212,5.127895674802681e-05,1.0,0.00910855862241897,0.2278580000000261,366.95072400000004
1623,0.00013318612240938345,5.122978449317921e-05,1.0,0.009012624927115747,0.24557799999996632,367.196302
1624,0.00013304020842587138,5.118125033963719e-05,1.0,0.009010106969199511,0.23536200000000917,367.431664
1625,0.0001328945494027956,5.11287468685222e-05,1.0,0.009044279678807622,0.22509400000001278,367.656758
1626,0.00013274912925495316,5.107987694883141e-05,1.0,0.00899671811356453,0.2220140000000015,367.878772
1627,0.00013260396249141257,5.102997013628365e-05,1.0,0.0089650632741104,0.2344889999999964,368.113261
1628,0.00013245904187297015,5.0977414271114486e-05,1.0,0.008977818993627413,0.23036999999999352,368.343631
1629,0.000132314359949782,5.0925430878976986e-05,1.0,0.008918626684086302,0.23018999999999323,368.573821
1630,0.00013216992450560203,5.087431226081882e-05,1.0,0.009025214316777877,0.23997100000002547,368.81379200000003
1631,0.00013202572122483885,5.08290889223505e-05,1.0,0.008990317346164201,0.22644199999996317,369.040234
1632,0.00013188177323559524,5.077877875111756e-05,1.0,0.008970554124175842,0.22717800000003763,369.26741200000004
1633,0.00013173807228327805,5.0730853438182196e-05,1.0,0.009023563844290967,0.24441399999994928,369.511826
1634,0.00013159461728235407,5.0682566537651665e-05,1.0,0.008963697737102705,0.22839400000003707,369.74022
1635,0.00013145140899933149,5.063290914055767e-05,1.0,0.008932606627752424,0.22421600000001263,369.96443600000003
1636,0.00013130843495708888,5.0586927137096425e-05,1.0,0.008993480446459702,0.24967999999995527,370.214116
1637,0.00013116571653971998,5.0539344878138626e-05,1.0,0.009015191191125631,0.23603800000000774,370.450154
1638,0.00013102323932166686,5.048973465229609e-05,1.0,0.00891086082036069,0.23966400000000476,370.689818
1639,0.0001308810056973107,5.044117820362824e-05,1.0,0.008937382401139782,0.25125200000002224,370.94107
1640,0.00013073901487985722,5.039299727249842e-05,1.0,0.008989133341566358,0.22846799999996392,371.169538
1641,0.00013059726886463518,5.034513389829664e-05,1.0,0.008930077834114373,0.23539400000004207,371.40493200000003
1642,0.0001304557650365368,5.0294856607059967e-05,1.0,0.00892560942700161,0.24835600000000113,371.65328800000003
1643,0.00013031449769483595,5.024538102377634e-05,1.0,0.008961634645791158,0.2231729999999743,371.876461
1644,0.00013017346478243552,5.019708407411941e-05,1.0,0.00903577565631959,0.22800100000000612,372.104462
1645,0.00013003267468290102,5.014877673866141e-05,1.0,0.008911398218282157,0.2323989999999867,372.336861
1646,0.00012989212419139656,5.010091223946904e-05,1.0,0.008911810438106111,0.2354129999999941,372.572274
1647,0.00012975180668573275,5.005005495063378e-05,1.0,0.008927407042129142,0.2245760000000132,372.79685
1648,0.0001296117206391245,5.000148826788695e-05,1.0,0.008959787450771384,0.21692999999999074,373.01378
1649,0.00012947187248408946,4.9951407923259194e-05,1.0,0.00894108699871961,0.21914700000002085,373.232927
1650,0.0001293322545355287,4.99030733171688e-05,1.0,0.008836538902907413,0.2171989999999937,373.450126
1651,0.00012919286598826388,4.985725011703872e-05,1.0,0.008966322775677738,0.23149599999999282,373.681622
1652,0.00012905372321999175,4.980840669034843e-05,1.0,0.008886219396719085,0.2345849999999814,373.916207
1653,0.00012891480654473437,4.976088646916757e-05,1.0,0.008940999510562913,0.23949600000003102,374.155703
1654,0.00012877611885609908,4.971431106426199e-05,1.0,0.008847224623527225,0.23622499999999036,374.391928
1655,0.00012863766616107646,4.966762907955172e-05,1.0,0.008976398915937243,0.23040900000000875,374.622337
1656,0.00012849944880389996,4.961830810473525e-05,1.0,0.008850371926317694,0.23240599999996903,374.854743
1657,0.0001283614599255658,4.9570130630374364e-05,1.0,0.009069526151800315,0.23672900000002528,375.091472
1658,0.00012822369893779944,4.952331789189615e-05,1.0,0.008927278009003144,0.23486800000000585,375.32634
1659,0.00012808617186866925,4.947579542748018e-05,1.0,0.008864409179884581,0.232262999999989,375.558603
1660,0.00012794886802318433,4.9431486164519844e-05,1.0,0.008871439815929548,0.23184500000002117,375.790448
1661,0.00012781180038448373,4.9385340125975496e-05,1.0,0.008916097719125663,0.23412099999995917,376.024569
1662,0.00012767496155296072,4.933776725907979e-05,1.0,0.008921625833470392,0.21719300000000885,376.241762
1663,0.0001275383470917844,4.92908563838627e-05,1.0,0.00891606689569474,0.23795300000000452,376.479715
1664,0.00012740196903301596,4.92430345171742e-05,1.0,0.008902827073089366,0.21667300000001433,376.696388
1665,0.00012726581243178983,4.919521951839583e-05,1.0,0.008797861699062116,0.23681899999996858,376.933207
1666,0.00012712988010029594,4.91501975530563e-05,1.0,0.008974255919330477,0.2355580000000259,377.168765
1667,0.00012699418057345637,4.910629892240892e-05,1.0,0.008860070843289273,0.22958999999997332,377.398355
1668,0.00012685871057704866,4.905854065079276e-05,1.0,0.008909036152417067,0.22511800000000903,377.623473
1669,0.00012672346666188315,4.9009848152065735e-05,1.0,0.008842163406856798,0.22271200000000135,377.846185
1670,0.0001265884424903217,4.8963313287651435e-05,1.0,0.008865213620139697,0.24140900000003285,378.087594
1671,0.00012645364484581515,4.891657185125526e-05,1.0,0.008863028468517551,0.23726299999998446,378.324857
1672,0.00012631907793476027,4.88683001194253e-05,1.0,0.008898592282910636,0.22951100000000224,378.554368
1673,0.00012618472595415177,4.8821875972683616e-05,1.0,0.008820892313519837,0.21643799999998237,378.770806
1674,0.00012605060181739412,4.8773306626454156e-05,1.0,0.008879699629212178,0.25186800000000176,379.022674
1675,0.00012591668824110748,4.872751390510993e-05,1.0,0.008827728511434797,0.23815799999999854,379.260832
1676,0.0001257829958503789,4.868491445088665e-05,1.0,0.008797189197908535,0.2443010000000072,379.505133
1677,0.00012564953727664584,4.863778035270655e-05,1.0,0.008771027521359474,0.23126700000000255,379.7364
1678,0.0001255162947157467,4.859186596057e-05,1.0,0.008789315740479819,0.2466550000000325,379.98305500000004
1679,0.00012538327320469928,4.8545766404016446e-05,1.0,0.008799382873212976,0.22951999999997952,380.212575
1680,0.00012525046767643893,4.850060818932841e-05,1.0,0.00877212366397704,0.2289920000000052,380.441567
1681,0.00012511787384309858,4.845562109291402e-05,1.0,0.008854545490982343,0.228354999999965,380.669922
1682,0.00012498550367291976,4.841182298711599e-05,1.0,0.008808871761066669,0.23151800000005096,380.90144000000004
1683,0.00012485335577137999,4.836521026568393e-05,1.0,0.008728489350896387,0.23606799999998884,381.137508
1684,0.0001247214216085998,4.832112455737406e-05,1.0,0.008767621523825134,0.2316549999999893,381.369163
1685,0.0001245897182263656,4.827602032407021e-05,1.0,0.008805109090132568,0.23471899999998413,381.603882
1686,0.0001244582306149997,4.822945808117579e-05,1.0,0.008762566924446389,0.23394400000000815,381.837826
1687,0.00012432694523276648,4.8184909161045274e-05,1.0,0.008730324359355378,0.23817800000000489,382.076004
1688,0.00012419587987097817,4.813913709204376e-05,1.0,0.008793543062641343,0.2380759999999782,382.31408
1689,0.00012406503114354613,4.8094215582008277e-05,1.0,0.00876041138578822,0.2470440000000167,382.561124
1690,0.00012393439687881957,4.804988832778023e-05,1.0,0.008840611491272682,0.23043400000000247,382.791558
1691,0.00012380397647441025,4.800775246860435e-05,1.0,0.008895353815680813,0.21917600000000448,383.010734
1692,0.00012367377688366445,4.796269942461661e-05,1.0,0.008852880098710414,0.23246000000000322,383.243194
1693,0.00012354379313771836,4.7917844286349975e-05,1.0,0.008867193219312836,0.23364599999996472,383.47684
1694,0.00012341402401841998,4.78741097392173e-05,1.0,0.008784903423789289,0.2139310000000023,383.690771
1695,0.0001232844664393276,4.7828222221724214e-05,1.0,0.008850874734888436,0.23576300000001993,383.926534
1696,0.00012315511834844688,4.77862584951112e-05,1.0,0.008779800843376071,0.24748399999998583,384.174018
1697,0.0001230259902259863,4.7743691215069624e-05,1.0,0.008780138486061084,0.2345690000000218,384.408587
1698,0.0001228970792284879,4.769857020206714e-05,1.0,0.008760296608163246,0.2636850000000095,384.672272
1699,0.00012276837967936075,4.765361962344062e-05,1.0,0.008782719544645481,0.26761199999998553,384.939884
1700,0.00012263988843563825,4.7608461626219505e-05,1.0,0.008796129276947397,0.2596419999999853,385.199526
1701,0.00012251160821889943,4.756442948464694e-05,1.0,0.008808046932017033,0.23414400000001478,385.43367
1702,0.00012238353382108385,4.752171280638496e-05,1.0,0.008751395198698582,0.22529200000002447,385.65896200000003
1703,0.0001222556675229121,4.747903321025075e-05,1.0,0.008835146483255209,0.22418799999996963,385.88315
1704,0.0001221280126490096,4.7434992632853484e-05,1.0,0.008860799319081887,0.21859399999999596,386.101744
1705,0.00012200057260180431,4.739053105624272e-05,1.0,0.008804646053358007,0.23431600000003527,386.33606000000003
1706,0.00012187333676626916,4.734517941614882e-05,1.0,0.008848339428617472,0.22212999999999283,386.55819
1707,0.00012174630584175231,4.730216911693447e-05,1.0,0.008812252850338417,0.21550999999999476,386.7737
1708,0.0001216194796331537,4.7258951289717674e-05,1.0,0.008756721200220325,0.22278299999999263,386.996483
1709,0.00012149285754619896,4.7215986395529195e-05,1.0,0.008824522393238752,0.25062500000001364,387.247108
1710,0.00012136643790598781,4.717285571463819e-05,1.0,0.008757894692286635,0.2330419999999549,387.48015
1711,0.00012124023066854955,4.712951193380418e-05,1.0,0.008743368664137196,0.22773800000004485,387.707888
1712,0.00012111422759300597,4.708624305602749e-05,1.0,0.008799175997741495,0.2304229999999734,387.938311
1713,0.00012098843376631058,4.7041030744040166e-05,1.0,0.008752951987612254,0.23589800000002015,388.174209
1714,0.00012086283650869075,4.699786005673299e-05,1.0,0.008799642757512743,0.23074600000001055,388.40495500000003
1715,0.0001207374473580116,4.6954058828067876e-05,1.0,0.008700055651588516,0.21652699999998504,388.621482
1716,0.00012061226052099242,4.690855185208226e-05,1.0,0.008770040168921241,0.23522600000001148,388.856708
1717,0.0001204872723726458,4.686474265695207e-05,1.0,0.008716396877776774,0.22275600000000395,389.07946400000003
1718,0.00012036248553825065,4.682122762413382e-05,1.0,0.00873151960220798,0.23163999999997031,389.311104
1719,0.0001202378967698971,4.677834139402637e-05,1.0,0.008668359188057983,0.2404950000000099,389.551599
1720,0.00012011351308051152,4.673648729071428e-05,1.0,0.008749014820230869,0.2252849999999853,389.776884
1721,0.00011998932754623415,4.669316203423787e-05,1.0,0.008719237087124902,0.22443900000001804,390.001323
1722,0.00011986534591927202,4.664986613659561e-05,1.0,0.008743456875886443,0.24374599999998736,390.245069
1723,0.00011974156344818107,4.660683479467733e-05,1.0,0.008753200135965197,0.2282390000000305,390.47330800000003
1724,0.0001196179801318168,4.6564042573450804e-05,1.0,0.00872627200281706,0.23255899999998064,390.705867
1725,0.0001194945978444713,4.652186747577304e-05,1.0,0.008717236826381754,0.22792399999997315,390.933791
1726,0.00011937141857152762,4.64767898997692e-05,1.0,0.008696761602543655,0.2151410000000169,391.148932
1727,0.0001192484278868138,4.643378818642759e-05,1.0,0.008786451778908357,0.22765300000003208,391.37658500000003
1728,0.00011912563392555899,4.639244220753899e-05,1.0,0.00866062044604809,0.23119899999994686,391.607784
1729,0.00011900304183129936,4.6349538653320434e-05,1.0,0.00873145600886988,0.21963800000003175,391.827422
1730,0.0001188806446484486,4.630911859970763e-05,1.0,0.00875067872463667,0.24056699999999864,392.067989
1731,0.0001187584494119487,4.626758237059474e-05,1.0,0.008761147478039551,0.21775900000000092,392.285748
1732,0.00011863645138571752,4.62234365043775e-05,1.0,0.00876218927604732,0.2545240000000035,392.540272
1733,0.00011851464224430229,4.618287646955625e-05,1.0,0.00877432764505209,0.2505029999999806,392.790775
1734,0.00011839302914590356,4.613940176759226e-05,1.0,0.008741746812727241,0.2424710000000232,393.033246
1735,0.00011827160823209398,4.609862517465873e-05,1.0,0.008774760406019757,0.22982899999999518,393.263075
1736,0.00011815038641238352,4.605571930319326e-05,1.0,0.008755361215091947,0.2661289999999781,393.529204
1737,0.00011802935228382153,4.60136508522444e-05,1.0,0.008751401339522485,0.23795699999999442,393.767161
1738,0.00011790850688293144,4.597208028765159e-05,1.0,0.008732978520927873,0.23851700000000164,394.005678
1739,0.00011778785560655494,4.5931239000121314e-05,1.0,0.008792543044104501,0.2529690000000073,394.258647
1740,0.00011766740305033783,4.588864880770204e-05,1.0,0.008730556147055774,0.23796099999998432,394.496608
1741,0.00011754714028013793,4.584832003961332e-05,1.0,0.008763964514045153,0.24633300000004965,394.74294100000003
1742,0.00011742707165471642,4.58063594526366e-05,1.0,0.008708827067785694,0.23951099999999315,394.982452
1743,0.0001173071950675279,4.576522333687307e-05,1.0,0.00866038675385954,0.24273899999997184,395.225191
1744,0.0001171875063102093,4.5725198784229224e-05,1.0,0.00871756298864222,0.2417340000000081,395.466925
1745,0.00011706801449278029,4.568245824185129e-05,1.0,0.008712033448679648,0.24160200000000032,395.708527
1746,0.00011694870776992927,4.564106101055708e-05,1.0,0.00867807464731544,0.2504779999999869,395.959005
1747,0.0001168295886847748,4.560011600699272e-05,1.0,0.008653765663959484,0.2336080000000038,396.192613
1748,0.00011671066019393152,4.555884917458107e-05,1.0,0.008692437136493723,0.2531680000000165,396.445781
1749,0.00011659192422815582,4.551632807397026e-05,1.0,0.008744055775753282,0.24538999999998623,396.691171
1750,0.00011647336955306162,4.547620584401604e-05,1.0,0.008623196161300806,0.23977800000000116,396.930949
1751,0.00011635500138298358,4.5438426206424606e-05,1.0,0.008686717316908378,0.23740400000002637,397.168353
1752,0.00011623682675833069,4.539864819526166e-05,1.0,0.00872044042927017,0.23976799999996956,397.408121
1753,0.00011611884736795059,4.535546355097102e-05,1.0,0.00865671150835597,0.23952400000001717,397.647645
1754,0.00011600104851644674,4.531482313194919e-05,1.0,0.008607069645069803,0.24152199999997492,397.889167
1755,0.00011588343833745938,4.527356997789543e-05,1.0,0.008600794556724243,0.23396999999999935,398.123137
1756,0.00011576601040544708,4.5234698303063235e-05,1.0,0.008654628655123167,0.24146400000000767,398.364601
1757,0.0001156487777897012,4.519408377085765e-05,1.0,0.008580201528184828,0.24025100000000066,398.604852
1758,0.000115531725887938,4.515729091337454e-05,1.0,0.008659500163868598,0.24234599999999773,398.847198
1759,0.00011541486535186405,4.511578680345731e-05,1.0,0.008660692927331137,0.22601900000000796,399.073217
1760,0.0001152981960126459,4.507227182414644e-05,1.0,0.008620490857128751,0.23196699999999737,399.305184
1761,0.00011518170126401784,4.503194583678027e-05,1.0,0.008589939850064631,0.23984799999999495,399.545032
1762,0.00011506538995497295,4.498954417813313e-05,1.0,0.008672912965432215,0.23650800000001482,399.78154
1763,0.00011494925353718295,4.495021303601981e-05,1.0,0.008678989395962369,0.2397540000000049,400.021294
1764,0.00011483330599022117,4.491114203946782e-05,1.0,0.008680148821828545,0.22642999999999347,400.247724
1765,0.00011471754859161267,4.486960311567838e-05,1.0,0.008669066075245955,0.2194900000000075,400.467214
1766,0.00011460196453811994,4.482942118644616e-05,1.0,0.008624753632516842,0.23732999999998583,400.704544
1767,0.00011448655646038431,4.479125883757524e-05,1.0,0.00861637461027774,0.21904499999999416,400.923589
1768,0.00011437133069468281,4.4751763699876185e-05,1.0,0.008694394033907734,0.22659800000002406,401.150187
1769,0.00011425628803060314,4.471242103429238e-05,1.0,0.008603349131309643,0.2373569999999745,401.387544
1770,0.00011414142648797097,4.467156457802045e-05,1.0,0.008580017940945706,0.22582700000003797,401.61337100000003
1771,0.0001140267413474141,4.463218488766043e-05,1.0,0.008622329884935036,0.2407699999999977,401.854141
1772,0.00011391223798135427,4.459376282311584e-05,1.0,0.008630021608576814,0.25970000000000937,402.11384100000004
1773,0.0001137979190705048,4.4553980515580206e-05,1.0,0.008655969372786752,0.2585319999999456,402.372373
1774,0.00011368378072730128,4.4514205756203695e-05,1.0,0.008698856639514948,0.2407980000000407,402.613171
1775,0.00011356982002205849,4.4475864552359604e-05,1.0,0.008663053189884987,0.24103600000000824,402.85420700000003
1776,0.00011345604102791405,4.443550405136191e-05,1.0,0.008637559659004547,0.23402099999998427,403.088228
1777,0.00011334244121706444,4.4396506219401914e-05,1.0,0.00863790302252989,0.25527499999998327,403.343503
1778,0.00011322901935300666,4.4359023355751896e-05,1.0,0.008597823719692555,0.24180200000000696,403.585305
1779,0.00011311577341956593,4.4320326200434146e-05,1.0,0.008631589917123959,0.24846600000000763,403.833771
1780,0.00011300270358593006,4.428180123961364e-05,1.0,0.008617769963815965,0.2437140000000113,404.077485
1781,0.00011288981249247518,4.424214398671155e-05,1.0,0.008628500073374306,0.2431799999999953,404.320665
1782,0.00011277709806474528,4.4203310289376045e-05,1.0,0.008622039867168325,0.25905599999998685,404.579721
1783,0.00011266455556212403,4.416691869353742e-05,1.0,0.008609254985522294,0.2409979999999905,404.820719
1784,0.00011255219360080232,4.4128926373474426e-05,1.0,0.008619886016521918,0.24333200000000943,405.064051
1785,0.00011244001215648566,4.4089712127913575e-05,1.0,0.008656206915552352,0.23172599999998056,405.295777
1786,0.00011232799667567015,4.4051451725145654e-05,1.0,0.008612887691523343,0.24005200000004834,405.53582900000004
1787,0.00011221616826484723,4.401157755742198e-05,1.0,0.008498888432494507,0.43298899999996365,405.968818
1788,0.00011210450492853808,4.397383921236663e-05,1.0,0.008539515216342405,0.2573990000000208,406.226217
1789,0.0001119930197825233,4.3934412636308264e-05,1.0,0.008607549750667692,0.24005399999998644,406.466271
1790,0.00011188170421023336,4.389556548243545e-05,1.0,0.008536537204689082,0.23510900000002266,406.70138000000003
1791,0.00011177056143619732,4.385830896975174e-05,1.0,0.00860850633308117,0.23885400000000345,406.94023400000003
1792,0.00011165959717857457,4.381809088818245e-05,1.0,0.008564950732252477,0.22760099999999284,407.167835
1793,0.00011154880009880134,4.378125505062471e-05,1.0,0.00851242336704127,0.2346679999999992,407.402503
1794,0.00011143817414996433,4.3742558586800765e-05,1.0,0.008522439473673732,0.2301390000000083,407.63264200000003
1795,0.00011132771512152601,4.370584183983707e-05,1.0,0.008530039465175977,0.23704299999997147,407.869685
1796,0.00011121743555671644,4.3667013051978146e-05,1.0,0.008531238108732454,0.24784499999998388,408.11753
1797,0.00011110732048925179,4.3630036716467974e-05,1.0,0.008548281051118484,0.23210299999999506,408.349633
1798,0.00011099737977092736,4.359302324380717e-05,1.0,0.008561399366909214,0.24695800000000645,408.596591
1799,0.0001108876079382492,4.355535387052897e-05,1.0,0.008556984946139433,0.24024000000002843,408.836831
1800,0.00011077800957488448,4.351670120440184e-05,1.0,0.008515096448364456,0.24082699999996748,409.077658
1801,0.00011066857956984591,4.3478203967424445e-05,1.0,0.008492350102212727,0.24329300000005105,409.32095100000004
1802,0.00011055931853608561,4.3439204807017945e-05,1.0,0.008525244306984555,0.24044399999996813,409.561395
1803,0.00011045022453269502,4.3402078195042206e-05,1.0,0.008511089325323037,0.23505199999999604,409.796447
1804,0.00011034129929316357,4.336578445735127e-05,1.0,0.00858628701847757,0.26929699999999457,410.065744
1805,0.00011023254728322308,4.3327352984402186e-05,1.0,0.008603084503180366,0.2477089999999862,410.313453
1806,0.0001101239628152057,4.3288572099950526e-05,1.0,0.00855538603550821,0.24201400000004014,410.555467
1807,0.00011001554063027663,4.3248806583676575e-05,1.0,0.008524487254580765,0.24092500000000427,410.796392
1808,0.00010990727956841055,4.3212679706870356e-05,1.0,0.008512186138683193,0.23498100000000477,411.03137300000003
1809,0.00010979919037275066,4.317360694790336e-05,1.0,0.00852553300064131,0.24402299999997012,411.275396
1810,0.00010969126684958997,4.313682592248599e-05,1.0,0.008582296049111732,0.24289500000003272,411.51829100000003
1811,0.00010958350995781255,4.309941552697895e-05,1.0,0.008604935211209523,0.23912999999998874,411.757421
1812,0.0001094759134231574,4.306274879772915e-05,1.0,0.008488379286004242,0.2326529999999707,411.990074
1813,0.00010936848549354311,4.302462192200263e-05,1.0,0.008529488810070384,0.22832400000004327,412.21839800000004
1814,0.00010926122101586802,4.2987395384210215e-05,1.0,0.008528217101930522,0.22424199999994698,412.44264
1815,0.00010915412512169755,4.294864755836384e-05,1.0,0.008575825346597805,0.2314450000000079,412.674085
1816,0.00010904718700725682,4.291045547917542e-05,1.0,0.008519887333770093,0.2316160000000309,412.905701
1817,0.00010894041475787798,4.287359772579462e-05,1.0,0.008511826766750975,0.2462419999999952,413.151943
1818,0.00010883380665851015,4.2835541792615836e-05,1.0,0.00854442914112636,0.2221789999999828,413.374122
1819,0.00010872735594892835,4.2797216222337564e-05,1.0,0.00857872745183194,0.2286619999999857,413.602784
1820,0.00010862106785814083,4.275841067703774e-05,1.0,0.00852517497676791,0.23567800000000716,413.838462
1821,0.00010851493842124132,4.272353723150701e-05,1.0,0.008511946235882441,0.22580700000003162,414.064269
1822,0.00010840897575179612,4.2686174232572134e-05,1.0,0.008513868116473693,0.21499399999999014,414.279263
1823,0.00010830317442601428,4.265044033796936e-05,1.0,0.008559580755321214,0.22687000000001944,414.50613300000003
1824,0.00010819753325229344,4.26148720488475e-05,1.0,0.008625760516889774,0.22954599999997072,414.735679
1825,0.00010809205396146058,4.257977501538826e-05,1.0,0.008614391484796856,0.22880300000002762,414.96448200000003
1826,0.00010798673555228556,4.2543621270397665e-05,1.0,0.008588272270486759,0.28655899999995427,415.251041
1827,0.00010788157873527176,4.250667865390919e-05,1.0,0.008498645064646712,0.24136900000002015,415.49241
1828,0.000107776583440467,4.247116758798086e-05,1.0,0.0085466685618075,0.3057450000000017,415.798155
1829,0.00010767174413231942,4.2436679866016855e-05,1.0,0.00858272478417476,0.23467499999998154,416.03283
1830,0.00010756706770216397,4.2400878716013345e-05,1.0,0.008567667699661972,0.24219099999999116,416.275021
1831,0.00010746255432655422,4.236367501223696e-05,1.0,0.008606945850887518,0.21972900000002937,416.49475
1832,0.00010735819617674789,4.232866769904955e-05,1.0,0.008571297856892274,0.22025999999999613,416.71501
1833,0.00010725400125805772,4.229174649418447e-05,1.0,0.008498865566792411,0.2863399999999956,417.00135
1834,0.00010714996497182175,4.225471190372119e-05,1.0,0.008516685453803843,0.23755599999998367,417.238906
1835,0.00010704608191617037,4.22178899467843e-05,1.0,0.008537637192609622,0.27035600000004933,417.50926200000004
1836,0.00010694235908634132,4.218221266004661e-05,1.0,0.00851102847599595,0.23614199999997254,417.745404
1837,0.00010683879118531772,4.214613098432145e-05,1.0,0.008535549869402711,0.25820800000002464,418.00361200000003
1838,0.00010673537685345282,4.2110564045827076e-05,1.0,0.008525331087919228,0.23630399999996143,418.239916
1839,0.00010663212565390817,4.207404882719249e-05,1.0,0.008470940762076492,0.23949200000004112,418.47940800000003
1840,0.00010652902998803465,4.203694047643417e-05,1.0,0.008561800523354188,0.2343529999999987,418.71376100000003
1841,0.00010642609076148164,4.200065234693823e-05,1.0,0.008466551153798236,0.263183999999967,418.976945
1842,0.00010632330538192025,4.196445518191603e-05,1.0,0.008543348203240415,0.24260600000002341,419.219551
1843,0.00010622067296257261,4.192665027706296e-05,1.0,0.008500088751454155,0.22916900000001306,419.44872000000004
1844,0.00010611818963563204,4.1889947372827165e-05,1.0,0.00843138178355555,0.23992099999998118,419.688641
1845,0.00010601586294205419,4.185265763580575e-05,1.0,0.008434289681138922,0.2438619999999787,419.932503
1846,0.0001059136874389373,4.181597649314559e-05,1.0,0.008523246678984766,0.229453000000035,420.16195600000003
1847,0.00010581166494800576,4.1777994836386186e-05,1.0,0.008504766631540699,0.2439979999999764,420.405954
1848,0.00010570979375285802,4.1741018260174255e-05,1.0,0.008474220215686923,0.24679300000002513,420.65274700000003
1849,0.00010560807355766774,4.1706095647043186e-05,1.0,0.008573348173937349,0.22405499999996437,420.876802
1850,0.00010550650768984859,4.16682463953644e-05,1.0,0.008413892176583141,0.2444849999999974,421.121287
1851,0.0001054050909411226,4.163523457256085e-05,1.0,0.00847551610575537,0.22960199999999986,421.350889
1852,0.00010530383390347452,4.1599201163448535e-05,1.0,0.008515611862246156,0.2541500000000383,421.60503900000003
1853,0.00010520272565836762,4.156466131005412e-05,1.0,0.008458370591146194,0.30210599999998067,421.907145
1854,0.00010510176933217695,4.1529280418658144e-05,1.0,0.00839697592808207,0.24068799999997736,422.147833
1855,0.00010500096270323403,4.149575661849294e-05,1.0,0.008441748852962052,0.24057200000004286,422.38840500000003
1856,0.0001049003078518155,4.1461008948153086e-05,1.0,0.008450788665139708,0.2353589999999599,422.623764
1857,0.00010479980344250526,4.1425564191405885e-05,1.0,0.008426803173366852,0.2319970000000353,422.85576100000003
1858,0.00010469944595262182,4.1392206871298106e-05,1.0,0.008461118274538224,0.23487899999997808,423.09064
1859,0.00010459924500774321,4.135915403759309e-05,1.0,0.008434165352789933,0.2351929999999811,423.325833
1860,0.00010449920256731854,4.1321964068198604e-05,1.0,0.008477381605156941,0.22773100000000568,423.553564
1861,0.00010439930164673259,4.129027002668765e-05,1.0,0.008439304058788765,0.23130200000002787,423.784866
1862,0.00010429955902751719,4.125425907245112e-05,1.0,0.008458397033013905,0.25078099999996084,424.035647
1863,0.00010419996326017414,4.1219361114611344e-05,1.0,0.008481833067285425,0.23918700000001536,424.274834
1864,0.00010410050981051055,4.118538370882364e-05,1.0,0.008488368320529896,0.28738600000002634,424.56222
1865,0.00010400120736629834,4.115186838137921e-05,1.0,0.008469876940467762,0.25679600000000846,424.81901600000003
1866,0.00010390205458857981,4.111622339768844e-05,1.0,0.008496915004386528,0.2322929999999701,425.051309
1867,0.00010380304696181101,4.108283279871531e-05,1.0,0.008426320710698803,0.29567800000000943,425.346987
1868,0.00010370418858953497,4.104825996174862e-05,1.0,0.008439596250866984,0.28037499999999227,425.627362
1869,0.00010360547527897841,4.1012505759624454e-05,1.0,0.00847764922931264,0.2582390000000032,425.885601
1870,0.00010350690934518,4.097715096989941e-05,1.0,0.008475757633476196,0.30540400000001,426.191005
1871,0.00010340849002091418,4.094243024803005e-05,1.0,0.00846955664955262,0.25158699999997225,426.442592
1872,0.00010331021562952053,4.090858312396864e-05,1.0,0.008463855709042787,0.26838700000001836,426.710979
1873,0.00010321209053519936,4.0872429320127745e-05,1.0,0.008471813391419761,0.24483199999997396,426.955811
1874,0.00010311410548228117,4.083709463385103e-05,1.0,0.008497584243259994,0.2335310000000277,427.189342
1875,0.00010301626747913027,4.08024512211692e-05,1.0,0.008395715958601656,0.2302829999999858,427.419625
1876,0.0001029185777687133,4.076718614351449e-05,1.0,0.008478870859421506,0.24450600000000122,427.664131
1877,0.00010282102703092417,4.073342690950272e-05,1.0,0.008441583114699615,0.23135100000001785,427.895482
1878,0.00010272362149852934,4.069986481299928e-05,1.0,0.008440835925102318,0.23132900000001655,428.12681100000003
1879,0.00010262635905893077,4.066743066138693e-05,1.0,0.00849204879169103,0.24245899999999665,428.36927000000003
1880,0.0001025292450956367,4.063205817617024e-05,1.0,0.008378217861085568,0.2617960000000039,428.63106600000003
1881,0.00010243227258308029,4.059726499440049e-05,1.0,0.008443824925633975,0.24529400000000123,428.87636000000003
1882,0.00010233543905400088,4.0565184158752133e-05,1.0,0.008394614055164722,0.2767449999999485,429.153105
1883,0.00010223875372034001,4.053343766241002e-05,1.0,0.00838438434417692,0.2538640000000214,429.406969
1884,0.00010214221634211085,4.0498645999824743e-05,1.0,0.00840568400854434,0.27739400000001524,429.684363
1885,0.00010204582037523944,4.046527474148265e-05,1.0,0.008401620839943736,0.23196799999999484,429.916331
1886,0.00010194956707690816,4.0430469327959164e-05,1.0,0.008367142806492086,0.26850600000000213,430.184837
1887,0.00010185345225885098,4.03977677430685e-05,1.0,0.008355999548694577,0.23260199999998576,430.417439
1888,0.00010175748065665744,4.0365151189965153e-05,1.0,0.008446574396126649,0.21759900000000698,430.635038
1889,0.00010166164892188927,4.033327477053501e-05,1.0,0.008337528099766456,0.2263709999999719,430.861409
1890,0.00010156596548674498,4.029834994357232e-05,1.0,0.008406247701336907,0.2302310000000034,431.09164
1891,0.00010147041861945902,4.026521134379619e-05,1.0,0.008461189899193516,0.23421799999999848,431.325858
1892,0.00010137500884111802,4.023220059143017e-05,1.0,0.008407078939369957,0.22717099999999846,431.553029
1893,0.00010127974020972979,4.019909543825561e-05,1.0,0.008285031799051441,0.22544700000003104,431.778476
1894,0.00010118461516885627,4.0166580507537725e-05,1.0,0.008322999919863362,0.2135900000000106,431.992066
1895,0.00010108963544271327,4.013327363251397e-05,1.0,0.008332494256396764,0.2229059999999663,432.214972
1896,0.00010099479479097876,4.009920973522143e-05,1.0,0.008328883376093388,0.21801400000003923,432.432986
1897,0.00010090008831468144,4.006615573540949e-05,1.0,0.008303009946186319,0.2238999999999578,432.656886
1898,0.00010080551724017908,4.003390040290888e-05,1.0,0.008326527185780775,0.22831800000000158,432.885204
1899,0.00010071108627265413,4.000127133629524e-05,1.0,0.008347215653774713,0.21755300000000943,433.102757
1900,0.00010061679913200621,3.9967093398539884e-05,1.0,0.00829072561742,0.21745700000002444,433.320214
1901,0.00010052264790785607,3.993488995710156e-05,1.0,0.008334949668978202,0.2276799999999639,433.547894
1902,0.00010042863049132195,3.990230167354849e-05,1.0,0.00835398049241353,0.24589000000003125,433.793784
1903,0.0001003347527953808,3.9870493063581815e-05,1.0,0.008331313187177527,0.23290500000001657,434.02668900000003
1904,0.00010024101687147284,3.983654632256416e-05,1.0,0.008343132448447185,0.2211229999999773,434.247812
1905,0.00010014741144885482,3.980403469584539e-05,1.0,0.008309923838439493,0.21618399999999838,434.463996
1906,0.00010005394311289168,3.977070036027407e-05,1.0,0.008345158958564322,0.2305549999999812,434.694551
1907,9.996061351060439e-05,3.973675416543331e-05,1.0,0.008336677407243425,0.22567700000001878,434.920228
1908,9.986741678410477e-05,3.970656678253356e-05,1.0,0.008304760696838859,0.2230030000000056,435.143231
1909,9.977436075828904e-05,3.967376689202132e-05,1.0,0.008345888993954973,0.21713599999998223,435.360367
1910,9.968143683247604e-05,3.964361065112628e-05,1.0,0.008388924785762716,0.2189650000000256,435.579332
1911,9.958865479863126e-05,3.9610451332133656e-05,1.0,0.008299862104805867,0.2307779999999866,435.81011
1912,9.949600410964379e-05,3.957777061784102e-05,1.0,0.008273969552669794,0.21991500000001452,436.030025
1913,9.940348882405469e-05,3.954489551253226e-05,1.0,0.008276016185530335,0.2257060000000024,436.255731
1914,9.931110803978194e-05,3.951199748425609e-05,1.0,0.008358761670451943,0.21955299999996214,436.475284
1915,9.921886247442751e-05,3.948094970325021e-05,1.0,0.008282741344602688,0.22284500000000662,436.698129
1916,9.912675269041023e-05,3.944846078193488e-05,1.0,0.008248059377743025,0.22113899999999376,436.919268
1917,9.903477462224519e-05,3.9415827960012794e-05,1.0,0.008288440491557787,0.21383900000000722,437.133107
1918,9.894292765823601e-05,3.938460661597798e-05,1.0,0.008300264453493047,0.2297280000000228,437.362835
1919,9.885121882477485e-05,3.9350919108958e-05,1.0,0.00831609575087888,0.21692999999999074,437.579765
1920,9.875964517580309e-05,3.931738924717477e-05,1.0,0.008309964021130248,0.21827200000001312,437.798037
1921,9.866819681522973e-05,3.928356361492424e-05,1.0,0.008302583888794363,0.25072799999998097,438.048765
1922,9.857688473962779e-05,3.925042311969581e-05,1.0,0.008333757033103304,0.21706499999999096,438.26583
1923,9.848570183145815e-05,3.921637684694194e-05,1.0,0.008316695886053523,0.23428100000000995,438.500111
1924,9.83946465972279e-05,3.9183185994881756e-05,1.0,0.00831717148209779,0.2195740000000228,438.719685
1925,9.830372196084755e-05,3.9149551055880574e-05,1.0,0.008258711276417766,0.22766599999999926,438.947351
1926,9.821292584510458e-05,3.9117846935751164e-05,1.0,0.008325214968429832,0.21944799999999987,439.166799
1927,9.812226323240756e-05,3.908592816783711e-05,1.0,0.008288162239974663,0.22635099999996555,439.39315
1928,9.80317334232371e-05,3.905291312378943e-05,1.0,0.008340218225452384,0.22216200000002573,439.615312
1929,9.794133136483268e-05,3.9020350189191314e-05,1.0,0.008246657103821414,0.2169190000000185,439.83223100000004
1930,9.78510564057658e-05,3.899009690627494e-05,1.0,0.008332980293019841,0.23133099999995466,440.063562
1931,9.776091020080566e-05,3.896129812716325e-05,1.0,0.008317043076435939,0.20933400000001257,440.272896
1932,9.76709046529304e-05,3.892839036231854e-05,1.0,0.0083197469540377,0.23112800000001243,440.504024
1933,9.75810225091789e-05,3.889724802825076e-05,1.0,0.008282208250431019,0.2265289999999709,440.730553
1934,9.749126735032376e-05,3.886664349246358e-05,1.0,0.00826695657633112,0.2165200000000027,440.947073
1935,9.740164252506721e-05,3.8837287547620806e-05,1.0,0.00826992909404875,0.22110900000001266,441.168182
1936,9.731214798105519e-05,3.8806239146299146e-05,1.0,0.00825942851179925,0.21555799999998726,441.38374
1937,9.722278474367099e-05,3.8774885787556705e-05,1.0,0.008263104740536358,0.22182700000001887,441.605567
1938,9.713354887403247e-05,3.874432503824499e-05,1.0,0.008344076200437823,0.22530599999998913,441.830873
1939,9.704443946113152e-05,3.871337471405434e-05,1.0,0.008277999158372202,0.2233070000000339,442.05418000000003
1940,9.695546332736971e-05,3.868098577954313e-05,1.0,0.008252812112159544,0.21420599999999013,442.268386
1941,9.686660914489525e-05,3.8649190930975236e-05,1.0,0.008207721264323885,0.22900199999997994,442.497388
1942,9.677787983144868e-05,3.86186826907677e-05,1.0,0.008219152245858627,0.2159040000000232,442.713292
1943,9.668928159454984e-05,3.858745895946008e-05,1.0,0.008241229233432417,0.22341799999998102,442.93671
1944,9.660081262987793e-05,3.855587019588567e-05,1.0,0.008239026060355514,0.2291490000000067,443.165859
1945,9.651246640292488e-05,3.8525451464112217e-05,1.0,0.008234458534521417,0.23805499999997437,443.403914
1946,9.642425192796387e-05,3.8494302115637e-05,1.0,0.00826703033199134,0.23240000000004102,443.636314
1947,9.633616106467534e-05,3.846257020793521e-05,1.0,0.008296523198761166,0.2270340000000033,443.86334800000003
1948,9.624819702906363e-05,3.8430670923583085e-05,1.0,0.008290967933071807,0.21968699999996488,444.083035
1949,9.616035746989185e-05,3.839956061817362e-05,1.0,0.008269916406274946,0.22756600000002436,444.310601
1950,9.607263829631582e-05,3.836921629980566e-05,1.0,0.008269280635988667,0.23192899999997962,444.54253
1951,9.598504941744785e-05,3.833701629767884e-05,1.0,0.008306406004830473,0.2292709999999829,444.771801
1952,9.58975800717055e-05,3.8307025718844654e-05,1.0,0.008174876364455151,0.22220600000002833,444.994007
1953,9.581023646490058e-05,3.827703646269379e-05,1.0,0.008200106704236803,0.2223250000000121,445.216332
1954,9.572301793712087e-05,3.824567075902987e-05,1.0,0.00813284265543081,0.21679699999998547,445.433129
1955,9.56359233010074e-05,3.821578850651903e-05,1.0,0.00827029510189113,0.21955500000001393,445.652684
1956,9.554894894546691e-05,3.8183742339280416e-05,1.0,0.008220940205562932,0.214999999999975,445.867684
1957,9.546210212044618e-05,3.8150733126137494e-05,1.0,0.008160718926401083,0.22181799999998475,446.089502
1958,9.537537243734176e-05,3.81202497869265e-05,1.0,0.008215627669216317,0.23604200000005449,446.32554400000004
1959,9.528876945212891e-05,3.808901974307364e-05,1.0,0.008194529975251446,0.24709799999999404,446.57264200000003
1960,9.52022866535196e-05,3.8059212993118825e-05,1.0,0.008177243304906195,0.2362969999999791,446.808939
1961,9.511592727340137e-05,3.802888219410455e-05,1.0,0.008181499585328857,0.21520600000002332,447.02414500000003
1962,9.5029691362059e-05,3.7998192093177544e-05,1.0,0.008261466942565894,0.22590099999996482,447.250046
1963,9.494357557790358e-05,3.796830678151323e-05,1.0,0.008230799649043424,0.21658400000001166,447.46663
1964,9.485758439671008e-05,3.7937509059710705e-05,1.0,0.008186389235580382,0.22994699999998147,447.696577
1965,9.477171064848084e-05,3.790897044248831e-05,1.0,0.008212543982409733,0.2288520000000176,447.925429
1966,9.468596610661717e-05,3.787678528927551e-05,1.0,0.008182568979018508,0.2156699999999887,448.141099
1967,9.460033786601951e-05,3.784497213144599e-05,1.0,0.00821570921395829,0.22617000000002463,448.367269
1968,9.451482789291713e-05,3.781401786974041e-05,1.0,0.008175720981872362,0.2150350000000003,448.582304
1969,9.442943788520757e-05,3.778456442376587e-05,1.0,0.00820815651794346,0.2201689999999985,448.802473
1970,9.43441708640367e-05,3.775447710402981e-05,1.0,0.008180441441487551,0.21635399999996707,449.018827
1971,9.425902260658771e-05,3.77227243385345e-05,1.0,0.008186340695229218,0.21923900000001595,449.238066
1972,9.41739946702864e-05,3.769172670246232e-05,1.0,0.008113065176117137,0.2285630000000083,449.466629
1973,9.408908274571872e-05,3.7660713264034656e-05,1.0,0.008175068957708148,0.21994000000000824,449.686569
1974,9.400429048248015e-05,3.763078476134526e-05,1.0,0.008099581132293268,0.228683999999987,449.915253
1975,9.391961246201091e-05,3.760247200878939e-05,1.0,0.008140163306151828,0.22142000000002326,450.13667300000003
1976,9.383505911005676e-05,3.757332427484919e-05,1.0,0.008226346635532681,0.22416099999998096,450.360834
1977,9.375062781226188e-05,3.754350981503876e-05,1.0,0.008201936448936662,0.25515699999999697,450.615991
1978,9.366631514374394e-05,3.75124133785516e-05,1.0,0.008205666828347022,0.2157359999999926,450.831727
1979,9.358211450380383e-05,3.74853761225624e-05,1.0,0.008206800092601703,0.22281700000002047,451.054544
1980,9.349804076494827e-05,3.745414074036656e-05,1.0,0.008206455874738262,0.21030400000000782,451.26484800000003
1981,9.341408232660534e-05,3.7422665542752754e-05,1.0,0.008206131439145713,0.2216439999999693,451.486492
1982,9.333023887556988e-05,3.739347830221784e-05,1.0,0.008124019497324084,0.20708700000000135,451.693579
1983,9.324651249133933e-05,3.7364833743766955e-05,1.0,0.008143989107874616,0.2180569999999875,451.911636
1984,9.316290803238733e-05,3.733553795044905e-05,1.0,0.00815910639886773,0.22638399999999592,452.13802
1985,9.307941622405839e-05,3.730690511720961e-05,1.0,0.008159342155820223,0.21529200000003357,452.353312
1986,9.299604645844105e-05,3.7277926802576113e-05,1.0,0.008134980110133529,0.2239720000000034,452.577284
1987,9.291279378567861e-05,3.724788285693619e-05,1.0,0.008142231264825073,0.2250359999999887,452.80232
1988,9.28296534467988e-05,3.721967354679109e-05,1.0,0.008174542909052335,0.22720099999997956,453.029521
1989,9.274663408149542e-05,3.7190342506508826e-05,1.0,0.008087277926381638,0.20848000000000866,453.238001
1990,9.266373102877647e-05,3.715985026891301e-05,1.0,0.008093181271763745,0.23280700000003662,453.47080800000003
1991,9.25809414389654e-05,3.713006611276635e-05,1.0,0.008153342370901671,0.22995499999996127,453.700763
1992,9.249826663336123e-05,3.7099333353907526e-05,1.0,0.00810802460333857,0.22451399999999921,453.925277
1993,9.241570481784301e-05,3.706968376471512e-05,1.0,0.008095407031998483,0.2126480000000015,454.137925
1994,9.233325751471913e-05,3.704177556683963e-05,1.0,0.008228202701060245,0.2179010000000403,454.35582600000004
1995,9.225092497172108e-05,3.701307644417491e-05,1.0,0.008103223810912073,0.21840599999995902,454.574232
1996,9.216870794726479e-05,3.6985411368203545e-05,1.0,0.008058478502092575,0.22227200000003222,454.796504
1997,9.208661045531156e-05,3.695724533516018e-05,1.0,0.008133481137235493,0.21666899999996758,455.013173
1998,9.200462411506308e-05,3.692880156459743e-05,1.0,0.00811260396274378,0.22109499999999116,455.234268
1999,9.192275415026085e-05,3.6900139748080135e-05,1.0,0.008057691104668405,0.21757700000000568,455.451845
